"experiment_file","experiment_path","image","key","key_time","logfile","phase","playtime","setSize","subject_nr","timestamp","waittime"
"MU.osexp","C:\Users\Public\Experiments\IDs\05-WMC\MU","ready1.png","NA","NA","C:/Users/Public/Experiments/IDs/05-WMC/MU/MUsbj093.csv","pre","0","3","93","65357","NA"
"MU.osexp","C:\Users\Public\Experiments\IDs\05-WMC\MU","fixation.png","NA","NA","C:/Users/Public/Experiments/IDs/05-WMC/MU/MUsbj093.csv","fix","1500","3","93","66641","NA"
"MU.osexp","C:\Users\Public\Experiments\IDs\05-WMC\MU","Tr1_study1.png","NA","NA","C:/Users/Public/Experiments/IDs/05-WMC/MU/MUsbj093.csv","study","1000","3","93","68276","69278"
"MU.osexp","C:\Users\Public\Experiments\IDs\05-WMC\MU","Tr1_study2.png","NA","NA","C:/Users/Public/Experiments/IDs/05-WMC/MU/MUsbj093.csv","study","1000","3","93","69621","70622"
"MU.osexp","C:\Users\Public\Experiments\IDs\05-WMC\MU","Tr1_study3.png","NA","NA","C:/Users/Public/Experiments/IDs/05-WMC/MU/MUsbj093.csv","study","1000","3","93","70993","71993"
"MU.osexp","C:\Users\Public\Experiments\IDs\05-WMC\MU","Tr1_update1.png","NA","NA","C:/Users/Public/Experiments/IDs/05-WMC/MU/MUsbj093.csv","update","1300","3","93","72343","73645"
"MU.osexp","C:\Users\Public\Experiments\IDs\05-WMC\MU","Tr1_update2.png","NA","NA","C:/Users/Public/Experiments/IDs/05-WMC/MU/MUsbj093.csv","update","1300","3","93","73998","75300"
"MU.osexp","C:\Users\Public\Experiments\IDs\05-WMC\MU","Tr1_update3.png","NA","NA","C:/Users/Public/Experiments/IDs/05-WMC/MU/MUsbj093.csv","update","1300","3","93","75657","76959"
"MU.osexp","C:\Users\Public\Experiments\IDs\05-WMC\MU","Tr1_test1.png","9","86990","C:/Users/Public/Experiments/IDs/05-WMC/MU/MUsbj093.csv","test","0","3","93","77346","86991"
"MU.osexp","C:\Users\Public\Experiments\IDs\05-WMC\MU","Tr1_test2.png","3","97453","C:/Users/Public/Experiments/IDs/05-WMC/MU/MUsbj093.csv","test","0","3","93","88093","97454"
"MU.osexp","C:\Users\Public\Experiments\IDs\05-WMC\MU","Tr1_test3.png","6","100093","C:/Users/Public/Experiments/IDs/05-WMC/MU/MUsbj093.csv","test","0","3","93","98597","100094"
"MU.osexp","C:\Users\Public\Experiments\IDs\05-WMC\MU","wait.png","6","100093","C:/Users/Public/Experiments/IDs/05-WMC/MU/MUsbj093.csv","wait","5000","3","93","101203","100094"
"MU.osexp","C:\Users\Public\Experiments\IDs\05-WMC\MU","fixation.png","6","100093","C:/Users/Public/Experiments/IDs/05-WMC/MU/MUsbj093.csv","fix","1500","3","93","106303","100094"
"MU.osexp","C:\Users\Public\Experiments\IDs\05-WMC\MU","Tr2_study1.png","6","100093","C:/Users/Public/Experiments/IDs/05-WMC/MU/MUsbj093.csv","study","1000","3","93","107923","108925"
"MU.osexp","C:\Users\Public\Experiments\IDs\05-WMC\MU","Tr2_study2.png","6","100093","C:/Users/Public/Experiments/IDs/05-WMC/MU/MUsbj093.csv","study","1000","3","93","109281","110283"
"MU.osexp","C:\Users\Public\Experiments\IDs\05-WMC\MU","Tr2_study3.png","6","100093","C:/Users/Public/Experiments/IDs/05-WMC/MU/MUsbj093.csv","study","1000","3","93","110626","111628"
"MU.osexp","C:\Users\Public\Experiments\IDs\05-WMC\MU","Tr2_update1.png","6","100093","C:/Users/Public/Experiments/IDs/05-WMC/MU/MUsbj093.csv","update","1300","3","93","111974","113276"
"MU.osexp","C:\Users\Public\Experiments\IDs\05-WMC\MU","Tr2_update2.png","6","100093","C:/Users/Public/Experiments/IDs/05-WMC/MU/MUsbj093.csv","update","1300","3","93","113617","114919"
"MU.osexp","C:\Users\Public\Experiments\IDs\05-WMC\MU","Tr2_update3.png","6","100093","C:/Users/Public/Experiments/IDs/05-WMC/MU/MUsbj093.csv","update","1300","3","93","115282","116584"
"MU.osexp","C:\Users\Public\Experiments\IDs\05-WMC\MU","Tr2_test1.png","4","118445","C:/Users/Public/Experiments/IDs/05-WMC/MU/MUsbj093.csv","test","0","3","93","116953","118446"
"MU.osexp","C:\Users\Public\Experiments\IDs\05-WMC\MU","Tr2_test2.png","6","120470","C:/Users/Public/Experiments/IDs/05-WMC/MU/MUsbj093.csv","test","0","3","93","119544","120471"
"MU.osexp","C:\Users\Public\Experiments\IDs\05-WMC\MU","Tr2_test3.png","1","122270","C:/Users/Public/Experiments/IDs/05-WMC/MU/MUsbj093.csv","test","0","3","93","121583","122271"
"MU.osexp","C:\Users\Public\Experiments\IDs\05-WMC\MU","ready2.png","1","122270","C:/Users/Public/Experiments/IDs/05-WMC/MU/MUsbj093.csv","pre","0","3","93","128048","122271"
"MU.osexp","C:\Users\Public\Experiments\IDs\05-WMC\MU","fixation.png","1","122270","C:/Users/Public/Experiments/IDs/05-WMC/MU/MUsbj093.csv","fix","1500","3","93","128582","122271"
"MU.osexp","C:\Users\Public\Experiments\IDs\05-WMC\MU","Tr3_study1.png","1","122270","C:/Users/Public/Experiments/IDs/05-WMC/MU/MUsbj093.csv","study","1000","3","93","130202","131204"
"MU.osexp","C:\Users\Public\Experiments\IDs\05-WMC\MU","Tr3_study2.png","1","122270","C:/Users/Public/Experiments/IDs/05-WMC/MU/MUsbj093.csv","study","1000","3","93","131548","132550"
"MU.osexp","C:\Users\Public\Experiments\IDs\05-WMC\MU","Tr3_study3.png","1","122270","C:/Users/Public/Experiments/IDs/05-WMC/MU/MUsbj093.csv","study","1000","3","93","132943","133945"
"MU.osexp","C:\Users\Public\Experiments\IDs\05-WMC\MU","Tr3_update1.png","1","122270","C:/Users/Public/Experiments/IDs/05-WMC/MU/MUsbj093.csv","update","1300","3","93","134306","135608"
"MU.osexp","C:\Users\Public\Experiments\IDs\05-WMC\MU","Tr3_update2.png","1","122270","C:/Users/Public/Experiments/IDs/05-WMC/MU/MUsbj093.csv","update","1300","3","93","135988","137290"
"MU.osexp","C:\Users\Public\Experiments\IDs\05-WMC\MU","Tr3_update3.png","1","122270","C:/Users/Public/Experiments/IDs/05-WMC/MU/MUsbj093.csv","update","1300","3","93","137639","138941"
"MU.osexp","C:\Users\Public\Experiments\IDs\05-WMC\MU","Tr3_test1.png","9","142958","C:/Users/Public/Experiments/IDs/05-WMC/MU/MUsbj093.csv","test","0","3","93","139310","142959"
"MU.osexp","C:\Users\Public\Experiments\IDs\05-WMC\MU","Tr3_test2.png","7","146822","C:/Users/Public/Experiments/IDs/05-WMC/MU/MUsbj093.csv","test","0","3","93","144061","146822"
"MU.osexp","C:\Users\Public\Experiments\IDs\05-WMC\MU","Tr3_test3.png","7","148318","C:/Users/Public/Experiments/IDs/05-WMC/MU/MUsbj093.csv","test","0","3","93","148014","148318"
"MU.osexp","C:\Users\Public\Experiments\IDs\05-WMC\MU","wait.png","7","148318","C:/Users/Public/Experiments/IDs/05-WMC/MU/MUsbj093.csv","wait","5000","4","93","149416","148318"
"MU.osexp","C:\Users\Public\Experiments\IDs\05-WMC\MU","fixation.png","7","148318","C:/Users/Public/Experiments/IDs/05-WMC/MU/MUsbj093.csv","fix","1500","4","93","154553","148318"
"MU.osexp","C:\Users\Public\Experiments\IDs\05-WMC\MU","Tr4_study1.png","7","148318","C:/Users/Public/Experiments/IDs/05-WMC/MU/MUsbj093.csv","study","1000","4","93","156202","157205"
"MU.osexp","C:\Users\Public\Experiments\IDs\05-WMC\MU","Tr4_study2.png","7","148318","C:/Users/Public/Experiments/IDs/05-WMC/MU/MUsbj093.csv","study","1000","4","93","157573","158575"
"MU.osexp","C:\Users\Public\Experiments\IDs\05-WMC\MU","Tr4_study3.png","7","148318","C:/Users/Public/Experiments/IDs/05-WMC/MU/MUsbj093.csv","study","1000","4","93","158990","159992"
"MU.osexp","C:\Users\Public\Experiments\IDs\05-WMC\MU","Tr4_study4.png","7","148318","C:/Users/Public/Experiments/IDs/05-WMC/MU/MUsbj093.csv","study","1000","4","93","160320","161322"
"MU.osexp","C:\Users\Public\Experiments\IDs\05-WMC\MU","Tr4_update1.png","7","148318","C:/Users/Public/Experiments/IDs/05-WMC/MU/MUsbj093.csv","update","1300","4","93","161669","162971"
"MU.osexp","C:\Users\Public\Experiments\IDs\05-WMC\MU","Tr4_update2.png","7","148318","C:/Users/Public/Experiments/IDs/05-WMC/MU/MUsbj093.csv","update","1300","4","93","163335","164637"
"MU.osexp","C:\Users\Public\Experiments\IDs\05-WMC\MU","Tr4_update3.png","7","148318","C:/Users/Public/Experiments/IDs/05-WMC/MU/MUsbj093.csv","update","1300","4","93","164989","166291"
"MU.osexp","C:\Users\Public\Experiments\IDs\05-WMC\MU","Tr4_update4.png","7","148318","C:/Users/Public/Experiments/IDs/05-WMC/MU/MUsbj093.csv","update","1300","4","93","166683","167985"
"MU.osexp","C:\Users\Public\Experiments\IDs\05-WMC\MU","Tr4_test1.png","3","171293","C:/Users/Public/Experiments/IDs/05-WMC/MU/MUsbj093.csv","test","0","4","93","168347","171294"
"MU.osexp","C:\Users\Public\Experiments\IDs\05-WMC\MU","Tr4_test2.png","9","175094","C:/Users/Public/Experiments/IDs/05-WMC/MU/MUsbj093.csv","test","0","4","93","172396","175095"
"MU.osexp","C:\Users\Public\Experiments\IDs\05-WMC\MU","Tr4_test3.png","5","179510","C:/Users/Public/Experiments/IDs/05-WMC/MU/MUsbj093.csv","test","0","4","93","176212","179511"
"MU.osexp","C:\Users\Public\Experiments\IDs\05-WMC\MU","Tr4_test4.png","1","181238","C:/Users/Public/Experiments/IDs/05-WMC/MU/MUsbj093.csv","test","0","4","93","180614","181238"
"MU.osexp","C:\Users\Public\Experiments\IDs\05-WMC\MU","wait.png","1","181238","C:/Users/Public/Experiments/IDs/05-WMC/MU/MUsbj093.csv","wait","5000","3","93","182369","181238"
"MU.osexp","C:\Users\Public\Experiments\IDs\05-WMC\MU","fixation.png","1","181238","C:/Users/Public/Experiments/IDs/05-WMC/MU/MUsbj093.csv","fix","1500","3","93","187466","181238"
"MU.osexp","C:\Users\Public\Experiments\IDs\05-WMC\MU","Tr5_study1.png","1","181238","C:/Users/Public/Experiments/IDs/05-WMC/MU/MUsbj093.csv","study","1000","3","93","189093","190095"
"MU.osexp","C:\Users\Public\Experiments\IDs\05-WMC\MU","Tr5_study2.png","1","181238","C:/Users/Public/Experiments/IDs/05-WMC/MU/MUsbj093.csv","study","1000","3","93","190438","191440"
"MU.osexp","C:\Users\Public\Experiments\IDs\05-WMC\MU","Tr5_study3.png","1","181238","C:/Users/Public/Experiments/IDs/05-WMC/MU/MUsbj093.csv","study","1000","3","93","191803","192804"
"MU.osexp","C:\Users\Public\Experiments\IDs\05-WMC\MU","Tr5_update1.png","1","181238","C:/Users/Public/Experiments/IDs/05-WMC/MU/MUsbj093.csv","update","1300","3","93","193207","194509"
"MU.osexp","C:\Users\Public\Experiments\IDs\05-WMC\MU","Tr5_update2.png","1","181238","C:/Users/Public/Experiments/IDs/05-WMC/MU/MUsbj093.csv","update","1300","3","93","194886","196188"
"MU.osexp","C:\Users\Public\Experiments\IDs\05-WMC\MU","Tr5_update3.png","1","181238","C:/Users/Public/Experiments/IDs/05-WMC/MU/MUsbj093.csv","update","1300","3","93","196536","197838"
"MU.osexp","C:\Users\Public\Experiments\IDs\05-WMC\MU","Tr5_update4.png","1","181238","C:/Users/Public/Experiments/IDs/05-WMC/MU/MUsbj093.csv","update","1300","3","93","198331","199634"
"MU.osexp","C:\Users\Public\Experiments\IDs\05-WMC\MU","Tr5_update5.png","1","181238","C:/Users/Public/Experiments/IDs/05-WMC/MU/MUsbj093.csv","update","1300","3","93","199979","201281"
"MU.osexp","C:\Users\Public\Experiments\IDs\05-WMC\MU","Tr5_update6.png","1","181238","C:/Users/Public/Experiments/IDs/05-WMC/MU/MUsbj093.csv","update","1300","3","93","201633","202935"
"MU.osexp","C:\Users\Public\Experiments\IDs\05-WMC\MU","Tr5_test1.png","4","206237","C:/Users/Public/Experiments/IDs/05-WMC/MU/MUsbj093.csv","test","0","3","93","203391","206238"
"MU.osexp","C:\Users\Public\Experiments\IDs\05-WMC\MU","Tr5_test2.png","5","208542","C:/Users/Public/Experiments/IDs/05-WMC/MU/MUsbj093.csv","test","0","3","93","207334","208543"
"MU.osexp","C:\Users\Public\Experiments\IDs\05-WMC\MU","Tr5_test3.png","3","210390","C:/Users/Public/Experiments/IDs/05-WMC/MU/MUsbj093.csv","test","0","3","93","209661","210391"
"MU.osexp","C:\Users\Public\Experiments\IDs\05-WMC\MU","wait.png","3","210390","C:/Users/Public/Experiments/IDs/05-WMC/MU/MUsbj093.csv","wait","5000","4","93","211511","210391"
"MU.osexp","C:\Users\Public\Experiments\IDs\05-WMC\MU","fixation.png","3","210390","C:/Users/Public/Experiments/IDs/05-WMC/MU/MUsbj093.csv","fix","1500","4","93","216600","210391"
"MU.osexp","C:\Users\Public\Experiments\IDs\05-WMC\MU","Tr6_study1.png","3","210390","C:/Users/Public/Experiments/IDs/05-WMC/MU/MUsbj093.csv","study","1000","4","93","218215","219217"
"MU.osexp","C:\Users\Public\Experiments\IDs\05-WMC\MU","Tr6_study2.png","3","210390","C:/Users/Public/Experiments/IDs/05-WMC/MU/MUsbj093.csv","study","1000","4","93","219560","220562"
"MU.osexp","C:\Users\Public\Experiments\IDs\05-WMC\MU","Tr6_study3.png","3","210390","C:/Users/Public/Experiments/IDs/05-WMC/MU/MUsbj093.csv","study","1000","4","93","220913","221914"
"MU.osexp","C:\Users\Public\Experiments\IDs\05-WMC\MU","Tr6_study4.png","3","210390","C:/Users/Public/Experiments/IDs/05-WMC/MU/MUsbj093.csv","study","1000","4","93","222264","223266"
"MU.osexp","C:\Users\Public\Experiments\IDs\05-WMC\MU","Tr6_update1.png","3","210390","C:/Users/Public/Experiments/IDs/05-WMC/MU/MUsbj093.csv","update","1300","4","93","223617","224919"
"MU.osexp","C:\Users\Public\Experiments\IDs\05-WMC\MU","Tr6_update2.png","3","210390","C:/Users/Public/Experiments/IDs/05-WMC/MU/MUsbj093.csv","update","1300","4","93","225262","226563"
"MU.osexp","C:\Users\Public\Experiments\IDs\05-WMC\MU","Tr6_update3.png","3","210390","C:/Users/Public/Experiments/IDs/05-WMC/MU/MUsbj093.csv","update","1300","4","93","226918","228220"
"MU.osexp","C:\Users\Public\Experiments\IDs\05-WMC\MU","Tr6_update4.png","3","210390","C:/Users/Public/Experiments/IDs/05-WMC/MU/MUsbj093.csv","update","1300","4","93","228583","229885"
"MU.osexp","C:\Users\Public\Experiments\IDs\05-WMC\MU","Tr6_update5.png","3","210390","C:/Users/Public/Experiments/IDs/05-WMC/MU/MUsbj093.csv","update","1300","4","93","230269","231571"
"MU.osexp","C:\Users\Public\Experiments\IDs\05-WMC\MU","Tr6_test1.png","2","234678","C:/Users/Public/Experiments/IDs/05-WMC/MU/MUsbj093.csv","test","0","4","93","231917","234678"
"MU.osexp","C:\Users\Public\Experiments\IDs\05-WMC\MU","Tr6_test2.png","3","237173","C:/Users/Public/Experiments/IDs/05-WMC/MU/MUsbj093.csv","test","0","4","93","235773","237174"
"MU.osexp","C:\Users\Public\Experiments\IDs\05-WMC\MU","Tr6_test3.png","6","239005","C:/Users/Public/Experiments/IDs/05-WMC/MU/MUsbj093.csv","test","0","4","93","238280","239006"
"MU.osexp","C:\Users\Public\Experiments\IDs\05-WMC\MU","Tr6_test4.png","8","240381","C:/Users/Public/Experiments/IDs/05-WMC/MU/MUsbj093.csv","test","0","4","93","240111","240382"
"MU.osexp","C:\Users\Public\Experiments\IDs\05-WMC\MU","wait.png","8","240381","C:/Users/Public/Experiments/IDs/05-WMC/MU/MUsbj093.csv","wait","5000","5","93","241480","240382"
"MU.osexp","C:\Users\Public\Experiments\IDs\05-WMC\MU","fixation.png","8","240381","C:/Users/Public/Experiments/IDs/05-WMC/MU/MUsbj093.csv","fix","1500","5","93","246575","240382"
"MU.osexp","C:\Users\Public\Experiments\IDs\05-WMC\MU","Tr7_study1.png","8","240381","C:/Users/Public/Experiments/IDs/05-WMC/MU/MUsbj093.csv","study","1000","5","93","248199","249201"
"MU.osexp","C:\Users\Public\Experiments\IDs\05-WMC\MU","Tr7_study2.png","8","240381","C:/Users/Public/Experiments/IDs/05-WMC/MU/MUsbj093.csv","study","1000","5","93","249544","250546"
"MU.osexp","C:\Users\Public\Experiments\IDs\05-WMC\MU","Tr7_study3.png","8","240381","C:/Users/Public/Experiments/IDs/05-WMC/MU/MUsbj093.csv","study","1000","5","93","250899","251901"
"MU.osexp","C:\Users\Public\Experiments\IDs\05-WMC\MU","Tr7_study4.png","8","240381","C:/Users/Public/Experiments/IDs/05-WMC/MU/MUsbj093.csv","study","1000","5","93","252263","253265"
"MU.osexp","C:\Users\Public\Experiments\IDs\05-WMC\MU","Tr7_study5.png","8","240381","C:/Users/Public/Experiments/IDs/05-WMC/MU/MUsbj093.csv","study","1000","5","93","253760","254762"
"MU.osexp","C:\Users\Public\Experiments\IDs\05-WMC\MU","Tr7_update1.png","8","240381","C:/Users/Public/Experiments/IDs/05-WMC/MU/MUsbj093.csv","update","1300","5","93","255114","256416"
"MU.osexp","C:\Users\Public\Experiments\IDs\05-WMC\MU","Tr7_update2.png","8","240381","C:/Users/Public/Experiments/IDs/05-WMC/MU/MUsbj093.csv","update","1300","5","93","256789","258091"
"MU.osexp","C:\Users\Public\Experiments\IDs\05-WMC\MU","Tr7_update3.png","8","240381","C:/Users/Public/Experiments/IDs/05-WMC/MU/MUsbj093.csv","update","1300","5","93","258460","259762"
"MU.osexp","C:\Users\Public\Experiments\IDs\05-WMC\MU","Tr7_update4.png","8","240381","C:/Users/Public/Experiments/IDs/05-WMC/MU/MUsbj093.csv","update","1300","5","93","260233","261535"
"MU.osexp","C:\Users\Public\Experiments\IDs\05-WMC\MU","Tr7_update5.png","8","240381","C:/Users/Public/Experiments/IDs/05-WMC/MU/MUsbj093.csv","update","1300","5","93","261871","263173"
"MU.osexp","C:\Users\Public\Experiments\IDs\05-WMC\MU","Tr7_test1.png","4","267158","C:/Users/Public/Experiments/IDs/05-WMC/MU/MUsbj093.csv","test","0","5","93","263525","267159"
"MU.osexp","C:\Users\Public\Experiments\IDs\05-WMC\MU","Tr7_test2.png","8","270470","C:/Users/Public/Experiments/IDs/05-WMC/MU/MUsbj093.csv","test","0","5","93","268254","270470"
"MU.osexp","C:\Users\Public\Experiments\IDs\05-WMC\MU","Tr7_test3.png","7","273981","C:/Users/Public/Experiments/IDs/05-WMC/MU/MUsbj093.csv","test","0","5","93","271623","273982"
"MU.osexp","C:\Users\Public\Experiments\IDs\05-WMC\MU","Tr7_test4.png","8","275213","C:/Users/Public/Experiments/IDs/05-WMC/MU/MUsbj093.csv","test","0","5","93","275123","275214"
"MU.osexp","C:\Users\Public\Experiments\IDs\05-WMC\MU","Tr7_test5.png","3","278998","C:/Users/Public/Experiments/IDs/05-WMC/MU/MUsbj093.csv","test","0","5","93","276338","278999"
"MU.osexp","C:\Users\Public\Experiments\IDs\05-WMC\MU","wait.png","3","278998","C:/Users/Public/Experiments/IDs/05-WMC/MU/MUsbj093.csv","wait","5000","4","93","280078","278999"
"MU.osexp","C:\Users\Public\Experiments\IDs\05-WMC\MU","fixation.png","3","278998","C:/Users/Public/Experiments/IDs/05-WMC/MU/MUsbj093.csv","fix","1500","4","93","285186","278999"
"MU.osexp","C:\Users\Public\Experiments\IDs\05-WMC\MU","Tr8_study1.png","3","278998","C:/Users/Public/Experiments/IDs/05-WMC/MU/MUsbj093.csv","study","1000","4","93","286797","287798"
"MU.osexp","C:\Users\Public\Experiments\IDs\05-WMC\MU","Tr8_study2.png","3","278998","C:/Users/Public/Experiments/IDs/05-WMC/MU/MUsbj093.csv","study","1000","4","93","288240","289242"
"MU.osexp","C:\Users\Public\Experiments\IDs\05-WMC\MU","Tr8_study3.png","3","278998","C:/Users/Public/Experiments/IDs/05-WMC/MU/MUsbj093.csv","study","1000","4","93","289614","290616"
"MU.osexp","C:\Users\Public\Experiments\IDs\05-WMC\MU","Tr8_study4.png","3","278998","C:/Users/Public/Experiments/IDs/05-WMC/MU/MUsbj093.csv","study","1000","4","93","290972","291974"
"MU.osexp","C:\Users\Public\Experiments\IDs\05-WMC\MU","Tr8_update1.png","3","278998","C:/Users/Public/Experiments/IDs/05-WMC/MU/MUsbj093.csv","update","1300","4","93","292312","293614"
"MU.osexp","C:\Users\Public\Experiments\IDs\05-WMC\MU","Tr8_update2.png","3","278998","C:/Users/Public/Experiments/IDs/05-WMC/MU/MUsbj093.csv","update","1300","4","93","293993","295295"
"MU.osexp","C:\Users\Public\Experiments\IDs\05-WMC\MU","Tr8_update3.png","3","278998","C:/Users/Public/Experiments/IDs/05-WMC/MU/MUsbj093.csv","update","1300","4","93","295637","296939"
"MU.osexp","C:\Users\Public\Experiments\IDs\05-WMC\MU","Tr8_test1.png","2","300406","C:/Users/Public/Experiments/IDs/05-WMC/MU/MUsbj093.csv","test","0","4","93","297294","300407"
"MU.osexp","C:\Users\Public\Experiments\IDs\05-WMC\MU","Tr8_test2.png","4","302726","C:/Users/Public/Experiments/IDs/05-WMC/MU/MUsbj093.csv","test","0","4","93","301499","302727"
"MU.osexp","C:\Users\Public\Experiments\IDs\05-WMC\MU","Tr8_test3.png","9","304718","C:/Users/Public/Experiments/IDs/05-WMC/MU/MUsbj093.csv","test","0","4","93","303923","304719"
"MU.osexp","C:\Users\Public\Experiments\IDs\05-WMC\MU","Tr8_test4.png","7","306918","C:/Users/Public/Experiments/IDs/05-WMC/MU/MUsbj093.csv","test","0","4","93","305823","306918"
"MU.osexp","C:\Users\Public\Experiments\IDs\05-WMC\MU","wait.png","7","306918","C:/Users/Public/Experiments/IDs/05-WMC/MU/MUsbj093.csv","wait","5000","5","93","308011","306918"
"MU.osexp","C:\Users\Public\Experiments\IDs\05-WMC\MU","fixation.png","7","306918","C:/Users/Public/Experiments/IDs/05-WMC/MU/MUsbj093.csv","fix","1500","5","93","313111","306918"
"MU.osexp","C:\Users\Public\Experiments\IDs\05-WMC\MU","Tr9_study1.png","7","306918","C:/Users/Public/Experiments/IDs/05-WMC/MU/MUsbj093.csv","study","1000","5","93","314744","315746"
"MU.osexp","C:\Users\Public\Experiments\IDs\05-WMC\MU","Tr9_study2.png","7","306918","C:/Users/Public/Experiments/IDs/05-WMC/MU/MUsbj093.csv","study","1000","5","93","316232","317235"
"MU.osexp","C:\Users\Public\Experiments\IDs\05-WMC\MU","Tr9_study3.png","7","306918","C:/Users/Public/Experiments/IDs/05-WMC/MU/MUsbj093.csv","study","1000","5","93","317584","318585"
"MU.osexp","C:\Users\Public\Experiments\IDs\05-WMC\MU","Tr9_study4.png","7","306918","C:/Users/Public/Experiments/IDs/05-WMC/MU/MUsbj093.csv","study","1000","5","93","318941","319943"
"MU.osexp","C:\Users\Public\Experiments\IDs\05-WMC\MU","Tr9_study5.png","7","306918","C:/Users/Public/Experiments/IDs/05-WMC/MU/MUsbj093.csv","study","1000","5","93","320291","321291"
"MU.osexp","C:\Users\Public\Experiments\IDs\05-WMC\MU","Tr9_update1.png","7","306918","C:/Users/Public/Experiments/IDs/05-WMC/MU/MUsbj093.csv","update","1300","5","93","321640","322942"
"MU.osexp","C:\Users\Public\Experiments\IDs\05-WMC\MU","Tr9_update2.png","7","306918","C:/Users/Public/Experiments/IDs/05-WMC/MU/MUsbj093.csv","update","1300","5","93","323298","324600"
"MU.osexp","C:\Users\Public\Experiments\IDs\05-WMC\MU","Tr9_test1.png","4","327077","C:/Users/Public/Experiments/IDs/05-WMC/MU/MUsbj093.csv","test","0","5","93","324960","327078"
"MU.osexp","C:\Users\Public\Experiments\IDs\05-WMC\MU","Tr9_test2.png","1","330294","C:/Users/Public/Experiments/IDs/05-WMC/MU/MUsbj093.csv","test","0","5","93","328213","330295"
"MU.osexp","C:\Users\Public\Experiments\IDs\05-WMC\MU","Tr9_test3.png","4","332654","C:/Users/Public/Experiments/IDs/05-WMC/MU/MUsbj093.csv","test","0","5","93","331541","332655"
"MU.osexp","C:\Users\Public\Experiments\IDs\05-WMC\MU","Tr9_test4.png","6","334542","C:/Users/Public/Experiments/IDs/05-WMC/MU/MUsbj093.csv","test","0","5","93","333797","334543"
"MU.osexp","C:\Users\Public\Experiments\IDs\05-WMC\MU","Tr9_test5.png","9","339790","C:/Users/Public/Experiments/IDs/05-WMC/MU/MUsbj093.csv","test","0","5","93","335696","339790"
"MU.osexp","C:\Users\Public\Experiments\IDs\05-WMC\MU","wait.png","9","339790","C:/Users/Public/Experiments/IDs/05-WMC/MU/MUsbj093.csv","wait","5000","3","93","340902","339790"
"MU.osexp","C:\Users\Public\Experiments\IDs\05-WMC\MU","fixation.png","9","339790","C:/Users/Public/Experiments/IDs/05-WMC/MU/MUsbj093.csv","fix","1500","3","93","346017","339790"
"MU.osexp","C:\Users\Public\Experiments\IDs\05-WMC\MU","Tr10_study1.png","9","339790","C:/Users/Public/Experiments/IDs/05-WMC/MU/MUsbj093.csv","study","1000","3","93","347651","348653"
"MU.osexp","C:\Users\Public\Experiments\IDs\05-WMC\MU","Tr10_study2.png","9","339790","C:/Users/Public/Experiments/IDs/05-WMC/MU/MUsbj093.csv","study","1000","3","93","349032","350034"
"MU.osexp","C:\Users\Public\Experiments\IDs\05-WMC\MU","Tr10_study3.png","9","339790","C:/Users/Public/Experiments/IDs/05-WMC/MU/MUsbj093.csv","study","1000","3","93","350410","351412"
"MU.osexp","C:\Users\Public\Experiments\IDs\05-WMC\MU","Tr10_update1.png","9","339790","C:/Users/Public/Experiments/IDs/05-WMC/MU/MUsbj093.csv","update","1300","3","93","351769","353071"
"MU.osexp","C:\Users\Public\Experiments\IDs\05-WMC\MU","Tr10_update2.png","9","339790","C:/Users/Public/Experiments/IDs/05-WMC/MU/MUsbj093.csv","update","1300","3","93","353450","354752"
"MU.osexp","C:\Users\Public\Experiments\IDs\05-WMC\MU","Tr10_test1.png","5","356894","C:/Users/Public/Experiments/IDs/05-WMC/MU/MUsbj093.csv","test","0","3","93","355109","356894"
"MU.osexp","C:\Users\Public\Experiments\IDs\05-WMC\MU","Tr10_test2.png","2","358958","C:/Users/Public/Experiments/IDs/05-WMC/MU/MUsbj093.csv","test","0","3","93","357995","358958"
"MU.osexp","C:\Users\Public\Experiments\IDs\05-WMC\MU","Tr10_test3.png","5","360326","C:/Users/Public/Experiments/IDs/05-WMC/MU/MUsbj093.csv","test","0","3","93","360071","360326"
"MU.osexp","C:\Users\Public\Experiments\IDs\05-WMC\MU","wait.png","5","360326","C:/Users/Public/Experiments/IDs/05-WMC/MU/MUsbj093.csv","wait","5000","5","93","361437","360326"
"MU.osexp","C:\Users\Public\Experiments\IDs\05-WMC\MU","fixation.png","5","360326","C:/Users/Public/Experiments/IDs/05-WMC/MU/MUsbj093.csv","fix","1500","5","93","366543","360326"
"MU.osexp","C:\Users\Public\Experiments\IDs\05-WMC\MU","Tr11_study1.png","5","360326","C:/Users/Public/Experiments/IDs/05-WMC/MU/MUsbj093.csv","study","1000","5","93","368171","369172"
"MU.osexp","C:\Users\Public\Experiments\IDs\05-WMC\MU","Tr11_study2.png","5","360326","C:/Users/Public/Experiments/IDs/05-WMC/MU/MUsbj093.csv","study","1000","5","93","369519","370521"
"MU.osexp","C:\Users\Public\Experiments\IDs\05-WMC\MU","Tr11_study3.png","5","360326","C:/Users/Public/Experiments/IDs/05-WMC/MU/MUsbj093.csv","study","1000","5","93","370902","371904"
"MU.osexp","C:\Users\Public\Experiments\IDs\05-WMC\MU","Tr11_study4.png","5","360326","C:/Users/Public/Experiments/IDs/05-WMC/MU/MUsbj093.csv","study","1000","5","93","372258","373260"
"MU.osexp","C:\Users\Public\Experiments\IDs\05-WMC\MU","Tr11_study5.png","5","360326","C:/Users/Public/Experiments/IDs/05-WMC/MU/MUsbj093.csv","study","1000","5","93","373617","374618"
"MU.osexp","C:\Users\Public\Experiments\IDs\05-WMC\MU","Tr11_update1.png","5","360326","C:/Users/Public/Experiments/IDs/05-WMC/MU/MUsbj093.csv","update","1300","5","93","374973","376275"
"MU.osexp","C:\Users\Public\Experiments\IDs\05-WMC\MU","Tr11_update2.png","5","360326","C:/Users/Public/Experiments/IDs/05-WMC/MU/MUsbj093.csv","update","1300","5","93","376659","377961"
"MU.osexp","C:\Users\Public\Experiments\IDs\05-WMC\MU","Tr11_update3.png","5","360326","C:/Users/Public/Experiments/IDs/05-WMC/MU/MUsbj093.csv","update","1300","5","93","378309","379611"
"MU.osexp","C:\Users\Public\Experiments\IDs\05-WMC\MU","Tr11_test1.png","1","381318","C:/Users/Public/Experiments/IDs/05-WMC/MU/MUsbj093.csv","test","0","5","93","379992","381319"
"MU.osexp","C:\Users\Public\Experiments\IDs\05-WMC\MU","Tr11_test2.png","2","383166","C:/Users/Public/Experiments/IDs/05-WMC/MU/MUsbj093.csv","test","0","5","93","382412","383167"
"MU.osexp","C:\Users\Public\Experiments\IDs\05-WMC\MU","Tr11_test3.png","8","386486","C:/Users/Public/Experiments/IDs/05-WMC/MU/MUsbj093.csv","test","0","5","93","384285","386487"
"MU.osexp","C:\Users\Public\Experiments\IDs\05-WMC\MU","Tr11_test4.png","6","391574","C:/Users/Public/Experiments/IDs/05-WMC/MU/MUsbj093.csv","test","0","5","93","387569","391575"
"MU.osexp","C:\Users\Public\Experiments\IDs\05-WMC\MU","Tr11_test5.png","7","394750","C:/Users/Public/Experiments/IDs/05-WMC/MU/MUsbj093.csv","test","0","5","93","392666","394750"
"MU.osexp","C:\Users\Public\Experiments\IDs\05-WMC\MU","wait.png","7","394750","C:/Users/Public/Experiments/IDs/05-WMC/MU/MUsbj093.csv","wait","5000","3","93","395865","394750"
"MU.osexp","C:\Users\Public\Experiments\IDs\05-WMC\MU","fixation.png","7","394750","C:/Users/Public/Experiments/IDs/05-WMC/MU/MUsbj093.csv","fix","1500","3","93","400973","394750"
"MU.osexp","C:\Users\Public\Experiments\IDs\05-WMC\MU","Tr12_study1.png","7","394750","C:/Users/Public/Experiments/IDs/05-WMC/MU/MUsbj093.csv","study","1000","3","93","402609","403611"
"MU.osexp","C:\Users\Public\Experiments\IDs\05-WMC\MU","Tr12_study2.png","7","394750","C:/Users/Public/Experiments/IDs/05-WMC/MU/MUsbj093.csv","study","1000","3","93","403958","404960"
"MU.osexp","C:\Users\Public\Experiments\IDs\05-WMC\MU","Tr12_study3.png","7","394750","C:/Users/Public/Experiments/IDs/05-WMC/MU/MUsbj093.csv","study","1000","3","93","405321","406322"
"MU.osexp","C:\Users\Public\Experiments\IDs\05-WMC\MU","Tr12_update1.png","7","394750","C:/Users/Public/Experiments/IDs/05-WMC/MU/MUsbj093.csv","update","1300","3","93","406666","407968"
"MU.osexp","C:\Users\Public\Experiments\IDs\05-WMC\MU","Tr12_update2.png","7","394750","C:/Users/Public/Experiments/IDs/05-WMC/MU/MUsbj093.csv","update","1300","3","93","408317","409619"
"MU.osexp","C:\Users\Public\Experiments\IDs\05-WMC\MU","Tr12_update3.png","7","394750","C:/Users/Public/Experiments/IDs/05-WMC/MU/MUsbj093.csv","update","1300","3","93","409957","411259"
"MU.osexp","C:\Users\Public\Experiments\IDs\05-WMC\MU","Tr12_update4.png","7","394750","C:/Users/Public/Experiments/IDs/05-WMC/MU/MUsbj093.csv","update","1300","3","93","411647","412949"
"MU.osexp","C:\Users\Public\Experiments\IDs\05-WMC\MU","Tr12_update5.png","7","394750","C:/Users/Public/Experiments/IDs/05-WMC/MU/MUsbj093.csv","update","1300","3","93","413303","414605"
"MU.osexp","C:\Users\Public\Experiments\IDs\05-WMC\MU","Tr12_test1.png","4","416614","C:/Users/Public/Experiments/IDs/05-WMC/MU/MUsbj093.csv","test","0","3","93","414982","416615"
"MU.osexp","C:\Users\Public\Experiments\IDs\05-WMC\MU","Tr12_test2.png","9","418462","C:/Users/Public/Experiments/IDs/05-WMC/MU/MUsbj093.csv","test","0","3","93","417712","418463"
"MU.osexp","C:\Users\Public\Experiments\IDs\05-WMC\MU","Tr12_test3.png","4","419870","C:/Users/Public/Experiments/IDs/05-WMC/MU/MUsbj093.csv","test","0","3","93","419556","419871"
"MU.osexp","C:\Users\Public\Experiments\IDs\05-WMC\MU","wait.png","4","419870","C:/Users/Public/Experiments/IDs/05-WMC/MU/MUsbj093.csv","wait","5000","3","93","420965","419871"
"MU.osexp","C:\Users\Public\Experiments\IDs\05-WMC\MU","fixation.png","4","419870","C:/Users/Public/Experiments/IDs/05-WMC/MU/MUsbj093.csv","fix","1500","3","93","426059","419871"
"MU.osexp","C:\Users\Public\Experiments\IDs\05-WMC\MU","Tr13_study1.png","4","419870","C:/Users/Public/Experiments/IDs/05-WMC/MU/MUsbj093.csv","study","1000","3","93","427703","428705"
"MU.osexp","C:\Users\Public\Experiments\IDs\05-WMC\MU","Tr13_study2.png","4","419870","C:/Users/Public/Experiments/IDs/05-WMC/MU/MUsbj093.csv","study","1000","3","93","429039","430041"
"MU.osexp","C:\Users\Public\Experiments\IDs\05-WMC\MU","Tr13_study3.png","4","419870","C:/Users/Public/Experiments/IDs/05-WMC/MU/MUsbj093.csv","study","1000","3","93","430423","431425"
"MU.osexp","C:\Users\Public\Experiments\IDs\05-WMC\MU","Tr13_update1.png","4","419870","C:/Users/Public/Experiments/IDs/05-WMC/MU/MUsbj093.csv","update","1300","3","93","431809","433111"
"MU.osexp","C:\Users\Public\Experiments\IDs\05-WMC\MU","Tr13_update2.png","4","419870","C:/Users/Public/Experiments/IDs/05-WMC/MU/MUsbj093.csv","update","1300","3","93","433627","434929"
"MU.osexp","C:\Users\Public\Experiments\IDs\05-WMC\MU","Tr13_update3.png","4","419870","C:/Users/Public/Experiments/IDs/05-WMC/MU/MUsbj093.csv","update","1300","3","93","435274","436576"
"MU.osexp","C:\Users\Public\Experiments\IDs\05-WMC\MU","Tr13_update4.png","4","419870","C:/Users/Public/Experiments/IDs/05-WMC/MU/MUsbj093.csv","update","1300","3","93","436931","438233"
"MU.osexp","C:\Users\Public\Experiments\IDs\05-WMC\MU","Tr13_test1.png","3","440270","C:/Users/Public/Experiments/IDs/05-WMC/MU/MUsbj093.csv","test","0","3","93","438596","440271"
"MU.osexp","C:\Users\Public\Experiments\IDs\05-WMC\MU","Tr13_test2.png","1","442230","C:/Users/Public/Experiments/IDs/05-WMC/MU/MUsbj093.csv","test","0","3","93","441358","442231"
"MU.osexp","C:\Users\Public\Experiments\IDs\05-WMC\MU","Tr13_test3.png","5","443590","C:/Users/Public/Experiments/IDs/05-WMC/MU/MUsbj093.csv","test","0","3","93","443345","443591"
"MU.osexp","C:\Users\Public\Experiments\IDs\05-WMC\MU","wait.png","5","443590","C:/Users/Public/Experiments/IDs/05-WMC/MU/MUsbj093.csv","wait","5000","5","93","444700","443591"
"MU.osexp","C:\Users\Public\Experiments\IDs\05-WMC\MU","fixation.png","5","443590","C:/Users/Public/Experiments/IDs/05-WMC/MU/MUsbj093.csv","fix","1500","5","93","449873","443591"
"MU.osexp","C:\Users\Public\Experiments\IDs\05-WMC\MU","Tr14_study1.png","5","443590","C:/Users/Public/Experiments/IDs/05-WMC/MU/MUsbj093.csv","study","1000","5","93","451493","452494"
"MU.osexp","C:\Users\Public\Experiments\IDs\05-WMC\MU","Tr14_study2.png","5","443590","C:/Users/Public/Experiments/IDs/05-WMC/MU/MUsbj093.csv","study","1000","5","93","452847","453849"
"MU.osexp","C:\Users\Public\Experiments\IDs\05-WMC\MU","Tr14_study3.png","5","443590","C:/Users/Public/Experiments/IDs/05-WMC/MU/MUsbj093.csv","study","1000","5","93","454221","455222"
"MU.osexp","C:\Users\Public\Experiments\IDs\05-WMC\MU","Tr14_study4.png","5","443590","C:/Users/Public/Experiments/IDs/05-WMC/MU/MUsbj093.csv","study","1000","5","93","455580","456582"
"MU.osexp","C:\Users\Public\Experiments\IDs\05-WMC\MU","Tr14_study5.png","5","443590","C:/Users/Public/Experiments/IDs/05-WMC/MU/MUsbj093.csv","study","1000","5","93","456958","457959"
"MU.osexp","C:\Users\Public\Experiments\IDs\05-WMC\MU","Tr14_update1.png","5","443590","C:/Users/Public/Experiments/IDs/05-WMC/MU/MUsbj093.csv","update","1300","5","93","458318","459620"
"MU.osexp","C:\Users\Public\Experiments\IDs\05-WMC\MU","Tr14_update2.png","5","443590","C:/Users/Public/Experiments/IDs/05-WMC/MU/MUsbj093.csv","update","1300","5","93","459991","461293"
"MU.osexp","C:\Users\Public\Experiments\IDs\05-WMC\MU","Tr14_update3.png","5","443590","C:/Users/Public/Experiments/IDs/05-WMC/MU/MUsbj093.csv","update","1300","5","93","461662","462964"
"MU.osexp","C:\Users\Public\Experiments\IDs\05-WMC\MU","Tr14_update4.png","5","443590","C:/Users/Public/Experiments/IDs/05-WMC/MU/MUsbj093.csv","update","1300","5","93","463333","464635"
"MU.osexp","C:\Users\Public\Experiments\IDs\05-WMC\MU","Tr14_test1.png","8","466926","C:/Users/Public/Experiments/IDs/05-WMC/MU/MUsbj093.csv","test","0","5","93","464968","466926"
"MU.osexp","C:\Users\Public\Experiments\IDs\05-WMC\MU","Tr14_test2.png","4","469078","C:/Users/Public/Experiments/IDs/05-WMC/MU/MUsbj093.csv","test","0","5","93","468178","469079"
"MU.osexp","C:\Users\Public\Experiments\IDs\05-WMC\MU","Tr14_test3.png","7","472030","C:/Users/Public/Experiments/IDs/05-WMC/MU/MUsbj093.csv","test","0","5","93","470194","472031"
"MU.osexp","C:\Users\Public\Experiments\IDs\05-WMC\MU","Tr14_test4.png","5","473398","C:/Users/Public/Experiments/IDs/05-WMC/MU/MUsbj093.csv","test","0","5","93","473130","473399"
"MU.osexp","C:\Users\Public\Experiments\IDs\05-WMC\MU","Tr14_test5.png","4","477790","C:/Users/Public/Experiments/IDs/05-WMC/MU/MUsbj093.csv","test","0","5","93","474488","477791"
"MU.osexp","C:\Users\Public\Experiments\IDs\05-WMC\MU","wait.png","4","477790","C:/Users/Public/Experiments/IDs/05-WMC/MU/MUsbj093.csv","wait","5000","4","93","478886","477791"
"MU.osexp","C:\Users\Public\Experiments\IDs\05-WMC\MU","fixation.png","4","477790","C:/Users/Public/Experiments/IDs/05-WMC/MU/MUsbj093.csv","fix","1500","4","93","483989","477791"
"MU.osexp","C:\Users\Public\Experiments\IDs\05-WMC\MU","Tr15_study1.png","4","477790","C:/Users/Public/Experiments/IDs/05-WMC/MU/MUsbj093.csv","study","1000","4","93","485611","486612"
"MU.osexp","C:\Users\Public\Experiments\IDs\05-WMC\MU","Tr15_study2.png","4","477790","C:/Users/Public/Experiments/IDs/05-WMC/MU/MUsbj093.csv","study","1000","4","93","486965","487967"
"MU.osexp","C:\Users\Public\Experiments\IDs\05-WMC\MU","Tr15_study3.png","4","477790","C:/Users/Public/Experiments/IDs/05-WMC/MU/MUsbj093.csv","study","1000","4","93","488311","489312"
"MU.osexp","C:\Users\Public\Experiments\IDs\05-WMC\MU","Tr15_study4.png","4","477790","C:/Users/Public/Experiments/IDs/05-WMC/MU/MUsbj093.csv","study","1000","4","93","489655","490657"
"MU.osexp","C:\Users\Public\Experiments\IDs\05-WMC\MU","Tr15_update1.png","4","477790","C:/Users/Public/Experiments/IDs/05-WMC/MU/MUsbj093.csv","update","1300","4","93","491024","492326"
"MU.osexp","C:\Users\Public\Experiments\IDs\05-WMC\MU","Tr15_update2.png","4","477790","C:/Users/Public/Experiments/IDs/05-WMC/MU/MUsbj093.csv","update","1300","4","93","492688","493990"
"MU.osexp","C:\Users\Public\Experiments\IDs\05-WMC\MU","Tr15_update3.png","4","477790","C:/Users/Public/Experiments/IDs/05-WMC/MU/MUsbj093.csv","update","1300","4","93","494354","495656"
"MU.osexp","C:\Users\Public\Experiments\IDs\05-WMC\MU","Tr15_update4.png","4","477790","C:/Users/Public/Experiments/IDs/05-WMC/MU/MUsbj093.csv","update","1300","4","93","495994","497296"
"MU.osexp","C:\Users\Public\Experiments\IDs\05-WMC\MU","Tr15_update5.png","4","477790","C:/Users/Public/Experiments/IDs/05-WMC/MU/MUsbj093.csv","update","1300","4","93","497653","498955"
"MU.osexp","C:\Users\Public\Experiments\IDs\05-WMC\MU","Tr15_update6.png","4","477790","C:/Users/Public/Experiments/IDs/05-WMC/MU/MUsbj093.csv","update","1300","4","93","499304","500607"
"MU.osexp","C:\Users\Public\Experiments\IDs\05-WMC\MU","Tr15_test1.png","8","507126","C:/Users/Public/Experiments/IDs/05-WMC/MU/MUsbj093.csv","test","0","4","93","500970","507127"
"MU.osexp","C:\Users\Public\Experiments\IDs\05-WMC\MU","Tr15_test2.png","6","509654","C:/Users/Public/Experiments/IDs/05-WMC/MU/MUsbj093.csv","test","0","4","93","508223","509655"
"MU.osexp","C:\Users\Public\Experiments\IDs\05-WMC\MU","Tr15_test3.png","2","511174","C:/Users/Public/Experiments/IDs/05-WMC/MU/MUsbj093.csv","test","0","4","93","510754","511175"
"MU.osexp","C:\Users\Public\Experiments\IDs\05-WMC\MU","Tr15_test4.png","7","512758","C:/Users/Public/Experiments/IDs/05-WMC/MU/MUsbj093.csv","test","0","4","93","512293","512759"
"MU.osexp","C:\Users\Public\Experiments\IDs\05-WMC\MU","wait.png","7","512758","C:/Users/Public/Experiments/IDs/05-WMC/MU/MUsbj093.csv","wait","5000","4","93","513852","512759"
"MU.osexp","C:\Users\Public\Experiments\IDs\05-WMC\MU","fixation.png","7","512758","C:/Users/Public/Experiments/IDs/05-WMC/MU/MUsbj093.csv","fix","1500","4","93","518952","512759"
"MU.osexp","C:\Users\Public\Experiments\IDs\05-WMC\MU","Tr16_study1.png","7","512758","C:/Users/Public/Experiments/IDs/05-WMC/MU/MUsbj093.csv","study","1000","4","93","520553","521554"
"MU.osexp","C:\Users\Public\Experiments\IDs\05-WMC\MU","Tr16_study2.png","7","512758","C:/Users/Public/Experiments/IDs/05-WMC/MU/MUsbj093.csv","study","1000","4","93","521907","522909"
"MU.osexp","C:\Users\Public\Experiments\IDs\05-WMC\MU","Tr16_study3.png","7","512758","C:/Users/Public/Experiments/IDs/05-WMC/MU/MUsbj093.csv","study","1000","4","93","523263","524264"
"MU.osexp","C:\Users\Public\Experiments\IDs\05-WMC\MU","Tr16_study4.png","7","512758","C:/Users/Public/Experiments/IDs/05-WMC/MU/MUsbj093.csv","study","1000","4","93","524634","525636"
"MU.osexp","C:\Users\Public\Experiments\IDs\05-WMC\MU","Tr16_update1.png","7","512758","C:/Users/Public/Experiments/IDs/05-WMC/MU/MUsbj093.csv","update","1300","4","93","525989","527291"
"MU.osexp","C:\Users\Public\Experiments\IDs\05-WMC\MU","Tr16_update2.png","7","512758","C:/Users/Public/Experiments/IDs/05-WMC/MU/MUsbj093.csv","update","1300","4","93","527637","528939"
"MU.osexp","C:\Users\Public\Experiments\IDs\05-WMC\MU","Tr16_test1.png","4","535966","C:/Users/Public/Experiments/IDs/05-WMC/MU/MUsbj093.csv","test","0","4","93","529321","535966"
"MU.osexp","C:\Users\Public\Experiments\IDs\05-WMC\MU","Tr16_test2.png","7","539062","C:/Users/Public/Experiments/IDs/05-WMC/MU/MUsbj093.csv","test","0","4","93","537095","539063"
"MU.osexp","C:\Users\Public\Experiments\IDs\05-WMC\MU","Tr16_test3.png","8","541470","C:/Users/Public/Experiments/IDs/05-WMC/MU/MUsbj093.csv","test","0","4","93","540205","541471"
"MU.osexp","C:\Users\Public\Experiments\IDs\05-WMC\MU","Tr16_test4.png","6","542774","C:/Users/Public/Experiments/IDs/05-WMC/MU/MUsbj093.csv","test","0","4","93","542561","542775"
"MU.osexp","C:\Users\Public\Experiments\IDs\05-WMC\MU","wait.png","6","542774","C:/Users/Public/Experiments/IDs/05-WMC/MU/MUsbj093.csv","wait","5000","5","93","544010","542775"
"MU.osexp","C:\Users\Public\Experiments\IDs\05-WMC\MU","fixation.png","6","542774","C:/Users/Public/Experiments/IDs/05-WMC/MU/MUsbj093.csv","fix","1500","5","93","549114","542775"
"MU.osexp","C:\Users\Public\Experiments\IDs\05-WMC\MU","Tr17_study1.png","6","542774","C:/Users/Public/Experiments/IDs/05-WMC/MU/MUsbj093.csv","study","1000","5","93","550713","551714"
"MU.osexp","C:\Users\Public\Experiments\IDs\05-WMC\MU","Tr17_study2.png","6","542774","C:/Users/Public/Experiments/IDs/05-WMC/MU/MUsbj093.csv","study","1000","5","93","552078","553080"
"MU.osexp","C:\Users\Public\Experiments\IDs\05-WMC\MU","Tr17_study3.png","6","542774","C:/Users/Public/Experiments/IDs/05-WMC/MU/MUsbj093.csv","study","1000","5","93","553432","554433"
"MU.osexp","C:\Users\Public\Experiments\IDs\05-WMC\MU","Tr17_study4.png","6","542774","C:/Users/Public/Experiments/IDs/05-WMC/MU/MUsbj093.csv","study","1000","5","93","554786","555788"
"MU.osexp","C:\Users\Public\Experiments\IDs\05-WMC\MU","Tr17_study5.png","6","542774","C:/Users/Public/Experiments/IDs/05-WMC/MU/MUsbj093.csv","study","1000","5","93","556154","557155"
"MU.osexp","C:\Users\Public\Experiments\IDs\05-WMC\MU","Tr17_update1.png","6","542774","C:/Users/Public/Experiments/IDs/05-WMC/MU/MUsbj093.csv","update","1300","5","93","557503","558805"
"MU.osexp","C:\Users\Public\Experiments\IDs\05-WMC\MU","Tr17_update2.png","6","542774","C:/Users/Public/Experiments/IDs/05-WMC/MU/MUsbj093.csv","update","1300","5","93","559161","560463"
"MU.osexp","C:\Users\Public\Experiments\IDs\05-WMC\MU","Tr17_update3.png","6","542774","C:/Users/Public/Experiments/IDs/05-WMC/MU/MUsbj093.csv","update","1300","5","93","560814","562116"
"MU.osexp","C:\Users\Public\Experiments\IDs\05-WMC\MU","Tr17_update4.png","6","542774","C:/Users/Public/Experiments/IDs/05-WMC/MU/MUsbj093.csv","update","1300","5","93","562468","563770"
"MU.osexp","C:\Users\Public\Experiments\IDs\05-WMC\MU","Tr17_update5.png","6","542774","C:/Users/Public/Experiments/IDs/05-WMC/MU/MUsbj093.csv","update","1300","5","93","564136","565438"
"MU.osexp","C:\Users\Public\Experiments\IDs\05-WMC\MU","Tr17_update6.png","6","542774","C:/Users/Public/Experiments/IDs/05-WMC/MU/MUsbj093.csv","update","1300","5","93","565805","567107"
"MU.osexp","C:\Users\Public\Experiments\IDs\05-WMC\MU","Tr17_test1.png","5","570654","C:/Users/Public/Experiments/IDs/05-WMC/MU/MUsbj093.csv","test","0","5","93","567452","570654"
"MU.osexp","C:\Users\Public\Experiments\IDs\05-WMC\MU","Tr17_test2.png","8","572302","C:/Users/Public/Experiments/IDs/05-WMC/MU/MUsbj093.csv","test","0","5","93","571740","572302"
"MU.osexp","C:\Users\Public\Experiments\IDs\05-WMC\MU","Tr17_test3.png","2","573598","C:/Users/Public/Experiments/IDs/05-WMC/MU/MUsbj093.csv","test","0","5","93","573400","573599"
"MU.osexp","C:\Users\Public\Experiments\IDs\05-WMC\MU","Tr17_test4.png","4","574862","C:/Users/Public/Experiments/IDs/05-WMC/MU/MUsbj093.csv","test","0","5","93","574703","574863"
"MU.osexp","C:\Users\Public\Experiments\IDs\05-WMC\MU","Tr17_test5.png","6","576030","C:/Users/Public/Experiments/IDs/05-WMC/MU/MUsbj093.csv","test","0","5","93","575971","576031"
