"experiment_file","experiment_path","image","key","key_time","logfile","phase","playtime","setSize","subject_nr","timestamp","waittime"
"MU.osexp","C:\Users\Public\Experiments\SM01\05-WMC\MU","ready1.png","NA","NA","C:/Users/Public/Experiments/SM01/05-WMC/MU/MU_results/MUsbj019.csv","pre","0","3","0","152129","NA"
"MU.osexp","C:\Users\Public\Experiments\SM01\05-WMC\MU","fixation.png","NA","NA","C:/Users/Public/Experiments/SM01/05-WMC/MU/MU_results/MUsbj019.csv","fix","1500","3","0","154363","NA"
"MU.osexp","C:\Users\Public\Experiments\SM01\05-WMC\MU","Tr1_study1.png","NA","NA","C:/Users/Public/Experiments/SM01/05-WMC/MU/MU_results/MUsbj019.csv","study","1000","3","0","155986","156988"
"MU.osexp","C:\Users\Public\Experiments\SM01\05-WMC\MU","Tr1_study2.png","NA","NA","C:/Users/Public/Experiments/SM01/05-WMC/MU/MU_results/MUsbj019.csv","study","1000","3","0","157333","158335"
"MU.osexp","C:\Users\Public\Experiments\SM01\05-WMC\MU","Tr1_study3.png","NA","NA","C:/Users/Public/Experiments/SM01/05-WMC/MU/MU_results/MUsbj019.csv","study","1000","3","0","158692","159694"
"MU.osexp","C:\Users\Public\Experiments\SM01\05-WMC\MU","Tr1_update1.png","NA","NA","C:/Users/Public/Experiments/SM01/05-WMC/MU/MU_results/MUsbj019.csv","update","1300","3","0","160053","161355"
"MU.osexp","C:\Users\Public\Experiments\SM01\05-WMC\MU","Tr1_update2.png","NA","NA","C:/Users/Public/Experiments/SM01/05-WMC/MU/MU_results/MUsbj019.csv","update","1300","3","0","161738","163040"
"MU.osexp","C:\Users\Public\Experiments\SM01\05-WMC\MU","Tr1_update3.png","NA","NA","C:/Users/Public/Experiments/SM01/05-WMC/MU/MU_results/MUsbj019.csv","update","1300","3","0","163391","164693"
"MU.osexp","C:\Users\Public\Experiments\SM01\05-WMC\MU","Tr1_test1.png","3","181341","C:/Users/Public/Experiments/SM01/05-WMC/MU/MU_results/MUsbj019.csv","test","0","3","0","165074","181342"
"MU.osexp","C:\Users\Public\Experiments\SM01\05-WMC\MU","Tr1_test2.png","7","195550","C:/Users/Public/Experiments/SM01/05-WMC/MU/MU_results/MUsbj019.csv","test","0","3","0","182444","195551"
"MU.osexp","C:\Users\Public\Experiments\SM01\05-WMC\MU","Tr1_test3.png","2","206510","C:/Users/Public/Experiments/SM01/05-WMC/MU/MU_results/MUsbj019.csv","test","0","3","0","196660","206511"
"MU.osexp","C:\Users\Public\Experiments\SM01\05-WMC\MU","wait.png","2","206510","C:/Users/Public/Experiments/SM01/05-WMC/MU/MU_results/MUsbj019.csv","wait","5000","3","0","207604","206511"
"MU.osexp","C:\Users\Public\Experiments\SM01\05-WMC\MU","fixation.png","2","206510","C:/Users/Public/Experiments/SM01/05-WMC/MU/MU_results/MUsbj019.csv","fix","1500","3","0","212711","206511"
"MU.osexp","C:\Users\Public\Experiments\SM01\05-WMC\MU","Tr2_study1.png","2","206510","C:/Users/Public/Experiments/SM01/05-WMC/MU/MU_results/MUsbj019.csv","study","1000","3","0","214421","215423"
"MU.osexp","C:\Users\Public\Experiments\SM01\05-WMC\MU","Tr2_study2.png","2","206510","C:/Users/Public/Experiments/SM01/05-WMC/MU/MU_results/MUsbj019.csv","study","1000","3","0","215767","216769"
"MU.osexp","C:\Users\Public\Experiments\SM01\05-WMC\MU","Tr2_study3.png","2","206510","C:/Users/Public/Experiments/SM01/05-WMC/MU/MU_results/MUsbj019.csv","study","1000","3","0","217149","218151"
"MU.osexp","C:\Users\Public\Experiments\SM01\05-WMC\MU","Tr2_update1.png","2","206510","C:/Users/Public/Experiments/SM01/05-WMC/MU/MU_results/MUsbj019.csv","update","1300","3","0","218504","219806"
"MU.osexp","C:\Users\Public\Experiments\SM01\05-WMC\MU","Tr2_update2.png","2","206510","C:/Users/Public/Experiments/SM01/05-WMC/MU/MU_results/MUsbj019.csv","update","1300","3","0","220165","221467"
"MU.osexp","C:\Users\Public\Experiments\SM01\05-WMC\MU","Tr2_update3.png","2","206510","C:/Users/Public/Experiments/SM01/05-WMC/MU/MU_results/MUsbj019.csv","update","1300","3","0","221825","223127"
"MU.osexp","C:\Users\Public\Experiments\SM01\05-WMC\MU","Tr2_test1.png","4","224838","C:/Users/Public/Experiments/SM01/05-WMC/MU/MU_results/MUsbj019.csv","test","0","3","0","223510","224839"
"MU.osexp","C:\Users\Public\Experiments\SM01\05-WMC\MU","Tr2_test2.png","6","227254","C:/Users/Public/Experiments/SM01/05-WMC/MU/MU_results/MUsbj019.csv","test","0","3","0","225966","227255"
"MU.osexp","C:\Users\Public\Experiments\SM01\05-WMC\MU","Tr2_test3.png","1","229070","C:/Users/Public/Experiments/SM01/05-WMC/MU/MU_results/MUsbj019.csv","test","0","3","0","228384","229071"
"MU.osexp","C:\Users\Public\Experiments\SM01\05-WMC\MU","ready2.png","1","229070","C:/Users/Public/Experiments/SM01/05-WMC/MU/MU_results/MUsbj019.csv","pre","0","3","0","247391","229071"
"MU.osexp","C:\Users\Public\Experiments\SM01\05-WMC\MU","fixation.png","1","229070","C:/Users/Public/Experiments/SM01/05-WMC/MU/MU_results/MUsbj019.csv","fix","1500","3","0","250216","229071"
"MU.osexp","C:\Users\Public\Experiments\SM01\05-WMC\MU","Tr3_study1.png","1","229070","C:/Users/Public/Experiments/SM01/05-WMC/MU/MU_results/MUsbj019.csv","study","1000","3","0","251836","252838"
"MU.osexp","C:\Users\Public\Experiments\SM01\05-WMC\MU","Tr3_study2.png","1","229070","C:/Users/Public/Experiments/SM01/05-WMC/MU/MU_results/MUsbj019.csv","study","1000","3","0","253213","254215"
"MU.osexp","C:\Users\Public\Experiments\SM01\05-WMC\MU","Tr3_study3.png","1","229070","C:/Users/Public/Experiments/SM01/05-WMC/MU/MU_results/MUsbj019.csv","study","1000","3","0","254564","255565"
"MU.osexp","C:\Users\Public\Experiments\SM01\05-WMC\MU","Tr3_update1.png","1","229070","C:/Users/Public/Experiments/SM01/05-WMC/MU/MU_results/MUsbj019.csv","update","1300","3","0","255912","257214"
"MU.osexp","C:\Users\Public\Experiments\SM01\05-WMC\MU","Tr3_update2.png","1","229070","C:/Users/Public/Experiments/SM01/05-WMC/MU/MU_results/MUsbj019.csv","update","1300","3","0","257581","258883"
"MU.osexp","C:\Users\Public\Experiments\SM01\05-WMC\MU","Tr3_update3.png","1","229070","C:/Users/Public/Experiments/SM01/05-WMC/MU/MU_results/MUsbj019.csv","update","1300","3","0","259247","260549"
"MU.osexp","C:\Users\Public\Experiments\SM01\05-WMC\MU","Tr3_test1.png","9","264382","C:/Users/Public/Experiments/SM01/05-WMC/MU/MU_results/MUsbj019.csv","test","0","3","0","260921","264383"
"MU.osexp","C:\Users\Public\Experiments\SM01\05-WMC\MU","Tr3_test2.png","7","266382","C:/Users/Public/Experiments/SM01/05-WMC/MU/MU_results/MUsbj019.csv","test","0","3","0","265479","266382"
"MU.osexp","C:\Users\Public\Experiments\SM01\05-WMC\MU","Tr3_test3.png","7","268029","C:/Users/Public/Experiments/SM01/05-WMC/MU/MU_results/MUsbj019.csv","test","0","3","0","267491","268030"
"MU.osexp","C:\Users\Public\Experiments\SM01\05-WMC\MU","wait.png","7","268029","C:/Users/Public/Experiments/SM01/05-WMC/MU/MU_results/MUsbj019.csv","wait","5000","4","0","269135","268030"
"MU.osexp","C:\Users\Public\Experiments\SM01\05-WMC\MU","fixation.png","7","268029","C:/Users/Public/Experiments/SM01/05-WMC/MU/MU_results/MUsbj019.csv","fix","1500","4","0","274261","268030"
"MU.osexp","C:\Users\Public\Experiments\SM01\05-WMC\MU","Tr4_study1.png","7","268029","C:/Users/Public/Experiments/SM01/05-WMC/MU/MU_results/MUsbj019.csv","study","1000","4","0","275940","276942"
"MU.osexp","C:\Users\Public\Experiments\SM01\05-WMC\MU","Tr4_study2.png","7","268029","C:/Users/Public/Experiments/SM01/05-WMC/MU/MU_results/MUsbj019.csv","study","1000","4","0","277293","278295"
"MU.osexp","C:\Users\Public\Experiments\SM01\05-WMC\MU","Tr4_study3.png","7","268029","C:/Users/Public/Experiments/SM01/05-WMC/MU/MU_results/MUsbj019.csv","study","1000","4","0","278675","279677"
"MU.osexp","C:\Users\Public\Experiments\SM01\05-WMC\MU","Tr4_study4.png","7","268029","C:/Users/Public/Experiments/SM01/05-WMC/MU/MU_results/MUsbj019.csv","study","1000","4","0","280029","281031"
"MU.osexp","C:\Users\Public\Experiments\SM01\05-WMC\MU","Tr4_update1.png","7","268029","C:/Users/Public/Experiments/SM01/05-WMC/MU/MU_results/MUsbj019.csv","update","1300","4","0","281399","282701"
"MU.osexp","C:\Users\Public\Experiments\SM01\05-WMC\MU","Tr4_update2.png","7","268029","C:/Users/Public/Experiments/SM01/05-WMC/MU/MU_results/MUsbj019.csv","update","1300","4","0","283050","284352"
"MU.osexp","C:\Users\Public\Experiments\SM01\05-WMC\MU","Tr4_update3.png","7","268029","C:/Users/Public/Experiments/SM01/05-WMC/MU/MU_results/MUsbj019.csv","update","1300","4","0","284715","286017"
"MU.osexp","C:\Users\Public\Experiments\SM01\05-WMC\MU","Tr4_update4.png","7","268029","C:/Users/Public/Experiments/SM01/05-WMC/MU/MU_results/MUsbj019.csv","update","1300","4","0","286390","287693"
"MU.osexp","C:\Users\Public\Experiments\SM01\05-WMC\MU","Tr4_test1.png","3","303301","C:/Users/Public/Experiments/SM01/05-WMC/MU/MU_results/MUsbj019.csv","test","0","4","0","288063","303302"
"MU.osexp","C:\Users\Public\Experiments\SM01\05-WMC\MU","Tr4_test2.png","9","305389","C:/Users/Public/Experiments/SM01/05-WMC/MU/MU_results/MUsbj019.csv","test","0","4","0","304423","305390"
"MU.osexp","C:\Users\Public\Experiments\SM01\05-WMC\MU","Tr4_test3.png","4","307213","C:/Users/Public/Experiments/SM01/05-WMC/MU/MU_results/MUsbj019.csv","test","0","4","0","306492","307214"
"MU.osexp","C:\Users\Public\Experiments\SM01\05-WMC\MU","Tr4_test4.png","3","313054","C:/Users/Public/Experiments/SM01/05-WMC/MU/MU_results/MUsbj019.csv","test","0","4","0","308329","313055"
"MU.osexp","C:\Users\Public\Experiments\SM01\05-WMC\MU","wait.png","3","313054","C:/Users/Public/Experiments/SM01/05-WMC/MU/MU_results/MUsbj019.csv","wait","5000","3","0","314166","313055"
"MU.osexp","C:\Users\Public\Experiments\SM01\05-WMC\MU","fixation.png","3","313054","C:/Users/Public/Experiments/SM01/05-WMC/MU/MU_results/MUsbj019.csv","fix","1500","3","0","319274","313055"
"MU.osexp","C:\Users\Public\Experiments\SM01\05-WMC\MU","Tr5_study1.png","3","313054","C:/Users/Public/Experiments/SM01/05-WMC/MU/MU_results/MUsbj019.csv","study","1000","3","0","320898","321900"
"MU.osexp","C:\Users\Public\Experiments\SM01\05-WMC\MU","Tr5_study2.png","3","313054","C:/Users/Public/Experiments/SM01/05-WMC/MU/MU_results/MUsbj019.csv","study","1000","3","0","322262","323264"
"MU.osexp","C:\Users\Public\Experiments\SM01\05-WMC\MU","Tr5_study3.png","3","313054","C:/Users/Public/Experiments/SM01/05-WMC/MU/MU_results/MUsbj019.csv","study","1000","3","0","323626","324628"
"MU.osexp","C:\Users\Public\Experiments\SM01\05-WMC\MU","Tr5_update1.png","3","313054","C:/Users/Public/Experiments/SM01/05-WMC/MU/MU_results/MUsbj019.csv","update","1300","3","0","324982","326284"
"MU.osexp","C:\Users\Public\Experiments\SM01\05-WMC\MU","Tr5_update2.png","3","313054","C:/Users/Public/Experiments/SM01/05-WMC/MU/MU_results/MUsbj019.csv","update","1300","3","0","326627","327929"
"MU.osexp","C:\Users\Public\Experiments\SM01\05-WMC\MU","Tr5_update3.png","3","313054","C:/Users/Public/Experiments/SM01/05-WMC/MU/MU_results/MUsbj019.csv","update","1300","3","0","328288","329590"
"MU.osexp","C:\Users\Public\Experiments\SM01\05-WMC\MU","Tr5_update4.png","3","313054","C:/Users/Public/Experiments/SM01/05-WMC/MU/MU_results/MUsbj019.csv","update","1300","3","0","329952","331254"
"MU.osexp","C:\Users\Public\Experiments\SM01\05-WMC\MU","Tr5_update5.png","3","313054","C:/Users/Public/Experiments/SM01/05-WMC/MU/MU_results/MUsbj019.csv","update","1300","3","0","331603","332905"
"MU.osexp","C:\Users\Public\Experiments\SM01\05-WMC\MU","Tr5_update6.png","3","313054","C:/Users/Public/Experiments/SM01/05-WMC/MU/MU_results/MUsbj019.csv","update","1300","3","0","333264","334566"
"MU.osexp","C:\Users\Public\Experiments\SM01\05-WMC\MU","Tr5_test1.png","4","340061","C:/Users/Public/Experiments/SM01/05-WMC/MU/MU_results/MUsbj019.csv","test","0","3","0","334931","340062"
"MU.osexp","C:\Users\Public\Experiments\SM01\05-WMC\MU","Tr5_test2.png","5","342165","C:/Users/Public/Experiments/SM01/05-WMC/MU/MU_results/MUsbj019.csv","test","0","3","0","341195","342166"
"MU.osexp","C:\Users\Public\Experiments\SM01\05-WMC\MU","Tr5_test3.png","3","344350","C:/Users/Public/Experiments/SM01/05-WMC/MU/MU_results/MUsbj019.csv","test","0","3","0","343270","344351"
"MU.osexp","C:\Users\Public\Experiments\SM01\05-WMC\MU","wait.png","3","344350","C:/Users/Public/Experiments/SM01/05-WMC/MU/MU_results/MUsbj019.csv","wait","5000","4","0","345461","344351"
"MU.osexp","C:\Users\Public\Experiments\SM01\05-WMC\MU","fixation.png","3","344350","C:/Users/Public/Experiments/SM01/05-WMC/MU/MU_results/MUsbj019.csv","fix","1500","4","0","350564","344351"
"MU.osexp","C:\Users\Public\Experiments\SM01\05-WMC\MU","Tr6_study1.png","3","344350","C:/Users/Public/Experiments/SM01/05-WMC/MU/MU_results/MUsbj019.csv","study","1000","4","0","352148","353150"
"MU.osexp","C:\Users\Public\Experiments\SM01\05-WMC\MU","Tr6_study2.png","3","344350","C:/Users/Public/Experiments/SM01/05-WMC/MU/MU_results/MUsbj019.csv","study","1000","4","0","353528","354530"
"MU.osexp","C:\Users\Public\Experiments\SM01\05-WMC\MU","Tr6_study3.png","3","344350","C:/Users/Public/Experiments/SM01/05-WMC/MU/MU_results/MUsbj019.csv","study","1000","4","0","354886","355888"
"MU.osexp","C:\Users\Public\Experiments\SM01\05-WMC\MU","Tr6_study4.png","3","344350","C:/Users/Public/Experiments/SM01/05-WMC/MU/MU_results/MUsbj019.csv","study","1000","4","0","356262","357264"
"MU.osexp","C:\Users\Public\Experiments\SM01\05-WMC\MU","Tr6_update1.png","3","344350","C:/Users/Public/Experiments/SM01/05-WMC/MU/MU_results/MUsbj019.csv","update","1300","4","0","357614","358916"
"MU.osexp","C:\Users\Public\Experiments\SM01\05-WMC\MU","Tr6_update2.png","3","344350","C:/Users/Public/Experiments/SM01/05-WMC/MU/MU_results/MUsbj019.csv","update","1300","4","0","359302","360604"
"MU.osexp","C:\Users\Public\Experiments\SM01\05-WMC\MU","Tr6_update3.png","3","344350","C:/Users/Public/Experiments/SM01/05-WMC/MU/MU_results/MUsbj019.csv","update","1300","4","0","360975","362277"
"MU.osexp","C:\Users\Public\Experiments\SM01\05-WMC\MU","Tr6_update4.png","3","344350","C:/Users/Public/Experiments/SM01/05-WMC/MU/MU_results/MUsbj019.csv","update","1300","4","0","362613","363915"
"MU.osexp","C:\Users\Public\Experiments\SM01\05-WMC\MU","Tr6_update5.png","3","344350","C:/Users/Public/Experiments/SM01/05-WMC/MU/MU_results/MUsbj019.csv","update","1300","4","0","364280","365582"
"MU.osexp","C:\Users\Public\Experiments\SM01\05-WMC\MU","Tr6_test1.png","5","371150","C:/Users/Public/Experiments/SM01/05-WMC/MU/MU_results/MUsbj019.csv","test","0","4","0","365944","371151"
"MU.osexp","C:\Users\Public\Experiments\SM01\05-WMC\MU","Tr6_test2.png","2","376541","C:/Users/Public/Experiments/SM01/05-WMC/MU/MU_results/MUsbj019.csv","test","0","4","0","372254","376542"
"MU.osexp","C:\Users\Public\Experiments\SM01\05-WMC\MU","Tr6_test3.png","3","378958","C:/Users/Public/Experiments/SM01/05-WMC/MU/MU_results/MUsbj019.csv","test","0","4","0","377628","378959"
"MU.osexp","C:\Users\Public\Experiments\SM01\05-WMC\MU","Tr6_test4.png","6","381166","C:/Users/Public/Experiments/SM01/05-WMC/MU/MU_results/MUsbj019.csv","test","0","4","0","380052","381167"
"MU.osexp","C:\Users\Public\Experiments\SM01\05-WMC\MU","wait.png","6","381166","C:/Users/Public/Experiments/SM01/05-WMC/MU/MU_results/MUsbj019.csv","wait","5000","5","0","382273","381167"
"MU.osexp","C:\Users\Public\Experiments\SM01\05-WMC\MU","fixation.png","6","381166","C:/Users/Public/Experiments/SM01/05-WMC/MU/MU_results/MUsbj019.csv","fix","1500","5","0","387364","381167"
"MU.osexp","C:\Users\Public\Experiments\SM01\05-WMC\MU","Tr7_study1.png","6","381166","C:/Users/Public/Experiments/SM01/05-WMC/MU/MU_results/MUsbj019.csv","study","1000","5","0","388988","389990"
"MU.osexp","C:\Users\Public\Experiments\SM01\05-WMC\MU","Tr7_study2.png","6","381166","C:/Users/Public/Experiments/SM01/05-WMC/MU/MU_results/MUsbj019.csv","study","1000","5","0","390359","391362"
"MU.osexp","C:\Users\Public\Experiments\SM01\05-WMC\MU","Tr7_study3.png","6","381166","C:/Users/Public/Experiments/SM01/05-WMC/MU/MU_results/MUsbj019.csv","study","1000","5","0","391711","392713"
"MU.osexp","C:\Users\Public\Experiments\SM01\05-WMC\MU","Tr7_study4.png","6","381166","C:/Users/Public/Experiments/SM01/05-WMC/MU/MU_results/MUsbj019.csv","study","1000","5","0","393062","394064"
"MU.osexp","C:\Users\Public\Experiments\SM01\05-WMC\MU","Tr7_study5.png","6","381166","C:/Users/Public/Experiments/SM01/05-WMC/MU/MU_results/MUsbj019.csv","study","1000","5","0","394424","395426"
"MU.osexp","C:\Users\Public\Experiments\SM01\05-WMC\MU","Tr7_update1.png","6","381166","C:/Users/Public/Experiments/SM01/05-WMC/MU/MU_results/MUsbj019.csv","update","1300","5","0","395775","397077"
"MU.osexp","C:\Users\Public\Experiments\SM01\05-WMC\MU","Tr7_update2.png","6","381166","C:/Users/Public/Experiments/SM01/05-WMC/MU/MU_results/MUsbj019.csv","update","1300","5","0","397438","398740"
"MU.osexp","C:\Users\Public\Experiments\SM01\05-WMC\MU","Tr7_update3.png","6","381166","C:/Users/Public/Experiments/SM01/05-WMC/MU/MU_results/MUsbj019.csv","update","1300","5","0","399102","400404"
"MU.osexp","C:\Users\Public\Experiments\SM01\05-WMC\MU","Tr7_update4.png","6","381166","C:/Users/Public/Experiments/SM01/05-WMC/MU/MU_results/MUsbj019.csv","update","1300","5","0","400774","402076"
"MU.osexp","C:\Users\Public\Experiments\SM01\05-WMC\MU","Tr7_update5.png","6","381166","C:/Users/Public/Experiments/SM01/05-WMC/MU/MU_results/MUsbj019.csv","update","1300","5","0","402432","403734"
"MU.osexp","C:\Users\Public\Experiments\SM01\05-WMC\MU","Tr7_test1.png","4","407830","C:/Users/Public/Experiments/SM01/05-WMC/MU/MU_results/MUsbj019.csv","test","0","5","0","404124","407831"
"MU.osexp","C:\Users\Public\Experiments\SM01\05-WMC\MU","Tr7_test2.png","2","410069","C:/Users/Public/Experiments/SM01/05-WMC/MU/MU_results/MUsbj019.csv","test","0","5","0","408904","410070"
"MU.osexp","C:\Users\Public\Experiments\SM01\05-WMC\MU","Tr7_test3.png","1","413374","C:/Users/Public/Experiments/SM01/05-WMC/MU/MU_results/MUsbj019.csv","test","0","5","0","411197","413375"
"MU.osexp","C:\Users\Public\Experiments\SM01\05-WMC\MU","Tr7_test4.png","3","417030","C:/Users/Public/Experiments/SM01/05-WMC/MU/MU_results/MUsbj019.csv","test","0","5","0","414509","417031"
"MU.osexp","C:\Users\Public\Experiments\SM01\05-WMC\MU","Tr7_test5.png","2","421942","C:/Users/Public/Experiments/SM01/05-WMC/MU/MU_results/MUsbj019.csv","test","0","5","0","418150","421943"
"MU.osexp","C:\Users\Public\Experiments\SM01\05-WMC\MU","wait.png","2","421942","C:/Users/Public/Experiments/SM01/05-WMC/MU/MU_results/MUsbj019.csv","wait","5000","4","0","423035","421943"
"MU.osexp","C:\Users\Public\Experiments\SM01\05-WMC\MU","fixation.png","2","421942","C:/Users/Public/Experiments/SM01/05-WMC/MU/MU_results/MUsbj019.csv","fix","1500","4","0","428141","421943"
"MU.osexp","C:\Users\Public\Experiments\SM01\05-WMC\MU","Tr8_study1.png","2","421942","C:/Users/Public/Experiments/SM01/05-WMC/MU/MU_results/MUsbj019.csv","study","1000","4","0","429758","430760"
"MU.osexp","C:\Users\Public\Experiments\SM01\05-WMC\MU","Tr8_study2.png","2","421942","C:/Users/Public/Experiments/SM01/05-WMC/MU/MU_results/MUsbj019.csv","study","1000","4","0","431115","432117"
"MU.osexp","C:\Users\Public\Experiments\SM01\05-WMC\MU","Tr8_study3.png","2","421942","C:/Users/Public/Experiments/SM01/05-WMC/MU/MU_results/MUsbj019.csv","study","1000","4","0","432452","433454"
"MU.osexp","C:\Users\Public\Experiments\SM01\05-WMC\MU","Tr8_study4.png","2","421942","C:/Users/Public/Experiments/SM01/05-WMC/MU/MU_results/MUsbj019.csv","study","1000","4","0","433811","434813"
"MU.osexp","C:\Users\Public\Experiments\SM01\05-WMC\MU","Tr8_update1.png","2","421942","C:/Users/Public/Experiments/SM01/05-WMC/MU/MU_results/MUsbj019.csv","update","1300","4","0","435192","436494"
"MU.osexp","C:\Users\Public\Experiments\SM01\05-WMC\MU","Tr8_update2.png","2","421942","C:/Users/Public/Experiments/SM01/05-WMC/MU/MU_results/MUsbj019.csv","update","1300","4","0","436853","438155"
"MU.osexp","C:\Users\Public\Experiments\SM01\05-WMC\MU","Tr8_update3.png","2","421942","C:/Users/Public/Experiments/SM01/05-WMC/MU/MU_results/MUsbj019.csv","update","1300","4","0","438538","439840"
"MU.osexp","C:\Users\Public\Experiments\SM01\05-WMC\MU","Tr8_test1.png","6","443998","C:/Users/Public/Experiments/SM01/05-WMC/MU/MU_results/MUsbj019.csv","test","0","4","0","440189","443998"
"MU.osexp","C:\Users\Public\Experiments\SM01\05-WMC\MU","Tr8_test2.png","8","447037","C:/Users/Public/Experiments/SM01/05-WMC/MU/MU_results/MUsbj019.csv","test","0","4","0","445120","447038"
"MU.osexp","C:\Users\Public\Experiments\SM01\05-WMC\MU","Tr8_test3.png","5","448982","C:/Users/Public/Experiments/SM01/05-WMC/MU/MU_results/MUsbj019.csv","test","0","4","0","448131","448983"
"MU.osexp","C:\Users\Public\Experiments\SM01\05-WMC\MU","Tr8_test4.png","2","453158","C:/Users/Public/Experiments/SM01/05-WMC/MU/MU_results/MUsbj019.csv","test","0","4","0","450169","453159"
"MU.osexp","C:\Users\Public\Experiments\SM01\05-WMC\MU","wait.png","2","453158","C:/Users/Public/Experiments/SM01/05-WMC/MU/MU_results/MUsbj019.csv","wait","5000","5","0","454272","453159"
"MU.osexp","C:\Users\Public\Experiments\SM01\05-WMC\MU","fixation.png","2","453158","C:/Users/Public/Experiments/SM01/05-WMC/MU/MU_results/MUsbj019.csv","fix","1500","5","0","459398","453159"
"MU.osexp","C:\Users\Public\Experiments\SM01\05-WMC\MU","Tr9_study1.png","2","453158","C:/Users/Public/Experiments/SM01/05-WMC/MU/MU_results/MUsbj019.csv","study","1000","5","0","460998","462001"
"MU.osexp","C:\Users\Public\Experiments\SM01\05-WMC\MU","Tr9_study2.png","2","453158","C:/Users/Public/Experiments/SM01/05-WMC/MU/MU_results/MUsbj019.csv","study","1000","5","0","462363","463365"
"MU.osexp","C:\Users\Public\Experiments\SM01\05-WMC\MU","Tr9_study3.png","2","453158","C:/Users/Public/Experiments/SM01/05-WMC/MU/MU_results/MUsbj019.csv","study","1000","5","0","463722","464724"
"MU.osexp","C:\Users\Public\Experiments\SM01\05-WMC\MU","Tr9_study4.png","2","453158","C:/Users/Public/Experiments/SM01/05-WMC/MU/MU_results/MUsbj019.csv","study","1000","5","0","465072","466074"
"MU.osexp","C:\Users\Public\Experiments\SM01\05-WMC\MU","Tr9_study5.png","2","453158","C:/Users/Public/Experiments/SM01/05-WMC/MU/MU_results/MUsbj019.csv","study","1000","5","0","466412","467414"
"MU.osexp","C:\Users\Public\Experiments\SM01\05-WMC\MU","Tr9_update1.png","2","453158","C:/Users/Public/Experiments/SM01/05-WMC/MU/MU_results/MUsbj019.csv","update","1300","5","0","467773","469075"
"MU.osexp","C:\Users\Public\Experiments\SM01\05-WMC\MU","Tr9_update2.png","2","453158","C:/Users/Public/Experiments/SM01/05-WMC/MU/MU_results/MUsbj019.csv","update","1300","5","0","469427","470729"
"MU.osexp","C:\Users\Public\Experiments\SM01\05-WMC\MU","Tr9_test1.png","4","474190","C:/Users/Public/Experiments/SM01/05-WMC/MU/MU_results/MUsbj019.csv","test","0","5","0","471094","474191"
"MU.osexp","C:\Users\Public\Experiments\SM01\05-WMC\MU","Tr9_test2.png","6","478670","C:/Users/Public/Experiments/SM01/05-WMC/MU/MU_results/MUsbj019.csv","test","0","5","0","475302","478671"
"MU.osexp","C:\Users\Public\Experiments\SM01\05-WMC\MU","Tr9_test3.png","1","480573","C:/Users/Public/Experiments/SM01/05-WMC/MU/MU_results/MUsbj019.csv","test","0","5","0","479765","480574"
"MU.osexp","C:\Users\Public\Experiments\SM01\05-WMC\MU","Tr9_test4.png","5","482261","C:/Users/Public/Experiments/SM01/05-WMC/MU/MU_results/MUsbj019.csv","test","0","5","0","481684","482262"
"MU.osexp","C:\Users\Public\Experiments\SM01\05-WMC\MU","Tr9_test5.png","9","484518","C:/Users/Public/Experiments/SM01/05-WMC/MU/MU_results/MUsbj019.csv","test","0","5","0","483372","484519"
"MU.osexp","C:\Users\Public\Experiments\SM01\05-WMC\MU","wait.png","9","484518","C:/Users/Public/Experiments/SM01/05-WMC/MU/MU_results/MUsbj019.csv","wait","5000","3","0","485602","484519"
"MU.osexp","C:\Users\Public\Experiments\SM01\05-WMC\MU","fixation.png","9","484518","C:/Users/Public/Experiments/SM01/05-WMC/MU/MU_results/MUsbj019.csv","fix","1500","3","0","490695","484519"
"MU.osexp","C:\Users\Public\Experiments\SM01\05-WMC\MU","Tr10_study1.png","9","484518","C:/Users/Public/Experiments/SM01/05-WMC/MU/MU_results/MUsbj019.csv","study","1000","3","0","492306","493308"
"MU.osexp","C:\Users\Public\Experiments\SM01\05-WMC\MU","Tr10_study2.png","9","484518","C:/Users/Public/Experiments/SM01/05-WMC/MU/MU_results/MUsbj019.csv","study","1000","3","0","493662","494664"
"MU.osexp","C:\Users\Public\Experiments\SM01\05-WMC\MU","Tr10_study3.png","9","484518","C:/Users/Public/Experiments/SM01/05-WMC/MU/MU_results/MUsbj019.csv","study","1000","3","0","495001","496003"
"MU.osexp","C:\Users\Public\Experiments\SM01\05-WMC\MU","Tr10_update1.png","9","484518","C:/Users/Public/Experiments/SM01/05-WMC/MU/MU_results/MUsbj019.csv","update","1300","3","0","496353","497655"
"MU.osexp","C:\Users\Public\Experiments\SM01\05-WMC\MU","Tr10_update2.png","9","484518","C:/Users/Public/Experiments/SM01/05-WMC/MU/MU_results/MUsbj019.csv","update","1300","3","0","498005","499307"
"MU.osexp","C:\Users\Public\Experiments\SM01\05-WMC\MU","Tr10_test1.png","5","502238","C:/Users/Public/Experiments/SM01/05-WMC/MU/MU_results/MUsbj019.csv","test","0","3","0","499665","502239"
"MU.osexp","C:\Users\Public\Experiments\SM01\05-WMC\MU","Tr10_test2.png","7","504734","C:/Users/Public/Experiments/SM01/05-WMC/MU/MU_results/MUsbj019.csv","test","0","3","0","503362","504735"
"MU.osexp","C:\Users\Public\Experiments\SM01\05-WMC\MU","Tr10_test3.png","5","506702","C:/Users/Public/Experiments/SM01/05-WMC/MU/MU_results/MUsbj019.csv","test","0","3","0","505931","506703"
"MU.osexp","C:\Users\Public\Experiments\SM01\05-WMC\MU","wait.png","5","506702","C:/Users/Public/Experiments/SM01/05-WMC/MU/MU_results/MUsbj019.csv","wait","5000","5","0","507937","506703"
"MU.osexp","C:\Users\Public\Experiments\SM01\05-WMC\MU","fixation.png","5","506702","C:/Users/Public/Experiments/SM01/05-WMC/MU/MU_results/MUsbj019.csv","fix","1500","5","0","513046","506703"
"MU.osexp","C:\Users\Public\Experiments\SM01\05-WMC\MU","Tr11_study1.png","5","506702","C:/Users/Public/Experiments/SM01/05-WMC/MU/MU_results/MUsbj019.csv","study","1000","5","0","514706","515708"
"MU.osexp","C:\Users\Public\Experiments\SM01\05-WMC\MU","Tr11_study2.png","5","506702","C:/Users/Public/Experiments/SM01/05-WMC/MU/MU_results/MUsbj019.csv","study","1000","5","0","516062","517064"
"MU.osexp","C:\Users\Public\Experiments\SM01\05-WMC\MU","Tr11_study3.png","5","506702","C:/Users/Public/Experiments/SM01/05-WMC/MU/MU_results/MUsbj019.csv","study","1000","5","0","517414","518416"
"MU.osexp","C:\Users\Public\Experiments\SM01\05-WMC\MU","Tr11_study4.png","5","506702","C:/Users/Public/Experiments/SM01/05-WMC/MU/MU_results/MUsbj019.csv","study","1000","5","0","518766","519768"
"MU.osexp","C:\Users\Public\Experiments\SM01\05-WMC\MU","Tr11_study5.png","5","506702","C:/Users/Public/Experiments/SM01/05-WMC/MU/MU_results/MUsbj019.csv","study","1000","5","0","520122","521124"
"MU.osexp","C:\Users\Public\Experiments\SM01\05-WMC\MU","Tr11_update1.png","5","506702","C:/Users/Public/Experiments/SM01/05-WMC/MU/MU_results/MUsbj019.csv","update","1300","5","0","521470","522772"
"MU.osexp","C:\Users\Public\Experiments\SM01\05-WMC\MU","Tr11_update2.png","5","506702","C:/Users/Public/Experiments/SM01/05-WMC/MU/MU_results/MUsbj019.csv","update","1300","5","0","523125","524427"
"MU.osexp","C:\Users\Public\Experiments\SM01\05-WMC\MU","Tr11_update3.png","5","506702","C:/Users/Public/Experiments/SM01/05-WMC/MU/MU_results/MUsbj019.csv","update","1300","5","0","524791","526093"
"MU.osexp","C:\Users\Public\Experiments\SM01\05-WMC\MU","Tr11_test1.png","1","530246","C:/Users/Public/Experiments/SM01/05-WMC/MU/MU_results/MUsbj019.csv","test","0","5","0","526448","530247"
"MU.osexp","C:\Users\Public\Experiments\SM01\05-WMC\MU","Tr11_test2.png","2","532190","C:/Users/Public/Experiments/SM01/05-WMC/MU/MU_results/MUsbj019.csv","test","0","5","0","531342","532190"
"MU.osexp","C:\Users\Public\Experiments\SM01\05-WMC\MU","Tr11_test3.png","5","534805","C:/Users/Public/Experiments/SM01/05-WMC/MU/MU_results/MUsbj019.csv","test","0","5","0","533350","534806"
"MU.osexp","C:\Users\Public\Experiments\SM01\05-WMC\MU","Tr11_test4.png","6","536710","C:/Users/Public/Experiments/SM01/05-WMC/MU/MU_results/MUsbj019.csv","test","0","5","0","535903","536711"
"MU.osexp","C:\Users\Public\Experiments\SM01\05-WMC\MU","Tr11_test5.png","7","538606","C:/Users/Public/Experiments/SM01/05-WMC/MU/MU_results/MUsbj019.csv","test","0","5","0","537931","538607"
"MU.osexp","C:\Users\Public\Experiments\SM01\05-WMC\MU","wait.png","7","538606","C:/Users/Public/Experiments/SM01/05-WMC/MU/MU_results/MUsbj019.csv","wait","5000","3","0","539712","538607"
"MU.osexp","C:\Users\Public\Experiments\SM01\05-WMC\MU","fixation.png","7","538606","C:/Users/Public/Experiments/SM01/05-WMC/MU/MU_results/MUsbj019.csv","fix","1500","3","0","544807","538607"
"MU.osexp","C:\Users\Public\Experiments\SM01\05-WMC\MU","Tr12_study1.png","7","538606","C:/Users/Public/Experiments/SM01/05-WMC/MU/MU_results/MUsbj019.csv","study","1000","3","0","546422","547424"
"MU.osexp","C:\Users\Public\Experiments\SM01\05-WMC\MU","Tr12_study2.png","7","538606","C:/Users/Public/Experiments/SM01/05-WMC/MU/MU_results/MUsbj019.csv","study","1000","3","0","547774","548775"
"MU.osexp","C:\Users\Public\Experiments\SM01\05-WMC\MU","Tr12_study3.png","7","538606","C:/Users/Public/Experiments/SM01/05-WMC/MU/MU_results/MUsbj019.csv","study","1000","3","0","549121","550123"
"MU.osexp","C:\Users\Public\Experiments\SM01\05-WMC\MU","Tr12_update1.png","7","538606","C:/Users/Public/Experiments/SM01/05-WMC/MU/MU_results/MUsbj019.csv","update","1300","3","0","550492","551793"
"MU.osexp","C:\Users\Public\Experiments\SM01\05-WMC\MU","Tr12_update2.png","7","538606","C:/Users/Public/Experiments/SM01/05-WMC/MU/MU_results/MUsbj019.csv","update","1300","3","0","552124","553426"
"MU.osexp","C:\Users\Public\Experiments\SM01\05-WMC\MU","Tr12_update3.png","7","538606","C:/Users/Public/Experiments/SM01/05-WMC/MU/MU_results/MUsbj019.csv","update","1300","3","0","553778","555080"
"MU.osexp","C:\Users\Public\Experiments\SM01\05-WMC\MU","Tr12_update4.png","7","538606","C:/Users/Public/Experiments/SM01/05-WMC/MU/MU_results/MUsbj019.csv","update","1300","3","0","555410","556712"
"MU.osexp","C:\Users\Public\Experiments\SM01\05-WMC\MU","Tr12_update5.png","7","538606","C:/Users/Public/Experiments/SM01/05-WMC/MU/MU_results/MUsbj019.csv","update","1300","3","0","557073","558376"
"MU.osexp","C:\Users\Public\Experiments\SM01\05-WMC\MU","Tr12_test1.png","4","560238","C:/Users/Public/Experiments/SM01/05-WMC/MU/MU_results/MUsbj019.csv","test","0","3","0","558724","560239"
"MU.osexp","C:\Users\Public\Experiments\SM01\05-WMC\MU","Tr12_test2.png","9","562390","C:/Users/Public/Experiments/SM01/05-WMC/MU/MU_results/MUsbj019.csv","test","0","3","0","561335","562391"
"MU.osexp","C:\Users\Public\Experiments\SM01\05-WMC\MU","Tr12_test3.png","4","564214","C:/Users/Public/Experiments/SM01/05-WMC/MU/MU_results/MUsbj019.csv","test","0","3","0","563516","564215"
"MU.osexp","C:\Users\Public\Experiments\SM01\05-WMC\MU","wait.png","4","564214","C:/Users/Public/Experiments/SM01/05-WMC/MU/MU_results/MUsbj019.csv","wait","5000","3","0","565334","564215"
"MU.osexp","C:\Users\Public\Experiments\SM01\05-WMC\MU","fixation.png","4","564214","C:/Users/Public/Experiments/SM01/05-WMC/MU/MU_results/MUsbj019.csv","fix","1500","3","0","570451","564215"
"MU.osexp","C:\Users\Public\Experiments\SM01\05-WMC\MU","Tr13_study1.png","4","564214","C:/Users/Public/Experiments/SM01/05-WMC/MU/MU_results/MUsbj019.csv","study","1000","3","0","572086","573088"
"MU.osexp","C:\Users\Public\Experiments\SM01\05-WMC\MU","Tr13_study2.png","4","564214","C:/Users/Public/Experiments/SM01/05-WMC/MU/MU_results/MUsbj019.csv","study","1000","3","0","573433","574435"
"MU.osexp","C:\Users\Public\Experiments\SM01\05-WMC\MU","Tr13_study3.png","4","564214","C:/Users/Public/Experiments/SM01/05-WMC/MU/MU_results/MUsbj019.csv","study","1000","3","0","574822","575824"
"MU.osexp","C:\Users\Public\Experiments\SM01\05-WMC\MU","Tr13_update1.png","4","564214","C:/Users/Public/Experiments/SM01/05-WMC/MU/MU_results/MUsbj019.csv","update","1300","3","0","576194","577496"
"MU.osexp","C:\Users\Public\Experiments\SM01\05-WMC\MU","Tr13_update2.png","4","564214","C:/Users/Public/Experiments/SM01/05-WMC/MU/MU_results/MUsbj019.csv","update","1300","3","0","577841","579143"
"MU.osexp","C:\Users\Public\Experiments\SM01\05-WMC\MU","Tr13_update3.png","4","564214","C:/Users/Public/Experiments/SM01/05-WMC/MU/MU_results/MUsbj019.csv","update","1300","3","0","579490","580792"
"MU.osexp","C:\Users\Public\Experiments\SM01\05-WMC\MU","Tr13_update4.png","4","564214","C:/Users/Public/Experiments/SM01/05-WMC/MU/MU_results/MUsbj019.csv","update","1300","3","0","581144","582446"
"MU.osexp","C:\Users\Public\Experiments\SM01\05-WMC\MU","Tr13_test1.png","3","585870","C:/Users/Public/Experiments/SM01/05-WMC/MU/MU_results/MUsbj019.csv","test","0","3","0","582829","585870"
"MU.osexp","C:\Users\Public\Experiments\SM01\05-WMC\MU","Tr13_test2.png","1","588222","C:/Users/Public/Experiments/SM01/05-WMC/MU/MU_results/MUsbj019.csv","test","0","3","0","587005","588223"
"MU.osexp","C:\Users\Public\Experiments\SM01\05-WMC\MU","Tr13_test3.png","5","590270","C:/Users/Public/Experiments/SM01/05-WMC/MU/MU_results/MUsbj019.csv","test","0","3","0","589316","590271"
"MU.osexp","C:\Users\Public\Experiments\SM01\05-WMC\MU","wait.png","5","590270","C:/Users/Public/Experiments/SM01/05-WMC/MU/MU_results/MUsbj019.csv","wait","5000","5","0","591349","590271"
"MU.osexp","C:\Users\Public\Experiments\SM01\05-WMC\MU","fixation.png","5","590270","C:/Users/Public/Experiments/SM01/05-WMC/MU/MU_results/MUsbj019.csv","fix","1500","5","0","596469","590271"
"MU.osexp","C:\Users\Public\Experiments\SM01\05-WMC\MU","Tr14_study1.png","5","590270","C:/Users/Public/Experiments/SM01/05-WMC/MU/MU_results/MUsbj019.csv","study","1000","5","0","598064","599066"
"MU.osexp","C:\Users\Public\Experiments\SM01\05-WMC\MU","Tr14_study2.png","5","590270","C:/Users/Public/Experiments/SM01/05-WMC/MU/MU_results/MUsbj019.csv","study","1000","5","0","599415","600417"
"MU.osexp","C:\Users\Public\Experiments\SM01\05-WMC\MU","Tr14_study3.png","5","590270","C:/Users/Public/Experiments/SM01/05-WMC/MU/MU_results/MUsbj019.csv","study","1000","5","0","600755","601757"
"MU.osexp","C:\Users\Public\Experiments\SM01\05-WMC\MU","Tr14_study4.png","5","590270","C:/Users/Public/Experiments/SM01/05-WMC/MU/MU_results/MUsbj019.csv","study","1000","5","0","602116","603118"
"MU.osexp","C:\Users\Public\Experiments\SM01\05-WMC\MU","Tr14_study5.png","5","590270","C:/Users/Public/Experiments/SM01/05-WMC/MU/MU_results/MUsbj019.csv","study","1000","5","0","603464","604466"
"MU.osexp","C:\Users\Public\Experiments\SM01\05-WMC\MU","Tr14_update1.png","5","590270","C:/Users/Public/Experiments/SM01/05-WMC/MU/MU_results/MUsbj019.csv","update","1300","5","0","604787","606089"
"MU.osexp","C:\Users\Public\Experiments\SM01\05-WMC\MU","Tr14_update2.png","5","590270","C:/Users/Public/Experiments/SM01/05-WMC/MU/MU_results/MUsbj019.csv","update","1300","5","0","606462","607764"
"MU.osexp","C:\Users\Public\Experiments\SM01\05-WMC\MU","Tr14_update3.png","5","590270","C:/Users/Public/Experiments/SM01/05-WMC/MU/MU_results/MUsbj019.csv","update","1300","5","0","608139","609442"
"MU.osexp","C:\Users\Public\Experiments\SM01\05-WMC\MU","Tr14_update4.png","5","590270","C:/Users/Public/Experiments/SM01/05-WMC/MU/MU_results/MUsbj019.csv","update","1300","5","0","609818","611120"
"MU.osexp","C:\Users\Public\Experiments\SM01\05-WMC\MU","Tr14_test1.png","8","615654","C:/Users/Public/Experiments/SM01/05-WMC/MU/MU_results/MUsbj019.csv","test","0","5","0","611462","615655"
"MU.osexp","C:\Users\Public\Experiments\SM01\05-WMC\MU","Tr14_test2.png","7","617590","C:/Users/Public/Experiments/SM01/05-WMC/MU/MU_results/MUsbj019.csv","test","0","5","0","616766","617591"
"MU.osexp","C:\Users\Public\Experiments\SM01\05-WMC\MU","Tr14_test3.png","3","619470","C:/Users/Public/Experiments/SM01/05-WMC/MU/MU_results/MUsbj019.csv","test","0","5","0","618675","619471"
"MU.osexp","C:\Users\Public\Experiments\SM01\05-WMC\MU","Tr14_test4.png","5","621750","C:/Users/Public/Experiments/SM01/05-WMC/MU/MU_results/MUsbj019.csv","test","0","5","0","620580","621750"
"MU.osexp","C:\Users\Public\Experiments\SM01\05-WMC\MU","Tr14_test5.png","8","623742","C:/Users/Public/Experiments/SM01/05-WMC/MU/MU_results/MUsbj019.csv","test","0","5","0","622864","623743"
"MU.osexp","C:\Users\Public\Experiments\SM01\05-WMC\MU","wait.png","8","623742","C:/Users/Public/Experiments/SM01/05-WMC/MU/MU_results/MUsbj019.csv","wait","5000","4","0","624851","623743"
"MU.osexp","C:\Users\Public\Experiments\SM01\05-WMC\MU","fixation.png","8","623742","C:/Users/Public/Experiments/SM01/05-WMC/MU/MU_results/MUsbj019.csv","fix","1500","4","0","629978","623743"
"MU.osexp","C:\Users\Public\Experiments\SM01\05-WMC\MU","Tr15_study1.png","8","623742","C:/Users/Public/Experiments/SM01/05-WMC/MU/MU_results/MUsbj019.csv","study","1000","4","0","631592","632594"
"MU.osexp","C:\Users\Public\Experiments\SM01\05-WMC\MU","Tr15_study2.png","8","623742","C:/Users/Public/Experiments/SM01/05-WMC/MU/MU_results/MUsbj019.csv","study","1000","4","0","632944","633946"
"MU.osexp","C:\Users\Public\Experiments\SM01\05-WMC\MU","Tr15_study3.png","8","623742","C:/Users/Public/Experiments/SM01/05-WMC/MU/MU_results/MUsbj019.csv","study","1000","4","0","634304","635306"
"MU.osexp","C:\Users\Public\Experiments\SM01\05-WMC\MU","Tr15_study4.png","8","623742","C:/Users/Public/Experiments/SM01/05-WMC/MU/MU_results/MUsbj019.csv","study","1000","4","0","635645","636647"
"MU.osexp","C:\Users\Public\Experiments\SM01\05-WMC\MU","Tr15_update1.png","8","623742","C:/Users/Public/Experiments/SM01/05-WMC/MU/MU_results/MUsbj019.csv","update","1300","4","0","637016","638318"
"MU.osexp","C:\Users\Public\Experiments\SM01\05-WMC\MU","Tr15_update2.png","8","623742","C:/Users/Public/Experiments/SM01/05-WMC/MU/MU_results/MUsbj019.csv","update","1300","4","0","638694","639996"
"MU.osexp","C:\Users\Public\Experiments\SM01\05-WMC\MU","Tr15_update3.png","8","623742","C:/Users/Public/Experiments/SM01/05-WMC/MU/MU_results/MUsbj019.csv","update","1300","4","0","640354","641656"
"MU.osexp","C:\Users\Public\Experiments\SM01\05-WMC\MU","Tr15_update4.png","8","623742","C:/Users/Public/Experiments/SM01/05-WMC/MU/MU_results/MUsbj019.csv","update","1300","4","0","642012","643314"
"MU.osexp","C:\Users\Public\Experiments\SM01\05-WMC\MU","Tr15_update5.png","8","623742","C:/Users/Public/Experiments/SM01/05-WMC/MU/MU_results/MUsbj019.csv","update","1300","4","0","643651","644953"
"MU.osexp","C:\Users\Public\Experiments\SM01\05-WMC\MU","Tr15_update6.png","8","623742","C:/Users/Public/Experiments/SM01/05-WMC/MU/MU_results/MUsbj019.csv","update","1300","4","0","645289","646590"
"MU.osexp","C:\Users\Public\Experiments\SM01\05-WMC\MU","Tr15_test1.png","8","650198","C:/Users/Public/Experiments/SM01/05-WMC/MU/MU_results/MUsbj019.csv","test","0","4","0","646899","650199"
"MU.osexp","C:\Users\Public\Experiments\SM01\05-WMC\MU","Tr15_test2.png","5","653542","C:/Users/Public/Experiments/SM01/05-WMC/MU/MU_results/MUsbj019.csv","test","0","4","0","651266","653543"
"MU.osexp","C:\Users\Public\Experiments\SM01\05-WMC\MU","Tr15_test3.png","8","655678","C:/Users/Public/Experiments/SM01/05-WMC/MU/MU_results/MUsbj019.csv","test","0","4","0","654605","655679"
"MU.osexp","C:\Users\Public\Experiments\SM01\05-WMC\MU","Tr15_test4.png","4","658278","C:/Users/Public/Experiments/SM01/05-WMC/MU/MU_results/MUsbj019.csv","test","0","4","0","656760","658280"
"MU.osexp","C:\Users\Public\Experiments\SM01\05-WMC\MU","wait.png","4","658278","C:/Users/Public/Experiments/SM01/05-WMC/MU/MU_results/MUsbj019.csv","wait","5000","4","0","659343","658280"
"MU.osexp","C:\Users\Public\Experiments\SM01\05-WMC\MU","fixation.png","4","658278","C:/Users/Public/Experiments/SM01/05-WMC/MU/MU_results/MUsbj019.csv","fix","1500","4","0","664427","658280"
"MU.osexp","C:\Users\Public\Experiments\SM01\05-WMC\MU","Tr16_study1.png","4","658278","C:/Users/Public/Experiments/SM01/05-WMC/MU/MU_results/MUsbj019.csv","study","1000","4","0","665999","667001"
"MU.osexp","C:\Users\Public\Experiments\SM01\05-WMC\MU","Tr16_study2.png","4","658278","C:/Users/Public/Experiments/SM01/05-WMC/MU/MU_results/MUsbj019.csv","study","1000","4","0","667346","668348"
"MU.osexp","C:\Users\Public\Experiments\SM01\05-WMC\MU","Tr16_study3.png","4","658278","C:/Users/Public/Experiments/SM01/05-WMC/MU/MU_results/MUsbj019.csv","study","1000","4","0","668699","669701"
"MU.osexp","C:\Users\Public\Experiments\SM01\05-WMC\MU","Tr16_study4.png","4","658278","C:/Users/Public/Experiments/SM01/05-WMC/MU/MU_results/MUsbj019.csv","study","1000","4","0","670059","671061"
"MU.osexp","C:\Users\Public\Experiments\SM01\05-WMC\MU","Tr16_update1.png","4","658278","C:/Users/Public/Experiments/SM01/05-WMC/MU/MU_results/MUsbj019.csv","update","1300","4","0","671441","672743"
"MU.osexp","C:\Users\Public\Experiments\SM01\05-WMC\MU","Tr16_update2.png","4","658278","C:/Users/Public/Experiments/SM01/05-WMC/MU/MU_results/MUsbj019.csv","update","1300","4","0","673110","674412"
"MU.osexp","C:\Users\Public\Experiments\SM01\05-WMC\MU","Tr16_test1.png","8","678254","C:/Users/Public/Experiments/SM01/05-WMC/MU/MU_results/MUsbj019.csv","test","0","4","0","674793","678255"
"MU.osexp","C:\Users\Public\Experiments\SM01\05-WMC\MU","Tr16_test2.png","7","680718","C:/Users/Public/Experiments/SM01/05-WMC/MU/MU_results/MUsbj019.csv","test","0","4","0","679373","680719"
"MU.osexp","C:\Users\Public\Experiments\SM01\05-WMC\MU","Tr16_test3.png","8","682718","C:/Users/Public/Experiments/SM01/05-WMC/MU/MU_results/MUsbj019.csv","test","0","4","0","681802","682719"
"MU.osexp","C:\Users\Public\Experiments\SM01\05-WMC\MU","Tr16_test4.png","6","684630","C:/Users/Public/Experiments/SM01/05-WMC/MU/MU_results/MUsbj019.csv","test","0","4","0","683922","684631"
"MU.osexp","C:\Users\Public\Experiments\SM01\05-WMC\MU","wait.png","6","684630","C:/Users/Public/Experiments/SM01/05-WMC/MU/MU_results/MUsbj019.csv","wait","5000","5","0","685722","684631"
"MU.osexp","C:\Users\Public\Experiments\SM01\05-WMC\MU","fixation.png","6","684630","C:/Users/Public/Experiments/SM01/05-WMC/MU/MU_results/MUsbj019.csv","fix","1500","5","0","690820","684631"
"MU.osexp","C:\Users\Public\Experiments\SM01\05-WMC\MU","Tr17_study1.png","6","684630","C:/Users/Public/Experiments/SM01/05-WMC/MU/MU_results/MUsbj019.csv","study","1000","5","0","692434","693436"
"MU.osexp","C:\Users\Public\Experiments\SM01\05-WMC\MU","Tr17_study2.png","6","684630","C:/Users/Public/Experiments/SM01/05-WMC/MU/MU_results/MUsbj019.csv","study","1000","5","0","693937","694939"
"MU.osexp","C:\Users\Public\Experiments\SM01\05-WMC\MU","Tr17_study3.png","6","684630","C:/Users/Public/Experiments/SM01/05-WMC/MU/MU_results/MUsbj019.csv","study","1000","5","0","695299","696300"
"MU.osexp","C:\Users\Public\Experiments\SM01\05-WMC\MU","Tr17_study4.png","6","684630","C:/Users/Public/Experiments/SM01/05-WMC/MU/MU_results/MUsbj019.csv","study","1000","5","0","696660","697662"
"MU.osexp","C:\Users\Public\Experiments\SM01\05-WMC\MU","Tr17_study5.png","6","684630","C:/Users/Public/Experiments/SM01/05-WMC/MU/MU_results/MUsbj019.csv","study","1000","5","0","698015","699017"
"MU.osexp","C:\Users\Public\Experiments\SM01\05-WMC\MU","Tr17_update1.png","6","684630","C:/Users/Public/Experiments/SM01/05-WMC/MU/MU_results/MUsbj019.csv","update","1300","5","0","699377","700679"
"MU.osexp","C:\Users\Public\Experiments\SM01\05-WMC\MU","Tr17_update2.png","6","684630","C:/Users/Public/Experiments/SM01/05-WMC/MU/MU_results/MUsbj019.csv","update","1300","5","0","701024","702326"
"MU.osexp","C:\Users\Public\Experiments\SM01\05-WMC\MU","Tr17_update3.png","6","684630","C:/Users/Public/Experiments/SM01/05-WMC/MU/MU_results/MUsbj019.csv","update","1300","5","0","702662","703964"
"MU.osexp","C:\Users\Public\Experiments\SM01\05-WMC\MU","Tr17_update4.png","6","684630","C:/Users/Public/Experiments/SM01/05-WMC/MU/MU_results/MUsbj019.csv","update","1300","5","0","704326","705628"
"MU.osexp","C:\Users\Public\Experiments\SM01\05-WMC\MU","Tr17_update5.png","6","684630","C:/Users/Public/Experiments/SM01/05-WMC/MU/MU_results/MUsbj019.csv","update","1300","5","0","705972","707274"
"MU.osexp","C:\Users\Public\Experiments\SM01\05-WMC\MU","Tr17_update6.png","6","684630","C:/Users/Public/Experiments/SM01/05-WMC/MU/MU_results/MUsbj019.csv","update","1300","5","0","707643","708945"
"MU.osexp","C:\Users\Public\Experiments\SM01\05-WMC\MU","Tr17_test1.png","2","716014","C:/Users/Public/Experiments/SM01/05-WMC/MU/MU_results/MUsbj019.csv","test","0","5","0","709300","716015"
"MU.osexp","C:\Users\Public\Experiments\SM01\05-WMC\MU","Tr17_test2.png","1","718486","C:/Users/Public/Experiments/SM01/05-WMC/MU/MU_results/MUsbj019.csv","test","0","5","0","717111","718487"
"MU.osexp","C:\Users\Public\Experiments\SM01\05-WMC\MU","Tr17_test3.png","2","720718","C:/Users/Public/Experiments/SM01/05-WMC/MU/MU_results/MUsbj019.csv","test","0","5","0","719619","720719"
"MU.osexp","C:\Users\Public\Experiments\SM01\05-WMC\MU","Tr17_test4.png","8","722846","C:/Users/Public/Experiments/SM01/05-WMC/MU/MU_results/MUsbj019.csv","test","0","5","0","721833","722847"
"MU.osexp","C:\Users\Public\Experiments\SM01\05-WMC\MU","Tr17_test5.png","9","725254","C:/Users/Public/Experiments/SM01/05-WMC/MU/MU_results/MUsbj019.csv","test","0","5","0","723946","725255"
