"experiment_file","experiment_path","image","key","key_time","logfile","phase","playtime","setSize","subject_nr","timestamp","waittime"
"MU.osexp","C:\Users\Public\Experiments\IDs\05-WMC\MU","ready1.png","NA","NA","C:/Users/Public/Experiments/IDs/05-WMC/MU/MU_SM01_results/MUsbj051.csv","pre","0","3","0","103637","NA"
"MU.osexp","C:\Users\Public\Experiments\IDs\05-WMC\MU","fixation.png","NA","NA","C:/Users/Public/Experiments/IDs/05-WMC/MU/MU_SM01_results/MUsbj051.csv","fix","1500","3","0","107011","NA"
"MU.osexp","C:\Users\Public\Experiments\IDs\05-WMC\MU","Tr1_study1.png","NA","NA","C:/Users/Public/Experiments/IDs/05-WMC/MU/MU_SM01_results/MUsbj051.csv","study","1000","3","0","108696","109696"
"MU.osexp","C:\Users\Public\Experiments\IDs\05-WMC\MU","Tr1_study2.png","NA","NA","C:/Users/Public/Experiments/IDs/05-WMC/MU/MU_SM01_results/MUsbj051.csv","study","1000","3","0","110029","111029"
"MU.osexp","C:\Users\Public\Experiments\IDs\05-WMC\MU","Tr1_study3.png","NA","NA","C:/Users/Public/Experiments/IDs/05-WMC/MU/MU_SM01_results/MUsbj051.csv","study","1000","3","0","111354","112354"
"MU.osexp","C:\Users\Public\Experiments\IDs\05-WMC\MU","Tr1_update1.png","NA","NA","C:/Users/Public/Experiments/IDs/05-WMC/MU/MU_SM01_results/MUsbj051.csv","update","1300","3","0","112688","113988"
"MU.osexp","C:\Users\Public\Experiments\IDs\05-WMC\MU","Tr1_update2.png","NA","NA","C:/Users/Public/Experiments/IDs/05-WMC/MU/MU_SM01_results/MUsbj051.csv","update","1300","3","0","114304","115604"
"MU.osexp","C:\Users\Public\Experiments\IDs\05-WMC\MU","Tr1_update3.png","NA","NA","C:/Users/Public/Experiments/IDs/05-WMC/MU/MU_SM01_results/MUsbj051.csv","update","1300","3","0","115946","117246"
"MU.osexp","C:\Users\Public\Experiments\IDs\05-WMC\MU","Tr1_test1.png","9","123995","C:/Users/Public/Experiments/IDs/05-WMC/MU/MU_SM01_results/MUsbj051.csv","test","0","3","0","117571","123996"
"MU.osexp","C:\Users\Public\Experiments\IDs\05-WMC\MU","Tr1_test2.png","8","127539","C:/Users/Public/Experiments/IDs/05-WMC/MU/MU_SM01_results/MUsbj051.csv","test","0","3","0","125072","127540"
"MU.osexp","C:\Users\Public\Experiments\IDs\05-WMC\MU","Tr1_test3.png","2","131195","C:/Users/Public/Experiments/IDs/05-WMC/MU/MU_SM01_results/MUsbj051.csv","test","0","3","0","128606","131196"
"MU.osexp","C:\Users\Public\Experiments\IDs\05-WMC\MU","wait.png","2","131195","C:/Users/Public/Experiments/IDs/05-WMC/MU/MU_SM01_results/MUsbj051.csv","wait","5000","3","0","132272","131196"
"MU.osexp","C:\Users\Public\Experiments\IDs\05-WMC\MU","fixation.png","2","131195","C:/Users/Public/Experiments/IDs/05-WMC/MU/MU_SM01_results/MUsbj051.csv","fix","1500","3","0","137347","131196"
"MU.osexp","C:\Users\Public\Experiments\IDs\05-WMC\MU","Tr2_study1.png","2","131195","C:/Users/Public/Experiments/IDs/05-WMC/MU/MU_SM01_results/MUsbj051.csv","study","1000","3","0","138922","139922"
"MU.osexp","C:\Users\Public\Experiments\IDs\05-WMC\MU","Tr2_study2.png","2","131195","C:/Users/Public/Experiments/IDs/05-WMC/MU/MU_SM01_results/MUsbj051.csv","study","1000","3","0","140258","141258"
"MU.osexp","C:\Users\Public\Experiments\IDs\05-WMC\MU","Tr2_study3.png","2","131195","C:/Users/Public/Experiments/IDs/05-WMC/MU/MU_SM01_results/MUsbj051.csv","study","1000","3","0","141591","142591"
"MU.osexp","C:\Users\Public\Experiments\IDs\05-WMC\MU","Tr2_update1.png","2","131195","C:/Users/Public/Experiments/IDs/05-WMC/MU/MU_SM01_results/MUsbj051.csv","update","1300","3","0","142933","144233"
"MU.osexp","C:\Users\Public\Experiments\IDs\05-WMC\MU","Tr2_update2.png","2","131195","C:/Users/Public/Experiments/IDs/05-WMC/MU/MU_SM01_results/MUsbj051.csv","update","1300","3","0","144599","145899"
"MU.osexp","C:\Users\Public\Experiments\IDs\05-WMC\MU","Tr2_update3.png","2","131195","C:/Users/Public/Experiments/IDs/05-WMC/MU/MU_SM01_results/MUsbj051.csv","update","1300","3","0","146224","147524"
"MU.osexp","C:\Users\Public\Experiments\IDs\05-WMC\MU","Tr2_test1.png","4","149499","C:/Users/Public/Experiments/IDs/05-WMC/MU/MU_SM01_results/MUsbj051.csv","test","0","3","0","147848","149500"
"MU.osexp","C:\Users\Public\Experiments\IDs\05-WMC\MU","Tr2_test2.png","6","152691","C:/Users/Public/Experiments/IDs/05-WMC/MU/MU_SM01_results/MUsbj051.csv","test","0","3","0","150582","152692"
"MU.osexp","C:\Users\Public\Experiments\IDs\05-WMC\MU","Tr2_test3.png","1","155075","C:/Users/Public/Experiments/IDs/05-WMC/MU/MU_SM01_results/MUsbj051.csv","test","0","3","0","153782","155076"
"MU.osexp","C:\Users\Public\Experiments\IDs\05-WMC\MU","ready2.png","1","155075","C:/Users/Public/Experiments/IDs/05-WMC/MU/MU_SM01_results/MUsbj051.csv","pre","0","3","0","165597","155076"
"MU.osexp","C:\Users\Public\Experiments\IDs\05-WMC\MU","fixation.png","1","155075","C:/Users/Public/Experiments/IDs/05-WMC/MU/MU_SM01_results/MUsbj051.csv","fix","1500","3","0","168729","155076"
"MU.osexp","C:\Users\Public\Experiments\IDs\05-WMC\MU","Tr3_study1.png","1","155075","C:/Users/Public/Experiments/IDs/05-WMC/MU/MU_SM01_results/MUsbj051.csv","study","1000","3","0","170309","171309"
"MU.osexp","C:\Users\Public\Experiments\IDs\05-WMC\MU","Tr3_study2.png","1","155075","C:/Users/Public/Experiments/IDs/05-WMC/MU/MU_SM01_results/MUsbj051.csv","study","1000","3","0","171643","172643"
"MU.osexp","C:\Users\Public\Experiments\IDs\05-WMC\MU","Tr3_study3.png","1","155075","C:/Users/Public/Experiments/IDs/05-WMC/MU/MU_SM01_results/MUsbj051.csv","study","1000","3","0","172959","173959"
"MU.osexp","C:\Users\Public\Experiments\IDs\05-WMC\MU","Tr3_update1.png","1","155075","C:/Users/Public/Experiments/IDs/05-WMC/MU/MU_SM01_results/MUsbj051.csv","update","1300","3","0","174296","175596"
"MU.osexp","C:\Users\Public\Experiments\IDs\05-WMC\MU","Tr3_update2.png","1","155075","C:/Users/Public/Experiments/IDs/05-WMC/MU/MU_SM01_results/MUsbj051.csv","update","1300","3","0","175940","177240"
"MU.osexp","C:\Users\Public\Experiments\IDs\05-WMC\MU","Tr3_update3.png","1","155075","C:/Users/Public/Experiments/IDs/05-WMC/MU/MU_SM01_results/MUsbj051.csv","update","1300","3","0","177573","178873"
"MU.osexp","C:\Users\Public\Experiments\IDs\05-WMC\MU","Tr3_test1.png","9","182155","C:/Users/Public/Experiments/IDs/05-WMC/MU/MU_SM01_results/MUsbj051.csv","test","0","3","0","179206","182156"
"MU.osexp","C:\Users\Public\Experiments\IDs\05-WMC\MU","Tr3_test2.png","7","184907","C:/Users/Public/Experiments/IDs/05-WMC/MU/MU_SM01_results/MUsbj051.csv","test","0","3","0","183281","184908"
"MU.osexp","C:\Users\Public\Experiments\IDs\05-WMC\MU","Tr3_test3.png","7","186731","C:/Users/Public/Experiments/IDs/05-WMC/MU/MU_SM01_results/MUsbj051.csv","test","0","3","0","185986","186732"
"MU.osexp","C:\Users\Public\Experiments\IDs\05-WMC\MU","wait.png","7","186731","C:/Users/Public/Experiments/IDs/05-WMC/MU/MU_SM01_results/MUsbj051.csv","wait","5000","4","0","187807","186732"
"MU.osexp","C:\Users\Public\Experiments\IDs\05-WMC\MU","fixation.png","7","186731","C:/Users/Public/Experiments/IDs/05-WMC/MU/MU_SM01_results/MUsbj051.csv","fix","1500","4","0","192882","186732"
"MU.osexp","C:\Users\Public\Experiments\IDs\05-WMC\MU","Tr4_study1.png","7","186731","C:/Users/Public/Experiments/IDs/05-WMC/MU/MU_SM01_results/MUsbj051.csv","study","1000","4","0","194458","195458"
"MU.osexp","C:\Users\Public\Experiments\IDs\05-WMC\MU","Tr4_study2.png","7","186731","C:/Users/Public/Experiments/IDs/05-WMC/MU/MU_SM01_results/MUsbj051.csv","study","1000","4","0","195800","196800"
"MU.osexp","C:\Users\Public\Experiments\IDs\05-WMC\MU","Tr4_study3.png","7","186731","C:/Users/Public/Experiments/IDs/05-WMC/MU/MU_SM01_results/MUsbj051.csv","study","1000","4","0","197126","198126"
"MU.osexp","C:\Users\Public\Experiments\IDs\05-WMC\MU","Tr4_study4.png","7","186731","C:/Users/Public/Experiments/IDs/05-WMC/MU/MU_SM01_results/MUsbj051.csv","study","1000","4","0","198462","199462"
"MU.osexp","C:\Users\Public\Experiments\IDs\05-WMC\MU","Tr4_update1.png","7","186731","C:/Users/Public/Experiments/IDs/05-WMC/MU/MU_SM01_results/MUsbj051.csv","update","1300","4","0","199795","201095"
"MU.osexp","C:\Users\Public\Experiments\IDs\05-WMC\MU","Tr4_update2.png","7","186731","C:/Users/Public/Experiments/IDs/05-WMC/MU/MU_SM01_results/MUsbj051.csv","update","1300","4","0","201438","202738"
"MU.osexp","C:\Users\Public\Experiments\IDs\05-WMC\MU","Tr4_update3.png","7","186731","C:/Users/Public/Experiments/IDs/05-WMC/MU/MU_SM01_results/MUsbj051.csv","update","1300","4","0","203071","204371"
"MU.osexp","C:\Users\Public\Experiments\IDs\05-WMC\MU","Tr4_update4.png","7","186731","C:/Users/Public/Experiments/IDs/05-WMC/MU/MU_SM01_results/MUsbj051.csv","update","1300","4","0","204704","206004"
"MU.osexp","C:\Users\Public\Experiments\IDs\05-WMC\MU","Tr4_test1.png","3","208819","C:/Users/Public/Experiments/IDs/05-WMC/MU/MU_SM01_results/MUsbj051.csv","test","0","4","0","206337","208820"
"MU.osexp","C:\Users\Public\Experiments\IDs\05-WMC\MU","Tr4_test2.png","9","211060","C:/Users/Public/Experiments/IDs/05-WMC/MU/MU_SM01_results/MUsbj051.csv","test","0","4","0","209897","211061"
"MU.osexp","C:\Users\Public\Experiments\IDs\05-WMC\MU","Tr4_test3.png","1","213947","C:/Users/Public/Experiments/IDs/05-WMC/MU/MU_SM01_results/MUsbj051.csv","test","0","4","0","212121","213948"
"MU.osexp","C:\Users\Public\Experiments\IDs\05-WMC\MU","Tr4_test4.png","7","215995","C:/Users/Public/Experiments/IDs/05-WMC/MU/MU_SM01_results/MUsbj051.csv","test","0","4","0","215030","215996"
"MU.osexp","C:\Users\Public\Experiments\IDs\05-WMC\MU","wait.png","7","215995","C:/Users/Public/Experiments/IDs/05-WMC/MU/MU_SM01_results/MUsbj051.csv","wait","5000","3","0","217062","215996"
"MU.osexp","C:\Users\Public\Experiments\IDs\05-WMC\MU","fixation.png","7","215995","C:/Users/Public/Experiments/IDs/05-WMC/MU/MU_SM01_results/MUsbj051.csv","fix","1500","3","0","222138","215996"
"MU.osexp","C:\Users\Public\Experiments\IDs\05-WMC\MU","Tr5_study1.png","7","215995","C:/Users/Public/Experiments/IDs/05-WMC/MU/MU_SM01_results/MUsbj051.csv","study","1000","3","0","223714","224714"
"MU.osexp","C:\Users\Public\Experiments\IDs\05-WMC\MU","Tr5_study2.png","7","215995","C:/Users/Public/Experiments/IDs/05-WMC/MU/MU_SM01_results/MUsbj051.csv","study","1000","3","0","225030","226031"
"MU.osexp","C:\Users\Public\Experiments\IDs\05-WMC\MU","Tr5_study3.png","7","215995","C:/Users/Public/Experiments/IDs/05-WMC/MU/MU_SM01_results/MUsbj051.csv","study","1000","3","0","226480","227480"
"MU.osexp","C:\Users\Public\Experiments\IDs\05-WMC\MU","Tr5_update1.png","7","215995","C:/Users/Public/Experiments/IDs/05-WMC/MU/MU_SM01_results/MUsbj051.csv","update","1300","3","0","227935","229235"
"MU.osexp","C:\Users\Public\Experiments\IDs\05-WMC\MU","Tr5_update2.png","7","215995","C:/Users/Public/Experiments/IDs/05-WMC/MU/MU_SM01_results/MUsbj051.csv","update","1300","3","0","229564","230864"
"MU.osexp","C:\Users\Public\Experiments\IDs\05-WMC\MU","Tr5_update3.png","7","215995","C:/Users/Public/Experiments/IDs/05-WMC/MU/MU_SM01_results/MUsbj051.csv","update","1300","3","0","231172","232472"
"MU.osexp","C:\Users\Public\Experiments\IDs\05-WMC\MU","Tr5_update4.png","7","215995","C:/Users/Public/Experiments/IDs/05-WMC/MU/MU_SM01_results/MUsbj051.csv","update","1300","3","0","232798","234098"
"MU.osexp","C:\Users\Public\Experiments\IDs\05-WMC\MU","Tr5_update5.png","7","215995","C:/Users/Public/Experiments/IDs/05-WMC/MU/MU_SM01_results/MUsbj051.csv","update","1300","3","0","234439","235739"
"MU.osexp","C:\Users\Public\Experiments\IDs\05-WMC\MU","Tr5_update6.png","7","215995","C:/Users/Public/Experiments/IDs/05-WMC/MU/MU_SM01_results/MUsbj051.csv","update","1300","3","0","236047","237347"
"MU.osexp","C:\Users\Public\Experiments\IDs\05-WMC\MU","Tr5_test1.png","4","240211","C:/Users/Public/Experiments/IDs/05-WMC/MU/MU_SM01_results/MUsbj051.csv","test","0","3","0","237673","240212"
"MU.osexp","C:\Users\Public\Experiments\IDs\05-WMC\MU","Tr5_test2.png","9","245292","C:/Users/Public/Experiments/IDs/05-WMC/MU/MU_SM01_results/MUsbj051.csv","test","0","3","0","241289","245293"
"MU.osexp","C:\Users\Public\Experiments\IDs\05-WMC\MU","Tr5_test3.png","3","247556","C:/Users/Public/Experiments/IDs/05-WMC/MU/MU_SM01_results/MUsbj051.csv","test","0","3","0","246357","247556"
"MU.osexp","C:\Users\Public\Experiments\IDs\05-WMC\MU","wait.png","3","247556","C:/Users/Public/Experiments/IDs/05-WMC/MU/MU_SM01_results/MUsbj051.csv","wait","5000","4","0","248627","247556"
"MU.osexp","C:\Users\Public\Experiments\IDs\05-WMC\MU","fixation.png","3","247556","C:/Users/Public/Experiments/IDs/05-WMC/MU/MU_SM01_results/MUsbj051.csv","fix","1500","4","0","253707","247556"
"MU.osexp","C:\Users\Public\Experiments\IDs\05-WMC\MU","Tr6_study1.png","3","247556","C:/Users/Public/Experiments/IDs/05-WMC/MU/MU_SM01_results/MUsbj051.csv","study","1000","4","0","255283","256283"
"MU.osexp","C:\Users\Public\Experiments\IDs\05-WMC\MU","Tr6_study2.png","3","247556","C:/Users/Public/Experiments/IDs/05-WMC/MU/MU_SM01_results/MUsbj051.csv","study","1000","4","0","256624","257624"
"MU.osexp","C:\Users\Public\Experiments\IDs\05-WMC\MU","Tr6_study3.png","3","247556","C:/Users/Public/Experiments/IDs/05-WMC/MU/MU_SM01_results/MUsbj051.csv","study","1000","4","0","257950","258950"
"MU.osexp","C:\Users\Public\Experiments\IDs\05-WMC\MU","Tr6_study4.png","3","247556","C:/Users/Public/Experiments/IDs/05-WMC/MU/MU_SM01_results/MUsbj051.csv","study","1000","4","0","259283","260283"
"MU.osexp","C:\Users\Public\Experiments\IDs\05-WMC\MU","Tr6_update1.png","3","247556","C:/Users/Public/Experiments/IDs/05-WMC/MU/MU_SM01_results/MUsbj051.csv","update","1300","4","0","260608","261908"
"MU.osexp","C:\Users\Public\Experiments\IDs\05-WMC\MU","Tr6_update2.png","3","247556","C:/Users/Public/Experiments/IDs/05-WMC/MU/MU_SM01_results/MUsbj051.csv","update","1300","4","0","262217","263517"
"MU.osexp","C:\Users\Public\Experiments\IDs\05-WMC\MU","Tr6_update3.png","3","247556","C:/Users/Public/Experiments/IDs/05-WMC/MU/MU_SM01_results/MUsbj051.csv","update","1300","4","0","263851","265151"
"MU.osexp","C:\Users\Public\Experiments\IDs\05-WMC\MU","Tr6_update4.png","3","247556","C:/Users/Public/Experiments/IDs/05-WMC/MU/MU_SM01_results/MUsbj051.csv","update","1300","4","0","265485","266785"
"MU.osexp","C:\Users\Public\Experiments\IDs\05-WMC\MU","Tr6_update5.png","3","247556","C:/Users/Public/Experiments/IDs/05-WMC/MU/MU_SM01_results/MUsbj051.csv","update","1300","4","0","267110","268410"
"MU.osexp","C:\Users\Public\Experiments\IDs\05-WMC\MU","Tr6_test1.png","6","271795","C:/Users/Public/Experiments/IDs/05-WMC/MU/MU_SM01_results/MUsbj051.csv","test","0","4","0","268725","271796"
"MU.osexp","C:\Users\Public\Experiments\IDs\05-WMC\MU","Tr6_test2.png","1","273939","C:/Users/Public/Experiments/IDs/05-WMC/MU/MU_SM01_results/MUsbj051.csv","test","0","4","0","272859","273940"
"MU.osexp","C:\Users\Public\Experiments\IDs\05-WMC\MU","Tr6_test3.png","3","277763","C:/Users/Public/Experiments/IDs/05-WMC/MU/MU_SM01_results/MUsbj051.csv","test","0","4","0","275026","277764"
"MU.osexp","C:\Users\Public\Experiments\IDs\05-WMC\MU","Tr6_test4.png","8","279780","C:/Users/Public/Experiments/IDs/05-WMC/MU/MU_SM01_results/MUsbj051.csv","test","0","4","0","278835","279781"
"MU.osexp","C:\Users\Public\Experiments\IDs\05-WMC\MU","wait.png","8","279780","C:/Users/Public/Experiments/IDs/05-WMC/MU/MU_SM01_results/MUsbj051.csv","wait","5000","5","0","280844","279781"
"MU.osexp","C:\Users\Public\Experiments\IDs\05-WMC\MU","fixation.png","8","279780","C:/Users/Public/Experiments/IDs/05-WMC/MU/MU_SM01_results/MUsbj051.csv","fix","1500","5","0","285918","279781"
"MU.osexp","C:\Users\Public\Experiments\IDs\05-WMC\MU","Tr7_study1.png","8","279780","C:/Users/Public/Experiments/IDs/05-WMC/MU/MU_SM01_results/MUsbj051.csv","study","1000","5","0","287495","288495"
"MU.osexp","C:\Users\Public\Experiments\IDs\05-WMC\MU","Tr7_study2.png","8","279780","C:/Users/Public/Experiments/IDs/05-WMC/MU/MU_SM01_results/MUsbj051.csv","study","1000","5","0","288827","289827"
"MU.osexp","C:\Users\Public\Experiments\IDs\05-WMC\MU","Tr7_study3.png","8","279780","C:/Users/Public/Experiments/IDs/05-WMC/MU/MU_SM01_results/MUsbj051.csv","study","1000","5","0","290153","291153"
"MU.osexp","C:\Users\Public\Experiments\IDs\05-WMC\MU","Tr7_study4.png","8","279780","C:/Users/Public/Experiments/IDs/05-WMC/MU/MU_SM01_results/MUsbj051.csv","study","1000","5","0","291487","292487"
"MU.osexp","C:\Users\Public\Experiments\IDs\05-WMC\MU","Tr7_study5.png","8","279780","C:/Users/Public/Experiments/IDs/05-WMC/MU/MU_SM01_results/MUsbj051.csv","study","1000","5","0","292802","293802"
"MU.osexp","C:\Users\Public\Experiments\IDs\05-WMC\MU","Tr7_update1.png","8","279780","C:/Users/Public/Experiments/IDs/05-WMC/MU/MU_SM01_results/MUsbj051.csv","update","1300","5","0","294144","295444"
"MU.osexp","C:\Users\Public\Experiments\IDs\05-WMC\MU","Tr7_update2.png","8","279780","C:/Users/Public/Experiments/IDs/05-WMC/MU/MU_SM01_results/MUsbj051.csv","update","1300","5","0","295772","297072"
"MU.osexp","C:\Users\Public\Experiments\IDs\05-WMC\MU","Tr7_update3.png","8","279780","C:/Users/Public/Experiments/IDs/05-WMC/MU/MU_SM01_results/MUsbj051.csv","update","1300","5","0","297481","298781"
"MU.osexp","C:\Users\Public\Experiments\IDs\05-WMC\MU","Tr7_update4.png","8","279780","C:/Users/Public/Experiments/IDs/05-WMC/MU/MU_SM01_results/MUsbj051.csv","update","1300","5","0","299182","300482"
"MU.osexp","C:\Users\Public\Experiments\IDs\05-WMC\MU","Tr7_update5.png","8","279780","C:/Users/Public/Experiments/IDs/05-WMC/MU/MU_SM01_results/MUsbj051.csv","update","1300","5","0","300814","302114"
"MU.osexp","C:\Users\Public\Experiments\IDs\05-WMC\MU","Tr7_test1.png","1","305003","C:/Users/Public/Experiments/IDs/05-WMC/MU/MU_SM01_results/MUsbj051.csv","test","0","5","0","302448","305004"
"MU.osexp","C:\Users\Public\Experiments\IDs\05-WMC\MU","Tr7_test2.png","7","309619","C:/Users/Public/Experiments/IDs/05-WMC/MU/MU_SM01_results/MUsbj051.csv","test","0","5","0","306098","309620"
"MU.osexp","C:\Users\Public\Experiments\IDs\05-WMC\MU","Tr7_test3.png","1","312075","C:/Users/Public/Experiments/IDs/05-WMC/MU/MU_SM01_results/MUsbj051.csv","test","0","5","0","310699","312076"
"MU.osexp","C:\Users\Public\Experiments\IDs\05-WMC\MU","Tr7_test4.png","1","314060","C:/Users/Public/Experiments/IDs/05-WMC/MU/MU_SM01_results/MUsbj051.csv","test","0","5","0","313140","314061"
"MU.osexp","C:\Users\Public\Experiments\IDs\05-WMC\MU","Tr7_test5.png","1","315692","C:/Users/Public/Experiments/IDs/05-WMC/MU/MU_SM01_results/MUsbj051.csv","test","0","5","0","315124","315693"
"MU.osexp","C:\Users\Public\Experiments\IDs\05-WMC\MU","wait.png","1","315692","C:/Users/Public/Experiments/IDs/05-WMC/MU/MU_SM01_results/MUsbj051.csv","wait","5000","4","0","316774","315693"
"MU.osexp","C:\Users\Public\Experiments\IDs\05-WMC\MU","fixation.png","1","315692","C:/Users/Public/Experiments/IDs/05-WMC/MU/MU_SM01_results/MUsbj051.csv","fix","1500","4","0","321847","315693"
"MU.osexp","C:\Users\Public\Experiments\IDs\05-WMC\MU","Tr8_study1.png","1","315692","C:/Users/Public/Experiments/IDs/05-WMC/MU/MU_SM01_results/MUsbj051.csv","study","1000","4","0","323416","324416"
"MU.osexp","C:\Users\Public\Experiments\IDs\05-WMC\MU","Tr8_study2.png","1","315692","C:/Users/Public/Experiments/IDs/05-WMC/MU/MU_SM01_results/MUsbj051.csv","study","1000","4","0","324749","325749"
"MU.osexp","C:\Users\Public\Experiments\IDs\05-WMC\MU","Tr8_study3.png","1","315692","C:/Users/Public/Experiments/IDs/05-WMC/MU/MU_SM01_results/MUsbj051.csv","study","1000","4","0","326083","327083"
"MU.osexp","C:\Users\Public\Experiments\IDs\05-WMC\MU","Tr8_study4.png","1","315692","C:/Users/Public/Experiments/IDs/05-WMC/MU/MU_SM01_results/MUsbj051.csv","study","1000","4","0","327416","328416"
"MU.osexp","C:\Users\Public\Experiments\IDs\05-WMC\MU","Tr8_update1.png","1","315692","C:/Users/Public/Experiments/IDs/05-WMC/MU/MU_SM01_results/MUsbj051.csv","update","1300","4","0","328731","330031"
"MU.osexp","C:\Users\Public\Experiments\IDs\05-WMC\MU","Tr8_update2.png","1","315692","C:/Users/Public/Experiments/IDs/05-WMC/MU/MU_SM01_results/MUsbj051.csv","update","1300","4","0","330358","331658"
"MU.osexp","C:\Users\Public\Experiments\IDs\05-WMC\MU","Tr8_update3.png","1","315692","C:/Users/Public/Experiments/IDs/05-WMC/MU/MU_SM01_results/MUsbj051.csv","update","1300","4","0","331992","333293"
"MU.osexp","C:\Users\Public\Experiments\IDs\05-WMC\MU","Tr8_test1.png","2","336108","C:/Users/Public/Experiments/IDs/05-WMC/MU/MU_SM01_results/MUsbj051.csv","test","0","4","0","333618","336108"
"MU.osexp","C:\Users\Public\Experiments\IDs\05-WMC\MU","Tr8_test2.png","4","338547","C:/Users/Public/Experiments/IDs/05-WMC/MU/MU_SM01_results/MUsbj051.csv","test","0","4","0","337183","338548"
"MU.osexp","C:\Users\Public\Experiments\IDs\05-WMC\MU","Tr8_test3.png","9","340651","C:/Users/Public/Experiments/IDs/05-WMC/MU/MU_SM01_results/MUsbj051.csv","test","0","4","0","339624","340652"
"MU.osexp","C:\Users\Public\Experiments\IDs\05-WMC\MU","Tr8_test4.png","2","343027","C:/Users/Public/Experiments/IDs/05-WMC/MU/MU_SM01_results/MUsbj051.csv","test","0","4","0","341733","343028"
"MU.osexp","C:\Users\Public\Experiments\IDs\05-WMC\MU","wait.png","2","343027","C:/Users/Public/Experiments/IDs/05-WMC/MU/MU_SM01_results/MUsbj051.csv","wait","5000","5","0","344099","343028"
"MU.osexp","C:\Users\Public\Experiments\IDs\05-WMC\MU","fixation.png","2","343027","C:/Users/Public/Experiments/IDs/05-WMC/MU/MU_SM01_results/MUsbj051.csv","fix","1500","5","0","349160","343028"
"MU.osexp","C:\Users\Public\Experiments\IDs\05-WMC\MU","Tr9_study1.png","2","343027","C:/Users/Public/Experiments/IDs/05-WMC/MU/MU_SM01_results/MUsbj051.csv","study","1000","5","0","350743","351744"
"MU.osexp","C:\Users\Public\Experiments\IDs\05-WMC\MU","Tr9_study2.png","2","343027","C:/Users/Public/Experiments/IDs/05-WMC/MU/MU_SM01_results/MUsbj051.csv","study","1000","5","0","352076","353076"
"MU.osexp","C:\Users\Public\Experiments\IDs\05-WMC\MU","Tr9_study3.png","2","343027","C:/Users/Public/Experiments/IDs/05-WMC/MU/MU_SM01_results/MUsbj051.csv","study","1000","5","0","353421","354421"
"MU.osexp","C:\Users\Public\Experiments\IDs\05-WMC\MU","Tr9_study4.png","2","343027","C:/Users/Public/Experiments/IDs/05-WMC/MU/MU_SM01_results/MUsbj051.csv","study","1000","5","0","354759","355759"
"MU.osexp","C:\Users\Public\Experiments\IDs\05-WMC\MU","Tr9_study5.png","2","343027","C:/Users/Public/Experiments/IDs/05-WMC/MU/MU_SM01_results/MUsbj051.csv","study","1000","5","0","356094","357094"
"MU.osexp","C:\Users\Public\Experiments\IDs\05-WMC\MU","Tr9_update1.png","2","343027","C:/Users/Public/Experiments/IDs/05-WMC/MU/MU_SM01_results/MUsbj051.csv","update","1300","5","0","357428","358728"
"MU.osexp","C:\Users\Public\Experiments\IDs\05-WMC\MU","Tr9_update2.png","2","343027","C:/Users/Public/Experiments/IDs/05-WMC/MU/MU_SM01_results/MUsbj051.csv","update","1300","5","0","359178","360478"
"MU.osexp","C:\Users\Public\Experiments\IDs\05-WMC\MU","Tr9_test1.png","4","363635","C:/Users/Public/Experiments/IDs/05-WMC/MU/MU_SM01_results/MUsbj051.csv","test","0","5","0","360811","363636"
"MU.osexp","C:\Users\Public\Experiments\IDs\05-WMC\MU","Tr9_test2.png","6","365979","C:/Users/Public/Experiments/IDs/05-WMC/MU/MU_SM01_results/MUsbj051.csv","test","0","5","0","364701","365980"
"MU.osexp","C:\Users\Public\Experiments\IDs\05-WMC\MU","Tr9_test3.png","5","368052","C:/Users/Public/Experiments/IDs/05-WMC/MU/MU_SM01_results/MUsbj051.csv","test","0","5","0","367168","368053"
"MU.osexp","C:\Users\Public\Experiments\IDs\05-WMC\MU","Tr9_test4.png","1","370516","C:/Users/Public/Experiments/IDs/05-WMC/MU/MU_SM01_results/MUsbj051.csv","test","0","5","0","369205","370517"
"MU.osexp","C:\Users\Public\Experiments\IDs\05-WMC\MU","Tr9_test5.png","3","372395","C:/Users/Public/Experiments/IDs/05-WMC/MU/MU_SM01_results/MUsbj051.csv","test","0","5","0","371594","372396"
"MU.osexp","C:\Users\Public\Experiments\IDs\05-WMC\MU","wait.png","3","372395","C:/Users/Public/Experiments/IDs/05-WMC/MU/MU_SM01_results/MUsbj051.csv","wait","5000","3","0","373478","372396"
"MU.osexp","C:\Users\Public\Experiments\IDs\05-WMC\MU","fixation.png","3","372395","C:/Users/Public/Experiments/IDs/05-WMC/MU/MU_SM01_results/MUsbj051.csv","fix","1500","3","0","378562","372396"
"MU.osexp","C:\Users\Public\Experiments\IDs\05-WMC\MU","Tr10_study1.png","3","372395","C:/Users/Public/Experiments/IDs/05-WMC/MU/MU_SM01_results/MUsbj051.csv","study","1000","3","0","380129","381129"
"MU.osexp","C:\Users\Public\Experiments\IDs\05-WMC\MU","Tr10_study2.png","3","372395","C:/Users/Public/Experiments/IDs/05-WMC/MU/MU_SM01_results/MUsbj051.csv","study","1000","3","0","381464","382464"
"MU.osexp","C:\Users\Public\Experiments\IDs\05-WMC\MU","Tr10_study3.png","3","372395","C:/Users/Public/Experiments/IDs/05-WMC/MU/MU_SM01_results/MUsbj051.csv","study","1000","3","0","382796","383796"
"MU.osexp","C:\Users\Public\Experiments\IDs\05-WMC\MU","Tr10_update1.png","3","372395","C:/Users/Public/Experiments/IDs/05-WMC/MU/MU_SM01_results/MUsbj051.csv","update","1300","3","0","384139","385439"
"MU.osexp","C:\Users\Public\Experiments\IDs\05-WMC\MU","Tr10_update2.png","3","372395","C:/Users/Public/Experiments/IDs/05-WMC/MU/MU_SM01_results/MUsbj051.csv","update","1300","3","0","385772","387072"
"MU.osexp","C:\Users\Public\Experiments\IDs\05-WMC\MU","Tr10_test1.png","5","389060","C:/Users/Public/Experiments/IDs/05-WMC/MU/MU_SM01_results/MUsbj051.csv","test","0","3","0","387405","389061"
"MU.osexp","C:\Users\Public\Experiments\IDs\05-WMC\MU","Tr10_test2.png","2","391459","C:/Users/Public/Experiments/IDs/05-WMC/MU/MU_SM01_results/MUsbj051.csv","test","0","3","0","390120","391460"
"MU.osexp","C:\Users\Public\Experiments\IDs\05-WMC\MU","Tr10_test3.png","5","393315","C:/Users/Public/Experiments/IDs/05-WMC/MU/MU_SM01_results/MUsbj051.csv","test","0","3","0","392537","393316"
"MU.osexp","C:\Users\Public\Experiments\IDs\05-WMC\MU","wait.png","5","393315","C:/Users/Public/Experiments/IDs/05-WMC/MU/MU_SM01_results/MUsbj051.csv","wait","5000","5","0","394397","393316"
"MU.osexp","C:\Users\Public\Experiments\IDs\05-WMC\MU","fixation.png","5","393315","C:/Users/Public/Experiments/IDs/05-WMC/MU/MU_SM01_results/MUsbj051.csv","fix","1500","5","0","399489","393316"
"MU.osexp","C:\Users\Public\Experiments\IDs\05-WMC\MU","Tr11_study1.png","5","393315","C:/Users/Public/Experiments/IDs/05-WMC/MU/MU_SM01_results/MUsbj051.csv","study","1000","5","0","401072","402072"
"MU.osexp","C:\Users\Public\Experiments\IDs\05-WMC\MU","Tr11_study2.png","5","393315","C:/Users/Public/Experiments/IDs/05-WMC/MU/MU_SM01_results/MUsbj051.csv","study","1000","5","0","402398","403399"
"MU.osexp","C:\Users\Public\Experiments\IDs\05-WMC\MU","Tr11_study3.png","5","393315","C:/Users/Public/Experiments/IDs/05-WMC/MU/MU_SM01_results/MUsbj051.csv","study","1000","5","0","403732","404732"
"MU.osexp","C:\Users\Public\Experiments\IDs\05-WMC\MU","Tr11_study4.png","5","393315","C:/Users/Public/Experiments/IDs/05-WMC/MU/MU_SM01_results/MUsbj051.csv","study","1000","5","0","405065","406065"
"MU.osexp","C:\Users\Public\Experiments\IDs\05-WMC\MU","Tr11_study5.png","5","393315","C:/Users/Public/Experiments/IDs/05-WMC/MU/MU_SM01_results/MUsbj051.csv","study","1000","5","0","406400","407400"
"MU.osexp","C:\Users\Public\Experiments\IDs\05-WMC\MU","Tr11_update1.png","5","393315","C:/Users/Public/Experiments/IDs/05-WMC/MU/MU_SM01_results/MUsbj051.csv","update","1300","5","0","407740","409040"
"MU.osexp","C:\Users\Public\Experiments\IDs\05-WMC\MU","Tr11_update2.png","5","393315","C:/Users/Public/Experiments/IDs/05-WMC/MU/MU_SM01_results/MUsbj051.csv","update","1300","5","0","409374","410674"
"MU.osexp","C:\Users\Public\Experiments\IDs\05-WMC\MU","Tr11_update3.png","5","393315","C:/Users/Public/Experiments/IDs/05-WMC/MU/MU_SM01_results/MUsbj051.csv","update","1300","5","0","410991","412291"
"MU.osexp","C:\Users\Public\Experiments\IDs\05-WMC\MU","Tr11_test1.png","1","418291","C:/Users/Public/Experiments/IDs/05-WMC/MU/MU_SM01_results/MUsbj051.csv","test","0","5","0","412622","418292"
"MU.osexp","C:\Users\Public\Experiments\IDs\05-WMC\MU","Tr11_test2.png","2","420660","C:/Users/Public/Experiments/IDs/05-WMC/MU/MU_SM01_results/MUsbj051.csv","test","0","5","0","419375","420661"
"MU.osexp","C:\Users\Public\Experiments\IDs\05-WMC\MU","Tr11_test3.png","5","423884","C:/Users/Public/Experiments/IDs/05-WMC/MU/MU_SM01_results/MUsbj051.csv","test","0","5","0","421742","423885"
"MU.osexp","C:\Users\Public\Experiments\IDs\05-WMC\MU","Tr11_test4.png","6","426371","C:/Users/Public/Experiments/IDs/05-WMC/MU/MU_SM01_results/MUsbj051.csv","test","0","5","0","424975","426372"
"MU.osexp","C:\Users\Public\Experiments\IDs\05-WMC\MU","Tr11_test5.png","6","433347","C:/Users/Public/Experiments/IDs/05-WMC/MU/MU_SM01_results/MUsbj051.csv","test","0","5","0","427448","433348"
"MU.osexp","C:\Users\Public\Experiments\IDs\05-WMC\MU","wait.png","6","433347","C:/Users/Public/Experiments/IDs/05-WMC/MU/MU_SM01_results/MUsbj051.csv","wait","5000","3","0","434423","433348"
"MU.osexp","C:\Users\Public\Experiments\IDs\05-WMC\MU","fixation.png","6","433347","C:/Users/Public/Experiments/IDs/05-WMC/MU/MU_SM01_results/MUsbj051.csv","fix","1500","3","0","439499","433348"
"MU.osexp","C:\Users\Public\Experiments\IDs\05-WMC\MU","Tr12_study1.png","6","433347","C:/Users/Public/Experiments/IDs/05-WMC/MU/MU_SM01_results/MUsbj051.csv","study","1000","3","0","441075","442075"
"MU.osexp","C:\Users\Public\Experiments\IDs\05-WMC\MU","Tr12_study2.png","6","433347","C:/Users/Public/Experiments/IDs/05-WMC/MU/MU_SM01_results/MUsbj051.csv","study","1000","3","0","442410","443410"
"MU.osexp","C:\Users\Public\Experiments\IDs\05-WMC\MU","Tr12_study3.png","6","433347","C:/Users/Public/Experiments/IDs/05-WMC/MU/MU_SM01_results/MUsbj051.csv","study","1000","3","0","443744","444744"
"MU.osexp","C:\Users\Public\Experiments\IDs\05-WMC\MU","Tr12_update1.png","6","433347","C:/Users/Public/Experiments/IDs/05-WMC/MU/MU_SM01_results/MUsbj051.csv","update","1300","3","0","445085","446385"
"MU.osexp","C:\Users\Public\Experiments\IDs\05-WMC\MU","Tr12_update2.png","6","433347","C:/Users/Public/Experiments/IDs/05-WMC/MU/MU_SM01_results/MUsbj051.csv","update","1300","3","0","446711","448011"
"MU.osexp","C:\Users\Public\Experiments\IDs\05-WMC\MU","Tr12_update3.png","6","433347","C:/Users/Public/Experiments/IDs/05-WMC/MU/MU_SM01_results/MUsbj051.csv","update","1300","3","0","448344","449644"
"MU.osexp","C:\Users\Public\Experiments\IDs\05-WMC\MU","Tr12_update4.png","6","433347","C:/Users/Public/Experiments/IDs/05-WMC/MU/MU_SM01_results/MUsbj051.csv","update","1300","3","0","449977","451277"
"MU.osexp","C:\Users\Public\Experiments\IDs\05-WMC\MU","Tr12_update5.png","6","433347","C:/Users/Public/Experiments/IDs/05-WMC/MU/MU_SM01_results/MUsbj051.csv","update","1300","3","0","451594","452894"
"MU.osexp","C:\Users\Public\Experiments\IDs\05-WMC\MU","Tr12_test1.png","3","458700","C:/Users/Public/Experiments/IDs/05-WMC/MU/MU_SM01_results/MUsbj051.csv","test","0","3","0","453235","458701"
"MU.osexp","C:\Users\Public\Experiments\IDs\05-WMC\MU","Tr12_test2.png","5","460476","C:/Users/Public/Experiments/IDs/05-WMC/MU/MU_SM01_results/MUsbj051.csv","test","0","3","0","459768","460476"
"MU.osexp","C:\Users\Public\Experiments\IDs\05-WMC\MU","Tr12_test3.png","4","461883","C:/Users/Public/Experiments/IDs/05-WMC/MU/MU_SM01_results/MUsbj051.csv","test","0","3","0","461551","461884"
"MU.osexp","C:\Users\Public\Experiments\IDs\05-WMC\MU","wait.png","4","461883","C:/Users/Public/Experiments/IDs/05-WMC/MU/MU_SM01_results/MUsbj051.csv","wait","5000","3","0","462951","461884"
"MU.osexp","C:\Users\Public\Experiments\IDs\05-WMC\MU","fixation.png","4","461883","C:/Users/Public/Experiments/IDs/05-WMC/MU/MU_SM01_results/MUsbj051.csv","fix","1500","3","0","468026","461884"
"MU.osexp","C:\Users\Public\Experiments\IDs\05-WMC\MU","Tr13_study1.png","4","461883","C:/Users/Public/Experiments/IDs/05-WMC/MU/MU_SM01_results/MUsbj051.csv","study","1000","3","0","469602","470602"
"MU.osexp","C:\Users\Public\Experiments\IDs\05-WMC\MU","Tr13_study2.png","4","461883","C:/Users/Public/Experiments/IDs/05-WMC/MU/MU_SM01_results/MUsbj051.csv","study","1000","3","0","470928","471928"
"MU.osexp","C:\Users\Public\Experiments\IDs\05-WMC\MU","Tr13_study3.png","4","461883","C:/Users/Public/Experiments/IDs/05-WMC/MU/MU_SM01_results/MUsbj051.csv","study","1000","3","0","472254","473254"
"MU.osexp","C:\Users\Public\Experiments\IDs\05-WMC\MU","Tr13_update1.png","4","461883","C:/Users/Public/Experiments/IDs/05-WMC/MU/MU_SM01_results/MUsbj051.csv","update","1300","3","0","473588","474888"
"MU.osexp","C:\Users\Public\Experiments\IDs\05-WMC\MU","Tr13_update2.png","4","461883","C:/Users/Public/Experiments/IDs/05-WMC/MU/MU_SM01_results/MUsbj051.csv","update","1300","3","0","475230","476530"
"MU.osexp","C:\Users\Public\Experiments\IDs\05-WMC\MU","Tr13_update3.png","4","461883","C:/Users/Public/Experiments/IDs/05-WMC/MU/MU_SM01_results/MUsbj051.csv","update","1300","3","0","476855","478155"
"MU.osexp","C:\Users\Public\Experiments\IDs\05-WMC\MU","Tr13_update4.png","4","461883","C:/Users/Public/Experiments/IDs/05-WMC/MU/MU_SM01_results/MUsbj051.csv","update","1300","3","0","478515","479815"
"MU.osexp","C:\Users\Public\Experiments\IDs\05-WMC\MU","Tr13_test1.png","7","483227","C:/Users/Public/Experiments/IDs/05-WMC/MU/MU_SM01_results/MUsbj051.csv","test","0","3","0","480157","483228"
"MU.osexp","C:\Users\Public\Experiments\IDs\05-WMC\MU","Tr13_test2.png","2","485675","C:/Users/Public/Experiments/IDs/05-WMC/MU/MU_SM01_results/MUsbj051.csv","test","0","3","0","484303","485676"
"MU.osexp","C:\Users\Public\Experiments\IDs\05-WMC\MU","Tr13_test3.png","5","487659","C:/Users/Public/Experiments/IDs/05-WMC/MU/MU_SM01_results/MUsbj051.csv","test","0","3","0","486761","487660"
"MU.osexp","C:\Users\Public\Experiments\IDs\05-WMC\MU","wait.png","5","487659","C:/Users/Public/Experiments/IDs/05-WMC/MU/MU_SM01_results/MUsbj051.csv","wait","5000","5","0","488740","487660"
"MU.osexp","C:\Users\Public\Experiments\IDs\05-WMC\MU","fixation.png","5","487659","C:/Users/Public/Experiments/IDs/05-WMC/MU/MU_SM01_results/MUsbj051.csv","fix","1500","5","0","493820","487660"
"MU.osexp","C:\Users\Public\Experiments\IDs\05-WMC\MU","Tr14_study1.png","5","487659","C:/Users/Public/Experiments/IDs/05-WMC/MU/MU_SM01_results/MUsbj051.csv","study","1000","5","0","495405","496405"
"MU.osexp","C:\Users\Public\Experiments\IDs\05-WMC\MU","Tr14_study2.png","5","487659","C:/Users/Public/Experiments/IDs/05-WMC/MU/MU_SM01_results/MUsbj051.csv","study","1000","5","0","496738","497738"
"MU.osexp","C:\Users\Public\Experiments\IDs\05-WMC\MU","Tr14_study3.png","5","487659","C:/Users/Public/Experiments/IDs/05-WMC/MU/MU_SM01_results/MUsbj051.csv","study","1000","5","0","498200","499201"
"MU.osexp","C:\Users\Public\Experiments\IDs\05-WMC\MU","Tr14_study4.png","5","487659","C:/Users/Public/Experiments/IDs/05-WMC/MU/MU_SM01_results/MUsbj051.csv","study","1000","5","0","499541","500541"
"MU.osexp","C:\Users\Public\Experiments\IDs\05-WMC\MU","Tr14_study5.png","5","487659","C:/Users/Public/Experiments/IDs/05-WMC/MU/MU_SM01_results/MUsbj051.csv","study","1000","5","0","500867","501867"
"MU.osexp","C:\Users\Public\Experiments\IDs\05-WMC\MU","Tr14_update1.png","5","487659","C:/Users/Public/Experiments/IDs/05-WMC/MU/MU_SM01_results/MUsbj051.csv","update","1300","5","0","502209","503509"
"MU.osexp","C:\Users\Public\Experiments\IDs\05-WMC\MU","Tr14_update2.png","5","487659","C:/Users/Public/Experiments/IDs/05-WMC/MU/MU_SM01_results/MUsbj051.csv","update","1300","5","0","503851","505151"
"MU.osexp","C:\Users\Public\Experiments\IDs\05-WMC\MU","Tr14_update3.png","5","487659","C:/Users/Public/Experiments/IDs/05-WMC/MU/MU_SM01_results/MUsbj051.csv","update","1300","5","0","505500","506801"
"MU.osexp","C:\Users\Public\Experiments\IDs\05-WMC\MU","Tr14_update4.png","5","487659","C:/Users/Public/Experiments/IDs/05-WMC/MU/MU_SM01_results/MUsbj051.csv","update","1300","5","0","507177","508477"
"MU.osexp","C:\Users\Public\Experiments\IDs\05-WMC\MU","Tr14_test1.png","8","510300","C:/Users/Public/Experiments/IDs/05-WMC/MU/MU_SM01_results/MUsbj051.csv","test","0","5","0","508818","510301"
"MU.osexp","C:\Users\Public\Experiments\IDs\05-WMC\MU","Tr14_test2.png","7","512548","C:/Users/Public/Experiments/IDs/05-WMC/MU/MU_SM01_results/MUsbj051.csv","test","0","5","0","511393","512549"
"MU.osexp","C:\Users\Public\Experiments\IDs\05-WMC\MU","Tr14_test3.png","3","514411","C:/Users/Public/Experiments/IDs/05-WMC/MU/MU_SM01_results/MUsbj051.csv","test","0","5","0","513631","514412"
"MU.osexp","C:\Users\Public\Experiments\IDs\05-WMC\MU","Tr14_test4.png","5","517563","C:/Users/Public/Experiments/IDs/05-WMC/MU/MU_SM01_results/MUsbj051.csv","test","0","5","0","515510","517564"
"MU.osexp","C:\Users\Public\Experiments\IDs\05-WMC\MU","Tr14_test5.png","8","519723","C:/Users/Public/Experiments/IDs/05-WMC/MU/MU_SM01_results/MUsbj051.csv","test","0","5","0","518665","519724"
"MU.osexp","C:\Users\Public\Experiments\IDs\05-WMC\MU","wait.png","8","519723","C:/Users/Public/Experiments/IDs/05-WMC/MU/MU_SM01_results/MUsbj051.csv","wait","5000","4","0","520802","519724"
"MU.osexp","C:\Users\Public\Experiments\IDs\05-WMC\MU","fixation.png","8","519723","C:/Users/Public/Experiments/IDs/05-WMC/MU/MU_SM01_results/MUsbj051.csv","fix","1500","4","0","525876","519724"
"MU.osexp","C:\Users\Public\Experiments\IDs\05-WMC\MU","Tr15_study1.png","8","519723","C:/Users/Public/Experiments/IDs/05-WMC/MU/MU_SM01_results/MUsbj051.csv","study","1000","4","0","527457","528458"
"MU.osexp","C:\Users\Public\Experiments\IDs\05-WMC\MU","Tr15_study2.png","8","519723","C:/Users/Public/Experiments/IDs/05-WMC/MU/MU_SM01_results/MUsbj051.csv","study","1000","4","0","528787","529787"
"MU.osexp","C:\Users\Public\Experiments\IDs\05-WMC\MU","Tr15_study3.png","8","519723","C:/Users/Public/Experiments/IDs/05-WMC/MU/MU_SM01_results/MUsbj051.csv","study","1000","4","0","530128","531128"
"MU.osexp","C:\Users\Public\Experiments\IDs\05-WMC\MU","Tr15_study4.png","8","519723","C:/Users/Public/Experiments/IDs/05-WMC/MU/MU_SM01_results/MUsbj051.csv","study","1000","4","0","531470","532470"
"MU.osexp","C:\Users\Public\Experiments\IDs\05-WMC\MU","Tr15_update1.png","8","519723","C:/Users/Public/Experiments/IDs/05-WMC/MU/MU_SM01_results/MUsbj051.csv","update","1300","4","0","532795","534095"
"MU.osexp","C:\Users\Public\Experiments\IDs\05-WMC\MU","Tr15_update2.png","8","519723","C:/Users/Public/Experiments/IDs/05-WMC/MU/MU_SM01_results/MUsbj051.csv","update","1300","4","0","534433","535733"
"MU.osexp","C:\Users\Public\Experiments\IDs\05-WMC\MU","Tr15_update3.png","8","519723","C:/Users/Public/Experiments/IDs/05-WMC/MU/MU_SM01_results/MUsbj051.csv","update","1300","4","0","536077","537377"
"MU.osexp","C:\Users\Public\Experiments\IDs\05-WMC\MU","Tr15_update4.png","8","519723","C:/Users/Public/Experiments/IDs/05-WMC/MU/MU_SM01_results/MUsbj051.csv","update","1300","4","0","537729","539029"
"MU.osexp","C:\Users\Public\Experiments\IDs\05-WMC\MU","Tr15_update5.png","8","519723","C:/Users/Public/Experiments/IDs/05-WMC/MU/MU_SM01_results/MUsbj051.csv","update","1300","4","0","539371","540671"
"MU.osexp","C:\Users\Public\Experiments\IDs\05-WMC\MU","Tr15_update6.png","8","519723","C:/Users/Public/Experiments/IDs/05-WMC/MU/MU_SM01_results/MUsbj051.csv","update","1300","4","0","540992","542292"
"MU.osexp","C:\Users\Public\Experiments\IDs\05-WMC\MU","Tr15_test1.png","6","546068","C:/Users/Public/Experiments/IDs/05-WMC/MU/MU_SM01_results/MUsbj051.csv","test","0","4","0","542626","546069"
"MU.osexp","C:\Users\Public\Experiments\IDs\05-WMC\MU","Tr15_test2.png","8","549204","C:/Users/Public/Experiments/IDs/05-WMC/MU/MU_SM01_results/MUsbj051.csv","test","0","4","0","547152","549204"
"MU.osexp","C:\Users\Public\Experiments\IDs\05-WMC\MU","Tr15_test3.png","8","553499","C:/Users/Public/Experiments/IDs/05-WMC/MU/MU_SM01_results/MUsbj051.csv","test","0","4","0","550297","553500"
"MU.osexp","C:\Users\Public\Experiments\IDs\05-WMC\MU","Tr15_test4.png","9","555339","C:/Users/Public/Experiments/IDs/05-WMC/MU/MU_SM01_results/MUsbj051.csv","test","0","4","0","554585","555340"
"MU.osexp","C:\Users\Public\Experiments\IDs\05-WMC\MU","wait.png","9","555339","C:/Users/Public/Experiments/IDs/05-WMC/MU/MU_SM01_results/MUsbj051.csv","wait","5000","4","0","556438","555340"
"MU.osexp","C:\Users\Public\Experiments\IDs\05-WMC\MU","fixation.png","9","555339","C:/Users/Public/Experiments/IDs/05-WMC/MU/MU_SM01_results/MUsbj051.csv","fix","1500","4","0","561539","555340"
"MU.osexp","C:\Users\Public\Experiments\IDs\05-WMC\MU","Tr16_study1.png","9","555339","C:/Users/Public/Experiments/IDs/05-WMC/MU/MU_SM01_results/MUsbj051.csv","study","1000","4","0","563123","564123"
"MU.osexp","C:\Users\Public\Experiments\IDs\05-WMC\MU","Tr16_study2.png","9","555339","C:/Users/Public/Experiments/IDs/05-WMC/MU/MU_SM01_results/MUsbj051.csv","study","1000","4","0","564445","565445"
"MU.osexp","C:\Users\Public\Experiments\IDs\05-WMC\MU","Tr16_study3.png","9","555339","C:/Users/Public/Experiments/IDs/05-WMC/MU/MU_SM01_results/MUsbj051.csv","study","1000","4","0","565789","566789"
"MU.osexp","C:\Users\Public\Experiments\IDs\05-WMC\MU","Tr16_study4.png","9","555339","C:/Users/Public/Experiments/IDs/05-WMC/MU/MU_SM01_results/MUsbj051.csv","study","1000","4","0","567190","568190"
"MU.osexp","C:\Users\Public\Experiments\IDs\05-WMC\MU","Tr16_update1.png","9","555339","C:/Users/Public/Experiments/IDs/05-WMC/MU/MU_SM01_results/MUsbj051.csv","update","1300","4","0","568515","569815"
"MU.osexp","C:\Users\Public\Experiments\IDs\05-WMC\MU","Tr16_update2.png","9","555339","C:/Users/Public/Experiments/IDs/05-WMC/MU/MU_SM01_results/MUsbj051.csv","update","1300","4","0","570157","571457"
"MU.osexp","C:\Users\Public\Experiments\IDs\05-WMC\MU","Tr16_test1.png","8","573579","C:/Users/Public/Experiments/IDs/05-WMC/MU/MU_SM01_results/MUsbj051.csv","test","0","4","0","571781","573580"
"MU.osexp","C:\Users\Public\Experiments\IDs\05-WMC\MU","Tr16_test2.png","7","576051","C:/Users/Public/Experiments/IDs/05-WMC/MU/MU_SM01_results/MUsbj051.csv","test","0","4","0","574667","576052"
"MU.osexp","C:\Users\Public\Experiments\IDs\05-WMC\MU","Tr16_test3.png","8","578172","C:/Users/Public/Experiments/IDs/05-WMC/MU/MU_SM01_results/MUsbj051.csv","test","0","4","0","577139","578173"
"MU.osexp","C:\Users\Public\Experiments\IDs\05-WMC\MU","Tr16_test4.png","6","580100","C:/Users/Public/Experiments/IDs/05-WMC/MU/MU_SM01_results/MUsbj051.csv","test","0","4","0","579267","580101"
"MU.osexp","C:\Users\Public\Experiments\IDs\05-WMC\MU","wait.png","6","580100","C:/Users/Public/Experiments/IDs/05-WMC/MU/MU_SM01_results/MUsbj051.csv","wait","5000","5","0","581191","580101"
"MU.osexp","C:\Users\Public\Experiments\IDs\05-WMC\MU","fixation.png","6","580100","C:/Users/Public/Experiments/IDs/05-WMC/MU/MU_SM01_results/MUsbj051.csv","fix","1500","5","0","586283","580101"
"MU.osexp","C:\Users\Public\Experiments\IDs\05-WMC\MU","Tr17_study1.png","6","580100","C:/Users/Public/Experiments/IDs/05-WMC/MU/MU_SM01_results/MUsbj051.csv","study","1000","5","0","587867","588867"
"MU.osexp","C:\Users\Public\Experiments\IDs\05-WMC\MU","Tr17_study2.png","6","580100","C:/Users/Public/Experiments/IDs/05-WMC/MU/MU_SM01_results/MUsbj051.csv","study","1000","5","0","589208","590208"
"MU.osexp","C:\Users\Public\Experiments\IDs\05-WMC\MU","Tr17_study3.png","6","580100","C:/Users/Public/Experiments/IDs/05-WMC/MU/MU_SM01_results/MUsbj051.csv","study","1000","5","0","590534","591534"
"MU.osexp","C:\Users\Public\Experiments\IDs\05-WMC\MU","Tr17_study4.png","6","580100","C:/Users/Public/Experiments/IDs/05-WMC/MU/MU_SM01_results/MUsbj051.csv","study","1000","5","0","591867","592867"
"MU.osexp","C:\Users\Public\Experiments\IDs\05-WMC\MU","Tr17_study5.png","6","580100","C:/Users/Public/Experiments/IDs/05-WMC/MU/MU_SM01_results/MUsbj051.csv","study","1000","5","0","593188","594188"
"MU.osexp","C:\Users\Public\Experiments\IDs\05-WMC\MU","Tr17_update1.png","6","580100","C:/Users/Public/Experiments/IDs/05-WMC/MU/MU_SM01_results/MUsbj051.csv","update","1300","5","0","594535","595835"
"MU.osexp","C:\Users\Public\Experiments\IDs\05-WMC\MU","Tr17_update2.png","6","580100","C:/Users/Public/Experiments/IDs/05-WMC/MU/MU_SM01_results/MUsbj051.csv","update","1300","5","0","596215","597515"
"MU.osexp","C:\Users\Public\Experiments\IDs\05-WMC\MU","Tr17_update3.png","6","580100","C:/Users/Public/Experiments/IDs/05-WMC/MU/MU_SM01_results/MUsbj051.csv","update","1300","5","0","597850","599150"
"MU.osexp","C:\Users\Public\Experiments\IDs\05-WMC\MU","Tr17_update4.png","6","580100","C:/Users/Public/Experiments/IDs/05-WMC/MU/MU_SM01_results/MUsbj051.csv","update","1300","5","0","599484","600784"
"MU.osexp","C:\Users\Public\Experiments\IDs\05-WMC\MU","Tr17_update5.png","6","580100","C:/Users/Public/Experiments/IDs/05-WMC/MU/MU_SM01_results/MUsbj051.csv","update","1300","5","0","601193","602493"
"MU.osexp","C:\Users\Public\Experiments\IDs\05-WMC\MU","Tr17_update6.png","6","580100","C:/Users/Public/Experiments/IDs/05-WMC/MU/MU_SM01_results/MUsbj051.csv","update","1300","5","0","602818","604118"
"MU.osexp","C:\Users\Public\Experiments\IDs\05-WMC\MU","Tr17_test1.png","2","610195","C:/Users/Public/Experiments/IDs/05-WMC/MU/MU_SM01_results/MUsbj051.csv","test","0","5","0","604460","610196"
"MU.osexp","C:\Users\Public\Experiments\IDs\05-WMC\MU","Tr17_test2.png","4","613540","C:/Users/Public/Experiments/IDs/05-WMC/MU/MU_SM01_results/MUsbj051.csv","test","0","5","0","611282","613541"
"MU.osexp","C:\Users\Public\Experiments\IDs\05-WMC\MU","Tr17_test3.png","5","616828","C:/Users/Public/Experiments/IDs/05-WMC/MU/MU_SM01_results/MUsbj051.csv","test","0","5","0","614627","616829"
"MU.osexp","C:\Users\Public\Experiments\IDs\05-WMC\MU","Tr17_test4.png","1","619092","C:/Users/Public/Experiments/IDs/05-WMC/MU/MU_SM01_results/MUsbj051.csv","test","0","5","0","617900","619092"
"MU.osexp","C:\Users\Public\Experiments\IDs\05-WMC\MU","Tr17_test5.png","9","621139","C:/Users/Public/Experiments/IDs/05-WMC/MU/MU_SM01_results/MUsbj051.csv","test","0","5","0","620186","621140"
