"experiment_file","experiment_path","image","key","key_time","logfile","phase","playtime","setSize","subject_nr","timestamp","waittime"
"MU.osexp","C:\Users\Public\Experiments\IDs\05-WMC\MU","ready1.png","NA","NA","C:/Users/Public/Experiments/IDs/05-WMC/MU/MU_SM01_results/MUsbj045.csv","pre","0","3","0","122690","NA"
"MU.osexp","C:\Users\Public\Experiments\IDs\05-WMC\MU","fixation.png","NA","NA","C:/Users/Public/Experiments/IDs/05-WMC/MU/MU_SM01_results/MUsbj045.csv","fix","1500","3","0","124682","NA"
"MU.osexp","C:\Users\Public\Experiments\IDs\05-WMC\MU","Tr1_study1.png","NA","NA","C:/Users/Public/Experiments/IDs/05-WMC/MU/MU_SM01_results/MUsbj045.csv","study","1000","3","0","126301","127303"
"MU.osexp","C:\Users\Public\Experiments\IDs\05-WMC\MU","Tr1_study2.png","NA","NA","C:/Users/Public/Experiments/IDs/05-WMC/MU/MU_SM01_results/MUsbj045.csv","study","1000","3","0","127681","128683"
"MU.osexp","C:\Users\Public\Experiments\IDs\05-WMC\MU","Tr1_study3.png","NA","NA","C:/Users/Public/Experiments/IDs/05-WMC/MU/MU_SM01_results/MUsbj045.csv","study","1000","3","0","129053","130055"
"MU.osexp","C:\Users\Public\Experiments\IDs\05-WMC\MU","Tr1_update1.png","NA","NA","C:/Users/Public/Experiments/IDs/05-WMC/MU/MU_SM01_results/MUsbj045.csv","update","1300","3","0","130411","131713"
"MU.osexp","C:\Users\Public\Experiments\IDs\05-WMC\MU","Tr1_update2.png","NA","NA","C:/Users/Public/Experiments/IDs/05-WMC/MU/MU_SM01_results/MUsbj045.csv","update","1300","3","0","132061","133363"
"MU.osexp","C:\Users\Public\Experiments\IDs\05-WMC\MU","Tr1_update3.png","NA","NA","C:/Users/Public/Experiments/IDs/05-WMC/MU/MU_SM01_results/MUsbj045.csv","update","1300","3","0","133715","135017"
"MU.osexp","C:\Users\Public\Experiments\IDs\05-WMC\MU","Tr1_test1.png","4","140615","C:/Users/Public/Experiments/IDs/05-WMC/MU/MU_SM01_results/MUsbj045.csv","test","0","3","0","135395","140616"
"MU.osexp","C:\Users\Public\Experiments\IDs\05-WMC\MU","Tr1_test2.png","3","147447","C:/Users/Public/Experiments/IDs/05-WMC/MU/MU_SM01_results/MUsbj045.csv","test","0","3","0","141721","147447"
"MU.osexp","C:\Users\Public\Experiments\IDs\05-WMC\MU","Tr1_test3.png","8","150743","C:/Users/Public/Experiments/IDs/05-WMC/MU/MU_SM01_results/MUsbj045.csv","test","0","3","0","148562","150744"
"MU.osexp","C:\Users\Public\Experiments\IDs\05-WMC\MU","wait.png","8","150743","C:/Users/Public/Experiments/IDs/05-WMC/MU/MU_SM01_results/MUsbj045.csv","wait","5000","3","0","151874","150744"
"MU.osexp","C:\Users\Public\Experiments\IDs\05-WMC\MU","fixation.png","8","150743","C:/Users/Public/Experiments/IDs/05-WMC/MU/MU_SM01_results/MUsbj045.csv","fix","1500","3","0","156966","150744"
"MU.osexp","C:\Users\Public\Experiments\IDs\05-WMC\MU","Tr2_study1.png","8","150743","C:/Users/Public/Experiments/IDs/05-WMC/MU/MU_SM01_results/MUsbj045.csv","study","1000","3","0","158595","159597"
"MU.osexp","C:\Users\Public\Experiments\IDs\05-WMC\MU","Tr2_study2.png","8","150743","C:/Users/Public/Experiments/IDs/05-WMC/MU/MU_SM01_results/MUsbj045.csv","study","1000","3","0","159962","160964"
"MU.osexp","C:\Users\Public\Experiments\IDs\05-WMC\MU","Tr2_study3.png","8","150743","C:/Users/Public/Experiments/IDs/05-WMC/MU/MU_SM01_results/MUsbj045.csv","study","1000","3","0","161339","162341"
"MU.osexp","C:\Users\Public\Experiments\IDs\05-WMC\MU","Tr2_update1.png","8","150743","C:/Users/Public/Experiments/IDs/05-WMC/MU/MU_SM01_results/MUsbj045.csv","update","1300","3","0","162680","163982"
"MU.osexp","C:\Users\Public\Experiments\IDs\05-WMC\MU","Tr2_update2.png","8","150743","C:/Users/Public/Experiments/IDs/05-WMC/MU/MU_SM01_results/MUsbj045.csv","update","1300","3","0","164352","165654"
"MU.osexp","C:\Users\Public\Experiments\IDs\05-WMC\MU","Tr2_update3.png","8","150743","C:/Users/Public/Experiments/IDs/05-WMC/MU/MU_SM01_results/MUsbj045.csv","update","1300","3","0","165998","167300"
"MU.osexp","C:\Users\Public\Experiments\IDs\05-WMC\MU","Tr2_test1.png","6","171343","C:/Users/Public/Experiments/IDs/05-WMC/MU/MU_SM01_results/MUsbj045.csv","test","0","3","0","167657","171344"
"MU.osexp","C:\Users\Public\Experiments\IDs\05-WMC\MU","Tr2_test2.png","6","177063","C:/Users/Public/Experiments/IDs/05-WMC/MU/MU_SM01_results/MUsbj045.csv","test","0","3","0","172447","177064"
"MU.osexp","C:\Users\Public\Experiments\IDs\05-WMC\MU","Tr2_test3.png","2","179359","C:/Users/Public/Experiments/IDs/05-WMC/MU/MU_SM01_results/MUsbj045.csv","test","0","3","0","178171","179360"
"MU.osexp","C:\Users\Public\Experiments\IDs\05-WMC\MU","ready2.png","2","179359","C:/Users/Public/Experiments/IDs/05-WMC/MU/MU_SM01_results/MUsbj045.csv","pre","0","3","0","187577","179360"
"MU.osexp","C:\Users\Public\Experiments\IDs\05-WMC\MU","fixation.png","2","179359","C:/Users/Public/Experiments/IDs/05-WMC/MU/MU_SM01_results/MUsbj045.csv","fix","1500","3","0","192113","179360"
"MU.osexp","C:\Users\Public\Experiments\IDs\05-WMC\MU","Tr3_study1.png","2","179359","C:/Users/Public/Experiments/IDs/05-WMC/MU/MU_SM01_results/MUsbj045.csv","study","1000","3","0","193712","194714"
"MU.osexp","C:\Users\Public\Experiments\IDs\05-WMC\MU","Tr3_study2.png","2","179359","C:/Users/Public/Experiments/IDs/05-WMC/MU/MU_SM01_results/MUsbj045.csv","study","1000","3","0","195089","196091"
"MU.osexp","C:\Users\Public\Experiments\IDs\05-WMC\MU","Tr3_study3.png","2","179359","C:/Users/Public/Experiments/IDs/05-WMC/MU/MU_SM01_results/MUsbj045.csv","study","1000","3","0","196432","197434"
"MU.osexp","C:\Users\Public\Experiments\IDs\05-WMC\MU","Tr3_update1.png","2","179359","C:/Users/Public/Experiments/IDs/05-WMC/MU/MU_SM01_results/MUsbj045.csv","update","1300","3","0","197802","199104"
"MU.osexp","C:\Users\Public\Experiments\IDs\05-WMC\MU","Tr3_update2.png","2","179359","C:/Users/Public/Experiments/IDs/05-WMC/MU/MU_SM01_results/MUsbj045.csv","update","1300","3","0","199560","200862"
"MU.osexp","C:\Users\Public\Experiments\IDs\05-WMC\MU","Tr3_update3.png","2","179359","C:/Users/Public/Experiments/IDs/05-WMC/MU/MU_SM01_results/MUsbj045.csv","update","1300","3","0","201212","202514"
"MU.osexp","C:\Users\Public\Experiments\IDs\05-WMC\MU","Tr3_test1.png","9","206127","C:/Users/Public/Experiments/IDs/05-WMC/MU/MU_SM01_results/MUsbj045.csv","test","0","3","0","202868","206128"
"MU.osexp","C:\Users\Public\Experiments\IDs\05-WMC\MU","Tr3_test2.png","7","212031","C:/Users/Public/Experiments/IDs/05-WMC/MU/MU_SM01_results/MUsbj045.csv","test","0","3","0","207227","212032"
"MU.osexp","C:\Users\Public\Experiments\IDs\05-WMC\MU","Tr3_test3.png","4","213415","C:/Users/Public/Experiments/IDs/05-WMC/MU/MU_SM01_results/MUsbj045.csv","test","0","3","0","213142","213416"
"MU.osexp","C:\Users\Public\Experiments\IDs\05-WMC\MU","wait.png","4","213415","C:/Users/Public/Experiments/IDs/05-WMC/MU/MU_SM01_results/MUsbj045.csv","wait","5000","4","0","214550","213416"
"MU.osexp","C:\Users\Public\Experiments\IDs\05-WMC\MU","fixation.png","4","213415","C:/Users/Public/Experiments/IDs/05-WMC/MU/MU_SM01_results/MUsbj045.csv","fix","1500","4","0","219771","213416"
"MU.osexp","C:\Users\Public\Experiments\IDs\05-WMC\MU","Tr4_study1.png","4","213415","C:/Users/Public/Experiments/IDs/05-WMC/MU/MU_SM01_results/MUsbj045.csv","study","1000","4","0","221395","222397"
"MU.osexp","C:\Users\Public\Experiments\IDs\05-WMC\MU","Tr4_study2.png","4","213415","C:/Users/Public/Experiments/IDs/05-WMC/MU/MU_SM01_results/MUsbj045.csv","study","1000","4","0","222762","223764"
"MU.osexp","C:\Users\Public\Experiments\IDs\05-WMC\MU","Tr4_study3.png","4","213415","C:/Users/Public/Experiments/IDs/05-WMC/MU/MU_SM01_results/MUsbj045.csv","study","1000","4","0","224124","225126"
"MU.osexp","C:\Users\Public\Experiments\IDs\05-WMC\MU","Tr4_study4.png","4","213415","C:/Users/Public/Experiments/IDs/05-WMC/MU/MU_SM01_results/MUsbj045.csv","study","1000","4","0","225504","226506"
"MU.osexp","C:\Users\Public\Experiments\IDs\05-WMC\MU","Tr4_update1.png","4","213415","C:/Users/Public/Experiments/IDs/05-WMC/MU/MU_SM01_results/MUsbj045.csv","update","1300","4","0","226863","228165"
"MU.osexp","C:\Users\Public\Experiments\IDs\05-WMC\MU","Tr4_update2.png","4","213415","C:/Users/Public/Experiments/IDs/05-WMC/MU/MU_SM01_results/MUsbj045.csv","update","1300","4","0","228513","229815"
"MU.osexp","C:\Users\Public\Experiments\IDs\05-WMC\MU","Tr4_update3.png","4","213415","C:/Users/Public/Experiments/IDs/05-WMC/MU/MU_SM01_results/MUsbj045.csv","update","1300","4","0","230172","231474"
"MU.osexp","C:\Users\Public\Experiments\IDs\05-WMC\MU","Tr4_update4.png","4","213415","C:/Users/Public/Experiments/IDs/05-WMC/MU/MU_SM01_results/MUsbj045.csv","update","1300","4","0","231856","233158"
"MU.osexp","C:\Users\Public\Experiments\IDs\05-WMC\MU","Tr4_test1.png","7","235807","C:/Users/Public/Experiments/IDs/05-WMC/MU/MU_SM01_results/MUsbj045.csv","test","0","4","0","233522","235807"
"MU.osexp","C:\Users\Public\Experiments\IDs\05-WMC\MU","Tr4_test2.png","6","237782","C:/Users/Public/Experiments/IDs/05-WMC/MU/MU_SM01_results/MUsbj045.csv","test","0","4","0","236911","237783"
"MU.osexp","C:\Users\Public\Experiments\IDs\05-WMC\MU","Tr4_test3.png","2","242879","C:/Users/Public/Experiments/IDs/05-WMC/MU/MU_SM01_results/MUsbj045.csv","test","0","4","0","238893","242880"
"MU.osexp","C:\Users\Public\Experiments\IDs\05-WMC\MU","Tr4_test4.png","1","245639","C:/Users/Public/Experiments/IDs/05-WMC/MU/MU_SM01_results/MUsbj045.csv","test","0","4","0","243993","245640"
"MU.osexp","C:\Users\Public\Experiments\IDs\05-WMC\MU","wait.png","1","245639","C:/Users/Public/Experiments/IDs/05-WMC/MU/MU_SM01_results/MUsbj045.csv","wait","5000","3","0","246751","245640"
"MU.osexp","C:\Users\Public\Experiments\IDs\05-WMC\MU","fixation.png","1","245639","C:/Users/Public/Experiments/IDs/05-WMC/MU/MU_SM01_results/MUsbj045.csv","fix","1500","3","0","251878","245640"
"MU.osexp","C:\Users\Public\Experiments\IDs\05-WMC\MU","Tr5_study1.png","1","245639","C:/Users/Public/Experiments/IDs/05-WMC/MU/MU_SM01_results/MUsbj045.csv","study","1000","3","0","253514","254516"
"MU.osexp","C:\Users\Public\Experiments\IDs\05-WMC\MU","Tr5_study2.png","1","245639","C:/Users/Public/Experiments/IDs/05-WMC/MU/MU_SM01_results/MUsbj045.csv","study","1000","3","0","254898","255900"
"MU.osexp","C:\Users\Public\Experiments\IDs\05-WMC\MU","Tr5_study3.png","1","245639","C:/Users/Public/Experiments/IDs/05-WMC/MU/MU_SM01_results/MUsbj045.csv","study","1000","3","0","256256","257258"
"MU.osexp","C:\Users\Public\Experiments\IDs\05-WMC\MU","Tr5_update1.png","1","245639","C:/Users/Public/Experiments/IDs/05-WMC/MU/MU_SM01_results/MUsbj045.csv","update","1300","3","0","257631","258933"
"MU.osexp","C:\Users\Public\Experiments\IDs\05-WMC\MU","Tr5_update2.png","1","245639","C:/Users/Public/Experiments/IDs/05-WMC/MU/MU_SM01_results/MUsbj045.csv","update","1300","3","0","259293","260595"
"MU.osexp","C:\Users\Public\Experiments\IDs\05-WMC\MU","Tr5_update3.png","1","245639","C:/Users/Public/Experiments/IDs/05-WMC/MU/MU_SM01_results/MUsbj045.csv","update","1300","3","0","260982","262284"
"MU.osexp","C:\Users\Public\Experiments\IDs\05-WMC\MU","Tr5_update4.png","1","245639","C:/Users/Public/Experiments/IDs/05-WMC/MU/MU_SM01_results/MUsbj045.csv","update","1300","3","0","262666","263968"
"MU.osexp","C:\Users\Public\Experiments\IDs\05-WMC\MU","Tr5_update5.png","1","245639","C:/Users/Public/Experiments/IDs/05-WMC/MU/MU_SM01_results/MUsbj045.csv","update","1300","3","0","264331","265633"
"MU.osexp","C:\Users\Public\Experiments\IDs\05-WMC\MU","Tr5_update6.png","1","245639","C:/Users/Public/Experiments/IDs/05-WMC/MU/MU_SM01_results/MUsbj045.csv","update","1300","3","0","265972","267274"
"MU.osexp","C:\Users\Public\Experiments\IDs\05-WMC\MU","Tr5_test1.png","5","271967","C:/Users/Public/Experiments/IDs/05-WMC/MU/MU_SM01_results/MUsbj045.csv","test","0","3","0","267636","271967"
"MU.osexp","C:\Users\Public\Experiments\IDs\05-WMC\MU","Tr5_test2.png","2","274135","C:/Users/Public/Experiments/IDs/05-WMC/MU/MU_SM01_results/MUsbj045.csv","test","0","3","0","273082","274136"
"MU.osexp","C:\Users\Public\Experiments\IDs\05-WMC\MU","Tr5_test3.png","2","275839","C:/Users/Public/Experiments/IDs/05-WMC/MU/MU_SM01_results/MUsbj045.csv","test","0","3","0","275285","275840"
"MU.osexp","C:\Users\Public\Experiments\IDs\05-WMC\MU","wait.png","2","275839","C:/Users/Public/Experiments/IDs/05-WMC/MU/MU_SM01_results/MUsbj045.csv","wait","5000","4","0","276951","275840"
"MU.osexp","C:\Users\Public\Experiments\IDs\05-WMC\MU","fixation.png","2","275839","C:/Users/Public/Experiments/IDs/05-WMC/MU/MU_SM01_results/MUsbj045.csv","fix","1500","4","0","282062","275840"
"MU.osexp","C:\Users\Public\Experiments\IDs\05-WMC\MU","Tr6_study1.png","2","275839","C:/Users/Public/Experiments/IDs/05-WMC/MU/MU_SM01_results/MUsbj045.csv","study","1000","4","0","283682","284684"
"MU.osexp","C:\Users\Public\Experiments\IDs\05-WMC\MU","Tr6_study2.png","2","275839","C:/Users/Public/Experiments/IDs/05-WMC/MU/MU_SM01_results/MUsbj045.csv","study","1000","4","0","285023","286025"
"MU.osexp","C:\Users\Public\Experiments\IDs\05-WMC\MU","Tr6_study3.png","2","275839","C:/Users/Public/Experiments/IDs/05-WMC/MU/MU_SM01_results/MUsbj045.csv","study","1000","4","0","286393","287395"
"MU.osexp","C:\Users\Public\Experiments\IDs\05-WMC\MU","Tr6_study4.png","2","275839","C:/Users/Public/Experiments/IDs/05-WMC/MU/MU_SM01_results/MUsbj045.csv","study","1000","4","0","287754","288756"
"MU.osexp","C:\Users\Public\Experiments\IDs\05-WMC\MU","Tr6_update1.png","2","275839","C:/Users/Public/Experiments/IDs/05-WMC/MU/MU_SM01_results/MUsbj045.csv","update","1300","4","0","289117","290419"
"MU.osexp","C:\Users\Public\Experiments\IDs\05-WMC\MU","Tr6_update2.png","2","275839","C:/Users/Public/Experiments/IDs/05-WMC/MU/MU_SM01_results/MUsbj045.csv","update","1300","4","0","290784","292086"
"MU.osexp","C:\Users\Public\Experiments\IDs\05-WMC\MU","Tr6_update3.png","2","275839","C:/Users/Public/Experiments/IDs/05-WMC/MU/MU_SM01_results/MUsbj045.csv","update","1300","4","0","292443","293745"
"MU.osexp","C:\Users\Public\Experiments\IDs\05-WMC\MU","Tr6_update4.png","2","275839","C:/Users/Public/Experiments/IDs/05-WMC/MU/MU_SM01_results/MUsbj045.csv","update","1300","4","0","294093","295395"
"MU.osexp","C:\Users\Public\Experiments\IDs\05-WMC\MU","Tr6_update5.png","2","275839","C:/Users/Public/Experiments/IDs/05-WMC/MU/MU_SM01_results/MUsbj045.csv","update","1300","4","0","295761","297063"
"MU.osexp","C:\Users\Public\Experiments\IDs\05-WMC\MU","Tr6_test1.png","6","301927","C:/Users/Public/Experiments/IDs/05-WMC/MU/MU_SM01_results/MUsbj045.csv","test","0","4","0","297436","301928"
"MU.osexp","C:\Users\Public\Experiments\IDs\05-WMC\MU","Tr6_test2.png","7","305119","C:/Users/Public/Experiments/IDs/05-WMC/MU/MU_SM01_results/MUsbj045.csv","test","0","4","0","303006","305120"
"MU.osexp","C:\Users\Public\Experiments\IDs\05-WMC\MU","Tr6_test3.png","6","307343","C:/Users/Public/Experiments/IDs/05-WMC/MU/MU_SM01_results/MUsbj045.csv","test","0","4","0","306240","307343"
"MU.osexp","C:\Users\Public\Experiments\IDs\05-WMC\MU","Tr6_test4.png","8","309375","C:/Users/Public/Experiments/IDs/05-WMC/MU/MU_SM01_results/MUsbj045.csv","test","0","4","0","308454","309376"
"MU.osexp","C:\Users\Public\Experiments\IDs\05-WMC\MU","wait.png","8","309375","C:/Users/Public/Experiments/IDs/05-WMC/MU/MU_SM01_results/MUsbj045.csv","wait","5000","5","0","310493","309376"
"MU.osexp","C:\Users\Public\Experiments\IDs\05-WMC\MU","fixation.png","8","309375","C:/Users/Public/Experiments/IDs/05-WMC/MU/MU_SM01_results/MUsbj045.csv","fix","1500","5","0","315604","309376"
"MU.osexp","C:\Users\Public\Experiments\IDs\05-WMC\MU","Tr7_study1.png","8","309375","C:/Users/Public/Experiments/IDs/05-WMC/MU/MU_SM01_results/MUsbj045.csv","study","1000","5","0","317233","318235"
"MU.osexp","C:\Users\Public\Experiments\IDs\05-WMC\MU","Tr7_study2.png","8","309375","C:/Users/Public/Experiments/IDs/05-WMC/MU/MU_SM01_results/MUsbj045.csv","study","1000","5","0","318601","319603"
"MU.osexp","C:\Users\Public\Experiments\IDs\05-WMC\MU","Tr7_study3.png","8","309375","C:/Users/Public/Experiments/IDs/05-WMC/MU/MU_SM01_results/MUsbj045.csv","study","1000","5","0","319971","320973"
"MU.osexp","C:\Users\Public\Experiments\IDs\05-WMC\MU","Tr7_study4.png","8","309375","C:/Users/Public/Experiments/IDs/05-WMC/MU/MU_SM01_results/MUsbj045.csv","study","1000","5","0","321332","322334"
"MU.osexp","C:\Users\Public\Experiments\IDs\05-WMC\MU","Tr7_study5.png","8","309375","C:/Users/Public/Experiments/IDs/05-WMC/MU/MU_SM01_results/MUsbj045.csv","study","1000","5","0","322696","323698"
"MU.osexp","C:\Users\Public\Experiments\IDs\05-WMC\MU","Tr7_update1.png","8","309375","C:/Users/Public/Experiments/IDs/05-WMC/MU/MU_SM01_results/MUsbj045.csv","update","1300","5","0","324057","325359"
"MU.osexp","C:\Users\Public\Experiments\IDs\05-WMC\MU","Tr7_update2.png","8","309375","C:/Users/Public/Experiments/IDs/05-WMC/MU/MU_SM01_results/MUsbj045.csv","update","1300","5","0","325692","326994"
"MU.osexp","C:\Users\Public\Experiments\IDs\05-WMC\MU","Tr7_update3.png","8","309375","C:/Users/Public/Experiments/IDs/05-WMC/MU/MU_SM01_results/MUsbj045.csv","update","1300","5","0","327352","328654"
"MU.osexp","C:\Users\Public\Experiments\IDs\05-WMC\MU","Tr7_update4.png","8","309375","C:/Users/Public/Experiments/IDs/05-WMC/MU/MU_SM01_results/MUsbj045.csv","update","1300","5","0","328986","330288"
"MU.osexp","C:\Users\Public\Experiments\IDs\05-WMC\MU","Tr7_update5.png","8","309375","C:/Users/Public/Experiments/IDs/05-WMC/MU/MU_SM01_results/MUsbj045.csv","update","1300","5","0","330660","331962"
"MU.osexp","C:\Users\Public\Experiments\IDs\05-WMC\MU","Tr7_test1.png","1","333839","C:/Users/Public/Experiments/IDs/05-WMC/MU/MU_SM01_results/MUsbj045.csv","test","0","5","0","332314","333840"
"MU.osexp","C:\Users\Public\Experiments\IDs\05-WMC\MU","Tr7_test2.png","4","337503","C:/Users/Public/Experiments/IDs/05-WMC/MU/MU_SM01_results/MUsbj045.csv","test","0","5","0","334971","337504"
"MU.osexp","C:\Users\Public\Experiments\IDs\05-WMC\MU","Tr7_test3.png","1","339927","C:/Users/Public/Experiments/IDs/05-WMC/MU/MU_SM01_results/MUsbj045.csv","test","0","5","0","338615","339928"
"MU.osexp","C:\Users\Public\Experiments\IDs\05-WMC\MU","Tr7_test4.png","3","342151","C:/Users/Public/Experiments/IDs/05-WMC/MU/MU_SM01_results/MUsbj045.csv","test","0","5","0","341042","342152"
"MU.osexp","C:\Users\Public\Experiments\IDs\05-WMC\MU","Tr7_test5.png","1","343927","C:/Users/Public/Experiments/IDs/05-WMC/MU/MU_SM01_results/MUsbj045.csv","test","0","5","0","343264","343928"
"MU.osexp","C:\Users\Public\Experiments\IDs\05-WMC\MU","wait.png","1","343927","C:/Users/Public/Experiments/IDs/05-WMC/MU/MU_SM01_results/MUsbj045.csv","wait","5000","4","0","345041","343928"
"MU.osexp","C:\Users\Public\Experiments\IDs\05-WMC\MU","fixation.png","1","343927","C:/Users/Public/Experiments/IDs/05-WMC/MU/MU_SM01_results/MUsbj045.csv","fix","1500","4","0","350119","343928"
"MU.osexp","C:\Users\Public\Experiments\IDs\05-WMC\MU","Tr8_study1.png","1","343927","C:/Users/Public/Experiments/IDs/05-WMC/MU/MU_SM01_results/MUsbj045.csv","study","1000","4","0","351693","352694"
"MU.osexp","C:\Users\Public\Experiments\IDs\05-WMC\MU","Tr8_study2.png","1","343927","C:/Users/Public/Experiments/IDs/05-WMC/MU/MU_SM01_results/MUsbj045.csv","study","1000","4","0","353009","354009"
"MU.osexp","C:\Users\Public\Experiments\IDs\05-WMC\MU","Tr8_study3.png","1","343927","C:/Users/Public/Experiments/IDs/05-WMC/MU/MU_SM01_results/MUsbj045.csv","study","1000","4","0","354342","355342"
"MU.osexp","C:\Users\Public\Experiments\IDs\05-WMC\MU","Tr8_study4.png","1","343927","C:/Users/Public/Experiments/IDs/05-WMC/MU/MU_SM01_results/MUsbj045.csv","study","1000","4","0","355671","356671"
"MU.osexp","C:\Users\Public\Experiments\IDs\05-WMC\MU","Tr8_update1.png","1","343927","C:/Users/Public/Experiments/IDs/05-WMC/MU/MU_SM01_results/MUsbj045.csv","update","1300","4","0","356987","358288"
"MU.osexp","C:\Users\Public\Experiments\IDs\05-WMC\MU","Tr8_update2.png","1","343927","C:/Users/Public/Experiments/IDs/05-WMC/MU/MU_SM01_results/MUsbj045.csv","update","1300","4","0","358628","359929"
"MU.osexp","C:\Users\Public\Experiments\IDs\05-WMC\MU","Tr8_update3.png","1","343927","C:/Users/Public/Experiments/IDs/05-WMC/MU/MU_SM01_results/MUsbj045.csv","update","1300","4","0","360254","361555"
"MU.osexp","C:\Users\Public\Experiments\IDs\05-WMC\MU","Tr8_test1.png","9","363895","C:/Users/Public/Experiments/IDs/05-WMC/MU/MU_SM01_results/MUsbj045.csv","test","0","4","0","361871","363896"
"MU.osexp","C:\Users\Public\Experiments\IDs\05-WMC\MU","Tr8_test2.png","8","367783","C:/Users/Public/Experiments/IDs/05-WMC/MU/MU_SM01_results/MUsbj045.csv","test","0","4","0","364979","367784"
"MU.osexp","C:\Users\Public\Experiments\IDs\05-WMC\MU","Tr8_test3.png","2","369639","C:/Users/Public/Experiments/IDs/05-WMC/MU/MU_SM01_results/MUsbj045.csv","test","0","4","0","368885","369640"
"MU.osexp","C:\Users\Public\Experiments\IDs\05-WMC\MU","Tr8_test4.png","5","372719","C:/Users/Public/Experiments/IDs/05-WMC/MU/MU_SM01_results/MUsbj045.csv","test","0","4","0","370761","372720"
"MU.osexp","C:\Users\Public\Experiments\IDs\05-WMC\MU","wait.png","5","372719","C:/Users/Public/Experiments/IDs/05-WMC/MU/MU_SM01_results/MUsbj045.csv","wait","5000","5","0","373831","372720"
"MU.osexp","C:\Users\Public\Experiments\IDs\05-WMC\MU","fixation.png","5","372719","C:/Users/Public/Experiments/IDs/05-WMC/MU/MU_SM01_results/MUsbj045.csv","fix","1500","5","0","378932","372720"
"MU.osexp","C:\Users\Public\Experiments\IDs\05-WMC\MU","Tr9_study1.png","5","372719","C:/Users/Public/Experiments/IDs/05-WMC/MU/MU_SM01_results/MUsbj045.csv","study","1000","5","0","380557","381559"
"MU.osexp","C:\Users\Public\Experiments\IDs\05-WMC\MU","Tr9_study2.png","5","372719","C:/Users/Public/Experiments/IDs/05-WMC/MU/MU_SM01_results/MUsbj045.csv","study","1000","5","0","381930","382932"
"MU.osexp","C:\Users\Public\Experiments\IDs\05-WMC\MU","Tr9_study3.png","5","372719","C:/Users/Public/Experiments/IDs/05-WMC/MU/MU_SM01_results/MUsbj045.csv","study","1000","5","0","383295","384297"
"MU.osexp","C:\Users\Public\Experiments\IDs\05-WMC\MU","Tr9_study4.png","5","372719","C:/Users/Public/Experiments/IDs/05-WMC/MU/MU_SM01_results/MUsbj045.csv","study","1000","5","0","384686","385688"
"MU.osexp","C:\Users\Public\Experiments\IDs\05-WMC\MU","Tr9_study5.png","5","372719","C:/Users/Public/Experiments/IDs/05-WMC/MU/MU_SM01_results/MUsbj045.csv","study","1000","5","0","386040","387042"
"MU.osexp","C:\Users\Public\Experiments\IDs\05-WMC\MU","Tr9_update1.png","5","372719","C:/Users/Public/Experiments/IDs/05-WMC/MU/MU_SM01_results/MUsbj045.csv","update","1300","5","0","387431","388733"
"MU.osexp","C:\Users\Public\Experiments\IDs\05-WMC\MU","Tr9_update2.png","5","372719","C:/Users/Public/Experiments/IDs/05-WMC/MU/MU_SM01_results/MUsbj045.csv","update","1300","5","0","389095","390397"
"MU.osexp","C:\Users\Public\Experiments\IDs\05-WMC\MU","Tr9_test1.png","4","392015","C:/Users/Public/Experiments/IDs/05-WMC/MU/MU_SM01_results/MUsbj045.csv","test","0","5","0","390731","392016"
"MU.osexp","C:\Users\Public\Experiments\IDs\05-WMC\MU","Tr9_test2.png","6","394263","C:/Users/Public/Experiments/IDs/05-WMC/MU/MU_SM01_results/MUsbj045.csv","test","0","5","0","393131","394264"
"MU.osexp","C:\Users\Public\Experiments\IDs\05-WMC\MU","Tr9_test3.png","5","396608","C:/Users/Public/Experiments/IDs/05-WMC/MU/MU_SM01_results/MUsbj045.csv","test","0","5","0","395357","396608"
"MU.osexp","C:\Users\Public\Experiments\IDs\05-WMC\MU","Tr9_test4.png","1","398151","C:/Users/Public/Experiments/IDs/05-WMC/MU/MU_SM01_results/MUsbj045.csv","test","0","5","0","397723","398152"
"MU.osexp","C:\Users\Public\Experiments\IDs\05-WMC\MU","Tr9_test5.png","3","400343","C:/Users/Public/Experiments/IDs/05-WMC/MU/MU_SM01_results/MUsbj045.csv","test","0","5","0","399264","400344"
"MU.osexp","C:\Users\Public\Experiments\IDs\05-WMC\MU","wait.png","3","400343","C:/Users/Public/Experiments/IDs/05-WMC/MU/MU_SM01_results/MUsbj045.csv","wait","5000","3","0","401448","400344"
"MU.osexp","C:\Users\Public\Experiments\IDs\05-WMC\MU","fixation.png","3","400343","C:/Users/Public/Experiments/IDs/05-WMC/MU/MU_SM01_results/MUsbj045.csv","fix","1500","3","0","406554","400344"
"MU.osexp","C:\Users\Public\Experiments\IDs\05-WMC\MU","Tr10_study1.png","3","400343","C:/Users/Public/Experiments/IDs/05-WMC/MU/MU_SM01_results/MUsbj045.csv","study","1000","3","0","408174","409176"
"MU.osexp","C:\Users\Public\Experiments\IDs\05-WMC\MU","Tr10_study2.png","3","400343","C:/Users/Public/Experiments/IDs/05-WMC/MU/MU_SM01_results/MUsbj045.csv","study","1000","3","0","409527","410529"
"MU.osexp","C:\Users\Public\Experiments\IDs\05-WMC\MU","Tr10_study3.png","3","400343","C:/Users/Public/Experiments/IDs/05-WMC/MU/MU_SM01_results/MUsbj045.csv","study","1000","3","0","410882","411884"
"MU.osexp","C:\Users\Public\Experiments\IDs\05-WMC\MU","Tr10_update1.png","3","400343","C:/Users/Public/Experiments/IDs/05-WMC/MU/MU_SM01_results/MUsbj045.csv","update","1300","3","0","412251","413552"
"MU.osexp","C:\Users\Public\Experiments\IDs\05-WMC\MU","Tr10_update2.png","3","400343","C:/Users/Public/Experiments/IDs/05-WMC/MU/MU_SM01_results/MUsbj045.csv","update","1300","3","0","413898","415200"
"MU.osexp","C:\Users\Public\Experiments\IDs\05-WMC\MU","Tr10_test1.png","5","416839","C:/Users/Public/Experiments/IDs/05-WMC/MU/MU_SM01_results/MUsbj045.csv","test","0","3","0","415575","416840"
"MU.osexp","C:\Users\Public\Experiments\IDs\05-WMC\MU","Tr10_test2.png","3","420511","C:/Users/Public/Experiments/IDs/05-WMC/MU/MU_SM01_results/MUsbj045.csv","test","0","3","0","417970","420512"
"MU.osexp","C:\Users\Public\Experiments\IDs\05-WMC\MU","Tr10_test3.png","5","421911","C:/Users/Public/Experiments/IDs/05-WMC/MU/MU_SM01_results/MUsbj045.csv","test","0","3","0","421639","421912"
"MU.osexp","C:\Users\Public\Experiments\IDs\05-WMC\MU","wait.png","5","421911","C:/Users/Public/Experiments/IDs/05-WMC/MU/MU_SM01_results/MUsbj045.csv","wait","5000","5","0","423033","421912"
"MU.osexp","C:\Users\Public\Experiments\IDs\05-WMC\MU","fixation.png","5","421911","C:/Users/Public/Experiments/IDs/05-WMC/MU/MU_SM01_results/MUsbj045.csv","fix","1500","5","0","428159","421912"
"MU.osexp","C:\Users\Public\Experiments\IDs\05-WMC\MU","Tr11_study1.png","5","421911","C:/Users/Public/Experiments/IDs/05-WMC/MU/MU_SM01_results/MUsbj045.csv","study","1000","5","0","429781","430783"
"MU.osexp","C:\Users\Public\Experiments\IDs\05-WMC\MU","Tr11_study2.png","5","421911","C:/Users/Public/Experiments/IDs/05-WMC/MU/MU_SM01_results/MUsbj045.csv","study","1000","5","0","431120","432122"
"MU.osexp","C:\Users\Public\Experiments\IDs\05-WMC\MU","Tr11_study3.png","5","421911","C:/Users/Public/Experiments/IDs/05-WMC/MU/MU_SM01_results/MUsbj045.csv","study","1000","5","0","432498","433500"
"MU.osexp","C:\Users\Public\Experiments\IDs\05-WMC\MU","Tr11_study4.png","5","421911","C:/Users/Public/Experiments/IDs/05-WMC/MU/MU_SM01_results/MUsbj045.csv","study","1000","5","0","433863","434865"
"MU.osexp","C:\Users\Public\Experiments\IDs\05-WMC\MU","Tr11_study5.png","5","421911","C:/Users/Public/Experiments/IDs/05-WMC/MU/MU_SM01_results/MUsbj045.csv","study","1000","5","0","435234","436236"
"MU.osexp","C:\Users\Public\Experiments\IDs\05-WMC\MU","Tr11_update1.png","5","421911","C:/Users/Public/Experiments/IDs/05-WMC/MU/MU_SM01_results/MUsbj045.csv","update","1300","5","0","436593","437895"
"MU.osexp","C:\Users\Public\Experiments\IDs\05-WMC\MU","Tr11_update2.png","5","421911","C:/Users/Public/Experiments/IDs/05-WMC/MU/MU_SM01_results/MUsbj045.csv","update","1300","5","0","438236","439538"
"MU.osexp","C:\Users\Public\Experiments\IDs\05-WMC\MU","Tr11_update3.png","5","421911","C:/Users/Public/Experiments/IDs/05-WMC/MU/MU_SM01_results/MUsbj045.csv","update","1300","5","0","439903","441205"
"MU.osexp","C:\Users\Public\Experiments\IDs\05-WMC\MU","Tr11_test1.png","1","444671","C:/Users/Public/Experiments/IDs/05-WMC/MU/MU_SM01_results/MUsbj045.csv","test","0","5","0","441572","444672"
"MU.osexp","C:\Users\Public\Experiments\IDs\05-WMC\MU","Tr11_test2.png","2","446671","C:/Users/Public/Experiments/IDs/05-WMC/MU/MU_SM01_results/MUsbj045.csv","test","0","5","0","445794","446672"
"MU.osexp","C:\Users\Public\Experiments\IDs\05-WMC\MU","Tr11_test3.png","6","449120","C:/Users/Public/Experiments/IDs/05-WMC/MU/MU_SM01_results/MUsbj045.csv","test","0","5","0","447794","449121"
"MU.osexp","C:\Users\Public\Experiments\IDs\05-WMC\MU","Tr11_test4.png","4","452383","C:/Users/Public/Experiments/IDs/05-WMC/MU/MU_SM01_results/MUsbj045.csv","test","0","5","0","450231","452384"
"MU.osexp","C:\Users\Public\Experiments\IDs\05-WMC\MU","Tr11_test5.png","7","453887","C:/Users/Public/Experiments/IDs/05-WMC/MU/MU_SM01_results/MUsbj045.csv","test","0","5","0","453485","453888"
"MU.osexp","C:\Users\Public\Experiments\IDs\05-WMC\MU","wait.png","7","453887","C:/Users/Public/Experiments/IDs/05-WMC/MU/MU_SM01_results/MUsbj045.csv","wait","5000","3","0","454985","453888"
"MU.osexp","C:\Users\Public\Experiments\IDs\05-WMC\MU","fixation.png","7","453887","C:/Users/Public/Experiments/IDs/05-WMC/MU/MU_SM01_results/MUsbj045.csv","fix","1500","3","0","460064","453888"
"MU.osexp","C:\Users\Public\Experiments\IDs\05-WMC\MU","Tr12_study1.png","7","453887","C:/Users/Public/Experiments/IDs/05-WMC/MU/MU_SM01_results/MUsbj045.csv","study","1000","3","0","461677","462679"
"MU.osexp","C:\Users\Public\Experiments\IDs\05-WMC\MU","Tr12_study2.png","7","453887","C:/Users/Public/Experiments/IDs/05-WMC/MU/MU_SM01_results/MUsbj045.csv","study","1000","3","0","463053","464055"
"MU.osexp","C:\Users\Public\Experiments\IDs\05-WMC\MU","Tr12_study3.png","7","453887","C:/Users/Public/Experiments/IDs/05-WMC/MU/MU_SM01_results/MUsbj045.csv","study","1000","3","0","464430","465432"
"MU.osexp","C:\Users\Public\Experiments\IDs\05-WMC\MU","Tr12_update1.png","7","453887","C:/Users/Public/Experiments/IDs/05-WMC/MU/MU_SM01_results/MUsbj045.csv","update","1300","3","0","465810","467112"
"MU.osexp","C:\Users\Public\Experiments\IDs\05-WMC\MU","Tr12_update2.png","7","453887","C:/Users/Public/Experiments/IDs/05-WMC/MU/MU_SM01_results/MUsbj045.csv","update","1300","3","0","467489","468791"
"MU.osexp","C:\Users\Public\Experiments\IDs\05-WMC\MU","Tr12_update3.png","7","453887","C:/Users/Public/Experiments/IDs/05-WMC/MU/MU_SM01_results/MUsbj045.csv","update","1300","3","0","469267","470569"
"MU.osexp","C:\Users\Public\Experiments\IDs\05-WMC\MU","Tr12_update4.png","7","453887","C:/Users/Public/Experiments/IDs/05-WMC/MU/MU_SM01_results/MUsbj045.csv","update","1300","3","0","470940","472242"
"MU.osexp","C:\Users\Public\Experiments\IDs\05-WMC\MU","Tr12_update5.png","7","453887","C:/Users/Public/Experiments/IDs/05-WMC/MU/MU_SM01_results/MUsbj045.csv","update","1300","3","0","472595","473897"
"MU.osexp","C:\Users\Public\Experiments\IDs\05-WMC\MU","Tr12_test1.png","1","475455","C:/Users/Public/Experiments/IDs/05-WMC/MU/MU_SM01_results/MUsbj045.csv","test","0","3","0","474253","475456"
"MU.osexp","C:\Users\Public\Experiments\IDs\05-WMC\MU","Tr12_test2.png","3","478383","C:/Users/Public/Experiments/IDs/05-WMC/MU/MU_SM01_results/MUsbj045.csv","test","0","3","0","476580","478384"
"MU.osexp","C:\Users\Public\Experiments\IDs\05-WMC\MU","Tr12_test3.png","4","479799","C:/Users/Public/Experiments/IDs/05-WMC/MU/MU_SM01_results/MUsbj045.csv","test","0","3","0","479511","479800"
"MU.osexp","C:\Users\Public\Experiments\IDs\05-WMC\MU","wait.png","4","479799","C:/Users/Public/Experiments/IDs/05-WMC/MU/MU_SM01_results/MUsbj045.csv","wait","5000","3","0","480932","479800"
"MU.osexp","C:\Users\Public\Experiments\IDs\05-WMC\MU","fixation.png","4","479799","C:/Users/Public/Experiments/IDs/05-WMC/MU/MU_SM01_results/MUsbj045.csv","fix","1500","3","0","486059","479800"
"MU.osexp","C:\Users\Public\Experiments\IDs\05-WMC\MU","Tr13_study1.png","4","479799","C:/Users/Public/Experiments/IDs/05-WMC/MU/MU_SM01_results/MUsbj045.csv","study","1000","3","0","487653","488655"
"MU.osexp","C:\Users\Public\Experiments\IDs\05-WMC\MU","Tr13_study2.png","4","479799","C:/Users/Public/Experiments/IDs/05-WMC/MU/MU_SM01_results/MUsbj045.csv","study","1000","3","0","488996","489998"
"MU.osexp","C:\Users\Public\Experiments\IDs\05-WMC\MU","Tr13_study3.png","4","479799","C:/Users/Public/Experiments/IDs/05-WMC/MU/MU_SM01_results/MUsbj045.csv","study","1000","3","0","490353","491355"
"MU.osexp","C:\Users\Public\Experiments\IDs\05-WMC\MU","Tr13_update1.png","4","479799","C:/Users/Public/Experiments/IDs/05-WMC/MU/MU_SM01_results/MUsbj045.csv","update","1300","3","0","491707","493010"
"MU.osexp","C:\Users\Public\Experiments\IDs\05-WMC\MU","Tr13_update2.png","4","479799","C:/Users/Public/Experiments/IDs/05-WMC/MU/MU_SM01_results/MUsbj045.csv","update","1300","3","0","493374","494676"
"MU.osexp","C:\Users\Public\Experiments\IDs\05-WMC\MU","Tr13_update3.png","4","479799","C:/Users/Public/Experiments/IDs/05-WMC/MU/MU_SM01_results/MUsbj045.csv","update","1300","3","0","495054","496356"
"MU.osexp","C:\Users\Public\Experiments\IDs\05-WMC\MU","Tr13_update4.png","4","479799","C:/Users/Public/Experiments/IDs/05-WMC/MU/MU_SM01_results/MUsbj045.csv","update","1300","3","0","496700","498002"
"MU.osexp","C:\Users\Public\Experiments\IDs\05-WMC\MU","Tr13_test1.png","3","499815","C:/Users/Public/Experiments/IDs/05-WMC/MU/MU_SM01_results/MUsbj045.csv","test","0","3","0","498367","499816"
"MU.osexp","C:\Users\Public\Experiments\IDs\05-WMC\MU","Tr13_test2.png","1","502032","C:/Users/Public/Experiments/IDs/05-WMC/MU/MU_SM01_results/MUsbj045.csv","test","0","3","0","500929","502032"
"MU.osexp","C:\Users\Public\Experiments\IDs\05-WMC\MU","Tr13_test3.png","9","505671","C:/Users/Public/Experiments/IDs/05-WMC/MU/MU_SM01_results/MUsbj045.csv","test","0","3","0","503159","505672"
"MU.osexp","C:\Users\Public\Experiments\IDs\05-WMC\MU","wait.png","9","505671","C:/Users/Public/Experiments/IDs/05-WMC/MU/MU_SM01_results/MUsbj045.csv","wait","5000","5","0","506790","505672"
"MU.osexp","C:\Users\Public\Experiments\IDs\05-WMC\MU","fixation.png","9","505671","C:/Users/Public/Experiments/IDs/05-WMC/MU/MU_SM01_results/MUsbj045.csv","fix","1500","5","0","511880","505672"
"MU.osexp","C:\Users\Public\Experiments\IDs\05-WMC\MU","Tr14_study1.png","9","505671","C:/Users/Public/Experiments/IDs/05-WMC/MU/MU_SM01_results/MUsbj045.csv","study","1000","5","0","513492","514494"
"MU.osexp","C:\Users\Public\Experiments\IDs\05-WMC\MU","Tr14_study2.png","9","505671","C:/Users/Public/Experiments/IDs/05-WMC/MU/MU_SM01_results/MUsbj045.csv","study","1000","5","0","514867","515869"
"MU.osexp","C:\Users\Public\Experiments\IDs\05-WMC\MU","Tr14_study3.png","9","505671","C:/Users/Public/Experiments/IDs/05-WMC/MU/MU_SM01_results/MUsbj045.csv","study","1000","5","0","516224","517226"
"MU.osexp","C:\Users\Public\Experiments\IDs\05-WMC\MU","Tr14_study4.png","9","505671","C:/Users/Public/Experiments/IDs/05-WMC/MU/MU_SM01_results/MUsbj045.csv","study","1000","5","0","517573","518575"
"MU.osexp","C:\Users\Public\Experiments\IDs\05-WMC\MU","Tr14_study5.png","9","505671","C:/Users/Public/Experiments/IDs/05-WMC/MU/MU_SM01_results/MUsbj045.csv","study","1000","5","0","518942","519944"
"MU.osexp","C:\Users\Public\Experiments\IDs\05-WMC\MU","Tr14_update1.png","9","505671","C:/Users/Public/Experiments/IDs/05-WMC/MU/MU_SM01_results/MUsbj045.csv","update","1300","5","0","520320","521622"
"MU.osexp","C:\Users\Public\Experiments\IDs\05-WMC\MU","Tr14_update2.png","9","505671","C:/Users/Public/Experiments/IDs/05-WMC/MU/MU_SM01_results/MUsbj045.csv","update","1300","5","0","522080","523383"
"MU.osexp","C:\Users\Public\Experiments\IDs\05-WMC\MU","Tr14_update3.png","9","505671","C:/Users/Public/Experiments/IDs/05-WMC/MU/MU_SM01_results/MUsbj045.csv","update","1300","5","0","523720","525022"
"MU.osexp","C:\Users\Public\Experiments\IDs\05-WMC\MU","Tr14_update4.png","9","505671","C:/Users/Public/Experiments/IDs/05-WMC/MU/MU_SM01_results/MUsbj045.csv","update","1300","5","0","525393","526695"
"MU.osexp","C:\Users\Public\Experiments\IDs\05-WMC\MU","Tr14_test1.png","8","528471","C:/Users/Public/Experiments/IDs/05-WMC/MU/MU_SM01_results/MUsbj045.csv","test","0","5","0","527020","528472"
"MU.osexp","C:\Users\Public\Experiments\IDs\05-WMC\MU","Tr14_test2.png","6","531159","C:/Users/Public/Experiments/IDs/05-WMC/MU/MU_SM01_results/MUsbj045.csv","test","0","5","0","529578","531160"
"MU.osexp","C:\Users\Public\Experiments\IDs\05-WMC\MU","Tr14_test3.png","4","534063","C:/Users/Public/Experiments/IDs/05-WMC/MU/MU_SM01_results/MUsbj045.csv","test","0","5","0","532380","534064"
"MU.osexp","C:\Users\Public\Experiments\IDs\05-WMC\MU","Tr14_test4.png","5","536344","C:/Users/Public/Experiments/IDs/05-WMC/MU/MU_SM01_results/MUsbj045.csv","test","0","5","0","535226","536345"
"MU.osexp","C:\Users\Public\Experiments\IDs\05-WMC\MU","Tr14_test5.png","8","538104","C:/Users/Public/Experiments/IDs/05-WMC/MU/MU_SM01_results/MUsbj045.csv","test","0","5","0","537539","538104"
"MU.osexp","C:\Users\Public\Experiments\IDs\05-WMC\MU","wait.png","8","538104","C:/Users/Public/Experiments/IDs/05-WMC/MU/MU_SM01_results/MUsbj045.csv","wait","5000","4","0","539197","538104"
"MU.osexp","C:\Users\Public\Experiments\IDs\05-WMC\MU","fixation.png","8","538104","C:/Users/Public/Experiments/IDs/05-WMC/MU/MU_SM01_results/MUsbj045.csv","fix","1500","4","0","544321","538104"
"MU.osexp","C:\Users\Public\Experiments\IDs\05-WMC\MU","Tr15_study1.png","8","538104","C:/Users/Public/Experiments/IDs/05-WMC/MU/MU_SM01_results/MUsbj045.csv","study","1000","4","0","545915","546917"
"MU.osexp","C:\Users\Public\Experiments\IDs\05-WMC\MU","Tr15_study2.png","8","538104","C:/Users/Public/Experiments/IDs/05-WMC/MU/MU_SM01_results/MUsbj045.csv","study","1000","4","0","547264","548266"
"MU.osexp","C:\Users\Public\Experiments\IDs\05-WMC\MU","Tr15_study3.png","8","538104","C:/Users/Public/Experiments/IDs/05-WMC/MU/MU_SM01_results/MUsbj045.csv","study","1000","4","0","548608","549610"
"MU.osexp","C:\Users\Public\Experiments\IDs\05-WMC\MU","Tr15_study4.png","8","538104","C:/Users/Public/Experiments/IDs/05-WMC/MU/MU_SM01_results/MUsbj045.csv","study","1000","4","0","549952","550954"
"MU.osexp","C:\Users\Public\Experiments\IDs\05-WMC\MU","Tr15_update1.png","8","538104","C:/Users/Public/Experiments/IDs/05-WMC/MU/MU_SM01_results/MUsbj045.csv","update","1300","4","0","551326","552629"
"MU.osexp","C:\Users\Public\Experiments\IDs\05-WMC\MU","Tr15_update2.png","8","538104","C:/Users/Public/Experiments/IDs/05-WMC/MU/MU_SM01_results/MUsbj045.csv","update","1300","4","0","552992","554294"
"MU.osexp","C:\Users\Public\Experiments\IDs\05-WMC\MU","Tr15_update3.png","8","538104","C:/Users/Public/Experiments/IDs/05-WMC/MU/MU_SM01_results/MUsbj045.csv","update","1300","4","0","554670","555972"
"MU.osexp","C:\Users\Public\Experiments\IDs\05-WMC\MU","Tr15_update4.png","8","538104","C:/Users/Public/Experiments/IDs/05-WMC/MU/MU_SM01_results/MUsbj045.csv","update","1300","4","0","556327","557629"
"MU.osexp","C:\Users\Public\Experiments\IDs\05-WMC\MU","Tr15_update5.png","8","538104","C:/Users/Public/Experiments/IDs/05-WMC/MU/MU_SM01_results/MUsbj045.csv","update","1300","4","0","558032","559334"
"MU.osexp","C:\Users\Public\Experiments\IDs\05-WMC\MU","Tr15_update6.png","8","538104","C:/Users/Public/Experiments/IDs/05-WMC/MU/MU_SM01_results/MUsbj045.csv","update","1300","4","0","559686","560988"
"MU.osexp","C:\Users\Public\Experiments\IDs\05-WMC\MU","Tr15_test1.png","9","562751","C:/Users/Public/Experiments/IDs/05-WMC/MU/MU_SM01_results/MUsbj045.csv","test","0","4","0","561362","562752"
"MU.osexp","C:\Users\Public\Experiments\IDs\05-WMC\MU","Tr15_test2.png","7","564983","C:/Users/Public/Experiments/IDs/05-WMC/MU/MU_SM01_results/MUsbj045.csv","test","0","4","0","563854","564984"
"MU.osexp","C:\Users\Public\Experiments\IDs\05-WMC\MU","Tr15_test3.png","8","566591","C:/Users/Public/Experiments/IDs/05-WMC/MU/MU_SM01_results/MUsbj045.csv","test","0","4","0","566112","566592"
"MU.osexp","C:\Users\Public\Experiments\IDs\05-WMC\MU","Tr15_test4.png","6","569375","C:/Users/Public/Experiments/IDs/05-WMC/MU/MU_SM01_results/MUsbj045.csv","test","0","4","0","567693","569376"
"MU.osexp","C:\Users\Public\Experiments\IDs\05-WMC\MU","wait.png","6","569375","C:/Users/Public/Experiments/IDs/05-WMC/MU/MU_SM01_results/MUsbj045.csv","wait","5000","4","0","570485","569376"
"MU.osexp","C:\Users\Public\Experiments\IDs\05-WMC\MU","fixation.png","6","569375","C:/Users/Public/Experiments/IDs/05-WMC/MU/MU_SM01_results/MUsbj045.csv","fix","1500","4","0","575664","569376"
"MU.osexp","C:\Users\Public\Experiments\IDs\05-WMC\MU","Tr16_study1.png","6","569375","C:/Users/Public/Experiments/IDs/05-WMC/MU/MU_SM01_results/MUsbj045.csv","study","1000","4","0","577296","578298"
"MU.osexp","C:\Users\Public\Experiments\IDs\05-WMC\MU","Tr16_study2.png","6","569375","C:/Users/Public/Experiments/IDs/05-WMC/MU/MU_SM01_results/MUsbj045.csv","study","1000","4","0","578670","579672"
"MU.osexp","C:\Users\Public\Experiments\IDs\05-WMC\MU","Tr16_study3.png","6","569375","C:/Users/Public/Experiments/IDs/05-WMC/MU/MU_SM01_results/MUsbj045.csv","study","1000","4","0","580055","581057"
"MU.osexp","C:\Users\Public\Experiments\IDs\05-WMC\MU","Tr16_study4.png","6","569375","C:/Users/Public/Experiments/IDs/05-WMC/MU/MU_SM01_results/MUsbj045.csv","study","1000","4","0","581406","582408"
"MU.osexp","C:\Users\Public\Experiments\IDs\05-WMC\MU","Tr16_update1.png","6","569375","C:/Users/Public/Experiments/IDs/05-WMC/MU/MU_SM01_results/MUsbj045.csv","update","1300","4","0","582763","584065"
"MU.osexp","C:\Users\Public\Experiments\IDs\05-WMC\MU","Tr16_update2.png","6","569375","C:/Users/Public/Experiments/IDs/05-WMC/MU/MU_SM01_results/MUsbj045.csv","update","1300","4","0","584426","585728"
"MU.osexp","C:\Users\Public\Experiments\IDs\05-WMC\MU","Tr16_test1.png","8","590136","C:/Users/Public/Experiments/IDs/05-WMC/MU/MU_SM01_results/MUsbj045.csv","test","0","4","0","586131","590136"
"MU.osexp","C:\Users\Public\Experiments\IDs\05-WMC\MU","Tr16_test2.png","3","592855","C:/Users/Public/Experiments/IDs/05-WMC/MU/MU_SM01_results/MUsbj045.csv","test","0","4","0","591277","592856"
"MU.osexp","C:\Users\Public\Experiments\IDs\05-WMC\MU","Tr16_test3.png","8","594759","C:/Users/Public/Experiments/IDs/05-WMC/MU/MU_SM01_results/MUsbj045.csv","test","0","4","0","593947","594760"
"MU.osexp","C:\Users\Public\Experiments\IDs\05-WMC\MU","Tr16_test4.png","6","596711","C:/Users/Public/Experiments/IDs/05-WMC/MU/MU_SM01_results/MUsbj045.csv","test","0","4","0","595872","596712"
"MU.osexp","C:\Users\Public\Experiments\IDs\05-WMC\MU","wait.png","6","596711","C:/Users/Public/Experiments/IDs/05-WMC/MU/MU_SM01_results/MUsbj045.csv","wait","5000","5","0","597816","596712"
"MU.osexp","C:\Users\Public\Experiments\IDs\05-WMC\MU","fixation.png","6","596711","C:/Users/Public/Experiments/IDs/05-WMC/MU/MU_SM01_results/MUsbj045.csv","fix","1500","5","0","602931","596712"
"MU.osexp","C:\Users\Public\Experiments\IDs\05-WMC\MU","Tr17_study1.png","6","596711","C:/Users/Public/Experiments/IDs/05-WMC/MU/MU_SM01_results/MUsbj045.csv","study","1000","5","0","604535","605537"
"MU.osexp","C:\Users\Public\Experiments\IDs\05-WMC\MU","Tr17_study2.png","6","596711","C:/Users/Public/Experiments/IDs/05-WMC/MU/MU_SM01_results/MUsbj045.csv","study","1000","5","0","605910","606912"
"MU.osexp","C:\Users\Public\Experiments\IDs\05-WMC\MU","Tr17_study3.png","6","596711","C:/Users/Public/Experiments/IDs/05-WMC/MU/MU_SM01_results/MUsbj045.csv","study","1000","5","0","607273","608275"
"MU.osexp","C:\Users\Public\Experiments\IDs\05-WMC\MU","Tr17_study4.png","6","596711","C:/Users/Public/Experiments/IDs/05-WMC/MU/MU_SM01_results/MUsbj045.csv","study","1000","5","0","608647","609649"
"MU.osexp","C:\Users\Public\Experiments\IDs\05-WMC\MU","Tr17_study5.png","6","596711","C:/Users/Public/Experiments/IDs/05-WMC/MU/MU_SM01_results/MUsbj045.csv","study","1000","5","0","610009","611011"
"MU.osexp","C:\Users\Public\Experiments\IDs\05-WMC\MU","Tr17_update1.png","6","596711","C:/Users/Public/Experiments/IDs/05-WMC/MU/MU_SM01_results/MUsbj045.csv","update","1300","5","0","611364","612666"
"MU.osexp","C:\Users\Public\Experiments\IDs\05-WMC\MU","Tr17_update2.png","6","596711","C:/Users/Public/Experiments/IDs/05-WMC/MU/MU_SM01_results/MUsbj045.csv","update","1300","5","0","613007","614309"
"MU.osexp","C:\Users\Public\Experiments\IDs\05-WMC\MU","Tr17_update3.png","6","596711","C:/Users/Public/Experiments/IDs/05-WMC/MU/MU_SM01_results/MUsbj045.csv","update","1300","5","0","614673","615975"
"MU.osexp","C:\Users\Public\Experiments\IDs\05-WMC\MU","Tr17_update4.png","6","596711","C:/Users/Public/Experiments/IDs/05-WMC/MU/MU_SM01_results/MUsbj045.csv","update","1300","5","0","616320","617622"
"MU.osexp","C:\Users\Public\Experiments\IDs\05-WMC\MU","Tr17_update5.png","6","596711","C:/Users/Public/Experiments/IDs/05-WMC/MU/MU_SM01_results/MUsbj045.csv","update","1300","5","0","617972","619274"
"MU.osexp","C:\Users\Public\Experiments\IDs\05-WMC\MU","Tr17_update6.png","6","596711","C:/Users/Public/Experiments/IDs/05-WMC/MU/MU_SM01_results/MUsbj045.csv","update","1300","5","0","619645","620947"
"MU.osexp","C:\Users\Public\Experiments\IDs\05-WMC\MU","Tr17_test1.png","3","625616","C:/Users/Public/Experiments/IDs/05-WMC/MU/MU_SM01_results/MUsbj045.csv","test","0","5","0","621322","625616"
"MU.osexp","C:\Users\Public\Experiments\IDs\05-WMC\MU","Tr17_test2.png","1","627927","C:/Users/Public/Experiments/IDs/05-WMC/MU/MU_SM01_results/MUsbj045.csv","test","0","5","0","626737","627928"
"MU.osexp","C:\Users\Public\Experiments\IDs\05-WMC\MU","Tr17_test3.png","4","630431","C:/Users/Public/Experiments/IDs/05-WMC/MU/MU_SM01_results/MUsbj045.csv","test","0","5","0","629024","630432"
"MU.osexp","C:\Users\Public\Experiments\IDs\05-WMC\MU","Tr17_test4.png","8","633983","C:/Users/Public/Experiments/IDs/05-WMC/MU/MU_SM01_results/MUsbj045.csv","test","0","5","0","631528","633984"
"MU.osexp","C:\Users\Public\Experiments\IDs\05-WMC\MU","Tr17_test5.png","9","635471","C:/Users/Public/Experiments/IDs/05-WMC/MU/MU_SM01_results/MUsbj045.csv","test","0","5","0","635102","635472"
