"experiment_file","experiment_path","image","key","key_time","logfile","phase","playtime","setSize","subject_nr","timestamp","waittime"
"MU.osexp","C:\Users\Public\Experiments\SM01\05-WMC\MU","ready1.png","NA","NA","C:/Users/Public/Experiments/SM01/05-WMC/MU/MU_results/MUsbj004.csv","pre","0","3","4","121427","NA"
"MU.osexp","C:\Users\Public\Experiments\SM01\05-WMC\MU","fixation.png","NA","NA","C:/Users/Public/Experiments/SM01/05-WMC/MU/MU_results/MUsbj004.csv","fix","1500","3","4","125224","NA"
"MU.osexp","C:\Users\Public\Experiments\SM01\05-WMC\MU","Tr1_study1.png","NA","NA","C:/Users/Public/Experiments/SM01/05-WMC/MU/MU_results/MUsbj004.csv","study","1000","3","4","126836","127838"
"MU.osexp","C:\Users\Public\Experiments\SM01\05-WMC\MU","Tr1_study2.png","NA","NA","C:/Users/Public/Experiments/SM01/05-WMC/MU/MU_results/MUsbj004.csv","study","1000","3","4","128181","129183"
"MU.osexp","C:\Users\Public\Experiments\SM01\05-WMC\MU","Tr1_study3.png","NA","NA","C:/Users/Public/Experiments/SM01/05-WMC/MU/MU_results/MUsbj004.csv","study","1000","3","4","129553","130555"
"MU.osexp","C:\Users\Public\Experiments\SM01\05-WMC\MU","Tr1_update1.png","NA","NA","C:/Users/Public/Experiments/SM01/05-WMC/MU/MU_results/MUsbj004.csv","update","1300","3","4","130913","132215"
"MU.osexp","C:\Users\Public\Experiments\SM01\05-WMC\MU","Tr1_update2.png","NA","NA","C:/Users/Public/Experiments/SM01/05-WMC/MU/MU_results/MUsbj004.csv","update","1300","3","4","132570","133872"
"MU.osexp","C:\Users\Public\Experiments\SM01\05-WMC\MU","Tr1_update3.png","NA","NA","C:/Users/Public/Experiments/SM01/05-WMC/MU/MU_results/MUsbj004.csv","update","1300","3","4","134234","135536"
"MU.osexp","C:\Users\Public\Experiments\SM01\05-WMC\MU","Tr1_test1.png","3","144893","C:/Users/Public/Experiments/SM01/05-WMC/MU/MU_results/MUsbj004.csv","test","0","3","4","135919","144894"
"MU.osexp","C:\Users\Public\Experiments\SM01\05-WMC\MU","Tr1_test2.png","8","148566","C:/Users/Public/Experiments/SM01/05-WMC/MU/MU_results/MUsbj004.csv","test","0","3","4","145995","148567"
"MU.osexp","C:\Users\Public\Experiments\SM01\05-WMC\MU","Tr1_test3.png","0","150990","C:/Users/Public/Experiments/SM01/05-WMC/MU/MU_results/MUsbj004.csv","test","0","3","4","149662","150991"
"MU.osexp","C:\Users\Public\Experiments\SM01\05-WMC\MU","wait.png","0","150990","C:/Users/Public/Experiments/SM01/05-WMC/MU/MU_results/MUsbj004.csv","wait","5000","3","4","152085","150991"
"MU.osexp","C:\Users\Public\Experiments\SM01\05-WMC\MU","fixation.png","0","150990","C:/Users/Public/Experiments/SM01/05-WMC/MU/MU_results/MUsbj004.csv","fix","1500","3","4","157196","150991"
"MU.osexp","C:\Users\Public\Experiments\SM01\05-WMC\MU","Tr2_study1.png","0","150990","C:/Users/Public/Experiments/SM01/05-WMC/MU/MU_results/MUsbj004.csv","study","1000","3","4","158832","159834"
"MU.osexp","C:\Users\Public\Experiments\SM01\05-WMC\MU","Tr2_study2.png","0","150990","C:/Users/Public/Experiments/SM01/05-WMC/MU/MU_results/MUsbj004.csv","study","1000","3","4","160262","161264"
"MU.osexp","C:\Users\Public\Experiments\SM01\05-WMC\MU","Tr2_study3.png","0","150990","C:/Users/Public/Experiments/SM01/05-WMC/MU/MU_results/MUsbj004.csv","study","1000","3","4","161645","162647"
"MU.osexp","C:\Users\Public\Experiments\SM01\05-WMC\MU","Tr2_update1.png","0","150990","C:/Users/Public/Experiments/SM01/05-WMC/MU/MU_results/MUsbj004.csv","update","1300","3","4","162991","164293"
"MU.osexp","C:\Users\Public\Experiments\SM01\05-WMC\MU","Tr2_update2.png","0","150990","C:/Users/Public/Experiments/SM01/05-WMC/MU/MU_results/MUsbj004.csv","update","1300","3","4","164636","165938"
"MU.osexp","C:\Users\Public\Experiments\SM01\05-WMC\MU","Tr2_update3.png","0","150990","C:/Users/Public/Experiments/SM01/05-WMC/MU/MU_results/MUsbj004.csv","update","1300","3","4","166289","167591"
"MU.osexp","C:\Users\Public\Experiments\SM01\05-WMC\MU","Tr2_test1.png","6","175046","C:/Users/Public/Experiments/SM01/05-WMC/MU/MU_results/MUsbj004.csv","test","0","3","4","167960","175047"
"MU.osexp","C:\Users\Public\Experiments\SM01\05-WMC\MU","Tr2_test2.png","6","178333","C:/Users/Public/Experiments/SM01/05-WMC/MU/MU_results/MUsbj004.csv","test","0","3","4","176145","178334"
"MU.osexp","C:\Users\Public\Experiments\SM01\05-WMC\MU","Tr2_test3.png","1","181557","C:/Users/Public/Experiments/SM01/05-WMC/MU/MU_results/MUsbj004.csv","test","0","3","4","179435","181558"
"MU.osexp","C:\Users\Public\Experiments\SM01\05-WMC\MU","ready2.png","1","181557","C:/Users/Public/Experiments/SM01/05-WMC/MU/MU_results/MUsbj004.csv","pre","0","3","4","205096","181558"
"MU.osexp","C:\Users\Public\Experiments\SM01\05-WMC\MU","fixation.png","1","181557","C:/Users/Public/Experiments/SM01/05-WMC/MU/MU_results/MUsbj004.csv","fix","1500","3","4","206263","181558"
"MU.osexp","C:\Users\Public\Experiments\SM01\05-WMC\MU","Tr3_study1.png","1","181557","C:/Users/Public/Experiments/SM01/05-WMC/MU/MU_results/MUsbj004.csv","study","1000","3","4","207900","208902"
"MU.osexp","C:\Users\Public\Experiments\SM01\05-WMC\MU","Tr3_study2.png","1","181557","C:/Users/Public/Experiments/SM01/05-WMC/MU/MU_results/MUsbj004.csv","study","1000","3","4","209242","210244"
"MU.osexp","C:\Users\Public\Experiments\SM01\05-WMC\MU","Tr3_study3.png","1","181557","C:/Users/Public/Experiments/SM01/05-WMC/MU/MU_results/MUsbj004.csv","study","1000","3","4","210605","211607"
"MU.osexp","C:\Users\Public\Experiments\SM01\05-WMC\MU","Tr3_update1.png","1","181557","C:/Users/Public/Experiments/SM01/05-WMC/MU/MU_results/MUsbj004.csv","update","1300","3","4","211947","213249"
"MU.osexp","C:\Users\Public\Experiments\SM01\05-WMC\MU","Tr3_update2.png","1","181557","C:/Users/Public/Experiments/SM01/05-WMC/MU/MU_results/MUsbj004.csv","update","1300","3","4","213619","214921"
"MU.osexp","C:\Users\Public\Experiments\SM01\05-WMC\MU","Tr3_update3.png","1","181557","C:/Users/Public/Experiments/SM01/05-WMC/MU/MU_results/MUsbj004.csv","update","1300","3","4","215418","216722"
"MU.osexp","C:\Users\Public\Experiments\SM01\05-WMC\MU","Tr3_test1.png","9","221270","C:/Users/Public/Experiments/SM01/05-WMC/MU/MU_results/MUsbj004.csv","test","0","3","4","217086","221271"
"MU.osexp","C:\Users\Public\Experiments\SM01\05-WMC\MU","Tr3_test2.png","7","223366","C:/Users/Public/Experiments/SM01/05-WMC/MU/MU_results/MUsbj004.csv","test","0","3","4","222366","223367"
"MU.osexp","C:\Users\Public\Experiments\SM01\05-WMC\MU","Tr3_test3.png","7","224830","C:/Users/Public/Experiments/SM01/05-WMC/MU/MU_results/MUsbj004.csv","test","0","3","4","224459","224831"
"MU.osexp","C:\Users\Public\Experiments\SM01\05-WMC\MU","wait.png","7","224830","C:/Users/Public/Experiments/SM01/05-WMC/MU/MU_results/MUsbj004.csv","wait","5000","4","4","225922","224831"
"MU.osexp","C:\Users\Public\Experiments\SM01\05-WMC\MU","fixation.png","7","224830","C:/Users/Public/Experiments/SM01/05-WMC/MU/MU_results/MUsbj004.csv","fix","1500","4","4","231025","224831"
"MU.osexp","C:\Users\Public\Experiments\SM01\05-WMC\MU","Tr4_study1.png","7","224830","C:/Users/Public/Experiments/SM01/05-WMC/MU/MU_results/MUsbj004.csv","study","1000","4","4","232640","233642"
"MU.osexp","C:\Users\Public\Experiments\SM01\05-WMC\MU","Tr4_study2.png","7","224830","C:/Users/Public/Experiments/SM01/05-WMC/MU/MU_results/MUsbj004.csv","study","1000","4","4","233994","234996"
"MU.osexp","C:\Users\Public\Experiments\SM01\05-WMC\MU","Tr4_study3.png","7","224830","C:/Users/Public/Experiments/SM01/05-WMC/MU/MU_results/MUsbj004.csv","study","1000","4","4","235363","236365"
"MU.osexp","C:\Users\Public\Experiments\SM01\05-WMC\MU","Tr4_study4.png","7","224830","C:/Users/Public/Experiments/SM01/05-WMC/MU/MU_results/MUsbj004.csv","study","1000","4","4","236715","237717"
"MU.osexp","C:\Users\Public\Experiments\SM01\05-WMC\MU","Tr4_update1.png","7","224830","C:/Users/Public/Experiments/SM01/05-WMC/MU/MU_results/MUsbj004.csv","update","1300","4","4","238093","239395"
"MU.osexp","C:\Users\Public\Experiments\SM01\05-WMC\MU","Tr4_update2.png","7","224830","C:/Users/Public/Experiments/SM01/05-WMC/MU/MU_results/MUsbj004.csv","update","1300","4","4","239728","241030"
"MU.osexp","C:\Users\Public\Experiments\SM01\05-WMC\MU","Tr4_update3.png","7","224830","C:/Users/Public/Experiments/SM01/05-WMC/MU/MU_results/MUsbj004.csv","update","1300","4","4","241394","242696"
"MU.osexp","C:\Users\Public\Experiments\SM01\05-WMC\MU","Tr4_update4.png","7","224830","C:/Users/Public/Experiments/SM01/05-WMC/MU/MU_results/MUsbj004.csv","update","1300","4","4","243048","244351"
"MU.osexp","C:\Users\Public\Experiments\SM01\05-WMC\MU","Tr4_test1.png","3","246397","C:/Users/Public/Experiments/SM01/05-WMC/MU/MU_results/MUsbj004.csv","test","0","4","4","244709","246398"
"MU.osexp","C:\Users\Public\Experiments\SM01\05-WMC\MU","Tr4_test2.png","5","248837","C:/Users/Public/Experiments/SM01/05-WMC/MU/MU_results/MUsbj004.csv","test","0","4","4","247498","248838"
"MU.osexp","C:\Users\Public\Experiments\SM01\05-WMC\MU","Tr4_test3.png","1","251197","C:/Users/Public/Experiments/SM01/05-WMC/MU/MU_results/MUsbj004.csv","test","0","4","4","250042","251198"
"MU.osexp","C:\Users\Public\Experiments\SM01\05-WMC\MU","Tr4_test4.png","3","252854","C:/Users/Public/Experiments/SM01/05-WMC/MU/MU_results/MUsbj004.csv","test","0","4","4","252296","252855"
"MU.osexp","C:\Users\Public\Experiments\SM01\05-WMC\MU","wait.png","3","252854","C:/Users/Public/Experiments/SM01/05-WMC/MU/MU_results/MUsbj004.csv","wait","5000","3","4","253964","252855"
"MU.osexp","C:\Users\Public\Experiments\SM01\05-WMC\MU","fixation.png","3","252854","C:/Users/Public/Experiments/SM01/05-WMC/MU/MU_results/MUsbj004.csv","fix","1500","3","4","259056","252855"
"MU.osexp","C:\Users\Public\Experiments\SM01\05-WMC\MU","Tr5_study1.png","3","252854","C:/Users/Public/Experiments/SM01/05-WMC/MU/MU_results/MUsbj004.csv","study","1000","3","4","260688","261690"
"MU.osexp","C:\Users\Public\Experiments\SM01\05-WMC\MU","Tr5_study2.png","3","252854","C:/Users/Public/Experiments/SM01/05-WMC/MU/MU_results/MUsbj004.csv","study","1000","3","4","262029","263031"
"MU.osexp","C:\Users\Public\Experiments\SM01\05-WMC\MU","Tr5_study3.png","3","252854","C:/Users/Public/Experiments/SM01/05-WMC/MU/MU_results/MUsbj004.csv","study","1000","3","4","263391","264393"
"MU.osexp","C:\Users\Public\Experiments\SM01\05-WMC\MU","Tr5_update1.png","3","252854","C:/Users/Public/Experiments/SM01/05-WMC/MU/MU_results/MUsbj004.csv","update","1300","3","4","264727","266029"
"MU.osexp","C:\Users\Public\Experiments\SM01\05-WMC\MU","Tr5_update2.png","3","252854","C:/Users/Public/Experiments/SM01/05-WMC/MU/MU_results/MUsbj004.csv","update","1300","3","4","266399","267701"
"MU.osexp","C:\Users\Public\Experiments\SM01\05-WMC\MU","Tr5_update3.png","3","252854","C:/Users/Public/Experiments/SM01/05-WMC/MU/MU_results/MUsbj004.csv","update","1300","3","4","268042","269344"
"MU.osexp","C:\Users\Public\Experiments\SM01\05-WMC\MU","Tr5_update4.png","3","252854","C:/Users/Public/Experiments/SM01/05-WMC/MU/MU_results/MUsbj004.csv","update","1300","3","4","269705","271007"
"MU.osexp","C:\Users\Public\Experiments\SM01\05-WMC\MU","Tr5_update5.png","3","252854","C:/Users/Public/Experiments/SM01/05-WMC/MU/MU_results/MUsbj004.csv","update","1300","3","4","271342","272642"
"MU.osexp","C:\Users\Public\Experiments\SM01\05-WMC\MU","Tr5_update6.png","3","252854","C:/Users/Public/Experiments/SM01/05-WMC/MU/MU_results/MUsbj004.csv","update","1300","3","4","273025","274327"
"MU.osexp","C:\Users\Public\Experiments\SM01\05-WMC\MU","Tr5_test1.png","4","276366","C:/Users/Public/Experiments/SM01/05-WMC/MU/MU_results/MUsbj004.csv","test","0","3","4","274653","276367"
"MU.osexp","C:\Users\Public\Experiments\SM01\05-WMC\MU","Tr5_test2.png","5","278326","C:/Users/Public/Experiments/SM01/05-WMC/MU/MU_results/MUsbj004.csv","test","0","3","4","277463","278327"
"MU.osexp","C:\Users\Public\Experiments\SM01\05-WMC\MU","Tr5_test3.png","3","280206","C:/Users/Public/Experiments/SM01/05-WMC/MU/MU_results/MUsbj004.csv","test","0","3","4","279449","280207"
"MU.osexp","C:\Users\Public\Experiments\SM01\05-WMC\MU","wait.png","3","280206","C:/Users/Public/Experiments/SM01/05-WMC/MU/MU_results/MUsbj004.csv","wait","5000","4","4","281297","280207"
"MU.osexp","C:\Users\Public\Experiments\SM01\05-WMC\MU","fixation.png","3","280206","C:/Users/Public/Experiments/SM01/05-WMC/MU/MU_results/MUsbj004.csv","fix","1500","4","4","286396","280207"
"MU.osexp","C:\Users\Public\Experiments\SM01\05-WMC\MU","Tr6_study1.png","3","280206","C:/Users/Public/Experiments/SM01/05-WMC/MU/MU_results/MUsbj004.csv","study","1000","4","4","288020","289022"
"MU.osexp","C:\Users\Public\Experiments\SM01\05-WMC\MU","Tr6_study2.png","3","280206","C:/Users/Public/Experiments/SM01/05-WMC/MU/MU_results/MUsbj004.csv","study","1000","4","4","289376","290378"
"MU.osexp","C:\Users\Public\Experiments\SM01\05-WMC\MU","Tr6_study3.png","3","280206","C:/Users/Public/Experiments/SM01/05-WMC/MU/MU_results/MUsbj004.csv","study","1000","4","4","290728","291730"
"MU.osexp","C:\Users\Public\Experiments\SM01\05-WMC\MU","Tr6_study4.png","3","280206","C:/Users/Public/Experiments/SM01/05-WMC/MU/MU_results/MUsbj004.csv","study","1000","4","4","292096","293098"
"MU.osexp","C:\Users\Public\Experiments\SM01\05-WMC\MU","Tr6_update1.png","3","280206","C:/Users/Public/Experiments/SM01/05-WMC/MU/MU_results/MUsbj004.csv","update","1300","4","4","293480","294782"
"MU.osexp","C:\Users\Public\Experiments\SM01\05-WMC\MU","Tr6_update2.png","3","280206","C:/Users/Public/Experiments/SM01/05-WMC/MU/MU_results/MUsbj004.csv","update","1300","4","4","295135","296438"
"MU.osexp","C:\Users\Public\Experiments\SM01\05-WMC\MU","Tr6_update3.png","3","280206","C:/Users/Public/Experiments/SM01/05-WMC/MU/MU_results/MUsbj004.csv","update","1300","4","4","296787","298089"
"MU.osexp","C:\Users\Public\Experiments\SM01\05-WMC\MU","Tr6_update4.png","3","280206","C:/Users/Public/Experiments/SM01/05-WMC/MU/MU_results/MUsbj004.csv","update","1300","4","4","298436","299739"
"MU.osexp","C:\Users\Public\Experiments\SM01\05-WMC\MU","Tr6_update5.png","3","280206","C:/Users/Public/Experiments/SM01/05-WMC/MU/MU_results/MUsbj004.csv","update","1300","4","4","300101","301403"
"MU.osexp","C:\Users\Public\Experiments\SM01\05-WMC\MU","Tr6_test1.png","6","304574","C:/Users/Public/Experiments/SM01/05-WMC/MU/MU_results/MUsbj004.csv","test","0","4","4","301764","304575"
"MU.osexp","C:\Users\Public\Experiments\SM01\05-WMC\MU","Tr6_test2.png","2","306470","C:/Users/Public/Experiments/SM01/05-WMC/MU/MU_results/MUsbj004.csv","test","0","4","4","305758","306471"
"MU.osexp","C:\Users\Public\Experiments\SM01\05-WMC\MU","Tr6_test3.png","5","308222","C:/Users/Public/Experiments/SM01/05-WMC/MU/MU_results/MUsbj004.csv","test","0","4","4","307563","308223"
"MU.osexp","C:\Users\Public\Experiments\SM01\05-WMC\MU","Tr6_test4.png","6","310246","C:/Users/Public/Experiments/SM01/05-WMC/MU/MU_results/MUsbj004.csv","test","0","4","4","309349","310247"
"MU.osexp","C:\Users\Public\Experiments\SM01\05-WMC\MU","wait.png","6","310246","C:/Users/Public/Experiments/SM01/05-WMC/MU/MU_results/MUsbj004.csv","wait","5000","5","4","311336","310247"
"MU.osexp","C:\Users\Public\Experiments\SM01\05-WMC\MU","fixation.png","6","310246","C:/Users/Public/Experiments/SM01/05-WMC/MU/MU_results/MUsbj004.csv","fix","1500","5","4","316437","310247"
"MU.osexp","C:\Users\Public\Experiments\SM01\05-WMC\MU","Tr7_study1.png","6","310246","C:/Users/Public/Experiments/SM01/05-WMC/MU/MU_results/MUsbj004.csv","study","1000","5","4","318039","319042"
"MU.osexp","C:\Users\Public\Experiments\SM01\05-WMC\MU","Tr7_study2.png","6","310246","C:/Users/Public/Experiments/SM01/05-WMC/MU/MU_results/MUsbj004.csv","study","1000","5","4","319394","320396"
"MU.osexp","C:\Users\Public\Experiments\SM01\05-WMC\MU","Tr7_study3.png","6","310246","C:/Users/Public/Experiments/SM01/05-WMC/MU/MU_results/MUsbj004.csv","study","1000","5","4","320761","321764"
"MU.osexp","C:\Users\Public\Experiments\SM01\05-WMC\MU","Tr7_study4.png","6","310246","C:/Users/Public/Experiments/SM01/05-WMC/MU/MU_results/MUsbj004.csv","study","1000","5","4","322102","323104"
"MU.osexp","C:\Users\Public\Experiments\SM01\05-WMC\MU","Tr7_study5.png","6","310246","C:/Users/Public/Experiments/SM01/05-WMC/MU/MU_results/MUsbj004.csv","study","1000","5","4","323464","324466"
"MU.osexp","C:\Users\Public\Experiments\SM01\05-WMC\MU","Tr7_update1.png","6","310246","C:/Users/Public/Experiments/SM01/05-WMC/MU/MU_results/MUsbj004.csv","update","1300","5","4","324810","326112"
"MU.osexp","C:\Users\Public\Experiments\SM01\05-WMC\MU","Tr7_update2.png","6","310246","C:/Users/Public/Experiments/SM01/05-WMC/MU/MU_results/MUsbj004.csv","update","1300","5","4","326504","327806"
"MU.osexp","C:\Users\Public\Experiments\SM01\05-WMC\MU","Tr7_update3.png","6","310246","C:/Users/Public/Experiments/SM01/05-WMC/MU/MU_results/MUsbj004.csv","update","1300","5","4","328143","329445"
"MU.osexp","C:\Users\Public\Experiments\SM01\05-WMC\MU","Tr7_update4.png","6","310246","C:/Users/Public/Experiments/SM01/05-WMC/MU/MU_results/MUsbj004.csv","update","1300","5","4","329957","331259"
"MU.osexp","C:\Users\Public\Experiments\SM01\05-WMC\MU","Tr7_update5.png","6","310246","C:/Users/Public/Experiments/SM01/05-WMC/MU/MU_results/MUsbj004.csv","update","1300","5","4","331582","332884"
"MU.osexp","C:\Users\Public\Experiments\SM01\05-WMC\MU","Tr7_test1.png","1","334590","C:/Users/Public/Experiments/SM01/05-WMC/MU/MU_results/MUsbj004.csv","test","0","5","4","333231","334590"
"MU.osexp","C:\Users\Public\Experiments\SM01\05-WMC\MU","Tr7_test2.png","5","337173","C:/Users/Public/Experiments/SM01/05-WMC/MU/MU_results/MUsbj004.csv","test","0","5","4","335715","337174"
"MU.osexp","C:\Users\Public\Experiments\SM01\05-WMC\MU","Tr7_test3.png","1","338845","C:/Users/Public/Experiments/SM01/05-WMC/MU/MU_results/MUsbj004.csv","test","0","5","4","338261","338846"
"MU.osexp","C:\Users\Public\Experiments\SM01\05-WMC\MU","Tr7_test4.png","5","340750","C:/Users/Public/Experiments/SM01/05-WMC/MU/MU_results/MUsbj004.csv","test","0","5","4","339935","340751"
"MU.osexp","C:\Users\Public\Experiments\SM01\05-WMC\MU","Tr7_test5.png","1","342198","C:/Users/Public/Experiments/SM01/05-WMC/MU/MU_results/MUsbj004.csv","test","0","5","4","341845","342199"
"MU.osexp","C:\Users\Public\Experiments\SM01\05-WMC\MU","wait.png","1","342198","C:/Users/Public/Experiments/SM01/05-WMC/MU/MU_results/MUsbj004.csv","wait","5000","4","4","343310","342199"
"MU.osexp","C:\Users\Public\Experiments\SM01\05-WMC\MU","fixation.png","1","342198","C:/Users/Public/Experiments/SM01/05-WMC/MU/MU_results/MUsbj004.csv","fix","1500","4","4","348394","342199"
"MU.osexp","C:\Users\Public\Experiments\SM01\05-WMC\MU","Tr8_study1.png","1","342198","C:/Users/Public/Experiments/SM01/05-WMC/MU/MU_results/MUsbj004.csv","study","1000","4","4","350005","351007"
"MU.osexp","C:\Users\Public\Experiments\SM01\05-WMC\MU","Tr8_study2.png","1","342198","C:/Users/Public/Experiments/SM01/05-WMC/MU/MU_results/MUsbj004.csv","study","1000","4","4","351356","352358"
"MU.osexp","C:\Users\Public\Experiments\SM01\05-WMC\MU","Tr8_study3.png","1","342198","C:/Users/Public/Experiments/SM01/05-WMC/MU/MU_results/MUsbj004.csv","study","1000","4","4","352707","353709"
"MU.osexp","C:\Users\Public\Experiments\SM01\05-WMC\MU","Tr8_study4.png","1","342198","C:/Users/Public/Experiments/SM01/05-WMC/MU/MU_results/MUsbj004.csv","study","1000","4","4","354041","355043"
"MU.osexp","C:\Users\Public\Experiments\SM01\05-WMC\MU","Tr8_update1.png","1","342198","C:/Users/Public/Experiments/SM01/05-WMC/MU/MU_results/MUsbj004.csv","update","1300","4","4","355405","356707"
"MU.osexp","C:\Users\Public\Experiments\SM01\05-WMC\MU","Tr8_update2.png","1","342198","C:/Users/Public/Experiments/SM01/05-WMC/MU/MU_results/MUsbj004.csv","update","1300","4","4","357056","358359"
"MU.osexp","C:\Users\Public\Experiments\SM01\05-WMC\MU","Tr8_update3.png","1","342198","C:/Users/Public/Experiments/SM01/05-WMC/MU/MU_results/MUsbj004.csv","update","1300","4","4","358705","360006"
"MU.osexp","C:\Users\Public\Experiments\SM01\05-WMC\MU","Tr8_test1.png","5","364902","C:/Users/Public/Experiments/SM01/05-WMC/MU/MU_results/MUsbj004.csv","test","0","4","4","360354","364903"
"MU.osexp","C:\Users\Public\Experiments\SM01\05-WMC\MU","Tr8_test2.png","2","366718","C:/Users/Public/Experiments/SM01/05-WMC/MU/MU_results/MUsbj004.csv","test","0","4","4","365996","366719"
"MU.osexp","C:\Users\Public\Experiments\SM01\05-WMC\MU","Tr8_test3.png","2","368406","C:/Users/Public/Experiments/SM01/05-WMC/MU/MU_results/MUsbj004.csv","test","0","4","4","367830","368407"
"MU.osexp","C:\Users\Public\Experiments\SM01\05-WMC\MU","Tr8_test4.png","2","369750","C:/Users/Public/Experiments/SM01/05-WMC/MU/MU_results/MUsbj004.csv","test","0","4","4","369505","369751"
"MU.osexp","C:\Users\Public\Experiments\SM01\05-WMC\MU","wait.png","2","369750","C:/Users/Public/Experiments/SM01/05-WMC/MU/MU_results/MUsbj004.csv","wait","5000","5","4","370878","369751"
"MU.osexp","C:\Users\Public\Experiments\SM01\05-WMC\MU","fixation.png","2","369750","C:/Users/Public/Experiments/SM01/05-WMC/MU/MU_results/MUsbj004.csv","fix","1500","5","4","375970","369751"
"MU.osexp","C:\Users\Public\Experiments\SM01\05-WMC\MU","Tr9_study1.png","2","369750","C:/Users/Public/Experiments/SM01/05-WMC/MU/MU_results/MUsbj004.csv","study","1000","5","4","377592","378594"
"MU.osexp","C:\Users\Public\Experiments\SM01\05-WMC\MU","Tr9_study2.png","2","369750","C:/Users/Public/Experiments/SM01/05-WMC/MU/MU_results/MUsbj004.csv","study","1000","5","4","378963","379965"
"MU.osexp","C:\Users\Public\Experiments\SM01\05-WMC\MU","Tr9_study3.png","2","369750","C:/Users/Public/Experiments/SM01/05-WMC/MU/MU_results/MUsbj004.csv","study","1000","5","4","380331","381333"
"MU.osexp","C:\Users\Public\Experiments\SM01\05-WMC\MU","Tr9_study4.png","2","369750","C:/Users/Public/Experiments/SM01/05-WMC/MU/MU_results/MUsbj004.csv","study","1000","5","4","381692","382694"
"MU.osexp","C:\Users\Public\Experiments\SM01\05-WMC\MU","Tr9_study5.png","2","369750","C:/Users/Public/Experiments/SM01/05-WMC/MU/MU_results/MUsbj004.csv","study","1000","5","4","383082","384084"
"MU.osexp","C:\Users\Public\Experiments\SM01\05-WMC\MU","Tr9_update1.png","2","369750","C:/Users/Public/Experiments/SM01/05-WMC/MU/MU_results/MUsbj004.csv","update","1300","5","4","384420","385722"
"MU.osexp","C:\Users\Public\Experiments\SM01\05-WMC\MU","Tr9_update2.png","2","369750","C:/Users/Public/Experiments/SM01/05-WMC/MU/MU_results/MUsbj004.csv","update","1300","5","4","386078","387380"
"MU.osexp","C:\Users\Public\Experiments\SM01\05-WMC\MU","Tr9_test1.png","4","389685","C:/Users/Public/Experiments/SM01/05-WMC/MU/MU_results/MUsbj004.csv","test","0","5","4","387742","389686"
"MU.osexp","C:\Users\Public\Experiments\SM01\05-WMC\MU","Tr9_test2.png","6","392318","C:/Users/Public/Experiments/SM01/05-WMC/MU/MU_results/MUsbj004.csv","test","0","5","4","390781","392320"
"MU.osexp","C:\Users\Public\Experiments\SM01\05-WMC\MU","Tr9_test3.png","5","393766","C:/Users/Public/Experiments/SM01/05-WMC/MU/MU_results/MUsbj004.csv","test","0","5","4","393420","393767"
"MU.osexp","C:\Users\Public\Experiments\SM01\05-WMC\MU","Tr9_test4.png","4","395142","C:/Users/Public/Experiments/SM01/05-WMC/MU/MU_results/MUsbj004.csv","test","0","5","4","394859","395143"
"MU.osexp","C:\Users\Public\Experiments\SM01\05-WMC\MU","Tr9_test5.png","8","397382","C:/Users/Public/Experiments/SM01/05-WMC/MU/MU_results/MUsbj004.csv","test","0","5","4","396240","397383"
"MU.osexp","C:\Users\Public\Experiments\SM01\05-WMC\MU","wait.png","8","397382","C:/Users/Public/Experiments/SM01/05-WMC/MU/MU_results/MUsbj004.csv","wait","5000","3","4","398486","397383"
"MU.osexp","C:\Users\Public\Experiments\SM01\05-WMC\MU","fixation.png","8","397382","C:/Users/Public/Experiments/SM01/05-WMC/MU/MU_results/MUsbj004.csv","fix","1500","3","4","403588","397383"
"MU.osexp","C:\Users\Public\Experiments\SM01\05-WMC\MU","Tr10_study1.png","8","397382","C:/Users/Public/Experiments/SM01/05-WMC/MU/MU_results/MUsbj004.csv","study","1000","3","4","405175","406177"
"MU.osexp","C:\Users\Public\Experiments\SM01\05-WMC\MU","Tr10_study2.png","8","397382","C:/Users/Public/Experiments/SM01/05-WMC/MU/MU_results/MUsbj004.csv","study","1000","3","4","406526","407528"
"MU.osexp","C:\Users\Public\Experiments\SM01\05-WMC\MU","Tr10_study3.png","8","397382","C:/Users/Public/Experiments/SM01/05-WMC/MU/MU_results/MUsbj004.csv","study","1000","3","4","407899","408901"
"MU.osexp","C:\Users\Public\Experiments\SM01\05-WMC\MU","Tr10_update1.png","8","397382","C:/Users/Public/Experiments/SM01/05-WMC/MU/MU_results/MUsbj004.csv","update","1300","3","4","409257","410559"
"MU.osexp","C:\Users\Public\Experiments\SM01\05-WMC\MU","Tr10_update2.png","8","397382","C:/Users/Public/Experiments/SM01/05-WMC/MU/MU_results/MUsbj004.csv","update","1300","3","4","410897","412199"
"MU.osexp","C:\Users\Public\Experiments\SM01\05-WMC\MU","Tr10_test1.png","5","413990","C:/Users/Public/Experiments/SM01/05-WMC/MU/MU_results/MUsbj004.csv","test","0","3","4","412554","413991"
"MU.osexp","C:\Users\Public\Experiments\SM01\05-WMC\MU","Tr10_test2.png","2","416150","C:/Users/Public/Experiments/SM01/05-WMC/MU/MU_results/MUsbj004.csv","test","0","3","4","415100","416151"
"MU.osexp","C:\Users\Public\Experiments\SM01\05-WMC\MU","Tr10_test3.png","5","417518","C:/Users/Public/Experiments/SM01/05-WMC/MU/MU_results/MUsbj004.csv","test","0","3","4","417239","417519"
"MU.osexp","C:\Users\Public\Experiments\SM01\05-WMC\MU","wait.png","5","417518","C:/Users/Public/Experiments/SM01/05-WMC/MU/MU_results/MUsbj004.csv","wait","5000","5","4","418641","417519"
"MU.osexp","C:\Users\Public\Experiments\SM01\05-WMC\MU","fixation.png","5","417518","C:/Users/Public/Experiments/SM01/05-WMC/MU/MU_results/MUsbj004.csv","fix","1500","5","4","423753","417519"
"MU.osexp","C:\Users\Public\Experiments\SM01\05-WMC\MU","Tr11_study1.png","5","417518","C:/Users/Public/Experiments/SM01/05-WMC/MU/MU_results/MUsbj004.csv","study","1000","5","4","425360","426363"
"MU.osexp","C:\Users\Public\Experiments\SM01\05-WMC\MU","Tr11_study2.png","5","417518","C:/Users/Public/Experiments/SM01/05-WMC/MU/MU_results/MUsbj004.csv","study","1000","5","4","426724","427726"
"MU.osexp","C:\Users\Public\Experiments\SM01\05-WMC\MU","Tr11_study3.png","5","417518","C:/Users/Public/Experiments/SM01/05-WMC/MU/MU_results/MUsbj004.csv","study","1000","5","4","428077","429079"
"MU.osexp","C:\Users\Public\Experiments\SM01\05-WMC\MU","Tr11_study4.png","5","417518","C:/Users/Public/Experiments/SM01/05-WMC/MU/MU_results/MUsbj004.csv","study","1000","5","4","429442","430444"
"MU.osexp","C:\Users\Public\Experiments\SM01\05-WMC\MU","Tr11_study5.png","5","417518","C:/Users/Public/Experiments/SM01/05-WMC/MU/MU_results/MUsbj004.csv","study","1000","5","4","430777","431779"
"MU.osexp","C:\Users\Public\Experiments\SM01\05-WMC\MU","Tr11_update1.png","5","417518","C:/Users/Public/Experiments/SM01/05-WMC/MU/MU_results/MUsbj004.csv","update","1300","5","4","432261","433563"
"MU.osexp","C:\Users\Public\Experiments\SM01\05-WMC\MU","Tr11_update2.png","5","417518","C:/Users/Public/Experiments/SM01/05-WMC/MU/MU_results/MUsbj004.csv","update","1300","5","4","433905","435207"
"MU.osexp","C:\Users\Public\Experiments\SM01\05-WMC\MU","Tr11_update3.png","5","417518","C:/Users/Public/Experiments/SM01/05-WMC/MU/MU_results/MUsbj004.csv","update","1300","5","4","435550","436852"
"MU.osexp","C:\Users\Public\Experiments\SM01\05-WMC\MU","Tr11_test1.png","6","438670","C:/Users/Public/Experiments/SM01/05-WMC/MU/MU_results/MUsbj004.csv","test","0","5","4","437210","438671"
"MU.osexp","C:\Users\Public\Experiments\SM01\05-WMC\MU","Tr11_test2.png","2","440310","C:/Users/Public/Experiments/SM01/05-WMC/MU/MU_results/MUsbj004.csv","test","0","5","4","439767","440311"
"MU.osexp","C:\Users\Public\Experiments\SM01\05-WMC\MU","Tr11_test3.png","4","442533","C:/Users/Public/Experiments/SM01/05-WMC/MU/MU_results/MUsbj004.csv","test","0","5","4","441440","442534"
"MU.osexp","C:\Users\Public\Experiments\SM01\05-WMC\MU","Tr11_test4.png","7","444510","C:/Users/Public/Experiments/SM01/05-WMC/MU/MU_results/MUsbj004.csv","test","0","5","4","443640","444512"
"MU.osexp","C:\Users\Public\Experiments\SM01\05-WMC\MU","Tr11_test5.png","6","445894","C:/Users/Public/Experiments/SM01/05-WMC/MU/MU_results/MUsbj004.csv","test","0","5","4","445640","445895"
"MU.osexp","C:\Users\Public\Experiments\SM01\05-WMC\MU","wait.png","6","445894","C:/Users/Public/Experiments/SM01/05-WMC/MU/MU_results/MUsbj004.csv","wait","5000","3","4","446997","445895"
"MU.osexp","C:\Users\Public\Experiments\SM01\05-WMC\MU","fixation.png","6","445894","C:/Users/Public/Experiments/SM01/05-WMC/MU/MU_results/MUsbj004.csv","fix","1500","3","4","452096","445895"
"MU.osexp","C:\Users\Public\Experiments\SM01\05-WMC\MU","Tr12_study1.png","6","445894","C:/Users/Public/Experiments/SM01/05-WMC/MU/MU_results/MUsbj004.csv","study","1000","3","4","453704","454706"
"MU.osexp","C:\Users\Public\Experiments\SM01\05-WMC\MU","Tr12_study2.png","6","445894","C:/Users/Public/Experiments/SM01/05-WMC/MU/MU_results/MUsbj004.csv","study","1000","3","4","455062","456064"
"MU.osexp","C:\Users\Public\Experiments\SM01\05-WMC\MU","Tr12_study3.png","6","445894","C:/Users/Public/Experiments/SM01/05-WMC/MU/MU_results/MUsbj004.csv","study","1000","3","4","456424","457426"
"MU.osexp","C:\Users\Public\Experiments\SM01\05-WMC\MU","Tr12_update1.png","6","445894","C:/Users/Public/Experiments/SM01/05-WMC/MU/MU_results/MUsbj004.csv","update","1300","3","4","457768","459070"
"MU.osexp","C:\Users\Public\Experiments\SM01\05-WMC\MU","Tr12_update2.png","6","445894","C:/Users/Public/Experiments/SM01/05-WMC/MU/MU_results/MUsbj004.csv","update","1300","3","4","459441","460743"
"MU.osexp","C:\Users\Public\Experiments\SM01\05-WMC\MU","Tr12_update3.png","6","445894","C:/Users/Public/Experiments/SM01/05-WMC/MU/MU_results/MUsbj004.csv","update","1300","3","4","461109","462411"
"MU.osexp","C:\Users\Public\Experiments\SM01\05-WMC\MU","Tr12_update4.png","6","445894","C:/Users/Public/Experiments/SM01/05-WMC/MU/MU_results/MUsbj004.csv","update","1300","3","4","462773","464075"
"MU.osexp","C:\Users\Public\Experiments\SM01\05-WMC\MU","Tr12_update5.png","6","445894","C:/Users/Public/Experiments/SM01/05-WMC/MU/MU_results/MUsbj004.csv","update","1300","3","4","464425","465727"
"MU.osexp","C:\Users\Public\Experiments\SM01\05-WMC\MU","Tr12_test1.png","4","467166","C:/Users/Public/Experiments/SM01/05-WMC/MU/MU_results/MUsbj004.csv","test","0","3","4","466105","467167"
"MU.osexp","C:\Users\Public\Experiments\SM01\05-WMC\MU","Tr12_test2.png","9","468990","C:/Users/Public/Experiments/SM01/05-WMC/MU/MU_results/MUsbj004.csv","test","0","3","4","468264","468991"
"MU.osexp","C:\Users\Public\Experiments\SM01\05-WMC\MU","Tr12_test3.png","6","470350","C:/Users/Public/Experiments/SM01/05-WMC/MU/MU_results/MUsbj004.csv","test","0","3","4","470094","470351"
"MU.osexp","C:\Users\Public\Experiments\SM01\05-WMC\MU","wait.png","6","470350","C:/Users/Public/Experiments/SM01/05-WMC/MU/MU_results/MUsbj004.csv","wait","5000","3","4","471449","470351"
"MU.osexp","C:\Users\Public\Experiments\SM01\05-WMC\MU","fixation.png","6","470350","C:/Users/Public/Experiments/SM01/05-WMC/MU/MU_results/MUsbj004.csv","fix","1500","3","4","476540","470351"
"MU.osexp","C:\Users\Public\Experiments\SM01\05-WMC\MU","Tr13_study1.png","6","470350","C:/Users/Public/Experiments/SM01/05-WMC/MU/MU_results/MUsbj004.csv","study","1000","3","4","478160","479162"
"MU.osexp","C:\Users\Public\Experiments\SM01\05-WMC\MU","Tr13_study2.png","6","470350","C:/Users/Public/Experiments/SM01/05-WMC/MU/MU_results/MUsbj004.csv","study","1000","3","4","479497","480499"
"MU.osexp","C:\Users\Public\Experiments\SM01\05-WMC\MU","Tr13_study3.png","6","470350","C:/Users/Public/Experiments/SM01/05-WMC/MU/MU_results/MUsbj004.csv","study","1000","3","4","480848","481850"
"MU.osexp","C:\Users\Public\Experiments\SM01\05-WMC\MU","Tr13_update1.png","6","470350","C:/Users/Public/Experiments/SM01/05-WMC/MU/MU_results/MUsbj004.csv","update","1300","3","4","482268","483570"
"MU.osexp","C:\Users\Public\Experiments\SM01\05-WMC\MU","Tr13_update2.png","6","470350","C:/Users/Public/Experiments/SM01/05-WMC/MU/MU_results/MUsbj004.csv","update","1300","3","4","483906","485208"
"MU.osexp","C:\Users\Public\Experiments\SM01\05-WMC\MU","Tr13_update3.png","6","470350","C:/Users/Public/Experiments/SM01/05-WMC/MU/MU_results/MUsbj004.csv","update","1300","3","4","485550","486852"
"MU.osexp","C:\Users\Public\Experiments\SM01\05-WMC\MU","Tr13_update4.png","6","470350","C:/Users/Public/Experiments/SM01/05-WMC/MU/MU_results/MUsbj004.csv","update","1300","3","4","487205","488507"
"MU.osexp","C:\Users\Public\Experiments\SM01\05-WMC\MU","Tr13_test1.png","1","490606","C:/Users/Public/Experiments/SM01/05-WMC/MU/MU_results/MUsbj004.csv","test","0","3","4","488894","490607"
"MU.osexp","C:\Users\Public\Experiments\SM01\05-WMC\MU","Tr13_test2.png","1","493254","C:/Users/Public/Experiments/SM01/05-WMC/MU/MU_results/MUsbj004.csv","test","0","3","4","491722","493255"
"MU.osexp","C:\Users\Public\Experiments\SM01\05-WMC\MU","Tr13_test3.png","5","494661","C:/Users/Public/Experiments/SM01/05-WMC/MU/MU_results/MUsbj004.csv","test","0","3","4","494366","494662"
"MU.osexp","C:\Users\Public\Experiments\SM01\05-WMC\MU","wait.png","5","494661","C:/Users/Public/Experiments/SM01/05-WMC/MU/MU_results/MUsbj004.csv","wait","5000","5","4","495775","494662"
"MU.osexp","C:\Users\Public\Experiments\SM01\05-WMC\MU","fixation.png","5","494661","C:/Users/Public/Experiments/SM01/05-WMC/MU/MU_results/MUsbj004.csv","fix","1500","5","4","500875","494662"
"MU.osexp","C:\Users\Public\Experiments\SM01\05-WMC\MU","Tr14_study1.png","5","494661","C:/Users/Public/Experiments/SM01/05-WMC/MU/MU_results/MUsbj004.csv","study","1000","5","4","502489","503491"
"MU.osexp","C:\Users\Public\Experiments\SM01\05-WMC\MU","Tr14_study2.png","5","494661","C:/Users/Public/Experiments/SM01/05-WMC/MU/MU_results/MUsbj004.csv","study","1000","5","4","503830","504832"
"MU.osexp","C:\Users\Public\Experiments\SM01\05-WMC\MU","Tr14_study3.png","5","494661","C:/Users/Public/Experiments/SM01/05-WMC/MU/MU_results/MUsbj004.csv","study","1000","5","4","505194","506196"
"MU.osexp","C:\Users\Public\Experiments\SM01\05-WMC\MU","Tr14_study4.png","5","494661","C:/Users/Public/Experiments/SM01/05-WMC/MU/MU_results/MUsbj004.csv","study","1000","5","4","506528","507531"
"MU.osexp","C:\Users\Public\Experiments\SM01\05-WMC\MU","Tr14_study5.png","5","494661","C:/Users/Public/Experiments/SM01/05-WMC/MU/MU_results/MUsbj004.csv","study","1000","5","4","507881","508883"
"MU.osexp","C:\Users\Public\Experiments\SM01\05-WMC\MU","Tr14_update1.png","5","494661","C:/Users/Public/Experiments/SM01/05-WMC/MU/MU_results/MUsbj004.csv","update","1300","5","4","509225","510527"
"MU.osexp","C:\Users\Public\Experiments\SM01\05-WMC\MU","Tr14_update2.png","5","494661","C:/Users/Public/Experiments/SM01/05-WMC/MU/MU_results/MUsbj004.csv","update","1300","5","4","510870","512172"
"MU.osexp","C:\Users\Public\Experiments\SM01\05-WMC\MU","Tr14_update3.png","5","494661","C:/Users/Public/Experiments/SM01/05-WMC/MU/MU_results/MUsbj004.csv","update","1300","5","4","512513","513815"
"MU.osexp","C:\Users\Public\Experiments\SM01\05-WMC\MU","Tr14_update4.png","5","494661","C:/Users/Public/Experiments/SM01/05-WMC/MU/MU_results/MUsbj004.csv","update","1300","5","4","514149","515451"
"MU.osexp","C:\Users\Public\Experiments\SM01\05-WMC\MU","Tr14_test1.png","5","519374","C:/Users/Public/Experiments/SM01/05-WMC/MU/MU_results/MUsbj004.csv","test","0","5","4","515794","519375"
"MU.osexp","C:\Users\Public\Experiments\SM01\05-WMC\MU","Tr14_test2.png","7","521790","C:/Users/Public/Experiments/SM01/05-WMC/MU/MU_results/MUsbj004.csv","test","0","5","4","520471","521791"
"MU.osexp","C:\Users\Public\Experiments\SM01\05-WMC\MU","Tr14_test3.png","5","523870","C:/Users/Public/Experiments/SM01/05-WMC/MU/MU_results/MUsbj004.csv","test","0","5","4","522889","523871"
"MU.osexp","C:\Users\Public\Experiments\SM01\05-WMC\MU","Tr14_test4.png","5","525814","C:/Users/Public/Experiments/SM01/05-WMC/MU/MU_results/MUsbj004.csv","test","0","5","4","524963","525815"
"MU.osexp","C:\Users\Public\Experiments\SM01\05-WMC\MU","Tr14_test5.png","8","527142","C:/Users/Public/Experiments/SM01/05-WMC/MU/MU_results/MUsbj004.csv","test","0","5","4","526932","527143"
"MU.osexp","C:\Users\Public\Experiments\SM01\05-WMC\MU","wait.png","8","527142","C:/Users/Public/Experiments/SM01/05-WMC/MU/MU_results/MUsbj004.csv","wait","5000","4","4","528357","527143"
"MU.osexp","C:\Users\Public\Experiments\SM01\05-WMC\MU","fixation.png","8","527142","C:/Users/Public/Experiments/SM01/05-WMC/MU/MU_results/MUsbj004.csv","fix","1500","4","4","533508","527143"
"MU.osexp","C:\Users\Public\Experiments\SM01\05-WMC\MU","Tr15_study1.png","8","527142","C:/Users/Public/Experiments/SM01/05-WMC/MU/MU_results/MUsbj004.csv","study","1000","4","4","535108","536110"
"MU.osexp","C:\Users\Public\Experiments\SM01\05-WMC\MU","Tr15_study2.png","8","527142","C:/Users/Public/Experiments/SM01/05-WMC/MU/MU_results/MUsbj004.csv","study","1000","4","4","536459","537461"
"MU.osexp","C:\Users\Public\Experiments\SM01\05-WMC\MU","Tr15_study3.png","8","527142","C:/Users/Public/Experiments/SM01/05-WMC/MU/MU_results/MUsbj004.csv","study","1000","4","4","537829","538832"
"MU.osexp","C:\Users\Public\Experiments\SM01\05-WMC\MU","Tr15_study4.png","8","527142","C:/Users/Public/Experiments/SM01/05-WMC/MU/MU_results/MUsbj004.csv","study","1000","4","4","539183","540185"
"MU.osexp","C:\Users\Public\Experiments\SM01\05-WMC\MU","Tr15_update1.png","8","527142","C:/Users/Public/Experiments/SM01/05-WMC/MU/MU_results/MUsbj004.csv","update","1300","4","4","540559","541861"
"MU.osexp","C:\Users\Public\Experiments\SM01\05-WMC\MU","Tr15_update2.png","8","527142","C:/Users/Public/Experiments/SM01/05-WMC/MU/MU_results/MUsbj004.csv","update","1300","4","4","542213","543515"
"MU.osexp","C:\Users\Public\Experiments\SM01\05-WMC\MU","Tr15_update3.png","8","527142","C:/Users/Public/Experiments/SM01/05-WMC/MU/MU_results/MUsbj004.csv","update","1300","4","4","543891","545193"
"MU.osexp","C:\Users\Public\Experiments\SM01\05-WMC\MU","Tr15_update4.png","8","527142","C:/Users/Public/Experiments/SM01/05-WMC/MU/MU_results/MUsbj004.csv","update","1300","4","4","545561","546863"
"MU.osexp","C:\Users\Public\Experiments\SM01\05-WMC\MU","Tr15_update5.png","8","527142","C:/Users/Public/Experiments/SM01/05-WMC/MU/MU_results/MUsbj004.csv","update","1300","4","4","547217","548519"
"MU.osexp","C:\Users\Public\Experiments\SM01\05-WMC\MU","Tr15_update6.png","8","527142","C:/Users/Public/Experiments/SM01/05-WMC/MU/MU_results/MUsbj004.csv","update","1300","4","4","548878","550180"
"MU.osexp","C:\Users\Public\Experiments\SM01\05-WMC\MU","Tr15_test1.png","9","551934","C:/Users/Public/Experiments/SM01/05-WMC/MU/MU_results/MUsbj004.csv","test","0","4","4","550526","551935"
"MU.osexp","C:\Users\Public\Experiments\SM01\05-WMC\MU","Tr15_test2.png","4","554302","C:/Users/Public/Experiments/SM01/05-WMC/MU/MU_results/MUsbj004.csv","test","0","4","4","553044","554303"
"MU.osexp","C:\Users\Public\Experiments\SM01\05-WMC\MU","Tr15_test3.png","6","556054","C:/Users/Public/Experiments/SM01/05-WMC/MU/MU_results/MUsbj004.csv","test","0","4","4","555415","556055"
"MU.osexp","C:\Users\Public\Experiments\SM01\05-WMC\MU","Tr15_test4.png","4","557374","C:/Users/Public/Experiments/SM01/05-WMC/MU/MU_results/MUsbj004.csv","test","0","4","4","557165","557375"
"MU.osexp","C:\Users\Public\Experiments\SM01\05-WMC\MU","wait.png","4","557374","C:/Users/Public/Experiments/SM01/05-WMC/MU/MU_results/MUsbj004.csv","wait","5000","4","4","558468","557375"
"MU.osexp","C:\Users\Public\Experiments\SM01\05-WMC\MU","fixation.png","4","557374","C:/Users/Public/Experiments/SM01/05-WMC/MU/MU_results/MUsbj004.csv","fix","1500","4","4","563577","557375"
"MU.osexp","C:\Users\Public\Experiments\SM01\05-WMC\MU","Tr16_study1.png","4","557374","C:/Users/Public/Experiments/SM01/05-WMC/MU/MU_results/MUsbj004.csv","study","1000","4","4","565190","566192"
"MU.osexp","C:\Users\Public\Experiments\SM01\05-WMC\MU","Tr16_study2.png","4","557374","C:/Users/Public/Experiments/SM01/05-WMC/MU/MU_results/MUsbj004.csv","study","1000","4","4","566559","567561"
"MU.osexp","C:\Users\Public\Experiments\SM01\05-WMC\MU","Tr16_study3.png","4","557374","C:/Users/Public/Experiments/SM01/05-WMC/MU/MU_results/MUsbj004.csv","study","1000","4","4","567925","568927"
"MU.osexp","C:\Users\Public\Experiments\SM01\05-WMC\MU","Tr16_study4.png","4","557374","C:/Users/Public/Experiments/SM01/05-WMC/MU/MU_results/MUsbj004.csv","study","1000","4","4","569377","570379"
"MU.osexp","C:\Users\Public\Experiments\SM01\05-WMC\MU","Tr16_update1.png","4","557374","C:/Users/Public/Experiments/SM01/05-WMC/MU/MU_results/MUsbj004.csv","update","1300","4","4","570732","572034"
"MU.osexp","C:\Users\Public\Experiments\SM01\05-WMC\MU","Tr16_update2.png","4","557374","C:/Users/Public/Experiments/SM01/05-WMC/MU/MU_results/MUsbj004.csv","update","1300","4","4","572371","573673"
"MU.osexp","C:\Users\Public\Experiments\SM01\05-WMC\MU","Tr16_test1.png","8","576742","C:/Users/Public/Experiments/SM01/05-WMC/MU/MU_results/MUsbj004.csv","test","0","4","4","574033","576743"
"MU.osexp","C:\Users\Public\Experiments\SM01\05-WMC\MU","Tr16_test2.png","7","579550","C:/Users/Public/Experiments/SM01/05-WMC/MU/MU_results/MUsbj004.csv","test","0","4","4","577831","579551"
"MU.osexp","C:\Users\Public\Experiments\SM01\05-WMC\MU","Tr16_test3.png","4","583293","C:/Users/Public/Experiments/SM01/05-WMC/MU/MU_results/MUsbj004.csv","test","0","4","4","580650","583294"
"MU.osexp","C:\Users\Public\Experiments\SM01\05-WMC\MU","Tr16_test4.png","6","585046","C:/Users/Public/Experiments/SM01/05-WMC/MU/MU_results/MUsbj004.csv","test","0","4","4","584391","585047"
"MU.osexp","C:\Users\Public\Experiments\SM01\05-WMC\MU","wait.png","6","585046","C:/Users/Public/Experiments/SM01/05-WMC/MU/MU_results/MUsbj004.csv","wait","5000","5","4","586139","585047"
"MU.osexp","C:\Users\Public\Experiments\SM01\05-WMC\MU","fixation.png","6","585046","C:/Users/Public/Experiments/SM01/05-WMC/MU/MU_results/MUsbj004.csv","fix","1500","5","4","591232","585047"
"MU.osexp","C:\Users\Public\Experiments\SM01\05-WMC\MU","Tr17_study1.png","6","585046","C:/Users/Public/Experiments/SM01/05-WMC/MU/MU_results/MUsbj004.csv","study","1000","5","4","592844","593846"
"MU.osexp","C:\Users\Public\Experiments\SM01\05-WMC\MU","Tr17_study2.png","6","585046","C:/Users/Public/Experiments/SM01/05-WMC/MU/MU_results/MUsbj004.csv","study","1000","5","4","594269","595271"
"MU.osexp","C:\Users\Public\Experiments\SM01\05-WMC\MU","Tr17_study3.png","6","585046","C:/Users/Public/Experiments/SM01/05-WMC/MU/MU_results/MUsbj004.csv","study","1000","5","4","595676","596678"
"MU.osexp","C:\Users\Public\Experiments\SM01\05-WMC\MU","Tr17_study4.png","6","585046","C:/Users/Public/Experiments/SM01/05-WMC/MU/MU_results/MUsbj004.csv","study","1000","5","4","597049","598052"
"MU.osexp","C:\Users\Public\Experiments\SM01\05-WMC\MU","Tr17_study5.png","6","585046","C:/Users/Public/Experiments/SM01/05-WMC/MU/MU_results/MUsbj004.csv","study","1000","5","4","598387","599389"
"MU.osexp","C:\Users\Public\Experiments\SM01\05-WMC\MU","Tr17_update1.png","6","585046","C:/Users/Public/Experiments/SM01/05-WMC/MU/MU_results/MUsbj004.csv","update","1300","5","4","599737","601039"
"MU.osexp","C:\Users\Public\Experiments\SM01\05-WMC\MU","Tr17_update2.png","6","585046","C:/Users/Public/Experiments/SM01/05-WMC/MU/MU_results/MUsbj004.csv","update","1300","5","4","601378","602680"
"MU.osexp","C:\Users\Public\Experiments\SM01\05-WMC\MU","Tr17_update3.png","6","585046","C:/Users/Public/Experiments/SM01/05-WMC/MU/MU_results/MUsbj004.csv","update","1300","5","4","603052","604353"
"MU.osexp","C:\Users\Public\Experiments\SM01\05-WMC\MU","Tr17_update4.png","6","585046","C:/Users/Public/Experiments/SM01/05-WMC/MU/MU_results/MUsbj004.csv","update","1300","5","4","604798","606100"
"MU.osexp","C:\Users\Public\Experiments\SM01\05-WMC\MU","Tr17_update5.png","6","585046","C:/Users/Public/Experiments/SM01/05-WMC/MU/MU_results/MUsbj004.csv","update","1300","5","4","606436","607738"
"MU.osexp","C:\Users\Public\Experiments\SM01\05-WMC\MU","Tr17_update6.png","6","585046","C:/Users/Public/Experiments/SM01/05-WMC/MU/MU_results/MUsbj004.csv","update","1300","5","4","608094","609397"
"MU.osexp","C:\Users\Public\Experiments\SM01\05-WMC\MU","Tr17_test1.png","2","611622","C:/Users/Public/Experiments/SM01/05-WMC/MU/MU_results/MUsbj004.csv","test","0","5","4","609806","611623"
"MU.osexp","C:\Users\Public\Experiments\SM01\05-WMC\MU","Tr17_test2.png","2","613814","C:/Users/Public/Experiments/SM01/05-WMC/MU/MU_results/MUsbj004.csv","test","0","5","4","612742","613815"
"MU.osexp","C:\Users\Public\Experiments\SM01\05-WMC\MU","Tr17_test3.png","2","615270","C:/Users/Public/Experiments/SM01/05-WMC/MU/MU_results/MUsbj004.csv","test","0","5","4","614900","615271"
"MU.osexp","C:\Users\Public\Experiments\SM01\05-WMC\MU","Tr17_test4.png","8","617166","C:/Users/Public/Experiments/SM01/05-WMC/MU/MU_results/MUsbj004.csv","test","0","5","4","616399","617167"
"MU.osexp","C:\Users\Public\Experiments\SM01\05-WMC\MU","Tr17_test5.png","9","618845","C:/Users/Public/Experiments/SM01/05-WMC/MU/MU_results/MUsbj004.csv","test","0","5","4","618265","618846"
