"experiment_file","experiment_path","image","key","key_time","logfile","phase","playtime","setSize","subject_nr","timestamp","waittime"
"MU.osexp","C:\Users\Public\Experiments\SM01\05-WMC\MU","ready1.png","NA","NA","C:/Users/Public/Experiments/SM01/05-WMC/MU/MU_results/MUsbj013.csv","pre","0","3","13","103882","NA"
"MU.osexp","C:\Users\Public\Experiments\SM01\05-WMC\MU","fixation.png","NA","NA","C:/Users/Public/Experiments/SM01/05-WMC/MU/MU_results/MUsbj013.csv","fix","1500","3","13","107093","NA"
"MU.osexp","C:\Users\Public\Experiments\SM01\05-WMC\MU","Tr1_study1.png","NA","NA","C:/Users/Public/Experiments/SM01/05-WMC/MU/MU_results/MUsbj013.csv","study","1000","3","13","108676","109677"
"MU.osexp","C:\Users\Public\Experiments\SM01\05-WMC\MU","Tr1_study2.png","NA","NA","C:/Users/Public/Experiments/SM01/05-WMC/MU/MU_results/MUsbj013.csv","study","1000","3","13","110028","111029"
"MU.osexp","C:\Users\Public\Experiments\SM01\05-WMC\MU","Tr1_study3.png","NA","NA","C:/Users/Public/Experiments/SM01/05-WMC/MU/MU_results/MUsbj013.csv","study","1000","3","13","111356","112357"
"MU.osexp","C:\Users\Public\Experiments\SM01\05-WMC\MU","Tr1_update1.png","NA","NA","C:/Users/Public/Experiments/SM01/05-WMC/MU/MU_results/MUsbj013.csv","update","1300","3","13","112687","113988"
"MU.osexp","C:\Users\Public\Experiments\SM01\05-WMC\MU","Tr1_update2.png","NA","NA","C:/Users/Public/Experiments/SM01/05-WMC/MU/MU_results/MUsbj013.csv","update","1300","3","13","114308","115609"
"MU.osexp","C:\Users\Public\Experiments\SM01\05-WMC\MU","Tr1_update3.png","NA","NA","C:/Users/Public/Experiments/SM01/05-WMC/MU/MU_results/MUsbj013.csv","update","1300","3","13","115950","117251"
"MU.osexp","C:\Users\Public\Experiments\SM01\05-WMC\MU","Tr1_test1.png","2","161194","C:/Users/Public/Experiments/SM01/05-WMC/MU/MU_results/MUsbj013.csv","test","0","3","13","117575","161195"
"MU.osexp","C:\Users\Public\Experiments\SM01\05-WMC\MU","Tr1_test2.png","2","162314","C:/Users/Public/Experiments/SM01/05-WMC/MU/MU_results/MUsbj013.csv","test","0","3","13","162271","162315"
"MU.osexp","C:\Users\Public\Experiments\SM01\05-WMC\MU","Tr1_test3.png","2","181258","C:/Users/Public/Experiments/SM01/05-WMC/MU/MU_results/MUsbj013.csv","test","0","3","13","163388","181259"
"MU.osexp","C:\Users\Public\Experiments\SM01\05-WMC\MU","wait.png","2","181258","C:/Users/Public/Experiments/SM01/05-WMC/MU/MU_results/MUsbj013.csv","wait","5000","3","13","182335","181259"
"MU.osexp","C:\Users\Public\Experiments\SM01\05-WMC\MU","fixation.png","2","181258","C:/Users/Public/Experiments/SM01/05-WMC/MU/MU_results/MUsbj013.csv","fix","1500","3","13","187410","181259"
"MU.osexp","C:\Users\Public\Experiments\SM01\05-WMC\MU","Tr2_study1.png","2","181258","C:/Users/Public/Experiments/SM01/05-WMC/MU/MU_results/MUsbj013.csv","study","1000","3","13","188992","189993"
"MU.osexp","C:\Users\Public\Experiments\SM01\05-WMC\MU","Tr2_study2.png","2","181258","C:/Users/Public/Experiments/SM01/05-WMC/MU/MU_results/MUsbj013.csv","study","1000","3","13","190320","191321"
"MU.osexp","C:\Users\Public\Experiments\SM01\05-WMC\MU","Tr2_study3.png","2","181258","C:/Users/Public/Experiments/SM01/05-WMC/MU/MU_results/MUsbj013.csv","study","1000","3","13","191648","192649"
"MU.osexp","C:\Users\Public\Experiments\SM01\05-WMC\MU","Tr2_update1.png","2","181258","C:/Users/Public/Experiments/SM01/05-WMC/MU/MU_results/MUsbj013.csv","update","1300","3","13","192983","194284"
"MU.osexp","C:\Users\Public\Experiments\SM01\05-WMC\MU","Tr2_update2.png","2","181258","C:/Users/Public/Experiments/SM01/05-WMC/MU/MU_results/MUsbj013.csv","update","1300","3","13","194608","195909"
"MU.osexp","C:\Users\Public\Experiments\SM01\05-WMC\MU","Tr2_update3.png","2","181258","C:/Users/Public/Experiments/SM01/05-WMC/MU/MU_results/MUsbj013.csv","update","1300","3","13","196230","197531"
"MU.osexp","C:\Users\Public\Experiments\SM01\05-WMC\MU","Tr2_test1.png","4","199642","C:/Users/Public/Experiments/SM01/05-WMC/MU/MU_results/MUsbj013.csv","test","0","3","13","197850","199643"
"MU.osexp","C:\Users\Public\Experiments\SM01\05-WMC\MU","Tr2_test2.png","2","204298","C:/Users/Public/Experiments/SM01/05-WMC/MU/MU_results/MUsbj013.csv","test","0","3","13","200724","204299"
"MU.osexp","C:\Users\Public\Experiments\SM01\05-WMC\MU","Tr2_test3.png","2","208090","C:/Users/Public/Experiments/SM01/05-WMC/MU/MU_results/MUsbj013.csv","test","0","3","13","205375","208091"
"MU.osexp","C:\Users\Public\Experiments\SM01\05-WMC\MU","ready2.png","2","208090","C:/Users/Public/Experiments/SM01/05-WMC/MU/MU_results/MUsbj013.csv","pre","0","3","13","225418","208091"
"MU.osexp","C:\Users\Public\Experiments\SM01\05-WMC\MU","fixation.png","2","208090","C:/Users/Public/Experiments/SM01/05-WMC/MU/MU_results/MUsbj013.csv","fix","1500","3","13","228001","208091"
"MU.osexp","C:\Users\Public\Experiments\SM01\05-WMC\MU","Tr3_study1.png","2","208090","C:/Users/Public/Experiments/SM01/05-WMC/MU/MU_results/MUsbj013.csv","study","1000","3","13","229605","230606"
"MU.osexp","C:\Users\Public\Experiments\SM01\05-WMC\MU","Tr3_study2.png","2","208090","C:/Users/Public/Experiments/SM01/05-WMC/MU/MU_results/MUsbj013.csv","study","1000","3","13","230939","231940"
"MU.osexp","C:\Users\Public\Experiments\SM01\05-WMC\MU","Tr3_study3.png","2","208090","C:/Users/Public/Experiments/SM01/05-WMC/MU/MU_results/MUsbj013.csv","study","1000","3","13","232247","233248"
"MU.osexp","C:\Users\Public\Experiments\SM01\05-WMC\MU","Tr3_update1.png","2","208090","C:/Users/Public/Experiments/SM01/05-WMC/MU/MU_results/MUsbj013.csv","update","1300","3","13","233578","234879"
"MU.osexp","C:\Users\Public\Experiments\SM01\05-WMC\MU","Tr3_update2.png","2","208090","C:/Users/Public/Experiments/SM01/05-WMC/MU/MU_results/MUsbj013.csv","update","1300","3","13","235203","236504"
"MU.osexp","C:\Users\Public\Experiments\SM01\05-WMC\MU","Tr3_update3.png","2","208090","C:/Users/Public/Experiments/SM01/05-WMC/MU/MU_results/MUsbj013.csv","update","1300","3","13","236824","238125"
"MU.osexp","C:\Users\Public\Experiments\SM01\05-WMC\MU","Tr3_test1.png","1","244682","C:/Users/Public/Experiments/SM01/05-WMC/MU/MU_results/MUsbj013.csv","test","0","3","13","238447","244683"
"MU.osexp","C:\Users\Public\Experiments\SM01\05-WMC\MU","Tr3_test2.png","2","248474","C:/Users/Public/Experiments/SM01/05-WMC/MU/MU_results/MUsbj013.csv","test","0","3","13","245763","248475"
"MU.osexp","C:\Users\Public\Experiments\SM01\05-WMC\MU","Tr3_test3.png","4","255434","C:/Users/Public/Experiments/SM01/05-WMC/MU/MU_results/MUsbj013.csv","test","0","3","13","249551","255435"
"MU.osexp","C:\Users\Public\Experiments\SM01\05-WMC\MU","wait.png","4","255434","C:/Users/Public/Experiments/SM01/05-WMC/MU/MU_results/MUsbj013.csv","wait","5000","4","13","256508","255435"
"MU.osexp","C:\Users\Public\Experiments\SM01\05-WMC\MU","fixation.png","4","255434","C:/Users/Public/Experiments/SM01/05-WMC/MU/MU_results/MUsbj013.csv","fix","1500","4","13","261580","255435"
"MU.osexp","C:\Users\Public\Experiments\SM01\05-WMC\MU","Tr4_study1.png","4","255434","C:/Users/Public/Experiments/SM01/05-WMC/MU/MU_results/MUsbj013.csv","study","1000","4","13","263155","264156"
"MU.osexp","C:\Users\Public\Experiments\SM01\05-WMC\MU","Tr4_study2.png","4","255434","C:/Users/Public/Experiments/SM01/05-WMC/MU/MU_results/MUsbj013.csv","study","1000","4","13","264482","265484"
"MU.osexp","C:\Users\Public\Experiments\SM01\05-WMC\MU","Tr4_study3.png","4","255434","C:/Users/Public/Experiments/SM01/05-WMC/MU/MU_results/MUsbj013.csv","study","1000","4","13","265809","266810"
"MU.osexp","C:\Users\Public\Experiments\SM01\05-WMC\MU","Tr4_study4.png","4","255434","C:/Users/Public/Experiments/SM01/05-WMC/MU/MU_results/MUsbj013.csv","study","1000","4","13","267129","268130"
"MU.osexp","C:\Users\Public\Experiments\SM01\05-WMC\MU","Tr4_update1.png","4","255434","C:/Users/Public/Experiments/SM01/05-WMC/MU/MU_results/MUsbj013.csv","update","1300","4","13","268449","269750"
"MU.osexp","C:\Users\Public\Experiments\SM01\05-WMC\MU","Tr4_update2.png","4","255434","C:/Users/Public/Experiments/SM01/05-WMC/MU/MU_results/MUsbj013.csv","update","1300","4","13","270069","271370"
"MU.osexp","C:\Users\Public\Experiments\SM01\05-WMC\MU","Tr4_update3.png","4","255434","C:/Users/Public/Experiments/SM01/05-WMC/MU/MU_results/MUsbj013.csv","update","1300","4","13","271690","272991"
"MU.osexp","C:\Users\Public\Experiments\SM01\05-WMC\MU","Tr4_update4.png","4","255434","C:/Users/Public/Experiments/SM01/05-WMC/MU/MU_results/MUsbj013.csv","update","1300","4","13","273344","274645"
"MU.osexp","C:\Users\Public\Experiments\SM01\05-WMC\MU","Tr4_test1.png","1","277114","C:/Users/Public/Experiments/SM01/05-WMC/MU/MU_results/MUsbj013.csv","test","0","4","13","274975","277115"
"MU.osexp","C:\Users\Public\Experiments\SM01\05-WMC\MU","Tr4_test2.png","4","286698","C:/Users/Public/Experiments/SM01/05-WMC/MU/MU_results/MUsbj013.csv","test","0","4","13","278194","286699"
"MU.osexp","C:\Users\Public\Experiments\SM01\05-WMC\MU","Tr4_test3.png","5","289738","C:/Users/Public/Experiments/SM01/05-WMC/MU/MU_results/MUsbj013.csv","test","0","4","13","287784","289739"
"MU.osexp","C:\Users\Public\Experiments\SM01\05-WMC\MU","Tr4_test4.png","1","291498","C:/Users/Public/Experiments/SM01/05-WMC/MU/MU_results/MUsbj013.csv","test","0","4","13","290811","291499"
"MU.osexp","C:\Users\Public\Experiments\SM01\05-WMC\MU","wait.png","1","291498","C:/Users/Public/Experiments/SM01/05-WMC/MU/MU_results/MUsbj013.csv","wait","5000","3","13","292571","291499"
"MU.osexp","C:\Users\Public\Experiments\SM01\05-WMC\MU","fixation.png","1","291498","C:/Users/Public/Experiments/SM01/05-WMC/MU/MU_results/MUsbj013.csv","fix","1500","3","13","297654","291499"
"MU.osexp","C:\Users\Public\Experiments\SM01\05-WMC\MU","Tr5_study1.png","1","291498","C:/Users/Public/Experiments/SM01/05-WMC/MU/MU_results/MUsbj013.csv","study","1000","3","13","299243","300244"
"MU.osexp","C:\Users\Public\Experiments\SM01\05-WMC\MU","Tr5_study2.png","1","291498","C:/Users/Public/Experiments/SM01/05-WMC/MU/MU_results/MUsbj013.csv","study","1000","3","13","300572","301573"
"MU.osexp","C:\Users\Public\Experiments\SM01\05-WMC\MU","Tr5_study3.png","1","291498","C:/Users/Public/Experiments/SM01/05-WMC/MU/MU_results/MUsbj013.csv","study","1000","3","13","301897","302898"
"MU.osexp","C:\Users\Public\Experiments\SM01\05-WMC\MU","Tr5_update1.png","1","291498","C:/Users/Public/Experiments/SM01/05-WMC/MU/MU_results/MUsbj013.csv","update","1300","3","13","303206","304507"
"MU.osexp","C:\Users\Public\Experiments\SM01\05-WMC\MU","Tr5_update2.png","1","291498","C:/Users/Public/Experiments/SM01/05-WMC/MU/MU_results/MUsbj013.csv","update","1300","3","13","304853","306154"
"MU.osexp","C:\Users\Public\Experiments\SM01\05-WMC\MU","Tr5_update3.png","1","291498","C:/Users/Public/Experiments/SM01/05-WMC/MU/MU_results/MUsbj013.csv","update","1300","3","13","306484","307786"
"MU.osexp","C:\Users\Public\Experiments\SM01\05-WMC\MU","Tr5_update4.png","1","291498","C:/Users/Public/Experiments/SM01/05-WMC/MU/MU_results/MUsbj013.csv","update","1300","3","13","308137","309438"
"MU.osexp","C:\Users\Public\Experiments\SM01\05-WMC\MU","Tr5_update5.png","1","291498","C:/Users/Public/Experiments/SM01/05-WMC/MU/MU_results/MUsbj013.csv","update","1300","3","13","309775","311076"
"MU.osexp","C:\Users\Public\Experiments\SM01\05-WMC\MU","Tr5_update6.png","1","291498","C:/Users/Public/Experiments/SM01/05-WMC/MU/MU_results/MUsbj013.csv","update","1300","3","13","311403","312704"
"MU.osexp","C:\Users\Public\Experiments\SM01\05-WMC\MU","Tr5_test1.png","4","318010","C:/Users/Public/Experiments/SM01/05-WMC/MU/MU_results/MUsbj013.csv","test","0","3","13","313025","318011"
"MU.osexp","C:\Users\Public\Experiments\SM01\05-WMC\MU","Tr5_test2.png","2","320010","C:/Users/Public/Experiments/SM01/05-WMC/MU/MU_results/MUsbj013.csv","test","0","3","13","319087","320011"
"MU.osexp","C:\Users\Public\Experiments\SM01\05-WMC\MU","Tr5_test3.png","5","322106","C:/Users/Public/Experiments/SM01/05-WMC/MU/MU_results/MUsbj013.csv","test","0","3","13","321104","322107"
"MU.osexp","C:\Users\Public\Experiments\SM01\05-WMC\MU","wait.png","5","322106","C:/Users/Public/Experiments/SM01/05-WMC/MU/MU_results/MUsbj013.csv","wait","5000","4","13","323181","322107"
"MU.osexp","C:\Users\Public\Experiments\SM01\05-WMC\MU","fixation.png","5","322106","C:/Users/Public/Experiments/SM01/05-WMC/MU/MU_results/MUsbj013.csv","fix","1500","4","13","328261","322107"
"MU.osexp","C:\Users\Public\Experiments\SM01\05-WMC\MU","Tr6_study1.png","5","322106","C:/Users/Public/Experiments/SM01/05-WMC/MU/MU_results/MUsbj013.csv","study","1000","4","13","329844","330845"
"MU.osexp","C:\Users\Public\Experiments\SM01\05-WMC\MU","Tr6_study2.png","5","322106","C:/Users/Public/Experiments/SM01/05-WMC/MU/MU_results/MUsbj013.csv","study","1000","4","13","331172","332173"
"MU.osexp","C:\Users\Public\Experiments\SM01\05-WMC\MU","Tr6_study3.png","5","322106","C:/Users/Public/Experiments/SM01/05-WMC/MU/MU_results/MUsbj013.csv","study","1000","4","13","332497","333498"
"MU.osexp","C:\Users\Public\Experiments\SM01\05-WMC\MU","Tr6_study4.png","5","322106","C:/Users/Public/Experiments/SM01/05-WMC/MU/MU_results/MUsbj013.csv","study","1000","4","13","333820","334821"
"MU.osexp","C:\Users\Public\Experiments\SM01\05-WMC\MU","Tr6_update1.png","5","322106","C:/Users/Public/Experiments/SM01/05-WMC/MU/MU_results/MUsbj013.csv","update","1300","4","13","335136","336437"
"MU.osexp","C:\Users\Public\Experiments\SM01\05-WMC\MU","Tr6_update2.png","5","322106","C:/Users/Public/Experiments/SM01/05-WMC/MU/MU_results/MUsbj013.csv","update","1300","4","13","336757","338058"
"MU.osexp","C:\Users\Public\Experiments\SM01\05-WMC\MU","Tr6_update3.png","5","322106","C:/Users/Public/Experiments/SM01/05-WMC/MU/MU_results/MUsbj013.csv","update","1300","4","13","338415","339716"
"MU.osexp","C:\Users\Public\Experiments\SM01\05-WMC\MU","Tr6_update4.png","5","322106","C:/Users/Public/Experiments/SM01/05-WMC/MU/MU_results/MUsbj013.csv","update","1300","4","13","340054","341355"
"MU.osexp","C:\Users\Public\Experiments\SM01\05-WMC\MU","Tr6_update5.png","5","322106","C:/Users/Public/Experiments/SM01/05-WMC/MU/MU_results/MUsbj013.csv","update","1300","4","13","341677","342977"
"MU.osexp","C:\Users\Public\Experiments\SM01\05-WMC\MU","Tr6_test1.png","6","347850","C:/Users/Public/Experiments/SM01/05-WMC/MU/MU_results/MUsbj013.csv","test","0","4","13","343277","347851"
"MU.osexp","C:\Users\Public\Experiments\SM01\05-WMC\MU","Tr6_test2.png","4","350234","C:/Users/Public/Experiments/SM01/05-WMC/MU/MU_results/MUsbj013.csv","test","0","4","13","348930","350235"
"MU.osexp","C:\Users\Public\Experiments\SM01\05-WMC\MU","Tr6_test3.png","2","352698","C:/Users/Public/Experiments/SM01/05-WMC/MU/MU_results/MUsbj013.csv","test","0","4","13","351322","352699"
"MU.osexp","C:\Users\Public\Experiments\SM01\05-WMC\MU","Tr6_test4.png","4","354570","C:/Users/Public/Experiments/SM01/05-WMC/MU/MU_results/MUsbj013.csv","test","0","4","13","353788","354571"
"MU.osexp","C:\Users\Public\Experiments\SM01\05-WMC\MU","wait.png","4","354570","C:/Users/Public/Experiments/SM01/05-WMC/MU/MU_results/MUsbj013.csv","wait","5000","5","13","355648","354571"
"MU.osexp","C:\Users\Public\Experiments\SM01\05-WMC\MU","fixation.png","4","354570","C:/Users/Public/Experiments/SM01/05-WMC/MU/MU_results/MUsbj013.csv","fix","1500","5","13","360722","354571"
"MU.osexp","C:\Users\Public\Experiments\SM01\05-WMC\MU","Tr7_study1.png","4","354570","C:/Users/Public/Experiments/SM01/05-WMC/MU/MU_results/MUsbj013.csv","study","1000","5","13","362304","363305"
"MU.osexp","C:\Users\Public\Experiments\SM01\05-WMC\MU","Tr7_study2.png","4","354570","C:/Users/Public/Experiments/SM01/05-WMC/MU/MU_results/MUsbj013.csv","study","1000","5","13","363630","364631"
"MU.osexp","C:\Users\Public\Experiments\SM01\05-WMC\MU","Tr7_study3.png","4","354570","C:/Users/Public/Experiments/SM01/05-WMC/MU/MU_results/MUsbj013.csv","study","1000","5","13","364954","365955"
"MU.osexp","C:\Users\Public\Experiments\SM01\05-WMC\MU","Tr7_study4.png","4","354570","C:/Users/Public/Experiments/SM01/05-WMC/MU/MU_results/MUsbj013.csv","study","1000","5","13","366278","367279"
"MU.osexp","C:\Users\Public\Experiments\SM01\05-WMC\MU","Tr7_study5.png","4","354570","C:/Users/Public/Experiments/SM01/05-WMC/MU/MU_results/MUsbj013.csv","study","1000","5","13","367596","368597"
"MU.osexp","C:\Users\Public\Experiments\SM01\05-WMC\MU","Tr7_update1.png","4","354570","C:/Users/Public/Experiments/SM01/05-WMC/MU/MU_results/MUsbj013.csv","update","1300","5","13","368932","370233"
"MU.osexp","C:\Users\Public\Experiments\SM01\05-WMC\MU","Tr7_update2.png","4","354570","C:/Users/Public/Experiments/SM01/05-WMC/MU/MU_results/MUsbj013.csv","update","1300","5","13","370561","371862"
"MU.osexp","C:\Users\Public\Experiments\SM01\05-WMC\MU","Tr7_update3.png","4","354570","C:/Users/Public/Experiments/SM01/05-WMC/MU/MU_results/MUsbj013.csv","update","1300","5","13","372185","373486"
"MU.osexp","C:\Users\Public\Experiments\SM01\05-WMC\MU","Tr7_update4.png","4","354570","C:/Users/Public/Experiments/SM01/05-WMC/MU/MU_results/MUsbj013.csv","update","1300","5","13","373806","375107"
"MU.osexp","C:\Users\Public\Experiments\SM01\05-WMC\MU","Tr7_update5.png","4","354570","C:/Users/Public/Experiments/SM01/05-WMC/MU/MU_results/MUsbj013.csv","update","1300","5","13","375427","376728"
"MU.osexp","C:\Users\Public\Experiments\SM01\05-WMC\MU","Tr7_test1.png","8","379082","C:/Users/Public/Experiments/SM01/05-WMC/MU/MU_results/MUsbj013.csv","test","0","5","13","377062","379083"
"MU.osexp","C:\Users\Public\Experiments\SM01\05-WMC\MU","Tr7_test2.png","2","384922","C:/Users/Public/Experiments/SM01/05-WMC/MU/MU_results/MUsbj013.csv","test","0","5","13","380179","384923"
"MU.osexp","C:\Users\Public\Experiments\SM01\05-WMC\MU","Tr7_test3.png","1","386874","C:/Users/Public/Experiments/SM01/05-WMC/MU/MU_results/MUsbj013.csv","test","0","5","13","386004","386875"
"MU.osexp","C:\Users\Public\Experiments\SM01\05-WMC\MU","Tr7_test4.png","1","388650","C:/Users/Public/Experiments/SM01/05-WMC/MU/MU_results/MUsbj013.csv","test","0","5","13","387955","388651"
"MU.osexp","C:\Users\Public\Experiments\SM01\05-WMC\MU","Tr7_test5.png","1","389994","C:/Users/Public/Experiments/SM01/05-WMC/MU/MU_results/MUsbj013.csv","test","0","5","13","389730","389995"
"MU.osexp","C:\Users\Public\Experiments\SM01\05-WMC\MU","wait.png","1","389994","C:/Users/Public/Experiments/SM01/05-WMC/MU/MU_results/MUsbj013.csv","wait","5000","4","13","391074","389995"
"MU.osexp","C:\Users\Public\Experiments\SM01\05-WMC\MU","fixation.png","1","389994","C:/Users/Public/Experiments/SM01/05-WMC/MU/MU_results/MUsbj013.csv","fix","1500","4","13","396148","389995"
"MU.osexp","C:\Users\Public\Experiments\SM01\05-WMC\MU","Tr8_study1.png","1","389994","C:/Users/Public/Experiments/SM01/05-WMC/MU/MU_results/MUsbj013.csv","study","1000","4","13","397733","398734"
"MU.osexp","C:\Users\Public\Experiments\SM01\05-WMC\MU","Tr8_study2.png","1","389994","C:/Users/Public/Experiments/SM01/05-WMC/MU/MU_results/MUsbj013.csv","study","1000","4","13","399058","400059"
"MU.osexp","C:\Users\Public\Experiments\SM01\05-WMC\MU","Tr8_study3.png","1","389994","C:/Users/Public/Experiments/SM01/05-WMC/MU/MU_results/MUsbj013.csv","study","1000","4","13","400382","401383"
"MU.osexp","C:\Users\Public\Experiments\SM01\05-WMC\MU","Tr8_study4.png","1","389994","C:/Users/Public/Experiments/SM01/05-WMC/MU/MU_results/MUsbj013.csv","study","1000","4","13","401708","402709"
"MU.osexp","C:\Users\Public\Experiments\SM01\05-WMC\MU","Tr8_update1.png","1","389994","C:/Users/Public/Experiments/SM01/05-WMC/MU/MU_results/MUsbj013.csv","update","1300","4","13","403027","404328"
"MU.osexp","C:\Users\Public\Experiments\SM01\05-WMC\MU","Tr8_update2.png","1","389994","C:/Users/Public/Experiments/SM01/05-WMC/MU/MU_results/MUsbj013.csv","update","1300","4","13","404648","405949"
"MU.osexp","C:\Users\Public\Experiments\SM01\05-WMC\MU","Tr8_update3.png","1","389994","C:/Users/Public/Experiments/SM01/05-WMC/MU/MU_results/MUsbj013.csv","update","1300","4","13","406268","407569"
"MU.osexp","C:\Users\Public\Experiments\SM01\05-WMC\MU","Tr8_test1.png","5","413786","C:/Users/Public/Experiments/SM01/05-WMC/MU/MU_results/MUsbj013.csv","test","0","4","13","407896","413787"
"MU.osexp","C:\Users\Public\Experiments\SM01\05-WMC\MU","Tr8_test2.png","3","416250","C:/Users/Public/Experiments/SM01/05-WMC/MU/MU_results/MUsbj013.csv","test","0","4","13","414865","416251"
"MU.osexp","C:\Users\Public\Experiments\SM01\05-WMC\MU","Tr8_test3.png","9","418842","C:/Users/Public/Experiments/SM01/05-WMC/MU/MU_results/MUsbj013.csv","test","0","4","13","417330","418843"
"MU.osexp","C:\Users\Public\Experiments\SM01\05-WMC\MU","Tr8_test4.png","2","420266","C:/Users/Public/Experiments/SM01/05-WMC/MU/MU_results/MUsbj013.csv","test","0","4","13","419919","420267"
"MU.osexp","C:\Users\Public\Experiments\SM01\05-WMC\MU","wait.png","2","420266","C:/Users/Public/Experiments/SM01/05-WMC/MU/MU_results/MUsbj013.csv","wait","5000","5","13","421333","420267"
"MU.osexp","C:\Users\Public\Experiments\SM01\05-WMC\MU","fixation.png","2","420266","C:/Users/Public/Experiments/SM01/05-WMC/MU/MU_results/MUsbj013.csv","fix","1500","5","13","426414","420267"
"MU.osexp","C:\Users\Public\Experiments\SM01\05-WMC\MU","Tr9_study1.png","2","420266","C:/Users/Public/Experiments/SM01/05-WMC/MU/MU_results/MUsbj013.csv","study","1000","5","13","428003","429004"
"MU.osexp","C:\Users\Public\Experiments\SM01\05-WMC\MU","Tr9_study2.png","2","420266","C:/Users/Public/Experiments/SM01/05-WMC/MU/MU_results/MUsbj013.csv","study","1000","5","13","429331","430332"
"MU.osexp","C:\Users\Public\Experiments\SM01\05-WMC\MU","Tr9_study3.png","2","420266","C:/Users/Public/Experiments/SM01/05-WMC/MU/MU_results/MUsbj013.csv","study","1000","5","13","430655","431656"
"MU.osexp","C:\Users\Public\Experiments\SM01\05-WMC\MU","Tr9_study4.png","2","420266","C:/Users/Public/Experiments/SM01/05-WMC/MU/MU_results/MUsbj013.csv","study","1000","5","13","431976","432977"
"MU.osexp","C:\Users\Public\Experiments\SM01\05-WMC\MU","Tr9_study5.png","2","420266","C:/Users/Public/Experiments/SM01/05-WMC/MU/MU_results/MUsbj013.csv","study","1000","5","13","433313","434314"
"MU.osexp","C:\Users\Public\Experiments\SM01\05-WMC\MU","Tr9_update1.png","2","420266","C:/Users/Public/Experiments/SM01/05-WMC/MU/MU_results/MUsbj013.csv","update","1300","5","13","434641","435942"
"MU.osexp","C:\Users\Public\Experiments\SM01\05-WMC\MU","Tr9_update2.png","2","420266","C:/Users/Public/Experiments/SM01/05-WMC/MU/MU_results/MUsbj013.csv","update","1300","5","13","436266","437567"
"MU.osexp","C:\Users\Public\Experiments\SM01\05-WMC\MU","Tr9_test1.png","6","446906","C:/Users/Public/Experiments/SM01/05-WMC/MU/MU_results/MUsbj013.csv","test","0","5","13","437886","446907"
"MU.osexp","C:\Users\Public\Experiments\SM01\05-WMC\MU","Tr9_test2.png","2","450106","C:/Users/Public/Experiments/SM01/05-WMC/MU/MU_results/MUsbj013.csv","test","0","5","13","447985","450107"
"MU.osexp","C:\Users\Public\Experiments\SM01\05-WMC\MU","Tr9_test3.png","7","453706","C:/Users/Public/Experiments/SM01/05-WMC/MU/MU_results/MUsbj013.csv","test","0","5","13","451194","453707"
"MU.osexp","C:\Users\Public\Experiments\SM01\05-WMC\MU","Tr9_test4.png","6","455242","C:/Users/Public/Experiments/SM01/05-WMC/MU/MU_results/MUsbj013.csv","test","0","5","13","454793","455243"
"MU.osexp","C:\Users\Public\Experiments\SM01\05-WMC\MU","Tr9_test5.png","9","457258","C:/Users/Public/Experiments/SM01/05-WMC/MU/MU_results/MUsbj013.csv","test","0","5","13","456324","457259"
"MU.osexp","C:\Users\Public\Experiments\SM01\05-WMC\MU","wait.png","9","457258","C:/Users/Public/Experiments/SM01/05-WMC/MU/MU_results/MUsbj013.csv","wait","5000","3","13","458336","457259"
"MU.osexp","C:\Users\Public\Experiments\SM01\05-WMC\MU","fixation.png","9","457258","C:/Users/Public/Experiments/SM01/05-WMC/MU/MU_results/MUsbj013.csv","fix","1500","3","13","463409","457259"
"MU.osexp","C:\Users\Public\Experiments\SM01\05-WMC\MU","Tr10_study1.png","9","457258","C:/Users/Public/Experiments/SM01/05-WMC/MU/MU_results/MUsbj013.csv","study","1000","3","13","464993","465994"
"MU.osexp","C:\Users\Public\Experiments\SM01\05-WMC\MU","Tr10_study2.png","9","457258","C:/Users/Public/Experiments/SM01/05-WMC/MU/MU_results/MUsbj013.csv","study","1000","3","13","466321","467322"
"MU.osexp","C:\Users\Public\Experiments\SM01\05-WMC\MU","Tr10_study3.png","9","457258","C:/Users/Public/Experiments/SM01/05-WMC/MU/MU_results/MUsbj013.csv","study","1000","3","13","467649","468650"
"MU.osexp","C:\Users\Public\Experiments\SM01\05-WMC\MU","Tr10_update1.png","9","457258","C:/Users/Public/Experiments/SM01/05-WMC/MU/MU_results/MUsbj013.csv","update","1300","3","13","468976","470277"
"MU.osexp","C:\Users\Public\Experiments\SM01\05-WMC\MU","Tr10_update2.png","9","457258","C:/Users/Public/Experiments/SM01/05-WMC/MU/MU_results/MUsbj013.csv","update","1300","3","13","470606","471907"
"MU.osexp","C:\Users\Public\Experiments\SM01\05-WMC\MU","Tr10_test1.png","5","474666","C:/Users/Public/Experiments/SM01/05-WMC/MU/MU_results/MUsbj013.csv","test","0","3","13","472233","474667"
"MU.osexp","C:\Users\Public\Experiments\SM01\05-WMC\MU","Tr10_test2.png","7","476970","C:/Users/Public/Experiments/SM01/05-WMC/MU/MU_results/MUsbj013.csv","test","0","3","13","475747","476971"
"MU.osexp","C:\Users\Public\Experiments\SM01\05-WMC\MU","Tr10_test3.png","5","478298","C:/Users/Public/Experiments/SM01/05-WMC/MU/MU_results/MUsbj013.csv","test","0","3","13","478045","478299"
"MU.osexp","C:\Users\Public\Experiments\SM01\05-WMC\MU","wait.png","5","478298","C:/Users/Public/Experiments/SM01/05-WMC/MU/MU_results/MUsbj013.csv","wait","5000","5","13","479376","478299"
"MU.osexp","C:\Users\Public\Experiments\SM01\05-WMC\MU","fixation.png","5","478298","C:/Users/Public/Experiments/SM01/05-WMC/MU/MU_results/MUsbj013.csv","fix","1500","5","13","484449","478299"
"MU.osexp","C:\Users\Public\Experiments\SM01\05-WMC\MU","Tr11_study1.png","5","478298","C:/Users/Public/Experiments/SM01/05-WMC/MU/MU_results/MUsbj013.csv","study","1000","5","13","486027","487028"
"MU.osexp","C:\Users\Public\Experiments\SM01\05-WMC\MU","Tr11_study2.png","5","478298","C:/Users/Public/Experiments/SM01/05-WMC/MU/MU_results/MUsbj013.csv","study","1000","5","13","487353","488354"
"MU.osexp","C:\Users\Public\Experiments\SM01\05-WMC\MU","Tr11_study3.png","5","478298","C:/Users/Public/Experiments/SM01/05-WMC/MU/MU_results/MUsbj013.csv","study","1000","5","13","488692","489693"
"MU.osexp","C:\Users\Public\Experiments\SM01\05-WMC\MU","Tr11_study4.png","5","478298","C:/Users/Public/Experiments/SM01/05-WMC/MU/MU_results/MUsbj013.csv","study","1000","5","13","490022","491023"
"MU.osexp","C:\Users\Public\Experiments\SM01\05-WMC\MU","Tr11_study5.png","5","478298","C:/Users/Public/Experiments/SM01/05-WMC/MU/MU_results/MUsbj013.csv","study","1000","5","13","491347","492348"
"MU.osexp","C:\Users\Public\Experiments\SM01\05-WMC\MU","Tr11_update1.png","5","478298","C:/Users/Public/Experiments/SM01/05-WMC/MU/MU_results/MUsbj013.csv","update","1300","5","13","492669","493970"
"MU.osexp","C:\Users\Public\Experiments\SM01\05-WMC\MU","Tr11_update2.png","5","478298","C:/Users/Public/Experiments/SM01/05-WMC/MU/MU_results/MUsbj013.csv","update","1300","5","13","494304","495605"
"MU.osexp","C:\Users\Public\Experiments\SM01\05-WMC\MU","Tr11_update3.png","5","478298","C:/Users/Public/Experiments/SM01/05-WMC/MU/MU_results/MUsbj013.csv","update","1300","5","13","495936","497237"
"MU.osexp","C:\Users\Public\Experiments\SM01\05-WMC\MU","Tr11_test1.png","8","500378","C:/Users/Public/Experiments/SM01/05-WMC/MU/MU_results/MUsbj013.csv","test","0","5","13","497571","500379"
"MU.osexp","C:\Users\Public\Experiments\SM01\05-WMC\MU","Tr11_test2.png","5","503018","C:/Users/Public/Experiments/SM01/05-WMC/MU/MU_results/MUsbj013.csv","test","0","5","13","501455","503019"
"MU.osexp","C:\Users\Public\Experiments\SM01\05-WMC\MU","Tr11_test3.png","4","504842","C:/Users/Public/Experiments/SM01/05-WMC/MU/MU_results/MUsbj013.csv","test","0","5","13","504095","504843"
"MU.osexp","C:\Users\Public\Experiments\SM01\05-WMC\MU","Tr11_test4.png","6","507242","C:/Users/Public/Experiments/SM01/05-WMC/MU/MU_results/MUsbj013.csv","test","0","5","13","505926","507243"
"MU.osexp","C:\Users\Public\Experiments\SM01\05-WMC\MU","Tr11_test5.png","4","509354","C:/Users/Public/Experiments/SM01/05-WMC/MU/MU_results/MUsbj013.csv","test","0","5","13","508323","509355"
"MU.osexp","C:\Users\Public\Experiments\SM01\05-WMC\MU","wait.png","4","509354","C:/Users/Public/Experiments/SM01/05-WMC/MU/MU_results/MUsbj013.csv","wait","5000","3","13","510429","509355"
"MU.osexp","C:\Users\Public\Experiments\SM01\05-WMC\MU","fixation.png","4","509354","C:/Users/Public/Experiments/SM01/05-WMC/MU/MU_results/MUsbj013.csv","fix","1500","3","13","515517","509355"
"MU.osexp","C:\Users\Public\Experiments\SM01\05-WMC\MU","Tr12_study1.png","4","509354","C:/Users/Public/Experiments/SM01/05-WMC/MU/MU_results/MUsbj013.csv","study","1000","3","13","517103","518104"
"MU.osexp","C:\Users\Public\Experiments\SM01\05-WMC\MU","Tr12_study2.png","4","509354","C:/Users/Public/Experiments/SM01/05-WMC/MU/MU_results/MUsbj013.csv","study","1000","3","13","518433","519434"
"MU.osexp","C:\Users\Public\Experiments\SM01\05-WMC\MU","Tr12_study3.png","4","509354","C:/Users/Public/Experiments/SM01/05-WMC/MU/MU_results/MUsbj013.csv","study","1000","3","13","519773","520774"
"MU.osexp","C:\Users\Public\Experiments\SM01\05-WMC\MU","Tr12_update1.png","4","509354","C:/Users/Public/Experiments/SM01/05-WMC/MU/MU_results/MUsbj013.csv","update","1300","3","13","521099","522400"
"MU.osexp","C:\Users\Public\Experiments\SM01\05-WMC\MU","Tr12_update2.png","4","509354","C:/Users/Public/Experiments/SM01/05-WMC/MU/MU_results/MUsbj013.csv","update","1300","3","13","522720","524021"
"MU.osexp","C:\Users\Public\Experiments\SM01\05-WMC\MU","Tr12_update3.png","4","509354","C:/Users/Public/Experiments/SM01/05-WMC/MU/MU_results/MUsbj013.csv","update","1300","3","13","524343","525644"
"MU.osexp","C:\Users\Public\Experiments\SM01\05-WMC\MU","Tr12_update4.png","4","509354","C:/Users/Public/Experiments/SM01/05-WMC/MU/MU_results/MUsbj013.csv","update","1300","3","13","525965","527266"
"MU.osexp","C:\Users\Public\Experiments\SM01\05-WMC\MU","Tr12_update5.png","4","509354","C:/Users/Public/Experiments/SM01/05-WMC/MU/MU_results/MUsbj013.csv","update","1300","3","13","527586","528887"
"MU.osexp","C:\Users\Public\Experiments\SM01\05-WMC\MU","Tr12_test1.png","4","530458","C:/Users/Public/Experiments/SM01/05-WMC/MU/MU_results/MUsbj013.csv","test","0","3","13","529206","530459"
"MU.osexp","C:\Users\Public\Experiments\SM01\05-WMC\MU","Tr12_test2.png","8","532442","C:/Users/Public/Experiments/SM01/05-WMC/MU/MU_results/MUsbj013.csv","test","0","3","13","531538","532443"
"MU.osexp","C:\Users\Public\Experiments\SM01\05-WMC\MU","Tr12_test3.png","1","533802","C:/Users/Public/Experiments/SM01/05-WMC/MU/MU_results/MUsbj013.csv","test","0","3","13","533522","533803"
"MU.osexp","C:\Users\Public\Experiments\SM01\05-WMC\MU","wait.png","1","533802","C:/Users/Public/Experiments/SM01/05-WMC/MU/MU_results/MUsbj013.csv","wait","5000","3","13","534892","533803"
"MU.osexp","C:\Users\Public\Experiments\SM01\05-WMC\MU","fixation.png","1","533802","C:/Users/Public/Experiments/SM01/05-WMC/MU/MU_results/MUsbj013.csv","fix","1500","3","13","539970","533803"
"MU.osexp","C:\Users\Public\Experiments\SM01\05-WMC\MU","Tr13_study1.png","1","533802","C:/Users/Public/Experiments/SM01/05-WMC/MU/MU_results/MUsbj013.csv","study","1000","3","13","541561","542562"
"MU.osexp","C:\Users\Public\Experiments\SM01\05-WMC\MU","Tr13_study2.png","1","533802","C:/Users/Public/Experiments/SM01/05-WMC/MU/MU_results/MUsbj013.csv","study","1000","3","13","542901","543902"
"MU.osexp","C:\Users\Public\Experiments\SM01\05-WMC\MU","Tr13_study3.png","1","533802","C:/Users/Public/Experiments/SM01/05-WMC/MU/MU_results/MUsbj013.csv","study","1000","3","13","544229","545230"
"MU.osexp","C:\Users\Public\Experiments\SM01\05-WMC\MU","Tr13_update1.png","1","533802","C:/Users/Public/Experiments/SM01/05-WMC/MU/MU_results/MUsbj013.csv","update","1300","3","13","545555","546856"
"MU.osexp","C:\Users\Public\Experiments\SM01\05-WMC\MU","Tr13_update2.png","1","533802","C:/Users/Public/Experiments/SM01/05-WMC/MU/MU_results/MUsbj013.csv","update","1300","3","13","547174","548475"
"MU.osexp","C:\Users\Public\Experiments\SM01\05-WMC\MU","Tr13_update3.png","1","533802","C:/Users/Public/Experiments/SM01/05-WMC/MU/MU_results/MUsbj013.csv","update","1300","3","13","548795","550096"
"MU.osexp","C:\Users\Public\Experiments\SM01\05-WMC\MU","Tr13_update4.png","1","533802","C:/Users/Public/Experiments/SM01/05-WMC/MU/MU_results/MUsbj013.csv","update","1300","3","13","550417","551718"
"MU.osexp","C:\Users\Public\Experiments\SM01\05-WMC\MU","Tr13_test1.png","7","554266","C:/Users/Public/Experiments/SM01/05-WMC/MU/MU_results/MUsbj013.csv","test","0","3","13","552065","554267"
"MU.osexp","C:\Users\Public\Experiments\SM01\05-WMC\MU","Tr13_test2.png","1","556666","C:/Users/Public/Experiments/SM01/05-WMC/MU/MU_results/MUsbj013.csv","test","0","3","13","555419","556667"
"MU.osexp","C:\Users\Public\Experiments\SM01\05-WMC\MU","Tr13_test3.png","2","558122","C:/Users/Public/Experiments/SM01/05-WMC/MU/MU_results/MUsbj013.csv","test","0","3","13","557739","558123"
"MU.osexp","C:\Users\Public\Experiments\SM01\05-WMC\MU","wait.png","2","558122","C:/Users/Public/Experiments/SM01/05-WMC/MU/MU_results/MUsbj013.csv","wait","5000","5","13","559198","558123"
"MU.osexp","C:\Users\Public\Experiments\SM01\05-WMC\MU","fixation.png","2","558122","C:/Users/Public/Experiments/SM01/05-WMC/MU/MU_results/MUsbj013.csv","fix","1500","5","13","564271","558123"
"MU.osexp","C:\Users\Public\Experiments\SM01\05-WMC\MU","Tr14_study1.png","2","558122","C:/Users/Public/Experiments/SM01/05-WMC/MU/MU_results/MUsbj013.csv","study","1000","5","13","565853","566854"
"MU.osexp","C:\Users\Public\Experiments\SM01\05-WMC\MU","Tr14_study2.png","2","558122","C:/Users/Public/Experiments/SM01/05-WMC/MU/MU_results/MUsbj013.csv","study","1000","5","13","567185","568186"
"MU.osexp","C:\Users\Public\Experiments\SM01\05-WMC\MU","Tr14_study3.png","2","558122","C:/Users/Public/Experiments/SM01/05-WMC/MU/MU_results/MUsbj013.csv","study","1000","5","13","568506","569507"
"MU.osexp","C:\Users\Public\Experiments\SM01\05-WMC\MU","Tr14_study4.png","2","558122","C:/Users/Public/Experiments/SM01/05-WMC/MU/MU_results/MUsbj013.csv","study","1000","5","13","569826","570827"
"MU.osexp","C:\Users\Public\Experiments\SM01\05-WMC\MU","Tr14_study5.png","2","558122","C:/Users/Public/Experiments/SM01/05-WMC/MU/MU_results/MUsbj013.csv","study","1000","5","13","571146","572147"
"MU.osexp","C:\Users\Public\Experiments\SM01\05-WMC\MU","Tr14_update1.png","2","558122","C:/Users/Public/Experiments/SM01/05-WMC/MU/MU_results/MUsbj013.csv","update","1300","5","13","572466","573767"
"MU.osexp","C:\Users\Public\Experiments\SM01\05-WMC\MU","Tr14_update2.png","2","558122","C:/Users/Public/Experiments/SM01/05-WMC/MU/MU_results/MUsbj013.csv","update","1300","5","13","574090","575391"
"MU.osexp","C:\Users\Public\Experiments\SM01\05-WMC\MU","Tr14_update3.png","2","558122","C:/Users/Public/Experiments/SM01/05-WMC/MU/MU_results/MUsbj013.csv","update","1300","5","13","575727","577028"
"MU.osexp","C:\Users\Public\Experiments\SM01\05-WMC\MU","Tr14_update4.png","2","558122","C:/Users/Public/Experiments/SM01/05-WMC/MU/MU_results/MUsbj013.csv","update","1300","5","13","577352","578653"
"MU.osexp","C:\Users\Public\Experiments\SM01\05-WMC\MU","Tr14_test1.png","1","580282","C:/Users/Public/Experiments/SM01/05-WMC/MU/MU_results/MUsbj013.csv","test","0","5","13","578991","580283"
"MU.osexp","C:\Users\Public\Experiments\SM01\05-WMC\MU","Tr14_test2.png","1","583514","C:/Users/Public/Experiments/SM01/05-WMC/MU/MU_results/MUsbj013.csv","test","0","5","13","581364","583515"
"MU.osexp","C:\Users\Public\Experiments\SM01\05-WMC\MU","Tr14_test3.png","7","585834","C:/Users/Public/Experiments/SM01/05-WMC/MU/MU_results/MUsbj013.csv","test","0","5","13","584585","585835"
"MU.osexp","C:\Users\Public\Experiments\SM01\05-WMC\MU","Tr14_test4.png","4","587226","C:/Users/Public/Experiments/SM01/05-WMC/MU/MU_results/MUsbj013.csv","test","0","5","13","586902","587227"
"MU.osexp","C:\Users\Public\Experiments\SM01\05-WMC\MU","Tr14_test5.png","5","588490","C:/Users/Public/Experiments/SM01/05-WMC/MU/MU_results/MUsbj013.csv","test","0","5","13","588305","588491"
"MU.osexp","C:\Users\Public\Experiments\SM01\05-WMC\MU","wait.png","5","588490","C:/Users/Public/Experiments/SM01/05-WMC/MU/MU_results/MUsbj013.csv","wait","5000","4","13","589565","588491"
"MU.osexp","C:\Users\Public\Experiments\SM01\05-WMC\MU","fixation.png","5","588490","C:/Users/Public/Experiments/SM01/05-WMC/MU/MU_results/MUsbj013.csv","fix","1500","4","13","594653","588491"
"MU.osexp","C:\Users\Public\Experiments\SM01\05-WMC\MU","Tr15_study1.png","5","588490","C:/Users/Public/Experiments/SM01/05-WMC/MU/MU_results/MUsbj013.csv","study","1000","4","13","596232","597233"
"MU.osexp","C:\Users\Public\Experiments\SM01\05-WMC\MU","Tr15_study2.png","5","588490","C:/Users/Public/Experiments/SM01/05-WMC/MU/MU_results/MUsbj013.csv","study","1000","4","13","597553","598554"
"MU.osexp","C:\Users\Public\Experiments\SM01\05-WMC\MU","Tr15_study3.png","5","588490","C:/Users/Public/Experiments/SM01/05-WMC/MU/MU_results/MUsbj013.csv","study","1000","4","13","598885","599886"
"MU.osexp","C:\Users\Public\Experiments\SM01\05-WMC\MU","Tr15_study4.png","5","588490","C:/Users/Public/Experiments/SM01/05-WMC/MU/MU_results/MUsbj013.csv","study","1000","4","13","600212","601213"
"MU.osexp","C:\Users\Public\Experiments\SM01\05-WMC\MU","Tr15_update1.png","5","588490","C:/Users/Public/Experiments/SM01/05-WMC/MU/MU_results/MUsbj013.csv","update","1300","4","13","601550","602851"
"MU.osexp","C:\Users\Public\Experiments\SM01\05-WMC\MU","Tr15_update2.png","5","588490","C:/Users/Public/Experiments/SM01/05-WMC/MU/MU_results/MUsbj013.csv","update","1300","4","13","603187","604488"
"MU.osexp","C:\Users\Public\Experiments\SM01\05-WMC\MU","Tr15_update3.png","5","588490","C:/Users/Public/Experiments/SM01/05-WMC/MU/MU_results/MUsbj013.csv","update","1300","4","13","604810","606111"
"MU.osexp","C:\Users\Public\Experiments\SM01\05-WMC\MU","Tr15_update4.png","5","588490","C:/Users/Public/Experiments/SM01/05-WMC/MU/MU_results/MUsbj013.csv","update","1300","4","13","606425","607726"
"MU.osexp","C:\Users\Public\Experiments\SM01\05-WMC\MU","Tr15_update5.png","5","588490","C:/Users/Public/Experiments/SM01/05-WMC/MU/MU_results/MUsbj013.csv","update","1300","4","13","608054","609355"
"MU.osexp","C:\Users\Public\Experiments\SM01\05-WMC\MU","Tr15_update6.png","5","588490","C:/Users/Public/Experiments/SM01/05-WMC/MU/MU_results/MUsbj013.csv","update","1300","4","13","609685","610986"
"MU.osexp","C:\Users\Public\Experiments\SM01\05-WMC\MU","Tr15_test1.png","9","616538","C:/Users/Public/Experiments/SM01/05-WMC/MU/MU_results/MUsbj013.csv","test","0","4","13","611310","616539"
"MU.osexp","C:\Users\Public\Experiments\SM01\05-WMC\MU","Tr15_test2.png","3","619114","C:/Users/Public/Experiments/SM01/05-WMC/MU/MU_results/MUsbj013.csv","test","0","4","13","617615","619115"
"MU.osexp","C:\Users\Public\Experiments\SM01\05-WMC\MU","Tr15_test3.png","5","620490","C:/Users/Public/Experiments/SM01/05-WMC/MU/MU_results/MUsbj013.csv","test","0","4","13","620191","620491"
"MU.osexp","C:\Users\Public\Experiments\SM01\05-WMC\MU","Tr15_test4.png","2","621690","C:/Users/Public/Experiments/SM01/05-WMC/MU/MU_results/MUsbj013.csv","test","0","4","13","621572","621691"
"MU.osexp","C:\Users\Public\Experiments\SM01\05-WMC\MU","wait.png","2","621690","C:/Users/Public/Experiments/SM01/05-WMC/MU/MU_results/MUsbj013.csv","wait","5000","4","13","622770","621691"
"MU.osexp","C:\Users\Public\Experiments\SM01\05-WMC\MU","fixation.png","2","621690","C:/Users/Public/Experiments/SM01/05-WMC/MU/MU_results/MUsbj013.csv","fix","1500","4","13","627845","621691"
"MU.osexp","C:\Users\Public\Experiments\SM01\05-WMC\MU","Tr16_study1.png","2","621690","C:/Users/Public/Experiments/SM01/05-WMC/MU/MU_results/MUsbj013.csv","study","1000","4","13","629447","630448"
"MU.osexp","C:\Users\Public\Experiments\SM01\05-WMC\MU","Tr16_study2.png","2","621690","C:/Users/Public/Experiments/SM01/05-WMC/MU/MU_results/MUsbj013.csv","study","1000","4","13","630776","631777"
"MU.osexp","C:\Users\Public\Experiments\SM01\05-WMC\MU","Tr16_study3.png","2","621690","C:/Users/Public/Experiments/SM01/05-WMC/MU/MU_results/MUsbj013.csv","study","1000","4","13","632105","633106"
"MU.osexp","C:\Users\Public\Experiments\SM01\05-WMC\MU","Tr16_study4.png","2","621690","C:/Users/Public/Experiments/SM01/05-WMC/MU/MU_results/MUsbj013.csv","study","1000","4","13","633430","634431"
"MU.osexp","C:\Users\Public\Experiments\SM01\05-WMC\MU","Tr16_update1.png","2","621690","C:/Users/Public/Experiments/SM01/05-WMC/MU/MU_results/MUsbj013.csv","update","1300","4","13","634749","636050"
"MU.osexp","C:\Users\Public\Experiments\SM01\05-WMC\MU","Tr16_update2.png","2","621690","C:/Users/Public/Experiments/SM01/05-WMC/MU/MU_results/MUsbj013.csv","update","1300","4","13","636367","637668"
"MU.osexp","C:\Users\Public\Experiments\SM01\05-WMC\MU","Tr16_test1.png","8","642714","C:/Users/Public/Experiments/SM01/05-WMC/MU/MU_results/MUsbj013.csv","test","0","4","13","637987","642715"
"MU.osexp","C:\Users\Public\Experiments\SM01\05-WMC\MU","Tr16_test2.png","7","648810","C:/Users/Public/Experiments/SM01/05-WMC/MU/MU_results/MUsbj013.csv","test","0","4","13","643794","648811"
"MU.osexp","C:\Users\Public\Experiments\SM01\05-WMC\MU","Tr16_test3.png","6","652586","C:/Users/Public/Experiments/SM01/05-WMC/MU/MU_results/MUsbj013.csv","test","0","4","13","649882","652587"
"MU.osexp","C:\Users\Public\Experiments\SM01\05-WMC\MU","Tr16_test4.png","6","653882","C:/Users/Public/Experiments/SM01/05-WMC/MU/MU_results/MUsbj013.csv","test","0","4","13","653650","653883"
"MU.osexp","C:\Users\Public\Experiments\SM01\05-WMC\MU","wait.png","6","653882","C:/Users/Public/Experiments/SM01/05-WMC/MU/MU_results/MUsbj013.csv","wait","5000","5","13","654956","653883"
"MU.osexp","C:\Users\Public\Experiments\SM01\05-WMC\MU","fixation.png","6","653882","C:/Users/Public/Experiments/SM01/05-WMC/MU/MU_results/MUsbj013.csv","fix","1500","5","13","660034","653883"
"MU.osexp","C:\Users\Public\Experiments\SM01\05-WMC\MU","Tr17_study1.png","6","653882","C:/Users/Public/Experiments/SM01/05-WMC/MU/MU_results/MUsbj013.csv","study","1000","5","13","661621","662622"
"MU.osexp","C:\Users\Public\Experiments\SM01\05-WMC\MU","Tr17_study2.png","6","653882","C:/Users/Public/Experiments/SM01/05-WMC/MU/MU_results/MUsbj013.csv","study","1000","5","13","662943","663944"
"MU.osexp","C:\Users\Public\Experiments\SM01\05-WMC\MU","Tr17_study3.png","6","653882","C:/Users/Public/Experiments/SM01/05-WMC/MU/MU_results/MUsbj013.csv","study","1000","5","13","664265","665265"
"MU.osexp","C:\Users\Public\Experiments\SM01\05-WMC\MU","Tr17_study4.png","6","653882","C:/Users/Public/Experiments/SM01/05-WMC/MU/MU_results/MUsbj013.csv","study","1000","5","13","665586","666587"
"MU.osexp","C:\Users\Public\Experiments\SM01\05-WMC\MU","Tr17_study5.png","6","653882","C:/Users/Public/Experiments/SM01/05-WMC/MU/MU_results/MUsbj013.csv","study","1000","5","13","666906","667907"
"MU.osexp","C:\Users\Public\Experiments\SM01\05-WMC\MU","Tr17_update1.png","6","653882","C:/Users/Public/Experiments/SM01/05-WMC/MU/MU_results/MUsbj013.csv","update","1300","5","13","668226","669527"
"MU.osexp","C:\Users\Public\Experiments\SM01\05-WMC\MU","Tr17_update2.png","6","653882","C:/Users/Public/Experiments/SM01/05-WMC/MU/MU_results/MUsbj013.csv","update","1300","5","13","669846","671147"
"MU.osexp","C:\Users\Public\Experiments\SM01\05-WMC\MU","Tr17_update3.png","6","653882","C:/Users/Public/Experiments/SM01/05-WMC/MU/MU_results/MUsbj013.csv","update","1300","5","13","671466","672767"
"MU.osexp","C:\Users\Public\Experiments\SM01\05-WMC\MU","Tr17_update4.png","6","653882","C:/Users/Public/Experiments/SM01/05-WMC/MU/MU_results/MUsbj013.csv","update","1300","5","13","673103","674404"
"MU.osexp","C:\Users\Public\Experiments\SM01\05-WMC\MU","Tr17_update5.png","6","653882","C:/Users/Public/Experiments/SM01/05-WMC/MU/MU_results/MUsbj013.csv","update","1300","5","13","674728","676030"
"MU.osexp","C:\Users\Public\Experiments\SM01\05-WMC\MU","Tr17_update6.png","6","653882","C:/Users/Public/Experiments/SM01/05-WMC/MU/MU_results/MUsbj013.csv","update","1300","5","13","676346","677647"
"MU.osexp","C:\Users\Public\Experiments\SM01\05-WMC\MU","Tr17_test1.png","4","683066","C:/Users/Public/Experiments/SM01/05-WMC/MU/MU_results/MUsbj013.csv","test","0","5","13","677971","683067"
"MU.osexp","C:\Users\Public\Experiments\SM01\05-WMC\MU","Tr17_test2.png","4","688282","C:/Users/Public/Experiments/SM01/05-WMC/MU/MU_results/MUsbj013.csv","test","0","5","13","684145","688283"
"MU.osexp","C:\Users\Public\Experiments\SM01\05-WMC\MU","Tr17_test3.png","4","692682","C:/Users/Public/Experiments/SM01/05-WMC/MU/MU_results/MUsbj013.csv","test","0","5","13","689364","692683"
"MU.osexp","C:\Users\Public\Experiments\SM01\05-WMC\MU","Tr17_test4.png","2","695194","C:/Users/Public/Experiments/SM01/05-WMC/MU/MU_results/MUsbj013.csv","test","0","5","13","693771","695195"
"MU.osexp","C:\Users\Public\Experiments\SM01\05-WMC\MU","Tr17_test5.png","8","698266","C:/Users/Public/Experiments/SM01/05-WMC/MU/MU_results/MUsbj013.csv","test","0","5","13","696273","698267"
