"experiment_file","experiment_path","image","key","key_time","logfile","phase","playtime","setSize","subject_nr","timestamp","waittime"
"MU.osexp","C:\Users\Public\Experiments\SM01\05-WMC\MU","ready1.png","NA","NA","C:/Users/Public/Experiments/SM01/05-WMC/MU/MU_results/MUsbj030.csv","pre","0","3","0","93805","NA"
"MU.osexp","C:\Users\Public\Experiments\SM01\05-WMC\MU","fixation.png","NA","NA","C:/Users/Public/Experiments/SM01/05-WMC/MU/MU_results/MUsbj030.csv","fix","1500","3","0","96396","NA"
"MU.osexp","C:\Users\Public\Experiments\SM01\05-WMC\MU","Tr1_study1.png","NA","NA","C:/Users/Public/Experiments/SM01/05-WMC/MU/MU_results/MUsbj030.csv","study","1000","3","0","98025","99028"
"MU.osexp","C:\Users\Public\Experiments\SM01\05-WMC\MU","Tr1_study2.png","NA","NA","C:/Users/Public/Experiments/SM01/05-WMC/MU/MU_results/MUsbj030.csv","study","1000","3","0","99545","100547"
"MU.osexp","C:\Users\Public\Experiments\SM01\05-WMC\MU","Tr1_study3.png","NA","NA","C:/Users/Public/Experiments/SM01/05-WMC/MU/MU_results/MUsbj030.csv","study","1000","3","0","100898","101900"
"MU.osexp","C:\Users\Public\Experiments\SM01\05-WMC\MU","Tr1_update1.png","NA","NA","C:/Users/Public/Experiments/SM01/05-WMC/MU/MU_results/MUsbj030.csv","update","1300","3","0","102256","103558"
"MU.osexp","C:\Users\Public\Experiments\SM01\05-WMC\MU","Tr1_update2.png","NA","NA","C:/Users/Public/Experiments/SM01/05-WMC/MU/MU_results/MUsbj030.csv","update","1300","3","0","103924","105226"
"MU.osexp","C:\Users\Public\Experiments\SM01\05-WMC\MU","Tr1_update3.png","NA","NA","C:/Users/Public/Experiments/SM01/05-WMC/MU/MU_results/MUsbj030.csv","update","1300","3","0","105607","106909"
"MU.osexp","C:\Users\Public\Experiments\SM01\05-WMC\MU","Tr1_test1.png","5","135770","C:/Users/Public/Experiments/SM01/05-WMC/MU/MU_results/MUsbj030.csv","test","0","3","0","107286","135771"
"MU.osexp","C:\Users\Public\Experiments\SM01\05-WMC\MU","Tr1_test2.png","1","140226","C:/Users/Public/Experiments/SM01/05-WMC/MU/MU_results/MUsbj030.csv","test","0","3","0","136896","140227"
"MU.osexp","C:\Users\Public\Experiments\SM01\05-WMC\MU","Tr1_test3.png","2","141665","C:/Users/Public/Experiments/SM01/05-WMC/MU/MU_results/MUsbj030.csv","test","0","3","0","141345","141666"
"MU.osexp","C:\Users\Public\Experiments\SM01\05-WMC\MU","wait.png","2","141665","C:/Users/Public/Experiments/SM01/05-WMC/MU/MU_results/MUsbj030.csv","wait","5000","3","0","142780","141666"
"MU.osexp","C:\Users\Public\Experiments\SM01\05-WMC\MU","fixation.png","2","141665","C:/Users/Public/Experiments/SM01/05-WMC/MU/MU_results/MUsbj030.csv","fix","1500","3","0","147904","141666"
"MU.osexp","C:\Users\Public\Experiments\SM01\05-WMC\MU","Tr2_study1.png","2","141665","C:/Users/Public/Experiments/SM01/05-WMC/MU/MU_results/MUsbj030.csv","study","1000","3","0","149523","150526"
"MU.osexp","C:\Users\Public\Experiments\SM01\05-WMC\MU","Tr2_study2.png","2","141665","C:/Users/Public/Experiments/SM01/05-WMC/MU/MU_results/MUsbj030.csv","study","1000","3","0","150897","151899"
"MU.osexp","C:\Users\Public\Experiments\SM01\05-WMC\MU","Tr2_study3.png","2","141665","C:/Users/Public/Experiments/SM01/05-WMC/MU/MU_results/MUsbj030.csv","study","1000","3","0","152268","153270"
"MU.osexp","C:\Users\Public\Experiments\SM01\05-WMC\MU","Tr2_update1.png","2","141665","C:/Users/Public/Experiments/SM01/05-WMC/MU/MU_results/MUsbj030.csv","update","1300","3","0","153653","154955"
"MU.osexp","C:\Users\Public\Experiments\SM01\05-WMC\MU","Tr2_update2.png","2","141665","C:/Users/Public/Experiments/SM01/05-WMC/MU/MU_results/MUsbj030.csv","update","1300","3","0","155402","156704"
"MU.osexp","C:\Users\Public\Experiments\SM01\05-WMC\MU","Tr2_update3.png","2","141665","C:/Users/Public/Experiments/SM01/05-WMC/MU/MU_results/MUsbj030.csv","update","1300","3","0","157051","158353"
"MU.osexp","C:\Users\Public\Experiments\SM01\05-WMC\MU","Tr2_test1.png","4","170042","C:/Users/Public/Experiments/SM01/05-WMC/MU/MU_results/MUsbj030.csv","test","0","3","0","158732","170043"
"MU.osexp","C:\Users\Public\Experiments\SM01\05-WMC\MU","Tr2_test2.png","6","174442","C:/Users/Public/Experiments/SM01/05-WMC/MU/MU_results/MUsbj030.csv","test","0","3","0","171177","174443"
"MU.osexp","C:\Users\Public\Experiments\SM01\05-WMC\MU","Tr2_test3.png","1","178473","C:/Users/Public/Experiments/SM01/05-WMC/MU/MU_results/MUsbj030.csv","test","0","3","0","175539","178475"
"MU.osexp","C:\Users\Public\Experiments\SM01\05-WMC\MU","ready2.png","1","178473","C:/Users/Public/Experiments/SM01/05-WMC/MU/MU_results/MUsbj030.csv","pre","0","3","0","196610","178475"
"MU.osexp","C:\Users\Public\Experiments\SM01\05-WMC\MU","fixation.png","1","178473","C:/Users/Public/Experiments/SM01/05-WMC/MU/MU_results/MUsbj030.csv","fix","1500","3","0","198667","178475"
"MU.osexp","C:\Users\Public\Experiments\SM01\05-WMC\MU","Tr3_study1.png","1","178473","C:/Users/Public/Experiments/SM01/05-WMC/MU/MU_results/MUsbj030.csv","study","1000","3","0","200283","201285"
"MU.osexp","C:\Users\Public\Experiments\SM01\05-WMC\MU","Tr3_study2.png","1","178473","C:/Users/Public/Experiments/SM01/05-WMC/MU/MU_results/MUsbj030.csv","study","1000","3","0","201655","202657"
"MU.osexp","C:\Users\Public\Experiments\SM01\05-WMC\MU","Tr3_study3.png","1","178473","C:/Users/Public/Experiments/SM01/05-WMC/MU/MU_results/MUsbj030.csv","study","1000","3","0","203037","204039"
"MU.osexp","C:\Users\Public\Experiments\SM01\05-WMC\MU","Tr3_update1.png","1","178473","C:/Users/Public/Experiments/SM01/05-WMC/MU/MU_results/MUsbj030.csv","update","1300","3","0","204388","205690"
"MU.osexp","C:\Users\Public\Experiments\SM01\05-WMC\MU","Tr3_update2.png","1","178473","C:/Users/Public/Experiments/SM01/05-WMC/MU/MU_results/MUsbj030.csv","update","1300","3","0","206049","207352"
"MU.osexp","C:\Users\Public\Experiments\SM01\05-WMC\MU","Tr3_update3.png","1","178473","C:/Users/Public/Experiments/SM01/05-WMC/MU/MU_results/MUsbj030.csv","update","1300","3","0","207717","209019"
"MU.osexp","C:\Users\Public\Experiments\SM01\05-WMC\MU","Tr3_test1.png","9","222194","C:/Users/Public/Experiments/SM01/05-WMC/MU/MU_results/MUsbj030.csv","test","0","3","0","209392","222195"
"MU.osexp","C:\Users\Public\Experiments\SM01\05-WMC\MU","Tr3_test2.png","7","225674","C:/Users/Public/Experiments/SM01/05-WMC/MU/MU_results/MUsbj030.csv","test","0","3","0","223306","225675"
"MU.osexp","C:\Users\Public\Experiments\SM01\05-WMC\MU","Tr3_test3.png","7","231297","C:/Users/Public/Experiments/SM01/05-WMC/MU/MU_results/MUsbj030.csv","test","0","3","0","226801","231298"
"MU.osexp","C:\Users\Public\Experiments\SM01\05-WMC\MU","wait.png","7","231297","C:/Users/Public/Experiments/SM01/05-WMC/MU/MU_results/MUsbj030.csv","wait","5000","4","0","232388","231298"
"MU.osexp","C:\Users\Public\Experiments\SM01\05-WMC\MU","fixation.png","7","231297","C:/Users/Public/Experiments/SM01/05-WMC/MU/MU_results/MUsbj030.csv","fix","1500","4","0","237500","231298"
"MU.osexp","C:\Users\Public\Experiments\SM01\05-WMC\MU","Tr4_study1.png","7","231297","C:/Users/Public/Experiments/SM01/05-WMC/MU/MU_results/MUsbj030.csv","study","1000","4","0","239102","240104"
"MU.osexp","C:\Users\Public\Experiments\SM01\05-WMC\MU","Tr4_study2.png","7","231297","C:/Users/Public/Experiments/SM01/05-WMC/MU/MU_results/MUsbj030.csv","study","1000","4","0","240461","241463"
"MU.osexp","C:\Users\Public\Experiments\SM01\05-WMC\MU","Tr4_study3.png","7","231297","C:/Users/Public/Experiments/SM01/05-WMC/MU/MU_results/MUsbj030.csv","study","1000","4","0","241828","242830"
"MU.osexp","C:\Users\Public\Experiments\SM01\05-WMC\MU","Tr4_study4.png","7","231297","C:/Users/Public/Experiments/SM01/05-WMC/MU/MU_results/MUsbj030.csv","study","1000","4","0","243191","244193"
"MU.osexp","C:\Users\Public\Experiments\SM01\05-WMC\MU","Tr4_update1.png","7","231297","C:/Users/Public/Experiments/SM01/05-WMC/MU/MU_results/MUsbj030.csv","update","1300","4","0","244540","245842"
"MU.osexp","C:\Users\Public\Experiments\SM01\05-WMC\MU","Tr4_update2.png","7","231297","C:/Users/Public/Experiments/SM01/05-WMC/MU/MU_results/MUsbj030.csv","update","1300","4","0","246189","247491"
"MU.osexp","C:\Users\Public\Experiments\SM01\05-WMC\MU","Tr4_update3.png","7","231297","C:/Users/Public/Experiments/SM01/05-WMC/MU/MU_results/MUsbj030.csv","update","1300","4","0","247866","249168"
"MU.osexp","C:\Users\Public\Experiments\SM01\05-WMC\MU","Tr4_update4.png","7","231297","C:/Users/Public/Experiments/SM01/05-WMC/MU/MU_results/MUsbj030.csv","update","1300","4","0","249529","250831"
"MU.osexp","C:\Users\Public\Experiments\SM01\05-WMC\MU","Tr4_test1.png","4","274370","C:/Users/Public/Experiments/SM01/05-WMC/MU/MU_results/MUsbj030.csv","test","0","4","0","251181","274371"
"MU.osexp","C:\Users\Public\Experiments\SM01\05-WMC\MU","Tr4_test2.png","9","278666","C:/Users/Public/Experiments/SM01/05-WMC/MU/MU_results/MUsbj030.csv","test","0","4","0","275479","278667"
"MU.osexp","C:\Users\Public\Experiments\SM01\05-WMC\MU","Tr4_test3.png","1","286633","C:/Users/Public/Experiments/SM01/05-WMC/MU/MU_results/MUsbj030.csv","test","0","4","0","279766","286634"
"MU.osexp","C:\Users\Public\Experiments\SM01\05-WMC\MU","Tr4_test4.png","2","295314","C:/Users/Public/Experiments/SM01/05-WMC/MU/MU_results/MUsbj030.csv","test","0","4","0","287743","295315"
"MU.osexp","C:\Users\Public\Experiments\SM01\05-WMC\MU","wait.png","2","295314","C:/Users/Public/Experiments/SM01/05-WMC/MU/MU_results/MUsbj030.csv","wait","5000","3","0","296414","295315"
"MU.osexp","C:\Users\Public\Experiments\SM01\05-WMC\MU","fixation.png","2","295314","C:/Users/Public/Experiments/SM01/05-WMC/MU/MU_results/MUsbj030.csv","fix","1500","3","0","301512","295315"
"MU.osexp","C:\Users\Public\Experiments\SM01\05-WMC\MU","Tr5_study1.png","2","295314","C:/Users/Public/Experiments/SM01/05-WMC/MU/MU_results/MUsbj030.csv","study","1000","3","0","303135","304137"
"MU.osexp","C:\Users\Public\Experiments\SM01\05-WMC\MU","Tr5_study2.png","2","295314","C:/Users/Public/Experiments/SM01/05-WMC/MU/MU_results/MUsbj030.csv","study","1000","3","0","304494","305496"
"MU.osexp","C:\Users\Public\Experiments\SM01\05-WMC\MU","Tr5_study3.png","2","295314","C:/Users/Public/Experiments/SM01/05-WMC/MU/MU_results/MUsbj030.csv","study","1000","3","0","305852","306854"
"MU.osexp","C:\Users\Public\Experiments\SM01\05-WMC\MU","Tr5_update1.png","2","295314","C:/Users/Public/Experiments/SM01/05-WMC/MU/MU_results/MUsbj030.csv","update","1300","3","0","307216","308518"
"MU.osexp","C:\Users\Public\Experiments\SM01\05-WMC\MU","Tr5_update2.png","2","295314","C:/Users/Public/Experiments/SM01/05-WMC/MU/MU_results/MUsbj030.csv","update","1300","3","0","308884","310186"
"MU.osexp","C:\Users\Public\Experiments\SM01\05-WMC\MU","Tr5_update3.png","2","295314","C:/Users/Public/Experiments/SM01/05-WMC/MU/MU_results/MUsbj030.csv","update","1300","3","0","310651","311953"
"MU.osexp","C:\Users\Public\Experiments\SM01\05-WMC\MU","Tr5_update4.png","2","295314","C:/Users/Public/Experiments/SM01/05-WMC/MU/MU_results/MUsbj030.csv","update","1300","3","0","312319","313621"
"MU.osexp","C:\Users\Public\Experiments\SM01\05-WMC\MU","Tr5_update5.png","2","295314","C:/Users/Public/Experiments/SM01/05-WMC/MU/MU_results/MUsbj030.csv","update","1300","3","0","313971","315273"
"MU.osexp","C:\Users\Public\Experiments\SM01\05-WMC\MU","Tr5_update6.png","2","295314","C:/Users/Public/Experiments/SM01/05-WMC/MU/MU_results/MUsbj030.csv","update","1300","3","0","315661","316963"
"MU.osexp","C:\Users\Public\Experiments\SM01\05-WMC\MU","Tr5_test1.png","4","321553","C:/Users/Public/Experiments/SM01/05-WMC/MU/MU_results/MUsbj030.csv","test","0","3","0","317316","321554"
"MU.osexp","C:\Users\Public\Experiments\SM01\05-WMC\MU","Tr5_test2.png","4","323321","C:/Users/Public/Experiments/SM01/05-WMC/MU/MU_results/MUsbj030.csv","test","0","3","0","322657","323322"
"MU.osexp","C:\Users\Public\Experiments\SM01\05-WMC\MU","Tr5_test3.png","5","325522","C:/Users/Public/Experiments/SM01/05-WMC/MU/MU_results/MUsbj030.csv","test","0","3","0","324443","325523"
"MU.osexp","C:\Users\Public\Experiments\SM01\05-WMC\MU","wait.png","5","325522","C:/Users/Public/Experiments/SM01/05-WMC/MU/MU_results/MUsbj030.csv","wait","5000","4","0","326766","325523"
"MU.osexp","C:\Users\Public\Experiments\SM01\05-WMC\MU","fixation.png","5","325522","C:/Users/Public/Experiments/SM01/05-WMC/MU/MU_results/MUsbj030.csv","fix","1500","4","0","331879","325523"
"MU.osexp","C:\Users\Public\Experiments\SM01\05-WMC\MU","Tr6_study1.png","5","325522","C:/Users/Public/Experiments/SM01/05-WMC/MU/MU_results/MUsbj030.csv","study","1000","4","0","333486","334488"
"MU.osexp","C:\Users\Public\Experiments\SM01\05-WMC\MU","Tr6_study2.png","5","325522","C:/Users/Public/Experiments/SM01/05-WMC/MU/MU_results/MUsbj030.csv","study","1000","4","0","334835","335837"
"MU.osexp","C:\Users\Public\Experiments\SM01\05-WMC\MU","Tr6_study3.png","5","325522","C:/Users/Public/Experiments/SM01/05-WMC/MU/MU_results/MUsbj030.csv","study","1000","4","0","336200","337202"
"MU.osexp","C:\Users\Public\Experiments\SM01\05-WMC\MU","Tr6_study4.png","5","325522","C:/Users/Public/Experiments/SM01/05-WMC/MU/MU_results/MUsbj030.csv","study","1000","4","0","337541","338543"
"MU.osexp","C:\Users\Public\Experiments\SM01\05-WMC\MU","Tr6_update1.png","5","325522","C:/Users/Public/Experiments/SM01/05-WMC/MU/MU_results/MUsbj030.csv","update","1300","4","0","338916","340218"
"MU.osexp","C:\Users\Public\Experiments\SM01\05-WMC\MU","Tr6_update2.png","5","325522","C:/Users/Public/Experiments/SM01/05-WMC/MU/MU_results/MUsbj030.csv","update","1300","4","0","340654","341956"
"MU.osexp","C:\Users\Public\Experiments\SM01\05-WMC\MU","Tr6_update3.png","5","325522","C:/Users/Public/Experiments/SM01/05-WMC/MU/MU_results/MUsbj030.csv","update","1300","4","0","342335","343637"
"MU.osexp","C:\Users\Public\Experiments\SM01\05-WMC\MU","Tr6_update4.png","5","325522","C:/Users/Public/Experiments/SM01/05-WMC/MU/MU_results/MUsbj030.csv","update","1300","4","0","343975","345277"
"MU.osexp","C:\Users\Public\Experiments\SM01\05-WMC\MU","Tr6_update5.png","5","325522","C:/Users/Public/Experiments/SM01/05-WMC/MU/MU_results/MUsbj030.csv","update","1300","4","0","345639","346941"
"MU.osexp","C:\Users\Public\Experiments\SM01\05-WMC\MU","Tr6_test1.png","6","358929","C:/Users/Public/Experiments/SM01/05-WMC/MU/MU_results/MUsbj030.csv","test","0","4","0","347295","358930"
"MU.osexp","C:\Users\Public\Experiments\SM01\05-WMC\MU","Tr6_test2.png","0","377866","C:/Users/Public/Experiments/SM01/05-WMC/MU/MU_results/MUsbj030.csv","test","0","4","0","360036","377867"
"MU.osexp","C:\Users\Public\Experiments\SM01\05-WMC\MU","Tr6_test3.png","3","381714","C:/Users/Public/Experiments/SM01/05-WMC/MU/MU_results/MUsbj030.csv","test","0","4","0","378973","381715"
"MU.osexp","C:\Users\Public\Experiments\SM01\05-WMC\MU","Tr6_test4.png","4","386690","C:/Users/Public/Experiments/SM01/05-WMC/MU/MU_results/MUsbj030.csv","test","0","4","0","382836","386691"
"MU.osexp","C:\Users\Public\Experiments\SM01\05-WMC\MU","wait.png","4","386690","C:/Users/Public/Experiments/SM01/05-WMC/MU/MU_results/MUsbj030.csv","wait","5000","5","0","387784","386691"
"MU.osexp","C:\Users\Public\Experiments\SM01\05-WMC\MU","fixation.png","4","386690","C:/Users/Public/Experiments/SM01/05-WMC/MU/MU_results/MUsbj030.csv","fix","1500","5","0","392866","386691"
"MU.osexp","C:\Users\Public\Experiments\SM01\05-WMC\MU","Tr7_study1.png","4","386690","C:/Users/Public/Experiments/SM01/05-WMC/MU/MU_results/MUsbj030.csv","study","1000","5","0","394456","395458"
"MU.osexp","C:\Users\Public\Experiments\SM01\05-WMC\MU","Tr7_study2.png","4","386690","C:/Users/Public/Experiments/SM01/05-WMC/MU/MU_results/MUsbj030.csv","study","1000","5","0","395820","396822"
"MU.osexp","C:\Users\Public\Experiments\SM01\05-WMC\MU","Tr7_study3.png","4","386690","C:/Users/Public/Experiments/SM01/05-WMC/MU/MU_results/MUsbj030.csv","study","1000","5","0","397190","398192"
"MU.osexp","C:\Users\Public\Experiments\SM01\05-WMC\MU","Tr7_study4.png","4","386690","C:/Users/Public/Experiments/SM01/05-WMC/MU/MU_results/MUsbj030.csv","study","1000","5","0","398539","399541"
"MU.osexp","C:\Users\Public\Experiments\SM01\05-WMC\MU","Tr7_study5.png","4","386690","C:/Users/Public/Experiments/SM01/05-WMC/MU/MU_results/MUsbj030.csv","study","1000","5","0","399922","400924"
"MU.osexp","C:\Users\Public\Experiments\SM01\05-WMC\MU","Tr7_update1.png","4","386690","C:/Users/Public/Experiments/SM01/05-WMC/MU/MU_results/MUsbj030.csv","update","1300","5","0","401264","402566"
"MU.osexp","C:\Users\Public\Experiments\SM01\05-WMC\MU","Tr7_update2.png","4","386690","C:/Users/Public/Experiments/SM01/05-WMC/MU/MU_results/MUsbj030.csv","update","1300","5","0","402960","404261"
"MU.osexp","C:\Users\Public\Experiments\SM01\05-WMC\MU","Tr7_update3.png","4","386690","C:/Users/Public/Experiments/SM01/05-WMC/MU/MU_results/MUsbj030.csv","update","1300","5","0","404599","405901"
"MU.osexp","C:\Users\Public\Experiments\SM01\05-WMC\MU","Tr7_update4.png","4","386690","C:/Users/Public/Experiments/SM01/05-WMC/MU/MU_results/MUsbj030.csv","update","1300","5","0","406297","407599"
"MU.osexp","C:\Users\Public\Experiments\SM01\05-WMC\MU","Tr7_update5.png","4","386690","C:/Users/Public/Experiments/SM01/05-WMC/MU/MU_results/MUsbj030.csv","update","1300","5","0","407950","409252"
"MU.osexp","C:\Users\Public\Experiments\SM01\05-WMC\MU","Tr7_test1.png","5","413210","C:/Users/Public/Experiments/SM01/05-WMC/MU/MU_results/MUsbj030.csv","test","0","5","0","409599","413211"
"MU.osexp","C:\Users\Public\Experiments\SM01\05-WMC\MU","Tr7_test2.png","8","423642","C:/Users/Public/Experiments/SM01/05-WMC/MU/MU_results/MUsbj030.csv","test","0","5","0","414314","423643"
"MU.osexp","C:\Users\Public\Experiments\SM01\05-WMC\MU","Tr7_test3.png","7","428489","C:/Users/Public/Experiments/SM01/05-WMC/MU/MU_results/MUsbj030.csv","test","0","5","0","424763","428490"
"MU.osexp","C:\Users\Public\Experiments\SM01\05-WMC\MU","Tr7_test4.png","7","432498","C:/Users/Public/Experiments/SM01/05-WMC/MU/MU_results/MUsbj030.csv","test","0","5","0","429587","432499"
"MU.osexp","C:\Users\Public\Experiments\SM01\05-WMC\MU","Tr7_test5.png","5","442697","C:/Users/Public/Experiments/SM01/05-WMC/MU/MU_results/MUsbj030.csv","test","0","5","0","433579","442698"
"MU.osexp","C:\Users\Public\Experiments\SM01\05-WMC\MU","wait.png","5","442697","C:/Users/Public/Experiments/SM01/05-WMC/MU/MU_results/MUsbj030.csv","wait","5000","4","0","443800","442698"
"MU.osexp","C:\Users\Public\Experiments\SM01\05-WMC\MU","fixation.png","5","442697","C:/Users/Public/Experiments/SM01/05-WMC/MU/MU_results/MUsbj030.csv","fix","1500","4","0","448907","442698"
"MU.osexp","C:\Users\Public\Experiments\SM01\05-WMC\MU","Tr8_study1.png","5","442697","C:/Users/Public/Experiments/SM01/05-WMC/MU/MU_results/MUsbj030.csv","study","1000","4","0","450518","451520"
"MU.osexp","C:\Users\Public\Experiments\SM01\05-WMC\MU","Tr8_study2.png","5","442697","C:/Users/Public/Experiments/SM01/05-WMC/MU/MU_results/MUsbj030.csv","study","1000","4","0","451883","452885"
"MU.osexp","C:\Users\Public\Experiments\SM01\05-WMC\MU","Tr8_study3.png","5","442697","C:/Users/Public/Experiments/SM01/05-WMC/MU/MU_results/MUsbj030.csv","study","1000","4","0","453265","454267"
"MU.osexp","C:\Users\Public\Experiments\SM01\05-WMC\MU","Tr8_study4.png","5","442697","C:/Users/Public/Experiments/SM01/05-WMC/MU/MU_results/MUsbj030.csv","study","1000","4","0","454610","455612"
"MU.osexp","C:\Users\Public\Experiments\SM01\05-WMC\MU","Tr8_update1.png","5","442697","C:/Users/Public/Experiments/SM01/05-WMC/MU/MU_results/MUsbj030.csv","update","1300","4","0","455993","457295"
"MU.osexp","C:\Users\Public\Experiments\SM01\05-WMC\MU","Tr8_update2.png","5","442697","C:/Users/Public/Experiments/SM01/05-WMC/MU/MU_results/MUsbj030.csv","update","1300","4","0","457654","458956"
"MU.osexp","C:\Users\Public\Experiments\SM01\05-WMC\MU","Tr8_update3.png","5","442697","C:/Users/Public/Experiments/SM01/05-WMC/MU/MU_results/MUsbj030.csv","update","1300","4","0","459361","460663"
"MU.osexp","C:\Users\Public\Experiments\SM01\05-WMC\MU","Tr8_test1.png","2","467050","C:/Users/Public/Experiments/SM01/05-WMC/MU/MU_results/MUsbj030.csv","test","0","4","0","461008","467051"
"MU.osexp","C:\Users\Public\Experiments\SM01\05-WMC\MU","Tr8_test2.png","6","470418","C:/Users/Public/Experiments/SM01/05-WMC/MU/MU_results/MUsbj030.csv","test","0","4","0","468139","470419"
"MU.osexp","C:\Users\Public\Experiments\SM01\05-WMC\MU","Tr8_test3.png","9","473418","C:/Users/Public/Experiments/SM01/05-WMC/MU/MU_results/MUsbj030.csv","test","0","4","0","471560","473419"
"MU.osexp","C:\Users\Public\Experiments\SM01\05-WMC\MU","Tr8_test4.png","2","476218","C:/Users/Public/Experiments/SM01/05-WMC/MU/MU_results/MUsbj030.csv","test","0","4","0","474521","476218"
"MU.osexp","C:\Users\Public\Experiments\SM01\05-WMC\MU","wait.png","2","476218","C:/Users/Public/Experiments/SM01/05-WMC/MU/MU_results/MUsbj030.csv","wait","5000","5","0","477305","476218"
"MU.osexp","C:\Users\Public\Experiments\SM01\05-WMC\MU","fixation.png","2","476218","C:/Users/Public/Experiments/SM01/05-WMC/MU/MU_results/MUsbj030.csv","fix","1500","5","0","482446","476218"
"MU.osexp","C:\Users\Public\Experiments\SM01\05-WMC\MU","Tr9_study1.png","2","476218","C:/Users/Public/Experiments/SM01/05-WMC/MU/MU_results/MUsbj030.csv","study","1000","5","0","484067","485069"
"MU.osexp","C:\Users\Public\Experiments\SM01\05-WMC\MU","Tr9_study2.png","2","476218","C:/Users/Public/Experiments/SM01/05-WMC/MU/MU_results/MUsbj030.csv","study","1000","5","0","485427","486429"
"MU.osexp","C:\Users\Public\Experiments\SM01\05-WMC\MU","Tr9_study3.png","2","476218","C:/Users/Public/Experiments/SM01/05-WMC/MU/MU_results/MUsbj030.csv","study","1000","5","0","486788","487790"
"MU.osexp","C:\Users\Public\Experiments\SM01\05-WMC\MU","Tr9_study4.png","2","476218","C:/Users/Public/Experiments/SM01/05-WMC/MU/MU_results/MUsbj030.csv","study","1000","5","0","488178","489180"
"MU.osexp","C:\Users\Public\Experiments\SM01\05-WMC\MU","Tr9_study5.png","2","476218","C:/Users/Public/Experiments/SM01/05-WMC/MU/MU_results/MUsbj030.csv","study","1000","5","0","489573","490575"
"MU.osexp","C:\Users\Public\Experiments\SM01\05-WMC\MU","Tr9_update1.png","2","476218","C:/Users/Public/Experiments/SM01/05-WMC/MU/MU_results/MUsbj030.csv","update","1300","5","0","490925","492227"
"MU.osexp","C:\Users\Public\Experiments\SM01\05-WMC\MU","Tr9_update2.png","2","476218","C:/Users/Public/Experiments/SM01/05-WMC/MU/MU_results/MUsbj030.csv","update","1300","5","0","492598","493900"
"MU.osexp","C:\Users\Public\Experiments\SM01\05-WMC\MU","Tr9_test1.png","4","502650","C:/Users/Public/Experiments/SM01/05-WMC/MU/MU_results/MUsbj030.csv","test","0","5","0","494278","502651"
"MU.osexp","C:\Users\Public\Experiments\SM01\05-WMC\MU","Tr9_test2.png","6","505234","C:/Users/Public/Experiments/SM01/05-WMC/MU/MU_results/MUsbj030.csv","test","0","5","0","503763","505235"
"MU.osexp","C:\Users\Public\Experiments\SM01\05-WMC\MU","Tr9_test3.png","5","507594","C:/Users/Public/Experiments/SM01/05-WMC/MU/MU_results/MUsbj030.csv","test","0","5","0","506350","507595"
"MU.osexp","C:\Users\Public\Experiments\SM01\05-WMC\MU","Tr9_test4.png","1","509754","C:/Users/Public/Experiments/SM01/05-WMC/MU/MU_results/MUsbj030.csv","test","0","5","0","508702","509755"
"MU.osexp","C:\Users\Public\Experiments\SM01\05-WMC\MU","Tr9_test5.png","9","511890","C:/Users/Public/Experiments/SM01/05-WMC/MU/MU_results/MUsbj030.csv","test","0","5","0","510870","511891"
"MU.osexp","C:\Users\Public\Experiments\SM01\05-WMC\MU","wait.png","9","511890","C:/Users/Public/Experiments/SM01/05-WMC/MU/MU_results/MUsbj030.csv","wait","5000","3","0","512986","511891"
"MU.osexp","C:\Users\Public\Experiments\SM01\05-WMC\MU","fixation.png","9","511890","C:/Users/Public/Experiments/SM01/05-WMC/MU/MU_results/MUsbj030.csv","fix","1500","3","0","518096","511891"
"MU.osexp","C:\Users\Public\Experiments\SM01\05-WMC\MU","Tr10_study1.png","9","511890","C:/Users/Public/Experiments/SM01/05-WMC/MU/MU_results/MUsbj030.csv","study","1000","3","0","519698","520700"
"MU.osexp","C:\Users\Public\Experiments\SM01\05-WMC\MU","Tr10_study2.png","9","511890","C:/Users/Public/Experiments/SM01/05-WMC/MU/MU_results/MUsbj030.csv","study","1000","3","0","521067","522069"
"MU.osexp","C:\Users\Public\Experiments\SM01\05-WMC\MU","Tr10_study3.png","9","511890","C:/Users/Public/Experiments/SM01/05-WMC/MU/MU_results/MUsbj030.csv","study","1000","3","0","522403","523405"
"MU.osexp","C:\Users\Public\Experiments\SM01\05-WMC\MU","Tr10_update1.png","9","511890","C:/Users/Public/Experiments/SM01/05-WMC/MU/MU_results/MUsbj030.csv","update","1300","3","0","523773","525075"
"MU.osexp","C:\Users\Public\Experiments\SM01\05-WMC\MU","Tr10_update2.png","9","511890","C:/Users/Public/Experiments/SM01/05-WMC/MU/MU_results/MUsbj030.csv","update","1300","3","0","525452","526754"
"MU.osexp","C:\Users\Public\Experiments\SM01\05-WMC\MU","Tr10_test1.png","5","530330","C:/Users/Public/Experiments/SM01/05-WMC/MU/MU_results/MUsbj030.csv","test","0","3","0","527137","530330"
"MU.osexp","C:\Users\Public\Experiments\SM01\05-WMC\MU","Tr10_test2.png","2","534041","C:/Users/Public/Experiments/SM01/05-WMC/MU/MU_results/MUsbj030.csv","test","0","3","0","531425","534042"
"MU.osexp","C:\Users\Public\Experiments\SM01\05-WMC\MU","Tr10_test3.png","5","536482","C:/Users/Public/Experiments/SM01/05-WMC/MU/MU_results/MUsbj030.csv","test","0","3","0","535143","536483"
"MU.osexp","C:\Users\Public\Experiments\SM01\05-WMC\MU","wait.png","5","536482","C:/Users/Public/Experiments/SM01/05-WMC/MU/MU_results/MUsbj030.csv","wait","5000","5","0","537579","536483"
"MU.osexp","C:\Users\Public\Experiments\SM01\05-WMC\MU","fixation.png","5","536482","C:/Users/Public/Experiments/SM01/05-WMC/MU/MU_results/MUsbj030.csv","fix","1500","5","0","542702","536483"
"MU.osexp","C:\Users\Public\Experiments\SM01\05-WMC\MU","Tr11_study1.png","5","536482","C:/Users/Public/Experiments/SM01/05-WMC/MU/MU_results/MUsbj030.csv","study","1000","5","0","544315","545316"
"MU.osexp","C:\Users\Public\Experiments\SM01\05-WMC\MU","Tr11_study2.png","5","536482","C:/Users/Public/Experiments/SM01/05-WMC/MU/MU_results/MUsbj030.csv","study","1000","5","0","545677","546679"
"MU.osexp","C:\Users\Public\Experiments\SM01\05-WMC\MU","Tr11_study3.png","5","536482","C:/Users/Public/Experiments/SM01/05-WMC/MU/MU_results/MUsbj030.csv","study","1000","5","0","547149","548151"
"MU.osexp","C:\Users\Public\Experiments\SM01\05-WMC\MU","Tr11_study4.png","5","536482","C:/Users/Public/Experiments/SM01/05-WMC/MU/MU_results/MUsbj030.csv","study","1000","5","0","548493","549495"
"MU.osexp","C:\Users\Public\Experiments\SM01\05-WMC\MU","Tr11_study5.png","5","536482","C:/Users/Public/Experiments/SM01/05-WMC/MU/MU_results/MUsbj030.csv","study","1000","5","0","549846","550848"
"MU.osexp","C:\Users\Public\Experiments\SM01\05-WMC\MU","Tr11_update1.png","5","536482","C:/Users/Public/Experiments/SM01/05-WMC/MU/MU_results/MUsbj030.csv","update","1300","5","0","551222","552524"
"MU.osexp","C:\Users\Public\Experiments\SM01\05-WMC\MU","Tr11_update2.png","5","536482","C:/Users/Public/Experiments/SM01/05-WMC/MU/MU_results/MUsbj030.csv","update","1300","5","0","552919","554221"
"MU.osexp","C:\Users\Public\Experiments\SM01\05-WMC\MU","Tr11_update3.png","5","536482","C:/Users/Public/Experiments/SM01/05-WMC/MU/MU_results/MUsbj030.csv","update","1300","5","0","554576","555878"
"MU.osexp","C:\Users\Public\Experiments\SM01\05-WMC\MU","Tr11_test1.png","8","568577","C:/Users/Public/Experiments/SM01/05-WMC/MU/MU_results/MUsbj030.csv","test","0","5","0","556231","568578"
"MU.osexp","C:\Users\Public\Experiments\SM01\05-WMC\MU","Tr11_test2.png","2","571818","C:/Users/Public/Experiments/SM01/05-WMC/MU/MU_results/MUsbj030.csv","test","0","5","0","569690","571819"
"MU.osexp","C:\Users\Public\Experiments\SM01\05-WMC\MU","Tr11_test3.png","5","573978","C:/Users/Public/Experiments/SM01/05-WMC/MU/MU_results/MUsbj030.csv","test","0","5","0","572961","573979"
"MU.osexp","C:\Users\Public\Experiments\SM01\05-WMC\MU","Tr11_test4.png","6","577658","C:/Users/Public/Experiments/SM01/05-WMC/MU/MU_results/MUsbj030.csv","test","0","5","0","575104","577659"
"MU.osexp","C:\Users\Public\Experiments\SM01\05-WMC\MU","Tr11_test5.png","2","579626","C:/Users/Public/Experiments/SM01/05-WMC/MU/MU_results/MUsbj030.csv","test","0","5","0","578759","579627"
"MU.osexp","C:\Users\Public\Experiments\SM01\05-WMC\MU","wait.png","2","579626","C:/Users/Public/Experiments/SM01/05-WMC/MU/MU_results/MUsbj030.csv","wait","5000","3","0","580743","579627"
"MU.osexp","C:\Users\Public\Experiments\SM01\05-WMC\MU","fixation.png","2","579626","C:/Users/Public/Experiments/SM01/05-WMC/MU/MU_results/MUsbj030.csv","fix","1500","3","0","585832","579627"
"MU.osexp","C:\Users\Public\Experiments\SM01\05-WMC\MU","Tr12_study1.png","2","579626","C:/Users/Public/Experiments/SM01/05-WMC/MU/MU_results/MUsbj030.csv","study","1000","3","0","587462","588464"
"MU.osexp","C:\Users\Public\Experiments\SM01\05-WMC\MU","Tr12_study2.png","2","579626","C:/Users/Public/Experiments/SM01/05-WMC/MU/MU_results/MUsbj030.csv","study","1000","3","0","588843","589845"
"MU.osexp","C:\Users\Public\Experiments\SM01\05-WMC\MU","Tr12_study3.png","2","579626","C:/Users/Public/Experiments/SM01/05-WMC/MU/MU_results/MUsbj030.csv","study","1000","3","0","590207","591209"
"MU.osexp","C:\Users\Public\Experiments\SM01\05-WMC\MU","Tr12_update1.png","2","579626","C:/Users/Public/Experiments/SM01/05-WMC/MU/MU_results/MUsbj030.csv","update","1300","3","0","591694","592995"
"MU.osexp","C:\Users\Public\Experiments\SM01\05-WMC\MU","Tr12_update2.png","2","579626","C:/Users/Public/Experiments/SM01/05-WMC/MU/MU_results/MUsbj030.csv","update","1300","3","0","593371","594673"
"MU.osexp","C:\Users\Public\Experiments\SM01\05-WMC\MU","Tr12_update3.png","2","579626","C:/Users/Public/Experiments/SM01/05-WMC/MU/MU_results/MUsbj030.csv","update","1300","3","0","595041","596343"
"MU.osexp","C:\Users\Public\Experiments\SM01\05-WMC\MU","Tr12_update4.png","2","579626","C:/Users/Public/Experiments/SM01/05-WMC/MU/MU_results/MUsbj030.csv","update","1300","3","0","596712","598014"
"MU.osexp","C:\Users\Public\Experiments\SM01\05-WMC\MU","Tr12_update5.png","2","579626","C:/Users/Public/Experiments/SM01/05-WMC/MU/MU_results/MUsbj030.csv","update","1300","3","0","598400","599702"
"MU.osexp","C:\Users\Public\Experiments\SM01\05-WMC\MU","Tr12_test1.png","4","604313","C:/Users/Public/Experiments/SM01/05-WMC/MU/MU_results/MUsbj030.csv","test","0","3","0","600061","604314"
"MU.osexp","C:\Users\Public\Experiments\SM01\05-WMC\MU","Tr12_test2.png","9","606562","C:/Users/Public/Experiments/SM01/05-WMC/MU/MU_results/MUsbj030.csv","test","0","3","0","605416","606563"
"MU.osexp","C:\Users\Public\Experiments\SM01\05-WMC\MU","Tr12_test3.png","4","609554","C:/Users/Public/Experiments/SM01/05-WMC/MU/MU_results/MUsbj030.csv","test","0","3","0","607685","609555"
"MU.osexp","C:\Users\Public\Experiments\SM01\05-WMC\MU","wait.png","4","609554","C:/Users/Public/Experiments/SM01/05-WMC/MU/MU_results/MUsbj030.csv","wait","5000","3","0","610649","609555"
"MU.osexp","C:\Users\Public\Experiments\SM01\05-WMC\MU","fixation.png","4","609554","C:/Users/Public/Experiments/SM01/05-WMC/MU/MU_results/MUsbj030.csv","fix","1500","3","0","615780","609555"
"MU.osexp","C:\Users\Public\Experiments\SM01\05-WMC\MU","Tr13_study1.png","4","609554","C:/Users/Public/Experiments/SM01/05-WMC/MU/MU_results/MUsbj030.csv","study","1000","3","0","617402","618404"
"MU.osexp","C:\Users\Public\Experiments\SM01\05-WMC\MU","Tr13_study2.png","4","609554","C:/Users/Public/Experiments/SM01/05-WMC/MU/MU_results/MUsbj030.csv","study","1000","3","0","618904","619906"
"MU.osexp","C:\Users\Public\Experiments\SM01\05-WMC\MU","Tr13_study3.png","4","609554","C:/Users/Public/Experiments/SM01/05-WMC/MU/MU_results/MUsbj030.csv","study","1000","3","0","620248","621250"
"MU.osexp","C:\Users\Public\Experiments\SM01\05-WMC\MU","Tr13_update1.png","4","609554","C:/Users/Public/Experiments/SM01/05-WMC/MU/MU_results/MUsbj030.csv","update","1300","3","0","621631","622933"
"MU.osexp","C:\Users\Public\Experiments\SM01\05-WMC\MU","Tr13_update2.png","4","609554","C:/Users/Public/Experiments/SM01/05-WMC/MU/MU_results/MUsbj030.csv","update","1300","3","0","623314","624616"
"MU.osexp","C:\Users\Public\Experiments\SM01\05-WMC\MU","Tr13_update3.png","4","609554","C:/Users/Public/Experiments/SM01/05-WMC/MU/MU_results/MUsbj030.csv","update","1300","3","0","624945","626245"
"MU.osexp","C:\Users\Public\Experiments\SM01\05-WMC\MU","Tr13_update4.png","4","609554","C:/Users/Public/Experiments/SM01/05-WMC/MU/MU_results/MUsbj030.csv","update","1300","3","0","626621","627921"
"MU.osexp","C:\Users\Public\Experiments\SM01\05-WMC\MU","Tr13_test1.png","3","633242","C:/Users/Public/Experiments/SM01/05-WMC/MU/MU_results/MUsbj030.csv","test","0","3","0","628254","633243"
"MU.osexp","C:\Users\Public\Experiments\SM01\05-WMC\MU","Tr13_test2.png","1","635498","C:/Users/Public/Experiments/SM01/05-WMC/MU/MU_results/MUsbj030.csv","test","0","3","0","634368","635499"
"MU.osexp","C:\Users\Public\Experiments\SM01\05-WMC\MU","Tr13_test3.png","5","637441","C:/Users/Public/Experiments/SM01/05-WMC/MU/MU_results/MUsbj030.csv","test","0","3","0","636667","637442"
"MU.osexp","C:\Users\Public\Experiments\SM01\05-WMC\MU","wait.png","5","637441","C:/Users/Public/Experiments/SM01/05-WMC/MU/MU_results/MUsbj030.csv","wait","5000","5","0","638563","637442"
"MU.osexp","C:\Users\Public\Experiments\SM01\05-WMC\MU","fixation.png","5","637441","C:/Users/Public/Experiments/SM01/05-WMC/MU/MU_results/MUsbj030.csv","fix","1500","5","0","643646","637442"
"MU.osexp","C:\Users\Public\Experiments\SM01\05-WMC\MU","Tr14_study1.png","5","637441","C:/Users/Public/Experiments/SM01/05-WMC/MU/MU_results/MUsbj030.csv","study","1000","5","0","645251","646253"
"MU.osexp","C:\Users\Public\Experiments\SM01\05-WMC\MU","Tr14_study2.png","5","637441","C:/Users/Public/Experiments/SM01/05-WMC/MU/MU_results/MUsbj030.csv","study","1000","5","0","646617","647619"
"MU.osexp","C:\Users\Public\Experiments\SM01\05-WMC\MU","Tr14_study3.png","5","637441","C:/Users/Public/Experiments/SM01/05-WMC/MU/MU_results/MUsbj030.csv","study","1000","5","0","647988","648990"
"MU.osexp","C:\Users\Public\Experiments\SM01\05-WMC\MU","Tr14_study4.png","5","637441","C:/Users/Public/Experiments/SM01/05-WMC/MU/MU_results/MUsbj030.csv","study","1000","5","0","649342","650344"
"MU.osexp","C:\Users\Public\Experiments\SM01\05-WMC\MU","Tr14_study5.png","5","637441","C:/Users/Public/Experiments/SM01/05-WMC/MU/MU_results/MUsbj030.csv","study","1000","5","0","650703","651705"
"MU.osexp","C:\Users\Public\Experiments\SM01\05-WMC\MU","Tr14_update1.png","5","637441","C:/Users/Public/Experiments/SM01/05-WMC/MU/MU_results/MUsbj030.csv","update","1300","5","0","652064","653366"
"MU.osexp","C:\Users\Public\Experiments\SM01\05-WMC\MU","Tr14_update2.png","5","637441","C:/Users/Public/Experiments/SM01/05-WMC/MU/MU_results/MUsbj030.csv","update","1300","5","0","653734","655036"
"MU.osexp","C:\Users\Public\Experiments\SM01\05-WMC\MU","Tr14_update3.png","5","637441","C:/Users/Public/Experiments/SM01/05-WMC/MU/MU_results/MUsbj030.csv","update","1300","5","0","655399","656701"
"MU.osexp","C:\Users\Public\Experiments\SM01\05-WMC\MU","Tr14_update4.png","5","637441","C:/Users/Public/Experiments/SM01/05-WMC/MU/MU_results/MUsbj030.csv","update","1300","5","0","657063","658365"
"MU.osexp","C:\Users\Public\Experiments\SM01\05-WMC\MU","Tr14_test1.png","6","675138","C:/Users/Public/Experiments/SM01/05-WMC/MU/MU_results/MUsbj030.csv","test","0","5","0","658743","675139"
"MU.osexp","C:\Users\Public\Experiments\SM01\05-WMC\MU","Tr14_test2.png","7","678650","C:/Users/Public/Experiments/SM01/05-WMC/MU/MU_results/MUsbj030.csv","test","0","5","0","676248","678651"
"MU.osexp","C:\Users\Public\Experiments\SM01\05-WMC\MU","Tr14_test3.png","4","687114","C:/Users/Public/Experiments/SM01/05-WMC/MU/MU_results/MUsbj030.csv","test","0","5","0","679757","687115"
"MU.osexp","C:\Users\Public\Experiments\SM01\05-WMC\MU","Tr14_test4.png","5","689114","C:/Users/Public/Experiments/SM01/05-WMC/MU/MU_results/MUsbj030.csv","test","0","5","0","688211","689115"
"MU.osexp","C:\Users\Public\Experiments\SM01\05-WMC\MU","Tr14_test5.png","8","690577","C:/Users/Public/Experiments/SM01/05-WMC/MU/MU_results/MUsbj030.csv","test","0","5","0","690322","690578"
"MU.osexp","C:\Users\Public\Experiments\SM01\05-WMC\MU","wait.png","8","690577","C:/Users/Public/Experiments/SM01/05-WMC/MU/MU_results/MUsbj030.csv","wait","5000","4","0","691661","690578"
"MU.osexp","C:\Users\Public\Experiments\SM01\05-WMC\MU","fixation.png","8","690577","C:/Users/Public/Experiments/SM01/05-WMC/MU/MU_results/MUsbj030.csv","fix","1500","4","0","696749","690578"
"MU.osexp","C:\Users\Public\Experiments\SM01\05-WMC\MU","Tr15_study1.png","8","690577","C:/Users/Public/Experiments/SM01/05-WMC/MU/MU_results/MUsbj030.csv","study","1000","4","0","698346","699348"
"MU.osexp","C:\Users\Public\Experiments\SM01\05-WMC\MU","Tr15_study2.png","8","690577","C:/Users/Public/Experiments/SM01/05-WMC/MU/MU_results/MUsbj030.csv","study","1000","4","0","699703","700705"
"MU.osexp","C:\Users\Public\Experiments\SM01\05-WMC\MU","Tr15_study3.png","8","690577","C:/Users/Public/Experiments/SM01/05-WMC/MU/MU_results/MUsbj030.csv","study","1000","4","0","701195","702197"
"MU.osexp","C:\Users\Public\Experiments\SM01\05-WMC\MU","Tr15_study4.png","8","690577","C:/Users/Public/Experiments/SM01/05-WMC/MU/MU_results/MUsbj030.csv","study","1000","4","0","702683","703685"
"MU.osexp","C:\Users\Public\Experiments\SM01\05-WMC\MU","Tr15_update1.png","8","690577","C:/Users/Public/Experiments/SM01/05-WMC/MU/MU_results/MUsbj030.csv","update","1300","4","0","704057","705359"
"MU.osexp","C:\Users\Public\Experiments\SM01\05-WMC\MU","Tr15_update2.png","8","690577","C:/Users/Public/Experiments/SM01/05-WMC/MU/MU_results/MUsbj030.csv","update","1300","4","0","705722","707024"
"MU.osexp","C:\Users\Public\Experiments\SM01\05-WMC\MU","Tr15_update3.png","8","690577","C:/Users/Public/Experiments/SM01/05-WMC/MU/MU_results/MUsbj030.csv","update","1300","4","0","707389","708691"
"MU.osexp","C:\Users\Public\Experiments\SM01\05-WMC\MU","Tr15_update4.png","8","690577","C:/Users/Public/Experiments/SM01/05-WMC/MU/MU_results/MUsbj030.csv","update","1300","4","0","709034","710336"
"MU.osexp","C:\Users\Public\Experiments\SM01\05-WMC\MU","Tr15_update5.png","8","690577","C:/Users/Public/Experiments/SM01/05-WMC/MU/MU_results/MUsbj030.csv","update","1300","4","0","710671","711973"
"MU.osexp","C:\Users\Public\Experiments\SM01\05-WMC\MU","Tr15_update6.png","8","690577","C:/Users/Public/Experiments/SM01/05-WMC/MU/MU_results/MUsbj030.csv","update","1300","4","0","712310","713612"
"MU.osexp","C:\Users\Public\Experiments\SM01\05-WMC\MU","Tr15_test1.png","9","716306","C:/Users/Public/Experiments/SM01/05-WMC/MU/MU_results/MUsbj030.csv","test","0","4","0","714005","716307"
"MU.osexp","C:\Users\Public\Experiments\SM01\05-WMC\MU","Tr15_test2.png","7","719546","C:/Users/Public/Experiments/SM01/05-WMC/MU/MU_results/MUsbj030.csv","test","0","4","0","717408","719547"
"MU.osexp","C:\Users\Public\Experiments\SM01\05-WMC\MU","Tr15_test3.png","8","721962","C:/Users/Public/Experiments/SM01/05-WMC/MU/MU_results/MUsbj030.csv","test","0","4","0","720641","721963"
"MU.osexp","C:\Users\Public\Experiments\SM01\05-WMC\MU","Tr15_test4.png","9","725442","C:/Users/Public/Experiments/SM01/05-WMC/MU/MU_results/MUsbj030.csv","test","0","4","0","723067","725442"
"MU.osexp","C:\Users\Public\Experiments\SM01\05-WMC\MU","wait.png","9","725442","C:/Users/Public/Experiments/SM01/05-WMC/MU/MU_results/MUsbj030.csv","wait","5000","4","0","726554","725442"
"MU.osexp","C:\Users\Public\Experiments\SM01\05-WMC\MU","fixation.png","9","725442","C:/Users/Public/Experiments/SM01/05-WMC/MU/MU_results/MUsbj030.csv","fix","1500","4","0","731652","725442"
"MU.osexp","C:\Users\Public\Experiments\SM01\05-WMC\MU","Tr16_study1.png","9","725442","C:/Users/Public/Experiments/SM01/05-WMC/MU/MU_results/MUsbj030.csv","study","1000","4","0","733259","734261"
"MU.osexp","C:\Users\Public\Experiments\SM01\05-WMC\MU","Tr16_study2.png","9","725442","C:/Users/Public/Experiments/SM01/05-WMC/MU/MU_results/MUsbj030.csv","study","1000","4","0","734624","735626"
"MU.osexp","C:\Users\Public\Experiments\SM01\05-WMC\MU","Tr16_study3.png","9","725442","C:/Users/Public/Experiments/SM01/05-WMC/MU/MU_results/MUsbj030.csv","study","1000","4","0","735997","736999"
"MU.osexp","C:\Users\Public\Experiments\SM01\05-WMC\MU","Tr16_study4.png","9","725442","C:/Users/Public/Experiments/SM01/05-WMC/MU/MU_results/MUsbj030.csv","study","1000","4","0","737375","738376"
"MU.osexp","C:\Users\Public\Experiments\SM01\05-WMC\MU","Tr16_update1.png","9","725442","C:/Users/Public/Experiments/SM01/05-WMC/MU/MU_results/MUsbj030.csv","update","1300","4","0","738743","740044"
"MU.osexp","C:\Users\Public\Experiments\SM01\05-WMC\MU","Tr16_update2.png","9","725442","C:/Users/Public/Experiments/SM01/05-WMC/MU/MU_results/MUsbj030.csv","update","1300","4","0","740394","741696"
"MU.osexp","C:\Users\Public\Experiments\SM01\05-WMC\MU","Tr16_test1.png","5","745314","C:/Users/Public/Experiments/SM01/05-WMC/MU/MU_results/MUsbj030.csv","test","0","4","0","742065","745315"
"MU.osexp","C:\Users\Public\Experiments\SM01\05-WMC\MU","Tr16_test2.png","7","748330","C:/Users/Public/Experiments/SM01/05-WMC/MU/MU_results/MUsbj030.csv","test","0","4","0","746424","748331"
"MU.osexp","C:\Users\Public\Experiments\SM01\05-WMC\MU","Tr16_test3.png","8","751410","C:/Users/Public/Experiments/SM01/05-WMC/MU/MU_results/MUsbj030.csv","test","0","4","0","749469","751411"
"MU.osexp","C:\Users\Public\Experiments\SM01\05-WMC\MU","Tr16_test4.png","6","753906","C:/Users/Public/Experiments/SM01/05-WMC/MU/MU_results/MUsbj030.csv","test","0","4","0","752649","753907"
"MU.osexp","C:\Users\Public\Experiments\SM01\05-WMC\MU","wait.png","6","753906","C:/Users/Public/Experiments/SM01/05-WMC/MU/MU_results/MUsbj030.csv","wait","5000","5","0","754997","753907"
"MU.osexp","C:\Users\Public\Experiments\SM01\05-WMC\MU","fixation.png","6","753906","C:/Users/Public/Experiments/SM01/05-WMC/MU/MU_results/MUsbj030.csv","fix","1500","5","0","760112","753907"
"MU.osexp","C:\Users\Public\Experiments\SM01\05-WMC\MU","Tr17_study1.png","6","753906","C:/Users/Public/Experiments/SM01/05-WMC/MU/MU_results/MUsbj030.csv","study","1000","5","0","761712","762714"
"MU.osexp","C:\Users\Public\Experiments\SM01\05-WMC\MU","Tr17_study2.png","6","753906","C:/Users/Public/Experiments/SM01/05-WMC/MU/MU_results/MUsbj030.csv","study","1000","5","0","763086","764088"
"MU.osexp","C:\Users\Public\Experiments\SM01\05-WMC\MU","Tr17_study3.png","6","753906","C:/Users/Public/Experiments/SM01/05-WMC/MU/MU_results/MUsbj030.csv","study","1000","5","0","764439","765441"
"MU.osexp","C:\Users\Public\Experiments\SM01\05-WMC\MU","Tr17_study4.png","6","753906","C:/Users/Public/Experiments/SM01/05-WMC/MU/MU_results/MUsbj030.csv","study","1000","5","0","765785","766786"
"MU.osexp","C:\Users\Public\Experiments\SM01\05-WMC\MU","Tr17_study5.png","6","753906","C:/Users/Public/Experiments/SM01/05-WMC/MU/MU_results/MUsbj030.csv","study","1000","5","0","767141","768143"
"MU.osexp","C:\Users\Public\Experiments\SM01\05-WMC\MU","Tr17_update1.png","6","753906","C:/Users/Public/Experiments/SM01/05-WMC/MU/MU_results/MUsbj030.csv","update","1300","5","0","768493","769795"
"MU.osexp","C:\Users\Public\Experiments\SM01\05-WMC\MU","Tr17_update2.png","6","753906","C:/Users/Public/Experiments/SM01/05-WMC/MU/MU_results/MUsbj030.csv","update","1300","5","0","770153","771455"
"MU.osexp","C:\Users\Public\Experiments\SM01\05-WMC\MU","Tr17_update3.png","6","753906","C:/Users/Public/Experiments/SM01/05-WMC/MU/MU_results/MUsbj030.csv","update","1300","5","0","771818","773120"
"MU.osexp","C:\Users\Public\Experiments\SM01\05-WMC\MU","Tr17_update4.png","6","753906","C:/Users/Public/Experiments/SM01/05-WMC/MU/MU_results/MUsbj030.csv","update","1300","5","0","773471","774773"
"MU.osexp","C:\Users\Public\Experiments\SM01\05-WMC\MU","Tr17_update5.png","6","753906","C:/Users/Public/Experiments/SM01/05-WMC/MU/MU_results/MUsbj030.csv","update","1300","5","0","775133","776435"
"MU.osexp","C:\Users\Public\Experiments\SM01\05-WMC\MU","Tr17_update6.png","6","753906","C:/Users/Public/Experiments/SM01/05-WMC/MU/MU_results/MUsbj030.csv","update","1300","5","0","776806","778108"
"MU.osexp","C:\Users\Public\Experiments\SM01\05-WMC\MU","Tr17_test1.png","2","786106","C:/Users/Public/Experiments/SM01/05-WMC/MU/MU_results/MUsbj030.csv","test","0","5","0","778478","786107"
"MU.osexp","C:\Users\Public\Experiments\SM01\05-WMC\MU","Tr17_test2.png","1","789354","C:/Users/Public/Experiments/SM01/05-WMC/MU/MU_results/MUsbj030.csv","test","0","5","0","787225","789355"
"MU.osexp","C:\Users\Public\Experiments\SM01\05-WMC\MU","Tr17_test3.png","8","791938","C:/Users/Public/Experiments/SM01/05-WMC/MU/MU_results/MUsbj030.csv","test","0","5","0","790467","791939"
"MU.osexp","C:\Users\Public\Experiments\SM01\05-WMC\MU","Tr17_test4.png","8","794122","C:/Users/Public/Experiments/SM01/05-WMC/MU/MU_results/MUsbj030.csv","test","0","5","0","793166","794123"
"MU.osexp","C:\Users\Public\Experiments\SM01\05-WMC\MU","Tr17_test5.png","9","798066","C:/Users/Public/Experiments/SM01/05-WMC/MU/MU_results/MUsbj030.csv","test","0","5","0","795233","798067"
