"experiment_file","experiment_path","image","key","key_time","logfile","phase","playtime","setSize","subject_nr","timestamp","waittime"
"MU.osexp","C:\Users\Public\Experiments\SM01\05-WMC\MU","ready1.png","NA","NA","C:/Users/Public/Experiments/SM01/05-WMC/MU/MU_results/MUsbj029.csv","pre","0","3","29","132072","NA"
"MU.osexp","C:\Users\Public\Experiments\SM01\05-WMC\MU","fixation.png","NA","NA","C:/Users/Public/Experiments/SM01/05-WMC/MU/MU_results/MUsbj029.csv","fix","1500","3","29","133074","NA"
"MU.osexp","C:\Users\Public\Experiments\SM01\05-WMC\MU","Tr1_study1.png","NA","NA","C:/Users/Public/Experiments/SM01/05-WMC/MU/MU_results/MUsbj029.csv","study","1000","3","29","134735","135737"
"MU.osexp","C:\Users\Public\Experiments\SM01\05-WMC\MU","Tr1_study2.png","NA","NA","C:/Users/Public/Experiments/SM01/05-WMC/MU/MU_results/MUsbj029.csv","study","1000","3","29","136106","137108"
"MU.osexp","C:\Users\Public\Experiments\SM01\05-WMC\MU","Tr1_study3.png","NA","NA","C:/Users/Public/Experiments/SM01/05-WMC/MU/MU_results/MUsbj029.csv","study","1000","3","29","137476","138478"
"MU.osexp","C:\Users\Public\Experiments\SM01\05-WMC\MU","Tr1_update1.png","NA","NA","C:/Users/Public/Experiments/SM01/05-WMC/MU/MU_results/MUsbj029.csv","update","1300","3","29","138835","140137"
"MU.osexp","C:\Users\Public\Experiments\SM01\05-WMC\MU","Tr1_update2.png","NA","NA","C:/Users/Public/Experiments/SM01/05-WMC/MU/MU_results/MUsbj029.csv","update","1300","3","29","140521","141823"
"MU.osexp","C:\Users\Public\Experiments\SM01\05-WMC\MU","Tr1_update3.png","NA","NA","C:/Users/Public/Experiments/SM01/05-WMC/MU/MU_results/MUsbj029.csv","update","1300","3","29","142176","143478"
"MU.osexp","C:\Users\Public\Experiments\SM01\05-WMC\MU","Tr1_test1.png","9","162382","C:/Users/Public/Experiments/SM01/05-WMC/MU/MU_results/MUsbj029.csv","test","0","3","29","143856","162383"
"MU.osexp","C:\Users\Public\Experiments\SM01\05-WMC\MU","Tr1_test2.png","8","166877","C:/Users/Public/Experiments/SM01/05-WMC/MU/MU_results/MUsbj029.csv","test","0","3","29","163511","166878"
"MU.osexp","C:\Users\Public\Experiments\SM01\05-WMC\MU","Tr1_test3.png","2","169830","C:/Users/Public/Experiments/SM01/05-WMC/MU/MU_results/MUsbj029.csv","test","0","3","29","167991","169831"
"MU.osexp","C:\Users\Public\Experiments\SM01\05-WMC\MU","wait.png","2","169830","C:/Users/Public/Experiments/SM01/05-WMC/MU/MU_results/MUsbj029.csv","wait","5000","3","29","170975","169831"
"MU.osexp","C:\Users\Public\Experiments\SM01\05-WMC\MU","fixation.png","2","169830","C:/Users/Public/Experiments/SM01/05-WMC/MU/MU_results/MUsbj029.csv","fix","1500","3","29","176093","169831"
"MU.osexp","C:\Users\Public\Experiments\SM01\05-WMC\MU","Tr2_study1.png","2","169830","C:/Users/Public/Experiments/SM01/05-WMC/MU/MU_results/MUsbj029.csv","study","1000","3","29","177715","178717"
"MU.osexp","C:\Users\Public\Experiments\SM01\05-WMC\MU","Tr2_study2.png","2","169830","C:/Users/Public/Experiments/SM01/05-WMC/MU/MU_results/MUsbj029.csv","study","1000","3","29","179092","180094"
"MU.osexp","C:\Users\Public\Experiments\SM01\05-WMC\MU","Tr2_study3.png","2","169830","C:/Users/Public/Experiments/SM01/05-WMC/MU/MU_results/MUsbj029.csv","study","1000","3","29","180471","181473"
"MU.osexp","C:\Users\Public\Experiments\SM01\05-WMC\MU","Tr2_update1.png","2","169830","C:/Users/Public/Experiments/SM01/05-WMC/MU/MU_results/MUsbj029.csv","update","1300","3","29","181850","183152"
"MU.osexp","C:\Users\Public\Experiments\SM01\05-WMC\MU","Tr2_update2.png","2","169830","C:/Users/Public/Experiments/SM01/05-WMC/MU/MU_results/MUsbj029.csv","update","1300","3","29","183529","184831"
"MU.osexp","C:\Users\Public\Experiments\SM01\05-WMC\MU","Tr2_update3.png","2","169830","C:/Users/Public/Experiments/SM01/05-WMC/MU/MU_results/MUsbj029.csv","update","1300","3","29","185196","186498"
"MU.osexp","C:\Users\Public\Experiments\SM01\05-WMC\MU","Tr2_test1.png","4","192238","C:/Users/Public/Experiments/SM01/05-WMC/MU/MU_results/MUsbj029.csv","test","0","3","29","186890","192239"
"MU.osexp","C:\Users\Public\Experiments\SM01\05-WMC\MU","Tr2_test2.png","6","194310","C:/Users/Public/Experiments/SM01/05-WMC/MU/MU_results/MUsbj029.csv","test","0","3","29","193337","194311"
"MU.osexp","C:\Users\Public\Experiments\SM01\05-WMC\MU","Tr2_test3.png","1","196566","C:/Users/Public/Experiments/SM01/05-WMC/MU/MU_results/MUsbj029.csv","test","0","3","29","195427","196567"
"MU.osexp","C:\Users\Public\Experiments\SM01\05-WMC\MU","ready2.png","1","196566","C:/Users/Public/Experiments/SM01/05-WMC/MU/MU_results/MUsbj029.csv","pre","0","3","29","243169","196567"
"MU.osexp","C:\Users\Public\Experiments\SM01\05-WMC\MU","fixation.png","1","196566","C:/Users/Public/Experiments/SM01/05-WMC/MU/MU_results/MUsbj029.csv","fix","1500","3","29","246393","196567"
"MU.osexp","C:\Users\Public\Experiments\SM01\05-WMC\MU","Tr3_study1.png","1","196566","C:/Users/Public/Experiments/SM01/05-WMC/MU/MU_results/MUsbj029.csv","study","1000","3","29","248030","249032"
"MU.osexp","C:\Users\Public\Experiments\SM01\05-WMC\MU","Tr3_study2.png","1","196566","C:/Users/Public/Experiments/SM01/05-WMC/MU/MU_results/MUsbj029.csv","study","1000","3","29","249380","250382"
"MU.osexp","C:\Users\Public\Experiments\SM01\05-WMC\MU","Tr3_study3.png","1","196566","C:/Users/Public/Experiments/SM01/05-WMC/MU/MU_results/MUsbj029.csv","study","1000","3","29","250731","251733"
"MU.osexp","C:\Users\Public\Experiments\SM01\05-WMC\MU","Tr3_update1.png","1","196566","C:/Users/Public/Experiments/SM01/05-WMC/MU/MU_results/MUsbj029.csv","update","1300","3","29","252123","253425"
"MU.osexp","C:\Users\Public\Experiments\SM01\05-WMC\MU","Tr3_update2.png","1","196566","C:/Users/Public/Experiments/SM01/05-WMC/MU/MU_results/MUsbj029.csv","update","1300","3","29","253795","255097"
"MU.osexp","C:\Users\Public\Experiments\SM01\05-WMC\MU","Tr3_update3.png","1","196566","C:/Users/Public/Experiments/SM01/05-WMC/MU/MU_results/MUsbj029.csv","update","1300","3","29","255445","256747"
"MU.osexp","C:\Users\Public\Experiments\SM01\05-WMC\MU","Tr3_test1.png","9","261366","C:/Users/Public/Experiments/SM01/05-WMC/MU/MU_results/MUsbj029.csv","test","0","3","29","257084","261367"
"MU.osexp","C:\Users\Public\Experiments\SM01\05-WMC\MU","Tr3_test2.png","7","266694","C:/Users/Public/Experiments/SM01/05-WMC/MU/MU_results/MUsbj029.csv","test","0","3","29","262486","266695"
"MU.osexp","C:\Users\Public\Experiments\SM01\05-WMC\MU","Tr3_test3.png","8","274398","C:/Users/Public/Experiments/SM01/05-WMC/MU/MU_results/MUsbj029.csv","test","0","3","29","267831","274399"
"MU.osexp","C:\Users\Public\Experiments\SM01\05-WMC\MU","wait.png","8","274398","C:/Users/Public/Experiments/SM01/05-WMC/MU/MU_results/MUsbj029.csv","wait","5000","4","29","275495","274399"
"MU.osexp","C:\Users\Public\Experiments\SM01\05-WMC\MU","fixation.png","8","274398","C:/Users/Public/Experiments/SM01/05-WMC/MU/MU_results/MUsbj029.csv","fix","1500","4","29","280613","274399"
"MU.osexp","C:\Users\Public\Experiments\SM01\05-WMC\MU","Tr4_study1.png","8","274398","C:/Users/Public/Experiments/SM01/05-WMC/MU/MU_results/MUsbj029.csv","study","1000","4","29","282236","283238"
"MU.osexp","C:\Users\Public\Experiments\SM01\05-WMC\MU","Tr4_study2.png","8","274398","C:/Users/Public/Experiments/SM01/05-WMC/MU/MU_results/MUsbj029.csv","study","1000","4","29","283612","284614"
"MU.osexp","C:\Users\Public\Experiments\SM01\05-WMC\MU","Tr4_study3.png","8","274398","C:/Users/Public/Experiments/SM01/05-WMC/MU/MU_results/MUsbj029.csv","study","1000","4","29","284983","285985"
"MU.osexp","C:\Users\Public\Experiments\SM01\05-WMC\MU","Tr4_study4.png","8","274398","C:/Users/Public/Experiments/SM01/05-WMC/MU/MU_results/MUsbj029.csv","study","1000","4","29","286363","287365"
"MU.osexp","C:\Users\Public\Experiments\SM01\05-WMC\MU","Tr4_update1.png","8","274398","C:/Users/Public/Experiments/SM01/05-WMC/MU/MU_results/MUsbj029.csv","update","1300","4","29","287804","289106"
"MU.osexp","C:\Users\Public\Experiments\SM01\05-WMC\MU","Tr4_update2.png","8","274398","C:/Users/Public/Experiments/SM01/05-WMC/MU/MU_results/MUsbj029.csv","update","1300","4","29","289484","290786"
"MU.osexp","C:\Users\Public\Experiments\SM01\05-WMC\MU","Tr4_update3.png","8","274398","C:/Users/Public/Experiments/SM01/05-WMC/MU/MU_results/MUsbj029.csv","update","1300","4","29","291159","292461"
"MU.osexp","C:\Users\Public\Experiments\SM01\05-WMC\MU","Tr4_update4.png","8","274398","C:/Users/Public/Experiments/SM01/05-WMC/MU/MU_results/MUsbj029.csv","update","1300","4","29","292834","294136"
"MU.osexp","C:\Users\Public\Experiments\SM01\05-WMC\MU","Tr4_test1.png","5","297030","C:/Users/Public/Experiments/SM01/05-WMC/MU/MU_results/MUsbj029.csv","test","0","4","29","294487","297031"
"MU.osexp","C:\Users\Public\Experiments\SM01\05-WMC\MU","Tr4_test2.png","8","305086","C:/Users/Public/Experiments/SM01/05-WMC/MU/MU_results/MUsbj029.csv","test","0","4","29","298135","305086"
"MU.osexp","C:\Users\Public\Experiments\SM01\05-WMC\MU","Tr4_test3.png","1","308982","C:/Users/Public/Experiments/SM01/05-WMC/MU/MU_results/MUsbj029.csv","test","0","4","29","306203","308983"
"MU.osexp","C:\Users\Public\Experiments\SM01\05-WMC\MU","Tr4_test4.png","2","311518","C:/Users/Public/Experiments/SM01/05-WMC/MU/MU_results/MUsbj029.csv","test","0","4","29","310088","311519"
"MU.osexp","C:\Users\Public\Experiments\SM01\05-WMC\MU","wait.png","2","311518","C:/Users/Public/Experiments/SM01/05-WMC/MU/MU_results/MUsbj029.csv","wait","5000","3","29","312638","311519"
"MU.osexp","C:\Users\Public\Experiments\SM01\05-WMC\MU","fixation.png","2","311518","C:/Users/Public/Experiments/SM01/05-WMC/MU/MU_results/MUsbj029.csv","fix","1500","3","29","317781","311519"
"MU.osexp","C:\Users\Public\Experiments\SM01\05-WMC\MU","Tr5_study1.png","2","311518","C:/Users/Public/Experiments/SM01/05-WMC/MU/MU_results/MUsbj029.csv","study","1000","3","29","319375","320377"
"MU.osexp","C:\Users\Public\Experiments\SM01\05-WMC\MU","Tr5_study2.png","2","311518","C:/Users/Public/Experiments/SM01/05-WMC/MU/MU_results/MUsbj029.csv","study","1000","3","29","320751","321753"
"MU.osexp","C:\Users\Public\Experiments\SM01\05-WMC\MU","Tr5_study3.png","2","311518","C:/Users/Public/Experiments/SM01/05-WMC/MU/MU_results/MUsbj029.csv","study","1000","3","29","322114","323116"
"MU.osexp","C:\Users\Public\Experiments\SM01\05-WMC\MU","Tr5_update1.png","2","311518","C:/Users/Public/Experiments/SM01/05-WMC/MU/MU_results/MUsbj029.csv","update","1300","3","29","323555","324857"
"MU.osexp","C:\Users\Public\Experiments\SM01\05-WMC\MU","Tr5_update2.png","2","311518","C:/Users/Public/Experiments/SM01/05-WMC/MU/MU_results/MUsbj029.csv","update","1300","3","29","325221","326523"
"MU.osexp","C:\Users\Public\Experiments\SM01\05-WMC\MU","Tr5_update3.png","2","311518","C:/Users/Public/Experiments/SM01/05-WMC/MU/MU_results/MUsbj029.csv","update","1300","3","29","326902","328204"
"MU.osexp","C:\Users\Public\Experiments\SM01\05-WMC\MU","Tr5_update4.png","2","311518","C:/Users/Public/Experiments/SM01/05-WMC/MU/MU_results/MUsbj029.csv","update","1300","3","29","328601","329903"
"MU.osexp","C:\Users\Public\Experiments\SM01\05-WMC\MU","Tr5_update5.png","2","311518","C:/Users/Public/Experiments/SM01/05-WMC/MU/MU_results/MUsbj029.csv","update","1300","3","29","330268","331570"
"MU.osexp","C:\Users\Public\Experiments\SM01\05-WMC\MU","Tr5_update6.png","2","311518","C:/Users/Public/Experiments/SM01/05-WMC/MU/MU_results/MUsbj029.csv","update","1300","3","29","331928","333230"
"MU.osexp","C:\Users\Public\Experiments\SM01\05-WMC\MU","Tr5_test1.png","9","337702","C:/Users/Public/Experiments/SM01/05-WMC/MU/MU_results/MUsbj029.csv","test","0","3","29","333590","337703"
"MU.osexp","C:\Users\Public\Experiments\SM01\05-WMC\MU","Tr5_test2.png","2","341310","C:/Users/Public/Experiments/SM01/05-WMC/MU/MU_results/MUsbj029.csv","test","0","3","29","338891","341310"
"MU.osexp","C:\Users\Public\Experiments\SM01\05-WMC\MU","Tr5_test3.png","3","343630","C:/Users/Public/Experiments/SM01/05-WMC/MU/MU_results/MUsbj029.csv","test","0","3","29","342426","343631"
"MU.osexp","C:\Users\Public\Experiments\SM01\05-WMC\MU","wait.png","3","343630","C:/Users/Public/Experiments/SM01/05-WMC/MU/MU_results/MUsbj029.csv","wait","5000","4","29","344740","343631"
"MU.osexp","C:\Users\Public\Experiments\SM01\05-WMC\MU","fixation.png","3","343630","C:/Users/Public/Experiments/SM01/05-WMC/MU/MU_results/MUsbj029.csv","fix","1500","4","29","349854","343631"
"MU.osexp","C:\Users\Public\Experiments\SM01\05-WMC\MU","Tr6_study1.png","3","343630","C:/Users/Public/Experiments/SM01/05-WMC/MU/MU_results/MUsbj029.csv","study","1000","4","29","351473","352475"
"MU.osexp","C:\Users\Public\Experiments\SM01\05-WMC\MU","Tr6_study2.png","3","343630","C:/Users/Public/Experiments/SM01/05-WMC/MU/MU_results/MUsbj029.csv","study","1000","4","29","352857","353859"
"MU.osexp","C:\Users\Public\Experiments\SM01\05-WMC\MU","Tr6_study3.png","3","343630","C:/Users/Public/Experiments/SM01/05-WMC/MU/MU_results/MUsbj029.csv","study","1000","4","29","354306","355308"
"MU.osexp","C:\Users\Public\Experiments\SM01\05-WMC\MU","Tr6_study4.png","3","343630","C:/Users/Public/Experiments/SM01/05-WMC/MU/MU_results/MUsbj029.csv","study","1000","4","29","355799","356801"
"MU.osexp","C:\Users\Public\Experiments\SM01\05-WMC\MU","Tr6_update1.png","3","343630","C:/Users/Public/Experiments/SM01/05-WMC/MU/MU_results/MUsbj029.csv","update","1300","4","29","357123","358425"
"MU.osexp","C:\Users\Public\Experiments\SM01\05-WMC\MU","Tr6_update2.png","3","343630","C:/Users/Public/Experiments/SM01/05-WMC/MU/MU_results/MUsbj029.csv","update","1300","4","29","358768","360070"
"MU.osexp","C:\Users\Public\Experiments\SM01\05-WMC\MU","Tr6_update3.png","3","343630","C:/Users/Public/Experiments/SM01/05-WMC/MU/MU_results/MUsbj029.csv","update","1300","4","29","360405","361707"
"MU.osexp","C:\Users\Public\Experiments\SM01\05-WMC\MU","Tr6_update4.png","3","343630","C:/Users/Public/Experiments/SM01/05-WMC/MU/MU_results/MUsbj029.csv","update","1300","4","29","362091","363393"
"MU.osexp","C:\Users\Public\Experiments\SM01\05-WMC\MU","Tr6_update5.png","3","343630","C:/Users/Public/Experiments/SM01/05-WMC/MU/MU_results/MUsbj029.csv","update","1300","4","29","363721","365023"
"MU.osexp","C:\Users\Public\Experiments\SM01\05-WMC\MU","Tr6_test1.png","1","368990","C:/Users/Public/Experiments/SM01/05-WMC/MU/MU_results/MUsbj029.csv","test","0","4","29","365393","368991"
"MU.osexp","C:\Users\Public\Experiments\SM01\05-WMC\MU","Tr6_test2.png","2","371254","C:/Users/Public/Experiments/SM01/05-WMC/MU/MU_results/MUsbj029.csv","test","0","4","29","370101","371255"
"MU.osexp","C:\Users\Public\Experiments\SM01\05-WMC\MU","Tr6_test3.png","6","373454","C:/Users/Public/Experiments/SM01/05-WMC/MU/MU_results/MUsbj029.csv","test","0","4","29","372358","373455"
"MU.osexp","C:\Users\Public\Experiments\SM01\05-WMC\MU","Tr6_test4.png","5","375414","C:/Users/Public/Experiments/SM01/05-WMC/MU/MU_results/MUsbj029.csv","test","0","4","29","374569","375414"
"MU.osexp","C:\Users\Public\Experiments\SM01\05-WMC\MU","wait.png","5","375414","C:/Users/Public/Experiments/SM01/05-WMC/MU/MU_results/MUsbj029.csv","wait","5000","5","29","376531","375414"
"MU.osexp","C:\Users\Public\Experiments\SM01\05-WMC\MU","fixation.png","5","375414","C:/Users/Public/Experiments/SM01/05-WMC/MU/MU_results/MUsbj029.csv","fix","1500","5","29","381628","375414"
"MU.osexp","C:\Users\Public\Experiments\SM01\05-WMC\MU","Tr7_study1.png","5","375414","C:/Users/Public/Experiments/SM01/05-WMC/MU/MU_results/MUsbj029.csv","study","1000","5","29","383265","384267"
"MU.osexp","C:\Users\Public\Experiments\SM01\05-WMC\MU","Tr7_study2.png","5","375414","C:/Users/Public/Experiments/SM01/05-WMC/MU/MU_results/MUsbj029.csv","study","1000","5","29","384613","385615"
"MU.osexp","C:\Users\Public\Experiments\SM01\05-WMC\MU","Tr7_study3.png","5","375414","C:/Users/Public/Experiments/SM01/05-WMC/MU/MU_results/MUsbj029.csv","study","1000","5","29","385949","386951"
"MU.osexp","C:\Users\Public\Experiments\SM01\05-WMC\MU","Tr7_study4.png","5","375414","C:/Users/Public/Experiments/SM01/05-WMC/MU/MU_results/MUsbj029.csv","study","1000","5","29","387298","388300"
"MU.osexp","C:\Users\Public\Experiments\SM01\05-WMC\MU","Tr7_study5.png","5","375414","C:/Users/Public/Experiments/SM01/05-WMC/MU/MU_results/MUsbj029.csv","study","1000","5","29","388671","389673"
"MU.osexp","C:\Users\Public\Experiments\SM01\05-WMC\MU","Tr7_update1.png","5","375414","C:/Users/Public/Experiments/SM01/05-WMC/MU/MU_results/MUsbj029.csv","update","1300","5","29","390103","391405"
"MU.osexp","C:\Users\Public\Experiments\SM01\05-WMC\MU","Tr7_update2.png","5","375414","C:/Users/Public/Experiments/SM01/05-WMC/MU/MU_results/MUsbj029.csv","update","1300","5","29","391762","393064"
"MU.osexp","C:\Users\Public\Experiments\SM01\05-WMC\MU","Tr7_update3.png","5","375414","C:/Users/Public/Experiments/SM01/05-WMC/MU/MU_results/MUsbj029.csv","update","1300","5","29","393455","394757"
"MU.osexp","C:\Users\Public\Experiments\SM01\05-WMC\MU","Tr7_update4.png","5","375414","C:/Users/Public/Experiments/SM01/05-WMC/MU/MU_results/MUsbj029.csv","update","1300","5","29","395100","396402"
"MU.osexp","C:\Users\Public\Experiments\SM01\05-WMC\MU","Tr7_update5.png","5","375414","C:/Users/Public/Experiments/SM01/05-WMC/MU/MU_results/MUsbj029.csv","update","1300","5","29","396765","398067"
"MU.osexp","C:\Users\Public\Experiments\SM01\05-WMC\MU","Tr7_test1.png","5","402030","C:/Users/Public/Experiments/SM01/05-WMC/MU/MU_results/MUsbj029.csv","test","0","5","29","398445","402031"
"MU.osexp","C:\Users\Public\Experiments\SM01\05-WMC\MU","Tr7_test2.png","3","405038","C:/Users/Public/Experiments/SM01/05-WMC/MU/MU_results/MUsbj029.csv","test","0","5","29","403161","405039"
"MU.osexp","C:\Users\Public\Experiments\SM01\05-WMC\MU","Tr7_test3.png","2","407782","C:/Users/Public/Experiments/SM01/05-WMC/MU/MU_results/MUsbj029.csv","test","0","5","29","406145","407783"
"MU.osexp","C:\Users\Public\Experiments\SM01\05-WMC\MU","Tr7_test4.png","9","410126","C:/Users/Public/Experiments/SM01/05-WMC/MU/MU_results/MUsbj029.csv","test","0","5","29","408903","410127"
"MU.osexp","C:\Users\Public\Experiments\SM01\05-WMC\MU","Tr7_test5.png","4","412413","C:/Users/Public/Experiments/SM01/05-WMC/MU/MU_results/MUsbj029.csv","test","0","5","29","411257","412414"
"MU.osexp","C:\Users\Public\Experiments\SM01\05-WMC\MU","wait.png","4","412413","C:/Users/Public/Experiments/SM01/05-WMC/MU/MU_results/MUsbj029.csv","wait","5000","4","29","413516","412414"
"MU.osexp","C:\Users\Public\Experiments\SM01\05-WMC\MU","fixation.png","4","412413","C:/Users/Public/Experiments/SM01/05-WMC/MU/MU_results/MUsbj029.csv","fix","1500","4","29","418642","412414"
"MU.osexp","C:\Users\Public\Experiments\SM01\05-WMC\MU","Tr8_study1.png","4","412413","C:/Users/Public/Experiments/SM01/05-WMC/MU/MU_results/MUsbj029.csv","study","1000","4","29","420321","421323"
"MU.osexp","C:\Users\Public\Experiments\SM01\05-WMC\MU","Tr8_study2.png","4","412413","C:/Users/Public/Experiments/SM01/05-WMC/MU/MU_results/MUsbj029.csv","study","1000","4","29","421685","422687"
"MU.osexp","C:\Users\Public\Experiments\SM01\05-WMC\MU","Tr8_study3.png","4","412413","C:/Users/Public/Experiments/SM01/05-WMC/MU/MU_results/MUsbj029.csv","study","1000","4","29","423056","424058"
"MU.osexp","C:\Users\Public\Experiments\SM01\05-WMC\MU","Tr8_study4.png","4","412413","C:/Users/Public/Experiments/SM01/05-WMC/MU/MU_results/MUsbj029.csv","study","1000","4","29","424432","425434"
"MU.osexp","C:\Users\Public\Experiments\SM01\05-WMC\MU","Tr8_update1.png","4","412413","C:/Users/Public/Experiments/SM01/05-WMC/MU/MU_results/MUsbj029.csv","update","1300","4","29","425761","427063"
"MU.osexp","C:\Users\Public\Experiments\SM01\05-WMC\MU","Tr8_update2.png","4","412413","C:/Users/Public/Experiments/SM01/05-WMC/MU/MU_results/MUsbj029.csv","update","1300","4","29","427424","428726"
"MU.osexp","C:\Users\Public\Experiments\SM01\05-WMC\MU","Tr8_update3.png","4","412413","C:/Users/Public/Experiments/SM01/05-WMC/MU/MU_results/MUsbj029.csv","update","1300","4","29","429088","430390"
"MU.osexp","C:\Users\Public\Experiments\SM01\05-WMC\MU","Tr8_test1.png","4","435118","C:/Users/Public/Experiments/SM01/05-WMC/MU/MU_results/MUsbj029.csv","test","0","4","29","430739","435119"
"MU.osexp","C:\Users\Public\Experiments\SM01\05-WMC\MU","Tr8_test2.png","5","437734","C:/Users/Public/Experiments/SM01/05-WMC/MU/MU_results/MUsbj029.csv","test","0","4","29","436286","437735"
"MU.osexp","C:\Users\Public\Experiments\SM01\05-WMC\MU","Tr8_test3.png","9","440862","C:/Users/Public/Experiments/SM01/05-WMC/MU/MU_results/MUsbj029.csv","test","0","4","29","438863","440863"
"MU.osexp","C:\Users\Public\Experiments\SM01\05-WMC\MU","Tr8_test4.png","2","443070","C:/Users/Public/Experiments/SM01/05-WMC/MU/MU_results/MUsbj029.csv","test","0","4","29","441983","443071"
"MU.osexp","C:\Users\Public\Experiments\SM01\05-WMC\MU","wait.png","2","443070","C:/Users/Public/Experiments/SM01/05-WMC/MU/MU_results/MUsbj029.csv","wait","5000","5","29","444192","443071"
"MU.osexp","C:\Users\Public\Experiments\SM01\05-WMC\MU","fixation.png","2","443070","C:/Users/Public/Experiments/SM01/05-WMC/MU/MU_results/MUsbj029.csv","fix","1500","5","29","449304","443071"
"MU.osexp","C:\Users\Public\Experiments\SM01\05-WMC\MU","Tr9_study1.png","2","443070","C:/Users/Public/Experiments/SM01/05-WMC/MU/MU_results/MUsbj029.csv","study","1000","5","29","450924","451926"
"MU.osexp","C:\Users\Public\Experiments\SM01\05-WMC\MU","Tr9_study2.png","2","443070","C:/Users/Public/Experiments/SM01/05-WMC/MU/MU_results/MUsbj029.csv","study","1000","5","29","452316","453318"
"MU.osexp","C:\Users\Public\Experiments\SM01\05-WMC\MU","Tr9_study3.png","2","443070","C:/Users/Public/Experiments/SM01/05-WMC/MU/MU_results/MUsbj029.csv","study","1000","5","29","453795","454797"
"MU.osexp","C:\Users\Public\Experiments\SM01\05-WMC\MU","Tr9_study4.png","2","443070","C:/Users/Public/Experiments/SM01/05-WMC/MU/MU_results/MUsbj029.csv","study","1000","5","29","455164","456166"
"MU.osexp","C:\Users\Public\Experiments\SM01\05-WMC\MU","Tr9_study5.png","2","443070","C:/Users/Public/Experiments/SM01/05-WMC/MU/MU_results/MUsbj029.csv","study","1000","5","29","456518","457520"
"MU.osexp","C:\Users\Public\Experiments\SM01\05-WMC\MU","Tr9_update1.png","2","443070","C:/Users/Public/Experiments/SM01/05-WMC/MU/MU_results/MUsbj029.csv","update","1300","5","29","457909","459211"
"MU.osexp","C:\Users\Public\Experiments\SM01\05-WMC\MU","Tr9_update2.png","2","443070","C:/Users/Public/Experiments/SM01/05-WMC/MU/MU_results/MUsbj029.csv","update","1300","5","29","459564","460866"
"MU.osexp","C:\Users\Public\Experiments\SM01\05-WMC\MU","Tr9_test1.png","4","463606","C:/Users/Public/Experiments/SM01/05-WMC/MU/MU_results/MUsbj029.csv","test","0","5","29","461253","463606"
"MU.osexp","C:\Users\Public\Experiments\SM01\05-WMC\MU","Tr9_test2.png","1","466462","C:/Users/Public/Experiments/SM01/05-WMC/MU/MU_results/MUsbj029.csv","test","0","5","29","464725","466463"
"MU.osexp","C:\Users\Public\Experiments\SM01\05-WMC\MU","Tr9_test3.png","7","468246","C:/Users/Public/Experiments/SM01/05-WMC/MU/MU_results/MUsbj029.csv","test","0","5","29","467574","468247"
"MU.osexp","C:\Users\Public\Experiments\SM01\05-WMC\MU","Tr9_test4.png","5","470870","C:/Users/Public/Experiments/SM01/05-WMC/MU/MU_results/MUsbj029.csv","test","0","5","29","469365","470871"
"MU.osexp","C:\Users\Public\Experiments\SM01\05-WMC\MU","Tr9_test5.png","2","473182","C:/Users/Public/Experiments/SM01/05-WMC/MU/MU_results/MUsbj029.csv","test","0","5","29","472101","473183"
"MU.osexp","C:\Users\Public\Experiments\SM01\05-WMC\MU","wait.png","2","473182","C:/Users/Public/Experiments/SM01/05-WMC/MU/MU_results/MUsbj029.csv","wait","5000","3","29","474283","473183"
"MU.osexp","C:\Users\Public\Experiments\SM01\05-WMC\MU","fixation.png","2","473182","C:/Users/Public/Experiments/SM01/05-WMC/MU/MU_results/MUsbj029.csv","fix","1500","3","29","479372","473183"
"MU.osexp","C:\Users\Public\Experiments\SM01\05-WMC\MU","Tr10_study1.png","2","473182","C:/Users/Public/Experiments/SM01/05-WMC/MU/MU_results/MUsbj029.csv","study","1000","3","29","481022","482024"
"MU.osexp","C:\Users\Public\Experiments\SM01\05-WMC\MU","Tr10_study2.png","2","473182","C:/Users/Public/Experiments/SM01/05-WMC/MU/MU_results/MUsbj029.csv","study","1000","3","29","482376","483378"
"MU.osexp","C:\Users\Public\Experiments\SM01\05-WMC\MU","Tr10_study3.png","2","473182","C:/Users/Public/Experiments/SM01/05-WMC/MU/MU_results/MUsbj029.csv","study","1000","3","29","483818","484820"
"MU.osexp","C:\Users\Public\Experiments\SM01\05-WMC\MU","Tr10_update1.png","2","473182","C:/Users/Public/Experiments/SM01/05-WMC/MU/MU_results/MUsbj029.csv","update","1300","3","29","485185","486487"
"MU.osexp","C:\Users\Public\Experiments\SM01\05-WMC\MU","Tr10_update2.png","2","473182","C:/Users/Public/Experiments/SM01/05-WMC/MU/MU_results/MUsbj029.csv","update","1300","3","29","486860","488162"
"MU.osexp","C:\Users\Public\Experiments\SM01\05-WMC\MU","Tr10_test1.png","5","490638","C:/Users/Public/Experiments/SM01/05-WMC/MU/MU_results/MUsbj029.csv","test","0","3","29","488553","490639"
"MU.osexp","C:\Users\Public\Experiments\SM01\05-WMC\MU","Tr10_test2.png","5","492950","C:/Users/Public/Experiments/SM01/05-WMC/MU/MU_results/MUsbj029.csv","test","0","3","29","491802","492951"
"MU.osexp","C:\Users\Public\Experiments\SM01\05-WMC\MU","Tr10_test3.png","2","494422","C:/Users/Public/Experiments/SM01/05-WMC/MU/MU_results/MUsbj029.csv","test","0","3","29","494066","494423"
"MU.osexp","C:\Users\Public\Experiments\SM01\05-WMC\MU","wait.png","2","494422","C:/Users/Public/Experiments/SM01/05-WMC/MU/MU_results/MUsbj029.csv","wait","5000","5","29","495541","494423"
"MU.osexp","C:\Users\Public\Experiments\SM01\05-WMC\MU","fixation.png","2","494422","C:/Users/Public/Experiments/SM01/05-WMC/MU/MU_results/MUsbj029.csv","fix","1500","5","29","500637","494423"
"MU.osexp","C:\Users\Public\Experiments\SM01\05-WMC\MU","Tr11_study1.png","2","494422","C:/Users/Public/Experiments/SM01/05-WMC/MU/MU_results/MUsbj029.csv","study","1000","5","29","502256","503258"
"MU.osexp","C:\Users\Public\Experiments\SM01\05-WMC\MU","Tr11_study2.png","2","494422","C:/Users/Public/Experiments/SM01/05-WMC/MU/MU_results/MUsbj029.csv","study","1000","5","29","503637","504639"
"MU.osexp","C:\Users\Public\Experiments\SM01\05-WMC\MU","Tr11_study3.png","2","494422","C:/Users/Public/Experiments/SM01/05-WMC/MU/MU_results/MUsbj029.csv","study","1000","5","29","505010","506012"
"MU.osexp","C:\Users\Public\Experiments\SM01\05-WMC\MU","Tr11_study4.png","2","494422","C:/Users/Public/Experiments/SM01/05-WMC/MU/MU_results/MUsbj029.csv","study","1000","5","29","506360","507362"
"MU.osexp","C:\Users\Public\Experiments\SM01\05-WMC\MU","Tr11_study5.png","2","494422","C:/Users/Public/Experiments/SM01/05-WMC/MU/MU_results/MUsbj029.csv","study","1000","5","29","507713","508715"
"MU.osexp","C:\Users\Public\Experiments\SM01\05-WMC\MU","Tr11_update1.png","2","494422","C:/Users/Public/Experiments/SM01/05-WMC/MU/MU_results/MUsbj029.csv","update","1300","5","29","509092","510394"
"MU.osexp","C:\Users\Public\Experiments\SM01\05-WMC\MU","Tr11_update2.png","2","494422","C:/Users/Public/Experiments/SM01/05-WMC/MU/MU_results/MUsbj029.csv","update","1300","5","29","510783","512085"
"MU.osexp","C:\Users\Public\Experiments\SM01\05-WMC\MU","Tr11_update3.png","2","494422","C:/Users/Public/Experiments/SM01/05-WMC/MU/MU_results/MUsbj029.csv","update","1300","5","29","512476","513778"
"MU.osexp","C:\Users\Public\Experiments\SM01\05-WMC\MU","Tr11_test1.png","1","515774","C:/Users/Public/Experiments/SM01/05-WMC/MU/MU_results/MUsbj029.csv","test","0","5","29","514129","515775"
"MU.osexp","C:\Users\Public\Experiments\SM01\05-WMC\MU","Tr11_test2.png","6","517903","C:/Users/Public/Experiments/SM01/05-WMC/MU/MU_results/MUsbj029.csv","test","0","5","29","516863","517903"
"MU.osexp","C:\Users\Public\Experiments\SM01\05-WMC\MU","Tr11_test3.png","2","521934","C:/Users/Public/Experiments/SM01/05-WMC/MU/MU_results/MUsbj029.csv","test","0","5","29","519016","521935"
"MU.osexp","C:\Users\Public\Experiments\SM01\05-WMC\MU","Tr11_test4.png","6","523974","C:/Users/Public/Experiments/SM01/05-WMC/MU/MU_results/MUsbj029.csv","test","0","5","29","523100","523975"
"MU.osexp","C:\Users\Public\Experiments\SM01\05-WMC\MU","Tr11_test5.png","3","525398","C:/Users/Public/Experiments/SM01/05-WMC/MU/MU_results/MUsbj029.csv","test","0","5","29","525116","525399"
"MU.osexp","C:\Users\Public\Experiments\SM01\05-WMC\MU","wait.png","3","525398","C:/Users/Public/Experiments/SM01/05-WMC/MU/MU_results/MUsbj029.csv","wait","5000","3","29","526520","525399"
"MU.osexp","C:\Users\Public\Experiments\SM01\05-WMC\MU","fixation.png","3","525398","C:/Users/Public/Experiments/SM01/05-WMC/MU/MU_results/MUsbj029.csv","fix","1500","3","29","531627","525399"
"MU.osexp","C:\Users\Public\Experiments\SM01\05-WMC\MU","Tr12_study1.png","3","525398","C:/Users/Public/Experiments/SM01/05-WMC/MU/MU_results/MUsbj029.csv","study","1000","3","29","533299","534301"
"MU.osexp","C:\Users\Public\Experiments\SM01\05-WMC\MU","Tr12_study2.png","3","525398","C:/Users/Public/Experiments/SM01/05-WMC/MU/MU_results/MUsbj029.csv","study","1000","3","29","534680","535682"
"MU.osexp","C:\Users\Public\Experiments\SM01\05-WMC\MU","Tr12_study3.png","3","525398","C:/Users/Public/Experiments/SM01/05-WMC/MU/MU_results/MUsbj029.csv","study","1000","3","29","536053","537055"
"MU.osexp","C:\Users\Public\Experiments\SM01\05-WMC\MU","Tr12_update1.png","3","525398","C:/Users/Public/Experiments/SM01/05-WMC/MU/MU_results/MUsbj029.csv","update","1300","3","29","537431","538733"
"MU.osexp","C:\Users\Public\Experiments\SM01\05-WMC\MU","Tr12_update2.png","3","525398","C:/Users/Public/Experiments/SM01/05-WMC/MU/MU_results/MUsbj029.csv","update","1300","3","29","539115","540417"
"MU.osexp","C:\Users\Public\Experiments\SM01\05-WMC\MU","Tr12_update3.png","3","525398","C:/Users/Public/Experiments/SM01/05-WMC/MU/MU_results/MUsbj029.csv","update","1300","3","29","540772","542074"
"MU.osexp","C:\Users\Public\Experiments\SM01\05-WMC\MU","Tr12_update4.png","3","525398","C:/Users/Public/Experiments/SM01/05-WMC/MU/MU_results/MUsbj029.csv","update","1300","3","29","542451","543753"
"MU.osexp","C:\Users\Public\Experiments\SM01\05-WMC\MU","Tr12_update5.png","3","525398","C:/Users/Public/Experiments/SM01/05-WMC/MU/MU_results/MUsbj029.csv","update","1300","3","29","544135","545438"
"MU.osexp","C:\Users\Public\Experiments\SM01\05-WMC\MU","Tr12_test1.png","3","547326","C:/Users/Public/Experiments/SM01/05-WMC/MU/MU_results/MUsbj029.csv","test","0","3","29","545823","547327"
"MU.osexp","C:\Users\Public\Experiments\SM01\05-WMC\MU","Tr12_test2.png","1","548814","C:/Users/Public/Experiments/SM01/05-WMC/MU/MU_results/MUsbj029.csv","test","0","3","29","548401","548815"
"MU.osexp","C:\Users\Public\Experiments\SM01\05-WMC\MU","Tr12_test3.png","9","551694","C:/Users/Public/Experiments/SM01/05-WMC/MU/MU_results/MUsbj029.csv","test","0","3","29","549924","551695"
"MU.osexp","C:\Users\Public\Experiments\SM01\05-WMC\MU","wait.png","9","551694","C:/Users/Public/Experiments/SM01/05-WMC/MU/MU_results/MUsbj029.csv","wait","5000","3","29","552802","551695"
"MU.osexp","C:\Users\Public\Experiments\SM01\05-WMC\MU","fixation.png","9","551694","C:/Users/Public/Experiments/SM01/05-WMC/MU/MU_results/MUsbj029.csv","fix","1500","3","29","557930","551695"
"MU.osexp","C:\Users\Public\Experiments\SM01\05-WMC\MU","Tr13_study1.png","9","551694","C:/Users/Public/Experiments/SM01/05-WMC/MU/MU_results/MUsbj029.csv","study","1000","3","29","559552","560554"
"MU.osexp","C:\Users\Public\Experiments\SM01\05-WMC\MU","Tr13_study2.png","9","551694","C:/Users/Public/Experiments/SM01/05-WMC/MU/MU_results/MUsbj029.csv","study","1000","3","29","560924","561926"
"MU.osexp","C:\Users\Public\Experiments\SM01\05-WMC\MU","Tr13_study3.png","9","551694","C:/Users/Public/Experiments/SM01/05-WMC/MU/MU_results/MUsbj029.csv","study","1000","3","29","562357","563359"
"MU.osexp","C:\Users\Public\Experiments\SM01\05-WMC\MU","Tr13_update1.png","9","551694","C:/Users/Public/Experiments/SM01/05-WMC/MU/MU_results/MUsbj029.csv","update","1300","3","29","563804","565106"
"MU.osexp","C:\Users\Public\Experiments\SM01\05-WMC\MU","Tr13_update2.png","9","551694","C:/Users/Public/Experiments/SM01/05-WMC/MU/MU_results/MUsbj029.csv","update","1300","3","29","565469","566771"
"MU.osexp","C:\Users\Public\Experiments\SM01\05-WMC\MU","Tr13_update3.png","9","551694","C:/Users/Public/Experiments/SM01/05-WMC/MU/MU_results/MUsbj029.csv","update","1300","3","29","567136","568438"
"MU.osexp","C:\Users\Public\Experiments\SM01\05-WMC\MU","Tr13_update4.png","9","551694","C:/Users/Public/Experiments/SM01/05-WMC/MU/MU_results/MUsbj029.csv","update","1300","3","29","568832","570134"
"MU.osexp","C:\Users\Public\Experiments\SM01\05-WMC\MU","Tr13_test1.png","3","572494","C:/Users/Public/Experiments/SM01/05-WMC/MU/MU_results/MUsbj029.csv","test","0","3","29","570495","572495"
"MU.osexp","C:\Users\Public\Experiments\SM01\05-WMC\MU","Tr13_test2.png","1","574246","C:/Users/Public/Experiments/SM01/05-WMC/MU/MU_results/MUsbj029.csv","test","0","3","29","573631","574247"
"MU.osexp","C:\Users\Public\Experiments\SM01\05-WMC\MU","Tr13_test3.png","9","577510","C:/Users/Public/Experiments/SM01/05-WMC/MU/MU_results/MUsbj029.csv","test","0","3","29","575356","577511"
"MU.osexp","C:\Users\Public\Experiments\SM01\05-WMC\MU","wait.png","9","577510","C:/Users/Public/Experiments/SM01/05-WMC/MU/MU_results/MUsbj029.csv","wait","5000","5","29","578627","577511"
"MU.osexp","C:\Users\Public\Experiments\SM01\05-WMC\MU","fixation.png","9","577510","C:/Users/Public/Experiments/SM01/05-WMC/MU/MU_results/MUsbj029.csv","fix","1500","5","29","583759","577511"
"MU.osexp","C:\Users\Public\Experiments\SM01\05-WMC\MU","Tr14_study1.png","9","577510","C:/Users/Public/Experiments/SM01/05-WMC/MU/MU_results/MUsbj029.csv","study","1000","5","29","585381","586383"
"MU.osexp","C:\Users\Public\Experiments\SM01\05-WMC\MU","Tr14_study2.png","9","577510","C:/Users/Public/Experiments/SM01/05-WMC/MU/MU_results/MUsbj029.csv","study","1000","5","29","586762","587764"
"MU.osexp","C:\Users\Public\Experiments\SM01\05-WMC\MU","Tr14_study3.png","9","577510","C:/Users/Public/Experiments/SM01/05-WMC/MU/MU_results/MUsbj029.csv","study","1000","5","29","588268","589270"
"MU.osexp","C:\Users\Public\Experiments\SM01\05-WMC\MU","Tr14_study4.png","9","577510","C:/Users/Public/Experiments/SM01/05-WMC/MU/MU_results/MUsbj029.csv","study","1000","5","29","589609","590611"
"MU.osexp","C:\Users\Public\Experiments\SM01\05-WMC\MU","Tr14_study5.png","9","577510","C:/Users/Public/Experiments/SM01/05-WMC/MU/MU_results/MUsbj029.csv","study","1000","5","29","590992","591994"
"MU.osexp","C:\Users\Public\Experiments\SM01\05-WMC\MU","Tr14_update1.png","9","577510","C:/Users/Public/Experiments/SM01/05-WMC/MU/MU_results/MUsbj029.csv","update","1300","5","29","592373","593675"
"MU.osexp","C:\Users\Public\Experiments\SM01\05-WMC\MU","Tr14_update2.png","9","577510","C:/Users/Public/Experiments/SM01/05-WMC/MU/MU_results/MUsbj029.csv","update","1300","5","29","594053","595355"
"MU.osexp","C:\Users\Public\Experiments\SM01\05-WMC\MU","Tr14_update3.png","9","577510","C:/Users/Public/Experiments/SM01/05-WMC/MU/MU_results/MUsbj029.csv","update","1300","5","29","595806","597108"
"MU.osexp","C:\Users\Public\Experiments\SM01\05-WMC\MU","Tr14_update4.png","9","577510","C:/Users/Public/Experiments/SM01/05-WMC/MU/MU_results/MUsbj029.csv","update","1300","5","29","597494","598796"
"MU.osexp","C:\Users\Public\Experiments\SM01\05-WMC\MU","Tr14_test1.png","8","602038","C:/Users/Public/Experiments/SM01/05-WMC/MU/MU_results/MUsbj029.csv","test","0","5","29","599174","602039"
"MU.osexp","C:\Users\Public\Experiments\SM01\05-WMC\MU","Tr14_test2.png","2","604894","C:/Users/Public/Experiments/SM01/05-WMC/MU/MU_results/MUsbj029.csv","test","0","5","29","603170","604895"
"MU.osexp","C:\Users\Public\Experiments\SM01\05-WMC\MU","Tr14_test3.png","6","607046","C:/Users/Public/Experiments/SM01/05-WMC/MU/MU_results/MUsbj029.csv","test","0","5","29","606007","607047"
"MU.osexp","C:\Users\Public\Experiments\SM01\05-WMC\MU","Tr14_test4.png","5","609014","C:/Users/Public/Experiments/SM01/05-WMC/MU/MU_results/MUsbj029.csv","test","0","5","29","608189","609015"
"MU.osexp","C:\Users\Public\Experiments\SM01\05-WMC\MU","Tr14_test5.png","8","610422","C:/Users/Public/Experiments/SM01/05-WMC/MU/MU_results/MUsbj029.csv","test","0","5","29","610154","610423"
"MU.osexp","C:\Users\Public\Experiments\SM01\05-WMC\MU","wait.png","8","610422","C:/Users/Public/Experiments/SM01/05-WMC/MU/MU_results/MUsbj029.csv","wait","5000","4","29","611533","610423"
"MU.osexp","C:\Users\Public\Experiments\SM01\05-WMC\MU","fixation.png","8","610422","C:/Users/Public/Experiments/SM01/05-WMC/MU/MU_results/MUsbj029.csv","fix","1500","4","29","616642","610423"
"MU.osexp","C:\Users\Public\Experiments\SM01\05-WMC\MU","Tr15_study1.png","8","610422","C:/Users/Public/Experiments/SM01/05-WMC/MU/MU_results/MUsbj029.csv","study","1000","4","29","618262","619264"
"MU.osexp","C:\Users\Public\Experiments\SM01\05-WMC\MU","Tr15_study2.png","8","610422","C:/Users/Public/Experiments/SM01/05-WMC/MU/MU_results/MUsbj029.csv","study","1000","4","29","619635","620637"
"MU.osexp","C:\Users\Public\Experiments\SM01\05-WMC\MU","Tr15_study3.png","8","610422","C:/Users/Public/Experiments/SM01/05-WMC/MU/MU_results/MUsbj029.csv","study","1000","4","29","621023","622025"
"MU.osexp","C:\Users\Public\Experiments\SM01\05-WMC\MU","Tr15_study4.png","8","610422","C:/Users/Public/Experiments/SM01/05-WMC/MU/MU_results/MUsbj029.csv","study","1000","4","29","622403","623405"
"MU.osexp","C:\Users\Public\Experiments\SM01\05-WMC\MU","Tr15_update1.png","8","610422","C:/Users/Public/Experiments/SM01/05-WMC/MU/MU_results/MUsbj029.csv","update","1300","4","29","623756","625058"
"MU.osexp","C:\Users\Public\Experiments\SM01\05-WMC\MU","Tr15_update2.png","8","610422","C:/Users/Public/Experiments/SM01/05-WMC/MU/MU_results/MUsbj029.csv","update","1300","4","29","625545","626847"
"MU.osexp","C:\Users\Public\Experiments\SM01\05-WMC\MU","Tr15_update3.png","8","610422","C:/Users/Public/Experiments/SM01/05-WMC/MU/MU_results/MUsbj029.csv","update","1300","4","29","627223","628525"
"MU.osexp","C:\Users\Public\Experiments\SM01\05-WMC\MU","Tr15_update4.png","8","610422","C:/Users/Public/Experiments/SM01/05-WMC/MU/MU_results/MUsbj029.csv","update","1300","4","29","628896","630198"
"MU.osexp","C:\Users\Public\Experiments\SM01\05-WMC\MU","Tr15_update5.png","8","610422","C:/Users/Public/Experiments/SM01/05-WMC/MU/MU_results/MUsbj029.csv","update","1300","4","29","630558","631860"
"MU.osexp","C:\Users\Public\Experiments\SM01\05-WMC\MU","Tr15_update6.png","8","610422","C:/Users/Public/Experiments/SM01/05-WMC/MU/MU_results/MUsbj029.csv","update","1300","4","29","632226","633528"
"MU.osexp","C:\Users\Public\Experiments\SM01\05-WMC\MU","Tr15_test1.png","6","637510","C:/Users/Public/Experiments/SM01/05-WMC/MU/MU_results/MUsbj029.csv","test","0","4","29","633904","637511"
"MU.osexp","C:\Users\Public\Experiments\SM01\05-WMC\MU","Tr15_test2.png","5","640319","C:/Users/Public/Experiments/SM01/05-WMC/MU/MU_results/MUsbj029.csv","test","0","4","29","638621","640320"
"MU.osexp","C:\Users\Public\Experiments\SM01\05-WMC\MU","Tr15_test3.png","8","642758","C:/Users/Public/Experiments/SM01/05-WMC/MU/MU_results/MUsbj029.csv","test","0","4","29","641562","642759"
"MU.osexp","C:\Users\Public\Experiments\SM01\05-WMC\MU","Tr15_test4.png","4","645190","C:/Users/Public/Experiments/SM01/05-WMC/MU/MU_results/MUsbj029.csv","test","0","4","29","643907","645191"
"MU.osexp","C:\Users\Public\Experiments\SM01\05-WMC\MU","wait.png","4","645190","C:/Users/Public/Experiments/SM01/05-WMC/MU/MU_results/MUsbj029.csv","wait","5000","4","29","646402","645191"
"MU.osexp","C:\Users\Public\Experiments\SM01\05-WMC\MU","fixation.png","4","645190","C:/Users/Public/Experiments/SM01/05-WMC/MU/MU_results/MUsbj029.csv","fix","1500","4","29","651531","645191"
"MU.osexp","C:\Users\Public\Experiments\SM01\05-WMC\MU","Tr16_study1.png","4","645190","C:/Users/Public/Experiments/SM01/05-WMC/MU/MU_results/MUsbj029.csv","study","1000","4","29","653171","654173"
"MU.osexp","C:\Users\Public\Experiments\SM01\05-WMC\MU","Tr16_study2.png","4","645190","C:/Users/Public/Experiments/SM01/05-WMC/MU/MU_results/MUsbj029.csv","study","1000","4","29","654553","655555"
"MU.osexp","C:\Users\Public\Experiments\SM01\05-WMC\MU","Tr16_study3.png","4","645190","C:/Users/Public/Experiments/SM01/05-WMC/MU/MU_results/MUsbj029.csv","study","1000","4","29","655931","656933"
"MU.osexp","C:\Users\Public\Experiments\SM01\05-WMC\MU","Tr16_study4.png","4","645190","C:/Users/Public/Experiments/SM01/05-WMC/MU/MU_results/MUsbj029.csv","study","1000","4","29","657319","658321"
"MU.osexp","C:\Users\Public\Experiments\SM01\05-WMC\MU","Tr16_update1.png","4","645190","C:/Users/Public/Experiments/SM01/05-WMC/MU/MU_results/MUsbj029.csv","update","1300","4","29","658701","660003"
"MU.osexp","C:\Users\Public\Experiments\SM01\05-WMC\MU","Tr16_update2.png","4","645190","C:/Users/Public/Experiments/SM01/05-WMC/MU/MU_results/MUsbj029.csv","update","1300","4","29","660382","661684"
"MU.osexp","C:\Users\Public\Experiments\SM01\05-WMC\MU","Tr16_test1.png","8","664446","C:/Users/Public/Experiments/SM01/05-WMC/MU/MU_results/MUsbj029.csv","test","0","4","29","662062","664447"
"MU.osexp","C:\Users\Public\Experiments\SM01\05-WMC\MU","Tr16_test2.png","7","669382","C:/Users/Public/Experiments/SM01/05-WMC/MU/MU_results/MUsbj029.csv","test","0","4","29","665574","669383"
"MU.osexp","C:\Users\Public\Experiments\SM01\05-WMC\MU","Tr16_test3.png","8","672782","C:/Users/Public/Experiments/SM01/05-WMC/MU/MU_results/MUsbj029.csv","test","0","4","29","670504","672783"
"MU.osexp","C:\Users\Public\Experiments\SM01\05-WMC\MU","Tr16_test4.png","6","674190","C:/Users/Public/Experiments/SM01/05-WMC/MU/MU_results/MUsbj029.csv","test","0","4","29","673924","674191"
"MU.osexp","C:\Users\Public\Experiments\SM01\05-WMC\MU","wait.png","6","674190","C:/Users/Public/Experiments/SM01/05-WMC/MU/MU_results/MUsbj029.csv","wait","5000","5","29","675449","674191"
"MU.osexp","C:\Users\Public\Experiments\SM01\05-WMC\MU","fixation.png","6","674190","C:/Users/Public/Experiments/SM01/05-WMC/MU/MU_results/MUsbj029.csv","fix","1500","5","29","680572","674191"
"MU.osexp","C:\Users\Public\Experiments\SM01\05-WMC\MU","Tr17_study1.png","6","674190","C:/Users/Public/Experiments/SM01/05-WMC/MU/MU_results/MUsbj029.csv","study","1000","5","29","682331","683333"
"MU.osexp","C:\Users\Public\Experiments\SM01\05-WMC\MU","Tr17_study2.png","6","674190","C:/Users/Public/Experiments/SM01/05-WMC/MU/MU_results/MUsbj029.csv","study","1000","5","29","683721","684723"
"MU.osexp","C:\Users\Public\Experiments\SM01\05-WMC\MU","Tr17_study3.png","6","674190","C:/Users/Public/Experiments/SM01/05-WMC/MU/MU_results/MUsbj029.csv","study","1000","5","29","685100","686102"
"MU.osexp","C:\Users\Public\Experiments\SM01\05-WMC\MU","Tr17_study4.png","6","674190","C:/Users/Public/Experiments/SM01/05-WMC/MU/MU_results/MUsbj029.csv","study","1000","5","29","686468","687470"
"MU.osexp","C:\Users\Public\Experiments\SM01\05-WMC\MU","Tr17_study5.png","6","674190","C:/Users/Public/Experiments/SM01/05-WMC/MU/MU_results/MUsbj029.csv","study","1000","5","29","687843","688845"
"MU.osexp","C:\Users\Public\Experiments\SM01\05-WMC\MU","Tr17_update1.png","6","674190","C:/Users/Public/Experiments/SM01/05-WMC/MU/MU_results/MUsbj029.csv","update","1300","5","29","689207","690509"
"MU.osexp","C:\Users\Public\Experiments\SM01\05-WMC\MU","Tr17_update2.png","6","674190","C:/Users/Public/Experiments/SM01/05-WMC/MU/MU_results/MUsbj029.csv","update","1300","5","29","690892","692194"
"MU.osexp","C:\Users\Public\Experiments\SM01\05-WMC\MU","Tr17_update3.png","6","674190","C:/Users/Public/Experiments/SM01/05-WMC/MU/MU_results/MUsbj029.csv","update","1300","5","29","692587","693889"
"MU.osexp","C:\Users\Public\Experiments\SM01\05-WMC\MU","Tr17_update4.png","6","674190","C:/Users/Public/Experiments/SM01/05-WMC/MU/MU_results/MUsbj029.csv","update","1300","5","29","694354","695656"
"MU.osexp","C:\Users\Public\Experiments\SM01\05-WMC\MU","Tr17_update5.png","6","674190","C:/Users/Public/Experiments/SM01/05-WMC/MU/MU_results/MUsbj029.csv","update","1300","5","29","696042","697344"
"MU.osexp","C:\Users\Public\Experiments\SM01\05-WMC\MU","Tr17_update6.png","6","674190","C:/Users/Public/Experiments/SM01/05-WMC/MU/MU_results/MUsbj029.csv","update","1300","5","29","697732","699034"
"MU.osexp","C:\Users\Public\Experiments\SM01\05-WMC\MU","Tr17_test1.png","6","701526","C:/Users/Public/Experiments/SM01/05-WMC/MU/MU_results/MUsbj029.csv","test","0","5","29","699427","701527"
"MU.osexp","C:\Users\Public\Experiments\SM01\05-WMC\MU","Tr17_test2.png","1","703750","C:/Users/Public/Experiments/SM01/05-WMC/MU/MU_results/MUsbj029.csv","test","0","5","29","702614","703751"
"MU.osexp","C:\Users\Public\Experiments\SM01\05-WMC\MU","Tr17_test3.png","4","706734","C:/Users/Public/Experiments/SM01/05-WMC/MU/MU_results/MUsbj029.csv","test","0","5","29","704872","706735"
"MU.osexp","C:\Users\Public\Experiments\SM01\05-WMC\MU","Tr17_test4.png","5","709494","C:/Users/Public/Experiments/SM01/05-WMC/MU/MU_results/MUsbj029.csv","test","0","5","29","707901","709495"
"MU.osexp","C:\Users\Public\Experiments\SM01\05-WMC\MU","Tr17_test5.png","9","711815","C:/Users/Public/Experiments/SM01/05-WMC/MU/MU_results/MUsbj029.csv","test","0","5","29","710631","711816"
