"experiment_file","experiment_path","image","key","key_time","logfile","phase","playtime","setSize","subject_nr","timestamp","waittime"
"MU.osexp","C:\Users\Public\Experiments\IDs\05-WMC\MU","ready1.png","NA","NA","C:/Users/Public/Experiments/IDs/05-WMC/MU/MUsbj066.csv","pre","0","3","66","87345","NA"
"MU.osexp","C:\Users\Public\Experiments\IDs\05-WMC\MU","fixation.png","NA","NA","C:/Users/Public/Experiments/IDs/05-WMC/MU/MUsbj066.csv","fix","1500","3","66","92105","NA"
"MU.osexp","C:\Users\Public\Experiments\IDs\05-WMC\MU","Tr1_study1.png","NA","NA","C:/Users/Public/Experiments/IDs/05-WMC/MU/MUsbj066.csv","study","1000","3","66","93729","94729"
"MU.osexp","C:\Users\Public\Experiments\IDs\05-WMC\MU","Tr1_study2.png","NA","NA","C:/Users/Public/Experiments/IDs/05-WMC/MU/MUsbj066.csv","study","1000","3","66","95118","96120"
"MU.osexp","C:\Users\Public\Experiments\IDs\05-WMC\MU","Tr1_study3.png","NA","NA","C:/Users/Public/Experiments/IDs/05-WMC/MU/MUsbj066.csv","study","1000","3","66","96495","97496"
"MU.osexp","C:\Users\Public\Experiments\IDs\05-WMC\MU","Tr1_update1.png","NA","NA","C:/Users/Public/Experiments/IDs/05-WMC/MU/MUsbj066.csv","update","1300","3","66","97848","99150"
"MU.osexp","C:\Users\Public\Experiments\IDs\05-WMC\MU","Tr1_update2.png","NA","NA","C:/Users/Public/Experiments/IDs/05-WMC/MU/MUsbj066.csv","update","1300","3","66","99574","100876"
"MU.osexp","C:\Users\Public\Experiments\IDs\05-WMC\MU","Tr1_update3.png","NA","NA","C:/Users/Public/Experiments/IDs/05-WMC/MU/MUsbj066.csv","update","1300","3","66","101257","102559"
"MU.osexp","C:\Users\Public\Experiments\IDs\05-WMC\MU","Tr1_test1.png","9","106531","C:/Users/Public/Experiments/IDs/05-WMC/MU/MUsbj066.csv","test","0","3","66","102995","106532"
"MU.osexp","C:\Users\Public\Experiments\IDs\05-WMC\MU","Tr1_test2.png","space","113539","C:/Users/Public/Experiments/IDs/05-WMC/MU/MUsbj066.csv","test","0","3","66","107646","113540"
"MU.osexp","C:\Users\Public\Experiments\IDs\05-WMC\MU","Tr1_test3.png","space","114691","C:/Users/Public/Experiments/IDs/05-WMC/MU/MUsbj066.csv","test","0","3","66","114645","114691"
"MU.osexp","C:\Users\Public\Experiments\IDs\05-WMC\MU","wait.png","space","114691","C:/Users/Public/Experiments/IDs/05-WMC/MU/MUsbj066.csv","wait","5000","3","66","115794","114691"
"MU.osexp","C:\Users\Public\Experiments\IDs\05-WMC\MU","fixation.png","space","114691","C:/Users/Public/Experiments/IDs/05-WMC/MU/MUsbj066.csv","fix","1500","3","66","120914","114691"
"MU.osexp","C:\Users\Public\Experiments\IDs\05-WMC\MU","Tr2_study1.png","space","114691","C:/Users/Public/Experiments/IDs/05-WMC/MU/MUsbj066.csv","study","1000","3","66","122507","123508"
"MU.osexp","C:\Users\Public\Experiments\IDs\05-WMC\MU","Tr2_study2.png","space","114691","C:/Users/Public/Experiments/IDs/05-WMC/MU/MUsbj066.csv","study","1000","3","66","123878","124880"
"MU.osexp","C:\Users\Public\Experiments\IDs\05-WMC\MU","Tr2_study3.png","space","114691","C:/Users/Public/Experiments/IDs/05-WMC/MU/MUsbj066.csv","study","1000","3","66","125234","126236"
"MU.osexp","C:\Users\Public\Experiments\IDs\05-WMC\MU","Tr2_update1.png","space","114691","C:/Users/Public/Experiments/IDs/05-WMC/MU/MUsbj066.csv","update","1300","3","66","126613","127915"
"MU.osexp","C:\Users\Public\Experiments\IDs\05-WMC\MU","Tr2_update2.png","space","114691","C:/Users/Public/Experiments/IDs/05-WMC/MU/MUsbj066.csv","update","1300","3","66","128295","129597"
"MU.osexp","C:\Users\Public\Experiments\IDs\05-WMC\MU","Tr2_update3.png","space","114691","C:/Users/Public/Experiments/IDs/05-WMC/MU/MUsbj066.csv","update","1300","3","66","129966","131268"
"MU.osexp","C:\Users\Public\Experiments\IDs\05-WMC\MU","Tr2_test1.png","4","138611","C:/Users/Public/Experiments/IDs/05-WMC/MU/MUsbj066.csv","test","0","3","66","131622","138612"
"MU.osexp","C:\Users\Public\Experiments\IDs\05-WMC\MU","Tr2_test2.png","6","140811","C:/Users/Public/Experiments/IDs/05-WMC/MU/MUsbj066.csv","test","0","3","66","139744","140812"
"MU.osexp","C:\Users\Public\Experiments\IDs\05-WMC\MU","Tr2_test3.png","space","145107","C:/Users/Public/Experiments/IDs/05-WMC/MU/MUsbj066.csv","test","0","3","66","141933","145108"
"MU.osexp","C:\Users\Public\Experiments\IDs\05-WMC\MU","ready2.png","space","145107","C:/Users/Public/Experiments/IDs/05-WMC/MU/MUsbj066.csv","pre","0","3","66","152438","145108"
"MU.osexp","C:\Users\Public\Experiments\IDs\05-WMC\MU","fixation.png","space","145107","C:/Users/Public/Experiments/IDs/05-WMC/MU/MUsbj066.csv","fix","1500","3","66","154544","145108"
"MU.osexp","C:\Users\Public\Experiments\IDs\05-WMC\MU","Tr3_study1.png","space","145107","C:/Users/Public/Experiments/IDs/05-WMC/MU/MUsbj066.csv","study","1000","3","66","156226","157228"
"MU.osexp","C:\Users\Public\Experiments\IDs\05-WMC\MU","Tr3_study2.png","space","145107","C:/Users/Public/Experiments/IDs/05-WMC/MU/MUsbj066.csv","study","1000","3","66","157604","158606"
"MU.osexp","C:\Users\Public\Experiments\IDs\05-WMC\MU","Tr3_study3.png","space","145107","C:/Users/Public/Experiments/IDs/05-WMC/MU/MUsbj066.csv","study","1000","3","66","158945","159947"
"MU.osexp","C:\Users\Public\Experiments\IDs\05-WMC\MU","Tr3_update1.png","space","145107","C:/Users/Public/Experiments/IDs/05-WMC/MU/MUsbj066.csv","update","1300","3","66","160300","161602"
"MU.osexp","C:\Users\Public\Experiments\IDs\05-WMC\MU","Tr3_update2.png","space","145107","C:/Users/Public/Experiments/IDs/05-WMC/MU/MUsbj066.csv","update","1300","3","66","161958","163260"
"MU.osexp","C:\Users\Public\Experiments\IDs\05-WMC\MU","Tr3_update3.png","space","145107","C:/Users/Public/Experiments/IDs/05-WMC/MU/MUsbj066.csv","update","1300","3","66","163612","164914"
"MU.osexp","C:\Users\Public\Experiments\IDs\05-WMC\MU","Tr3_test1.png","9","168851","C:/Users/Public/Experiments/IDs/05-WMC/MU/MUsbj066.csv","test","0","3","66","165277","168851"
"MU.osexp","C:\Users\Public\Experiments\IDs\05-WMC\MU","Tr3_test2.png","7","170930","C:/Users/Public/Experiments/IDs/05-WMC/MU/MUsbj066.csv","test","0","3","66","169982","170931"
"MU.osexp","C:\Users\Public\Experiments\IDs\05-WMC\MU","Tr3_test3.png","7","172587","C:/Users/Public/Experiments/IDs/05-WMC/MU/MUsbj066.csv","test","0","3","66","172026","172588"
"MU.osexp","C:\Users\Public\Experiments\IDs\05-WMC\MU","wait.png","7","172587","C:/Users/Public/Experiments/IDs/05-WMC/MU/MUsbj066.csv","wait","5000","4","66","173716","172588"
"MU.osexp","C:\Users\Public\Experiments\IDs\05-WMC\MU","fixation.png","7","172587","C:/Users/Public/Experiments/IDs/05-WMC/MU/MUsbj066.csv","fix","1500","4","66","178825","172588"
"MU.osexp","C:\Users\Public\Experiments\IDs\05-WMC\MU","Tr4_study1.png","7","172587","C:/Users/Public/Experiments/IDs/05-WMC/MU/MUsbj066.csv","study","1000","4","66","180438","181439"
"MU.osexp","C:\Users\Public\Experiments\IDs\05-WMC\MU","Tr4_study2.png","7","172587","C:/Users/Public/Experiments/IDs/05-WMC/MU/MUsbj066.csv","study","1000","4","66","181787","182789"
"MU.osexp","C:\Users\Public\Experiments\IDs\05-WMC\MU","Tr4_study3.png","7","172587","C:/Users/Public/Experiments/IDs/05-WMC/MU/MUsbj066.csv","study","1000","4","66","183163","184164"
"MU.osexp","C:\Users\Public\Experiments\IDs\05-WMC\MU","Tr4_study4.png","7","172587","C:/Users/Public/Experiments/IDs/05-WMC/MU/MUsbj066.csv","study","1000","4","66","184515","185517"
"MU.osexp","C:\Users\Public\Experiments\IDs\05-WMC\MU","Tr4_update1.png","7","172587","C:/Users/Public/Experiments/IDs/05-WMC/MU/MUsbj066.csv","update","1300","4","66","185872","187174"
"MU.osexp","C:\Users\Public\Experiments\IDs\05-WMC\MU","Tr4_update2.png","7","172587","C:/Users/Public/Experiments/IDs/05-WMC/MU/MUsbj066.csv","update","1300","4","66","187521","188824"
"MU.osexp","C:\Users\Public\Experiments\IDs\05-WMC\MU","Tr4_update3.png","7","172587","C:/Users/Public/Experiments/IDs/05-WMC/MU/MUsbj066.csv","update","1300","4","66","189179","190481"
"MU.osexp","C:\Users\Public\Experiments\IDs\05-WMC\MU","Tr4_update4.png","7","172587","C:/Users/Public/Experiments/IDs/05-WMC/MU/MUsbj066.csv","update","1300","4","66","190849","192151"
"MU.osexp","C:\Users\Public\Experiments\IDs\05-WMC\MU","Tr4_test1.png","3","194611","C:/Users/Public/Experiments/IDs/05-WMC/MU/MUsbj066.csv","test","0","4","66","192493","194612"
"MU.osexp","C:\Users\Public\Experiments\IDs\05-WMC\MU","Tr4_test2.png","8","198083","C:/Users/Public/Experiments/IDs/05-WMC/MU/MUsbj066.csv","test","0","4","66","195728","198084"
"MU.osexp","C:\Users\Public\Experiments\IDs\05-WMC\MU","Tr4_test3.png","1","201211","C:/Users/Public/Experiments/IDs/05-WMC/MU/MUsbj066.csv","test","0","4","66","199189","201212"
"MU.osexp","C:\Users\Public\Experiments\IDs\05-WMC\MU","Tr4_test4.png","9","204715","C:/Users/Public/Experiments/IDs/05-WMC/MU/MUsbj066.csv","test","0","4","66","202333","204715"
"MU.osexp","C:\Users\Public\Experiments\IDs\05-WMC\MU","wait.png","9","204715","C:/Users/Public/Experiments/IDs/05-WMC/MU/MUsbj066.csv","wait","5000","3","66","205825","204715"
"MU.osexp","C:\Users\Public\Experiments\IDs\05-WMC\MU","fixation.png","9","204715","C:/Users/Public/Experiments/IDs/05-WMC/MU/MUsbj066.csv","fix","1500","3","66","210949","204715"
"MU.osexp","C:\Users\Public\Experiments\IDs\05-WMC\MU","Tr5_study1.png","9","204715","C:/Users/Public/Experiments/IDs/05-WMC/MU/MUsbj066.csv","study","1000","3","66","212541","213542"
"MU.osexp","C:\Users\Public\Experiments\IDs\05-WMC\MU","Tr5_study2.png","9","204715","C:/Users/Public/Experiments/IDs/05-WMC/MU/MUsbj066.csv","study","1000","3","66","213889","214891"
"MU.osexp","C:\Users\Public\Experiments\IDs\05-WMC\MU","Tr5_study3.png","9","204715","C:/Users/Public/Experiments/IDs/05-WMC/MU/MUsbj066.csv","study","1000","3","66","215278","216280"
"MU.osexp","C:\Users\Public\Experiments\IDs\05-WMC\MU","Tr5_update1.png","9","204715","C:/Users/Public/Experiments/IDs/05-WMC/MU/MUsbj066.csv","update","1300","3","66","216619","217921"
"MU.osexp","C:\Users\Public\Experiments\IDs\05-WMC\MU","Tr5_update2.png","9","204715","C:/Users/Public/Experiments/IDs/05-WMC/MU/MUsbj066.csv","update","1300","3","66","218296","219598"
"MU.osexp","C:\Users\Public\Experiments\IDs\05-WMC\MU","Tr5_update3.png","9","204715","C:/Users/Public/Experiments/IDs/05-WMC/MU/MUsbj066.csv","update","1300","3","66","219946","221248"
"MU.osexp","C:\Users\Public\Experiments\IDs\05-WMC\MU","Tr5_update4.png","9","204715","C:/Users/Public/Experiments/IDs/05-WMC/MU/MUsbj066.csv","update","1300","3","66","221621","222923"
"MU.osexp","C:\Users\Public\Experiments\IDs\05-WMC\MU","Tr5_update5.png","9","204715","C:/Users/Public/Experiments/IDs/05-WMC/MU/MUsbj066.csv","update","1300","3","66","223364","224666"
"MU.osexp","C:\Users\Public\Experiments\IDs\05-WMC\MU","Tr5_update6.png","9","204715","C:/Users/Public/Experiments/IDs/05-WMC/MU/MUsbj066.csv","update","1300","3","66","225019","226321"
"MU.osexp","C:\Users\Public\Experiments\IDs\05-WMC\MU","Tr5_test1.png","6","228931","C:/Users/Public/Experiments/IDs/05-WMC/MU/MUsbj066.csv","test","0","3","66","226688","228932"
"MU.osexp","C:\Users\Public\Experiments\IDs\05-WMC\MU","Tr5_test2.png","5","231419","C:/Users/Public/Experiments/IDs/05-WMC/MU/MUsbj066.csv","test","0","3","66","230032","231420"
"MU.osexp","C:\Users\Public\Experiments\IDs\05-WMC\MU","Tr5_test3.png","3","233355","C:/Users/Public/Experiments/IDs/05-WMC/MU/MUsbj066.csv","test","0","3","66","232517","233356"
"MU.osexp","C:\Users\Public\Experiments\IDs\05-WMC\MU","wait.png","3","233355","C:/Users/Public/Experiments/IDs/05-WMC/MU/MUsbj066.csv","wait","5000","4","66","234497","233356"
"MU.osexp","C:\Users\Public\Experiments\IDs\05-WMC\MU","fixation.png","3","233355","C:/Users/Public/Experiments/IDs/05-WMC/MU/MUsbj066.csv","fix","1500","4","66","239622","233356"
"MU.osexp","C:\Users\Public\Experiments\IDs\05-WMC\MU","Tr6_study1.png","3","233355","C:/Users/Public/Experiments/IDs/05-WMC/MU/MUsbj066.csv","study","1000","4","66","241274","242276"
"MU.osexp","C:\Users\Public\Experiments\IDs\05-WMC\MU","Tr6_study2.png","3","233355","C:/Users/Public/Experiments/IDs/05-WMC/MU/MUsbj066.csv","study","1000","4","66","242648","243650"
"MU.osexp","C:\Users\Public\Experiments\IDs\05-WMC\MU","Tr6_study3.png","3","233355","C:/Users/Public/Experiments/IDs/05-WMC/MU/MUsbj066.csv","study","1000","4","66","244032","245033"
"MU.osexp","C:\Users\Public\Experiments\IDs\05-WMC\MU","Tr6_study4.png","3","233355","C:/Users/Public/Experiments/IDs/05-WMC/MU/MUsbj066.csv","study","1000","4","66","245394","246397"
"MU.osexp","C:\Users\Public\Experiments\IDs\05-WMC\MU","Tr6_update1.png","3","233355","C:/Users/Public/Experiments/IDs/05-WMC/MU/MUsbj066.csv","update","1300","4","66","246766","248068"
"MU.osexp","C:\Users\Public\Experiments\IDs\05-WMC\MU","Tr6_update2.png","3","233355","C:/Users/Public/Experiments/IDs/05-WMC/MU/MUsbj066.csv","update","1300","4","66","248400","249702"
"MU.osexp","C:\Users\Public\Experiments\IDs\05-WMC\MU","Tr6_update3.png","3","233355","C:/Users/Public/Experiments/IDs/05-WMC/MU/MUsbj066.csv","update","1300","4","66","250083","251385"
"MU.osexp","C:\Users\Public\Experiments\IDs\05-WMC\MU","Tr6_update4.png","3","233355","C:/Users/Public/Experiments/IDs/05-WMC/MU/MUsbj066.csv","update","1300","4","66","251743","253045"
"MU.osexp","C:\Users\Public\Experiments\IDs\05-WMC\MU","Tr6_update5.png","3","233355","C:/Users/Public/Experiments/IDs/05-WMC/MU/MUsbj066.csv","update","1300","4","66","253396","254698"
"MU.osexp","C:\Users\Public\Experiments\IDs\05-WMC\MU","Tr6_test1.png","2","257515","C:/Users/Public/Experiments/IDs/05-WMC/MU/MUsbj066.csv","test","0","4","66","255047","257515"
"MU.osexp","C:\Users\Public\Experiments\IDs\05-WMC\MU","Tr6_test2.png","1","260723","C:/Users/Public/Experiments/IDs/05-WMC/MU/MUsbj066.csv","test","0","4","66","258619","260724"
"MU.osexp","C:\Users\Public\Experiments\IDs\05-WMC\MU","Tr6_test3.png","6","262715","C:/Users/Public/Experiments/IDs/05-WMC/MU/MUsbj066.csv","test","0","4","66","261849","262716"
"MU.osexp","C:\Users\Public\Experiments\IDs\05-WMC\MU","Tr6_test4.png","8","264251","C:/Users/Public/Experiments/IDs/05-WMC/MU/MUsbj066.csv","test","0","4","66","263817","264252"
"MU.osexp","C:\Users\Public\Experiments\IDs\05-WMC\MU","wait.png","8","264251","C:/Users/Public/Experiments/IDs/05-WMC/MU/MUsbj066.csv","wait","5000","5","66","265366","264252"
"MU.osexp","C:\Users\Public\Experiments\IDs\05-WMC\MU","fixation.png","8","264251","C:/Users/Public/Experiments/IDs/05-WMC/MU/MUsbj066.csv","fix","1500","5","66","270494","264252"
"MU.osexp","C:\Users\Public\Experiments\IDs\05-WMC\MU","Tr7_study1.png","8","264251","C:/Users/Public/Experiments/IDs/05-WMC/MU/MUsbj066.csv","study","1000","5","66","272115","273116"
"MU.osexp","C:\Users\Public\Experiments\IDs\05-WMC\MU","Tr7_study2.png","8","264251","C:/Users/Public/Experiments/IDs/05-WMC/MU/MUsbj066.csv","study","1000","5","66","273455","274457"
"MU.osexp","C:\Users\Public\Experiments\IDs\05-WMC\MU","Tr7_study3.png","8","264251","C:/Users/Public/Experiments/IDs/05-WMC/MU/MUsbj066.csv","study","1000","5","66","274820","275821"
"MU.osexp","C:\Users\Public\Experiments\IDs\05-WMC\MU","Tr7_study4.png","8","264251","C:/Users/Public/Experiments/IDs/05-WMC/MU/MUsbj066.csv","study","1000","5","66","276189","277191"
"MU.osexp","C:\Users\Public\Experiments\IDs\05-WMC\MU","Tr7_study5.png","8","264251","C:/Users/Public/Experiments/IDs/05-WMC/MU/MUsbj066.csv","study","1000","5","66","277574","278575"
"MU.osexp","C:\Users\Public\Experiments\IDs\05-WMC\MU","Tr7_update1.png","8","264251","C:/Users/Public/Experiments/IDs/05-WMC/MU/MUsbj066.csv","update","1300","5","66","278902","280204"
"MU.osexp","C:\Users\Public\Experiments\IDs\05-WMC\MU","Tr7_update2.png","8","264251","C:/Users/Public/Experiments/IDs/05-WMC/MU/MUsbj066.csv","update","1300","5","66","280567","281869"
"MU.osexp","C:\Users\Public\Experiments\IDs\05-WMC\MU","Tr7_update3.png","8","264251","C:/Users/Public/Experiments/IDs/05-WMC/MU/MUsbj066.csv","update","1300","5","66","282248","283550"
"MU.osexp","C:\Users\Public\Experiments\IDs\05-WMC\MU","Tr7_update4.png","8","264251","C:/Users/Public/Experiments/IDs/05-WMC/MU/MUsbj066.csv","update","1300","5","66","284039","285341"
"MU.osexp","C:\Users\Public\Experiments\IDs\05-WMC\MU","Tr7_update5.png","8","264251","C:/Users/Public/Experiments/IDs/05-WMC/MU/MUsbj066.csv","update","1300","5","66","285695","286997"
"MU.osexp","C:\Users\Public\Experiments\IDs\05-WMC\MU","Tr7_test1.png","1","289779","C:/Users/Public/Experiments/IDs/05-WMC/MU/MUsbj066.csv","test","0","5","66","287363","289780"
"MU.osexp","C:\Users\Public\Experiments\IDs\05-WMC\MU","Tr7_test2.png","8","294652","C:/Users/Public/Experiments/IDs/05-WMC/MU/MUsbj066.csv","test","0","5","66","290981","294652"
"MU.osexp","C:\Users\Public\Experiments\IDs\05-WMC\MU","Tr7_test3.png","2","297987","C:/Users/Public/Experiments/IDs/05-WMC/MU/MUsbj066.csv","test","0","5","66","295775","297988"
"MU.osexp","C:\Users\Public\Experiments\IDs\05-WMC\MU","Tr7_test4.png","1","299595","C:/Users/Public/Experiments/IDs/05-WMC/MU/MUsbj066.csv","test","0","5","66","299111","299596"
"MU.osexp","C:\Users\Public\Experiments\IDs\05-WMC\MU","Tr7_test5.png","5","303643","C:/Users/Public/Experiments/IDs/05-WMC/MU/MUsbj066.csv","test","0","5","66","300717","303644"
"MU.osexp","C:\Users\Public\Experiments\IDs\05-WMC\MU","wait.png","5","303643","C:/Users/Public/Experiments/IDs/05-WMC/MU/MUsbj066.csv","wait","5000","4","66","304761","303644"
"MU.osexp","C:\Users\Public\Experiments\IDs\05-WMC\MU","fixation.png","5","303643","C:/Users/Public/Experiments/IDs/05-WMC/MU/MUsbj066.csv","fix","1500","4","66","310002","303644"
"MU.osexp","C:\Users\Public\Experiments\IDs\05-WMC\MU","Tr8_study1.png","5","303643","C:/Users/Public/Experiments/IDs/05-WMC/MU/MUsbj066.csv","study","1000","4","66","311608","312609"
"MU.osexp","C:\Users\Public\Experiments\IDs\05-WMC\MU","Tr8_study2.png","5","303643","C:/Users/Public/Experiments/IDs/05-WMC/MU/MUsbj066.csv","study","1000","4","66","312992","313994"
"MU.osexp","C:\Users\Public\Experiments\IDs\05-WMC\MU","Tr8_study3.png","5","303643","C:/Users/Public/Experiments/IDs/05-WMC/MU/MUsbj066.csv","study","1000","4","66","314361","315362"
"MU.osexp","C:\Users\Public\Experiments\IDs\05-WMC\MU","Tr8_study4.png","5","303643","C:/Users/Public/Experiments/IDs/05-WMC/MU/MUsbj066.csv","study","1000","4","66","315736","316738"
"MU.osexp","C:\Users\Public\Experiments\IDs\05-WMC\MU","Tr8_update1.png","5","303643","C:/Users/Public/Experiments/IDs/05-WMC/MU/MUsbj066.csv","update","1300","4","66","317071","318373"
"MU.osexp","C:\Users\Public\Experiments\IDs\05-WMC\MU","Tr8_update2.png","5","303643","C:/Users/Public/Experiments/IDs/05-WMC/MU/MUsbj066.csv","update","1300","4","66","318727","320029"
"MU.osexp","C:\Users\Public\Experiments\IDs\05-WMC\MU","Tr8_update3.png","5","303643","C:/Users/Public/Experiments/IDs/05-WMC/MU/MUsbj066.csv","update","1300","4","66","320404","321706"
"MU.osexp","C:\Users\Public\Experiments\IDs\05-WMC\MU","Tr8_test1.png","2","323995","C:/Users/Public/Experiments/IDs/05-WMC/MU/MUsbj066.csv","test","0","4","66","322058","323996"
"MU.osexp","C:\Users\Public\Experiments\IDs\05-WMC\MU","Tr8_test2.png","4","326315","C:/Users/Public/Experiments/IDs/05-WMC/MU/MUsbj066.csv","test","0","4","66","325109","326315"
"MU.osexp","C:\Users\Public\Experiments\IDs\05-WMC\MU","Tr8_test3.png","9","328900","C:/Users/Public/Experiments/IDs/05-WMC/MU/MUsbj066.csv","test","0","4","66","327448","328900"
"MU.osexp","C:\Users\Public\Experiments\IDs\05-WMC\MU","Tr8_test4.png","2","330691","C:/Users/Public/Experiments/IDs/05-WMC/MU/MUsbj066.csv","test","0","4","66","329990","330692"
"MU.osexp","C:\Users\Public\Experiments\IDs\05-WMC\MU","wait.png","2","330691","C:/Users/Public/Experiments/IDs/05-WMC/MU/MUsbj066.csv","wait","5000","5","66","331808","330692"
"MU.osexp","C:\Users\Public\Experiments\IDs\05-WMC\MU","fixation.png","2","330691","C:/Users/Public/Experiments/IDs/05-WMC/MU/MUsbj066.csv","fix","1500","5","66","336921","330692"
"MU.osexp","C:\Users\Public\Experiments\IDs\05-WMC\MU","Tr9_study1.png","2","330691","C:/Users/Public/Experiments/IDs/05-WMC/MU/MUsbj066.csv","study","1000","5","66","338526","339527"
"MU.osexp","C:\Users\Public\Experiments\IDs\05-WMC\MU","Tr9_study2.png","2","330691","C:/Users/Public/Experiments/IDs/05-WMC/MU/MUsbj066.csv","study","1000","5","66","339906","340908"
"MU.osexp","C:\Users\Public\Experiments\IDs\05-WMC\MU","Tr9_study3.png","2","330691","C:/Users/Public/Experiments/IDs/05-WMC/MU/MUsbj066.csv","study","1000","5","66","341298","342300"
"MU.osexp","C:\Users\Public\Experiments\IDs\05-WMC\MU","Tr9_study4.png","2","330691","C:/Users/Public/Experiments/IDs/05-WMC/MU/MUsbj066.csv","study","1000","5","66","342653","343655"
"MU.osexp","C:\Users\Public\Experiments\IDs\05-WMC\MU","Tr9_study5.png","2","330691","C:/Users/Public/Experiments/IDs/05-WMC/MU/MUsbj066.csv","study","1000","5","66","344036","345038"
"MU.osexp","C:\Users\Public\Experiments\IDs\05-WMC\MU","Tr9_update1.png","2","330691","C:/Users/Public/Experiments/IDs/05-WMC/MU/MUsbj066.csv","update","1300","5","66","345388","346690"
"MU.osexp","C:\Users\Public\Experiments\IDs\05-WMC\MU","Tr9_update2.png","2","330691","C:/Users/Public/Experiments/IDs/05-WMC/MU/MUsbj066.csv","update","1300","5","66","347078","348380"
"MU.osexp","C:\Users\Public\Experiments\IDs\05-WMC\MU","Tr9_test1.png","3","354595","C:/Users/Public/Experiments/IDs/05-WMC/MU/MUsbj066.csv","test","0","5","66","348734","354596"
"MU.osexp","C:\Users\Public\Experiments\IDs\05-WMC\MU","Tr9_test2.png","1","356651","C:/Users/Public/Experiments/IDs/05-WMC/MU/MUsbj066.csv","test","0","5","66","355716","356652"
"MU.osexp","C:\Users\Public\Experiments\IDs\05-WMC\MU","Tr9_test3.png","4","359603","C:/Users/Public/Experiments/IDs/05-WMC/MU/MUsbj066.csv","test","0","5","66","357746","359604"
"MU.osexp","C:\Users\Public\Experiments\IDs\05-WMC\MU","Tr9_test4.png","7","362435","C:/Users/Public/Experiments/IDs/05-WMC/MU/MUsbj066.csv","test","0","5","66","360723","362435"
"MU.osexp","C:\Users\Public\Experiments\IDs\05-WMC\MU","Tr9_test5.png","9","363956","C:/Users/Public/Experiments/IDs/05-WMC/MU/MUsbj066.csv","test","0","5","66","363561","363956"
"MU.osexp","C:\Users\Public\Experiments\IDs\05-WMC\MU","wait.png","9","363956","C:/Users/Public/Experiments/IDs/05-WMC/MU/MUsbj066.csv","wait","5000","3","66","365064","363956"
"MU.osexp","C:\Users\Public\Experiments\IDs\05-WMC\MU","fixation.png","9","363956","C:/Users/Public/Experiments/IDs/05-WMC/MU/MUsbj066.csv","fix","1500","3","66","370160","363956"
"MU.osexp","C:\Users\Public\Experiments\IDs\05-WMC\MU","Tr10_study1.png","9","363956","C:/Users/Public/Experiments/IDs/05-WMC/MU/MUsbj066.csv","study","1000","3","66","371768","372769"
"MU.osexp","C:\Users\Public\Experiments\IDs\05-WMC\MU","Tr10_study2.png","9","363956","C:/Users/Public/Experiments/IDs/05-WMC/MU/MUsbj066.csv","study","1000","3","66","373137","374139"
"MU.osexp","C:\Users\Public\Experiments\IDs\05-WMC\MU","Tr10_study3.png","9","363956","C:/Users/Public/Experiments/IDs/05-WMC/MU/MUsbj066.csv","study","1000","3","66","374631","375633"
"MU.osexp","C:\Users\Public\Experiments\IDs\05-WMC\MU","Tr10_update1.png","9","363956","C:/Users/Public/Experiments/IDs/05-WMC/MU/MUsbj066.csv","update","1300","3","66","375987","377289"
"MU.osexp","C:\Users\Public\Experiments\IDs\05-WMC\MU","Tr10_update2.png","9","363956","C:/Users/Public/Experiments/IDs/05-WMC/MU/MUsbj066.csv","update","1300","3","66","377644","378946"
"MU.osexp","C:\Users\Public\Experiments\IDs\05-WMC\MU","Tr10_test1.png","5","380931","C:/Users/Public/Experiments/IDs/05-WMC/MU/MUsbj066.csv","test","0","3","66","379304","380931"
"MU.osexp","C:\Users\Public\Experiments\IDs\05-WMC\MU","Tr10_test2.png","2","383020","C:/Users/Public/Experiments/IDs/05-WMC/MU/MUsbj066.csv","test","0","3","66","382065","383020"
"MU.osexp","C:\Users\Public\Experiments\IDs\05-WMC\MU","Tr10_test3.png","5","384483","C:/Users/Public/Experiments/IDs/05-WMC/MU/MUsbj066.csv","test","0","3","66","384136","384484"
"MU.osexp","C:\Users\Public\Experiments\IDs\05-WMC\MU","wait.png","5","384483","C:/Users/Public/Experiments/IDs/05-WMC/MU/MUsbj066.csv","wait","5000","5","66","385606","384484"
"MU.osexp","C:\Users\Public\Experiments\IDs\05-WMC\MU","fixation.png","5","384483","C:/Users/Public/Experiments/IDs/05-WMC/MU/MUsbj066.csv","fix","1500","5","66","390736","384484"
"MU.osexp","C:\Users\Public\Experiments\IDs\05-WMC\MU","Tr11_study1.png","5","384483","C:/Users/Public/Experiments/IDs/05-WMC/MU/MUsbj066.csv","study","1000","5","66","392384","393386"
"MU.osexp","C:\Users\Public\Experiments\IDs\05-WMC\MU","Tr11_study2.png","5","384483","C:/Users/Public/Experiments/IDs/05-WMC/MU/MUsbj066.csv","study","1000","5","66","393729","394731"
"MU.osexp","C:\Users\Public\Experiments\IDs\05-WMC\MU","Tr11_study3.png","5","384483","C:/Users/Public/Experiments/IDs/05-WMC/MU/MUsbj066.csv","study","1000","5","66","395062","396062"
"MU.osexp","C:\Users\Public\Experiments\IDs\05-WMC\MU","Tr11_study4.png","5","384483","C:/Users/Public/Experiments/IDs/05-WMC/MU/MUsbj066.csv","study","1000","5","66","396438","397440"
"MU.osexp","C:\Users\Public\Experiments\IDs\05-WMC\MU","Tr11_study5.png","5","384483","C:/Users/Public/Experiments/IDs/05-WMC/MU/MUsbj066.csv","study","1000","5","66","397824","398826"
"MU.osexp","C:\Users\Public\Experiments\IDs\05-WMC\MU","Tr11_update1.png","5","384483","C:/Users/Public/Experiments/IDs/05-WMC/MU/MUsbj066.csv","update","1300","5","66","399194","400496"
"MU.osexp","C:\Users\Public\Experiments\IDs\05-WMC\MU","Tr11_update2.png","5","384483","C:/Users/Public/Experiments/IDs/05-WMC/MU/MUsbj066.csv","update","1300","5","66","400993","402295"
"MU.osexp","C:\Users\Public\Experiments\IDs\05-WMC\MU","Tr11_update3.png","5","384483","C:/Users/Public/Experiments/IDs/05-WMC/MU/MUsbj066.csv","update","1300","5","66","402650","403952"
"MU.osexp","C:\Users\Public\Experiments\IDs\05-WMC\MU","Tr11_test1.png","1","407435","C:/Users/Public/Experiments/IDs/05-WMC/MU/MUsbj066.csv","test","0","5","66","404317","407436"
"MU.osexp","C:\Users\Public\Experiments\IDs\05-WMC\MU","Tr11_test2.png","2","411371","C:/Users/Public/Experiments/IDs/05-WMC/MU/MUsbj066.csv","test","0","5","66","408553","411372"
"MU.osexp","C:\Users\Public\Experiments\IDs\05-WMC\MU","Tr11_test3.png","5","416388","C:/Users/Public/Experiments/IDs/05-WMC/MU/MUsbj066.csv","test","0","5","66","412461","416388"
"MU.osexp","C:\Users\Public\Experiments\IDs\05-WMC\MU","Tr11_test4.png","6","418987","C:/Users/Public/Experiments/IDs/05-WMC/MU/MUsbj066.csv","test","0","5","66","417596","418988"
"MU.osexp","C:\Users\Public\Experiments\IDs\05-WMC\MU","Tr11_test5.png","3","423987","C:/Users/Public/Experiments/IDs/05-WMC/MU/MUsbj066.csv","test","0","5","66","420086","423988"
"MU.osexp","C:\Users\Public\Experiments\IDs\05-WMC\MU","wait.png","3","423987","C:/Users/Public/Experiments/IDs/05-WMC/MU/MUsbj066.csv","wait","5000","3","66","425096","423988"
"MU.osexp","C:\Users\Public\Experiments\IDs\05-WMC\MU","fixation.png","3","423987","C:/Users/Public/Experiments/IDs/05-WMC/MU/MUsbj066.csv","fix","1500","3","66","430213","423988"
"MU.osexp","C:\Users\Public\Experiments\IDs\05-WMC\MU","Tr12_study1.png","3","423987","C:/Users/Public/Experiments/IDs/05-WMC/MU/MUsbj066.csv","study","1000","3","66","431832","432833"
"MU.osexp","C:\Users\Public\Experiments\IDs\05-WMC\MU","Tr12_study2.png","3","423987","C:/Users/Public/Experiments/IDs/05-WMC/MU/MUsbj066.csv","study","1000","3","66","433191","434193"
"MU.osexp","C:\Users\Public\Experiments\IDs\05-WMC\MU","Tr12_study3.png","3","423987","C:/Users/Public/Experiments/IDs/05-WMC/MU/MUsbj066.csv","study","1000","3","66","434545","435546"
"MU.osexp","C:\Users\Public\Experiments\IDs\05-WMC\MU","Tr12_update1.png","3","423987","C:/Users/Public/Experiments/IDs/05-WMC/MU/MUsbj066.csv","update","1300","3","66","435894","437196"
"MU.osexp","C:\Users\Public\Experiments\IDs\05-WMC\MU","Tr12_update2.png","3","423987","C:/Users/Public/Experiments/IDs/05-WMC/MU/MUsbj066.csv","update","1300","3","66","437556","438858"
"MU.osexp","C:\Users\Public\Experiments\IDs\05-WMC\MU","Tr12_update3.png","3","423987","C:/Users/Public/Experiments/IDs/05-WMC/MU/MUsbj066.csv","update","1300","3","66","439220","440522"
"MU.osexp","C:\Users\Public\Experiments\IDs\05-WMC\MU","Tr12_update4.png","3","423987","C:/Users/Public/Experiments/IDs/05-WMC/MU/MUsbj066.csv","update","1300","3","66","440872","442174"
"MU.osexp","C:\Users\Public\Experiments\IDs\05-WMC\MU","Tr12_update5.png","3","423987","C:/Users/Public/Experiments/IDs/05-WMC/MU/MUsbj066.csv","update","1300","3","66","442545","443848"
"MU.osexp","C:\Users\Public\Experiments\IDs\05-WMC\MU","Tr12_test1.png","4","445939","C:/Users/Public/Experiments/IDs/05-WMC/MU/MUsbj066.csv","test","0","3","66","444216","445940"
"MU.osexp","C:\Users\Public\Experiments\IDs\05-WMC\MU","Tr12_test2.png","9","450411","C:/Users/Public/Experiments/IDs/05-WMC/MU/MUsbj066.csv","test","0","3","66","447055","450412"
"MU.osexp","C:\Users\Public\Experiments\IDs\05-WMC\MU","Tr12_test3.png","2","452196","C:/Users/Public/Experiments/IDs/05-WMC/MU/MUsbj066.csv","test","0","3","66","451521","452196"
"MU.osexp","C:\Users\Public\Experiments\IDs\05-WMC\MU","wait.png","2","452196","C:/Users/Public/Experiments/IDs/05-WMC/MU/MUsbj066.csv","wait","5000","3","66","453300","452196"
"MU.osexp","C:\Users\Public\Experiments\IDs\05-WMC\MU","fixation.png","2","452196","C:/Users/Public/Experiments/IDs/05-WMC/MU/MUsbj066.csv","fix","1500","3","66","458414","452196"
"MU.osexp","C:\Users\Public\Experiments\IDs\05-WMC\MU","Tr13_study1.png","2","452196","C:/Users/Public/Experiments/IDs/05-WMC/MU/MUsbj066.csv","study","1000","3","66","460019","461019"
"MU.osexp","C:\Users\Public\Experiments\IDs\05-WMC\MU","Tr13_study2.png","2","452196","C:/Users/Public/Experiments/IDs/05-WMC/MU/MUsbj066.csv","study","1000","3","66","461379","462381"
"MU.osexp","C:\Users\Public\Experiments\IDs\05-WMC\MU","Tr13_study3.png","2","452196","C:/Users/Public/Experiments/IDs/05-WMC/MU/MUsbj066.csv","study","1000","3","66","462761","463762"
"MU.osexp","C:\Users\Public\Experiments\IDs\05-WMC\MU","Tr13_update1.png","2","452196","C:/Users/Public/Experiments/IDs/05-WMC/MU/MUsbj066.csv","update","1300","3","66","464116","465418"
"MU.osexp","C:\Users\Public\Experiments\IDs\05-WMC\MU","Tr13_update2.png","2","452196","C:/Users/Public/Experiments/IDs/05-WMC/MU/MUsbj066.csv","update","1300","3","66","465794","467095"
"MU.osexp","C:\Users\Public\Experiments\IDs\05-WMC\MU","Tr13_update3.png","2","452196","C:/Users/Public/Experiments/IDs/05-WMC/MU/MUsbj066.csv","update","1300","3","66","467474","468775"
"MU.osexp","C:\Users\Public\Experiments\IDs\05-WMC\MU","Tr13_update4.png","2","452196","C:/Users/Public/Experiments/IDs/05-WMC/MU/MUsbj066.csv","update","1300","3","66","469170","470472"
"MU.osexp","C:\Users\Public\Experiments\IDs\05-WMC\MU","Tr13_test1.png","3","472364","C:/Users/Public/Experiments/IDs/05-WMC/MU/MUsbj066.csv","test","0","3","66","470813","472364"
"MU.osexp","C:\Users\Public\Experiments\IDs\05-WMC\MU","Tr13_test2.png","1","474827","C:/Users/Public/Experiments/IDs/05-WMC/MU/MUsbj066.csv","test","0","3","66","473454","474828"
"MU.osexp","C:\Users\Public\Experiments\IDs\05-WMC\MU","Tr13_test3.png","5","476427","C:/Users/Public/Experiments/IDs/05-WMC/MU/MUsbj066.csv","test","0","3","66","475961","476428"
"MU.osexp","C:\Users\Public\Experiments\IDs\05-WMC\MU","wait.png","5","476427","C:/Users/Public/Experiments/IDs/05-WMC/MU/MUsbj066.csv","wait","5000","5","66","477531","476428"
"MU.osexp","C:\Users\Public\Experiments\IDs\05-WMC\MU","fixation.png","5","476427","C:/Users/Public/Experiments/IDs/05-WMC/MU/MUsbj066.csv","fix","1500","5","66","482646","476428"
"MU.osexp","C:\Users\Public\Experiments\IDs\05-WMC\MU","Tr14_study1.png","5","476427","C:/Users/Public/Experiments/IDs/05-WMC/MU/MUsbj066.csv","study","1000","5","66","484250","485251"
"MU.osexp","C:\Users\Public\Experiments\IDs\05-WMC\MU","Tr14_study2.png","5","476427","C:/Users/Public/Experiments/IDs/05-WMC/MU/MUsbj066.csv","study","1000","5","66","485607","486609"
"MU.osexp","C:\Users\Public\Experiments\IDs\05-WMC\MU","Tr14_study3.png","5","476427","C:/Users/Public/Experiments/IDs/05-WMC/MU/MUsbj066.csv","study","1000","5","66","486987","487989"
"MU.osexp","C:\Users\Public\Experiments\IDs\05-WMC\MU","Tr14_study4.png","5","476427","C:/Users/Public/Experiments/IDs/05-WMC/MU/MUsbj066.csv","study","1000","5","66","488352","489354"
"MU.osexp","C:\Users\Public\Experiments\IDs\05-WMC\MU","Tr14_study5.png","5","476427","C:/Users/Public/Experiments/IDs/05-WMC/MU/MUsbj066.csv","study","1000","5","66","489727","490728"
"MU.osexp","C:\Users\Public\Experiments\IDs\05-WMC\MU","Tr14_update1.png","5","476427","C:/Users/Public/Experiments/IDs/05-WMC/MU/MUsbj066.csv","update","1300","5","66","491114","492416"
"MU.osexp","C:\Users\Public\Experiments\IDs\05-WMC\MU","Tr14_update2.png","5","476427","C:/Users/Public/Experiments/IDs/05-WMC/MU/MUsbj066.csv","update","1300","5","66","492791","494093"
"MU.osexp","C:\Users\Public\Experiments\IDs\05-WMC\MU","Tr14_update3.png","5","476427","C:/Users/Public/Experiments/IDs/05-WMC/MU/MUsbj066.csv","update","1300","5","66","494502","495803"
"MU.osexp","C:\Users\Public\Experiments\IDs\05-WMC\MU","Tr14_update4.png","5","476427","C:/Users/Public/Experiments/IDs/05-WMC/MU/MUsbj066.csv","update","1300","5","66","496146","497448"
"MU.osexp","C:\Users\Public\Experiments\IDs\05-WMC\MU","Tr14_test1.png","7","499467","C:/Users/Public/Experiments/IDs/05-WMC/MU/MUsbj066.csv","test","0","5","66","497820","499468"
"MU.osexp","C:\Users\Public\Experiments\IDs\05-WMC\MU","Tr14_test2.png","8","503035","C:/Users/Public/Experiments/IDs/05-WMC/MU/MUsbj066.csv","test","0","5","66","500569","503036"
"MU.osexp","C:\Users\Public\Experiments\IDs\05-WMC\MU","Tr14_test3.png","1","506820","C:/Users/Public/Experiments/IDs/05-WMC/MU/MUsbj066.csv","test","0","5","66","504160","506820"
"MU.osexp","C:\Users\Public\Experiments\IDs\05-WMC\MU","Tr14_test4.png","5","508851","C:/Users/Public/Experiments/IDs/05-WMC/MU/MUsbj066.csv","test","0","5","66","507909","508852"
"MU.osexp","C:\Users\Public\Experiments\IDs\05-WMC\MU","Tr14_test5.png","2","510299","C:/Users/Public/Experiments/IDs/05-WMC/MU/MUsbj066.csv","test","0","5","66","509953","510300"
"MU.osexp","C:\Users\Public\Experiments\IDs\05-WMC\MU","wait.png","2","510299","C:/Users/Public/Experiments/IDs/05-WMC/MU/MUsbj066.csv","wait","5000","4","66","511427","510300"
"MU.osexp","C:\Users\Public\Experiments\IDs\05-WMC\MU","fixation.png","2","510299","C:/Users/Public/Experiments/IDs/05-WMC/MU/MUsbj066.csv","fix","1500","4","66","516535","510300"
"MU.osexp","C:\Users\Public\Experiments\IDs\05-WMC\MU","Tr15_study1.png","2","510299","C:/Users/Public/Experiments/IDs/05-WMC/MU/MUsbj066.csv","study","1000","4","66","518153","519154"
"MU.osexp","C:\Users\Public\Experiments\IDs\05-WMC\MU","Tr15_study2.png","2","510299","C:/Users/Public/Experiments/IDs/05-WMC/MU/MUsbj066.csv","study","1000","4","66","519474","520476"
"MU.osexp","C:\Users\Public\Experiments\IDs\05-WMC\MU","Tr15_study3.png","2","510299","C:/Users/Public/Experiments/IDs/05-WMC/MU/MUsbj066.csv","study","1000","4","66","520832","521833"
"MU.osexp","C:\Users\Public\Experiments\IDs\05-WMC\MU","Tr15_study4.png","2","510299","C:/Users/Public/Experiments/IDs/05-WMC/MU/MUsbj066.csv","study","1000","4","66","522187","523189"
"MU.osexp","C:\Users\Public\Experiments\IDs\05-WMC\MU","Tr15_update1.png","2","510299","C:/Users/Public/Experiments/IDs/05-WMC/MU/MUsbj066.csv","update","1300","4","66","523547","524849"
"MU.osexp","C:\Users\Public\Experiments\IDs\05-WMC\MU","Tr15_update2.png","2","510299","C:/Users/Public/Experiments/IDs/05-WMC/MU/MUsbj066.csv","update","1300","4","66","525208","526510"
"MU.osexp","C:\Users\Public\Experiments\IDs\05-WMC\MU","Tr15_update3.png","2","510299","C:/Users/Public/Experiments/IDs/05-WMC/MU/MUsbj066.csv","update","1300","4","66","526965","528267"
"MU.osexp","C:\Users\Public\Experiments\IDs\05-WMC\MU","Tr15_update4.png","2","510299","C:/Users/Public/Experiments/IDs/05-WMC/MU/MUsbj066.csv","update","1300","4","66","528621","529923"
"MU.osexp","C:\Users\Public\Experiments\IDs\05-WMC\MU","Tr15_update5.png","2","510299","C:/Users/Public/Experiments/IDs/05-WMC/MU/MUsbj066.csv","update","1300","4","66","530301","531603"
"MU.osexp","C:\Users\Public\Experiments\IDs\05-WMC\MU","Tr15_update6.png","2","510299","C:/Users/Public/Experiments/IDs/05-WMC/MU/MUsbj066.csv","update","1300","4","66","531974","533276"
"MU.osexp","C:\Users\Public\Experiments\IDs\05-WMC\MU","Tr15_test1.png","6","539676","C:/Users/Public/Experiments/IDs/05-WMC/MU/MUsbj066.csv","test","0","4","66","533646","539677"
"MU.osexp","C:\Users\Public\Experiments\IDs\05-WMC\MU","Tr15_test2.png","3","542124","C:/Users/Public/Experiments/IDs/05-WMC/MU/MUsbj066.csv","test","0","4","66","540779","542124"
"MU.osexp","C:\Users\Public\Experiments\IDs\05-WMC\MU","Tr15_test3.png","8","544307","C:/Users/Public/Experiments/IDs/05-WMC/MU/MUsbj066.csv","test","0","4","66","543241","544308"
"MU.osexp","C:\Users\Public\Experiments\IDs\05-WMC\MU","Tr15_test4.png","7","545819","C:/Users/Public/Experiments/IDs/05-WMC/MU/MUsbj066.csv","test","0","4","66","545436","545820"
"MU.osexp","C:\Users\Public\Experiments\IDs\05-WMC\MU","wait.png","7","545819","C:/Users/Public/Experiments/IDs/05-WMC/MU/MUsbj066.csv","wait","5000","4","66","546971","545820"
"MU.osexp","C:\Users\Public\Experiments\IDs\05-WMC\MU","fixation.png","7","545819","C:/Users/Public/Experiments/IDs/05-WMC/MU/MUsbj066.csv","fix","1500","4","66","552096","545820"
"MU.osexp","C:\Users\Public\Experiments\IDs\05-WMC\MU","Tr16_study1.png","7","545819","C:/Users/Public/Experiments/IDs/05-WMC/MU/MUsbj066.csv","study","1000","4","66","553701","554702"
"MU.osexp","C:\Users\Public\Experiments\IDs\05-WMC\MU","Tr16_study2.png","7","545819","C:/Users/Public/Experiments/IDs/05-WMC/MU/MUsbj066.csv","study","1000","4","66","555038","556040"
"MU.osexp","C:\Users\Public\Experiments\IDs\05-WMC\MU","Tr16_study3.png","7","545819","C:/Users/Public/Experiments/IDs/05-WMC/MU/MUsbj066.csv","study","1000","4","66","556388","557390"
"MU.osexp","C:\Users\Public\Experiments\IDs\05-WMC\MU","Tr16_study4.png","7","545819","C:/Users/Public/Experiments/IDs/05-WMC/MU/MUsbj066.csv","study","1000","4","66","557774","558776"
"MU.osexp","C:\Users\Public\Experiments\IDs\05-WMC\MU","Tr16_update1.png","7","545819","C:/Users/Public/Experiments/IDs/05-WMC/MU/MUsbj066.csv","update","1300","4","66","559123","560425"
"MU.osexp","C:\Users\Public\Experiments\IDs\05-WMC\MU","Tr16_update2.png","7","545819","C:/Users/Public/Experiments/IDs/05-WMC/MU/MUsbj066.csv","update","1300","4","66","560775","562077"
"MU.osexp","C:\Users\Public\Experiments\IDs\05-WMC\MU","Tr16_test1.png","9","566019","C:/Users/Public/Experiments/IDs/05-WMC/MU/MUsbj066.csv","test","0","4","66","562446","566020"
"MU.osexp","C:\Users\Public\Experiments\IDs\05-WMC\MU","Tr16_test2.png","7","568155","C:/Users/Public/Experiments/IDs/05-WMC/MU/MUsbj066.csv","test","0","4","66","567125","568156"
"MU.osexp","C:\Users\Public\Experiments\IDs\05-WMC\MU","Tr16_test3.png","8","571099","C:/Users/Public/Experiments/IDs/05-WMC/MU/MUsbj066.csv","test","0","4","66","569274","571100"
"MU.osexp","C:\Users\Public\Experiments\IDs\05-WMC\MU","Tr16_test4.png","9","572875","C:/Users/Public/Experiments/IDs/05-WMC/MU/MUsbj066.csv","test","0","4","66","572210","572876"
"MU.osexp","C:\Users\Public\Experiments\IDs\05-WMC\MU","wait.png","9","572875","C:/Users/Public/Experiments/IDs/05-WMC/MU/MUsbj066.csv","wait","5000","5","66","573971","572876"
"MU.osexp","C:\Users\Public\Experiments\IDs\05-WMC\MU","fixation.png","9","572875","C:/Users/Public/Experiments/IDs/05-WMC/MU/MUsbj066.csv","fix","1500","5","66","579088","572876"
"MU.osexp","C:\Users\Public\Experiments\IDs\05-WMC\MU","Tr17_study1.png","9","572875","C:/Users/Public/Experiments/IDs/05-WMC/MU/MUsbj066.csv","study","1000","5","66","580718","581720"
"MU.osexp","C:\Users\Public\Experiments\IDs\05-WMC\MU","Tr17_study2.png","9","572875","C:/Users/Public/Experiments/IDs/05-WMC/MU/MUsbj066.csv","study","1000","5","66","582074","583076"
"MU.osexp","C:\Users\Public\Experiments\IDs\05-WMC\MU","Tr17_study3.png","9","572875","C:/Users/Public/Experiments/IDs/05-WMC/MU/MUsbj066.csv","study","1000","5","66","583452","584454"
"MU.osexp","C:\Users\Public\Experiments\IDs\05-WMC\MU","Tr17_study4.png","9","572875","C:/Users/Public/Experiments/IDs/05-WMC/MU/MUsbj066.csv","study","1000","5","66","584785","585787"
"MU.osexp","C:\Users\Public\Experiments\IDs\05-WMC\MU","Tr17_study5.png","9","572875","C:/Users/Public/Experiments/IDs/05-WMC/MU/MUsbj066.csv","study","1000","5","66","586153","587154"
"MU.osexp","C:\Users\Public\Experiments\IDs\05-WMC\MU","Tr17_update1.png","9","572875","C:/Users/Public/Experiments/IDs/05-WMC/MU/MUsbj066.csv","update","1300","5","66","587540","588842"
"MU.osexp","C:\Users\Public\Experiments\IDs\05-WMC\MU","Tr17_update2.png","9","572875","C:/Users/Public/Experiments/IDs/05-WMC/MU/MUsbj066.csv","update","1300","5","66","589214","590515"
"MU.osexp","C:\Users\Public\Experiments\IDs\05-WMC\MU","Tr17_update3.png","9","572875","C:/Users/Public/Experiments/IDs/05-WMC/MU/MUsbj066.csv","update","1300","5","66","590856","592158"
"MU.osexp","C:\Users\Public\Experiments\IDs\05-WMC\MU","Tr17_update4.png","9","572875","C:/Users/Public/Experiments/IDs/05-WMC/MU/MUsbj066.csv","update","1300","5","66","592534","593836"
"MU.osexp","C:\Users\Public\Experiments\IDs\05-WMC\MU","Tr17_update5.png","9","572875","C:/Users/Public/Experiments/IDs/05-WMC/MU/MUsbj066.csv","update","1300","5","66","594181","595483"
"MU.osexp","C:\Users\Public\Experiments\IDs\05-WMC\MU","Tr17_update6.png","9","572875","C:/Users/Public/Experiments/IDs/05-WMC/MU/MUsbj066.csv","update","1300","5","66","595828","597130"
"MU.osexp","C:\Users\Public\Experiments\IDs\05-WMC\MU","Tr17_test1.png","2","601491","C:/Users/Public/Experiments/IDs/05-WMC/MU/MUsbj066.csv","test","0","5","66","597476","601492"
"MU.osexp","C:\Users\Public\Experiments\IDs\05-WMC\MU","Tr17_test2.png","1","603859","C:/Users/Public/Experiments/IDs/05-WMC/MU/MUsbj066.csv","test","0","5","66","602605","603860"
"MU.osexp","C:\Users\Public\Experiments\IDs\05-WMC\MU","Tr17_test3.png","4","609212","C:/Users/Public/Experiments/IDs/05-WMC/MU/MUsbj066.csv","test","0","5","66","604962","609213"
"MU.osexp","C:\Users\Public\Experiments\IDs\05-WMC\MU","Tr17_test4.png","4","612100","C:/Users/Public/Experiments/IDs/05-WMC/MU/MUsbj066.csv","test","0","5","66","610341","612100"
"MU.osexp","C:\Users\Public\Experiments\IDs\05-WMC\MU","Tr17_test5.png","9","613588","C:/Users/Public/Experiments/IDs/05-WMC/MU/MUsbj066.csv","test","0","5","66","613211","613588"
