"experiment_file","experiment_path","image","key","key_time","logfile","phase","playtime","setSize","subject_nr","timestamp","waittime"
"MU.osexp","C:\Users\Public\Experiments\IDs\05-WMC\MU","ready1.png","NA","NA","C:/Users/Public/Experiments/IDs/05-WMC/MU/MUsbj080.csv","pre","0","3","80","8426","NA"
"MU.osexp","C:\Users\Public\Experiments\IDs\05-WMC\MU","fixation.png","NA","NA","C:/Users/Public/Experiments/IDs/05-WMC/MU/MUsbj080.csv","fix","1500","3","80","9714","NA"
"MU.osexp","C:\Users\Public\Experiments\IDs\05-WMC\MU","Tr1_study1.png","NA","NA","C:/Users/Public/Experiments/IDs/05-WMC/MU/MUsbj080.csv","study","1000","3","80","11283","12283"
"MU.osexp","C:\Users\Public\Experiments\IDs\05-WMC\MU","Tr1_study2.png","NA","NA","C:/Users/Public/Experiments/IDs/05-WMC/MU/MUsbj080.csv","study","1000","3","80","12609","13609"
"MU.osexp","C:\Users\Public\Experiments\IDs\05-WMC\MU","Tr1_study3.png","NA","NA","C:/Users/Public/Experiments/IDs/05-WMC/MU/MUsbj080.csv","study","1000","3","80","13934","14934"
"MU.osexp","C:\Users\Public\Experiments\IDs\05-WMC\MU","Tr1_update1.png","NA","NA","C:/Users/Public/Experiments/IDs/05-WMC/MU/MUsbj080.csv","update","1300","3","80","15317","16617"
"MU.osexp","C:\Users\Public\Experiments\IDs\05-WMC\MU","Tr1_update2.png","NA","NA","C:/Users/Public/Experiments/IDs/05-WMC/MU/MUsbj080.csv","update","1300","3","80","16931","18231"
"MU.osexp","C:\Users\Public\Experiments\IDs\05-WMC\MU","Tr1_update3.png","NA","NA","C:/Users/Public/Experiments/IDs/05-WMC/MU/MUsbj080.csv","update","1300","3","80","18651","19951"
"MU.osexp","C:\Users\Public\Experiments\IDs\05-WMC\MU","Tr1_test1.png","9","24767","C:/Users/Public/Experiments/IDs/05-WMC/MU/MUsbj080.csv","test","0","3","80","20323","24768"
"MU.osexp","C:\Users\Public\Experiments\IDs\05-WMC\MU","Tr1_test2.png","9","29351","C:/Users/Public/Experiments/IDs/05-WMC/MU/MUsbj080.csv","test","0","3","80","25849","29352"
"MU.osexp","C:\Users\Public\Experiments\IDs\05-WMC\MU","Tr1_test3.png","2","31511","C:/Users/Public/Experiments/IDs/05-WMC/MU/MUsbj080.csv","test","0","3","80","30432","31512"
"MU.osexp","C:\Users\Public\Experiments\IDs\05-WMC\MU","wait.png","2","31511","C:/Users/Public/Experiments/IDs/05-WMC/MU/MUsbj080.csv","wait","5000","3","80","32585","31512"
"MU.osexp","C:\Users\Public\Experiments\IDs\05-WMC\MU","fixation.png","2","31511","C:/Users/Public/Experiments/IDs/05-WMC/MU/MUsbj080.csv","fix","1500","3","80","37661","31512"
"MU.osexp","C:\Users\Public\Experiments\IDs\05-WMC\MU","Tr2_study1.png","2","31511","C:/Users/Public/Experiments/IDs/05-WMC/MU/MUsbj080.csv","study","1000","3","80","39244","40244"
"MU.osexp","C:\Users\Public\Experiments\IDs\05-WMC\MU","Tr2_study2.png","2","31511","C:/Users/Public/Experiments/IDs/05-WMC/MU/MUsbj080.csv","study","1000","3","80","40570","41570"
"MU.osexp","C:\Users\Public\Experiments\IDs\05-WMC\MU","Tr2_study3.png","2","31511","C:/Users/Public/Experiments/IDs/05-WMC/MU/MUsbj080.csv","study","1000","3","80","41903","42903"
"MU.osexp","C:\Users\Public\Experiments\IDs\05-WMC\MU","Tr2_update1.png","2","31511","C:/Users/Public/Experiments/IDs/05-WMC/MU/MUsbj080.csv","update","1300","3","80","43228","44528"
"MU.osexp","C:\Users\Public\Experiments\IDs\05-WMC\MU","Tr2_update2.png","2","31511","C:/Users/Public/Experiments/IDs/05-WMC/MU/MUsbj080.csv","update","1300","3","80","44845","46145"
"MU.osexp","C:\Users\Public\Experiments\IDs\05-WMC\MU","Tr2_update3.png","2","31511","C:/Users/Public/Experiments/IDs/05-WMC/MU/MUsbj080.csv","update","1300","3","80","46478","47778"
"MU.osexp","C:\Users\Public\Experiments\IDs\05-WMC\MU","Tr2_test1.png","4","53599","C:/Users/Public/Experiments/IDs/05-WMC/MU/MUsbj080.csv","test","0","3","80","48138","53600"
"MU.osexp","C:\Users\Public\Experiments\IDs\05-WMC\MU","Tr2_test2.png","5","55783","C:/Users/Public/Experiments/IDs/05-WMC/MU/MUsbj080.csv","test","0","3","80","54680","55784"
"MU.osexp","C:\Users\Public\Experiments\IDs\05-WMC\MU","Tr2_test3.png","1","57223","C:/Users/Public/Experiments/IDs/05-WMC/MU/MUsbj080.csv","test","0","3","80","56863","57224"
"MU.osexp","C:\Users\Public\Experiments\IDs\05-WMC\MU","ready2.png","1","57223","C:/Users/Public/Experiments/IDs/05-WMC/MU/MUsbj080.csv","pre","0","3","80","60473","57224"
"MU.osexp","C:\Users\Public\Experiments\IDs\05-WMC\MU","fixation.png","1","57223","C:/Users/Public/Experiments/IDs/05-WMC/MU/MUsbj080.csv","fix","1500","3","80","62275","57224"
"MU.osexp","C:\Users\Public\Experiments\IDs\05-WMC\MU","Tr3_study1.png","1","57223","C:/Users/Public/Experiments/IDs/05-WMC/MU/MUsbj080.csv","study","1000","3","80","63842","64842"
"MU.osexp","C:\Users\Public\Experiments\IDs\05-WMC\MU","Tr3_study2.png","1","57223","C:/Users/Public/Experiments/IDs/05-WMC/MU/MUsbj080.csv","study","1000","3","80","65158","66158"
"MU.osexp","C:\Users\Public\Experiments\IDs\05-WMC\MU","Tr3_study3.png","1","57223","C:/Users/Public/Experiments/IDs/05-WMC/MU/MUsbj080.csv","study","1000","3","80","66486","67486"
"MU.osexp","C:\Users\Public\Experiments\IDs\05-WMC\MU","Tr3_update1.png","1","57223","C:/Users/Public/Experiments/IDs/05-WMC/MU/MUsbj080.csv","update","1300","3","80","67804","69104"
"MU.osexp","C:\Users\Public\Experiments\IDs\05-WMC\MU","Tr3_update2.png","1","57223","C:/Users/Public/Experiments/IDs/05-WMC/MU/MUsbj080.csv","update","1300","3","80","69426","70726"
"MU.osexp","C:\Users\Public\Experiments\IDs\05-WMC\MU","Tr3_update3.png","1","57223","C:/Users/Public/Experiments/IDs/05-WMC/MU/MUsbj080.csv","update","1300","3","80","71054","72354"
"MU.osexp","C:\Users\Public\Experiments\IDs\05-WMC\MU","Tr3_test1.png","9","78423","C:/Users/Public/Experiments/IDs/05-WMC/MU/MUsbj080.csv","test","0","3","80","72685","78424"
"MU.osexp","C:\Users\Public\Experiments\IDs\05-WMC\MU","Tr3_test2.png","6","81543","C:/Users/Public/Experiments/IDs/05-WMC/MU/MUsbj080.csv","test","0","3","80","79496","81544"
"MU.osexp","C:\Users\Public\Experiments\IDs\05-WMC\MU","Tr3_test3.png","9","90999","C:/Users/Public/Experiments/IDs/05-WMC/MU/MUsbj080.csv","test","0","3","80","82749","91000"
"MU.osexp","C:\Users\Public\Experiments\IDs\05-WMC\MU","wait.png","9","90999","C:/Users/Public/Experiments/IDs/05-WMC/MU/MUsbj080.csv","wait","5000","4","80","92080","91000"
"MU.osexp","C:\Users\Public\Experiments\IDs\05-WMC\MU","fixation.png","9","90999","C:/Users/Public/Experiments/IDs/05-WMC/MU/MUsbj080.csv","fix","1500","4","80","97155","91000"
"MU.osexp","C:\Users\Public\Experiments\IDs\05-WMC\MU","Tr4_study1.png","9","90999","C:/Users/Public/Experiments/IDs/05-WMC/MU/MUsbj080.csv","study","1000","4","80","98731","99731"
"MU.osexp","C:\Users\Public\Experiments\IDs\05-WMC\MU","Tr4_study2.png","9","90999","C:/Users/Public/Experiments/IDs/05-WMC/MU/MUsbj080.csv","study","1000","4","80","100054","101054"
"MU.osexp","C:\Users\Public\Experiments\IDs\05-WMC\MU","Tr4_study3.png","9","90999","C:/Users/Public/Experiments/IDs/05-WMC/MU/MUsbj080.csv","study","1000","4","80","101382","102382"
"MU.osexp","C:\Users\Public\Experiments\IDs\05-WMC\MU","Tr4_study4.png","9","90999","C:/Users/Public/Experiments/IDs/05-WMC/MU/MUsbj080.csv","study","1000","4","80","102712","103712"
"MU.osexp","C:\Users\Public\Experiments\IDs\05-WMC\MU","Tr4_update1.png","9","90999","C:/Users/Public/Experiments/IDs/05-WMC/MU/MUsbj080.csv","update","1300","4","80","104041","105341"
"MU.osexp","C:\Users\Public\Experiments\IDs\05-WMC\MU","Tr4_update2.png","9","90999","C:/Users/Public/Experiments/IDs/05-WMC/MU/MUsbj080.csv","update","1300","4","80","105670","106970"
"MU.osexp","C:\Users\Public\Experiments\IDs\05-WMC\MU","Tr4_update3.png","9","90999","C:/Users/Public/Experiments/IDs/05-WMC/MU/MUsbj080.csv","update","1300","4","80","107299","108599"
"MU.osexp","C:\Users\Public\Experiments\IDs\05-WMC\MU","Tr4_update4.png","9","90999","C:/Users/Public/Experiments/IDs/05-WMC/MU/MUsbj080.csv","update","1300","4","80","108932","110232"
"MU.osexp","C:\Users\Public\Experiments\IDs\05-WMC\MU","Tr4_test1.png","5","117623","C:/Users/Public/Experiments/IDs/05-WMC/MU/MUsbj080.csv","test","0","4","80","110688","117624"
"MU.osexp","C:\Users\Public\Experiments\IDs\05-WMC\MU","Tr4_test2.png","1","121743","C:/Users/Public/Experiments/IDs/05-WMC/MU/MUsbj080.csv","test","0","4","80","118706","121743"
"MU.osexp","C:\Users\Public\Experiments\IDs\05-WMC\MU","Tr4_test3.png","1","125111","C:/Users/Public/Experiments/IDs/05-WMC/MU/MUsbj080.csv","test","0","4","80","122825","125112"
"MU.osexp","C:\Users\Public\Experiments\IDs\05-WMC\MU","Tr4_test4.png","8","127463","C:/Users/Public/Experiments/IDs/05-WMC/MU/MUsbj080.csv","test","0","4","80","126194","127464"
"MU.osexp","C:\Users\Public\Experiments\IDs\05-WMC\MU","wait.png","8","127463","C:/Users/Public/Experiments/IDs/05-WMC/MU/MUsbj080.csv","wait","5000","3","80","128541","127464"
"MU.osexp","C:\Users\Public\Experiments\IDs\05-WMC\MU","fixation.png","8","127463","C:/Users/Public/Experiments/IDs/05-WMC/MU/MUsbj080.csv","fix","1500","3","80","133616","127464"
"MU.osexp","C:\Users\Public\Experiments\IDs\05-WMC\MU","Tr5_study1.png","8","127463","C:/Users/Public/Experiments/IDs/05-WMC/MU/MUsbj080.csv","study","1000","3","80","135181","136181"
"MU.osexp","C:\Users\Public\Experiments\IDs\05-WMC\MU","Tr5_study2.png","8","127463","C:/Users/Public/Experiments/IDs/05-WMC/MU/MUsbj080.csv","study","1000","3","80","136509","137509"
"MU.osexp","C:\Users\Public\Experiments\IDs\05-WMC\MU","Tr5_study3.png","8","127463","C:/Users/Public/Experiments/IDs/05-WMC/MU/MUsbj080.csv","study","1000","3","80","137835","138835"
"MU.osexp","C:\Users\Public\Experiments\IDs\05-WMC\MU","Tr5_update1.png","8","127463","C:/Users/Public/Experiments/IDs/05-WMC/MU/MUsbj080.csv","update","1300","3","80","139165","140465"
"MU.osexp","C:\Users\Public\Experiments\IDs\05-WMC\MU","Tr5_update2.png","8","127463","C:/Users/Public/Experiments/IDs/05-WMC/MU/MUsbj080.csv","update","1300","3","80","140793","142093"
"MU.osexp","C:\Users\Public\Experiments\IDs\05-WMC\MU","Tr5_update3.png","8","127463","C:/Users/Public/Experiments/IDs/05-WMC/MU/MUsbj080.csv","update","1300","3","80","142418","143718"
"MU.osexp","C:\Users\Public\Experiments\IDs\05-WMC\MU","Tr5_update4.png","8","127463","C:/Users/Public/Experiments/IDs/05-WMC/MU/MUsbj080.csv","update","1300","3","80","144044","145344"
"MU.osexp","C:\Users\Public\Experiments\IDs\05-WMC\MU","Tr5_update5.png","8","127463","C:/Users/Public/Experiments/IDs/05-WMC/MU/MUsbj080.csv","update","1300","3","80","145666","146966"
"MU.osexp","C:\Users\Public\Experiments\IDs\05-WMC\MU","Tr5_update6.png","8","127463","C:/Users/Public/Experiments/IDs/05-WMC/MU/MUsbj080.csv","update","1300","3","80","147294","148594"
"MU.osexp","C:\Users\Public\Experiments\IDs\05-WMC\MU","Tr5_test1.png","2","154566","C:/Users/Public/Experiments/IDs/05-WMC/MU/MUsbj080.csv","test","0","3","80","148925","154568"
"MU.osexp","C:\Users\Public\Experiments\IDs\05-WMC\MU","Tr5_test2.png","9","157471","C:/Users/Public/Experiments/IDs/05-WMC/MU/MUsbj080.csv","test","0","3","80","155637","157472"
"MU.osexp","C:\Users\Public\Experiments\IDs\05-WMC\MU","Tr5_test3.png","4","159975","C:/Users/Public/Experiments/IDs/05-WMC/MU/MUsbj080.csv","test","0","3","80","158550","159977"
"MU.osexp","C:\Users\Public\Experiments\IDs\05-WMC\MU","wait.png","4","159975","C:/Users/Public/Experiments/IDs/05-WMC/MU/MUsbj080.csv","wait","5000","4","80","161189","159977"
"MU.osexp","C:\Users\Public\Experiments\IDs\05-WMC\MU","fixation.png","4","159975","C:/Users/Public/Experiments/IDs/05-WMC/MU/MUsbj080.csv","fix","1500","4","80","166267","159977"
"MU.osexp","C:\Users\Public\Experiments\IDs\05-WMC\MU","Tr6_study1.png","4","159975","C:/Users/Public/Experiments/IDs/05-WMC/MU/MUsbj080.csv","study","1000","4","80","167846","168846"
"MU.osexp","C:\Users\Public\Experiments\IDs\05-WMC\MU","Tr6_study2.png","4","159975","C:/Users/Public/Experiments/IDs/05-WMC/MU/MUsbj080.csv","study","1000","4","80","169179","170179"
"MU.osexp","C:\Users\Public\Experiments\IDs\05-WMC\MU","Tr6_study3.png","4","159975","C:/Users/Public/Experiments/IDs/05-WMC/MU/MUsbj080.csv","study","1000","4","80","170502","171502"
"MU.osexp","C:\Users\Public\Experiments\IDs\05-WMC\MU","Tr6_study4.png","4","159975","C:/Users/Public/Experiments/IDs/05-WMC/MU/MUsbj080.csv","study","1000","4","80","171830","172830"
"MU.osexp","C:\Users\Public\Experiments\IDs\05-WMC\MU","Tr6_update1.png","4","159975","C:/Users/Public/Experiments/IDs/05-WMC/MU/MUsbj080.csv","update","1300","4","80","173160","174460"
"MU.osexp","C:\Users\Public\Experiments\IDs\05-WMC\MU","Tr6_update2.png","4","159975","C:/Users/Public/Experiments/IDs/05-WMC/MU/MUsbj080.csv","update","1300","4","80","174789","176089"
"MU.osexp","C:\Users\Public\Experiments\IDs\05-WMC\MU","Tr6_update3.png","4","159975","C:/Users/Public/Experiments/IDs/05-WMC/MU/MUsbj080.csv","update","1300","4","80","176419","177719"
"MU.osexp","C:\Users\Public\Experiments\IDs\05-WMC\MU","Tr6_update4.png","4","159975","C:/Users/Public/Experiments/IDs/05-WMC/MU/MUsbj080.csv","update","1300","4","80","178039","179339"
"MU.osexp","C:\Users\Public\Experiments\IDs\05-WMC\MU","Tr6_update5.png","4","159975","C:/Users/Public/Experiments/IDs/05-WMC/MU/MUsbj080.csv","update","1300","4","80","179669","180969"
"MU.osexp","C:\Users\Public\Experiments\IDs\05-WMC\MU","Tr6_test1.png","6","191519","C:/Users/Public/Experiments/IDs/05-WMC/MU/MUsbj080.csv","test","0","4","80","181297","191520"
"MU.osexp","C:\Users\Public\Experiments\IDs\05-WMC\MU","Tr6_test2.png","3","197167","C:/Users/Public/Experiments/IDs/05-WMC/MU/MUsbj080.csv","test","0","4","80","192590","197168"
"MU.osexp","C:\Users\Public\Experiments\IDs\05-WMC\MU","Tr6_test3.png","7","200279","C:/Users/Public/Experiments/IDs/05-WMC/MU/MUsbj080.csv","test","0","4","80","198308","200280"
"MU.osexp","C:\Users\Public\Experiments\IDs\05-WMC\MU","Tr6_test4.png","6","202831","C:/Users/Public/Experiments/IDs/05-WMC/MU/MUsbj080.csv","test","0","4","80","201357","202832"
"MU.osexp","C:\Users\Public\Experiments\IDs\05-WMC\MU","wait.png","6","202831","C:/Users/Public/Experiments/IDs/05-WMC/MU/MUsbj080.csv","wait","5000","5","80","203913","202832"
"MU.osexp","C:\Users\Public\Experiments\IDs\05-WMC\MU","fixation.png","6","202831","C:/Users/Public/Experiments/IDs/05-WMC/MU/MUsbj080.csv","fix","1500","5","80","208990","202832"
"MU.osexp","C:\Users\Public\Experiments\IDs\05-WMC\MU","Tr7_study1.png","6","202831","C:/Users/Public/Experiments/IDs/05-WMC/MU/MUsbj080.csv","study","1000","5","80","210555","211555"
"MU.osexp","C:\Users\Public\Experiments\IDs\05-WMC\MU","Tr7_study2.png","6","202831","C:/Users/Public/Experiments/IDs/05-WMC/MU/MUsbj080.csv","study","1000","5","80","211884","212884"
"MU.osexp","C:\Users\Public\Experiments\IDs\05-WMC\MU","Tr7_study3.png","6","202831","C:/Users/Public/Experiments/IDs/05-WMC/MU/MUsbj080.csv","study","1000","5","80","213213","214213"
"MU.osexp","C:\Users\Public\Experiments\IDs\05-WMC\MU","Tr7_study4.png","6","202831","C:/Users/Public/Experiments/IDs/05-WMC/MU/MUsbj080.csv","study","1000","5","80","214533","215533"
"MU.osexp","C:\Users\Public\Experiments\IDs\05-WMC\MU","Tr7_study5.png","6","202831","C:/Users/Public/Experiments/IDs/05-WMC/MU/MUsbj080.csv","study","1000","5","80","215847","216847"
"MU.osexp","C:\Users\Public\Experiments\IDs\05-WMC\MU","Tr7_update1.png","6","202831","C:/Users/Public/Experiments/IDs/05-WMC/MU/MUsbj080.csv","update","1300","5","80","217176","218476"
"MU.osexp","C:\Users\Public\Experiments\IDs\05-WMC\MU","Tr7_update2.png","6","202831","C:/Users/Public/Experiments/IDs/05-WMC/MU/MUsbj080.csv","update","1300","5","80","218806","220106"
"MU.osexp","C:\Users\Public\Experiments\IDs\05-WMC\MU","Tr7_update3.png","6","202831","C:/Users/Public/Experiments/IDs/05-WMC/MU/MUsbj080.csv","update","1300","5","80","220434","221734"
"MU.osexp","C:\Users\Public\Experiments\IDs\05-WMC\MU","Tr7_update4.png","6","202831","C:/Users/Public/Experiments/IDs/05-WMC/MU/MUsbj080.csv","update","1300","5","80","222064","223364"
"MU.osexp","C:\Users\Public\Experiments\IDs\05-WMC\MU","Tr7_update5.png","6","202831","C:/Users/Public/Experiments/IDs/05-WMC/MU/MUsbj080.csv","update","1300","5","80","223693","224993"
"MU.osexp","C:\Users\Public\Experiments\IDs\05-WMC\MU","Tr7_test1.png","1","227039","C:/Users/Public/Experiments/IDs/05-WMC/MU/MUsbj080.csv","test","0","5","80","225323","227040"
"MU.osexp","C:\Users\Public\Experiments\IDs\05-WMC\MU","Tr7_test2.png","7","229911","C:/Users/Public/Experiments/IDs/05-WMC/MU/MUsbj080.csv","test","0","5","80","228118","229912"
"MU.osexp","C:\Users\Public\Experiments\IDs\05-WMC\MU","Tr7_test3.png","1","232159","C:/Users/Public/Experiments/IDs/05-WMC/MU/MUsbj080.csv","test","0","5","80","231049","232160"
"MU.osexp","C:\Users\Public\Experiments\IDs\05-WMC\MU","Tr7_test4.png","3","234839","C:/Users/Public/Experiments/IDs/05-WMC/MU/MUsbj080.csv","test","0","5","80","233235","234840"
"MU.osexp","C:\Users\Public\Experiments\IDs\05-WMC\MU","Tr7_test5.png","1","236199","C:/Users/Public/Experiments/IDs/05-WMC/MU/MUsbj080.csv","test","0","5","80","235908","236200"
"MU.osexp","C:\Users\Public\Experiments\IDs\05-WMC\MU","wait.png","1","236199","C:/Users/Public/Experiments/IDs/05-WMC/MU/MUsbj080.csv","wait","5000","4","80","237284","236200"
"MU.osexp","C:\Users\Public\Experiments\IDs\05-WMC\MU","fixation.png","1","236199","C:/Users/Public/Experiments/IDs/05-WMC/MU/MUsbj080.csv","fix","1500","4","80","242360","236200"
"MU.osexp","C:\Users\Public\Experiments\IDs\05-WMC\MU","Tr8_study1.png","1","236199","C:/Users/Public/Experiments/IDs/05-WMC/MU/MUsbj080.csv","study","1000","4","80","243936","244936"
"MU.osexp","C:\Users\Public\Experiments\IDs\05-WMC\MU","Tr8_study2.png","1","236199","C:/Users/Public/Experiments/IDs/05-WMC/MU/MUsbj080.csv","study","1000","4","80","245267","246267"
"MU.osexp","C:\Users\Public\Experiments\IDs\05-WMC\MU","Tr8_study3.png","1","236199","C:/Users/Public/Experiments/IDs/05-WMC/MU/MUsbj080.csv","study","1000","4","80","246595","247595"
"MU.osexp","C:\Users\Public\Experiments\IDs\05-WMC\MU","Tr8_study4.png","1","236199","C:/Users/Public/Experiments/IDs/05-WMC/MU/MUsbj080.csv","study","1000","4","80","247925","248925"
"MU.osexp","C:\Users\Public\Experiments\IDs\05-WMC\MU","Tr8_update1.png","1","236199","C:/Users/Public/Experiments/IDs/05-WMC/MU/MUsbj080.csv","update","1300","4","80","249270","250570"
"MU.osexp","C:\Users\Public\Experiments\IDs\05-WMC\MU","Tr8_update2.png","1","236199","C:/Users/Public/Experiments/IDs/05-WMC/MU/MUsbj080.csv","update","1300","4","80","250892","252192"
"MU.osexp","C:\Users\Public\Experiments\IDs\05-WMC\MU","Tr8_update3.png","1","236199","C:/Users/Public/Experiments/IDs/05-WMC/MU/MUsbj080.csv","update","1300","4","80","252520","253820"
"MU.osexp","C:\Users\Public\Experiments\IDs\05-WMC\MU","Tr8_test1.png","2","258079","C:/Users/Public/Experiments/IDs/05-WMC/MU/MUsbj080.csv","test","0","4","80","254150","258080"
"MU.osexp","C:\Users\Public\Experiments\IDs\05-WMC\MU","Tr8_test2.png","1","260791","C:/Users/Public/Experiments/IDs/05-WMC/MU/MUsbj080.csv","test","0","4","80","259159","260792"
"MU.osexp","C:\Users\Public\Experiments\IDs\05-WMC\MU","Tr8_test3.png","9","263911","C:/Users/Public/Experiments/IDs/05-WMC/MU/MUsbj080.csv","test","0","4","80","261871","263912"
"MU.osexp","C:\Users\Public\Experiments\IDs\05-WMC\MU","Tr8_test4.png","1","271847","C:/Users/Public/Experiments/IDs/05-WMC/MU/MUsbj080.csv","test","0","4","80","264988","271848"
"MU.osexp","C:\Users\Public\Experiments\IDs\05-WMC\MU","wait.png","1","271847","C:/Users/Public/Experiments/IDs/05-WMC/MU/MUsbj080.csv","wait","5000","5","80","272960","271848"
"MU.osexp","C:\Users\Public\Experiments\IDs\05-WMC\MU","fixation.png","1","271847","C:/Users/Public/Experiments/IDs/05-WMC/MU/MUsbj080.csv","fix","1500","5","80","278039","271848"
"MU.osexp","C:\Users\Public\Experiments\IDs\05-WMC\MU","Tr9_study1.png","1","271847","C:/Users/Public/Experiments/IDs/05-WMC/MU/MUsbj080.csv","study","1000","5","80","279614","280614"
"MU.osexp","C:\Users\Public\Experiments\IDs\05-WMC\MU","Tr9_study2.png","1","271847","C:/Users/Public/Experiments/IDs/05-WMC/MU/MUsbj080.csv","study","1000","5","80","280928","281928"
"MU.osexp","C:\Users\Public\Experiments\IDs\05-WMC\MU","Tr9_study3.png","1","271847","C:/Users/Public/Experiments/IDs/05-WMC/MU/MUsbj080.csv","study","1000","5","80","282256","283256"
"MU.osexp","C:\Users\Public\Experiments\IDs\05-WMC\MU","Tr9_study4.png","1","271847","C:/Users/Public/Experiments/IDs/05-WMC/MU/MUsbj080.csv","study","1000","5","80","283581","284581"
"MU.osexp","C:\Users\Public\Experiments\IDs\05-WMC\MU","Tr9_study5.png","1","271847","C:/Users/Public/Experiments/IDs/05-WMC/MU/MUsbj080.csv","study","1000","5","80","284907","285907"
"MU.osexp","C:\Users\Public\Experiments\IDs\05-WMC\MU","Tr9_update1.png","1","271847","C:/Users/Public/Experiments/IDs/05-WMC/MU/MUsbj080.csv","update","1300","5","80","286354","287654"
"MU.osexp","C:\Users\Public\Experiments\IDs\05-WMC\MU","Tr9_update2.png","1","271847","C:/Users/Public/Experiments/IDs/05-WMC/MU/MUsbj080.csv","update","1300","5","80","287973","289273"
"MU.osexp","C:\Users\Public\Experiments\IDs\05-WMC\MU","Tr9_test1.png","4","292463","C:/Users/Public/Experiments/IDs/05-WMC/MU/MUsbj080.csv","test","0","5","80","289604","292464"
"MU.osexp","C:\Users\Public\Experiments\IDs\05-WMC\MU","Tr9_test2.png","6","297815","C:/Users/Public/Experiments/IDs/05-WMC/MU/MUsbj080.csv","test","0","5","80","293540","297816"
"MU.osexp","C:\Users\Public\Experiments\IDs\05-WMC\MU","Tr9_test3.png","5","306063","C:/Users/Public/Experiments/IDs/05-WMC/MU/MUsbj080.csv","test","0","5","80","298896","306064"
"MU.osexp","C:\Users\Public\Experiments\IDs\05-WMC\MU","Tr9_test4.png","1","309687","C:/Users/Public/Experiments/IDs/05-WMC/MU/MUsbj080.csv","test","0","5","80","307143","309688"
"MU.osexp","C:\Users\Public\Experiments\IDs\05-WMC\MU","Tr9_test5.png","8","322775","C:/Users/Public/Experiments/IDs/05-WMC/MU/MUsbj080.csv","test","0","5","80","310769","322776"
"MU.osexp","C:\Users\Public\Experiments\IDs\05-WMC\MU","wait.png","8","322775","C:/Users/Public/Experiments/IDs/05-WMC/MU/MUsbj080.csv","wait","5000","3","80","323851","322776"
"MU.osexp","C:\Users\Public\Experiments\IDs\05-WMC\MU","fixation.png","8","322775","C:/Users/Public/Experiments/IDs/05-WMC/MU/MUsbj080.csv","fix","1500","3","80","328918","322776"
"MU.osexp","C:\Users\Public\Experiments\IDs\05-WMC\MU","Tr10_study1.png","8","322775","C:/Users/Public/Experiments/IDs/05-WMC/MU/MUsbj080.csv","study","1000","3","80","330494","331494"
"MU.osexp","C:\Users\Public\Experiments\IDs\05-WMC\MU","Tr10_study2.png","8","322775","C:/Users/Public/Experiments/IDs/05-WMC/MU/MUsbj080.csv","study","1000","3","80","331810","332810"
"MU.osexp","C:\Users\Public\Experiments\IDs\05-WMC\MU","Tr10_study3.png","8","322775","C:/Users/Public/Experiments/IDs/05-WMC/MU/MUsbj080.csv","study","1000","3","80","333136","334136"
"MU.osexp","C:\Users\Public\Experiments\IDs\05-WMC\MU","Tr10_update1.png","8","322775","C:/Users/Public/Experiments/IDs/05-WMC/MU/MUsbj080.csv","update","1300","3","80","334458","335758"
"MU.osexp","C:\Users\Public\Experiments\IDs\05-WMC\MU","Tr10_update2.png","8","322775","C:/Users/Public/Experiments/IDs/05-WMC/MU/MUsbj080.csv","update","1300","3","80","336078","337378"
"MU.osexp","C:\Users\Public\Experiments\IDs\05-WMC\MU","Tr10_test1.png","5","340791","C:/Users/Public/Experiments/IDs/05-WMC/MU/MUsbj080.csv","test","0","3","80","337695","340792"
"MU.osexp","C:\Users\Public\Experiments\IDs\05-WMC\MU","Tr10_test2.png","2","344495","C:/Users/Public/Experiments/IDs/05-WMC/MU/MUsbj080.csv","test","0","3","80","341870","344496"
"MU.osexp","C:\Users\Public\Experiments\IDs\05-WMC\MU","Tr10_test3.png","2","346311","C:/Users/Public/Experiments/IDs/05-WMC/MU/MUsbj080.csv","test","0","3","80","345568","346312"
"MU.osexp","C:\Users\Public\Experiments\IDs\05-WMC\MU","wait.png","2","346311","C:/Users/Public/Experiments/IDs/05-WMC/MU/MUsbj080.csv","wait","5000","5","80","347392","346312"
"MU.osexp","C:\Users\Public\Experiments\IDs\05-WMC\MU","fixation.png","2","346311","C:/Users/Public/Experiments/IDs/05-WMC/MU/MUsbj080.csv","fix","1500","5","80","352470","346312"
"MU.osexp","C:\Users\Public\Experiments\IDs\05-WMC\MU","Tr11_study1.png","2","346311","C:/Users/Public/Experiments/IDs/05-WMC/MU/MUsbj080.csv","study","1000","5","80","354046","355046"
"MU.osexp","C:\Users\Public\Experiments\IDs\05-WMC\MU","Tr11_study2.png","2","346311","C:/Users/Public/Experiments/IDs/05-WMC/MU/MUsbj080.csv","study","1000","5","80","355371","356371"
"MU.osexp","C:\Users\Public\Experiments\IDs\05-WMC\MU","Tr11_study3.png","2","346311","C:/Users/Public/Experiments/IDs/05-WMC/MU/MUsbj080.csv","study","1000","5","80","356701","357701"
"MU.osexp","C:\Users\Public\Experiments\IDs\05-WMC\MU","Tr11_study4.png","2","346311","C:/Users/Public/Experiments/IDs/05-WMC/MU/MUsbj080.csv","study","1000","5","80","358030","359030"
"MU.osexp","C:\Users\Public\Experiments\IDs\05-WMC\MU","Tr11_study5.png","2","346311","C:/Users/Public/Experiments/IDs/05-WMC/MU/MUsbj080.csv","study","1000","5","80","359361","360361"
"MU.osexp","C:\Users\Public\Experiments\IDs\05-WMC\MU","Tr11_update1.png","2","346311","C:/Users/Public/Experiments/IDs/05-WMC/MU/MUsbj080.csv","update","1300","5","80","360689","361989"
"MU.osexp","C:\Users\Public\Experiments\IDs\05-WMC\MU","Tr11_update2.png","2","346311","C:/Users/Public/Experiments/IDs/05-WMC/MU/MUsbj080.csv","update","1300","5","80","362310","363610"
"MU.osexp","C:\Users\Public\Experiments\IDs\05-WMC\MU","Tr11_update3.png","2","346311","C:/Users/Public/Experiments/IDs/05-WMC/MU/MUsbj080.csv","update","1300","5","80","363940","365240"
"MU.osexp","C:\Users\Public\Experiments\IDs\05-WMC\MU","Tr11_test1.png","8","371615","C:/Users/Public/Experiments/IDs/05-WMC/MU/MUsbj080.csv","test","0","5","80","365561","371615"
"MU.osexp","C:\Users\Public\Experiments\IDs\05-WMC\MU","Tr11_test2.png","1","376463","C:/Users/Public/Experiments/IDs/05-WMC/MU/MUsbj080.csv","test","0","5","80","372695","376464"
"MU.osexp","C:\Users\Public\Experiments\IDs\05-WMC\MU","Tr11_test3.png","5","381167","C:/Users/Public/Experiments/IDs/05-WMC/MU/MUsbj080.csv","test","0","5","80","377550","381168"
"MU.osexp","C:\Users\Public\Experiments\IDs\05-WMC\MU","Tr11_test4.png","6","383799","C:/Users/Public/Experiments/IDs/05-WMC/MU/MUsbj080.csv","test","0","5","80","382245","383800"
"MU.osexp","C:\Users\Public\Experiments\IDs\05-WMC\MU","Tr11_test5.png","3","387295","C:/Users/Public/Experiments/IDs/05-WMC/MU/MUsbj080.csv","test","0","5","80","384891","387296"
"MU.osexp","C:\Users\Public\Experiments\IDs\05-WMC\MU","wait.png","3","387295","C:/Users/Public/Experiments/IDs/05-WMC/MU/MUsbj080.csv","wait","5000","3","80","388374","387296"
"MU.osexp","C:\Users\Public\Experiments\IDs\05-WMC\MU","fixation.png","3","387295","C:/Users/Public/Experiments/IDs/05-WMC/MU/MUsbj080.csv","fix","1500","3","80","393440","387296"
"MU.osexp","C:\Users\Public\Experiments\IDs\05-WMC\MU","Tr12_study1.png","3","387295","C:/Users/Public/Experiments/IDs/05-WMC/MU/MUsbj080.csv","study","1000","3","80","395017","396017"
"MU.osexp","C:\Users\Public\Experiments\IDs\05-WMC\MU","Tr12_study2.png","3","387295","C:/Users/Public/Experiments/IDs/05-WMC/MU/MUsbj080.csv","study","1000","3","80","396339","397339"
"MU.osexp","C:\Users\Public\Experiments\IDs\05-WMC\MU","Tr12_study3.png","3","387295","C:/Users/Public/Experiments/IDs/05-WMC/MU/MUsbj080.csv","study","1000","3","80","397667","398667"
"MU.osexp","C:\Users\Public\Experiments\IDs\05-WMC\MU","Tr12_update1.png","3","387295","C:/Users/Public/Experiments/IDs/05-WMC/MU/MUsbj080.csv","update","1300","3","80","398989","400289"
"MU.osexp","C:\Users\Public\Experiments\IDs\05-WMC\MU","Tr12_update2.png","3","387295","C:/Users/Public/Experiments/IDs/05-WMC/MU/MUsbj080.csv","update","1300","3","80","400618","401918"
"MU.osexp","C:\Users\Public\Experiments\IDs\05-WMC\MU","Tr12_update3.png","3","387295","C:/Users/Public/Experiments/IDs/05-WMC/MU/MUsbj080.csv","update","1300","3","80","402248","403548"
"MU.osexp","C:\Users\Public\Experiments\IDs\05-WMC\MU","Tr12_update4.png","3","387295","C:/Users/Public/Experiments/IDs/05-WMC/MU/MUsbj080.csv","update","1300","3","80","403867","405167"
"MU.osexp","C:\Users\Public\Experiments\IDs\05-WMC\MU","Tr12_update5.png","3","387295","C:/Users/Public/Experiments/IDs/05-WMC/MU/MUsbj080.csv","update","1300","3","80","405498","406798"
"MU.osexp","C:\Users\Public\Experiments\IDs\05-WMC\MU","Tr12_test1.png","4","409799","C:/Users/Public/Experiments/IDs/05-WMC/MU/MUsbj080.csv","test","0","3","80","407135","409799"
"MU.osexp","C:\Users\Public\Experiments\IDs\05-WMC\MU","Tr12_test2.png","8","412535","C:/Users/Public/Experiments/IDs/05-WMC/MU/MUsbj080.csv","test","0","3","80","410894","412536"
"MU.osexp","C:\Users\Public\Experiments\IDs\05-WMC\MU","Tr12_test3.png","4","413951","C:/Users/Public/Experiments/IDs/05-WMC/MU/MUsbj080.csv","test","0","3","80","413607","413952"
"MU.osexp","C:\Users\Public\Experiments\IDs\05-WMC\MU","wait.png","4","413951","C:/Users/Public/Experiments/IDs/05-WMC/MU/MUsbj080.csv","wait","5000","3","80","415036","413952"
"MU.osexp","C:\Users\Public\Experiments\IDs\05-WMC\MU","fixation.png","4","413951","C:/Users/Public/Experiments/IDs/05-WMC/MU/MUsbj080.csv","fix","1500","3","80","420111","413952"
"MU.osexp","C:\Users\Public\Experiments\IDs\05-WMC\MU","Tr13_study1.png","4","413951","C:/Users/Public/Experiments/IDs/05-WMC/MU/MUsbj080.csv","study","1000","3","80","421679","422679"
"MU.osexp","C:\Users\Public\Experiments\IDs\05-WMC\MU","Tr13_study2.png","4","413951","C:/Users/Public/Experiments/IDs/05-WMC/MU/MUsbj080.csv","study","1000","3","80","423004","424004"
"MU.osexp","C:\Users\Public\Experiments\IDs\05-WMC\MU","Tr13_study3.png","4","413951","C:/Users/Public/Experiments/IDs/05-WMC/MU/MUsbj080.csv","study","1000","3","80","424329","425329"
"MU.osexp","C:\Users\Public\Experiments\IDs\05-WMC\MU","Tr13_update1.png","4","413951","C:/Users/Public/Experiments/IDs/05-WMC/MU/MUsbj080.csv","update","1300","3","80","425655","426955"
"MU.osexp","C:\Users\Public\Experiments\IDs\05-WMC\MU","Tr13_update2.png","4","413951","C:/Users/Public/Experiments/IDs/05-WMC/MU/MUsbj080.csv","update","1300","3","80","427271","428571"
"MU.osexp","C:\Users\Public\Experiments\IDs\05-WMC\MU","Tr13_update3.png","4","413951","C:/Users/Public/Experiments/IDs/05-WMC/MU/MUsbj080.csv","update","1300","3","80","428897","430197"
"MU.osexp","C:\Users\Public\Experiments\IDs\05-WMC\MU","Tr13_update4.png","4","413951","C:/Users/Public/Experiments/IDs/05-WMC/MU/MUsbj080.csv","update","1300","3","80","430522","431823"
"MU.osexp","C:\Users\Public\Experiments\IDs\05-WMC\MU","Tr13_test1.png","4","434071","C:/Users/Public/Experiments/IDs/05-WMC/MU/MUsbj080.csv","test","0","3","80","432153","434072"
"MU.osexp","C:\Users\Public\Experiments\IDs\05-WMC\MU","Tr13_test2.png","1","436983","C:/Users/Public/Experiments/IDs/05-WMC/MU/MUsbj080.csv","test","0","3","80","435155","436984"
"MU.osexp","C:\Users\Public\Experiments\IDs\05-WMC\MU","Tr13_test3.png","5","438415","C:/Users/Public/Experiments/IDs/05-WMC/MU/MUsbj080.csv","test","0","3","80","438064","438416"
"MU.osexp","C:\Users\Public\Experiments\IDs\05-WMC\MU","wait.png","5","438415","C:/Users/Public/Experiments/IDs/05-WMC/MU/MUsbj080.csv","wait","5000","5","80","439495","438416"
"MU.osexp","C:\Users\Public\Experiments\IDs\05-WMC\MU","fixation.png","5","438415","C:/Users/Public/Experiments/IDs/05-WMC/MU/MUsbj080.csv","fix","1500","5","80","444581","438416"
"MU.osexp","C:\Users\Public\Experiments\IDs\05-WMC\MU","Tr14_study1.png","5","438415","C:/Users/Public/Experiments/IDs/05-WMC/MU/MUsbj080.csv","study","1000","5","80","446156","447156"
"MU.osexp","C:\Users\Public\Experiments\IDs\05-WMC\MU","Tr14_study2.png","5","438415","C:/Users/Public/Experiments/IDs/05-WMC/MU/MUsbj080.csv","study","1000","5","80","447490","448490"
"MU.osexp","C:\Users\Public\Experiments\IDs\05-WMC\MU","Tr14_study3.png","5","438415","C:/Users/Public/Experiments/IDs/05-WMC/MU/MUsbj080.csv","study","1000","5","80","448824","449824"
"MU.osexp","C:\Users\Public\Experiments\IDs\05-WMC\MU","Tr14_study4.png","5","438415","C:/Users/Public/Experiments/IDs/05-WMC/MU/MUsbj080.csv","study","1000","5","80","450155","451155"
"MU.osexp","C:\Users\Public\Experiments\IDs\05-WMC\MU","Tr14_study5.png","5","438415","C:/Users/Public/Experiments/IDs/05-WMC/MU/MUsbj080.csv","study","1000","5","80","451481","452481"
"MU.osexp","C:\Users\Public\Experiments\IDs\05-WMC\MU","Tr14_update1.png","5","438415","C:/Users/Public/Experiments/IDs/05-WMC/MU/MUsbj080.csv","update","1300","5","80","452807","454107"
"MU.osexp","C:\Users\Public\Experiments\IDs\05-WMC\MU","Tr14_update2.png","5","438415","C:/Users/Public/Experiments/IDs/05-WMC/MU/MUsbj080.csv","update","1300","5","80","454432","455732"
"MU.osexp","C:\Users\Public\Experiments\IDs\05-WMC\MU","Tr14_update3.png","5","438415","C:/Users/Public/Experiments/IDs/05-WMC/MU/MUsbj080.csv","update","1300","5","80","456057","457357"
"MU.osexp","C:\Users\Public\Experiments\IDs\05-WMC\MU","Tr14_update4.png","5","438415","C:/Users/Public/Experiments/IDs/05-WMC/MU/MUsbj080.csv","update","1300","5","80","457682","458982"
"MU.osexp","C:\Users\Public\Experiments\IDs\05-WMC\MU","Tr14_test1.png","3","465143","C:/Users/Public/Experiments/IDs/05-WMC/MU/MUsbj080.csv","test","0","5","80","459308","465144"
"MU.osexp","C:\Users\Public\Experiments\IDs\05-WMC\MU","Tr14_test2.png","7","467815","C:/Users/Public/Experiments/IDs/05-WMC/MU/MUsbj080.csv","test","0","5","80","466224","467816"
"MU.osexp","C:\Users\Public\Experiments\IDs\05-WMC\MU","Tr14_test3.png","4","473999","C:/Users/Public/Experiments/IDs/05-WMC/MU/MUsbj080.csv","test","0","5","80","468891","474000"
"MU.osexp","C:\Users\Public\Experiments\IDs\05-WMC\MU","Tr14_test4.png","5","476511","C:/Users/Public/Experiments/IDs/05-WMC/MU/MUsbj080.csv","test","0","5","80","475067","476512"
"MU.osexp","C:\Users\Public\Experiments\IDs\05-WMC\MU","Tr14_test5.png","8","477967","C:/Users/Public/Experiments/IDs/05-WMC/MU/MUsbj080.csv","test","0","5","80","477583","477968"
"MU.osexp","C:\Users\Public\Experiments\IDs\05-WMC\MU","wait.png","8","477967","C:/Users/Public/Experiments/IDs/05-WMC/MU/MUsbj080.csv","wait","5000","4","80","479040","477968"
"MU.osexp","C:\Users\Public\Experiments\IDs\05-WMC\MU","fixation.png","8","477967","C:/Users/Public/Experiments/IDs/05-WMC/MU/MUsbj080.csv","fix","1500","4","80","484117","477968"
"MU.osexp","C:\Users\Public\Experiments\IDs\05-WMC\MU","Tr15_study1.png","8","477967","C:/Users/Public/Experiments/IDs/05-WMC/MU/MUsbj080.csv","study","1000","4","80","485693","486693"
"MU.osexp","C:\Users\Public\Experiments\IDs\05-WMC\MU","Tr15_study2.png","8","477967","C:/Users/Public/Experiments/IDs/05-WMC/MU/MUsbj080.csv","study","1000","4","80","487010","488010"
"MU.osexp","C:\Users\Public\Experiments\IDs\05-WMC\MU","Tr15_study3.png","8","477967","C:/Users/Public/Experiments/IDs/05-WMC/MU/MUsbj080.csv","study","1000","4","80","488326","489327"
"MU.osexp","C:\Users\Public\Experiments\IDs\05-WMC\MU","Tr15_study4.png","8","477967","C:/Users/Public/Experiments/IDs/05-WMC/MU/MUsbj080.csv","study","1000","4","80","489652","490652"
"MU.osexp","C:\Users\Public\Experiments\IDs\05-WMC\MU","Tr15_update1.png","8","477967","C:/Users/Public/Experiments/IDs/05-WMC/MU/MUsbj080.csv","update","1300","4","80","490977","492277"
"MU.osexp","C:\Users\Public\Experiments\IDs\05-WMC\MU","Tr15_update2.png","8","477967","C:/Users/Public/Experiments/IDs/05-WMC/MU/MUsbj080.csv","update","1300","4","80","492594","493894"
"MU.osexp","C:\Users\Public\Experiments\IDs\05-WMC\MU","Tr15_update3.png","8","477967","C:/Users/Public/Experiments/IDs/05-WMC/MU/MUsbj080.csv","update","1300","4","80","494225","495525"
"MU.osexp","C:\Users\Public\Experiments\IDs\05-WMC\MU","Tr15_update4.png","8","477967","C:/Users/Public/Experiments/IDs/05-WMC/MU/MUsbj080.csv","update","1300","4","80","495853","497153"
"MU.osexp","C:\Users\Public\Experiments\IDs\05-WMC\MU","Tr15_update5.png","8","477967","C:/Users/Public/Experiments/IDs/05-WMC/MU/MUsbj080.csv","update","1300","4","80","497484","498784"
"MU.osexp","C:\Users\Public\Experiments\IDs\05-WMC\MU","Tr15_update6.png","8","477967","C:/Users/Public/Experiments/IDs/05-WMC/MU/MUsbj080.csv","update","1300","4","80","499094","500394"
"MU.osexp","C:\Users\Public\Experiments\IDs\05-WMC\MU","Tr15_test1.png","5","503335","C:/Users/Public/Experiments/IDs/05-WMC/MU/MUsbj080.csv","test","0","4","80","500711","503336"
"MU.osexp","C:\Users\Public\Experiments\IDs\05-WMC\MU","Tr15_test2.png","5","508335","C:/Users/Public/Experiments/IDs/05-WMC/MU/MUsbj080.csv","test","0","4","80","504412","508336"
"MU.osexp","C:\Users\Public\Experiments\IDs\05-WMC\MU","Tr15_test3.png","5","509855","C:/Users/Public/Experiments/IDs/05-WMC/MU/MUsbj080.csv","test","0","4","80","509421","509856"
"MU.osexp","C:\Users\Public\Experiments\IDs\05-WMC\MU","Tr15_test4.png","5","511247","C:/Users/Public/Experiments/IDs/05-WMC/MU/MUsbj080.csv","test","0","4","80","510936","511248"
"MU.osexp","C:\Users\Public\Experiments\IDs\05-WMC\MU","wait.png","5","511247","C:/Users/Public/Experiments/IDs/05-WMC/MU/MUsbj080.csv","wait","5000","4","80","512311","511248"
"MU.osexp","C:\Users\Public\Experiments\IDs\05-WMC\MU","fixation.png","5","511247","C:/Users/Public/Experiments/IDs/05-WMC/MU/MUsbj080.csv","fix","1500","4","80","517386","511248"
"MU.osexp","C:\Users\Public\Experiments\IDs\05-WMC\MU","Tr16_study1.png","5","511247","C:/Users/Public/Experiments/IDs/05-WMC/MU/MUsbj080.csv","study","1000","4","80","518971","519971"
"MU.osexp","C:\Users\Public\Experiments\IDs\05-WMC\MU","Tr16_study2.png","5","511247","C:/Users/Public/Experiments/IDs/05-WMC/MU/MUsbj080.csv","study","1000","4","80","520304","521304"
"MU.osexp","C:\Users\Public\Experiments\IDs\05-WMC\MU","Tr16_study3.png","5","511247","C:/Users/Public/Experiments/IDs/05-WMC/MU/MUsbj080.csv","study","1000","4","80","521631","522631"
"MU.osexp","C:\Users\Public\Experiments\IDs\05-WMC\MU","Tr16_study4.png","5","511247","C:/Users/Public/Experiments/IDs/05-WMC/MU/MUsbj080.csv","study","1000","4","80","522961","523961"
"MU.osexp","C:\Users\Public\Experiments\IDs\05-WMC\MU","Tr16_update1.png","5","511247","C:/Users/Public/Experiments/IDs/05-WMC/MU/MUsbj080.csv","update","1300","4","80","524296","525596"
"MU.osexp","C:\Users\Public\Experiments\IDs\05-WMC\MU","Tr16_update2.png","5","511247","C:/Users/Public/Experiments/IDs/05-WMC/MU/MUsbj080.csv","update","1300","4","80","525922","527222"
"MU.osexp","C:\Users\Public\Experiments\IDs\05-WMC\MU","Tr16_test1.png","9","533231","C:/Users/Public/Experiments/IDs/05-WMC/MU/MUsbj080.csv","test","0","4","80","527547","533232"
"MU.osexp","C:\Users\Public\Experiments\IDs\05-WMC\MU","Tr16_test2.png","6","535887","C:/Users/Public/Experiments/IDs/05-WMC/MU/MUsbj080.csv","test","0","4","80","534313","535888"
"MU.osexp","C:\Users\Public\Experiments\IDs\05-WMC\MU","Tr16_test3.png","8","543015","C:/Users/Public/Experiments/IDs/05-WMC/MU/MUsbj080.csv","test","0","4","80","536965","543016"
"MU.osexp","C:\Users\Public\Experiments\IDs\05-WMC\MU","Tr16_test4.png","7","546032","C:/Users/Public/Experiments/IDs/05-WMC/MU/MUsbj080.csv","test","0","4","80","544097","546033"
"MU.osexp","C:\Users\Public\Experiments\IDs\05-WMC\MU","wait.png","7","546032","C:/Users/Public/Experiments/IDs/05-WMC/MU/MUsbj080.csv","wait","5000","5","80","547113","546033"
"MU.osexp","C:\Users\Public\Experiments\IDs\05-WMC\MU","fixation.png","7","546032","C:/Users/Public/Experiments/IDs/05-WMC/MU/MUsbj080.csv","fix","1500","5","80","552190","546033"
"MU.osexp","C:\Users\Public\Experiments\IDs\05-WMC\MU","Tr17_study1.png","7","546032","C:/Users/Public/Experiments/IDs/05-WMC/MU/MUsbj080.csv","study","1000","5","80","553766","554766"
"MU.osexp","C:\Users\Public\Experiments\IDs\05-WMC\MU","Tr17_study2.png","7","546032","C:/Users/Public/Experiments/IDs/05-WMC/MU/MUsbj080.csv","study","1000","5","80","555091","556091"
"MU.osexp","C:\Users\Public\Experiments\IDs\05-WMC\MU","Tr17_study3.png","7","546032","C:/Users/Public/Experiments/IDs/05-WMC/MU/MUsbj080.csv","study","1000","5","80","556416","557416"
"MU.osexp","C:\Users\Public\Experiments\IDs\05-WMC\MU","Tr17_study4.png","7","546032","C:/Users/Public/Experiments/IDs/05-WMC/MU/MUsbj080.csv","study","1000","5","80","557741","558741"
"MU.osexp","C:\Users\Public\Experiments\IDs\05-WMC\MU","Tr17_study5.png","7","546032","C:/Users/Public/Experiments/IDs/05-WMC/MU/MUsbj080.csv","study","1000","5","80","559067","560067"
"MU.osexp","C:\Users\Public\Experiments\IDs\05-WMC\MU","Tr17_update1.png","7","546032","C:/Users/Public/Experiments/IDs/05-WMC/MU/MUsbj080.csv","update","1300","5","80","560392","561692"
"MU.osexp","C:\Users\Public\Experiments\IDs\05-WMC\MU","Tr17_update2.png","7","546032","C:/Users/Public/Experiments/IDs/05-WMC/MU/MUsbj080.csv","update","1300","5","80","562025","563325"
"MU.osexp","C:\Users\Public\Experiments\IDs\05-WMC\MU","Tr17_update3.png","7","546032","C:/Users/Public/Experiments/IDs/05-WMC/MU/MUsbj080.csv","update","1300","5","80","563659","564959"
"MU.osexp","C:\Users\Public\Experiments\IDs\05-WMC\MU","Tr17_update4.png","7","546032","C:/Users/Public/Experiments/IDs/05-WMC/MU/MUsbj080.csv","update","1300","5","80","565291","566591"
"MU.osexp","C:\Users\Public\Experiments\IDs\05-WMC\MU","Tr17_update5.png","7","546032","C:/Users/Public/Experiments/IDs/05-WMC/MU/MUsbj080.csv","update","1300","5","80","566917","568217"
"MU.osexp","C:\Users\Public\Experiments\IDs\05-WMC\MU","Tr17_update6.png","7","546032","C:/Users/Public/Experiments/IDs/05-WMC/MU/MUsbj080.csv","update","1300","5","80","568551","569851"
"MU.osexp","C:\Users\Public\Experiments\IDs\05-WMC\MU","Tr17_test1.png","4","572119","C:/Users/Public/Experiments/IDs/05-WMC/MU/MUsbj080.csv","test","0","5","80","570185","572120"
"MU.osexp","C:\Users\Public\Experiments\IDs\05-WMC\MU","Tr17_test2.png","1","574255","C:/Users/Public/Experiments/IDs/05-WMC/MU/MUsbj080.csv","test","0","5","80","573199","574256"
"MU.osexp","C:\Users\Public\Experiments\IDs\05-WMC\MU","Tr17_test3.png","6","577303","C:/Users/Public/Experiments/IDs/05-WMC/MU/MUsbj080.csv","test","0","5","80","575335","577304"
"MU.osexp","C:\Users\Public\Experiments\IDs\05-WMC\MU","Tr17_test4.png","6","579687","C:/Users/Public/Experiments/IDs/05-WMC/MU/MUsbj080.csv","test","0","5","80","578384","579688"
"MU.osexp","C:\Users\Public\Experiments\IDs\05-WMC\MU","Tr17_test5.png","8","581095","C:/Users/Public/Experiments/IDs/05-WMC/MU/MUsbj080.csv","test","0","5","80","580769","581096"
