"experiment_file","experiment_path","image","key","key_time","logfile","phase","playtime","setSize","subject_nr","timestamp","waittime"
"MU.osexp","C:\Users\Public\Experiments\SM01\05-WMC\MU","ready1.png","NA","NA","C:/Users/Public/Experiments/SM01/05-WMC/MU/MU_results/MUsbj018.csv","pre","0","3","0","91303","NA"
"MU.osexp","C:\Users\Public\Experiments\SM01\05-WMC\MU","fixation.png","NA","NA","C:/Users/Public/Experiments/SM01/05-WMC/MU/MU_results/MUsbj018.csv","fix","1500","3","0","98121","NA"
"MU.osexp","C:\Users\Public\Experiments\SM01\05-WMC\MU","Tr1_study1.png","NA","NA","C:/Users/Public/Experiments/SM01/05-WMC/MU/MU_results/MUsbj018.csv","study","1000","3","0","99833","100835"
"MU.osexp","C:\Users\Public\Experiments\SM01\05-WMC\MU","Tr1_study2.png","NA","NA","C:/Users/Public/Experiments/SM01/05-WMC/MU/MU_results/MUsbj018.csv","study","1000","3","0","101210","102213"
"MU.osexp","C:\Users\Public\Experiments\SM01\05-WMC\MU","Tr1_study3.png","NA","NA","C:/Users/Public/Experiments/SM01/05-WMC/MU/MU_results/MUsbj018.csv","study","1000","3","0","102568","103570"
"MU.osexp","C:\Users\Public\Experiments\SM01\05-WMC\MU","Tr1_update1.png","NA","NA","C:/Users/Public/Experiments/SM01/05-WMC/MU/MU_results/MUsbj018.csv","update","1300","3","0","103918","105220"
"MU.osexp","C:\Users\Public\Experiments\SM01\05-WMC\MU","Tr1_update2.png","NA","NA","C:/Users/Public/Experiments/SM01/05-WMC/MU/MU_results/MUsbj018.csv","update","1300","3","0","105592","106894"
"MU.osexp","C:\Users\Public\Experiments\SM01\05-WMC\MU","Tr1_update3.png","NA","NA","C:/Users/Public/Experiments/SM01/05-WMC/MU/MU_results/MUsbj018.csv","update","1300","3","0","107261","108563"
"MU.osexp","C:\Users\Public\Experiments\SM01\05-WMC\MU","Tr1_test1.png","9","116795","C:/Users/Public/Experiments/SM01/05-WMC/MU/MU_results/MUsbj018.csv","test","0","3","0","108931","116796"
"MU.osexp","C:\Users\Public\Experiments\SM01\05-WMC\MU","Tr1_test2.png","8","123242","C:/Users/Public/Experiments/SM01/05-WMC/MU/MU_results/MUsbj018.csv","test","0","3","0","117903","123243"
"MU.osexp","C:\Users\Public\Experiments\SM01\05-WMC\MU","Tr1_test3.png","2","126554","C:/Users/Public/Experiments/SM01/05-WMC/MU/MU_results/MUsbj018.csv","test","0","3","0","124356","126555"
"MU.osexp","C:\Users\Public\Experiments\SM01\05-WMC\MU","wait.png","2","126554","C:/Users/Public/Experiments/SM01/05-WMC/MU/MU_results/MUsbj018.csv","wait","5000","3","0","127672","126555"
"MU.osexp","C:\Users\Public\Experiments\SM01\05-WMC\MU","fixation.png","2","126554","C:/Users/Public/Experiments/SM01/05-WMC/MU/MU_results/MUsbj018.csv","fix","1500","3","0","132798","126555"
"MU.osexp","C:\Users\Public\Experiments\SM01\05-WMC\MU","Tr2_study1.png","2","126554","C:/Users/Public/Experiments/SM01/05-WMC/MU/MU_results/MUsbj018.csv","study","1000","3","0","134432","135434"
"MU.osexp","C:\Users\Public\Experiments\SM01\05-WMC\MU","Tr2_study2.png","2","126554","C:/Users/Public/Experiments/SM01/05-WMC/MU/MU_results/MUsbj018.csv","study","1000","3","0","135795","136797"
"MU.osexp","C:\Users\Public\Experiments\SM01\05-WMC\MU","Tr2_study3.png","2","126554","C:/Users/Public/Experiments/SM01/05-WMC/MU/MU_results/MUsbj018.csv","study","1000","3","0","137179","138181"
"MU.osexp","C:\Users\Public\Experiments\SM01\05-WMC\MU","Tr2_update1.png","2","126554","C:/Users/Public/Experiments/SM01/05-WMC/MU/MU_results/MUsbj018.csv","update","1300","3","0","138563","139865"
"MU.osexp","C:\Users\Public\Experiments\SM01\05-WMC\MU","Tr2_update2.png","2","126554","C:/Users/Public/Experiments/SM01/05-WMC/MU/MU_results/MUsbj018.csv","update","1300","3","0","140240","141542"
"MU.osexp","C:\Users\Public\Experiments\SM01\05-WMC\MU","Tr2_update3.png","2","126554","C:/Users/Public/Experiments/SM01/05-WMC/MU/MU_results/MUsbj018.csv","update","1300","3","0","141919","143221"
"MU.osexp","C:\Users\Public\Experiments\SM01\05-WMC\MU","Tr2_test1.png","7","146418","C:/Users/Public/Experiments/SM01/05-WMC/MU/MU_results/MUsbj018.csv","test","0","3","0","143555","146419"
"MU.osexp","C:\Users\Public\Experiments\SM01\05-WMC\MU","Tr2_test2.png","2","150250","C:/Users/Public/Experiments/SM01/05-WMC/MU/MU_results/MUsbj018.csv","test","0","3","0","147531","150251"
"MU.osexp","C:\Users\Public\Experiments\SM01\05-WMC\MU","Tr2_test3.png","7","152179","C:/Users/Public/Experiments/SM01/05-WMC/MU/MU_results/MUsbj018.csv","test","0","3","0","151360","152180"
"MU.osexp","C:\Users\Public\Experiments\SM01\05-WMC\MU","ready2.png","7","152179","C:/Users/Public/Experiments/SM01/05-WMC/MU/MU_results/MUsbj018.csv","pre","0","3","0","174500","152180"
"MU.osexp","C:\Users\Public\Experiments\SM01\05-WMC\MU","fixation.png","7","152179","C:/Users/Public/Experiments/SM01/05-WMC/MU/MU_results/MUsbj018.csv","fix","1500","3","0","177747","152180"
"MU.osexp","C:\Users\Public\Experiments\SM01\05-WMC\MU","Tr3_study1.png","7","152179","C:/Users/Public/Experiments/SM01/05-WMC/MU/MU_results/MUsbj018.csv","study","1000","3","0","179369","180371"
"MU.osexp","C:\Users\Public\Experiments\SM01\05-WMC\MU","Tr3_study2.png","7","152179","C:/Users/Public/Experiments/SM01/05-WMC/MU/MU_results/MUsbj018.csv","study","1000","3","0","180759","181761"
"MU.osexp","C:\Users\Public\Experiments\SM01\05-WMC\MU","Tr3_study3.png","7","152179","C:/Users/Public/Experiments/SM01/05-WMC/MU/MU_results/MUsbj018.csv","study","1000","3","0","182126","183127"
"MU.osexp","C:\Users\Public\Experiments\SM01\05-WMC\MU","Tr3_update1.png","7","152179","C:/Users/Public/Experiments/SM01/05-WMC/MU/MU_results/MUsbj018.csv","update","1300","3","0","183477","184779"
"MU.osexp","C:\Users\Public\Experiments\SM01\05-WMC\MU","Tr3_update2.png","7","152179","C:/Users/Public/Experiments/SM01/05-WMC/MU/MU_results/MUsbj018.csv","update","1300","3","0","185162","186464"
"MU.osexp","C:\Users\Public\Experiments\SM01\05-WMC\MU","Tr3_update3.png","7","152179","C:/Users/Public/Experiments/SM01/05-WMC/MU/MU_results/MUsbj018.csv","update","1300","3","0","186833","188135"
"MU.osexp","C:\Users\Public\Experiments\SM01\05-WMC\MU","Tr3_test1.png","9","190971","C:/Users/Public/Experiments/SM01/05-WMC/MU/MU_results/MUsbj018.csv","test","0","3","0","188509","190972"
"MU.osexp","C:\Users\Public\Experiments\SM01\05-WMC\MU","Tr3_test2.png","7","193251","C:/Users/Public/Experiments/SM01/05-WMC/MU/MU_results/MUsbj018.csv","test","0","3","0","192109","193251"
"MU.osexp","C:\Users\Public\Experiments\SM01\05-WMC\MU","Tr3_test3.png","7","194930","C:/Users/Public/Experiments/SM01/05-WMC/MU/MU_results/MUsbj018.csv","test","0","3","0","194348","194931"
"MU.osexp","C:\Users\Public\Experiments\SM01\05-WMC\MU","wait.png","7","194930","C:/Users/Public/Experiments/SM01/05-WMC/MU/MU_results/MUsbj018.csv","wait","5000","4","0","196045","194931"
"MU.osexp","C:\Users\Public\Experiments\SM01\05-WMC\MU","fixation.png","7","194930","C:/Users/Public/Experiments/SM01/05-WMC/MU/MU_results/MUsbj018.csv","fix","1500","4","0","201148","194931"
"MU.osexp","C:\Users\Public\Experiments\SM01\05-WMC\MU","Tr4_study1.png","7","194930","C:/Users/Public/Experiments/SM01/05-WMC/MU/MU_results/MUsbj018.csv","study","1000","4","0","202791","203793"
"MU.osexp","C:\Users\Public\Experiments\SM01\05-WMC\MU","Tr4_study2.png","7","194930","C:/Users/Public/Experiments/SM01/05-WMC/MU/MU_results/MUsbj018.csv","study","1000","4","0","204174","205175"
"MU.osexp","C:\Users\Public\Experiments\SM01\05-WMC\MU","Tr4_study3.png","7","194930","C:/Users/Public/Experiments/SM01/05-WMC/MU/MU_results/MUsbj018.csv","study","1000","4","0","205673","206675"
"MU.osexp","C:\Users\Public\Experiments\SM01\05-WMC\MU","Tr4_study4.png","7","194930","C:/Users/Public/Experiments/SM01/05-WMC/MU/MU_results/MUsbj018.csv","study","1000","4","0","207023","208025"
"MU.osexp","C:\Users\Public\Experiments\SM01\05-WMC\MU","Tr4_update1.png","7","194930","C:/Users/Public/Experiments/SM01/05-WMC/MU/MU_results/MUsbj018.csv","update","1300","4","0","208402","209704"
"MU.osexp","C:\Users\Public\Experiments\SM01\05-WMC\MU","Tr4_update2.png","7","194930","C:/Users/Public/Experiments/SM01/05-WMC/MU/MU_results/MUsbj018.csv","update","1300","4","0","210059","211361"
"MU.osexp","C:\Users\Public\Experiments\SM01\05-WMC\MU","Tr4_update3.png","7","194930","C:/Users/Public/Experiments/SM01/05-WMC/MU/MU_results/MUsbj018.csv","update","1300","4","0","211731","213033"
"MU.osexp","C:\Users\Public\Experiments\SM01\05-WMC\MU","Tr4_update4.png","7","194930","C:/Users/Public/Experiments/SM01/05-WMC/MU/MU_results/MUsbj018.csv","update","1300","4","0","213400","214702"
"MU.osexp","C:\Users\Public\Experiments\SM01\05-WMC\MU","Tr4_test1.png","3","219778","C:/Users/Public/Experiments/SM01/05-WMC/MU/MU_results/MUsbj018.csv","test","0","4","0","215178","219779"
"MU.osexp","C:\Users\Public\Experiments\SM01\05-WMC\MU","Tr4_test2.png","7","222899","C:/Users/Public/Experiments/SM01/05-WMC/MU/MU_results/MUsbj018.csv","test","0","4","0","220879","222900"
"MU.osexp","C:\Users\Public\Experiments\SM01\05-WMC\MU","Tr4_test3.png","1","226595","C:/Users/Public/Experiments/SM01/05-WMC/MU/MU_results/MUsbj018.csv","test","0","4","0","223999","226596"
"MU.osexp","C:\Users\Public\Experiments\SM01\05-WMC\MU","Tr4_test4.png","9","229155","C:/Users/Public/Experiments/SM01/05-WMC/MU/MU_results/MUsbj018.csv","test","0","4","0","227720","229155"
"MU.osexp","C:\Users\Public\Experiments\SM01\05-WMC\MU","wait.png","9","229155","C:/Users/Public/Experiments/SM01/05-WMC/MU/MU_results/MUsbj018.csv","wait","5000","3","0","230265","229155"
"MU.osexp","C:\Users\Public\Experiments\SM01\05-WMC\MU","fixation.png","9","229155","C:/Users/Public/Experiments/SM01/05-WMC/MU/MU_results/MUsbj018.csv","fix","1500","3","0","235343","229155"
"MU.osexp","C:\Users\Public\Experiments\SM01\05-WMC\MU","Tr5_study1.png","9","229155","C:/Users/Public/Experiments/SM01/05-WMC/MU/MU_results/MUsbj018.csv","study","1000","3","0","236970","237972"
"MU.osexp","C:\Users\Public\Experiments\SM01\05-WMC\MU","Tr5_study2.png","9","229155","C:/Users/Public/Experiments/SM01/05-WMC/MU/MU_results/MUsbj018.csv","study","1000","3","0","238335","239337"
"MU.osexp","C:\Users\Public\Experiments\SM01\05-WMC\MU","Tr5_study3.png","9","229155","C:/Users/Public/Experiments/SM01/05-WMC/MU/MU_results/MUsbj018.csv","study","1000","3","0","239684","240686"
"MU.osexp","C:\Users\Public\Experiments\SM01\05-WMC\MU","Tr5_update1.png","9","229155","C:/Users/Public/Experiments/SM01/05-WMC/MU/MU_results/MUsbj018.csv","update","1300","3","0","241027","242329"
"MU.osexp","C:\Users\Public\Experiments\SM01\05-WMC\MU","Tr5_update2.png","9","229155","C:/Users/Public/Experiments/SM01/05-WMC/MU/MU_results/MUsbj018.csv","update","1300","3","0","242699","244001"
"MU.osexp","C:\Users\Public\Experiments\SM01\05-WMC\MU","Tr5_update3.png","9","229155","C:/Users/Public/Experiments/SM01/05-WMC/MU/MU_results/MUsbj018.csv","update","1300","3","0","244372","245674"
"MU.osexp","C:\Users\Public\Experiments\SM01\05-WMC\MU","Tr5_update4.png","9","229155","C:/Users/Public/Experiments/SM01/05-WMC/MU/MU_results/MUsbj018.csv","update","1300","3","0","246050","247352"
"MU.osexp","C:\Users\Public\Experiments\SM01\05-WMC\MU","Tr5_update5.png","9","229155","C:/Users/Public/Experiments/SM01/05-WMC/MU/MU_results/MUsbj018.csv","update","1300","3","0","247736","249038"
"MU.osexp","C:\Users\Public\Experiments\SM01\05-WMC\MU","Tr5_update6.png","9","229155","C:/Users/Public/Experiments/SM01/05-WMC/MU/MU_results/MUsbj018.csv","update","1300","3","0","249386","250688"
"MU.osexp","C:\Users\Public\Experiments\SM01\05-WMC\MU","Tr5_test1.png","3","255218","C:/Users/Public/Experiments/SM01/05-WMC/MU/MU_results/MUsbj018.csv","test","0","3","0","251193","255219"
"MU.osexp","C:\Users\Public\Experiments\SM01\05-WMC\MU","Tr5_test2.png","7","258227","C:/Users/Public/Experiments/SM01/05-WMC/MU/MU_results/MUsbj018.csv","test","0","3","0","256310","258228"
"MU.osexp","C:\Users\Public\Experiments\SM01\05-WMC\MU","Tr5_test3.png","1","259803","C:/Users/Public/Experiments/SM01/05-WMC/MU/MU_results/MUsbj018.csv","test","0","3","0","259341","259804"
"MU.osexp","C:\Users\Public\Experiments\SM01\05-WMC\MU","wait.png","1","259803","C:/Users/Public/Experiments/SM01/05-WMC/MU/MU_results/MUsbj018.csv","wait","5000","4","0","260909","259804"
"MU.osexp","C:\Users\Public\Experiments\SM01\05-WMC\MU","fixation.png","1","259803","C:/Users/Public/Experiments/SM01/05-WMC/MU/MU_results/MUsbj018.csv","fix","1500","4","0","266031","259804"
"MU.osexp","C:\Users\Public\Experiments\SM01\05-WMC\MU","Tr6_study1.png","1","259803","C:/Users/Public/Experiments/SM01/05-WMC/MU/MU_results/MUsbj018.csv","study","1000","4","0","267650","268652"
"MU.osexp","C:\Users\Public\Experiments\SM01\05-WMC\MU","Tr6_study2.png","1","259803","C:/Users/Public/Experiments/SM01/05-WMC/MU/MU_results/MUsbj018.csv","study","1000","4","0","268996","269998"
"MU.osexp","C:\Users\Public\Experiments\SM01\05-WMC\MU","Tr6_study3.png","1","259803","C:/Users/Public/Experiments/SM01/05-WMC/MU/MU_results/MUsbj018.csv","study","1000","4","0","270369","271371"
"MU.osexp","C:\Users\Public\Experiments\SM01\05-WMC\MU","Tr6_study4.png","1","259803","C:/Users/Public/Experiments/SM01/05-WMC/MU/MU_results/MUsbj018.csv","study","1000","4","0","271743","272745"
"MU.osexp","C:\Users\Public\Experiments\SM01\05-WMC\MU","Tr6_update1.png","1","259803","C:/Users/Public/Experiments/SM01/05-WMC/MU/MU_results/MUsbj018.csv","update","1300","4","0","273172","274474"
"MU.osexp","C:\Users\Public\Experiments\SM01\05-WMC\MU","Tr6_update2.png","1","259803","C:/Users/Public/Experiments/SM01/05-WMC/MU/MU_results/MUsbj018.csv","update","1300","4","0","274827","276129"
"MU.osexp","C:\Users\Public\Experiments\SM01\05-WMC\MU","Tr6_update3.png","1","259803","C:/Users/Public/Experiments/SM01/05-WMC/MU/MU_results/MUsbj018.csv","update","1300","4","0","276494","277796"
"MU.osexp","C:\Users\Public\Experiments\SM01\05-WMC\MU","Tr6_update4.png","1","259803","C:/Users/Public/Experiments/SM01/05-WMC/MU/MU_results/MUsbj018.csv","update","1300","4","0","278155","279457"
"MU.osexp","C:\Users\Public\Experiments\SM01\05-WMC\MU","Tr6_update5.png","1","259803","C:/Users/Public/Experiments/SM01/05-WMC/MU/MU_results/MUsbj018.csv","update","1300","4","0","279830","281132"
"MU.osexp","C:\Users\Public\Experiments\SM01\05-WMC\MU","Tr6_test1.png","6","283906","C:/Users/Public/Experiments/SM01/05-WMC/MU/MU_results/MUsbj018.csv","test","0","4","0","281482","283907"
"MU.osexp","C:\Users\Public\Experiments\SM01\05-WMC\MU","Tr6_test2.png","7","286082","C:/Users/Public/Experiments/SM01/05-WMC/MU/MU_results/MUsbj018.csv","test","0","4","0","285009","286083"
"MU.osexp","C:\Users\Public\Experiments\SM01\05-WMC\MU","Tr6_test3.png","6","292235","C:/Users/Public/Experiments/SM01/05-WMC/MU/MU_results/MUsbj018.csv","test","0","4","0","287159","292236"
"MU.osexp","C:\Users\Public\Experiments\SM01\05-WMC\MU","Tr6_test4.png","1","302906","C:/Users/Public/Experiments/SM01/05-WMC/MU/MU_results/MUsbj018.csv","test","0","4","0","293380","302907"
"MU.osexp","C:\Users\Public\Experiments\SM01\05-WMC\MU","wait.png","1","302906","C:/Users/Public/Experiments/SM01/05-WMC/MU/MU_results/MUsbj018.csv","wait","5000","5","0","304024","302907"
"MU.osexp","C:\Users\Public\Experiments\SM01\05-WMC\MU","fixation.png","1","302906","C:/Users/Public/Experiments/SM01/05-WMC/MU/MU_results/MUsbj018.csv","fix","1500","5","0","309171","302907"
"MU.osexp","C:\Users\Public\Experiments\SM01\05-WMC\MU","Tr7_study1.png","1","302906","C:/Users/Public/Experiments/SM01/05-WMC/MU/MU_results/MUsbj018.csv","study","1000","5","0","310762","311764"
"MU.osexp","C:\Users\Public\Experiments\SM01\05-WMC\MU","Tr7_study2.png","1","302906","C:/Users/Public/Experiments/SM01/05-WMC/MU/MU_results/MUsbj018.csv","study","1000","5","0","312142","313143"
"MU.osexp","C:\Users\Public\Experiments\SM01\05-WMC\MU","Tr7_study3.png","1","302906","C:/Users/Public/Experiments/SM01/05-WMC/MU/MU_results/MUsbj018.csv","study","1000","5","0","313518","314520"
"MU.osexp","C:\Users\Public\Experiments\SM01\05-WMC\MU","Tr7_study4.png","1","302906","C:/Users/Public/Experiments/SM01/05-WMC/MU/MU_results/MUsbj018.csv","study","1000","5","0","314882","315884"
"MU.osexp","C:\Users\Public\Experiments\SM01\05-WMC\MU","Tr7_study5.png","1","302906","C:/Users/Public/Experiments/SM01/05-WMC/MU/MU_results/MUsbj018.csv","study","1000","5","0","316235","317237"
"MU.osexp","C:\Users\Public\Experiments\SM01\05-WMC\MU","Tr7_update1.png","1","302906","C:/Users/Public/Experiments/SM01/05-WMC/MU/MU_results/MUsbj018.csv","update","1300","5","0","317595","318897"
"MU.osexp","C:\Users\Public\Experiments\SM01\05-WMC\MU","Tr7_update2.png","1","302906","C:/Users/Public/Experiments/SM01/05-WMC/MU/MU_results/MUsbj018.csv","update","1300","5","0","319294","320596"
"MU.osexp","C:\Users\Public\Experiments\SM01\05-WMC\MU","Tr7_update3.png","1","302906","C:/Users/Public/Experiments/SM01/05-WMC/MU/MU_results/MUsbj018.csv","update","1300","5","0","320989","322291"
"MU.osexp","C:\Users\Public\Experiments\SM01\05-WMC\MU","Tr7_update4.png","1","302906","C:/Users/Public/Experiments/SM01/05-WMC/MU/MU_results/MUsbj018.csv","update","1300","5","0","322672","323974"
"MU.osexp","C:\Users\Public\Experiments\SM01\05-WMC\MU","Tr7_update5.png","1","302906","C:/Users/Public/Experiments/SM01/05-WMC/MU/MU_results/MUsbj018.csv","update","1300","5","0","324409","325710"
"MU.osexp","C:\Users\Public\Experiments\SM01\05-WMC\MU","Tr7_test1.png","1","327875","C:/Users/Public/Experiments/SM01/05-WMC/MU/MU_results/MUsbj018.csv","test","0","5","0","326073","327876"
"MU.osexp","C:\Users\Public\Experiments\SM01\05-WMC\MU","Tr7_test2.png","9","345227","C:/Users/Public/Experiments/SM01/05-WMC/MU/MU_results/MUsbj018.csv","test","0","5","0","328994","345228"
"MU.osexp","C:\Users\Public\Experiments\SM01\05-WMC\MU","Tr7_test3.png","1","347435","C:/Users/Public/Experiments/SM01/05-WMC/MU/MU_results/MUsbj018.csv","test","0","5","0","346357","347436"
"MU.osexp","C:\Users\Public\Experiments\SM01\05-WMC\MU","Tr7_test4.png","5","350451","C:/Users/Public/Experiments/SM01/05-WMC/MU/MU_results/MUsbj018.csv","test","0","5","0","348553","350452"
"MU.osexp","C:\Users\Public\Experiments\SM01\05-WMC\MU","Tr7_test5.png","1","351939","C:/Users/Public/Experiments/SM01/05-WMC/MU/MU_results/MUsbj018.csv","test","0","5","0","351584","351940"
"MU.osexp","C:\Users\Public\Experiments\SM01\05-WMC\MU","wait.png","1","351939","C:/Users/Public/Experiments/SM01/05-WMC/MU/MU_results/MUsbj018.csv","wait","5000","4","0","353061","351940"
"MU.osexp","C:\Users\Public\Experiments\SM01\05-WMC\MU","fixation.png","1","351939","C:/Users/Public/Experiments/SM01/05-WMC/MU/MU_results/MUsbj018.csv","fix","1500","4","0","358165","351940"
"MU.osexp","C:\Users\Public\Experiments\SM01\05-WMC\MU","Tr8_study1.png","1","351939","C:/Users/Public/Experiments/SM01/05-WMC/MU/MU_results/MUsbj018.csv","study","1000","4","0","359756","360759"
"MU.osexp","C:\Users\Public\Experiments\SM01\05-WMC\MU","Tr8_study2.png","1","351939","C:/Users/Public/Experiments/SM01/05-WMC/MU/MU_results/MUsbj018.csv","study","1000","4","0","361119","362121"
"MU.osexp","C:\Users\Public\Experiments\SM01\05-WMC\MU","Tr8_study3.png","1","351939","C:/Users/Public/Experiments/SM01/05-WMC/MU/MU_results/MUsbj018.csv","study","1000","4","0","362500","363502"
"MU.osexp","C:\Users\Public\Experiments\SM01\05-WMC\MU","Tr8_study4.png","1","351939","C:/Users/Public/Experiments/SM01/05-WMC/MU/MU_results/MUsbj018.csv","study","1000","4","0","363851","364853"
"MU.osexp","C:\Users\Public\Experiments\SM01\05-WMC\MU","Tr8_update1.png","1","351939","C:/Users/Public/Experiments/SM01/05-WMC/MU/MU_results/MUsbj018.csv","update","1300","4","0","365213","366515"
"MU.osexp","C:\Users\Public\Experiments\SM01\05-WMC\MU","Tr8_update2.png","1","351939","C:/Users/Public/Experiments/SM01/05-WMC/MU/MU_results/MUsbj018.csv","update","1300","4","0","366894","368196"
"MU.osexp","C:\Users\Public\Experiments\SM01\05-WMC\MU","Tr8_update3.png","1","351939","C:/Users/Public/Experiments/SM01/05-WMC/MU/MU_results/MUsbj018.csv","update","1300","4","0","368570","369872"
"MU.osexp","C:\Users\Public\Experiments\SM01\05-WMC\MU","Tr8_test1.png","2","374930","C:/Users/Public/Experiments/SM01/05-WMC/MU/MU_results/MUsbj018.csv","test","0","4","0","370235","374931"
"MU.osexp","C:\Users\Public\Experiments\SM01\05-WMC\MU","Tr8_test2.png","4","377258","C:/Users/Public/Experiments/SM01/05-WMC/MU/MU_results/MUsbj018.csv","test","0","4","0","376025","377259"
"MU.osexp","C:\Users\Public\Experiments\SM01\05-WMC\MU","Tr8_test3.png","9","379779","C:/Users/Public/Experiments/SM01/05-WMC/MU/MU_results/MUsbj018.csv","test","0","4","0","378368","379780"
"MU.osexp","C:\Users\Public\Experiments\SM01\05-WMC\MU","Tr8_test4.png","4","382475","C:/Users/Public/Experiments/SM01/05-WMC/MU/MU_results/MUsbj018.csv","test","0","4","0","380915","382476"
"MU.osexp","C:\Users\Public\Experiments\SM01\05-WMC\MU","wait.png","4","382475","C:/Users/Public/Experiments/SM01/05-WMC/MU/MU_results/MUsbj018.csv","wait","5000","5","0","383592","382476"
"MU.osexp","C:\Users\Public\Experiments\SM01\05-WMC\MU","fixation.png","4","382475","C:/Users/Public/Experiments/SM01/05-WMC/MU/MU_results/MUsbj018.csv","fix","1500","5","0","388703","382476"
"MU.osexp","C:\Users\Public\Experiments\SM01\05-WMC\MU","Tr9_study1.png","4","382475","C:/Users/Public/Experiments/SM01/05-WMC/MU/MU_results/MUsbj018.csv","study","1000","5","0","390329","391331"
"MU.osexp","C:\Users\Public\Experiments\SM01\05-WMC\MU","Tr9_study2.png","4","382475","C:/Users/Public/Experiments/SM01/05-WMC/MU/MU_results/MUsbj018.csv","study","1000","5","0","391694","392696"
"MU.osexp","C:\Users\Public\Experiments\SM01\05-WMC\MU","Tr9_study3.png","4","382475","C:/Users/Public/Experiments/SM01/05-WMC/MU/MU_results/MUsbj018.csv","study","1000","5","0","393163","394165"
"MU.osexp","C:\Users\Public\Experiments\SM01\05-WMC\MU","Tr9_study4.png","4","382475","C:/Users/Public/Experiments/SM01/05-WMC/MU/MU_results/MUsbj018.csv","study","1000","5","0","394504","395506"
"MU.osexp","C:\Users\Public\Experiments\SM01\05-WMC\MU","Tr9_study5.png","4","382475","C:/Users/Public/Experiments/SM01/05-WMC/MU/MU_results/MUsbj018.csv","study","1000","5","0","395874","396876"
"MU.osexp","C:\Users\Public\Experiments\SM01\05-WMC\MU","Tr9_update1.png","4","382475","C:/Users/Public/Experiments/SM01/05-WMC/MU/MU_results/MUsbj018.csv","update","1300","5","0","397214","398516"
"MU.osexp","C:\Users\Public\Experiments\SM01\05-WMC\MU","Tr9_update2.png","4","382475","C:/Users/Public/Experiments/SM01/05-WMC/MU/MU_results/MUsbj018.csv","update","1300","5","0","398885","400187"
"MU.osexp","C:\Users\Public\Experiments\SM01\05-WMC\MU","Tr9_test1.png","4","405379","C:/Users/Public/Experiments/SM01/05-WMC/MU/MU_results/MUsbj018.csv","test","0","5","0","400552","405379"
"MU.osexp","C:\Users\Public\Experiments\SM01\05-WMC\MU","Tr9_test2.png","6","408298","C:/Users/Public/Experiments/SM01/05-WMC/MU/MU_results/MUsbj018.csv","test","0","5","0","406489","408299"
"MU.osexp","C:\Users\Public\Experiments\SM01\05-WMC\MU","Tr9_test3.png","5","411186","C:/Users/Public/Experiments/SM01/05-WMC/MU/MU_results/MUsbj018.csv","test","0","5","0","409420","411187"
"MU.osexp","C:\Users\Public\Experiments\SM01\05-WMC\MU","Tr9_test4.png","3","416395","C:/Users/Public/Experiments/SM01/05-WMC/MU/MU_results/MUsbj018.csv","test","0","5","0","412312","416396"
"MU.osexp","C:\Users\Public\Experiments\SM01\05-WMC\MU","Tr9_test5.png","1","418011","C:/Users/Public/Experiments/SM01/05-WMC/MU/MU_results/MUsbj018.csv","test","0","5","0","417499","418012"
"MU.osexp","C:\Users\Public\Experiments\SM01\05-WMC\MU","wait.png","1","418011","C:/Users/Public/Experiments/SM01/05-WMC/MU/MU_results/MUsbj018.csv","wait","5000","3","0","419123","418012"
"MU.osexp","C:\Users\Public\Experiments\SM01\05-WMC\MU","fixation.png","1","418011","C:/Users/Public/Experiments/SM01/05-WMC/MU/MU_results/MUsbj018.csv","fix","1500","3","0","424240","418012"
"MU.osexp","C:\Users\Public\Experiments\SM01\05-WMC\MU","Tr10_study1.png","1","418011","C:/Users/Public/Experiments/SM01/05-WMC/MU/MU_results/MUsbj018.csv","study","1000","3","0","425868","426870"
"MU.osexp","C:\Users\Public\Experiments\SM01\05-WMC\MU","Tr10_study2.png","1","418011","C:/Users/Public/Experiments/SM01/05-WMC/MU/MU_results/MUsbj018.csv","study","1000","3","0","427249","428251"
"MU.osexp","C:\Users\Public\Experiments\SM01\05-WMC\MU","Tr10_study3.png","1","418011","C:/Users/Public/Experiments/SM01/05-WMC/MU/MU_results/MUsbj018.csv","study","1000","3","0","428595","429597"
"MU.osexp","C:\Users\Public\Experiments\SM01\05-WMC\MU","Tr10_update1.png","1","418011","C:/Users/Public/Experiments/SM01/05-WMC/MU/MU_results/MUsbj018.csv","update","1300","3","0","429972","431274"
"MU.osexp","C:\Users\Public\Experiments\SM01\05-WMC\MU","Tr10_update2.png","1","418011","C:/Users/Public/Experiments/SM01/05-WMC/MU/MU_results/MUsbj018.csv","update","1300","3","0","431628","432930"
"MU.osexp","C:\Users\Public\Experiments\SM01\05-WMC\MU","Tr10_test1.png","5","435003","C:/Users/Public/Experiments/SM01/05-WMC/MU/MU_results/MUsbj018.csv","test","0","3","0","433292","435004"
"MU.osexp","C:\Users\Public\Experiments\SM01\05-WMC\MU","Tr10_test2.png","2","439355","C:/Users/Public/Experiments/SM01/05-WMC/MU/MU_results/MUsbj018.csv","test","0","3","0","436116","439356"
"MU.osexp","C:\Users\Public\Experiments\SM01\05-WMC\MU","Tr10_test3.png","3","441051","C:/Users/Public/Experiments/SM01/05-WMC/MU/MU_results/MUsbj018.csv","test","0","3","0","440495","441051"
"MU.osexp","C:\Users\Public\Experiments\SM01\05-WMC\MU","wait.png","3","441051","C:/Users/Public/Experiments/SM01/05-WMC/MU/MU_results/MUsbj018.csv","wait","5000","5","0","442165","441051"
"MU.osexp","C:\Users\Public\Experiments\SM01\05-WMC\MU","fixation.png","3","441051","C:/Users/Public/Experiments/SM01/05-WMC/MU/MU_results/MUsbj018.csv","fix","1500","5","0","447281","441051"
"MU.osexp","C:\Users\Public\Experiments\SM01\05-WMC\MU","Tr11_study1.png","3","441051","C:/Users/Public/Experiments/SM01/05-WMC/MU/MU_results/MUsbj018.csv","study","1000","5","0","448914","449916"
"MU.osexp","C:\Users\Public\Experiments\SM01\05-WMC\MU","Tr11_study2.png","3","441051","C:/Users/Public/Experiments/SM01/05-WMC/MU/MU_results/MUsbj018.csv","study","1000","5","0","450284","451286"
"MU.osexp","C:\Users\Public\Experiments\SM01\05-WMC\MU","Tr11_study3.png","3","441051","C:/Users/Public/Experiments/SM01/05-WMC/MU/MU_results/MUsbj018.csv","study","1000","5","0","451666","452668"
"MU.osexp","C:\Users\Public\Experiments\SM01\05-WMC\MU","Tr11_study4.png","3","441051","C:/Users/Public/Experiments/SM01/05-WMC/MU/MU_results/MUsbj018.csv","study","1000","5","0","453072","454074"
"MU.osexp","C:\Users\Public\Experiments\SM01\05-WMC\MU","Tr11_study5.png","3","441051","C:/Users/Public/Experiments/SM01/05-WMC/MU/MU_results/MUsbj018.csv","study","1000","5","0","454435","455437"
"MU.osexp","C:\Users\Public\Experiments\SM01\05-WMC\MU","Tr11_update1.png","3","441051","C:/Users/Public/Experiments/SM01/05-WMC/MU/MU_results/MUsbj018.csv","update","1300","5","0","455810","457112"
"MU.osexp","C:\Users\Public\Experiments\SM01\05-WMC\MU","Tr11_update2.png","3","441051","C:/Users/Public/Experiments/SM01/05-WMC/MU/MU_results/MUsbj018.csv","update","1300","5","0","457502","458804"
"MU.osexp","C:\Users\Public\Experiments\SM01\05-WMC\MU","Tr11_update3.png","3","441051","C:/Users/Public/Experiments/SM01/05-WMC/MU/MU_results/MUsbj018.csv","update","1300","5","0","459172","460474"
"MU.osexp","C:\Users\Public\Experiments\SM01\05-WMC\MU","Tr11_test1.png","1","463266","C:/Users/Public/Experiments/SM01/05-WMC/MU/MU_results/MUsbj018.csv","test","0","5","0","460848","463267"
"MU.osexp","C:\Users\Public\Experiments\SM01\05-WMC\MU","Tr11_test2.png","2","465795","C:/Users/Public/Experiments/SM01/05-WMC/MU/MU_results/MUsbj018.csv","test","0","5","0","464376","465796"
"MU.osexp","C:\Users\Public\Experiments\SM01\05-WMC\MU","Tr11_test3.png","5","469555","C:/Users/Public/Experiments/SM01/05-WMC/MU/MU_results/MUsbj018.csv","test","0","5","0","466927","469556"
"MU.osexp","C:\Users\Public\Experiments\SM01\05-WMC\MU","Tr11_test4.png","6","471763","C:/Users/Public/Experiments/SM01/05-WMC/MU/MU_results/MUsbj018.csv","test","0","5","0","470684","471764"
"MU.osexp","C:\Users\Public\Experiments\SM01\05-WMC\MU","Tr11_test5.png","4","481026","C:/Users/Public/Experiments/SM01/05-WMC/MU/MU_results/MUsbj018.csv","test","0","5","0","472875","481027"
"MU.osexp","C:\Users\Public\Experiments\SM01\05-WMC\MU","wait.png","4","481026","C:/Users/Public/Experiments/SM01/05-WMC/MU/MU_results/MUsbj018.csv","wait","5000","3","0","482121","481027"
"MU.osexp","C:\Users\Public\Experiments\SM01\05-WMC\MU","fixation.png","4","481026","C:/Users/Public/Experiments/SM01/05-WMC/MU/MU_results/MUsbj018.csv","fix","1500","3","0","487222","481027"
"MU.osexp","C:\Users\Public\Experiments\SM01\05-WMC\MU","Tr12_study1.png","4","481026","C:/Users/Public/Experiments/SM01/05-WMC/MU/MU_results/MUsbj018.csv","study","1000","3","0","488856","489858"
"MU.osexp","C:\Users\Public\Experiments\SM01\05-WMC\MU","Tr12_study2.png","4","481026","C:/Users/Public/Experiments/SM01/05-WMC/MU/MU_results/MUsbj018.csv","study","1000","3","0","490232","491234"
"MU.osexp","C:\Users\Public\Experiments\SM01\05-WMC\MU","Tr12_study3.png","4","481026","C:/Users/Public/Experiments/SM01/05-WMC/MU/MU_results/MUsbj018.csv","study","1000","3","0","491601","492603"
"MU.osexp","C:\Users\Public\Experiments\SM01\05-WMC\MU","Tr12_update1.png","4","481026","C:/Users/Public/Experiments/SM01/05-WMC/MU/MU_results/MUsbj018.csv","update","1300","3","0","492972","494274"
"MU.osexp","C:\Users\Public\Experiments\SM01\05-WMC\MU","Tr12_update2.png","4","481026","C:/Users/Public/Experiments/SM01/05-WMC/MU/MU_results/MUsbj018.csv","update","1300","3","0","494636","495938"
"MU.osexp","C:\Users\Public\Experiments\SM01\05-WMC\MU","Tr12_update3.png","4","481026","C:/Users/Public/Experiments/SM01/05-WMC/MU/MU_results/MUsbj018.csv","update","1300","3","0","496310","497612"
"MU.osexp","C:\Users\Public\Experiments\SM01\05-WMC\MU","Tr12_update4.png","4","481026","C:/Users/Public/Experiments/SM01/05-WMC/MU/MU_results/MUsbj018.csv","update","1300","3","0","497971","499274"
"MU.osexp","C:\Users\Public\Experiments\SM01\05-WMC\MU","Tr12_update5.png","4","481026","C:/Users/Public/Experiments/SM01/05-WMC/MU/MU_results/MUsbj018.csv","update","1300","3","0","499730","501032"
"MU.osexp","C:\Users\Public\Experiments\SM01\05-WMC\MU","Tr12_test1.png","4","502955","C:/Users/Public/Experiments/SM01/05-WMC/MU/MU_results/MUsbj018.csv","test","0","3","0","501409","502956"
"MU.osexp","C:\Users\Public\Experiments\SM01\05-WMC\MU","Tr12_test2.png","5","508043","C:/Users/Public/Experiments/SM01/05-WMC/MU/MU_results/MUsbj018.csv","test","0","3","0","504081","508044"
"MU.osexp","C:\Users\Public\Experiments\SM01\05-WMC\MU","Tr12_test3.png","4","517523","C:/Users/Public/Experiments/SM01/05-WMC/MU/MU_results/MUsbj018.csv","test","0","3","0","509149","517524"
"MU.osexp","C:\Users\Public\Experiments\SM01\05-WMC\MU","wait.png","4","517523","C:/Users/Public/Experiments/SM01/05-WMC/MU/MU_results/MUsbj018.csv","wait","5000","3","0","518640","517524"
"MU.osexp","C:\Users\Public\Experiments\SM01\05-WMC\MU","fixation.png","4","517523","C:/Users/Public/Experiments/SM01/05-WMC/MU/MU_results/MUsbj018.csv","fix","1500","3","0","523759","517524"
"MU.osexp","C:\Users\Public\Experiments\SM01\05-WMC\MU","Tr13_study1.png","4","517523","C:/Users/Public/Experiments/SM01/05-WMC/MU/MU_results/MUsbj018.csv","study","1000","3","0","525381","526383"
"MU.osexp","C:\Users\Public\Experiments\SM01\05-WMC\MU","Tr13_study2.png","4","517523","C:/Users/Public/Experiments/SM01/05-WMC/MU/MU_results/MUsbj018.csv","study","1000","3","0","526753","527755"
"MU.osexp","C:\Users\Public\Experiments\SM01\05-WMC\MU","Tr13_study3.png","4","517523","C:/Users/Public/Experiments/SM01/05-WMC/MU/MU_results/MUsbj018.csv","study","1000","3","0","528110","529112"
"MU.osexp","C:\Users\Public\Experiments\SM01\05-WMC\MU","Tr13_update1.png","4","517523","C:/Users/Public/Experiments/SM01/05-WMC/MU/MU_results/MUsbj018.csv","update","1300","3","0","529461","530763"
"MU.osexp","C:\Users\Public\Experiments\SM01\05-WMC\MU","Tr13_update2.png","4","517523","C:/Users/Public/Experiments/SM01/05-WMC/MU/MU_results/MUsbj018.csv","update","1300","3","0","531171","532473"
"MU.osexp","C:\Users\Public\Experiments\SM01\05-WMC\MU","Tr13_update3.png","4","517523","C:/Users/Public/Experiments/SM01/05-WMC/MU/MU_results/MUsbj018.csv","update","1300","3","0","532800","534103"
"MU.osexp","C:\Users\Public\Experiments\SM01\05-WMC\MU","Tr13_update4.png","4","517523","C:/Users/Public/Experiments/SM01/05-WMC/MU/MU_results/MUsbj018.csv","update","1300","3","0","534471","535773"
"MU.osexp","C:\Users\Public\Experiments\SM01\05-WMC\MU","Tr13_test1.png","3","537707","C:/Users/Public/Experiments/SM01/05-WMC/MU/MU_results/MUsbj018.csv","test","0","3","0","536125","537708"
"MU.osexp","C:\Users\Public\Experiments\SM01\05-WMC\MU","Tr13_test2.png","1","541091","C:/Users/Public/Experiments/SM01/05-WMC/MU/MU_results/MUsbj018.csv","test","0","3","0","538844","541092"
"MU.osexp","C:\Users\Public\Experiments\SM01\05-WMC\MU","Tr13_test3.png","5","543067","C:/Users/Public/Experiments/SM01/05-WMC/MU/MU_results/MUsbj018.csv","test","0","3","0","542223","543068"
"MU.osexp","C:\Users\Public\Experiments\SM01\05-WMC\MU","wait.png","5","543067","C:/Users/Public/Experiments/SM01/05-WMC/MU/MU_results/MUsbj018.csv","wait","5000","5","0","544191","543068"
"MU.osexp","C:\Users\Public\Experiments\SM01\05-WMC\MU","fixation.png","5","543067","C:/Users/Public/Experiments/SM01/05-WMC/MU/MU_results/MUsbj018.csv","fix","1500","5","0","549322","543068"
"MU.osexp","C:\Users\Public\Experiments\SM01\05-WMC\MU","Tr14_study1.png","5","543067","C:/Users/Public/Experiments/SM01/05-WMC/MU/MU_results/MUsbj018.csv","study","1000","5","0","550940","551942"
"MU.osexp","C:\Users\Public\Experiments\SM01\05-WMC\MU","Tr14_study2.png","5","543067","C:/Users/Public/Experiments/SM01/05-WMC/MU/MU_results/MUsbj018.csv","study","1000","5","0","552326","553328"
"MU.osexp","C:\Users\Public\Experiments\SM01\05-WMC\MU","Tr14_study3.png","5","543067","C:/Users/Public/Experiments/SM01/05-WMC/MU/MU_results/MUsbj018.csv","study","1000","5","0","553677","554679"
"MU.osexp","C:\Users\Public\Experiments\SM01\05-WMC\MU","Tr14_study4.png","5","543067","C:/Users/Public/Experiments/SM01/05-WMC/MU/MU_results/MUsbj018.csv","study","1000","5","0","555044","556046"
"MU.osexp","C:\Users\Public\Experiments\SM01\05-WMC\MU","Tr14_study5.png","5","543067","C:/Users/Public/Experiments/SM01/05-WMC/MU/MU_results/MUsbj018.csv","study","1000","5","0","556421","557423"
"MU.osexp","C:\Users\Public\Experiments\SM01\05-WMC\MU","Tr14_update1.png","5","543067","C:/Users/Public/Experiments/SM01/05-WMC/MU/MU_results/MUsbj018.csv","update","1300","5","0","557782","559084"
"MU.osexp","C:\Users\Public\Experiments\SM01\05-WMC\MU","Tr14_update2.png","5","543067","C:/Users/Public/Experiments/SM01/05-WMC/MU/MU_results/MUsbj018.csv","update","1300","5","0","559461","560763"
"MU.osexp","C:\Users\Public\Experiments\SM01\05-WMC\MU","Tr14_update3.png","5","543067","C:/Users/Public/Experiments/SM01/05-WMC/MU/MU_results/MUsbj018.csv","update","1300","5","0","561153","562455"
"MU.osexp","C:\Users\Public\Experiments\SM01\05-WMC\MU","Tr14_update4.png","5","543067","C:/Users/Public/Experiments/SM01/05-WMC/MU/MU_results/MUsbj018.csv","update","1300","5","0","562796","564098"
"MU.osexp","C:\Users\Public\Experiments\SM01\05-WMC\MU","Tr14_test1.png","5","568810","C:/Users/Public/Experiments/SM01/05-WMC/MU/MU_results/MUsbj018.csv","test","0","5","0","564463","568811"
"MU.osexp","C:\Users\Public\Experiments\SM01\05-WMC\MU","Tr14_test2.png","4","572755","C:/Users/Public/Experiments/SM01/05-WMC/MU/MU_results/MUsbj018.csv","test","0","5","0","569931","572756"
"MU.osexp","C:\Users\Public\Experiments\SM01\05-WMC\MU","Tr14_test3.png","2","574627","C:/Users/Public/Experiments/SM01/05-WMC/MU/MU_results/MUsbj018.csv","test","0","5","0","573868","574628"
"MU.osexp","C:\Users\Public\Experiments\SM01\05-WMC\MU","Tr14_test4.png","1","577971","C:/Users/Public/Experiments/SM01/05-WMC/MU/MU_results/MUsbj018.csv","test","0","5","0","575738","577972"
"MU.osexp","C:\Users\Public\Experiments\SM01\05-WMC\MU","Tr14_test5.png","8","581075","C:/Users/Public/Experiments/SM01/05-WMC/MU/MU_results/MUsbj018.csv","test","0","5","0","579055","581076"
"MU.osexp","C:\Users\Public\Experiments\SM01\05-WMC\MU","wait.png","8","581075","C:/Users/Public/Experiments/SM01/05-WMC/MU/MU_results/MUsbj018.csv","wait","5000","4","0","582199","581076"
"MU.osexp","C:\Users\Public\Experiments\SM01\05-WMC\MU","fixation.png","8","581075","C:/Users/Public/Experiments/SM01/05-WMC/MU/MU_results/MUsbj018.csv","fix","1500","4","0","587301","581076"
"MU.osexp","C:\Users\Public\Experiments\SM01\05-WMC\MU","Tr15_study1.png","8","581075","C:/Users/Public/Experiments/SM01/05-WMC/MU/MU_results/MUsbj018.csv","study","1000","4","0","588914","589916"
"MU.osexp","C:\Users\Public\Experiments\SM01\05-WMC\MU","Tr15_study2.png","8","581075","C:/Users/Public/Experiments/SM01/05-WMC/MU/MU_results/MUsbj018.csv","study","1000","4","0","590269","591271"
"MU.osexp","C:\Users\Public\Experiments\SM01\05-WMC\MU","Tr15_study3.png","8","581075","C:/Users/Public/Experiments/SM01/05-WMC/MU/MU_results/MUsbj018.csv","study","1000","4","0","591651","592653"
"MU.osexp","C:\Users\Public\Experiments\SM01\05-WMC\MU","Tr15_study4.png","8","581075","C:/Users/Public/Experiments/SM01/05-WMC/MU/MU_results/MUsbj018.csv","study","1000","4","0","593023","594026"
"MU.osexp","C:\Users\Public\Experiments\SM01\05-WMC\MU","Tr15_update1.png","8","581075","C:/Users/Public/Experiments/SM01/05-WMC/MU/MU_results/MUsbj018.csv","update","1300","4","0","594402","595704"
"MU.osexp","C:\Users\Public\Experiments\SM01\05-WMC\MU","Tr15_update2.png","8","581075","C:/Users/Public/Experiments/SM01/05-WMC/MU/MU_results/MUsbj018.csv","update","1300","4","0","596059","597361"
"MU.osexp","C:\Users\Public\Experiments\SM01\05-WMC\MU","Tr15_update3.png","8","581075","C:/Users/Public/Experiments/SM01/05-WMC/MU/MU_results/MUsbj018.csv","update","1300","4","0","597723","599025"
"MU.osexp","C:\Users\Public\Experiments\SM01\05-WMC\MU","Tr15_update4.png","8","581075","C:/Users/Public/Experiments/SM01/05-WMC/MU/MU_results/MUsbj018.csv","update","1300","4","0","599392","600694"
"MU.osexp","C:\Users\Public\Experiments\SM01\05-WMC\MU","Tr15_update5.png","8","581075","C:/Users/Public/Experiments/SM01/05-WMC/MU/MU_results/MUsbj018.csv","update","1300","4","0","601068","602370"
"MU.osexp","C:\Users\Public\Experiments\SM01\05-WMC\MU","Tr15_update6.png","8","581075","C:/Users/Public/Experiments/SM01/05-WMC/MU/MU_results/MUsbj018.csv","update","1300","4","0","602705","604007"
"MU.osexp","C:\Users\Public\Experiments\SM01\05-WMC\MU","Tr15_test1.png","2","612299","C:/Users/Public/Experiments/SM01/05-WMC/MU/MU_results/MUsbj018.csv","test","0","4","0","604372","612300"
"MU.osexp","C:\Users\Public\Experiments\SM01\05-WMC\MU","Tr15_test2.png","3","620162","C:/Users/Public/Experiments/SM01/05-WMC/MU/MU_results/MUsbj018.csv","test","0","4","0","613414","620163"
"MU.osexp","C:\Users\Public\Experiments\SM01\05-WMC\MU","Tr15_test3.png","8","624795","C:/Users/Public/Experiments/SM01/05-WMC/MU/MU_results/MUsbj018.csv","test","0","4","0","621282","624796"
"MU.osexp","C:\Users\Public\Experiments\SM01\05-WMC\MU","Tr15_test4.png","8","626323","C:/Users/Public/Experiments/SM01/05-WMC/MU/MU_results/MUsbj018.csv","test","0","4","0","625906","626324"
"MU.osexp","C:\Users\Public\Experiments\SM01\05-WMC\MU","wait.png","8","626323","C:/Users/Public/Experiments/SM01/05-WMC/MU/MU_results/MUsbj018.csv","wait","5000","4","0","627443","626324"
"MU.osexp","C:\Users\Public\Experiments\SM01\05-WMC\MU","fixation.png","8","626323","C:/Users/Public/Experiments/SM01/05-WMC/MU/MU_results/MUsbj018.csv","fix","1500","4","0","632664","626324"
"MU.osexp","C:\Users\Public\Experiments\SM01\05-WMC\MU","Tr16_study1.png","8","626323","C:/Users/Public/Experiments/SM01/05-WMC/MU/MU_results/MUsbj018.csv","study","1000","4","0","634286","635288"
"MU.osexp","C:\Users\Public\Experiments\SM01\05-WMC\MU","Tr16_study2.png","8","626323","C:/Users/Public/Experiments/SM01/05-WMC/MU/MU_results/MUsbj018.csv","study","1000","4","0","635612","636615"
"MU.osexp","C:\Users\Public\Experiments\SM01\05-WMC\MU","Tr16_study3.png","8","626323","C:/Users/Public/Experiments/SM01/05-WMC/MU/MU_results/MUsbj018.csv","study","1000","4","0","636982","637984"
"MU.osexp","C:\Users\Public\Experiments\SM01\05-WMC\MU","Tr16_study4.png","8","626323","C:/Users/Public/Experiments/SM01/05-WMC/MU/MU_results/MUsbj018.csv","study","1000","4","0","638360","639362"
"MU.osexp","C:\Users\Public\Experiments\SM01\05-WMC\MU","Tr16_update1.png","8","626323","C:/Users/Public/Experiments/SM01/05-WMC/MU/MU_results/MUsbj018.csv","update","1300","4","0","639738","641040"
"MU.osexp","C:\Users\Public\Experiments\SM01\05-WMC\MU","Tr16_update2.png","8","626323","C:/Users/Public/Experiments/SM01/05-WMC/MU/MU_results/MUsbj018.csv","update","1300","4","0","641403","642705"
"MU.osexp","C:\Users\Public\Experiments\SM01\05-WMC\MU","Tr16_test1.png","6","646835","C:/Users/Public/Experiments/SM01/05-WMC/MU/MU_results/MUsbj018.csv","test","0","4","0","643164","646836"
"MU.osexp","C:\Users\Public\Experiments\SM01\05-WMC\MU","Tr16_test2.png","7","650419","C:/Users/Public/Experiments/SM01/05-WMC/MU/MU_results/MUsbj018.csv","test","0","4","0","647952","650420"
"MU.osexp","C:\Users\Public\Experiments\SM01\05-WMC\MU","Tr16_test3.png","8","657883","C:/Users/Public/Experiments/SM01/05-WMC/MU/MU_results/MUsbj018.csv","test","0","4","0","651531","657884"
"MU.osexp","C:\Users\Public\Experiments\SM01\05-WMC\MU","Tr16_test4.png","7","662707","C:/Users/Public/Experiments/SM01/05-WMC/MU/MU_results/MUsbj018.csv","test","0","4","0","659121","662708"
"MU.osexp","C:\Users\Public\Experiments\SM01\05-WMC\MU","wait.png","7","662707","C:/Users/Public/Experiments/SM01/05-WMC/MU/MU_results/MUsbj018.csv","wait","5000","5","0","663819","662708"
"MU.osexp","C:\Users\Public\Experiments\SM01\05-WMC\MU","fixation.png","7","662707","C:/Users/Public/Experiments/SM01/05-WMC/MU/MU_results/MUsbj018.csv","fix","1500","5","0","668951","662708"
"MU.osexp","C:\Users\Public\Experiments\SM01\05-WMC\MU","Tr17_study1.png","7","662707","C:/Users/Public/Experiments/SM01/05-WMC/MU/MU_results/MUsbj018.csv","study","1000","5","0","670562","671564"
"MU.osexp","C:\Users\Public\Experiments\SM01\05-WMC\MU","Tr17_study2.png","7","662707","C:/Users/Public/Experiments/SM01/05-WMC/MU/MU_results/MUsbj018.csv","study","1000","5","0","671967","672969"
"MU.osexp","C:\Users\Public\Experiments\SM01\05-WMC\MU","Tr17_study3.png","7","662707","C:/Users/Public/Experiments/SM01/05-WMC/MU/MU_results/MUsbj018.csv","study","1000","5","0","673339","674341"
"MU.osexp","C:\Users\Public\Experiments\SM01\05-WMC\MU","Tr17_study4.png","7","662707","C:/Users/Public/Experiments/SM01/05-WMC/MU/MU_results/MUsbj018.csv","study","1000","5","0","674691","675693"
"MU.osexp","C:\Users\Public\Experiments\SM01\05-WMC\MU","Tr17_study5.png","7","662707","C:/Users/Public/Experiments/SM01/05-WMC/MU/MU_results/MUsbj018.csv","study","1000","5","0","676054","677056"
"MU.osexp","C:\Users\Public\Experiments\SM01\05-WMC\MU","Tr17_update1.png","7","662707","C:/Users/Public/Experiments/SM01/05-WMC/MU/MU_results/MUsbj018.csv","update","1300","5","0","677430","678732"
"MU.osexp","C:\Users\Public\Experiments\SM01\05-WMC\MU","Tr17_update2.png","7","662707","C:/Users/Public/Experiments/SM01/05-WMC/MU/MU_results/MUsbj018.csv","update","1300","5","0","679104","680406"
"MU.osexp","C:\Users\Public\Experiments\SM01\05-WMC\MU","Tr17_update3.png","7","662707","C:/Users/Public/Experiments/SM01/05-WMC/MU/MU_results/MUsbj018.csv","update","1300","5","0","680767","682069"
"MU.osexp","C:\Users\Public\Experiments\SM01\05-WMC\MU","Tr17_update4.png","7","662707","C:/Users/Public/Experiments/SM01/05-WMC/MU/MU_results/MUsbj018.csv","update","1300","5","0","682446","683748"
"MU.osexp","C:\Users\Public\Experiments\SM01\05-WMC\MU","Tr17_update5.png","7","662707","C:/Users/Public/Experiments/SM01/05-WMC/MU/MU_results/MUsbj018.csv","update","1300","5","0","684113","685415"
"MU.osexp","C:\Users\Public\Experiments\SM01\05-WMC\MU","Tr17_update6.png","7","662707","C:/Users/Public/Experiments/SM01/05-WMC/MU/MU_results/MUsbj018.csv","update","1300","5","0","685776","687078"
"MU.osexp","C:\Users\Public\Experiments\SM01\05-WMC\MU","Tr17_test1.png","0","692619","C:/Users/Public/Experiments/SM01/05-WMC/MU/MU_results/MUsbj018.csv","test","0","5","0","687435","692620"
"MU.osexp","C:\Users\Public\Experiments\SM01\05-WMC\MU","Tr17_test2.png","4","698003","C:/Users/Public/Experiments/SM01/05-WMC/MU/MU_results/MUsbj018.csv","test","0","5","0","693741","698004"
"MU.osexp","C:\Users\Public\Experiments\SM01\05-WMC\MU","Tr17_test3.png","3","707571","C:/Users/Public/Experiments/SM01/05-WMC/MU/MU_results/MUsbj018.csv","test","0","5","0","699099","707571"
"MU.osexp","C:\Users\Public\Experiments\SM01\05-WMC\MU","Tr17_test4.png","5","711587","C:/Users/Public/Experiments/SM01/05-WMC/MU/MU_results/MUsbj018.csv","test","0","5","0","708687","711588"
"MU.osexp","C:\Users\Public\Experiments\SM01\05-WMC\MU","Tr17_test5.png","5","713099","C:/Users/Public/Experiments/SM01/05-WMC/MU/MU_results/MUsbj018.csv","test","0","5","0","712696","713100"
