"experiment_file","experiment_path","image","key","key_time","logfile","phase","playtime","setSize","subject_nr","timestamp","waittime"
"MU.osexp","C:\Users\Public\Experiments\IDs\05-WMC\MU","ready1.png","NA","NA","C:/Users/Public/Experiments/IDs/05-WMC/MU/MUsbj073.csv","pre","0","3","73","74613","NA"
"MU.osexp","C:\Users\Public\Experiments\IDs\05-WMC\MU","fixation.png","NA","NA","C:/Users/Public/Experiments/IDs/05-WMC/MU/MUsbj073.csv","fix","1500","3","73","75801","NA"
"MU.osexp","C:\Users\Public\Experiments\IDs\05-WMC\MU","Tr1_study1.png","NA","NA","C:/Users/Public/Experiments/IDs/05-WMC/MU/MUsbj073.csv","study","1000","3","73","77420","78422"
"MU.osexp","C:\Users\Public\Experiments\IDs\05-WMC\MU","Tr1_study2.png","NA","NA","C:/Users/Public/Experiments/IDs/05-WMC/MU/MUsbj073.csv","study","1000","3","73","78832","79833"
"MU.osexp","C:\Users\Public\Experiments\IDs\05-WMC\MU","Tr1_study3.png","NA","NA","C:/Users/Public/Experiments/IDs/05-WMC/MU/MUsbj073.csv","study","1000","3","73","80212","81213"
"MU.osexp","C:\Users\Public\Experiments\IDs\05-WMC\MU","Tr1_update1.png","NA","NA","C:/Users/Public/Experiments/IDs/05-WMC/MU/MUsbj073.csv","update","1300","3","73","81561","82863"
"MU.osexp","C:\Users\Public\Experiments\IDs\05-WMC\MU","Tr1_update2.png","NA","NA","C:/Users/Public/Experiments/IDs/05-WMC/MU/MUsbj073.csv","update","1300","3","73","83205","84507"
"MU.osexp","C:\Users\Public\Experiments\IDs\05-WMC\MU","Tr1_update3.png","NA","NA","C:/Users/Public/Experiments/IDs/05-WMC/MU/MUsbj073.csv","update","1300","3","73","84883","86185"
"MU.osexp","C:\Users\Public\Experiments\IDs\05-WMC\MU","Tr1_test1.png","0","98136","C:/Users/Public/Experiments/IDs/05-WMC/MU/MUsbj073.csv","test","0","3","73","86553","98136"
"MU.osexp","C:\Users\Public\Experiments\IDs\05-WMC\MU","Tr1_test2.png","5","103047","C:/Users/Public/Experiments/IDs/05-WMC/MU/MUsbj073.csv","test","0","3","73","99274","103048"
"MU.osexp","C:\Users\Public\Experiments\IDs\05-WMC\MU","Tr1_test3.png","2","105247","C:/Users/Public/Experiments/IDs/05-WMC/MU/MUsbj073.csv","test","0","3","73","104171","105248"
"MU.osexp","C:\Users\Public\Experiments\IDs\05-WMC\MU","wait.png","2","105247","C:/Users/Public/Experiments/IDs/05-WMC/MU/MUsbj073.csv","wait","5000","3","73","106354","105248"
"MU.osexp","C:\Users\Public\Experiments\IDs\05-WMC\MU","fixation.png","2","105247","C:/Users/Public/Experiments/IDs/05-WMC/MU/MUsbj073.csv","fix","1500","3","73","111488","105248"
"MU.osexp","C:\Users\Public\Experiments\IDs\05-WMC\MU","Tr2_study1.png","2","105247","C:/Users/Public/Experiments/IDs/05-WMC/MU/MUsbj073.csv","study","1000","3","73","113120","114122"
"MU.osexp","C:\Users\Public\Experiments\IDs\05-WMC\MU","Tr2_study2.png","2","105247","C:/Users/Public/Experiments/IDs/05-WMC/MU/MUsbj073.csv","study","1000","3","73","114493","115495"
"MU.osexp","C:\Users\Public\Experiments\IDs\05-WMC\MU","Tr2_study3.png","2","105247","C:/Users/Public/Experiments/IDs/05-WMC/MU/MUsbj073.csv","study","1000","3","73","115878","116879"
"MU.osexp","C:\Users\Public\Experiments\IDs\05-WMC\MU","Tr2_update1.png","2","105247","C:/Users/Public/Experiments/IDs/05-WMC/MU/MUsbj073.csv","update","1300","3","73","117255","118557"
"MU.osexp","C:\Users\Public\Experiments\IDs\05-WMC\MU","Tr2_update2.png","2","105247","C:/Users/Public/Experiments/IDs/05-WMC/MU/MUsbj073.csv","update","1300","3","73","118905","120207"
"MU.osexp","C:\Users\Public\Experiments\IDs\05-WMC\MU","Tr2_update3.png","2","105247","C:/Users/Public/Experiments/IDs/05-WMC/MU/MUsbj073.csv","update","1300","3","73","120566","121868"
"MU.osexp","C:\Users\Public\Experiments\IDs\05-WMC\MU","Tr2_test1.png","4","124087","C:/Users/Public/Experiments/IDs/05-WMC/MU/MUsbj073.csv","test","0","3","73","122234","124088"
"MU.osexp","C:\Users\Public\Experiments\IDs\05-WMC\MU","Tr2_test2.png","0","126287","C:/Users/Public/Experiments/IDs/05-WMC/MU/MUsbj073.csv","test","0","3","73","125211","126288"
"MU.osexp","C:\Users\Public\Experiments\IDs\05-WMC\MU","Tr2_test3.png","7","129984","C:/Users/Public/Experiments/IDs/05-WMC/MU/MUsbj073.csv","test","0","3","73","127418","129985"
"MU.osexp","C:\Users\Public\Experiments\IDs\05-WMC\MU","ready2.png","7","129984","C:/Users/Public/Experiments/IDs/05-WMC/MU/MUsbj073.csv","pre","0","3","73","134722","129985"
"MU.osexp","C:\Users\Public\Experiments\IDs\05-WMC\MU","fixation.png","7","129984","C:/Users/Public/Experiments/IDs/05-WMC/MU/MUsbj073.csv","fix","1500","3","73","136150","129985"
"MU.osexp","C:\Users\Public\Experiments\IDs\05-WMC\MU","Tr3_study1.png","7","129984","C:/Users/Public/Experiments/IDs/05-WMC/MU/MUsbj073.csv","study","1000","3","73","137791","138793"
"MU.osexp","C:\Users\Public\Experiments\IDs\05-WMC\MU","Tr3_study2.png","7","129984","C:/Users/Public/Experiments/IDs/05-WMC/MU/MUsbj073.csv","study","1000","3","73","139141","140143"
"MU.osexp","C:\Users\Public\Experiments\IDs\05-WMC\MU","Tr3_study3.png","7","129984","C:/Users/Public/Experiments/IDs/05-WMC/MU/MUsbj073.csv","study","1000","3","73","140511","141513"
"MU.osexp","C:\Users\Public\Experiments\IDs\05-WMC\MU","Tr3_update1.png","7","129984","C:/Users/Public/Experiments/IDs/05-WMC/MU/MUsbj073.csv","update","1300","3","73","141876","143178"
"MU.osexp","C:\Users\Public\Experiments\IDs\05-WMC\MU","Tr3_update2.png","7","129984","C:/Users/Public/Experiments/IDs/05-WMC/MU/MUsbj073.csv","update","1300","3","73","143518","144820"
"MU.osexp","C:\Users\Public\Experiments\IDs\05-WMC\MU","Tr3_update3.png","7","129984","C:/Users/Public/Experiments/IDs/05-WMC/MU/MUsbj073.csv","update","1300","3","73","145183","146485"
"MU.osexp","C:\Users\Public\Experiments\IDs\05-WMC\MU","Tr3_test1.png","9","148336","C:/Users/Public/Experiments/IDs/05-WMC/MU/MUsbj073.csv","test","0","3","73","146861","148337"
"MU.osexp","C:\Users\Public\Experiments\IDs\05-WMC\MU","Tr3_test2.png","5","154767","C:/Users/Public/Experiments/IDs/05-WMC/MU/MUsbj073.csv","test","0","3","73","149448","154768"
"MU.osexp","C:\Users\Public\Experiments\IDs\05-WMC\MU","Tr3_test3.png","6","159847","C:/Users/Public/Experiments/IDs/05-WMC/MU/MUsbj073.csv","test","0","3","73","155897","159848"
"MU.osexp","C:\Users\Public\Experiments\IDs\05-WMC\MU","wait.png","6","159847","C:/Users/Public/Experiments/IDs/05-WMC/MU/MUsbj073.csv","wait","5000","4","73","160969","159848"
"MU.osexp","C:\Users\Public\Experiments\IDs\05-WMC\MU","fixation.png","6","159847","C:/Users/Public/Experiments/IDs/05-WMC/MU/MUsbj073.csv","fix","1500","4","73","166072","159848"
"MU.osexp","C:\Users\Public\Experiments\IDs\05-WMC\MU","Tr4_study1.png","6","159847","C:/Users/Public/Experiments/IDs/05-WMC/MU/MUsbj073.csv","study","1000","4","73","167669","168670"
"MU.osexp","C:\Users\Public\Experiments\IDs\05-WMC\MU","Tr4_study2.png","6","159847","C:/Users/Public/Experiments/IDs/05-WMC/MU/MUsbj073.csv","study","1000","4","73","169018","170020"
"MU.osexp","C:\Users\Public\Experiments\IDs\05-WMC\MU","Tr4_study3.png","6","159847","C:/Users/Public/Experiments/IDs/05-WMC/MU/MUsbj073.csv","study","1000","4","73","170369","171370"
"MU.osexp","C:\Users\Public\Experiments\IDs\05-WMC\MU","Tr4_study4.png","6","159847","C:/Users/Public/Experiments/IDs/05-WMC/MU/MUsbj073.csv","study","1000","4","73","171844","172846"
"MU.osexp","C:\Users\Public\Experiments\IDs\05-WMC\MU","Tr4_update1.png","6","159847","C:/Users/Public/Experiments/IDs/05-WMC/MU/MUsbj073.csv","update","1300","4","73","173206","174508"
"MU.osexp","C:\Users\Public\Experiments\IDs\05-WMC\MU","Tr4_update2.png","6","159847","C:/Users/Public/Experiments/IDs/05-WMC/MU/MUsbj073.csv","update","1300","4","73","174879","176181"
"MU.osexp","C:\Users\Public\Experiments\IDs\05-WMC\MU","Tr4_update3.png","6","159847","C:/Users/Public/Experiments/IDs/05-WMC/MU/MUsbj073.csv","update","1300","4","73","176517","177819"
"MU.osexp","C:\Users\Public\Experiments\IDs\05-WMC\MU","Tr4_update4.png","6","159847","C:/Users/Public/Experiments/IDs/05-WMC/MU/MUsbj073.csv","update","1300","4","73","178174","179476"
"MU.osexp","C:\Users\Public\Experiments\IDs\05-WMC\MU","Tr4_test1.png","3","187152","C:/Users/Public/Experiments/IDs/05-WMC/MU/MUsbj073.csv","test","0","4","73","179842","187152"
"MU.osexp","C:\Users\Public\Experiments\IDs\05-WMC\MU","Tr4_test2.png","5","191135","C:/Users/Public/Experiments/IDs/05-WMC/MU/MUsbj073.csv","test","0","4","73","188301","191136"
"MU.osexp","C:\Users\Public\Experiments\IDs\05-WMC\MU","Tr4_test3.png","1","193671","C:/Users/Public/Experiments/IDs/05-WMC/MU/MUsbj073.csv","test","0","4","73","192273","193672"
"MU.osexp","C:\Users\Public\Experiments\IDs\05-WMC\MU","Tr4_test4.png","2","195567","C:/Users/Public/Experiments/IDs/05-WMC/MU/MUsbj073.csv","test","0","4","73","194756","195568"
"MU.osexp","C:\Users\Public\Experiments\IDs\05-WMC\MU","wait.png","2","195567","C:/Users/Public/Experiments/IDs/05-WMC/MU/MUsbj073.csv","wait","5000","3","73","196696","195568"
"MU.osexp","C:\Users\Public\Experiments\IDs\05-WMC\MU","fixation.png","2","195567","C:/Users/Public/Experiments/IDs/05-WMC/MU/MUsbj073.csv","fix","1500","3","73","201791","195568"
"MU.osexp","C:\Users\Public\Experiments\IDs\05-WMC\MU","Tr5_study1.png","2","195567","C:/Users/Public/Experiments/IDs/05-WMC/MU/MUsbj073.csv","study","1000","3","73","203428","204430"
"MU.osexp","C:\Users\Public\Experiments\IDs\05-WMC\MU","Tr5_study2.png","2","195567","C:/Users/Public/Experiments/IDs/05-WMC/MU/MUsbj073.csv","study","1000","3","73","204789","205791"
"MU.osexp","C:\Users\Public\Experiments\IDs\05-WMC\MU","Tr5_study3.png","2","195567","C:/Users/Public/Experiments/IDs/05-WMC/MU/MUsbj073.csv","study","1000","3","73","206167","207169"
"MU.osexp","C:\Users\Public\Experiments\IDs\05-WMC\MU","Tr5_update1.png","2","195567","C:/Users/Public/Experiments/IDs/05-WMC/MU/MUsbj073.csv","update","1300","3","73","207515","208817"
"MU.osexp","C:\Users\Public\Experiments\IDs\05-WMC\MU","Tr5_update2.png","2","195567","C:/Users/Public/Experiments/IDs/05-WMC/MU/MUsbj073.csv","update","1300","3","73","209156","210458"
"MU.osexp","C:\Users\Public\Experiments\IDs\05-WMC\MU","Tr5_update3.png","2","195567","C:/Users/Public/Experiments/IDs/05-WMC/MU/MUsbj073.csv","update","1300","3","73","210811","212113"
"MU.osexp","C:\Users\Public\Experiments\IDs\05-WMC\MU","Tr5_update4.png","2","195567","C:/Users/Public/Experiments/IDs/05-WMC/MU/MUsbj073.csv","update","1300","3","73","212485","213787"
"MU.osexp","C:\Users\Public\Experiments\IDs\05-WMC\MU","Tr5_update5.png","2","195567","C:/Users/Public/Experiments/IDs/05-WMC/MU/MUsbj073.csv","update","1300","3","73","214136","215438"
"MU.osexp","C:\Users\Public\Experiments\IDs\05-WMC\MU","Tr5_update6.png","2","195567","C:/Users/Public/Experiments/IDs/05-WMC/MU/MUsbj073.csv","update","1300","3","73","215785","217087"
"MU.osexp","C:\Users\Public\Experiments\IDs\05-WMC\MU","Tr5_test1.png","4","220160","C:/Users/Public/Experiments/IDs/05-WMC/MU/MUsbj073.csv","test","0","3","73","217454","220161"
"MU.osexp","C:\Users\Public\Experiments\IDs\05-WMC\MU","Tr5_test2.png","4","223720","C:/Users/Public/Experiments/IDs/05-WMC/MU/MUsbj073.csv","test","0","3","73","221290","223720"
"MU.osexp","C:\Users\Public\Experiments\IDs\05-WMC\MU","Tr5_test3.png","9","226895","C:/Users/Public/Experiments/IDs/05-WMC/MU/MUsbj073.csv","test","0","3","73","224842","226896"
"MU.osexp","C:\Users\Public\Experiments\IDs\05-WMC\MU","wait.png","9","226895","C:/Users/Public/Experiments/IDs/05-WMC/MU/MUsbj073.csv","wait","5000","4","73","227996","226896"
"MU.osexp","C:\Users\Public\Experiments\IDs\05-WMC\MU","fixation.png","9","226895","C:/Users/Public/Experiments/IDs/05-WMC/MU/MUsbj073.csv","fix","1500","4","73","233090","226896"
"MU.osexp","C:\Users\Public\Experiments\IDs\05-WMC\MU","Tr6_study1.png","9","226895","C:/Users/Public/Experiments/IDs/05-WMC/MU/MUsbj073.csv","study","1000","4","73","234699","235700"
"MU.osexp","C:\Users\Public\Experiments\IDs\05-WMC\MU","Tr6_study2.png","9","226895","C:/Users/Public/Experiments/IDs/05-WMC/MU/MUsbj073.csv","study","1000","4","73","236068","237070"
"MU.osexp","C:\Users\Public\Experiments\IDs\05-WMC\MU","Tr6_study3.png","9","226895","C:/Users/Public/Experiments/IDs/05-WMC/MU/MUsbj073.csv","study","1000","4","73","237424","238425"
"MU.osexp","C:\Users\Public\Experiments\IDs\05-WMC\MU","Tr6_study4.png","9","226895","C:/Users/Public/Experiments/IDs/05-WMC/MU/MUsbj073.csv","study","1000","4","73","238808","239810"
"MU.osexp","C:\Users\Public\Experiments\IDs\05-WMC\MU","Tr6_update1.png","9","226895","C:/Users/Public/Experiments/IDs/05-WMC/MU/MUsbj073.csv","update","1300","4","73","240169","241471"
"MU.osexp","C:\Users\Public\Experiments\IDs\05-WMC\MU","Tr6_update2.png","9","226895","C:/Users/Public/Experiments/IDs/05-WMC/MU/MUsbj073.csv","update","1300","4","73","241812","243114"
"MU.osexp","C:\Users\Public\Experiments\IDs\05-WMC\MU","Tr6_update3.png","9","226895","C:/Users/Public/Experiments/IDs/05-WMC/MU/MUsbj073.csv","update","1300","4","73","243475","244777"
"MU.osexp","C:\Users\Public\Experiments\IDs\05-WMC\MU","Tr6_update4.png","9","226895","C:/Users/Public/Experiments/IDs/05-WMC/MU/MUsbj073.csv","update","1300","4","73","245127","246429"
"MU.osexp","C:\Users\Public\Experiments\IDs\05-WMC\MU","Tr6_update5.png","9","226895","C:/Users/Public/Experiments/IDs/05-WMC/MU/MUsbj073.csv","update","1300","4","73","246800","248102"
"MU.osexp","C:\Users\Public\Experiments\IDs\05-WMC\MU","Tr6_test1.png","6","252488","C:/Users/Public/Experiments/IDs/05-WMC/MU/MUsbj073.csv","test","0","4","73","248436","252489"
"MU.osexp","C:\Users\Public\Experiments\IDs\05-WMC\MU","Tr6_test2.png","1","255640","C:/Users/Public/Experiments/IDs/05-WMC/MU/MUsbj073.csv","test","0","4","73","253603","255641"
"MU.osexp","C:\Users\Public\Experiments\IDs\05-WMC\MU","Tr6_test3.png","3","258736","C:/Users/Public/Experiments/IDs/05-WMC/MU/MUsbj073.csv","test","0","4","73","256744","258736"
"MU.osexp","C:\Users\Public\Experiments\IDs\05-WMC\MU","Tr6_test4.png","4","261959","C:/Users/Public/Experiments/IDs/05-WMC/MU/MUsbj073.csv","test","0","4","73","259845","261960"
"MU.osexp","C:\Users\Public\Experiments\IDs\05-WMC\MU","wait.png","4","261959","C:/Users/Public/Experiments/IDs/05-WMC/MU/MUsbj073.csv","wait","5000","5","73","263077","261960"
"MU.osexp","C:\Users\Public\Experiments\IDs\05-WMC\MU","fixation.png","4","261959","C:/Users/Public/Experiments/IDs/05-WMC/MU/MUsbj073.csv","fix","1500","5","73","268190","261960"
"MU.osexp","C:\Users\Public\Experiments\IDs\05-WMC\MU","Tr7_study1.png","4","261959","C:/Users/Public/Experiments/IDs/05-WMC/MU/MUsbj073.csv","study","1000","5","73","269787","270788"
"MU.osexp","C:\Users\Public\Experiments\IDs\05-WMC\MU","Tr7_study2.png","4","261959","C:/Users/Public/Experiments/IDs/05-WMC/MU/MUsbj073.csv","study","1000","5","73","271142","272144"
"MU.osexp","C:\Users\Public\Experiments\IDs\05-WMC\MU","Tr7_study3.png","4","261959","C:/Users/Public/Experiments/IDs/05-WMC/MU/MUsbj073.csv","study","1000","5","73","272494","273495"
"MU.osexp","C:\Users\Public\Experiments\IDs\05-WMC\MU","Tr7_study4.png","4","261959","C:/Users/Public/Experiments/IDs/05-WMC/MU/MUsbj073.csv","study","1000","5","73","273839","274841"
"MU.osexp","C:\Users\Public\Experiments\IDs\05-WMC\MU","Tr7_study5.png","4","261959","C:/Users/Public/Experiments/IDs/05-WMC/MU/MUsbj073.csv","study","1000","5","73","275206","276207"
"MU.osexp","C:\Users\Public\Experiments\IDs\05-WMC\MU","Tr7_update1.png","4","261959","C:/Users/Public/Experiments/IDs/05-WMC/MU/MUsbj073.csv","update","1300","5","73","276557","277859"
"MU.osexp","C:\Users\Public\Experiments\IDs\05-WMC\MU","Tr7_update2.png","4","261959","C:/Users/Public/Experiments/IDs/05-WMC/MU/MUsbj073.csv","update","1300","5","73","278204","279506"
"MU.osexp","C:\Users\Public\Experiments\IDs\05-WMC\MU","Tr7_update3.png","4","261959","C:/Users/Public/Experiments/IDs/05-WMC/MU/MUsbj073.csv","update","1300","5","73","279837","281139"
"MU.osexp","C:\Users\Public\Experiments\IDs\05-WMC\MU","Tr7_update4.png","4","261959","C:/Users/Public/Experiments/IDs/05-WMC/MU/MUsbj073.csv","update","1300","5","73","281479","282780"
"MU.osexp","C:\Users\Public\Experiments\IDs\05-WMC\MU","Tr7_update5.png","4","261959","C:/Users/Public/Experiments/IDs/05-WMC/MU/MUsbj073.csv","update","1300","5","73","283136","284438"
"MU.osexp","C:\Users\Public\Experiments\IDs\05-WMC\MU","Tr7_test1.png","5","287016","C:/Users/Public/Experiments/IDs/05-WMC/MU/MUsbj073.csv","test","0","5","73","284781","287017"
"MU.osexp","C:\Users\Public\Experiments\IDs\05-WMC\MU","Tr7_test2.png","2","289136","C:/Users/Public/Experiments/IDs/05-WMC/MU/MUsbj073.csv","test","0","5","73","288125","289137"
"MU.osexp","C:\Users\Public\Experiments\IDs\05-WMC\MU","Tr7_test3.png","2","291072","C:/Users/Public/Experiments/IDs/05-WMC/MU/MUsbj073.csv","test","0","5","73","290243","291073"
"MU.osexp","C:\Users\Public\Experiments\IDs\05-WMC\MU","Tr7_test4.png","7","293072","C:/Users/Public/Experiments/IDs/05-WMC/MU/MUsbj073.csv","test","0","5","73","292170","293072"
"MU.osexp","C:\Users\Public\Experiments\IDs\05-WMC\MU","Tr7_test5.png","3","294928","C:/Users/Public/Experiments/IDs/05-WMC/MU/MUsbj073.csv","test","0","5","73","294210","294928"
"MU.osexp","C:\Users\Public\Experiments\IDs\05-WMC\MU","wait.png","3","294928","C:/Users/Public/Experiments/IDs/05-WMC/MU/MUsbj073.csv","wait","5000","4","73","296090","294928"
"MU.osexp","C:\Users\Public\Experiments\IDs\05-WMC\MU","fixation.png","3","294928","C:/Users/Public/Experiments/IDs/05-WMC/MU/MUsbj073.csv","fix","1500","4","73","301213","294928"
"MU.osexp","C:\Users\Public\Experiments\IDs\05-WMC\MU","Tr8_study1.png","3","294928","C:/Users/Public/Experiments/IDs/05-WMC/MU/MUsbj073.csv","study","1000","4","73","302811","303812"
"MU.osexp","C:\Users\Public\Experiments\IDs\05-WMC\MU","Tr8_study2.png","3","294928","C:/Users/Public/Experiments/IDs/05-WMC/MU/MUsbj073.csv","study","1000","4","73","304159","305161"
"MU.osexp","C:\Users\Public\Experiments\IDs\05-WMC\MU","Tr8_study3.png","3","294928","C:/Users/Public/Experiments/IDs/05-WMC/MU/MUsbj073.csv","study","1000","4","73","305517","306518"
"MU.osexp","C:\Users\Public\Experiments\IDs\05-WMC\MU","Tr8_study4.png","3","294928","C:/Users/Public/Experiments/IDs/05-WMC/MU/MUsbj073.csv","study","1000","4","73","306872","307874"
"MU.osexp","C:\Users\Public\Experiments\IDs\05-WMC\MU","Tr8_update1.png","3","294928","C:/Users/Public/Experiments/IDs/05-WMC/MU/MUsbj073.csv","update","1300","4","73","308224","309526"
"MU.osexp","C:\Users\Public\Experiments\IDs\05-WMC\MU","Tr8_update2.png","3","294928","C:/Users/Public/Experiments/IDs/05-WMC/MU/MUsbj073.csv","update","1300","4","73","309889","311191"
"MU.osexp","C:\Users\Public\Experiments\IDs\05-WMC\MU","Tr8_update3.png","3","294928","C:/Users/Public/Experiments/IDs/05-WMC/MU/MUsbj073.csv","update","1300","4","73","311540","312842"
"MU.osexp","C:\Users\Public\Experiments\IDs\05-WMC\MU","Tr8_test1.png","2","319039","C:/Users/Public/Experiments/IDs/05-WMC/MU/MUsbj073.csv","test","0","4","73","313215","319040"
"MU.osexp","C:\Users\Public\Experiments\IDs\05-WMC\MU","Tr8_test2.png","5","321744","C:/Users/Public/Experiments/IDs/05-WMC/MU/MUsbj073.csv","test","0","4","73","320165","321745"
"MU.osexp","C:\Users\Public\Experiments\IDs\05-WMC\MU","Tr8_test3.png","9","324096","C:/Users/Public/Experiments/IDs/05-WMC/MU/MUsbj073.csv","test","0","4","73","322881","324097"
"MU.osexp","C:\Users\Public\Experiments\IDs\05-WMC\MU","Tr8_test4.png","8","328176","C:/Users/Public/Experiments/IDs/05-WMC/MU/MUsbj073.csv","test","0","4","73","325192","328176"
"MU.osexp","C:\Users\Public\Experiments\IDs\05-WMC\MU","wait.png","8","328176","C:/Users/Public/Experiments/IDs/05-WMC/MU/MUsbj073.csv","wait","5000","5","73","329279","328176"
"MU.osexp","C:\Users\Public\Experiments\IDs\05-WMC\MU","fixation.png","8","328176","C:/Users/Public/Experiments/IDs/05-WMC/MU/MUsbj073.csv","fix","1500","5","73","334382","328176"
"MU.osexp","C:\Users\Public\Experiments\IDs\05-WMC\MU","Tr9_study1.png","8","328176","C:/Users/Public/Experiments/IDs/05-WMC/MU/MUsbj073.csv","study","1000","5","73","336009","337011"
"MU.osexp","C:\Users\Public\Experiments\IDs\05-WMC\MU","Tr9_study2.png","8","328176","C:/Users/Public/Experiments/IDs/05-WMC/MU/MUsbj073.csv","study","1000","5","73","337351","338353"
"MU.osexp","C:\Users\Public\Experiments\IDs\05-WMC\MU","Tr9_study3.png","8","328176","C:/Users/Public/Experiments/IDs/05-WMC/MU/MUsbj073.csv","study","1000","5","73","338721","339722"
"MU.osexp","C:\Users\Public\Experiments\IDs\05-WMC\MU","Tr9_study4.png","8","328176","C:/Users/Public/Experiments/IDs/05-WMC/MU/MUsbj073.csv","study","1000","5","73","340074","341076"
"MU.osexp","C:\Users\Public\Experiments\IDs\05-WMC\MU","Tr9_study5.png","8","328176","C:/Users/Public/Experiments/IDs/05-WMC/MU/MUsbj073.csv","study","1000","5","73","341436","342437"
"MU.osexp","C:\Users\Public\Experiments\IDs\05-WMC\MU","Tr9_update1.png","8","328176","C:/Users/Public/Experiments/IDs/05-WMC/MU/MUsbj073.csv","update","1300","5","73","342791","344093"
"MU.osexp","C:\Users\Public\Experiments\IDs\05-WMC\MU","Tr9_update2.png","8","328176","C:/Users/Public/Experiments/IDs/05-WMC/MU/MUsbj073.csv","update","1300","5","73","344469","345771"
"MU.osexp","C:\Users\Public\Experiments\IDs\05-WMC\MU","Tr9_test1.png","4","347880","C:/Users/Public/Experiments/IDs/05-WMC/MU/MUsbj073.csv","test","0","5","73","346094","347880"
"MU.osexp","C:\Users\Public\Experiments\IDs\05-WMC\MU","Tr9_test2.png","6","351959","C:/Users/Public/Experiments/IDs/05-WMC/MU/MUsbj073.csv","test","0","5","73","348999","351960"
"MU.osexp","C:\Users\Public\Experiments\IDs\05-WMC\MU","Tr9_test3.png","1","355535","C:/Users/Public/Experiments/IDs/05-WMC/MU/MUsbj073.csv","test","0","5","73","353063","355536"
"MU.osexp","C:\Users\Public\Experiments\IDs\05-WMC\MU","Tr9_test4.png","5","358152","C:/Users/Public/Experiments/IDs/05-WMC/MU/MUsbj073.csv","test","0","5","73","356646","358153"
"MU.osexp","C:\Users\Public\Experiments\IDs\05-WMC\MU","Tr9_test5.png","4","360984","C:/Users/Public/Experiments/IDs/05-WMC/MU/MUsbj073.csv","test","0","5","73","359253","360985"
"MU.osexp","C:\Users\Public\Experiments\IDs\05-WMC\MU","wait.png","4","360984","C:/Users/Public/Experiments/IDs/05-WMC/MU/MUsbj073.csv","wait","5000","3","73","362071","360985"
"MU.osexp","C:\Users\Public\Experiments\IDs\05-WMC\MU","fixation.png","4","360984","C:/Users/Public/Experiments/IDs/05-WMC/MU/MUsbj073.csv","fix","1500","3","73","367190","360985"
"MU.osexp","C:\Users\Public\Experiments\IDs\05-WMC\MU","Tr10_study1.png","4","360984","C:/Users/Public/Experiments/IDs/05-WMC/MU/MUsbj073.csv","study","1000","3","73","368798","369799"
"MU.osexp","C:\Users\Public\Experiments\IDs\05-WMC\MU","Tr10_study2.png","4","360984","C:/Users/Public/Experiments/IDs/05-WMC/MU/MUsbj073.csv","study","1000","3","73","370144","371146"
"MU.osexp","C:\Users\Public\Experiments\IDs\05-WMC\MU","Tr10_study3.png","4","360984","C:/Users/Public/Experiments/IDs/05-WMC/MU/MUsbj073.csv","study","1000","3","73","371494","372495"
"MU.osexp","C:\Users\Public\Experiments\IDs\05-WMC\MU","Tr10_update1.png","4","360984","C:/Users/Public/Experiments/IDs/05-WMC/MU/MUsbj073.csv","update","1300","3","73","372843","374145"
"MU.osexp","C:\Users\Public\Experiments\IDs\05-WMC\MU","Tr10_update2.png","4","360984","C:/Users/Public/Experiments/IDs/05-WMC/MU/MUsbj073.csv","update","1300","3","73","374494","375796"
"MU.osexp","C:\Users\Public\Experiments\IDs\05-WMC\MU","Tr10_test1.png","5","377704","C:/Users/Public/Experiments/IDs/05-WMC/MU/MUsbj073.csv","test","0","3","73","376138","377705"
"MU.osexp","C:\Users\Public\Experiments\IDs\05-WMC\MU","Tr10_test2.png","5","378968","C:/Users/Public/Experiments/IDs/05-WMC/MU/MUsbj073.csv","test","0","3","73","378787","378969"
"MU.osexp","C:\Users\Public\Experiments\IDs\05-WMC\MU","Tr10_test3.png","5","380592","C:/Users/Public/Experiments/IDs/05-WMC/MU/MUsbj073.csv","test","0","3","73","380053","380593"
"MU.osexp","C:\Users\Public\Experiments\IDs\05-WMC\MU","wait.png","5","380592","C:/Users/Public/Experiments/IDs/05-WMC/MU/MUsbj073.csv","wait","5000","5","73","381669","380593"
"MU.osexp","C:\Users\Public\Experiments\IDs\05-WMC\MU","fixation.png","5","380592","C:/Users/Public/Experiments/IDs/05-WMC/MU/MUsbj073.csv","fix","1500","5","73","386736","380593"
"MU.osexp","C:\Users\Public\Experiments\IDs\05-WMC\MU","Tr11_study1.png","5","380592","C:/Users/Public/Experiments/IDs/05-WMC/MU/MUsbj073.csv","study","1000","5","73","388319","389319"
"MU.osexp","C:\Users\Public\Experiments\IDs\05-WMC\MU","Tr11_study2.png","5","380592","C:/Users/Public/Experiments/IDs/05-WMC/MU/MUsbj073.csv","study","1000","5","73","389636","390636"
"MU.osexp","C:\Users\Public\Experiments\IDs\05-WMC\MU","Tr11_study3.png","5","380592","C:/Users/Public/Experiments/IDs/05-WMC/MU/MUsbj073.csv","study","1000","5","73","390968","391968"
"MU.osexp","C:\Users\Public\Experiments\IDs\05-WMC\MU","Tr11_study4.png","5","380592","C:/Users/Public/Experiments/IDs/05-WMC/MU/MUsbj073.csv","study","1000","5","73","392305","393305"
"MU.osexp","C:\Users\Public\Experiments\IDs\05-WMC\MU","Tr11_study5.png","5","380592","C:/Users/Public/Experiments/IDs/05-WMC/MU/MUsbj073.csv","study","1000","5","73","393620","394620"
"MU.osexp","C:\Users\Public\Experiments\IDs\05-WMC\MU","Tr11_update1.png","5","380592","C:/Users/Public/Experiments/IDs/05-WMC/MU/MUsbj073.csv","update","1300","5","73","394954","396254"
"MU.osexp","C:\Users\Public\Experiments\IDs\05-WMC\MU","Tr11_update2.png","5","380592","C:/Users/Public/Experiments/IDs/05-WMC/MU/MUsbj073.csv","update","1300","5","73","396585","397885"
"MU.osexp","C:\Users\Public\Experiments\IDs\05-WMC\MU","Tr11_update3.png","5","380592","C:/Users/Public/Experiments/IDs/05-WMC/MU/MUsbj073.csv","update","1300","5","73","398220","399520"
"MU.osexp","C:\Users\Public\Experiments\IDs\05-WMC\MU","Tr11_test1.png","1","403127","C:/Users/Public/Experiments/IDs/05-WMC/MU/MUsbj073.csv","test","0","5","73","399838","403128"
"MU.osexp","C:\Users\Public\Experiments\IDs\05-WMC\MU","Tr11_test2.png","7","405583","C:/Users/Public/Experiments/IDs/05-WMC/MU/MUsbj073.csv","test","0","5","73","404214","405584"
"MU.osexp","C:\Users\Public\Experiments\IDs\05-WMC\MU","Tr11_test3.png","3","407783","C:/Users/Public/Experiments/IDs/05-WMC/MU/MUsbj073.csv","test","0","5","73","406754","407784"
"MU.osexp","C:\Users\Public\Experiments\IDs\05-WMC\MU","Tr11_test4.png","6","410424","C:/Users/Public/Experiments/IDs/05-WMC/MU/MUsbj073.csv","test","0","5","73","408869","410425"
"MU.osexp","C:\Users\Public\Experiments\IDs\05-WMC\MU","Tr11_test5.png","2","412592","C:/Users/Public/Experiments/IDs/05-WMC/MU/MUsbj073.csv","test","0","5","73","411506","412593"
"MU.osexp","C:\Users\Public\Experiments\IDs\05-WMC\MU","wait.png","2","412592","C:/Users/Public/Experiments/IDs/05-WMC/MU/MUsbj073.csv","wait","5000","3","73","413679","412593"
"MU.osexp","C:\Users\Public\Experiments\IDs\05-WMC\MU","fixation.png","2","412592","C:/Users/Public/Experiments/IDs/05-WMC/MU/MUsbj073.csv","fix","1500","3","73","418793","412593"
"MU.osexp","C:\Users\Public\Experiments\IDs\05-WMC\MU","Tr12_study1.png","2","412592","C:/Users/Public/Experiments/IDs/05-WMC/MU/MUsbj073.csv","study","1000","3","73","420558","421560"
"MU.osexp","C:\Users\Public\Experiments\IDs\05-WMC\MU","Tr12_study2.png","2","412592","C:/Users/Public/Experiments/IDs/05-WMC/MU/MUsbj073.csv","study","1000","3","73","421924","422926"
"MU.osexp","C:\Users\Public\Experiments\IDs\05-WMC\MU","Tr12_study3.png","2","412592","C:/Users/Public/Experiments/IDs/05-WMC/MU/MUsbj073.csv","study","1000","3","73","423293","424294"
"MU.osexp","C:\Users\Public\Experiments\IDs\05-WMC\MU","Tr12_update1.png","2","412592","C:/Users/Public/Experiments/IDs/05-WMC/MU/MUsbj073.csv","update","1300","3","73","424657","425959"
"MU.osexp","C:\Users\Public\Experiments\IDs\05-WMC\MU","Tr12_update2.png","2","412592","C:/Users/Public/Experiments/IDs/05-WMC/MU/MUsbj073.csv","update","1300","3","73","426335","427637"
"MU.osexp","C:\Users\Public\Experiments\IDs\05-WMC\MU","Tr12_update3.png","2","412592","C:/Users/Public/Experiments/IDs/05-WMC/MU/MUsbj073.csv","update","1300","3","73","428011","429313"
"MU.osexp","C:\Users\Public\Experiments\IDs\05-WMC\MU","Tr12_update4.png","2","412592","C:/Users/Public/Experiments/IDs/05-WMC/MU/MUsbj073.csv","update","1300","3","73","429659","430961"
"MU.osexp","C:\Users\Public\Experiments\IDs\05-WMC\MU","Tr12_update5.png","2","412592","C:/Users/Public/Experiments/IDs/05-WMC/MU/MUsbj073.csv","update","1300","3","73","431314","432616"
"MU.osexp","C:\Users\Public\Experiments\IDs\05-WMC\MU","Tr12_test1.png","4","435680","C:/Users/Public/Experiments/IDs/05-WMC/MU/MUsbj073.csv","test","0","3","73","432981","435680"
"MU.osexp","C:\Users\Public\Experiments\IDs\05-WMC\MU","Tr12_test2.png","9","437456","C:/Users/Public/Experiments/IDs/05-WMC/MU/MUsbj073.csv","test","0","3","73","436773","437456"
"MU.osexp","C:\Users\Public\Experiments\IDs\05-WMC\MU","Tr12_test3.png","7","438879","C:/Users/Public/Experiments/IDs/05-WMC/MU/MUsbj073.csv","test","0","3","73","438550","438880"
"MU.osexp","C:\Users\Public\Experiments\IDs\05-WMC\MU","wait.png","7","438879","C:/Users/Public/Experiments/IDs/05-WMC/MU/MUsbj073.csv","wait","5000","3","73","440090","438880"
"MU.osexp","C:\Users\Public\Experiments\IDs\05-WMC\MU","fixation.png","7","438879","C:/Users/Public/Experiments/IDs/05-WMC/MU/MUsbj073.csv","fix","1500","3","73","445201","438880"
"MU.osexp","C:\Users\Public\Experiments\IDs\05-WMC\MU","Tr13_study1.png","7","438879","C:/Users/Public/Experiments/IDs/05-WMC/MU/MUsbj073.csv","study","1000","3","73","446822","447824"
"MU.osexp","C:\Users\Public\Experiments\IDs\05-WMC\MU","Tr13_study2.png","7","438879","C:/Users/Public/Experiments/IDs/05-WMC/MU/MUsbj073.csv","study","1000","3","73","448176","449178"
"MU.osexp","C:\Users\Public\Experiments\IDs\05-WMC\MU","Tr13_study3.png","7","438879","C:/Users/Public/Experiments/IDs/05-WMC/MU/MUsbj073.csv","study","1000","3","73","449517","450519"
"MU.osexp","C:\Users\Public\Experiments\IDs\05-WMC\MU","Tr13_update1.png","7","438879","C:/Users/Public/Experiments/IDs/05-WMC/MU/MUsbj073.csv","update","1300","3","73","450861","452163"
"MU.osexp","C:\Users\Public\Experiments\IDs\05-WMC\MU","Tr13_update2.png","7","438879","C:/Users/Public/Experiments/IDs/05-WMC/MU/MUsbj073.csv","update","1300","3","73","452522","453824"
"MU.osexp","C:\Users\Public\Experiments\IDs\05-WMC\MU","Tr13_update3.png","7","438879","C:/Users/Public/Experiments/IDs/05-WMC/MU/MUsbj073.csv","update","1300","3","73","454192","455494"
"MU.osexp","C:\Users\Public\Experiments\IDs\05-WMC\MU","Tr13_update4.png","7","438879","C:/Users/Public/Experiments/IDs/05-WMC/MU/MUsbj073.csv","update","1300","3","73","455835","457137"
"MU.osexp","C:\Users\Public\Experiments\IDs\05-WMC\MU","Tr13_test1.png","4","461127","C:/Users/Public/Experiments/IDs/05-WMC/MU/MUsbj073.csv","test","0","3","73","457496","461128"
"MU.osexp","C:\Users\Public\Experiments\IDs\05-WMC\MU","Tr13_test2.png","1","464288","C:/Users/Public/Experiments/IDs/05-WMC/MU/MUsbj073.csv","test","0","3","73","462224","464289"
"MU.osexp","C:\Users\Public\Experiments\IDs\05-WMC\MU","Tr13_test3.png","4","468016","C:/Users/Public/Experiments/IDs/05-WMC/MU/MUsbj073.csv","test","0","3","73","465388","468017"
"MU.osexp","C:\Users\Public\Experiments\IDs\05-WMC\MU","wait.png","4","468016","C:/Users/Public/Experiments/IDs/05-WMC/MU/MUsbj073.csv","wait","5000","5","73","469111","468017"
"MU.osexp","C:\Users\Public\Experiments\IDs\05-WMC\MU","fixation.png","4","468016","C:/Users/Public/Experiments/IDs/05-WMC/MU/MUsbj073.csv","fix","1500","5","73","474382","468017"
"MU.osexp","C:\Users\Public\Experiments\IDs\05-WMC\MU","Tr14_study1.png","4","468016","C:/Users/Public/Experiments/IDs/05-WMC/MU/MUsbj073.csv","study","1000","5","73","475998","476999"
"MU.osexp","C:\Users\Public\Experiments\IDs\05-WMC\MU","Tr14_study2.png","4","468016","C:/Users/Public/Experiments/IDs/05-WMC/MU/MUsbj073.csv","study","1000","5","73","477347","478350"
"MU.osexp","C:\Users\Public\Experiments\IDs\05-WMC\MU","Tr14_study3.png","4","468016","C:/Users/Public/Experiments/IDs/05-WMC/MU/MUsbj073.csv","study","1000","5","73","478737","479739"
"MU.osexp","C:\Users\Public\Experiments\IDs\05-WMC\MU","Tr14_study4.png","4","468016","C:/Users/Public/Experiments/IDs/05-WMC/MU/MUsbj073.csv","study","1000","5","73","480089","481091"
"MU.osexp","C:\Users\Public\Experiments\IDs\05-WMC\MU","Tr14_study5.png","4","468016","C:/Users/Public/Experiments/IDs/05-WMC/MU/MUsbj073.csv","study","1000","5","73","481491","482493"
"MU.osexp","C:\Users\Public\Experiments\IDs\05-WMC\MU","Tr14_update1.png","4","468016","C:/Users/Public/Experiments/IDs/05-WMC/MU/MUsbj073.csv","update","1300","5","73","482842","484144"
"MU.osexp","C:\Users\Public\Experiments\IDs\05-WMC\MU","Tr14_update2.png","4","468016","C:/Users/Public/Experiments/IDs/05-WMC/MU/MUsbj073.csv","update","1300","5","73","484501","485804"
"MU.osexp","C:\Users\Public\Experiments\IDs\05-WMC\MU","Tr14_update3.png","4","468016","C:/Users/Public/Experiments/IDs/05-WMC/MU/MUsbj073.csv","update","1300","5","73","486156","487459"
"MU.osexp","C:\Users\Public\Experiments\IDs\05-WMC\MU","Tr14_update4.png","4","468016","C:/Users/Public/Experiments/IDs/05-WMC/MU/MUsbj073.csv","update","1300","5","73","487840","489142"
"MU.osexp","C:\Users\Public\Experiments\IDs\05-WMC\MU","Tr14_test1.png","8","492007","C:/Users/Public/Experiments/IDs/05-WMC/MU/MUsbj073.csv","test","0","5","73","489491","492008"
"MU.osexp","C:\Users\Public\Experiments\IDs\05-WMC\MU","Tr14_test2.png","7","494695","C:/Users/Public/Experiments/IDs/05-WMC/MU/MUsbj073.csv","test","0","5","73","493113","494696"
"MU.osexp","C:\Users\Public\Experiments\IDs\05-WMC\MU","Tr14_test3.png","8","498056","C:/Users/Public/Experiments/IDs/05-WMC/MU/MUsbj073.csv","test","0","5","73","495788","498057"
"MU.osexp","C:\Users\Public\Experiments\IDs\05-WMC\MU","Tr14_test4.png","5","500208","C:/Users/Public/Experiments/IDs/05-WMC/MU/MUsbj073.csv","test","0","5","73","499168","500209"
"MU.osexp","C:\Users\Public\Experiments\IDs\05-WMC\MU","Tr14_test5.png","3","503016","C:/Users/Public/Experiments/IDs/05-WMC/MU/MUsbj073.csv","test","0","5","73","501299","503017"
"MU.osexp","C:\Users\Public\Experiments\IDs\05-WMC\MU","wait.png","3","503016","C:/Users/Public/Experiments/IDs/05-WMC/MU/MUsbj073.csv","wait","5000","4","73","504115","503017"
"MU.osexp","C:\Users\Public\Experiments\IDs\05-WMC\MU","fixation.png","3","503016","C:/Users/Public/Experiments/IDs/05-WMC/MU/MUsbj073.csv","fix","1500","4","73","509217","503017"
"MU.osexp","C:\Users\Public\Experiments\IDs\05-WMC\MU","Tr15_study1.png","3","503016","C:/Users/Public/Experiments/IDs/05-WMC/MU/MUsbj073.csv","study","1000","4","73","510816","511816"
"MU.osexp","C:\Users\Public\Experiments\IDs\05-WMC\MU","Tr15_study2.png","3","503016","C:/Users/Public/Experiments/IDs/05-WMC/MU/MUsbj073.csv","study","1000","4","73","512172","513174"
"MU.osexp","C:\Users\Public\Experiments\IDs\05-WMC\MU","Tr15_study3.png","3","503016","C:/Users/Public/Experiments/IDs/05-WMC/MU/MUsbj073.csv","study","1000","4","73","513552","514554"
"MU.osexp","C:\Users\Public\Experiments\IDs\05-WMC\MU","Tr15_study4.png","3","503016","C:/Users/Public/Experiments/IDs/05-WMC/MU/MUsbj073.csv","study","1000","4","73","514900","515902"
"MU.osexp","C:\Users\Public\Experiments\IDs\05-WMC\MU","Tr15_update1.png","3","503016","C:/Users/Public/Experiments/IDs/05-WMC/MU/MUsbj073.csv","update","1300","4","73","516263","517565"
"MU.osexp","C:\Users\Public\Experiments\IDs\05-WMC\MU","Tr15_update2.png","3","503016","C:/Users/Public/Experiments/IDs/05-WMC/MU/MUsbj073.csv","update","1300","4","73","517923","519225"
"MU.osexp","C:\Users\Public\Experiments\IDs\05-WMC\MU","Tr15_update3.png","3","503016","C:/Users/Public/Experiments/IDs/05-WMC/MU/MUsbj073.csv","update","1300","4","73","519565","520867"
"MU.osexp","C:\Users\Public\Experiments\IDs\05-WMC\MU","Tr15_update4.png","3","503016","C:/Users/Public/Experiments/IDs/05-WMC/MU/MUsbj073.csv","update","1300","4","73","521220","522522"
"MU.osexp","C:\Users\Public\Experiments\IDs\05-WMC\MU","Tr15_update5.png","3","503016","C:/Users/Public/Experiments/IDs/05-WMC/MU/MUsbj073.csv","update","1300","4","73","522890","524192"
"MU.osexp","C:\Users\Public\Experiments\IDs\05-WMC\MU","Tr15_update6.png","3","503016","C:/Users/Public/Experiments/IDs/05-WMC/MU/MUsbj073.csv","update","1300","4","73","524549","525851"
"MU.osexp","C:\Users\Public\Experiments\IDs\05-WMC\MU","Tr15_test1.png","9","528839","C:/Users/Public/Experiments/IDs/05-WMC/MU/MUsbj073.csv","test","0","4","73","526217","528840"
"MU.osexp","C:\Users\Public\Experiments\IDs\05-WMC\MU","Tr15_test2.png","7","531199","C:/Users/Public/Experiments/IDs/05-WMC/MU/MUsbj073.csv","test","0","4","73","529941","531200"
"MU.osexp","C:\Users\Public\Experiments\IDs\05-WMC\MU","Tr15_test3.png","8","533432","C:/Users/Public/Experiments/IDs/05-WMC/MU/MUsbj073.csv","test","0","4","73","532299","533433"
"MU.osexp","C:\Users\Public\Experiments\IDs\05-WMC\MU","Tr15_test4.png","9","535664","C:/Users/Public/Experiments/IDs/05-WMC/MU/MUsbj073.csv","test","0","4","73","534543","535665"
"MU.osexp","C:\Users\Public\Experiments\IDs\05-WMC\MU","wait.png","9","535664","C:/Users/Public/Experiments/IDs/05-WMC/MU/MUsbj073.csv","wait","5000","4","73","536763","535665"
"MU.osexp","C:\Users\Public\Experiments\IDs\05-WMC\MU","fixation.png","9","535664","C:/Users/Public/Experiments/IDs/05-WMC/MU/MUsbj073.csv","fix","1500","4","73","541881","535665"
"MU.osexp","C:\Users\Public\Experiments\IDs\05-WMC\MU","Tr16_study1.png","9","535664","C:/Users/Public/Experiments/IDs/05-WMC/MU/MUsbj073.csv","study","1000","4","73","543486","544487"
"MU.osexp","C:\Users\Public\Experiments\IDs\05-WMC\MU","Tr16_study2.png","9","535664","C:/Users/Public/Experiments/IDs/05-WMC/MU/MUsbj073.csv","study","1000","4","73","544866","545869"
"MU.osexp","C:\Users\Public\Experiments\IDs\05-WMC\MU","Tr16_study3.png","9","535664","C:/Users/Public/Experiments/IDs/05-WMC/MU/MUsbj073.csv","study","1000","4","73","546296","547299"
"MU.osexp","C:\Users\Public\Experiments\IDs\05-WMC\MU","Tr16_study4.png","9","535664","C:/Users/Public/Experiments/IDs/05-WMC/MU/MUsbj073.csv","study","1000","4","73","547712","548714"
"MU.osexp","C:\Users\Public\Experiments\IDs\05-WMC\MU","Tr16_update1.png","9","535664","C:/Users/Public/Experiments/IDs/05-WMC/MU/MUsbj073.csv","update","1300","4","73","549082","550383"
"MU.osexp","C:\Users\Public\Experiments\IDs\05-WMC\MU","Tr16_update2.png","9","535664","C:/Users/Public/Experiments/IDs/05-WMC/MU/MUsbj073.csv","update","1300","4","73","550744","552046"
"MU.osexp","C:\Users\Public\Experiments\IDs\05-WMC\MU","Tr16_test1.png","9","555184","C:/Users/Public/Experiments/IDs/05-WMC/MU/MUsbj073.csv","test","0","4","73","552401","555185"
"MU.osexp","C:\Users\Public\Experiments\IDs\05-WMC\MU","Tr16_test2.png","7","557320","C:/Users/Public/Experiments/IDs/05-WMC/MU/MUsbj073.csv","test","0","4","73","556288","557321"
"MU.osexp","C:\Users\Public\Experiments\IDs\05-WMC\MU","Tr16_test3.png","5","562527","C:/Users/Public/Experiments/IDs/05-WMC/MU/MUsbj073.csv","test","0","4","73","558432","562528"
"MU.osexp","C:\Users\Public\Experiments\IDs\05-WMC\MU","Tr16_test4.png","6","564199","C:/Users/Public/Experiments/IDs/05-WMC/MU/MUsbj073.csv","test","0","4","73","563627","564200"
"MU.osexp","C:\Users\Public\Experiments\IDs\05-WMC\MU","wait.png","6","564199","C:/Users/Public/Experiments/IDs/05-WMC/MU/MUsbj073.csv","wait","5000","5","73","565298","564200"
"MU.osexp","C:\Users\Public\Experiments\IDs\05-WMC\MU","fixation.png","6","564199","C:/Users/Public/Experiments/IDs/05-WMC/MU/MUsbj073.csv","fix","1500","5","73","570391","564200"
"MU.osexp","C:\Users\Public\Experiments\IDs\05-WMC\MU","Tr17_study1.png","6","564199","C:/Users/Public/Experiments/IDs/05-WMC/MU/MUsbj073.csv","study","1000","5","73","572010","573011"
"MU.osexp","C:\Users\Public\Experiments\IDs\05-WMC\MU","Tr17_study2.png","6","564199","C:/Users/Public/Experiments/IDs/05-WMC/MU/MUsbj073.csv","study","1000","5","73","573354","574356"
"MU.osexp","C:\Users\Public\Experiments\IDs\05-WMC\MU","Tr17_study3.png","6","564199","C:/Users/Public/Experiments/IDs/05-WMC/MU/MUsbj073.csv","study","1000","5","73","574708","575709"
"MU.osexp","C:\Users\Public\Experiments\IDs\05-WMC\MU","Tr17_study4.png","6","564199","C:/Users/Public/Experiments/IDs/05-WMC/MU/MUsbj073.csv","study","1000","5","73","576054","577056"
"MU.osexp","C:\Users\Public\Experiments\IDs\05-WMC\MU","Tr17_study5.png","6","564199","C:/Users/Public/Experiments/IDs/05-WMC/MU/MUsbj073.csv","study","1000","5","73","577441","578442"
"MU.osexp","C:\Users\Public\Experiments\IDs\05-WMC\MU","Tr17_update1.png","6","564199","C:/Users/Public/Experiments/IDs/05-WMC/MU/MUsbj073.csv","update","1300","5","73","578805","580107"
"MU.osexp","C:\Users\Public\Experiments\IDs\05-WMC\MU","Tr17_update2.png","6","564199","C:/Users/Public/Experiments/IDs/05-WMC/MU/MUsbj073.csv","update","1300","5","73","580479","581781"
"MU.osexp","C:\Users\Public\Experiments\IDs\05-WMC\MU","Tr17_update3.png","6","564199","C:/Users/Public/Experiments/IDs/05-WMC/MU/MUsbj073.csv","update","1300","5","73","582135","583437"
"MU.osexp","C:\Users\Public\Experiments\IDs\05-WMC\MU","Tr17_update4.png","6","564199","C:/Users/Public/Experiments/IDs/05-WMC/MU/MUsbj073.csv","update","1300","5","73","583788","585090"
"MU.osexp","C:\Users\Public\Experiments\IDs\05-WMC\MU","Tr17_update5.png","6","564199","C:/Users/Public/Experiments/IDs/05-WMC/MU/MUsbj073.csv","update","1300","5","73","585443","586745"
"MU.osexp","C:\Users\Public\Experiments\IDs\05-WMC\MU","Tr17_update6.png","6","564199","C:/Users/Public/Experiments/IDs/05-WMC/MU/MUsbj073.csv","update","1300","5","73","587103","588405"
"MU.osexp","C:\Users\Public\Experiments\IDs\05-WMC\MU","Tr17_test1.png","1","590808","C:/Users/Public/Experiments/IDs/05-WMC/MU/MUsbj073.csv","test","0","5","73","588761","590809"
"MU.osexp","C:\Users\Public\Experiments\IDs\05-WMC\MU","Tr17_test2.png","5","592424","C:/Users/Public/Experiments/IDs/05-WMC/MU/MUsbj073.csv","test","0","5","73","591913","592425"
"MU.osexp","C:\Users\Public\Experiments\IDs\05-WMC\MU","Tr17_test3.png","7","593912","C:/Users/Public/Experiments/IDs/05-WMC/MU/MUsbj073.csv","test","0","5","73","593559","593912"
"MU.osexp","C:\Users\Public\Experiments\IDs\05-WMC\MU","Tr17_test4.png","3","595536","C:/Users/Public/Experiments/IDs/05-WMC/MU/MUsbj073.csv","test","0","5","73","595011","595536"
"MU.osexp","C:\Users\Public\Experiments\IDs\05-WMC\MU","Tr17_test5.png","8","597056","C:/Users/Public/Experiments/IDs/05-WMC/MU/MUsbj073.csv","test","0","5","73","596674","597056"
