"experiment_file","experiment_path","image","key","key_time","logfile","phase","playtime","setSize","subject_nr","timestamp","waittime"
"MU.osexp","C:\Users\Public\Experiments\IDs\05-WMC\MU","ready1.png","NA","NA","C:/Users/Public/Experiments/IDs/05-WMC/MU/subject-75.csv","pre","0","3","75","130247","NA"
"MU.osexp","C:\Users\Public\Experiments\IDs\05-WMC\MU","fixation.png","NA","NA","C:/Users/Public/Experiments/IDs/05-WMC/MU/subject-75.csv","fix","1500","3","75","132132","NA"
"MU.osexp","C:\Users\Public\Experiments\IDs\05-WMC\MU","Tr1_study1.png","NA","NA","C:/Users/Public/Experiments/IDs/05-WMC/MU/subject-75.csv","study","1000","3","75","133727","134727"
"MU.osexp","C:\Users\Public\Experiments\IDs\05-WMC\MU","Tr1_study2.png","NA","NA","C:/Users/Public/Experiments/IDs/05-WMC/MU/subject-75.csv","study","1000","3","75","135068","136068"
"MU.osexp","C:\Users\Public\Experiments\IDs\05-WMC\MU","Tr1_study3.png","NA","NA","C:/Users/Public/Experiments/IDs/05-WMC/MU/subject-75.csv","study","1000","3","75","136406","137406"
"MU.osexp","C:\Users\Public\Experiments\IDs\05-WMC\MU","Tr1_update1.png","NA","NA","C:/Users/Public/Experiments/IDs/05-WMC/MU/subject-75.csv","update","1300","3","75","137730","139030"
"MU.osexp","C:\Users\Public\Experiments\IDs\05-WMC\MU","Tr1_update2.png","NA","NA","C:/Users/Public/Experiments/IDs/05-WMC/MU/subject-75.csv","update","1300","3","75","139353","140653"
"MU.osexp","C:\Users\Public\Experiments\IDs\05-WMC\MU","Tr1_update3.png","NA","NA","C:/Users/Public/Experiments/IDs/05-WMC/MU/subject-75.csv","update","1300","3","75","140990","142290"
"MU.osexp","C:\Users\Public\Experiments\IDs\05-WMC\MU","Tr1_test1.png","1","148256","C:/Users/Public/Experiments/IDs/05-WMC/MU/subject-75.csv","test","0","3","75","142616","148257"
"MU.osexp","C:\Users\Public\Experiments\IDs\05-WMC\MU","Tr1_test2.png","2","156048","C:/Users/Public/Experiments/IDs/05-WMC/MU/subject-75.csv","test","0","3","75","149336","156050"
"MU.osexp","C:\Users\Public\Experiments\IDs\05-WMC\MU","Tr1_test3.png","2","157992","C:/Users/Public/Experiments/IDs/05-WMC/MU/subject-75.csv","test","0","3","75","157139","157993"
"MU.osexp","C:\Users\Public\Experiments\IDs\05-WMC\MU","wait.png","2","157992","C:/Users/Public/Experiments/IDs/05-WMC/MU/subject-75.csv","wait","5000","3","75","159079","157993"
"MU.osexp","C:\Users\Public\Experiments\IDs\05-WMC\MU","fixation.png","2","157992","C:/Users/Public/Experiments/IDs/05-WMC/MU/subject-75.csv","fix","1500","3","75","164179","157993"
"MU.osexp","C:\Users\Public\Experiments\IDs\05-WMC\MU","Tr2_study1.png","2","157992","C:/Users/Public/Experiments/IDs/05-WMC/MU/subject-75.csv","study","1000","3","75","165830","166832"
"MU.osexp","C:\Users\Public\Experiments\IDs\05-WMC\MU","Tr2_study2.png","2","157992","C:/Users/Public/Experiments/IDs/05-WMC/MU/subject-75.csv","study","1000","3","75","167201","168203"
"MU.osexp","C:\Users\Public\Experiments\IDs\05-WMC\MU","Tr2_study3.png","2","157992","C:/Users/Public/Experiments/IDs/05-WMC/MU/subject-75.csv","study","1000","3","75","168559","169560"
"MU.osexp","C:\Users\Public\Experiments\IDs\05-WMC\MU","Tr2_update1.png","2","157992","C:/Users/Public/Experiments/IDs/05-WMC/MU/subject-75.csv","update","1300","3","75","169938","171239"
"MU.osexp","C:\Users\Public\Experiments\IDs\05-WMC\MU","Tr2_update2.png","2","157992","C:/Users/Public/Experiments/IDs/05-WMC/MU/subject-75.csv","update","1300","3","75","171598","172899"
"MU.osexp","C:\Users\Public\Experiments\IDs\05-WMC\MU","Tr2_update3.png","2","157992","C:/Users/Public/Experiments/IDs/05-WMC/MU/subject-75.csv","update","1300","3","75","173270","174572"
"MU.osexp","C:\Users\Public\Experiments\IDs\05-WMC\MU","Tr2_test1.png","4","181632","C:/Users/Public/Experiments/IDs/05-WMC/MU/subject-75.csv","test","0","3","75","174949","181633"
"MU.osexp","C:\Users\Public\Experiments\IDs\05-WMC\MU","Tr2_test2.png","6","184704","C:/Users/Public/Experiments/IDs/05-WMC/MU/subject-75.csv","test","0","3","75","182770","184705"
"MU.osexp","C:\Users\Public\Experiments\IDs\05-WMC\MU","Tr2_test3.png","1","186232","C:/Users/Public/Experiments/IDs/05-WMC/MU/subject-75.csv","test","0","3","75","185837","186232"
"MU.osexp","C:\Users\Public\Experiments\IDs\05-WMC\MU","ready2.png","1","186232","C:/Users/Public/Experiments/IDs/05-WMC/MU/subject-75.csv","pre","0","3","75","192987","186232"
"MU.osexp","C:\Users\Public\Experiments\IDs\05-WMC\MU","fixation.png","1","186232","C:/Users/Public/Experiments/IDs/05-WMC/MU/subject-75.csv","fix","1500","3","75","209234","186232"
"MU.osexp","C:\Users\Public\Experiments\IDs\05-WMC\MU","Tr3_study1.png","1","186232","C:/Users/Public/Experiments/IDs/05-WMC/MU/subject-75.csv","study","1000","3","75","210862","211863"
"MU.osexp","C:\Users\Public\Experiments\IDs\05-WMC\MU","Tr3_study2.png","1","186232","C:/Users/Public/Experiments/IDs/05-WMC/MU/subject-75.csv","study","1000","3","75","212262","213264"
"MU.osexp","C:\Users\Public\Experiments\IDs\05-WMC\MU","Tr3_study3.png","1","186232","C:/Users/Public/Experiments/IDs/05-WMC/MU/subject-75.csv","study","1000","3","75","213628","214630"
"MU.osexp","C:\Users\Public\Experiments\IDs\05-WMC\MU","Tr3_update1.png","1","186232","C:/Users/Public/Experiments/IDs/05-WMC/MU/subject-75.csv","update","1300","3","75","214980","216282"
"MU.osexp","C:\Users\Public\Experiments\IDs\05-WMC\MU","Tr3_update2.png","1","186232","C:/Users/Public/Experiments/IDs/05-WMC/MU/subject-75.csv","update","1300","3","75","216659","217961"
"MU.osexp","C:\Users\Public\Experiments\IDs\05-WMC\MU","Tr3_update3.png","1","186232","C:/Users/Public/Experiments/IDs/05-WMC/MU/subject-75.csv","update","1300","3","75","218362","219664"
"MU.osexp","C:\Users\Public\Experiments\IDs\05-WMC\MU","Tr3_test1.png","9","223544","C:/Users/Public/Experiments/IDs/05-WMC/MU/subject-75.csv","test","0","3","75","220106","223544"
"MU.osexp","C:\Users\Public\Experiments\IDs\05-WMC\MU","Tr3_test2.png","6","228088","C:/Users/Public/Experiments/IDs/05-WMC/MU/subject-75.csv","test","0","3","75","224661","228089"
"MU.osexp","C:\Users\Public\Experiments\IDs\05-WMC\MU","Tr3_test3.png","7","229952","C:/Users/Public/Experiments/IDs/05-WMC/MU/subject-75.csv","test","0","3","75","229217","229953"
"MU.osexp","C:\Users\Public\Experiments\IDs\05-WMC\MU","wait.png","7","229952","C:/Users/Public/Experiments/IDs/05-WMC/MU/subject-75.csv","wait","5000","4","75","231086","229953"
"MU.osexp","C:\Users\Public\Experiments\IDs\05-WMC\MU","fixation.png","7","229952","C:/Users/Public/Experiments/IDs/05-WMC/MU/subject-75.csv","fix","1500","4","75","236218","229953"
"MU.osexp","C:\Users\Public\Experiments\IDs\05-WMC\MU","Tr4_study1.png","7","229952","C:/Users/Public/Experiments/IDs/05-WMC/MU/subject-75.csv","study","1000","4","75","237811","238812"
"MU.osexp","C:\Users\Public\Experiments\IDs\05-WMC\MU","Tr4_study2.png","7","229952","C:/Users/Public/Experiments/IDs/05-WMC/MU/subject-75.csv","study","1000","4","75","239180","240182"
"MU.osexp","C:\Users\Public\Experiments\IDs\05-WMC\MU","Tr4_study3.png","7","229952","C:/Users/Public/Experiments/IDs/05-WMC/MU/subject-75.csv","study","1000","4","75","240598","241600"
"MU.osexp","C:\Users\Public\Experiments\IDs\05-WMC\MU","Tr4_study4.png","7","229952","C:/Users/Public/Experiments/IDs/05-WMC/MU/subject-75.csv","study","1000","4","75","242038","243040"
"MU.osexp","C:\Users\Public\Experiments\IDs\05-WMC\MU","Tr4_update1.png","7","229952","C:/Users/Public/Experiments/IDs/05-WMC/MU/subject-75.csv","update","1300","4","75","243392","244694"
"MU.osexp","C:\Users\Public\Experiments\IDs\05-WMC\MU","Tr4_update2.png","7","229952","C:/Users/Public/Experiments/IDs/05-WMC/MU/subject-75.csv","update","1300","4","75","245019","246321"
"MU.osexp","C:\Users\Public\Experiments\IDs\05-WMC\MU","Tr4_update3.png","7","229952","C:/Users/Public/Experiments/IDs/05-WMC/MU/subject-75.csv","update","1300","4","75","246703","248005"
"MU.osexp","C:\Users\Public\Experiments\IDs\05-WMC\MU","Tr4_update4.png","7","229952","C:/Users/Public/Experiments/IDs/05-WMC/MU/subject-75.csv","update","1300","4","75","248363","249665"
"MU.osexp","C:\Users\Public\Experiments\IDs\05-WMC\MU","Tr4_test1.png","3","267512","C:/Users/Public/Experiments/IDs/05-WMC/MU/subject-75.csv","test","0","4","75","250039","267513"
"MU.osexp","C:\Users\Public\Experiments\IDs\05-WMC\MU","Tr4_test2.png","4","270504","C:/Users/Public/Experiments/IDs/05-WMC/MU/subject-75.csv","test","0","4","75","268632","270505"
"MU.osexp","C:\Users\Public\Experiments\IDs\05-WMC\MU","Tr4_test3.png","5","273936","C:/Users/Public/Experiments/IDs/05-WMC/MU/subject-75.csv","test","0","4","75","271618","273936"
"MU.osexp","C:\Users\Public\Experiments\IDs\05-WMC\MU","Tr4_test4.png","1","277625","C:/Users/Public/Experiments/IDs/05-WMC/MU/subject-75.csv","test","0","4","75","275073","277625"
"MU.osexp","C:\Users\Public\Experiments\IDs\05-WMC\MU","wait.png","1","277625","C:/Users/Public/Experiments/IDs/05-WMC/MU/subject-75.csv","wait","5000","3","75","278745","277625"
"MU.osexp","C:\Users\Public\Experiments\IDs\05-WMC\MU","fixation.png","1","277625","C:/Users/Public/Experiments/IDs/05-WMC/MU/subject-75.csv","fix","1500","3","75","283850","277625"
"MU.osexp","C:\Users\Public\Experiments\IDs\05-WMC\MU","Tr5_study1.png","1","277625","C:/Users/Public/Experiments/IDs/05-WMC/MU/subject-75.csv","study","1000","3","75","285489","286491"
"MU.osexp","C:\Users\Public\Experiments\IDs\05-WMC\MU","Tr5_study2.png","1","277625","C:/Users/Public/Experiments/IDs/05-WMC/MU/subject-75.csv","study","1000","3","75","286878","287880"
"MU.osexp","C:\Users\Public\Experiments\IDs\05-WMC\MU","Tr5_study3.png","1","277625","C:/Users/Public/Experiments/IDs/05-WMC/MU/subject-75.csv","study","1000","3","75","288229","289230"
"MU.osexp","C:\Users\Public\Experiments\IDs\05-WMC\MU","Tr5_update1.png","1","277625","C:/Users/Public/Experiments/IDs/05-WMC/MU/subject-75.csv","update","1300","3","75","289610","290912"
"MU.osexp","C:\Users\Public\Experiments\IDs\05-WMC\MU","Tr5_update2.png","1","277625","C:/Users/Public/Experiments/IDs/05-WMC/MU/subject-75.csv","update","1300","3","75","291261","292563"
"MU.osexp","C:\Users\Public\Experiments\IDs\05-WMC\MU","Tr5_update3.png","1","277625","C:/Users/Public/Experiments/IDs/05-WMC/MU/subject-75.csv","update","1300","3","75","292934","294236"
"MU.osexp","C:\Users\Public\Experiments\IDs\05-WMC\MU","Tr5_update4.png","1","277625","C:/Users/Public/Experiments/IDs/05-WMC/MU/subject-75.csv","update","1300","3","75","294590","295890"
"MU.osexp","C:\Users\Public\Experiments\IDs\05-WMC\MU","Tr5_update5.png","1","277625","C:/Users/Public/Experiments/IDs/05-WMC/MU/subject-75.csv","update","1300","3","75","296259","297561"
"MU.osexp","C:\Users\Public\Experiments\IDs\05-WMC\MU","Tr5_update6.png","1","277625","C:/Users/Public/Experiments/IDs/05-WMC/MU/subject-75.csv","update","1300","3","75","297908","299210"
"MU.osexp","C:\Users\Public\Experiments\IDs\05-WMC\MU","Tr5_test1.png","4","304264","C:/Users/Public/Experiments/IDs/05-WMC/MU/subject-75.csv","test","0","3","75","299571","304265"
"MU.osexp","C:\Users\Public\Experiments\IDs\05-WMC\MU","Tr5_test2.png","5","306608","C:/Users/Public/Experiments/IDs/05-WMC/MU/subject-75.csv","test","0","3","75","305354","306609"
"MU.osexp","C:\Users\Public\Experiments\IDs\05-WMC\MU","Tr5_test3.png","7","308704","C:/Users/Public/Experiments/IDs/05-WMC/MU/subject-75.csv","test","0","3","75","307720","308705"
"MU.osexp","C:\Users\Public\Experiments\IDs\05-WMC\MU","wait.png","7","308704","C:/Users/Public/Experiments/IDs/05-WMC/MU/subject-75.csv","wait","5000","4","75","309807","308705"
"MU.osexp","C:\Users\Public\Experiments\IDs\05-WMC\MU","fixation.png","7","308704","C:/Users/Public/Experiments/IDs/05-WMC/MU/subject-75.csv","fix","1500","4","75","314908","308705"
"MU.osexp","C:\Users\Public\Experiments\IDs\05-WMC\MU","Tr6_study1.png","7","308704","C:/Users/Public/Experiments/IDs/05-WMC/MU/subject-75.csv","study","1000","4","75","316530","317531"
"MU.osexp","C:\Users\Public\Experiments\IDs\05-WMC\MU","Tr6_study2.png","7","308704","C:/Users/Public/Experiments/IDs/05-WMC/MU/subject-75.csv","study","1000","4","75","317872","318874"
"MU.osexp","C:\Users\Public\Experiments\IDs\05-WMC\MU","Tr6_study3.png","7","308704","C:/Users/Public/Experiments/IDs/05-WMC/MU/subject-75.csv","study","1000","4","75","319219","320220"
"MU.osexp","C:\Users\Public\Experiments\IDs\05-WMC\MU","Tr6_study4.png","7","308704","C:/Users/Public/Experiments/IDs/05-WMC/MU/subject-75.csv","study","1000","4","75","320566","321568"
"MU.osexp","C:\Users\Public\Experiments\IDs\05-WMC\MU","Tr6_update1.png","7","308704","C:/Users/Public/Experiments/IDs/05-WMC/MU/subject-75.csv","update","1300","4","75","321931","323233"
"MU.osexp","C:\Users\Public\Experiments\IDs\05-WMC\MU","Tr6_update2.png","7","308704","C:/Users/Public/Experiments/IDs/05-WMC/MU/subject-75.csv","update","1300","4","75","323557","324859"
"MU.osexp","C:\Users\Public\Experiments\IDs\05-WMC\MU","Tr6_update3.png","7","308704","C:/Users/Public/Experiments/IDs/05-WMC/MU/subject-75.csv","update","1300","4","75","325257","326558"
"MU.osexp","C:\Users\Public\Experiments\IDs\05-WMC\MU","Tr6_update4.png","7","308704","C:/Users/Public/Experiments/IDs/05-WMC/MU/subject-75.csv","update","1300","4","75","326916","328218"
"MU.osexp","C:\Users\Public\Experiments\IDs\05-WMC\MU","Tr6_update5.png","7","308704","C:/Users/Public/Experiments/IDs/05-WMC/MU/subject-75.csv","update","1300","4","75","328595","329897"
"MU.osexp","C:\Users\Public\Experiments\IDs\05-WMC\MU","Tr6_test1.png","6","333184","C:/Users/Public/Experiments/IDs/05-WMC/MU/subject-75.csv","test","0","4","75","330344","333185"
"MU.osexp","C:\Users\Public\Experiments\IDs\05-WMC\MU","Tr6_test2.png","1","334792","C:/Users/Public/Experiments/IDs/05-WMC/MU/subject-75.csv","test","0","4","75","334357","334793"
"MU.osexp","C:\Users\Public\Experiments\IDs\05-WMC\MU","Tr6_test3.png","3","337408","C:/Users/Public/Experiments/IDs/05-WMC/MU/subject-75.csv","test","0","4","75","335909","337409"
"MU.osexp","C:\Users\Public\Experiments\IDs\05-WMC\MU","Tr6_test4.png","6","339592","C:/Users/Public/Experiments/IDs/05-WMC/MU/subject-75.csv","test","0","4","75","338540","339593"
"MU.osexp","C:\Users\Public\Experiments\IDs\05-WMC\MU","wait.png","6","339592","C:/Users/Public/Experiments/IDs/05-WMC/MU/subject-75.csv","wait","5000","5","75","340680","339593"
"MU.osexp","C:\Users\Public\Experiments\IDs\05-WMC\MU","fixation.png","6","339592","C:/Users/Public/Experiments/IDs/05-WMC/MU/subject-75.csv","fix","1500","5","75","345820","339593"
"MU.osexp","C:\Users\Public\Experiments\IDs\05-WMC\MU","Tr7_study1.png","6","339592","C:/Users/Public/Experiments/IDs/05-WMC/MU/subject-75.csv","study","1000","5","75","347429","348430"
"MU.osexp","C:\Users\Public\Experiments\IDs\05-WMC\MU","Tr7_study2.png","6","339592","C:/Users/Public/Experiments/IDs/05-WMC/MU/subject-75.csv","study","1000","5","75","348826","349827"
"MU.osexp","C:\Users\Public\Experiments\IDs\05-WMC\MU","Tr7_study3.png","6","339592","C:/Users/Public/Experiments/IDs/05-WMC/MU/subject-75.csv","study","1000","5","75","350160","351161"
"MU.osexp","C:\Users\Public\Experiments\IDs\05-WMC\MU","Tr7_study4.png","6","339592","C:/Users/Public/Experiments/IDs/05-WMC/MU/subject-75.csv","study","1000","5","75","351542","352544"
"MU.osexp","C:\Users\Public\Experiments\IDs\05-WMC\MU","Tr7_study5.png","6","339592","C:/Users/Public/Experiments/IDs/05-WMC/MU/subject-75.csv","study","1000","5","75","352888","353889"
"MU.osexp","C:\Users\Public\Experiments\IDs\05-WMC\MU","Tr7_update1.png","6","339592","C:/Users/Public/Experiments/IDs/05-WMC/MU/subject-75.csv","update","1300","5","75","354270","355572"
"MU.osexp","C:\Users\Public\Experiments\IDs\05-WMC\MU","Tr7_update2.png","6","339592","C:/Users/Public/Experiments/IDs/05-WMC/MU/subject-75.csv","update","1300","5","75","355918","357220"
"MU.osexp","C:\Users\Public\Experiments\IDs\05-WMC\MU","Tr7_update3.png","6","339592","C:/Users/Public/Experiments/IDs/05-WMC/MU/subject-75.csv","update","1300","5","75","357581","358883"
"MU.osexp","C:\Users\Public\Experiments\IDs\05-WMC\MU","Tr7_update4.png","6","339592","C:/Users/Public/Experiments/IDs/05-WMC/MU/subject-75.csv","update","1300","5","75","359245","360547"
"MU.osexp","C:\Users\Public\Experiments\IDs\05-WMC\MU","Tr7_update5.png","6","339592","C:/Users/Public/Experiments/IDs/05-WMC/MU/subject-75.csv","update","1300","5","75","360920","362220"
"MU.osexp","C:\Users\Public\Experiments\IDs\05-WMC\MU","Tr7_test1.png","1","365953","C:/Users/Public/Experiments/IDs/05-WMC/MU/subject-75.csv","test","0","5","75","362572","365953"
"MU.osexp","C:\Users\Public\Experiments\IDs\05-WMC\MU","Tr7_test2.png","6","368352","C:/Users/Public/Experiments/IDs/05-WMC/MU/subject-75.csv","test","0","5","75","367052","368353"
"MU.osexp","C:\Users\Public\Experiments\IDs\05-WMC\MU","Tr7_test3.png","1","370344","C:/Users/Public/Experiments/IDs/05-WMC/MU/subject-75.csv","test","0","5","75","369466","370345"
"MU.osexp","C:\Users\Public\Experiments\IDs\05-WMC\MU","Tr7_test4.png","8","372376","C:/Users/Public/Experiments/IDs/05-WMC/MU/subject-75.csv","test","0","5","75","371431","372377"
"MU.osexp","C:\Users\Public\Experiments\IDs\05-WMC\MU","Tr7_test5.png","5","374560","C:/Users/Public/Experiments/IDs/05-WMC/MU/subject-75.csv","test","0","5","75","373519","374561"
"MU.osexp","C:\Users\Public\Experiments\IDs\05-WMC\MU","wait.png","5","374560","C:/Users/Public/Experiments/IDs/05-WMC/MU/subject-75.csv","wait","5000","4","75","375661","374561"
"MU.osexp","C:\Users\Public\Experiments\IDs\05-WMC\MU","fixation.png","5","374560","C:/Users/Public/Experiments/IDs/05-WMC/MU/subject-75.csv","fix","1500","4","75","380773","374561"
"MU.osexp","C:\Users\Public\Experiments\IDs\05-WMC\MU","Tr8_study1.png","5","374560","C:/Users/Public/Experiments/IDs/05-WMC/MU/subject-75.csv","study","1000","4","75","382362","383364"
"MU.osexp","C:\Users\Public\Experiments\IDs\05-WMC\MU","Tr8_study2.png","5","374560","C:/Users/Public/Experiments/IDs/05-WMC/MU/subject-75.csv","study","1000","4","75","383709","384710"
"MU.osexp","C:\Users\Public\Experiments\IDs\05-WMC\MU","Tr8_study3.png","5","374560","C:/Users/Public/Experiments/IDs/05-WMC/MU/subject-75.csv","study","1000","4","75","385077","386078"
"MU.osexp","C:\Users\Public\Experiments\IDs\05-WMC\MU","Tr8_study4.png","5","374560","C:/Users/Public/Experiments/IDs/05-WMC/MU/subject-75.csv","study","1000","4","75","386432","387434"
"MU.osexp","C:\Users\Public\Experiments\IDs\05-WMC\MU","Tr8_update1.png","5","374560","C:/Users/Public/Experiments/IDs/05-WMC/MU/subject-75.csv","update","1300","4","75","387787","389089"
"MU.osexp","C:\Users\Public\Experiments\IDs\05-WMC\MU","Tr8_update2.png","5","374560","C:/Users/Public/Experiments/IDs/05-WMC/MU/subject-75.csv","update","1300","4","75","389451","390753"
"MU.osexp","C:\Users\Public\Experiments\IDs\05-WMC\MU","Tr8_update3.png","5","374560","C:/Users/Public/Experiments/IDs/05-WMC/MU/subject-75.csv","update","1300","4","75","391130","392432"
"MU.osexp","C:\Users\Public\Experiments\IDs\05-WMC\MU","Tr8_test1.png","2","400961","C:/Users/Public/Experiments/IDs/05-WMC/MU/subject-75.csv","test","0","4","75","392793","400961"
"MU.osexp","C:\Users\Public\Experiments\IDs\05-WMC\MU","Tr8_test2.png","3","405760","C:/Users/Public/Experiments/IDs/05-WMC/MU/subject-75.csv","test","0","4","75","402073","405761"
"MU.osexp","C:\Users\Public\Experiments\IDs\05-WMC\MU","Tr8_test3.png","9","408320","C:/Users/Public/Experiments/IDs/05-WMC/MU/subject-75.csv","test","0","4","75","406859","408321"
"MU.osexp","C:\Users\Public\Experiments\IDs\05-WMC\MU","Tr8_test4.png","1","413760","C:/Users/Public/Experiments/IDs/05-WMC/MU/subject-75.csv","test","0","4","75","409420","413761"
"MU.osexp","C:\Users\Public\Experiments\IDs\05-WMC\MU","wait.png","1","413760","C:/Users/Public/Experiments/IDs/05-WMC/MU/subject-75.csv","wait","5000","5","75","414869","413761"
"MU.osexp","C:\Users\Public\Experiments\IDs\05-WMC\MU","fixation.png","1","413760","C:/Users/Public/Experiments/IDs/05-WMC/MU/subject-75.csv","fix","1500","5","75","419966","413761"
"MU.osexp","C:\Users\Public\Experiments\IDs\05-WMC\MU","Tr9_study1.png","1","413760","C:/Users/Public/Experiments/IDs/05-WMC/MU/subject-75.csv","study","1000","5","75","421582","422584"
"MU.osexp","C:\Users\Public\Experiments\IDs\05-WMC\MU","Tr9_study2.png","1","413760","C:/Users/Public/Experiments/IDs/05-WMC/MU/subject-75.csv","study","1000","5","75","422946","423948"
"MU.osexp","C:\Users\Public\Experiments\IDs\05-WMC\MU","Tr9_study3.png","1","413760","C:/Users/Public/Experiments/IDs/05-WMC/MU/subject-75.csv","study","1000","5","75","424317","425319"
"MU.osexp","C:\Users\Public\Experiments\IDs\05-WMC\MU","Tr9_study4.png","1","413760","C:/Users/Public/Experiments/IDs/05-WMC/MU/subject-75.csv","study","1000","5","75","425673","426675"
"MU.osexp","C:\Users\Public\Experiments\IDs\05-WMC\MU","Tr9_study5.png","1","413760","C:/Users/Public/Experiments/IDs/05-WMC/MU/subject-75.csv","study","1000","5","75","427050","428052"
"MU.osexp","C:\Users\Public\Experiments\IDs\05-WMC\MU","Tr9_update1.png","1","413760","C:/Users/Public/Experiments/IDs/05-WMC/MU/subject-75.csv","update","1300","5","75","428412","429714"
"MU.osexp","C:\Users\Public\Experiments\IDs\05-WMC\MU","Tr9_update2.png","1","413760","C:/Users/Public/Experiments/IDs/05-WMC/MU/subject-75.csv","update","1300","5","75","430147","431449"
"MU.osexp","C:\Users\Public\Experiments\IDs\05-WMC\MU","Tr9_test1.png","4","438200","C:/Users/Public/Experiments/IDs/05-WMC/MU/subject-75.csv","test","0","5","75","431796","438201"
"MU.osexp","C:\Users\Public\Experiments\IDs\05-WMC\MU","Tr9_test2.png","1","442344","C:/Users/Public/Experiments/IDs/05-WMC/MU/subject-75.csv","test","0","5","75","439299","442345"
"MU.osexp","C:\Users\Public\Experiments\IDs\05-WMC\MU","Tr9_test3.png","5","444576","C:/Users/Public/Experiments/IDs/05-WMC/MU/subject-75.csv","test","0","5","75","443476","444577"
"MU.osexp","C:\Users\Public\Experiments\IDs\05-WMC\MU","Tr9_test4.png","6","446032","C:/Users/Public/Experiments/IDs/05-WMC/MU/subject-75.csv","test","0","5","75","445679","446033"
"MU.osexp","C:\Users\Public\Experiments\IDs\05-WMC\MU","Tr9_test5.png","1","451048","C:/Users/Public/Experiments/IDs/05-WMC/MU/subject-75.csv","test","0","5","75","447149","451049"
"MU.osexp","C:\Users\Public\Experiments\IDs\05-WMC\MU","wait.png","1","451048","C:/Users/Public/Experiments/IDs/05-WMC/MU/subject-75.csv","wait","5000","3","75","452163","451049"
"MU.osexp","C:\Users\Public\Experiments\IDs\05-WMC\MU","fixation.png","1","451048","C:/Users/Public/Experiments/IDs/05-WMC/MU/subject-75.csv","fix","1500","3","75","457262","451049"
"MU.osexp","C:\Users\Public\Experiments\IDs\05-WMC\MU","Tr10_study1.png","1","451048","C:/Users/Public/Experiments/IDs/05-WMC/MU/subject-75.csv","study","1000","3","75","458868","459869"
"MU.osexp","C:\Users\Public\Experiments\IDs\05-WMC\MU","Tr10_study2.png","1","451048","C:/Users/Public/Experiments/IDs/05-WMC/MU/subject-75.csv","study","1000","3","75","460347","461349"
"MU.osexp","C:\Users\Public\Experiments\IDs\05-WMC\MU","Tr10_study3.png","1","451048","C:/Users/Public/Experiments/IDs/05-WMC/MU/subject-75.csv","study","1000","3","75","461699","462700"
"MU.osexp","C:\Users\Public\Experiments\IDs\05-WMC\MU","Tr10_update1.png","1","451048","C:/Users/Public/Experiments/IDs/05-WMC/MU/subject-75.csv","update","1300","3","75","463060","464362"
"MU.osexp","C:\Users\Public\Experiments\IDs\05-WMC\MU","Tr10_update2.png","1","451048","C:/Users/Public/Experiments/IDs/05-WMC/MU/subject-75.csv","update","1300","3","75","464729","466031"
"MU.osexp","C:\Users\Public\Experiments\IDs\05-WMC\MU","Tr10_test1.png","5","473072","C:/Users/Public/Experiments/IDs/05-WMC/MU/subject-75.csv","test","0","3","75","466384","473073"
"MU.osexp","C:\Users\Public\Experiments\IDs\05-WMC\MU","Tr10_test2.png","2","475312","C:/Users/Public/Experiments/IDs/05-WMC/MU/subject-75.csv","test","0","3","75","474200","475313"
"MU.osexp","C:\Users\Public\Experiments\IDs\05-WMC\MU","Tr10_test3.png","5","476976","C:/Users/Public/Experiments/IDs/05-WMC/MU/subject-75.csv","test","0","3","75","476422","476977"
"MU.osexp","C:\Users\Public\Experiments\IDs\05-WMC\MU","wait.png","5","476976","C:/Users/Public/Experiments/IDs/05-WMC/MU/subject-75.csv","wait","5000","5","75","478066","476977"
"MU.osexp","C:\Users\Public\Experiments\IDs\05-WMC\MU","fixation.png","5","476976","C:/Users/Public/Experiments/IDs/05-WMC/MU/subject-75.csv","fix","1500","5","75","483173","476977"
"MU.osexp","C:\Users\Public\Experiments\IDs\05-WMC\MU","Tr11_study1.png","5","476976","C:/Users/Public/Experiments/IDs/05-WMC/MU/subject-75.csv","study","1000","5","75","484814","485816"
"MU.osexp","C:\Users\Public\Experiments\IDs\05-WMC\MU","Tr11_study2.png","5","476976","C:/Users/Public/Experiments/IDs/05-WMC/MU/subject-75.csv","study","1000","5","75","486164","487166"
"MU.osexp","C:\Users\Public\Experiments\IDs\05-WMC\MU","Tr11_study3.png","5","476976","C:/Users/Public/Experiments/IDs/05-WMC/MU/subject-75.csv","study","1000","5","75","487519","488520"
"MU.osexp","C:\Users\Public\Experiments\IDs\05-WMC\MU","Tr11_study4.png","5","476976","C:/Users/Public/Experiments/IDs/05-WMC/MU/subject-75.csv","study","1000","5","75","488871","489873"
"MU.osexp","C:\Users\Public\Experiments\IDs\05-WMC\MU","Tr11_study5.png","5","476976","C:/Users/Public/Experiments/IDs/05-WMC/MU/subject-75.csv","study","1000","5","75","490217","491219"
"MU.osexp","C:\Users\Public\Experiments\IDs\05-WMC\MU","Tr11_update1.png","5","476976","C:/Users/Public/Experiments/IDs/05-WMC/MU/subject-75.csv","update","1300","5","75","491570","492872"
"MU.osexp","C:\Users\Public\Experiments\IDs\05-WMC\MU","Tr11_update2.png","5","476976","C:/Users/Public/Experiments/IDs/05-WMC/MU/subject-75.csv","update","1300","5","75","493249","494551"
"MU.osexp","C:\Users\Public\Experiments\IDs\05-WMC\MU","Tr11_update3.png","5","476976","C:/Users/Public/Experiments/IDs/05-WMC/MU/subject-75.csv","update","1300","5","75","494917","496219"
"MU.osexp","C:\Users\Public\Experiments\IDs\05-WMC\MU","Tr11_test1.png","5","507401","C:/Users/Public/Experiments/IDs/05-WMC/MU/subject-75.csv","test","0","5","75","496577","507401"
"MU.osexp","C:\Users\Public\Experiments\IDs\05-WMC\MU","Tr11_test2.png","1","512696","C:/Users/Public/Experiments/IDs/05-WMC/MU/subject-75.csv","test","0","5","75","508507","512697"
"MU.osexp","C:\Users\Public\Experiments\IDs\05-WMC\MU","Tr11_test3.png","5","515192","C:/Users/Public/Experiments/IDs/05-WMC/MU/subject-75.csv","test","0","5","75","513794","515193"
"MU.osexp","C:\Users\Public\Experiments\IDs\05-WMC\MU","Tr11_test4.png","6","518120","C:/Users/Public/Experiments/IDs/05-WMC/MU/subject-75.csv","test","0","5","75","516309","518121"
"MU.osexp","C:\Users\Public\Experiments\IDs\05-WMC\MU","Tr11_test5.png","5","520944","C:/Users/Public/Experiments/IDs/05-WMC/MU/subject-75.csv","test","0","5","75","519206","520945"
"MU.osexp","C:\Users\Public\Experiments\IDs\05-WMC\MU","wait.png","5","520944","C:/Users/Public/Experiments/IDs/05-WMC/MU/subject-75.csv","wait","5000","3","75","522124","520945"
"MU.osexp","C:\Users\Public\Experiments\IDs\05-WMC\MU","fixation.png","5","520944","C:/Users/Public/Experiments/IDs/05-WMC/MU/subject-75.csv","fix","1500","3","75","527242","520945"
"MU.osexp","C:\Users\Public\Experiments\IDs\05-WMC\MU","Tr12_study1.png","5","520944","C:/Users/Public/Experiments/IDs/05-WMC/MU/subject-75.csv","study","1000","3","75","528860","529861"
"MU.osexp","C:\Users\Public\Experiments\IDs\05-WMC\MU","Tr12_study2.png","5","520944","C:/Users/Public/Experiments/IDs/05-WMC/MU/subject-75.csv","study","1000","3","75","530201","531203"
"MU.osexp","C:\Users\Public\Experiments\IDs\05-WMC\MU","Tr12_study3.png","5","520944","C:/Users/Public/Experiments/IDs/05-WMC/MU/subject-75.csv","study","1000","3","75","531548","532549"
"MU.osexp","C:\Users\Public\Experiments\IDs\05-WMC\MU","Tr12_update1.png","5","520944","C:/Users/Public/Experiments/IDs/05-WMC/MU/subject-75.csv","update","1300","3","75","532898","534200"
"MU.osexp","C:\Users\Public\Experiments\IDs\05-WMC\MU","Tr12_update2.png","5","520944","C:/Users/Public/Experiments/IDs/05-WMC/MU/subject-75.csv","update","1300","3","75","534568","535870"
"MU.osexp","C:\Users\Public\Experiments\IDs\05-WMC\MU","Tr12_update3.png","5","520944","C:/Users/Public/Experiments/IDs/05-WMC/MU/subject-75.csv","update","1300","3","75","536339","537640"
"MU.osexp","C:\Users\Public\Experiments\IDs\05-WMC\MU","Tr12_update4.png","5","520944","C:/Users/Public/Experiments/IDs/05-WMC/MU/subject-75.csv","update","1300","3","75","537994","539296"
"MU.osexp","C:\Users\Public\Experiments\IDs\05-WMC\MU","Tr12_update5.png","5","520944","C:/Users/Public/Experiments/IDs/05-WMC/MU/subject-75.csv","update","1300","3","75","539666","540968"
"MU.osexp","C:\Users\Public\Experiments\IDs\05-WMC\MU","Tr12_test1.png","5","552968","C:/Users/Public/Experiments/IDs/05-WMC/MU/subject-75.csv","test","0","3","75","541324","552969"
"MU.osexp","C:\Users\Public\Experiments\IDs\05-WMC\MU","Tr12_test2.png","7","554504","C:/Users/Public/Experiments/IDs/05-WMC/MU/subject-75.csv","test","0","3","75","554067","554505"
"MU.osexp","C:\Users\Public\Experiments\IDs\05-WMC\MU","Tr12_test3.png","3","556553","C:/Users/Public/Experiments/IDs/05-WMC/MU/subject-75.csv","test","0","3","75","555616","556554"
"MU.osexp","C:\Users\Public\Experiments\IDs\05-WMC\MU","wait.png","3","556553","C:/Users/Public/Experiments/IDs/05-WMC/MU/subject-75.csv","wait","5000","3","75","557670","556554"
"MU.osexp","C:\Users\Public\Experiments\IDs\05-WMC\MU","fixation.png","3","556553","C:/Users/Public/Experiments/IDs/05-WMC/MU/subject-75.csv","fix","1500","3","75","562757","556554"
"MU.osexp","C:\Users\Public\Experiments\IDs\05-WMC\MU","Tr13_study1.png","3","556553","C:/Users/Public/Experiments/IDs/05-WMC/MU/subject-75.csv","study","1000","3","75","564377","565378"
"MU.osexp","C:\Users\Public\Experiments\IDs\05-WMC\MU","Tr13_study2.png","3","556553","C:/Users/Public/Experiments/IDs/05-WMC/MU/subject-75.csv","study","1000","3","75","565775","566777"
"MU.osexp","C:\Users\Public\Experiments\IDs\05-WMC\MU","Tr13_study3.png","3","556553","C:/Users/Public/Experiments/IDs/05-WMC/MU/subject-75.csv","study","1000","3","75","567162","568164"
"MU.osexp","C:\Users\Public\Experiments\IDs\05-WMC\MU","Tr13_update1.png","3","556553","C:/Users/Public/Experiments/IDs/05-WMC/MU/subject-75.csv","update","1300","3","75","568599","569901"
"MU.osexp","C:\Users\Public\Experiments\IDs\05-WMC\MU","Tr13_update2.png","3","556553","C:/Users/Public/Experiments/IDs/05-WMC/MU/subject-75.csv","update","1300","3","75","570291","571593"
"MU.osexp","C:\Users\Public\Experiments\IDs\05-WMC\MU","Tr13_update3.png","3","556553","C:/Users/Public/Experiments/IDs/05-WMC/MU/subject-75.csv","update","1300","3","75","571946","573248"
"MU.osexp","C:\Users\Public\Experiments\IDs\05-WMC\MU","Tr13_update4.png","3","556553","C:/Users/Public/Experiments/IDs/05-WMC/MU/subject-75.csv","update","1300","3","75","573659","574961"
"MU.osexp","C:\Users\Public\Experiments\IDs\05-WMC\MU","Tr13_test1.png","4","578769","C:/Users/Public/Experiments/IDs/05-WMC/MU/subject-75.csv","test","0","3","75","575309","578769"
"MU.osexp","C:\Users\Public\Experiments\IDs\05-WMC\MU","Tr13_test2.png","1","580664","C:/Users/Public/Experiments/IDs/05-WMC/MU/subject-75.csv","test","0","3","75","579866","580665"
"MU.osexp","C:\Users\Public\Experiments\IDs\05-WMC\MU","Tr13_test3.png","5","582064","C:/Users/Public/Experiments/IDs/05-WMC/MU/subject-75.csv","test","0","3","75","581786","582065"
"MU.osexp","C:\Users\Public\Experiments\IDs\05-WMC\MU","wait.png","5","582064","C:/Users/Public/Experiments/IDs/05-WMC/MU/subject-75.csv","wait","5000","5","75","583174","582065"
"MU.osexp","C:\Users\Public\Experiments\IDs\05-WMC\MU","fixation.png","5","582064","C:/Users/Public/Experiments/IDs/05-WMC/MU/subject-75.csv","fix","1500","5","75","588274","582065"
"MU.osexp","C:\Users\Public\Experiments\IDs\05-WMC\MU","Tr14_study1.png","5","582064","C:/Users/Public/Experiments/IDs/05-WMC/MU/subject-75.csv","study","1000","5","75","589907","590909"
"MU.osexp","C:\Users\Public\Experiments\IDs\05-WMC\MU","Tr14_study2.png","5","582064","C:/Users/Public/Experiments/IDs/05-WMC/MU/subject-75.csv","study","1000","5","75","591296","592298"
"MU.osexp","C:\Users\Public\Experiments\IDs\05-WMC\MU","Tr14_study3.png","5","582064","C:/Users/Public/Experiments/IDs/05-WMC/MU/subject-75.csv","study","1000","5","75","592665","593666"
"MU.osexp","C:\Users\Public\Experiments\IDs\05-WMC\MU","Tr14_study4.png","5","582064","C:/Users/Public/Experiments/IDs/05-WMC/MU/subject-75.csv","study","1000","5","75","594145","595147"
"MU.osexp","C:\Users\Public\Experiments\IDs\05-WMC\MU","Tr14_study5.png","5","582064","C:/Users/Public/Experiments/IDs/05-WMC/MU/subject-75.csv","study","1000","5","75","595498","596499"
"MU.osexp","C:\Users\Public\Experiments\IDs\05-WMC\MU","Tr14_update1.png","5","582064","C:/Users/Public/Experiments/IDs/05-WMC/MU/subject-75.csv","update","1300","5","75","596847","598149"
"MU.osexp","C:\Users\Public\Experiments\IDs\05-WMC\MU","Tr14_update2.png","5","582064","C:/Users/Public/Experiments/IDs/05-WMC/MU/subject-75.csv","update","1300","5","75","598540","599842"
"MU.osexp","C:\Users\Public\Experiments\IDs\05-WMC\MU","Tr14_update3.png","5","582064","C:/Users/Public/Experiments/IDs/05-WMC/MU/subject-75.csv","update","1300","5","75","600182","601484"
"MU.osexp","C:\Users\Public\Experiments\IDs\05-WMC\MU","Tr14_update4.png","5","582064","C:/Users/Public/Experiments/IDs/05-WMC/MU/subject-75.csv","update","1300","5","75","601856","603158"
"MU.osexp","C:\Users\Public\Experiments\IDs\05-WMC\MU","Tr14_test1.png","5","606368","C:/Users/Public/Experiments/IDs/05-WMC/MU/subject-75.csv","test","0","5","75","603510","606369"
"MU.osexp","C:\Users\Public\Experiments\IDs\05-WMC\MU","Tr14_test2.png","2","608585","C:/Users/Public/Experiments/IDs/05-WMC/MU/subject-75.csv","test","0","5","75","607480","608586"
"MU.osexp","C:\Users\Public\Experiments\IDs\05-WMC\MU","Tr14_test3.png","6","611233","C:/Users/Public/Experiments/IDs/05-WMC/MU/subject-75.csv","test","0","5","75","609692","611234"
"MU.osexp","C:\Users\Public\Experiments\IDs\05-WMC\MU","Tr14_test4.png","5","613297","C:/Users/Public/Experiments/IDs/05-WMC/MU/subject-75.csv","test","0","5","75","612349","613297"
"MU.osexp","C:\Users\Public\Experiments\IDs\05-WMC\MU","Tr14_test5.png","8","614665","C:/Users/Public/Experiments/IDs/05-WMC/MU/subject-75.csv","test","0","5","75","614419","614665"
"MU.osexp","C:\Users\Public\Experiments\IDs\05-WMC\MU","wait.png","8","614665","C:/Users/Public/Experiments/IDs/05-WMC/MU/subject-75.csv","wait","5000","4","75","615782","614665"
"MU.osexp","C:\Users\Public\Experiments\IDs\05-WMC\MU","fixation.png","8","614665","C:/Users/Public/Experiments/IDs/05-WMC/MU/subject-75.csv","fix","1500","4","75","620880","614665"
"MU.osexp","C:\Users\Public\Experiments\IDs\05-WMC\MU","Tr15_study1.png","8","614665","C:/Users/Public/Experiments/IDs/05-WMC/MU/subject-75.csv","study","1000","4","75","622528","623530"
"MU.osexp","C:\Users\Public\Experiments\IDs\05-WMC\MU","Tr15_study2.png","8","614665","C:/Users/Public/Experiments/IDs/05-WMC/MU/subject-75.csv","study","1000","4","75","623884","624886"
"MU.osexp","C:\Users\Public\Experiments\IDs\05-WMC\MU","Tr15_study3.png","8","614665","C:/Users/Public/Experiments/IDs/05-WMC/MU/subject-75.csv","study","1000","4","75","625260","626262"
"MU.osexp","C:\Users\Public\Experiments\IDs\05-WMC\MU","Tr15_study4.png","8","614665","C:/Users/Public/Experiments/IDs/05-WMC/MU/subject-75.csv","study","1000","4","75","626617","627619"
"MU.osexp","C:\Users\Public\Experiments\IDs\05-WMC\MU","Tr15_update1.png","8","614665","C:/Users/Public/Experiments/IDs/05-WMC/MU/subject-75.csv","update","1300","4","75","628036","629337"
"MU.osexp","C:\Users\Public\Experiments\IDs\05-WMC\MU","Tr15_update2.png","8","614665","C:/Users/Public/Experiments/IDs/05-WMC/MU/subject-75.csv","update","1300","4","75","629690","630992"
"MU.osexp","C:\Users\Public\Experiments\IDs\05-WMC\MU","Tr15_update3.png","8","614665","C:/Users/Public/Experiments/IDs/05-WMC/MU/subject-75.csv","update","1300","4","75","631369","632671"
"MU.osexp","C:\Users\Public\Experiments\IDs\05-WMC\MU","Tr15_update4.png","8","614665","C:/Users/Public/Experiments/IDs/05-WMC/MU/subject-75.csv","update","1300","4","75","633037","634339"
"MU.osexp","C:\Users\Public\Experiments\IDs\05-WMC\MU","Tr15_update5.png","8","614665","C:/Users/Public/Experiments/IDs/05-WMC/MU/subject-75.csv","update","1300","4","75","634692","635994"
"MU.osexp","C:\Users\Public\Experiments\IDs\05-WMC\MU","Tr15_update6.png","8","614665","C:/Users/Public/Experiments/IDs/05-WMC/MU/subject-75.csv","update","1300","4","75","636383","637685"
"MU.osexp","C:\Users\Public\Experiments\IDs\05-WMC\MU","Tr15_test1.png","5","640840","C:/Users/Public/Experiments/IDs/05-WMC/MU/subject-75.csv","test","0","4","75","638060","640841"
"MU.osexp","C:\Users\Public\Experiments\IDs\05-WMC\MU","Tr15_test2.png","6","644457","C:/Users/Public/Experiments/IDs/05-WMC/MU/subject-75.csv","test","0","4","75","641943","644458"
"MU.osexp","C:\Users\Public\Experiments\IDs\05-WMC\MU","Tr15_test3.png","8","646049","C:/Users/Public/Experiments/IDs/05-WMC/MU/subject-75.csv","test","0","4","75","645555","646050"
"MU.osexp","C:\Users\Public\Experiments\IDs\05-WMC\MU","Tr15_test4.png","5","648129","C:/Users/Public/Experiments/IDs/05-WMC/MU/subject-75.csv","test","0","4","75","647183","648129"
"MU.osexp","C:\Users\Public\Experiments\IDs\05-WMC\MU","wait.png","5","648129","C:/Users/Public/Experiments/IDs/05-WMC/MU/subject-75.csv","wait","5000","4","75","649233","648129"
"MU.osexp","C:\Users\Public\Experiments\IDs\05-WMC\MU","fixation.png","5","648129","C:/Users/Public/Experiments/IDs/05-WMC/MU/subject-75.csv","fix","1500","4","75","654335","648129"
"MU.osexp","C:\Users\Public\Experiments\IDs\05-WMC\MU","Tr16_study1.png","5","648129","C:/Users/Public/Experiments/IDs/05-WMC/MU/subject-75.csv","study","1000","4","75","655970","656971"
"MU.osexp","C:\Users\Public\Experiments\IDs\05-WMC\MU","Tr16_study2.png","5","648129","C:/Users/Public/Experiments/IDs/05-WMC/MU/subject-75.csv","study","1000","4","75","657320","658322"
"MU.osexp","C:\Users\Public\Experiments\IDs\05-WMC\MU","Tr16_study3.png","5","648129","C:/Users/Public/Experiments/IDs/05-WMC/MU/subject-75.csv","study","1000","4","75","658719","659721"
"MU.osexp","C:\Users\Public\Experiments\IDs\05-WMC\MU","Tr16_study4.png","5","648129","C:/Users/Public/Experiments/IDs/05-WMC/MU/subject-75.csv","study","1000","4","75","660074","661076"
"MU.osexp","C:\Users\Public\Experiments\IDs\05-WMC\MU","Tr16_update1.png","5","648129","C:/Users/Public/Experiments/IDs/05-WMC/MU/subject-75.csv","update","1300","4","75","661444","662746"
"MU.osexp","C:\Users\Public\Experiments\IDs\05-WMC\MU","Tr16_update2.png","5","648129","C:/Users/Public/Experiments/IDs/05-WMC/MU/subject-75.csv","update","1300","4","75","663096","664398"
"MU.osexp","C:\Users\Public\Experiments\IDs\05-WMC\MU","Tr16_test1.png","8","671544","C:/Users/Public/Experiments/IDs/05-WMC/MU/subject-75.csv","test","0","4","75","664769","671545"
"MU.osexp","C:\Users\Public\Experiments\IDs\05-WMC\MU","Tr16_test2.png","7","673832","C:/Users/Public/Experiments/IDs/05-WMC/MU/subject-75.csv","test","0","4","75","672639","673833"
"MU.osexp","C:\Users\Public\Experiments\IDs\05-WMC\MU","Tr16_test3.png","8","675576","C:/Users/Public/Experiments/IDs/05-WMC/MU/subject-75.csv","test","0","4","75","674938","675577"
"MU.osexp","C:\Users\Public\Experiments\IDs\05-WMC\MU","Tr16_test4.png","6","677448","C:/Users/Public/Experiments/IDs/05-WMC/MU/subject-75.csv","test","0","4","75","676716","677449"
"MU.osexp","C:\Users\Public\Experiments\IDs\05-WMC\MU","wait.png","6","677448","C:/Users/Public/Experiments/IDs/05-WMC/MU/subject-75.csv","wait","5000","5","75","678575","677449"
"MU.osexp","C:\Users\Public\Experiments\IDs\05-WMC\MU","fixation.png","6","677448","C:/Users/Public/Experiments/IDs/05-WMC/MU/subject-75.csv","fix","1500","5","75","683674","677449"
"MU.osexp","C:\Users\Public\Experiments\IDs\05-WMC\MU","Tr17_study1.png","6","677448","C:/Users/Public/Experiments/IDs/05-WMC/MU/subject-75.csv","study","1000","5","75","685310","686311"
"MU.osexp","C:\Users\Public\Experiments\IDs\05-WMC\MU","Tr17_study2.png","6","677448","C:/Users/Public/Experiments/IDs/05-WMC/MU/subject-75.csv","study","1000","5","75","686673","687675"
"MU.osexp","C:\Users\Public\Experiments\IDs\05-WMC\MU","Tr17_study3.png","6","677448","C:/Users/Public/Experiments/IDs/05-WMC/MU/subject-75.csv","study","1000","5","75","688049","689051"
"MU.osexp","C:\Users\Public\Experiments\IDs\05-WMC\MU","Tr17_study4.png","6","677448","C:/Users/Public/Experiments/IDs/05-WMC/MU/subject-75.csv","study","1000","5","75","689407","690409"
"MU.osexp","C:\Users\Public\Experiments\IDs\05-WMC\MU","Tr17_study5.png","6","677448","C:/Users/Public/Experiments/IDs/05-WMC/MU/subject-75.csv","study","1000","5","75","690770","691771"
"MU.osexp","C:\Users\Public\Experiments\IDs\05-WMC\MU","Tr17_update1.png","6","677448","C:/Users/Public/Experiments/IDs/05-WMC/MU/subject-75.csv","update","1300","5","75","692132","693434"
"MU.osexp","C:\Users\Public\Experiments\IDs\05-WMC\MU","Tr17_update2.png","6","677448","C:/Users/Public/Experiments/IDs/05-WMC/MU/subject-75.csv","update","1300","5","75","693810","695111"
"MU.osexp","C:\Users\Public\Experiments\IDs\05-WMC\MU","Tr17_update3.png","6","677448","C:/Users/Public/Experiments/IDs/05-WMC/MU/subject-75.csv","update","1300","5","75","695455","696757"
"MU.osexp","C:\Users\Public\Experiments\IDs\05-WMC\MU","Tr17_update4.png","6","677448","C:/Users/Public/Experiments/IDs/05-WMC/MU/subject-75.csv","update","1300","5","75","697156","698458"
"MU.osexp","C:\Users\Public\Experiments\IDs\05-WMC\MU","Tr17_update5.png","6","677448","C:/Users/Public/Experiments/IDs/05-WMC/MU/subject-75.csv","update","1300","5","75","698808","700110"
"MU.osexp","C:\Users\Public\Experiments\IDs\05-WMC\MU","Tr17_update6.png","6","677448","C:/Users/Public/Experiments/IDs/05-WMC/MU/subject-75.csv","update","1300","5","75","700485","701787"
"MU.osexp","C:\Users\Public\Experiments\IDs\05-WMC\MU","Tr17_test1.png","8","704992","C:/Users/Public/Experiments/IDs/05-WMC/MU/subject-75.csv","test","0","5","75","702157","704993"
"MU.osexp","C:\Users\Public\Experiments\IDs\05-WMC\MU","Tr17_test2.png","1","707512","C:/Users/Public/Experiments/IDs/05-WMC/MU/subject-75.csv","test","0","5","75","706092","707513"
"MU.osexp","C:\Users\Public\Experiments\IDs\05-WMC\MU","Tr17_test3.png","3","710128","C:/Users/Public/Experiments/IDs/05-WMC/MU/subject-75.csv","test","0","5","75","708611","710129"
"MU.osexp","C:\Users\Public\Experiments\IDs\05-WMC\MU","Tr17_test4.png","9","712384","C:/Users/Public/Experiments/IDs/05-WMC/MU/subject-75.csv","test","0","5","75","711241","712385"
"MU.osexp","C:\Users\Public\Experiments\IDs\05-WMC\MU","Tr17_test5.png","9","713857","C:/Users/Public/Experiments/IDs/05-WMC/MU/subject-75.csv","test","0","5","75","713501","713858"
