"experiment_file","experiment_path","image","key","key_time","logfile","phase","playtime","setSize","subject_nr","timestamp","waittime"
"MU.osexp","C:\Users\Public\Experiments\IDs\05-WMC\MU","ready1.png","NA","NA","C:/Users/Public/Experiments/IDs/05-WMC/MU/MUsbj063.csv","pre","0","3","63","111286","NA"
"MU.osexp","C:\Users\Public\Experiments\IDs\05-WMC\MU","fixation.png","NA","NA","C:/Users/Public/Experiments/IDs/05-WMC/MU/MUsbj063.csv","fix","1500","3","63","112997","NA"
"MU.osexp","C:\Users\Public\Experiments\IDs\05-WMC\MU","Tr1_study1.png","NA","NA","C:/Users/Public/Experiments/IDs/05-WMC/MU/MUsbj063.csv","study","1000","3","63","114613","115614"
"MU.osexp","C:\Users\Public\Experiments\IDs\05-WMC\MU","Tr1_study2.png","NA","NA","C:/Users/Public/Experiments/IDs/05-WMC/MU/MUsbj063.csv","study","1000","3","63","115977","116979"
"MU.osexp","C:\Users\Public\Experiments\IDs\05-WMC\MU","Tr1_study3.png","NA","NA","C:/Users/Public/Experiments/IDs/05-WMC/MU/MUsbj063.csv","study","1000","3","63","117349","118350"
"MU.osexp","C:\Users\Public\Experiments\IDs\05-WMC\MU","Tr1_update1.png","NA","NA","C:/Users/Public/Experiments/IDs/05-WMC/MU/MUsbj063.csv","update","1300","3","63","118703","120005"
"MU.osexp","C:\Users\Public\Experiments\IDs\05-WMC\MU","Tr1_update2.png","NA","NA","C:/Users/Public/Experiments/IDs/05-WMC/MU/MUsbj063.csv","update","1300","3","63","120372","121674"
"MU.osexp","C:\Users\Public\Experiments\IDs\05-WMC\MU","Tr1_update3.png","NA","NA","C:/Users/Public/Experiments/IDs/05-WMC/MU/MUsbj063.csv","update","1300","3","63","122038","123340"
"MU.osexp","C:\Users\Public\Experiments\IDs\05-WMC\MU","Tr1_test1.png","6","129997","C:/Users/Public/Experiments/IDs/05-WMC/MU/MUsbj063.csv","test","0","3","63","123686","129998"
"MU.osexp","C:\Users\Public\Experiments\IDs\05-WMC\MU","Tr1_test2.png","2","132685","C:/Users/Public/Experiments/IDs/05-WMC/MU/MUsbj063.csv","test","0","3","63","131105","132686"
"MU.osexp","C:\Users\Public\Experiments\IDs\05-WMC\MU","Tr1_test3.png","2","134581","C:/Users/Public/Experiments/IDs/05-WMC/MU/MUsbj063.csv","test","0","3","63","133793","134582"
"MU.osexp","C:\Users\Public\Experiments\IDs\05-WMC\MU","wait.png","2","134581","C:/Users/Public/Experiments/IDs/05-WMC/MU/MUsbj063.csv","wait","5000","3","63","135707","134582"
"MU.osexp","C:\Users\Public\Experiments\IDs\05-WMC\MU","fixation.png","2","134581","C:/Users/Public/Experiments/IDs/05-WMC/MU/MUsbj063.csv","fix","1500","3","63","140798","134582"
"MU.osexp","C:\Users\Public\Experiments\IDs\05-WMC\MU","Tr2_study1.png","2","134581","C:/Users/Public/Experiments/IDs/05-WMC/MU/MUsbj063.csv","study","1000","3","63","142417","143418"
"MU.osexp","C:\Users\Public\Experiments\IDs\05-WMC\MU","Tr2_study2.png","2","134581","C:/Users/Public/Experiments/IDs/05-WMC/MU/MUsbj063.csv","study","1000","3","63","143761","144763"
"MU.osexp","C:\Users\Public\Experiments\IDs\05-WMC\MU","Tr2_study3.png","2","134581","C:/Users/Public/Experiments/IDs/05-WMC/MU/MUsbj063.csv","study","1000","3","63","145124","146125"
"MU.osexp","C:\Users\Public\Experiments\IDs\05-WMC\MU","Tr2_update1.png","2","134581","C:/Users/Public/Experiments/IDs/05-WMC/MU/MUsbj063.csv","update","1300","3","63","146522","147822"
"MU.osexp","C:\Users\Public\Experiments\IDs\05-WMC\MU","Tr2_update2.png","2","134581","C:/Users/Public/Experiments/IDs/05-WMC/MU/MUsbj063.csv","update","1300","3","63","148156","149456"
"MU.osexp","C:\Users\Public\Experiments\IDs\05-WMC\MU","Tr2_update3.png","2","134581","C:/Users/Public/Experiments/IDs/05-WMC/MU/MUsbj063.csv","update","1300","3","63","149773","151074"
"MU.osexp","C:\Users\Public\Experiments\IDs\05-WMC\MU","Tr2_test1.png","4","154069","C:/Users/Public/Experiments/IDs/05-WMC/MU/MUsbj063.csv","test","0","3","63","151387","154070"
"MU.osexp","C:\Users\Public\Experiments\IDs\05-WMC\MU","Tr2_test2.png","6","156293","C:/Users/Public/Experiments/IDs/05-WMC/MU/MUsbj063.csv","test","0","3","63","155165","156294"
"MU.osexp","C:\Users\Public\Experiments\IDs\05-WMC\MU","Tr2_test3.png","1","157653","C:/Users/Public/Experiments/IDs/05-WMC/MU/MUsbj063.csv","test","0","3","63","157408","157654"
"MU.osexp","C:\Users\Public\Experiments\IDs\05-WMC\MU","ready2.png","1","157653","C:/Users/Public/Experiments/IDs/05-WMC/MU/MUsbj063.csv","pre","0","3","63","161994","157654"
"MU.osexp","C:\Users\Public\Experiments\IDs\05-WMC\MU","fixation.png","1","157653","C:/Users/Public/Experiments/IDs/05-WMC/MU/MUsbj063.csv","fix","1500","3","63","164316","157654"
"MU.osexp","C:\Users\Public\Experiments\IDs\05-WMC\MU","Tr3_study1.png","1","157653","C:/Users/Public/Experiments/IDs/05-WMC/MU/MUsbj063.csv","study","1000","3","63","165886","166886"
"MU.osexp","C:\Users\Public\Experiments\IDs\05-WMC\MU","Tr3_study2.png","1","157653","C:/Users/Public/Experiments/IDs/05-WMC/MU/MUsbj063.csv","study","1000","3","63","167304","168304"
"MU.osexp","C:\Users\Public\Experiments\IDs\05-WMC\MU","Tr3_study3.png","1","157653","C:/Users/Public/Experiments/IDs/05-WMC/MU/MUsbj063.csv","study","1000","3","63","168635","169635"
"MU.osexp","C:\Users\Public\Experiments\IDs\05-WMC\MU","Tr3_update1.png","1","157653","C:/Users/Public/Experiments/IDs/05-WMC/MU/MUsbj063.csv","update","1300","3","63","169958","171258"
"MU.osexp","C:\Users\Public\Experiments\IDs\05-WMC\MU","Tr3_update2.png","1","157653","C:/Users/Public/Experiments/IDs/05-WMC/MU/MUsbj063.csv","update","1300","3","63","171588","172888"
"MU.osexp","C:\Users\Public\Experiments\IDs\05-WMC\MU","Tr3_update3.png","1","157653","C:/Users/Public/Experiments/IDs/05-WMC/MU/MUsbj063.csv","update","1300","3","63","173217","174517"
"MU.osexp","C:\Users\Public\Experiments\IDs\05-WMC\MU","Tr3_test1.png","9","177253","C:/Users/Public/Experiments/IDs/05-WMC/MU/MUsbj063.csv","test","0","3","63","174839","177254"
"MU.osexp","C:\Users\Public\Experiments\IDs\05-WMC\MU","Tr3_test2.png","7","179997","C:/Users/Public/Experiments/IDs/05-WMC/MU/MUsbj063.csv","test","0","3","63","178330","179998"
"MU.osexp","C:\Users\Public\Experiments\IDs\05-WMC\MU","Tr3_test3.png","7","181397","C:/Users/Public/Experiments/IDs/05-WMC/MU/MUsbj063.csv","test","0","3","63","181078","181398"
"MU.osexp","C:\Users\Public\Experiments\IDs\05-WMC\MU","wait.png","7","181397","C:/Users/Public/Experiments/IDs/05-WMC/MU/MUsbj063.csv","wait","5000","4","63","182462","181398"
"MU.osexp","C:\Users\Public\Experiments\IDs\05-WMC\MU","fixation.png","7","181397","C:/Users/Public/Experiments/IDs/05-WMC/MU/MUsbj063.csv","fix","1500","4","63","187540","181398"
"MU.osexp","C:\Users\Public\Experiments\IDs\05-WMC\MU","Tr4_study1.png","7","181397","C:/Users/Public/Experiments/IDs/05-WMC/MU/MUsbj063.csv","study","1000","4","63","189124","190124"
"MU.osexp","C:\Users\Public\Experiments\IDs\05-WMC\MU","Tr4_study2.png","7","181397","C:/Users/Public/Experiments/IDs/05-WMC/MU/MUsbj063.csv","study","1000","4","63","190438","191438"
"MU.osexp","C:\Users\Public\Experiments\IDs\05-WMC\MU","Tr4_study3.png","7","181397","C:/Users/Public/Experiments/IDs/05-WMC/MU/MUsbj063.csv","study","1000","4","63","191763","192763"
"MU.osexp","C:\Users\Public\Experiments\IDs\05-WMC\MU","Tr4_study4.png","7","181397","C:/Users/Public/Experiments/IDs/05-WMC/MU/MUsbj063.csv","study","1000","4","63","193075","194077"
"MU.osexp","C:\Users\Public\Experiments\IDs\05-WMC\MU","Tr4_update1.png","7","181397","C:/Users/Public/Experiments/IDs/05-WMC/MU/MUsbj063.csv","update","1300","4","63","194413","195714"
"MU.osexp","C:\Users\Public\Experiments\IDs\05-WMC\MU","Tr4_update2.png","7","181397","C:/Users/Public/Experiments/IDs/05-WMC/MU/MUsbj063.csv","update","1300","4","63","196093","197393"
"MU.osexp","C:\Users\Public\Experiments\IDs\05-WMC\MU","Tr4_update3.png","7","181397","C:/Users/Public/Experiments/IDs/05-WMC/MU/MUsbj063.csv","update","1300","4","63","197732","199034"
"MU.osexp","C:\Users\Public\Experiments\IDs\05-WMC\MU","Tr4_update4.png","7","181397","C:/Users/Public/Experiments/IDs/05-WMC/MU/MUsbj063.csv","update","1300","4","63","199372","200673"
"MU.osexp","C:\Users\Public\Experiments\IDs\05-WMC\MU","Tr4_test1.png","3","202973","C:/Users/Public/Experiments/IDs/05-WMC/MU/MUsbj063.csv","test","0","4","63","201000","202974"
"MU.osexp","C:\Users\Public\Experiments\IDs\05-WMC\MU","Tr4_test2.png","7","205669","C:/Users/Public/Experiments/IDs/05-WMC/MU/MUsbj063.csv","test","0","4","63","204183","205670"
"MU.osexp","C:\Users\Public\Experiments\IDs\05-WMC\MU","Tr4_test3.png","4","208165","C:/Users/Public/Experiments/IDs/05-WMC/MU/MUsbj063.csv","test","0","4","63","206749","208166"
"MU.osexp","C:\Users\Public\Experiments\IDs\05-WMC\MU","Tr4_test4.png","4","209509","C:/Users/Public/Experiments/IDs/05-WMC/MU/MUsbj063.csv","test","0","4","63","209244","209510"
"MU.osexp","C:\Users\Public\Experiments\IDs\05-WMC\MU","wait.png","4","209509","C:/Users/Public/Experiments/IDs/05-WMC/MU/MUsbj063.csv","wait","5000","3","63","210575","209510"
"MU.osexp","C:\Users\Public\Experiments\IDs\05-WMC\MU","fixation.png","4","209509","C:/Users/Public/Experiments/IDs/05-WMC/MU/MUsbj063.csv","fix","1500","3","63","215662","209510"
"MU.osexp","C:\Users\Public\Experiments\IDs\05-WMC\MU","Tr5_study1.png","4","209509","C:/Users/Public/Experiments/IDs/05-WMC/MU/MUsbj063.csv","study","1000","3","63","217330","218330"
"MU.osexp","C:\Users\Public\Experiments\IDs\05-WMC\MU","Tr5_study2.png","4","209509","C:/Users/Public/Experiments/IDs/05-WMC/MU/MUsbj063.csv","study","1000","3","63","218653","219653"
"MU.osexp","C:\Users\Public\Experiments\IDs\05-WMC\MU","Tr5_study3.png","4","209509","C:/Users/Public/Experiments/IDs/05-WMC/MU/MUsbj063.csv","study","1000","3","63","219968","220968"
"MU.osexp","C:\Users\Public\Experiments\IDs\05-WMC\MU","Tr5_update1.png","4","209509","C:/Users/Public/Experiments/IDs/05-WMC/MU/MUsbj063.csv","update","1300","3","63","221304","222604"
"MU.osexp","C:\Users\Public\Experiments\IDs\05-WMC\MU","Tr5_update2.png","4","209509","C:/Users/Public/Experiments/IDs/05-WMC/MU/MUsbj063.csv","update","1300","3","63","222929","224229"
"MU.osexp","C:\Users\Public\Experiments\IDs\05-WMC\MU","Tr5_update3.png","4","209509","C:/Users/Public/Experiments/IDs/05-WMC/MU/MUsbj063.csv","update","1300","3","63","224562","225862"
"MU.osexp","C:\Users\Public\Experiments\IDs\05-WMC\MU","Tr5_update4.png","4","209509","C:/Users/Public/Experiments/IDs/05-WMC/MU/MUsbj063.csv","update","1300","3","63","226191","227491"
"MU.osexp","C:\Users\Public\Experiments\IDs\05-WMC\MU","Tr5_update5.png","4","209509","C:/Users/Public/Experiments/IDs/05-WMC/MU/MUsbj063.csv","update","1300","3","63","227854","229156"
"MU.osexp","C:\Users\Public\Experiments\IDs\05-WMC\MU","Tr5_update6.png","4","209509","C:/Users/Public/Experiments/IDs/05-WMC/MU/MUsbj063.csv","update","1300","3","63","229482","230784"
"MU.osexp","C:\Users\Public\Experiments\IDs\05-WMC\MU","Tr5_test1.png","2","233222","C:/Users/Public/Experiments/IDs/05-WMC/MU/MUsbj063.csv","test","0","3","63","231111","233222"
"MU.osexp","C:\Users\Public\Experiments\IDs\05-WMC\MU","Tr5_test2.png","1","236637","C:/Users/Public/Experiments/IDs/05-WMC/MU/MUsbj063.csv","test","0","3","63","234324","236638"
"MU.osexp","C:\Users\Public\Experiments\IDs\05-WMC\MU","Tr5_test3.png","8","240253","C:/Users/Public/Experiments/IDs/05-WMC/MU/MUsbj063.csv","test","0","3","63","237859","240254"
"MU.osexp","C:\Users\Public\Experiments\IDs\05-WMC\MU","wait.png","8","240253","C:/Users/Public/Experiments/IDs/05-WMC/MU/MUsbj063.csv","wait","5000","4","63","241334","240254"
"MU.osexp","C:\Users\Public\Experiments\IDs\05-WMC\MU","fixation.png","8","240253","C:/Users/Public/Experiments/IDs/05-WMC/MU/MUsbj063.csv","fix","1500","4","63","246410","240254"
"MU.osexp","C:\Users\Public\Experiments\IDs\05-WMC\MU","Tr6_study1.png","8","240253","C:/Users/Public/Experiments/IDs/05-WMC/MU/MUsbj063.csv","study","1000","4","63","247994","248996"
"MU.osexp","C:\Users\Public\Experiments\IDs\05-WMC\MU","Tr6_study2.png","8","240253","C:/Users/Public/Experiments/IDs/05-WMC/MU/MUsbj063.csv","study","1000","4","63","249312","250312"
"MU.osexp","C:\Users\Public\Experiments\IDs\05-WMC\MU","Tr6_study3.png","8","240253","C:/Users/Public/Experiments/IDs/05-WMC/MU/MUsbj063.csv","study","1000","4","63","250648","251648"
"MU.osexp","C:\Users\Public\Experiments\IDs\05-WMC\MU","Tr6_study4.png","8","240253","C:/Users/Public/Experiments/IDs/05-WMC/MU/MUsbj063.csv","study","1000","4","63","251972","252973"
"MU.osexp","C:\Users\Public\Experiments\IDs\05-WMC\MU","Tr6_update1.png","8","240253","C:/Users/Public/Experiments/IDs/05-WMC/MU/MUsbj063.csv","update","1300","4","63","253297","254599"
"MU.osexp","C:\Users\Public\Experiments\IDs\05-WMC\MU","Tr6_update2.png","8","240253","C:/Users/Public/Experiments/IDs/05-WMC/MU/MUsbj063.csv","update","1300","4","63","254945","256245"
"MU.osexp","C:\Users\Public\Experiments\IDs\05-WMC\MU","Tr6_update3.png","8","240253","C:/Users/Public/Experiments/IDs/05-WMC/MU/MUsbj063.csv","update","1300","4","63","256608","257908"
"MU.osexp","C:\Users\Public\Experiments\IDs\05-WMC\MU","Tr6_update4.png","8","240253","C:/Users/Public/Experiments/IDs/05-WMC/MU/MUsbj063.csv","update","1300","4","63","258236","259539"
"MU.osexp","C:\Users\Public\Experiments\IDs\05-WMC\MU","Tr6_update5.png","8","240253","C:/Users/Public/Experiments/IDs/05-WMC/MU/MUsbj063.csv","update","1300","4","63","259871","261172"
"MU.osexp","C:\Users\Public\Experiments\IDs\05-WMC\MU","Tr6_test1.png","8","263557","C:/Users/Public/Experiments/IDs/05-WMC/MU/MUsbj063.csv","test","0","4","63","261496","263558"
"MU.osexp","C:\Users\Public\Experiments\IDs\05-WMC\MU","Tr6_test2.png","9","265349","C:/Users/Public/Experiments/IDs/05-WMC/MU/MUsbj063.csv","test","0","4","63","264652","265349"
"MU.osexp","C:\Users\Public\Experiments\IDs\05-WMC\MU","Tr6_test3.png","6","267702","C:/Users/Public/Experiments/IDs/05-WMC/MU/MUsbj063.csv","test","0","4","63","266432","267702"
"MU.osexp","C:\Users\Public\Experiments\IDs\05-WMC\MU","Tr6_test4.png","8","269653","C:/Users/Public/Experiments/IDs/05-WMC/MU/MUsbj063.csv","test","0","4","63","268785","269654"
"MU.osexp","C:\Users\Public\Experiments\IDs\05-WMC\MU","wait.png","8","269653","C:/Users/Public/Experiments/IDs/05-WMC/MU/MUsbj063.csv","wait","5000","5","63","270732","269654"
"MU.osexp","C:\Users\Public\Experiments\IDs\05-WMC\MU","fixation.png","8","269653","C:/Users/Public/Experiments/IDs/05-WMC/MU/MUsbj063.csv","fix","1500","5","63","275816","269654"
"MU.osexp","C:\Users\Public\Experiments\IDs\05-WMC\MU","Tr7_study1.png","8","269653","C:/Users/Public/Experiments/IDs/05-WMC/MU/MUsbj063.csv","study","1000","5","63","277396","278397"
"MU.osexp","C:\Users\Public\Experiments\IDs\05-WMC\MU","Tr7_study2.png","8","269653","C:/Users/Public/Experiments/IDs/05-WMC/MU/MUsbj063.csv","study","1000","5","63","278737","279738"
"MU.osexp","C:\Users\Public\Experiments\IDs\05-WMC\MU","Tr7_study3.png","8","269653","C:/Users/Public/Experiments/IDs/05-WMC/MU/MUsbj063.csv","study","1000","5","63","280073","281074"
"MU.osexp","C:\Users\Public\Experiments\IDs\05-WMC\MU","Tr7_study4.png","8","269653","C:/Users/Public/Experiments/IDs/05-WMC/MU/MUsbj063.csv","study","1000","5","63","281389","282389"
"MU.osexp","C:\Users\Public\Experiments\IDs\05-WMC\MU","Tr7_study5.png","8","269653","C:/Users/Public/Experiments/IDs/05-WMC/MU/MUsbj063.csv","study","1000","5","63","282714","283715"
"MU.osexp","C:\Users\Public\Experiments\IDs\05-WMC\MU","Tr7_update1.png","8","269653","C:/Users/Public/Experiments/IDs/05-WMC/MU/MUsbj063.csv","update","1300","5","63","284062","285364"
"MU.osexp","C:\Users\Public\Experiments\IDs\05-WMC\MU","Tr7_update2.png","8","269653","C:/Users/Public/Experiments/IDs/05-WMC/MU/MUsbj063.csv","update","1300","5","63","285703","287003"
"MU.osexp","C:\Users\Public\Experiments\IDs\05-WMC\MU","Tr7_update3.png","8","269653","C:/Users/Public/Experiments/IDs/05-WMC/MU/MUsbj063.csv","update","1300","5","63","287331","288631"
"MU.osexp","C:\Users\Public\Experiments\IDs\05-WMC\MU","Tr7_update4.png","8","269653","C:/Users/Public/Experiments/IDs/05-WMC/MU/MUsbj063.csv","update","1300","5","63","288968","290269"
"MU.osexp","C:\Users\Public\Experiments\IDs\05-WMC\MU","Tr7_update5.png","8","269653","C:/Users/Public/Experiments/IDs/05-WMC/MU/MUsbj063.csv","update","1300","5","63","290616","291918"
"MU.osexp","C:\Users\Public\Experiments\IDs\05-WMC\MU","Tr7_test1.png","4","295909","C:/Users/Public/Experiments/IDs/05-WMC/MU/MUsbj063.csv","test","0","5","63","292246","295910"
"MU.osexp","C:\Users\Public\Experiments\IDs\05-WMC\MU","Tr7_test2.png","5","297557","C:/Users/Public/Experiments/IDs/05-WMC/MU/MUsbj063.csv","test","0","5","63","297017","297558"
"MU.osexp","C:\Users\Public\Experiments\IDs\05-WMC\MU","Tr7_test3.png","1","299669","C:/Users/Public/Experiments/IDs/05-WMC/MU/MUsbj063.csv","test","0","5","63","298692","299670"
"MU.osexp","C:\Users\Public\Experiments\IDs\05-WMC\MU","Tr7_test4.png","2","301710","C:/Users/Public/Experiments/IDs/05-WMC/MU/MUsbj063.csv","test","0","5","63","300778","301711"
"MU.osexp","C:\Users\Public\Experiments\IDs\05-WMC\MU","Tr7_test5.png","1","303126","C:/Users/Public/Experiments/IDs/05-WMC/MU/MUsbj063.csv","test","0","5","63","302821","303126"
"MU.osexp","C:\Users\Public\Experiments\IDs\05-WMC\MU","wait.png","1","303126","C:/Users/Public/Experiments/IDs/05-WMC/MU/MUsbj063.csv","wait","5000","4","63","304230","303126"
"MU.osexp","C:\Users\Public\Experiments\IDs\05-WMC\MU","fixation.png","1","303126","C:/Users/Public/Experiments/IDs/05-WMC/MU/MUsbj063.csv","fix","1500","4","63","309299","303126"
"MU.osexp","C:\Users\Public\Experiments\IDs\05-WMC\MU","Tr8_study1.png","1","303126","C:/Users/Public/Experiments/IDs/05-WMC/MU/MUsbj063.csv","study","1000","4","63","310876","311876"
"MU.osexp","C:\Users\Public\Experiments\IDs\05-WMC\MU","Tr8_study2.png","1","303126","C:/Users/Public/Experiments/IDs/05-WMC/MU/MUsbj063.csv","study","1000","4","63","312205","313206"
"MU.osexp","C:\Users\Public\Experiments\IDs\05-WMC\MU","Tr8_study3.png","1","303126","C:/Users/Public/Experiments/IDs/05-WMC/MU/MUsbj063.csv","study","1000","4","63","313525","314528"
"MU.osexp","C:\Users\Public\Experiments\IDs\05-WMC\MU","Tr8_study4.png","1","303126","C:/Users/Public/Experiments/IDs/05-WMC/MU/MUsbj063.csv","study","1000","4","63","314885","315885"
"MU.osexp","C:\Users\Public\Experiments\IDs\05-WMC\MU","Tr8_update1.png","1","303126","C:/Users/Public/Experiments/IDs/05-WMC/MU/MUsbj063.csv","update","1300","4","63","316216","317516"
"MU.osexp","C:\Users\Public\Experiments\IDs\05-WMC\MU","Tr8_update2.png","1","303126","C:/Users/Public/Experiments/IDs/05-WMC/MU/MUsbj063.csv","update","1300","4","63","317851","319151"
"MU.osexp","C:\Users\Public\Experiments\IDs\05-WMC\MU","Tr8_update3.png","1","303126","C:/Users/Public/Experiments/IDs/05-WMC/MU/MUsbj063.csv","update","1300","4","63","319472","320772"
"MU.osexp","C:\Users\Public\Experiments\IDs\05-WMC\MU","Tr8_test1.png","1","323005","C:/Users/Public/Experiments/IDs/05-WMC/MU/MUsbj063.csv","test","0","4","63","321102","323006"
"MU.osexp","C:\Users\Public\Experiments\IDs\05-WMC\MU","Tr8_test2.png","7","325445","C:/Users/Public/Experiments/IDs/05-WMC/MU/MUsbj063.csv","test","0","4","63","324084","325446"
"MU.osexp","C:\Users\Public\Experiments\IDs\05-WMC\MU","Tr8_test3.png","9","328077","C:/Users/Public/Experiments/IDs/05-WMC/MU/MUsbj063.csv","test","0","4","63","326553","328078"
"MU.osexp","C:\Users\Public\Experiments\IDs\05-WMC\MU","Tr8_test4.png","2","329421","C:/Users/Public/Experiments/IDs/05-WMC/MU/MUsbj063.csv","test","0","4","63","329173","329422"
"MU.osexp","C:\Users\Public\Experiments\IDs\05-WMC\MU","wait.png","2","329421","C:/Users/Public/Experiments/IDs/05-WMC/MU/MUsbj063.csv","wait","5000","5","63","330529","329422"
"MU.osexp","C:\Users\Public\Experiments\IDs\05-WMC\MU","fixation.png","2","329421","C:/Users/Public/Experiments/IDs/05-WMC/MU/MUsbj063.csv","fix","1500","5","63","335618","329422"
"MU.osexp","C:\Users\Public\Experiments\IDs\05-WMC\MU","Tr9_study1.png","2","329421","C:/Users/Public/Experiments/IDs/05-WMC/MU/MUsbj063.csv","study","1000","5","63","337225","338227"
"MU.osexp","C:\Users\Public\Experiments\IDs\05-WMC\MU","Tr9_study2.png","2","329421","C:/Users/Public/Experiments/IDs/05-WMC/MU/MUsbj063.csv","study","1000","5","63","338578","339580"
"MU.osexp","C:\Users\Public\Experiments\IDs\05-WMC\MU","Tr9_study3.png","2","329421","C:/Users/Public/Experiments/IDs/05-WMC/MU/MUsbj063.csv","study","1000","5","63","339934","340935"
"MU.osexp","C:\Users\Public\Experiments\IDs\05-WMC\MU","Tr9_study4.png","2","329421","C:/Users/Public/Experiments/IDs/05-WMC/MU/MUsbj063.csv","study","1000","5","63","341363","342365"
"MU.osexp","C:\Users\Public\Experiments\IDs\05-WMC\MU","Tr9_study5.png","2","329421","C:/Users/Public/Experiments/IDs/05-WMC/MU/MUsbj063.csv","study","1000","5","63","342753","343755"
"MU.osexp","C:\Users\Public\Experiments\IDs\05-WMC\MU","Tr9_update1.png","2","329421","C:/Users/Public/Experiments/IDs/05-WMC/MU/MUsbj063.csv","update","1300","5","63","344128","345430"
"MU.osexp","C:\Users\Public\Experiments\IDs\05-WMC\MU","Tr9_update2.png","2","329421","C:/Users/Public/Experiments/IDs/05-WMC/MU/MUsbj063.csv","update","1300","5","63","345802","347104"
"MU.osexp","C:\Users\Public\Experiments\IDs\05-WMC\MU","Tr9_test1.png","5","349269","C:/Users/Public/Experiments/IDs/05-WMC/MU/MUsbj063.csv","test","0","5","63","347434","349270"
"MU.osexp","C:\Users\Public\Experiments\IDs\05-WMC\MU","Tr9_test2.png","6","351269","C:/Users/Public/Experiments/IDs/05-WMC/MU/MUsbj063.csv","test","0","5","63","350369","351270"
"MU.osexp","C:\Users\Public\Experiments\IDs\05-WMC\MU","Tr9_test3.png","5","352669","C:/Users/Public/Experiments/IDs/05-WMC/MU/MUsbj063.csv","test","0","5","63","352377","352670"
"MU.osexp","C:\Users\Public\Experiments\IDs\05-WMC\MU","Tr9_test4.png","4","354134","C:/Users/Public/Experiments/IDs/05-WMC/MU/MUsbj063.csv","test","0","5","63","353832","354134"
"MU.osexp","C:\Users\Public\Experiments\IDs\05-WMC\MU","Tr9_test5.png","2","355814","C:/Users/Public/Experiments/IDs/05-WMC/MU/MUsbj063.csv","test","0","5","63","355254","355814"
"MU.osexp","C:\Users\Public\Experiments\IDs\05-WMC\MU","wait.png","2","355814","C:/Users/Public/Experiments/IDs/05-WMC/MU/MUsbj063.csv","wait","5000","3","63","356912","355814"
"MU.osexp","C:\Users\Public\Experiments\IDs\05-WMC\MU","fixation.png","2","355814","C:/Users/Public/Experiments/IDs/05-WMC/MU/MUsbj063.csv","fix","1500","3","63","362006","355814"
"MU.osexp","C:\Users\Public\Experiments\IDs\05-WMC\MU","Tr10_study1.png","2","355814","C:/Users/Public/Experiments/IDs/05-WMC/MU/MUsbj063.csv","study","1000","3","63","363604","364605"
"MU.osexp","C:\Users\Public\Experiments\IDs\05-WMC\MU","Tr10_study2.png","2","355814","C:/Users/Public/Experiments/IDs/05-WMC/MU/MUsbj063.csv","study","1000","3","63","364960","365962"
"MU.osexp","C:\Users\Public\Experiments\IDs\05-WMC\MU","Tr10_study3.png","2","355814","C:/Users/Public/Experiments/IDs/05-WMC/MU/MUsbj063.csv","study","1000","3","63","366324","367326"
"MU.osexp","C:\Users\Public\Experiments\IDs\05-WMC\MU","Tr10_update1.png","2","355814","C:/Users/Public/Experiments/IDs/05-WMC/MU/MUsbj063.csv","update","1300","3","63","367699","369001"
"MU.osexp","C:\Users\Public\Experiments\IDs\05-WMC\MU","Tr10_update2.png","2","355814","C:/Users/Public/Experiments/IDs/05-WMC/MU/MUsbj063.csv","update","1300","3","63","369371","370673"
"MU.osexp","C:\Users\Public\Experiments\IDs\05-WMC\MU","Tr10_test1.png","5","372846","C:/Users/Public/Experiments/IDs/05-WMC/MU/MUsbj063.csv","test","0","3","63","371045","372846"
"MU.osexp","C:\Users\Public\Experiments\IDs\05-WMC\MU","Tr10_test2.png","5","376069","C:/Users/Public/Experiments/IDs/05-WMC/MU/MUsbj063.csv","test","0","3","63","373953","376070"
"MU.osexp","C:\Users\Public\Experiments\IDs\05-WMC\MU","Tr10_test3.png","2","377469","C:/Users/Public/Experiments/IDs/05-WMC/MU/MUsbj063.csv","test","0","3","63","377170","377470"
"MU.osexp","C:\Users\Public\Experiments\IDs\05-WMC\MU","wait.png","2","377469","C:/Users/Public/Experiments/IDs/05-WMC/MU/MUsbj063.csv","wait","5000","5","63","378571","377470"
"MU.osexp","C:\Users\Public\Experiments\IDs\05-WMC\MU","fixation.png","2","377469","C:/Users/Public/Experiments/IDs/05-WMC/MU/MUsbj063.csv","fix","1500","5","63","383674","377470"
"MU.osexp","C:\Users\Public\Experiments\IDs\05-WMC\MU","Tr11_study1.png","2","377469","C:/Users/Public/Experiments/IDs/05-WMC/MU/MUsbj063.csv","study","1000","5","63","385318","386320"
"MU.osexp","C:\Users\Public\Experiments\IDs\05-WMC\MU","Tr11_study2.png","2","377469","C:/Users/Public/Experiments/IDs/05-WMC/MU/MUsbj063.csv","study","1000","5","63","386690","387692"
"MU.osexp","C:\Users\Public\Experiments\IDs\05-WMC\MU","Tr11_study3.png","2","377469","C:/Users/Public/Experiments/IDs/05-WMC/MU/MUsbj063.csv","study","1000","5","63","388066","389067"
"MU.osexp","C:\Users\Public\Experiments\IDs\05-WMC\MU","Tr11_study4.png","2","377469","C:/Users/Public/Experiments/IDs/05-WMC/MU/MUsbj063.csv","study","1000","5","63","389431","390433"
"MU.osexp","C:\Users\Public\Experiments\IDs\05-WMC\MU","Tr11_study5.png","2","377469","C:/Users/Public/Experiments/IDs/05-WMC/MU/MUsbj063.csv","study","1000","5","63","390788","391788"
"MU.osexp","C:\Users\Public\Experiments\IDs\05-WMC\MU","Tr11_update1.png","2","377469","C:/Users/Public/Experiments/IDs/05-WMC/MU/MUsbj063.csv","update","1300","5","63","392171","393473"
"MU.osexp","C:\Users\Public\Experiments\IDs\05-WMC\MU","Tr11_update2.png","2","377469","C:/Users/Public/Experiments/IDs/05-WMC/MU/MUsbj063.csv","update","1300","5","63","393832","395134"
"MU.osexp","C:\Users\Public\Experiments\IDs\05-WMC\MU","Tr11_update3.png","2","377469","C:/Users/Public/Experiments/IDs/05-WMC/MU/MUsbj063.csv","update","1300","5","63","395486","396788"
"MU.osexp","C:\Users\Public\Experiments\IDs\05-WMC\MU","Tr11_test1.png","1","398181","C:/Users/Public/Experiments/IDs/05-WMC/MU/MUsbj063.csv","test","0","5","63","397162","398182"
"MU.osexp","C:\Users\Public\Experiments\IDs\05-WMC\MU","Tr11_test2.png","5","400693","C:/Users/Public/Experiments/IDs/05-WMC/MU/MUsbj063.csv","test","0","5","63","399305","400694"
"MU.osexp","C:\Users\Public\Experiments\IDs\05-WMC\MU","Tr11_test3.png","4","402949","C:/Users/Public/Experiments/IDs/05-WMC/MU/MUsbj063.csv","test","0","5","63","401788","402950"
"MU.osexp","C:\Users\Public\Experiments\IDs\05-WMC\MU","Tr11_test4.png","6","404373","C:/Users/Public/Experiments/IDs/05-WMC/MU/MUsbj063.csv","test","0","5","63","404045","404374"
"MU.osexp","C:\Users\Public\Experiments\IDs\05-WMC\MU","Tr11_test5.png","2","405774","C:/Users/Public/Experiments/IDs/05-WMC/MU/MUsbj063.csv","test","0","5","63","405530","405775"
"MU.osexp","C:\Users\Public\Experiments\IDs\05-WMC\MU","wait.png","2","405774","C:/Users/Public/Experiments/IDs/05-WMC/MU/MUsbj063.csv","wait","5000","3","63","406873","405775"
"MU.osexp","C:\Users\Public\Experiments\IDs\05-WMC\MU","fixation.png","2","405774","C:/Users/Public/Experiments/IDs/05-WMC/MU/MUsbj063.csv","fix","1500","3","63","411984","405775"
"MU.osexp","C:\Users\Public\Experiments\IDs\05-WMC\MU","Tr12_study1.png","2","405774","C:/Users/Public/Experiments/IDs/05-WMC/MU/MUsbj063.csv","study","1000","3","63","413576","414576"
"MU.osexp","C:\Users\Public\Experiments\IDs\05-WMC\MU","Tr12_study2.png","2","405774","C:/Users/Public/Experiments/IDs/05-WMC/MU/MUsbj063.csv","study","1000","3","63","414923","415925"
"MU.osexp","C:\Users\Public\Experiments\IDs\05-WMC\MU","Tr12_study3.png","2","405774","C:/Users/Public/Experiments/IDs/05-WMC/MU/MUsbj063.csv","study","1000","3","63","416389","417391"
"MU.osexp","C:\Users\Public\Experiments\IDs\05-WMC\MU","Tr12_update1.png","2","405774","C:/Users/Public/Experiments/IDs/05-WMC/MU/MUsbj063.csv","update","1300","3","63","417838","419140"
"MU.osexp","C:\Users\Public\Experiments\IDs\05-WMC\MU","Tr12_update2.png","2","405774","C:/Users/Public/Experiments/IDs/05-WMC/MU/MUsbj063.csv","update","1300","3","63","419537","420839"
"MU.osexp","C:\Users\Public\Experiments\IDs\05-WMC\MU","Tr12_update3.png","2","405774","C:/Users/Public/Experiments/IDs/05-WMC/MU/MUsbj063.csv","update","1300","3","63","421194","422496"
"MU.osexp","C:\Users\Public\Experiments\IDs\05-WMC\MU","Tr12_update4.png","2","405774","C:/Users/Public/Experiments/IDs/05-WMC/MU/MUsbj063.csv","update","1300","3","63","422849","424151"
"MU.osexp","C:\Users\Public\Experiments\IDs\05-WMC\MU","Tr12_update5.png","2","405774","C:/Users/Public/Experiments/IDs/05-WMC/MU/MUsbj063.csv","update","1300","3","63","424511","425813"
"MU.osexp","C:\Users\Public\Experiments\IDs\05-WMC\MU","Tr12_test1.png","4","427494","C:/Users/Public/Experiments/IDs/05-WMC/MU/MUsbj063.csv","test","0","3","63","426180","427494"
"MU.osexp","C:\Users\Public\Experiments\IDs\05-WMC\MU","Tr12_test2.png","9","429453","C:/Users/Public/Experiments/IDs/05-WMC/MU/MUsbj063.csv","test","0","3","63","428596","429454"
"MU.osexp","C:\Users\Public\Experiments\IDs\05-WMC\MU","Tr12_test3.png","2","430821","C:/Users/Public/Experiments/IDs/05-WMC/MU/MUsbj063.csv","test","0","3","63","430557","430822"
"MU.osexp","C:\Users\Public\Experiments\IDs\05-WMC\MU","wait.png","2","430821","C:/Users/Public/Experiments/IDs/05-WMC/MU/MUsbj063.csv","wait","5000","3","63","431923","430822"
"MU.osexp","C:\Users\Public\Experiments\IDs\05-WMC\MU","fixation.png","2","430821","C:/Users/Public/Experiments/IDs/05-WMC/MU/MUsbj063.csv","fix","1500","3","63","437150","430822"
"MU.osexp","C:\Users\Public\Experiments\IDs\05-WMC\MU","Tr13_study1.png","2","430821","C:/Users/Public/Experiments/IDs/05-WMC/MU/MUsbj063.csv","study","1000","3","63","438783","439784"
"MU.osexp","C:\Users\Public\Experiments\IDs\05-WMC\MU","Tr13_study2.png","2","430821","C:/Users/Public/Experiments/IDs/05-WMC/MU/MUsbj063.csv","study","1000","3","63","440147","441149"
"MU.osexp","C:\Users\Public\Experiments\IDs\05-WMC\MU","Tr13_study3.png","2","430821","C:/Users/Public/Experiments/IDs/05-WMC/MU/MUsbj063.csv","study","1000","3","63","441485","442486"
"MU.osexp","C:\Users\Public\Experiments\IDs\05-WMC\MU","Tr13_update1.png","2","430821","C:/Users/Public/Experiments/IDs/05-WMC/MU/MUsbj063.csv","update","1300","3","63","442843","444145"
"MU.osexp","C:\Users\Public\Experiments\IDs\05-WMC\MU","Tr13_update2.png","2","430821","C:/Users/Public/Experiments/IDs/05-WMC/MU/MUsbj063.csv","update","1300","3","63","444496","445798"
"MU.osexp","C:\Users\Public\Experiments\IDs\05-WMC\MU","Tr13_update3.png","2","430821","C:/Users/Public/Experiments/IDs/05-WMC/MU/MUsbj063.csv","update","1300","3","63","446148","447450"
"MU.osexp","C:\Users\Public\Experiments\IDs\05-WMC\MU","Tr13_update4.png","2","430821","C:/Users/Public/Experiments/IDs/05-WMC/MU/MUsbj063.csv","update","1300","3","63","447796","449098"
"MU.osexp","C:\Users\Public\Experiments\IDs\05-WMC\MU","Tr13_test1.png","3","450685","C:/Users/Public/Experiments/IDs/05-WMC/MU/MUsbj063.csv","test","0","3","63","449442","450686"
"MU.osexp","C:\Users\Public\Experiments\IDs\05-WMC\MU","Tr13_test2.png","2","452461","C:/Users/Public/Experiments/IDs/05-WMC/MU/MUsbj063.csv","test","0","3","63","451799","452462"
"MU.osexp","C:\Users\Public\Experiments\IDs\05-WMC\MU","Tr13_test3.png","9","453813","C:/Users/Public/Experiments/IDs/05-WMC/MU/MUsbj063.csv","test","0","3","63","453562","453814"
"MU.osexp","C:\Users\Public\Experiments\IDs\05-WMC\MU","wait.png","9","453813","C:/Users/Public/Experiments/IDs/05-WMC/MU/MUsbj063.csv","wait","5000","5","63","454925","453814"
"MU.osexp","C:\Users\Public\Experiments\IDs\05-WMC\MU","fixation.png","9","453813","C:/Users/Public/Experiments/IDs/05-WMC/MU/MUsbj063.csv","fix","1500","5","63","460039","453814"
"MU.osexp","C:\Users\Public\Experiments\IDs\05-WMC\MU","Tr14_study1.png","9","453813","C:/Users/Public/Experiments/IDs/05-WMC/MU/MUsbj063.csv","study","1000","5","63","461638","462639"
"MU.osexp","C:\Users\Public\Experiments\IDs\05-WMC\MU","Tr14_study2.png","9","453813","C:/Users/Public/Experiments/IDs/05-WMC/MU/MUsbj063.csv","study","1000","5","63","463002","464004"
"MU.osexp","C:\Users\Public\Experiments\IDs\05-WMC\MU","Tr14_study3.png","9","453813","C:/Users/Public/Experiments/IDs/05-WMC/MU/MUsbj063.csv","study","1000","5","63","464381","465382"
"MU.osexp","C:\Users\Public\Experiments\IDs\05-WMC\MU","Tr14_study4.png","9","453813","C:/Users/Public/Experiments/IDs/05-WMC/MU/MUsbj063.csv","study","1000","5","63","465754","466756"
"MU.osexp","C:\Users\Public\Experiments\IDs\05-WMC\MU","Tr14_study5.png","9","453813","C:/Users/Public/Experiments/IDs/05-WMC/MU/MUsbj063.csv","study","1000","5","63","467105","468106"
"MU.osexp","C:\Users\Public\Experiments\IDs\05-WMC\MU","Tr14_update1.png","9","453813","C:/Users/Public/Experiments/IDs/05-WMC/MU/MUsbj063.csv","update","1300","5","63","468456","469758"
"MU.osexp","C:\Users\Public\Experiments\IDs\05-WMC\MU","Tr14_update2.png","9","453813","C:/Users/Public/Experiments/IDs/05-WMC/MU/MUsbj063.csv","update","1300","5","63","470100","471402"
"MU.osexp","C:\Users\Public\Experiments\IDs\05-WMC\MU","Tr14_update3.png","9","453813","C:/Users/Public/Experiments/IDs/05-WMC/MU/MUsbj063.csv","update","1300","5","63","471863","473165"
"MU.osexp","C:\Users\Public\Experiments\IDs\05-WMC\MU","Tr14_update4.png","9","453813","C:/Users/Public/Experiments/IDs/05-WMC/MU/MUsbj063.csv","update","1300","5","63","473516","474818"
"MU.osexp","C:\Users\Public\Experiments\IDs\05-WMC\MU","Tr14_test1.png","8","476782","C:/Users/Public/Experiments/IDs/05-WMC/MU/MUsbj063.csv","test","0","5","63","475160","476783"
"MU.osexp","C:\Users\Public\Experiments\IDs\05-WMC\MU","Tr14_test2.png","8","478382","C:/Users/Public/Experiments/IDs/05-WMC/MU/MUsbj063.csv","test","0","5","63","477874","478383"
"MU.osexp","C:\Users\Public\Experiments\IDs\05-WMC\MU","Tr14_test3.png","4","480310","C:/Users/Public/Experiments/IDs/05-WMC/MU/MUsbj063.csv","test","0","5","63","479508","480310"
"MU.osexp","C:\Users\Public\Experiments\IDs\05-WMC\MU","Tr14_test4.png","3","481910","C:/Users/Public/Experiments/IDs/05-WMC/MU/MUsbj063.csv","test","0","5","63","481414","481910"
"MU.osexp","C:\Users\Public\Experiments\IDs\05-WMC\MU","Tr14_test5.png","2","483933","C:/Users/Public/Experiments/IDs/05-WMC/MU/MUsbj063.csv","test","0","5","63","483002","483934"
"MU.osexp","C:\Users\Public\Experiments\IDs\05-WMC\MU","wait.png","2","483933","C:/Users/Public/Experiments/IDs/05-WMC/MU/MUsbj063.csv","wait","5000","4","63","485039","483934"
"MU.osexp","C:\Users\Public\Experiments\IDs\05-WMC\MU","fixation.png","2","483933","C:/Users/Public/Experiments/IDs/05-WMC/MU/MUsbj063.csv","fix","1500","4","63","490158","483934"
"MU.osexp","C:\Users\Public\Experiments\IDs\05-WMC\MU","Tr15_study1.png","2","483933","C:/Users/Public/Experiments/IDs/05-WMC/MU/MUsbj063.csv","study","1000","4","63","491842","492844"
"MU.osexp","C:\Users\Public\Experiments\IDs\05-WMC\MU","Tr15_study2.png","2","483933","C:/Users/Public/Experiments/IDs/05-WMC/MU/MUsbj063.csv","study","1000","4","63","493192","494194"
"MU.osexp","C:\Users\Public\Experiments\IDs\05-WMC\MU","Tr15_study3.png","2","483933","C:/Users/Public/Experiments/IDs/05-WMC/MU/MUsbj063.csv","study","1000","4","63","494570","495572"
"MU.osexp","C:\Users\Public\Experiments\IDs\05-WMC\MU","Tr15_study4.png","2","483933","C:/Users/Public/Experiments/IDs/05-WMC/MU/MUsbj063.csv","study","1000","4","63","495927","496929"
"MU.osexp","C:\Users\Public\Experiments\IDs\05-WMC\MU","Tr15_update1.png","2","483933","C:/Users/Public/Experiments/IDs/05-WMC/MU/MUsbj063.csv","update","1300","4","63","497283","498585"
"MU.osexp","C:\Users\Public\Experiments\IDs\05-WMC\MU","Tr15_update2.png","2","483933","C:/Users/Public/Experiments/IDs/05-WMC/MU/MUsbj063.csv","update","1300","4","63","498935","500235"
"MU.osexp","C:\Users\Public\Experiments\IDs\05-WMC\MU","Tr15_update3.png","2","483933","C:/Users/Public/Experiments/IDs/05-WMC/MU/MUsbj063.csv","update","1300","4","63","500604","501907"
"MU.osexp","C:\Users\Public\Experiments\IDs\05-WMC\MU","Tr15_update4.png","2","483933","C:/Users/Public/Experiments/IDs/05-WMC/MU/MUsbj063.csv","update","1300","4","63","502273","503575"
"MU.osexp","C:\Users\Public\Experiments\IDs\05-WMC\MU","Tr15_update5.png","2","483933","C:/Users/Public/Experiments/IDs/05-WMC/MU/MUsbj063.csv","update","1300","4","63","503952","505254"
"MU.osexp","C:\Users\Public\Experiments\IDs\05-WMC\MU","Tr15_update6.png","2","483933","C:/Users/Public/Experiments/IDs/05-WMC/MU/MUsbj063.csv","update","1300","4","63","505593","506895"
"MU.osexp","C:\Users\Public\Experiments\IDs\05-WMC\MU","Tr15_test1.png","9","510574","C:/Users/Public/Experiments/IDs/05-WMC/MU/MUsbj063.csv","test","0","4","63","507380","510575"
"MU.osexp","C:\Users\Public\Experiments\IDs\05-WMC\MU","Tr15_test2.png","3","512622","C:/Users/Public/Experiments/IDs/05-WMC/MU/MUsbj063.csv","test","0","4","63","511684","512623"
"MU.osexp","C:\Users\Public\Experiments\IDs\05-WMC\MU","Tr15_test3.png","8","514502","C:/Users/Public/Experiments/IDs/05-WMC/MU/MUsbj063.csv","test","0","4","63","513719","514502"
"MU.osexp","C:\Users\Public\Experiments\IDs\05-WMC\MU","Tr15_test4.png","1","515878","C:/Users/Public/Experiments/IDs/05-WMC/MU/MUsbj063.csv","test","0","4","63","515630","515878"
"MU.osexp","C:\Users\Public\Experiments\IDs\05-WMC\MU","wait.png","1","515878","C:/Users/Public/Experiments/IDs/05-WMC/MU/MUsbj063.csv","wait","5000","4","63","516962","515878"
"MU.osexp","C:\Users\Public\Experiments\IDs\05-WMC\MU","fixation.png","1","515878","C:/Users/Public/Experiments/IDs/05-WMC/MU/MUsbj063.csv","fix","1500","4","63","522056","515878"
"MU.osexp","C:\Users\Public\Experiments\IDs\05-WMC\MU","Tr16_study1.png","1","515878","C:/Users/Public/Experiments/IDs/05-WMC/MU/MUsbj063.csv","study","1000","4","63","523648","524649"
"MU.osexp","C:\Users\Public\Experiments\IDs\05-WMC\MU","Tr16_study2.png","1","515878","C:/Users/Public/Experiments/IDs/05-WMC/MU/MUsbj063.csv","study","1000","4","63","524996","525998"
"MU.osexp","C:\Users\Public\Experiments\IDs\05-WMC\MU","Tr16_study3.png","1","515878","C:/Users/Public/Experiments/IDs/05-WMC/MU/MUsbj063.csv","study","1000","4","63","526351","527352"
"MU.osexp","C:\Users\Public\Experiments\IDs\05-WMC\MU","Tr16_study4.png","1","515878","C:/Users/Public/Experiments/IDs/05-WMC/MU/MUsbj063.csv","study","1000","4","63","527717","528719"
"MU.osexp","C:\Users\Public\Experiments\IDs\05-WMC\MU","Tr16_update1.png","1","515878","C:/Users/Public/Experiments/IDs/05-WMC/MU/MUsbj063.csv","update","1300","4","63","529092","530394"
"MU.osexp","C:\Users\Public\Experiments\IDs\05-WMC\MU","Tr16_update2.png","1","515878","C:/Users/Public/Experiments/IDs/05-WMC/MU/MUsbj063.csv","update","1300","4","63","530752","532054"
"MU.osexp","C:\Users\Public\Experiments\IDs\05-WMC\MU","Tr16_test1.png","8","536133","C:/Users/Public/Experiments/IDs/05-WMC/MU/MUsbj063.csv","test","0","4","63","532404","536134"
"MU.osexp","C:\Users\Public\Experiments\IDs\05-WMC\MU","Tr16_test2.png","6","538541","C:/Users/Public/Experiments/IDs/05-WMC/MU/MUsbj063.csv","test","0","4","63","537236","538542"
"MU.osexp","C:\Users\Public\Experiments\IDs\05-WMC\MU","Tr16_test3.png","9","540861","C:/Users/Public/Experiments/IDs/05-WMC/MU/MUsbj063.csv","test","0","4","63","539642","540862"
"MU.osexp","C:\Users\Public\Experiments\IDs\05-WMC\MU","Tr16_test4.png","6","542285","C:/Users/Public/Experiments/IDs/05-WMC/MU/MUsbj063.csv","test","0","4","63","541960","542286"
"MU.osexp","C:\Users\Public\Experiments\IDs\05-WMC\MU","wait.png","6","542285","C:/Users/Public/Experiments/IDs/05-WMC/MU/MUsbj063.csv","wait","5000","5","63","543407","542286"
"MU.osexp","C:\Users\Public\Experiments\IDs\05-WMC\MU","fixation.png","6","542285","C:/Users/Public/Experiments/IDs/05-WMC/MU/MUsbj063.csv","fix","1500","5","63","548513","542286"
"MU.osexp","C:\Users\Public\Experiments\IDs\05-WMC\MU","Tr17_study1.png","6","542285","C:/Users/Public/Experiments/IDs/05-WMC/MU/MUsbj063.csv","study","1000","5","63","550123","551124"
"MU.osexp","C:\Users\Public\Experiments\IDs\05-WMC\MU","Tr17_study2.png","6","542285","C:/Users/Public/Experiments/IDs/05-WMC/MU/MUsbj063.csv","study","1000","5","63","551476","552478"
"MU.osexp","C:\Users\Public\Experiments\IDs\05-WMC\MU","Tr17_study3.png","6","542285","C:/Users/Public/Experiments/IDs/05-WMC/MU/MUsbj063.csv","study","1000","5","63","552842","553844"
"MU.osexp","C:\Users\Public\Experiments\IDs\05-WMC\MU","Tr17_study4.png","6","542285","C:/Users/Public/Experiments/IDs/05-WMC/MU/MUsbj063.csv","study","1000","5","63","554187","555189"
"MU.osexp","C:\Users\Public\Experiments\IDs\05-WMC\MU","Tr17_study5.png","6","542285","C:/Users/Public/Experiments/IDs/05-WMC/MU/MUsbj063.csv","study","1000","5","63","555560","556562"
"MU.osexp","C:\Users\Public\Experiments\IDs\05-WMC\MU","Tr17_update1.png","6","542285","C:/Users/Public/Experiments/IDs/05-WMC/MU/MUsbj063.csv","update","1300","5","63","556923","558225"
"MU.osexp","C:\Users\Public\Experiments\IDs\05-WMC\MU","Tr17_update2.png","6","542285","C:/Users/Public/Experiments/IDs/05-WMC/MU/MUsbj063.csv","update","1300","5","63","558578","559880"
"MU.osexp","C:\Users\Public\Experiments\IDs\05-WMC\MU","Tr17_update3.png","6","542285","C:/Users/Public/Experiments/IDs/05-WMC/MU/MUsbj063.csv","update","1300","5","63","560227","561529"
"MU.osexp","C:\Users\Public\Experiments\IDs\05-WMC\MU","Tr17_update4.png","6","542285","C:/Users/Public/Experiments/IDs/05-WMC/MU/MUsbj063.csv","update","1300","5","63","561874","563176"
"MU.osexp","C:\Users\Public\Experiments\IDs\05-WMC\MU","Tr17_update5.png","6","542285","C:/Users/Public/Experiments/IDs/05-WMC/MU/MUsbj063.csv","update","1300","5","63","563519","564822"
"MU.osexp","C:\Users\Public\Experiments\IDs\05-WMC\MU","Tr17_update6.png","6","542285","C:/Users/Public/Experiments/IDs/05-WMC/MU/MUsbj063.csv","update","1300","5","63","565168","566470"
"MU.osexp","C:\Users\Public\Experiments\IDs\05-WMC\MU","Tr17_test1.png","2","568406","C:/Users/Public/Experiments/IDs/05-WMC/MU/MUsbj063.csv","test","0","5","63","566819","568406"
"MU.osexp","C:\Users\Public\Experiments\IDs\05-WMC\MU","Tr17_test2.png","2","570605","C:/Users/Public/Experiments/IDs/05-WMC/MU/MUsbj063.csv","test","0","5","63","569491","570606"
"MU.osexp","C:\Users\Public\Experiments\IDs\05-WMC\MU","Tr17_test3.png","3","571989","C:/Users/Public/Experiments/IDs/05-WMC/MU/MUsbj063.csv","test","0","5","63","571710","571990"
"MU.osexp","C:\Users\Public\Experiments\IDs\05-WMC\MU","Tr17_test4.png","4","573605","C:/Users/Public/Experiments/IDs/05-WMC/MU/MUsbj063.csv","test","0","5","63","573110","573606"
"MU.osexp","C:\Users\Public\Experiments\IDs\05-WMC\MU","Tr17_test5.png","9","574989","C:/Users/Public/Experiments/IDs/05-WMC/MU/MUsbj063.csv","test","0","5","63","574703","574990"
