"experiment_file","experiment_path","image","key","key_time","logfile","phase","playtime","setSize","subject_nr","timestamp","waittime"
"MU.osexp","C:\Users\Public\Experiments\SM01\05-WMC\MU","ready1.png","NA","NA","C:/Users/Public/Experiments/SM01/05-WMC/MU/MU_results/MUsbj035.csv","pre","0","3","35","106394","NA"
"MU.osexp","C:\Users\Public\Experiments\SM01\05-WMC\MU","fixation.png","NA","NA","C:/Users/Public/Experiments/SM01/05-WMC/MU/MU_results/MUsbj035.csv","fix","1500","3","35","108006","NA"
"MU.osexp","C:\Users\Public\Experiments\SM01\05-WMC\MU","Tr1_study1.png","NA","NA","C:/Users/Public/Experiments/SM01/05-WMC/MU/MU_results/MUsbj035.csv","study","1000","3","35","109621","110623"
"MU.osexp","C:\Users\Public\Experiments\SM01\05-WMC\MU","Tr1_study2.png","NA","NA","C:/Users/Public/Experiments/SM01/05-WMC/MU/MU_results/MUsbj035.csv","study","1000","3","35","111022","112024"
"MU.osexp","C:\Users\Public\Experiments\SM01\05-WMC\MU","Tr1_study3.png","NA","NA","C:/Users/Public/Experiments/SM01/05-WMC/MU/MU_results/MUsbj035.csv","study","1000","3","35","112373","113375"
"MU.osexp","C:\Users\Public\Experiments\SM01\05-WMC\MU","Tr1_update1.png","NA","NA","C:/Users/Public/Experiments/SM01/05-WMC/MU/MU_results/MUsbj035.csv","update","1300","3","35","113716","115018"
"MU.osexp","C:\Users\Public\Experiments\SM01\05-WMC\MU","Tr1_update2.png","NA","NA","C:/Users/Public/Experiments/SM01/05-WMC/MU/MU_results/MUsbj035.csv","update","1300","3","35","115377","116679"
"MU.osexp","C:\Users\Public\Experiments\SM01\05-WMC\MU","Tr1_update3.png","NA","NA","C:/Users/Public/Experiments/SM01/05-WMC/MU/MU_results/MUsbj035.csv","update","1300","3","35","117032","118334"
"MU.osexp","C:\Users\Public\Experiments\SM01\05-WMC\MU","Tr1_test1.png","9","127027","C:/Users/Public/Experiments/SM01/05-WMC/MU/MU_results/MUsbj035.csv","test","0","3","35","118698","127028"
"MU.osexp","C:\Users\Public\Experiments\SM01\05-WMC\MU","Tr1_test2.png","8","137083","C:/Users/Public/Experiments/SM01/05-WMC/MU/MU_results/MUsbj035.csv","test","0","3","35","128125","137084"
"MU.osexp","C:\Users\Public\Experiments\SM01\05-WMC\MU","Tr1_test3.png","2","143107","C:/Users/Public/Experiments/SM01/05-WMC/MU/MU_results/MUsbj035.csv","test","0","3","35","138180","143108"
"MU.osexp","C:\Users\Public\Experiments\SM01\05-WMC\MU","wait.png","2","143107","C:/Users/Public/Experiments/SM01/05-WMC/MU/MU_results/MUsbj035.csv","wait","5000","3","35","144202","143108"
"MU.osexp","C:\Users\Public\Experiments\SM01\05-WMC\MU","fixation.png","2","143107","C:/Users/Public/Experiments/SM01/05-WMC/MU/MU_results/MUsbj035.csv","fix","1500","3","35","149369","143108"
"MU.osexp","C:\Users\Public\Experiments\SM01\05-WMC\MU","Tr2_study1.png","2","143107","C:/Users/Public/Experiments/SM01/05-WMC/MU/MU_results/MUsbj035.csv","study","1000","3","35","150936","151937"
"MU.osexp","C:\Users\Public\Experiments\SM01\05-WMC\MU","Tr2_study2.png","2","143107","C:/Users/Public/Experiments/SM01/05-WMC/MU/MU_results/MUsbj035.csv","study","1000","3","35","152284","153286"
"MU.osexp","C:\Users\Public\Experiments\SM01\05-WMC\MU","Tr2_study3.png","2","143107","C:/Users/Public/Experiments/SM01/05-WMC/MU/MU_results/MUsbj035.csv","study","1000","3","35","153632","154633"
"MU.osexp","C:\Users\Public\Experiments\SM01\05-WMC\MU","Tr2_update1.png","2","143107","C:/Users/Public/Experiments/SM01/05-WMC/MU/MU_results/MUsbj035.csv","update","1300","3","35","154970","156272"
"MU.osexp","C:\Users\Public\Experiments\SM01\05-WMC\MU","Tr2_update2.png","2","143107","C:/Users/Public/Experiments/SM01/05-WMC/MU/MU_results/MUsbj035.csv","update","1300","3","35","156626","157928"
"MU.osexp","C:\Users\Public\Experiments\SM01\05-WMC\MU","Tr2_update3.png","2","143107","C:/Users/Public/Experiments/SM01/05-WMC/MU/MU_results/MUsbj035.csv","update","1300","3","35","158322","159624"
"MU.osexp","C:\Users\Public\Experiments\SM01\05-WMC\MU","Tr2_test1.png","4","167754","C:/Users/Public/Experiments/SM01/05-WMC/MU/MU_results/MUsbj035.csv","test","0","3","35","159964","167755"
"MU.osexp","C:\Users\Public\Experiments\SM01\05-WMC\MU","Tr2_test2.png","6","173451","C:/Users/Public/Experiments/SM01/05-WMC/MU/MU_results/MUsbj035.csv","test","0","3","35","168869","173452"
"MU.osexp","C:\Users\Public\Experiments\SM01\05-WMC\MU","Tr2_test3.png","1","178787","C:/Users/Public/Experiments/SM01/05-WMC/MU/MU_results/MUsbj035.csv","test","0","3","35","174549","178788"
"MU.osexp","C:\Users\Public\Experiments\SM01\05-WMC\MU","ready2.png","1","178787","C:/Users/Public/Experiments/SM01/05-WMC/MU/MU_results/MUsbj035.csv","pre","0","3","35","187356","178788"
"MU.osexp","C:\Users\Public\Experiments\SM01\05-WMC\MU","fixation.png","1","178787","C:/Users/Public/Experiments/SM01/05-WMC/MU/MU_results/MUsbj035.csv","fix","1500","3","35","189588","178788"
"MU.osexp","C:\Users\Public\Experiments\SM01\05-WMC\MU","Tr3_study1.png","1","178787","C:/Users/Public/Experiments/SM01/05-WMC/MU/MU_results/MUsbj035.csv","study","1000","3","35","191216","192218"
"MU.osexp","C:\Users\Public\Experiments\SM01\05-WMC\MU","Tr3_study2.png","1","178787","C:/Users/Public/Experiments/SM01/05-WMC/MU/MU_results/MUsbj035.csv","study","1000","3","35","192554","193556"
"MU.osexp","C:\Users\Public\Experiments\SM01\05-WMC\MU","Tr3_study3.png","1","178787","C:/Users/Public/Experiments/SM01/05-WMC/MU/MU_results/MUsbj035.csv","study","1000","3","35","193925","194927"
"MU.osexp","C:\Users\Public\Experiments\SM01\05-WMC\MU","Tr3_update1.png","1","178787","C:/Users/Public/Experiments/SM01/05-WMC/MU/MU_results/MUsbj035.csv","update","1300","3","35","195272","196574"
"MU.osexp","C:\Users\Public\Experiments\SM01\05-WMC\MU","Tr3_update2.png","1","178787","C:/Users/Public/Experiments/SM01/05-WMC/MU/MU_results/MUsbj035.csv","update","1300","3","35","196919","198221"
"MU.osexp","C:\Users\Public\Experiments\SM01\05-WMC\MU","Tr3_update3.png","1","178787","C:/Users/Public/Experiments/SM01/05-WMC/MU/MU_results/MUsbj035.csv","update","1300","3","35","198611","199913"
"MU.osexp","C:\Users\Public\Experiments\SM01\05-WMC\MU","Tr3_test1.png","1","205899","C:/Users/Public/Experiments/SM01/05-WMC/MU/MU_results/MUsbj035.csv","test","0","3","35","200317","205900"
"MU.osexp","C:\Users\Public\Experiments\SM01\05-WMC\MU","Tr3_test2.png","5","208355","C:/Users/Public/Experiments/SM01/05-WMC/MU/MU_results/MUsbj035.csv","test","0","3","35","207168","208356"
"MU.osexp","C:\Users\Public\Experiments\SM01\05-WMC\MU","Tr3_test3.png","7","210179","C:/Users/Public/Experiments/SM01/05-WMC/MU/MU_results/MUsbj035.csv","test","0","3","35","209464","210180"
"MU.osexp","C:\Users\Public\Experiments\SM01\05-WMC\MU","wait.png","7","210179","C:/Users/Public/Experiments/SM01/05-WMC/MU/MU_results/MUsbj035.csv","wait","5000","4","35","211304","210180"
"MU.osexp","C:\Users\Public\Experiments\SM01\05-WMC\MU","fixation.png","7","210179","C:/Users/Public/Experiments/SM01/05-WMC/MU/MU_results/MUsbj035.csv","fix","1500","4","35","216392","210180"
"MU.osexp","C:\Users\Public\Experiments\SM01\05-WMC\MU","Tr4_study1.png","7","210179","C:/Users/Public/Experiments/SM01/05-WMC/MU/MU_results/MUsbj035.csv","study","1000","4","35","217991","218993"
"MU.osexp","C:\Users\Public\Experiments\SM01\05-WMC\MU","Tr4_study2.png","7","210179","C:/Users/Public/Experiments/SM01/05-WMC/MU/MU_results/MUsbj035.csv","study","1000","4","35","219351","220354"
"MU.osexp","C:\Users\Public\Experiments\SM01\05-WMC\MU","Tr4_study3.png","7","210179","C:/Users/Public/Experiments/SM01/05-WMC/MU/MU_results/MUsbj035.csv","study","1000","4","35","220710","221712"
"MU.osexp","C:\Users\Public\Experiments\SM01\05-WMC\MU","Tr4_study4.png","7","210179","C:/Users/Public/Experiments/SM01/05-WMC/MU/MU_results/MUsbj035.csv","study","1000","4","35","222057","223059"
"MU.osexp","C:\Users\Public\Experiments\SM01\05-WMC\MU","Tr4_update1.png","7","210179","C:/Users/Public/Experiments/SM01/05-WMC/MU/MU_results/MUsbj035.csv","update","1300","4","35","223435","224737"
"MU.osexp","C:\Users\Public\Experiments\SM01\05-WMC\MU","Tr4_update2.png","7","210179","C:/Users/Public/Experiments/SM01/05-WMC/MU/MU_results/MUsbj035.csv","update","1300","4","35","225073","226375"
"MU.osexp","C:\Users\Public\Experiments\SM01\05-WMC\MU","Tr4_update3.png","7","210179","C:/Users/Public/Experiments/SM01/05-WMC/MU/MU_results/MUsbj035.csv","update","1300","4","35","226774","228076"
"MU.osexp","C:\Users\Public\Experiments\SM01\05-WMC\MU","Tr4_update4.png","7","210179","C:/Users/Public/Experiments/SM01/05-WMC/MU/MU_results/MUsbj035.csv","update","1300","4","35","228437","229739"
"MU.osexp","C:\Users\Public\Experiments\SM01\05-WMC\MU","Tr4_test1.png","3","237242","C:/Users/Public/Experiments/SM01/05-WMC/MU/MU_results/MUsbj035.csv","test","0","4","35","230080","237243"
"MU.osexp","C:\Users\Public\Experiments\SM01\05-WMC\MU","Tr4_test2.png","7","239739","C:/Users/Public/Experiments/SM01/05-WMC/MU/MU_results/MUsbj035.csv","test","0","4","35","238331","239740"
"MU.osexp","C:\Users\Public\Experiments\SM01\05-WMC\MU","Tr4_test3.png","1","241643","C:/Users/Public/Experiments/SM01/05-WMC/MU/MU_results/MUsbj035.csv","test","0","4","35","240844","241644"
"MU.osexp","C:\Users\Public\Experiments\SM01\05-WMC\MU","Tr4_test4.png","7","243395","C:/Users/Public/Experiments/SM01/05-WMC/MU/MU_results/MUsbj035.csv","test","0","4","35","242756","243396"
"MU.osexp","C:\Users\Public\Experiments\SM01\05-WMC\MU","wait.png","7","243395","C:/Users/Public/Experiments/SM01/05-WMC/MU/MU_results/MUsbj035.csv","wait","5000","3","35","244480","243396"
"MU.osexp","C:\Users\Public\Experiments\SM01\05-WMC\MU","fixation.png","7","243395","C:/Users/Public/Experiments/SM01/05-WMC/MU/MU_results/MUsbj035.csv","fix","1500","3","35","249576","243396"
"MU.osexp","C:\Users\Public\Experiments\SM01\05-WMC\MU","Tr5_study1.png","7","243395","C:/Users/Public/Experiments/SM01/05-WMC/MU/MU_results/MUsbj035.csv","study","1000","3","35","251200","252202"
"MU.osexp","C:\Users\Public\Experiments\SM01\05-WMC\MU","Tr5_study2.png","7","243395","C:/Users/Public/Experiments/SM01/05-WMC/MU/MU_results/MUsbj035.csv","study","1000","3","35","252549","253551"
"MU.osexp","C:\Users\Public\Experiments\SM01\05-WMC\MU","Tr5_study3.png","7","243395","C:/Users/Public/Experiments/SM01/05-WMC/MU/MU_results/MUsbj035.csv","study","1000","3","35","253934","254936"
"MU.osexp","C:\Users\Public\Experiments\SM01\05-WMC\MU","Tr5_update1.png","7","243395","C:/Users/Public/Experiments/SM01/05-WMC/MU/MU_results/MUsbj035.csv","update","1300","3","35","255306","256608"
"MU.osexp","C:\Users\Public\Experiments\SM01\05-WMC\MU","Tr5_update2.png","7","243395","C:/Users/Public/Experiments/SM01/05-WMC/MU/MU_results/MUsbj035.csv","update","1300","3","35","257037","258339"
"MU.osexp","C:\Users\Public\Experiments\SM01\05-WMC\MU","Tr5_update3.png","7","243395","C:/Users/Public/Experiments/SM01/05-WMC/MU/MU_results/MUsbj035.csv","update","1300","3","35","258718","260020"
"MU.osexp","C:\Users\Public\Experiments\SM01\05-WMC\MU","Tr5_update4.png","7","243395","C:/Users/Public/Experiments/SM01/05-WMC/MU/MU_results/MUsbj035.csv","update","1300","3","35","260390","261692"
"MU.osexp","C:\Users\Public\Experiments\SM01\05-WMC\MU","Tr5_update5.png","7","243395","C:/Users/Public/Experiments/SM01/05-WMC/MU/MU_results/MUsbj035.csv","update","1300","3","35","262076","263378"
"MU.osexp","C:\Users\Public\Experiments\SM01\05-WMC\MU","Tr5_update6.png","7","243395","C:/Users/Public/Experiments/SM01/05-WMC/MU/MU_results/MUsbj035.csv","update","1300","3","35","263728","265030"
"MU.osexp","C:\Users\Public\Experiments\SM01\05-WMC\MU","Tr5_test1.png","4","267803","C:/Users/Public/Experiments/SM01/05-WMC/MU/MU_results/MUsbj035.csv","test","0","3","35","265428","267804"
"MU.osexp","C:\Users\Public\Experiments\SM01\05-WMC\MU","Tr5_test2.png","5","270139","C:/Users/Public/Experiments/SM01/05-WMC/MU/MU_results/MUsbj035.csv","test","0","3","35","268891","270140"
"MU.osexp","C:\Users\Public\Experiments\SM01\05-WMC\MU","Tr5_test3.png","3","272338","C:/Users/Public/Experiments/SM01/05-WMC/MU/MU_results/MUsbj035.csv","test","0","3","35","271252","272339"
"MU.osexp","C:\Users\Public\Experiments\SM01\05-WMC\MU","wait.png","3","272338","C:/Users/Public/Experiments/SM01/05-WMC/MU/MU_results/MUsbj035.csv","wait","5000","4","35","273442","272339"
"MU.osexp","C:\Users\Public\Experiments\SM01\05-WMC\MU","fixation.png","3","272338","C:/Users/Public/Experiments/SM01/05-WMC/MU/MU_results/MUsbj035.csv","fix","1500","4","35","278531","272339"
"MU.osexp","C:\Users\Public\Experiments\SM01\05-WMC\MU","Tr6_study1.png","3","272338","C:/Users/Public/Experiments/SM01/05-WMC/MU/MU_results/MUsbj035.csv","study","1000","4","35","280161","281163"
"MU.osexp","C:\Users\Public\Experiments\SM01\05-WMC\MU","Tr6_study2.png","3","272338","C:/Users/Public/Experiments/SM01/05-WMC/MU/MU_results/MUsbj035.csv","study","1000","4","35","281521","282523"
"MU.osexp","C:\Users\Public\Experiments\SM01\05-WMC\MU","Tr6_study3.png","3","272338","C:/Users/Public/Experiments/SM01/05-WMC/MU/MU_results/MUsbj035.csv","study","1000","4","35","282897","283900"
"MU.osexp","C:\Users\Public\Experiments\SM01\05-WMC\MU","Tr6_study4.png","3","272338","C:/Users/Public/Experiments/SM01/05-WMC/MU/MU_results/MUsbj035.csv","study","1000","4","35","284276","285278"
"MU.osexp","C:\Users\Public\Experiments\SM01\05-WMC\MU","Tr6_update1.png","3","272338","C:/Users/Public/Experiments/SM01/05-WMC/MU/MU_results/MUsbj035.csv","update","1300","4","35","285632","286934"
"MU.osexp","C:\Users\Public\Experiments\SM01\05-WMC\MU","Tr6_update2.png","3","272338","C:/Users/Public/Experiments/SM01/05-WMC/MU/MU_results/MUsbj035.csv","update","1300","4","35","287277","288579"
"MU.osexp","C:\Users\Public\Experiments\SM01\05-WMC\MU","Tr6_update3.png","3","272338","C:/Users/Public/Experiments/SM01/05-WMC/MU/MU_results/MUsbj035.csv","update","1300","4","35","289053","290355"
"MU.osexp","C:\Users\Public\Experiments\SM01\05-WMC\MU","Tr6_update4.png","3","272338","C:/Users/Public/Experiments/SM01/05-WMC/MU/MU_results/MUsbj035.csv","update","1300","4","35","290714","292016"
"MU.osexp","C:\Users\Public\Experiments\SM01\05-WMC\MU","Tr6_update5.png","3","272338","C:/Users/Public/Experiments/SM01/05-WMC/MU/MU_results/MUsbj035.csv","update","1300","4","35","292465","293767"
"MU.osexp","C:\Users\Public\Experiments\SM01\05-WMC\MU","Tr6_test1.png","6","296203","C:/Users/Public/Experiments/SM01/05-WMC/MU/MU_results/MUsbj035.csv","test","0","4","35","294133","296204"
"MU.osexp","C:\Users\Public\Experiments\SM01\05-WMC\MU","Tr6_test2.png","1","297947","C:/Users/Public/Experiments/SM01/05-WMC/MU/MU_results/MUsbj035.csv","test","0","4","35","297302","297948"
"MU.osexp","C:\Users\Public\Experiments\SM01\05-WMC\MU","Tr6_test3.png","7","299843","C:/Users/Public/Experiments/SM01/05-WMC/MU/MU_results/MUsbj035.csv","test","0","4","35","299075","299844"
"MU.osexp","C:\Users\Public\Experiments\SM01\05-WMC\MU","Tr6_test4.png","7","301227","C:/Users/Public/Experiments/SM01/05-WMC/MU/MU_results/MUsbj035.csv","test","0","4","35","300939","301228"
"MU.osexp","C:\Users\Public\Experiments\SM01\05-WMC\MU","wait.png","7","301227","C:/Users/Public/Experiments/SM01/05-WMC/MU/MU_results/MUsbj035.csv","wait","5000","5","35","302369","301228"
"MU.osexp","C:\Users\Public\Experiments\SM01\05-WMC\MU","fixation.png","7","301227","C:/Users/Public/Experiments/SM01/05-WMC/MU/MU_results/MUsbj035.csv","fix","1500","5","35","307471","301228"
"MU.osexp","C:\Users\Public\Experiments\SM01\05-WMC\MU","Tr7_study1.png","7","301227","C:/Users/Public/Experiments/SM01/05-WMC/MU/MU_results/MUsbj035.csv","study","1000","5","35","309094","310096"
"MU.osexp","C:\Users\Public\Experiments\SM01\05-WMC\MU","Tr7_study2.png","7","301227","C:/Users/Public/Experiments/SM01/05-WMC/MU/MU_results/MUsbj035.csv","study","1000","5","35","310429","311431"
"MU.osexp","C:\Users\Public\Experiments\SM01\05-WMC\MU","Tr7_study3.png","7","301227","C:/Users/Public/Experiments/SM01/05-WMC/MU/MU_results/MUsbj035.csv","study","1000","5","35","311814","312816"
"MU.osexp","C:\Users\Public\Experiments\SM01\05-WMC\MU","Tr7_study4.png","7","301227","C:/Users/Public/Experiments/SM01/05-WMC/MU/MU_results/MUsbj035.csv","study","1000","5","35","313149","314151"
"MU.osexp","C:\Users\Public\Experiments\SM01\05-WMC\MU","Tr7_study5.png","7","301227","C:/Users/Public/Experiments/SM01/05-WMC/MU/MU_results/MUsbj035.csv","study","1000","5","35","314513","315515"
"MU.osexp","C:\Users\Public\Experiments\SM01\05-WMC\MU","Tr7_update1.png","7","301227","C:/Users/Public/Experiments/SM01/05-WMC/MU/MU_results/MUsbj035.csv","update","1300","5","35","315866","317167"
"MU.osexp","C:\Users\Public\Experiments\SM01\05-WMC\MU","Tr7_update2.png","7","301227","C:/Users/Public/Experiments/SM01/05-WMC/MU/MU_results/MUsbj035.csv","update","1300","5","35","317538","318840"
"MU.osexp","C:\Users\Public\Experiments\SM01\05-WMC\MU","Tr7_update3.png","7","301227","C:/Users/Public/Experiments/SM01/05-WMC/MU/MU_results/MUsbj035.csv","update","1300","5","35","319199","320501"
"MU.osexp","C:\Users\Public\Experiments\SM01\05-WMC\MU","Tr7_update4.png","7","301227","C:/Users/Public/Experiments/SM01/05-WMC/MU/MU_results/MUsbj035.csv","update","1300","5","35","320850","322152"
"MU.osexp","C:\Users\Public\Experiments\SM01\05-WMC\MU","Tr7_update5.png","7","301227","C:/Users/Public/Experiments/SM01/05-WMC/MU/MU_results/MUsbj035.csv","update","1300","5","35","322526","323828"
"MU.osexp","C:\Users\Public\Experiments\SM01\05-WMC\MU","Tr7_test1.png","1","325579","C:/Users/Public/Experiments/SM01/05-WMC/MU/MU_results/MUsbj035.csv","test","0","5","35","324211","325580"
"MU.osexp","C:\Users\Public\Experiments\SM01\05-WMC\MU","Tr7_test2.png","8","327739","C:/Users/Public/Experiments/SM01/05-WMC/MU/MU_results/MUsbj035.csv","test","0","5","35","326683","327740"
"MU.osexp","C:\Users\Public\Experiments\SM01\05-WMC\MU","Tr7_test3.png","1","330531","C:/Users/Public/Experiments/SM01/05-WMC/MU/MU_results/MUsbj035.csv","test","0","5","35","328848","330532"
"MU.osexp","C:\Users\Public\Experiments\SM01\05-WMC\MU","Tr7_test4.png","8","332675","C:/Users/Public/Experiments/SM01/05-WMC/MU/MU_results/MUsbj035.csv","test","0","5","35","331621","332676"
"MU.osexp","C:\Users\Public\Experiments\SM01\05-WMC\MU","Tr7_test5.png","1","334355","C:/Users/Public/Experiments/SM01/05-WMC/MU/MU_results/MUsbj035.csv","test","0","5","35","333782","334356"
"MU.osexp","C:\Users\Public\Experiments\SM01\05-WMC\MU","wait.png","1","334355","C:/Users/Public/Experiments/SM01/05-WMC/MU/MU_results/MUsbj035.csv","wait","5000","4","35","335468","334356"
"MU.osexp","C:\Users\Public\Experiments\SM01\05-WMC\MU","fixation.png","1","334355","C:/Users/Public/Experiments/SM01/05-WMC/MU/MU_results/MUsbj035.csv","fix","1500","4","35","340567","334356"
"MU.osexp","C:\Users\Public\Experiments\SM01\05-WMC\MU","Tr8_study1.png","1","334355","C:/Users/Public/Experiments/SM01/05-WMC/MU/MU_results/MUsbj035.csv","study","1000","4","35","342180","343182"
"MU.osexp","C:\Users\Public\Experiments\SM01\05-WMC\MU","Tr8_study2.png","1","334355","C:/Users/Public/Experiments/SM01/05-WMC/MU/MU_results/MUsbj035.csv","study","1000","4","35","343532","344534"
"MU.osexp","C:\Users\Public\Experiments\SM01\05-WMC\MU","Tr8_study3.png","1","334355","C:/Users/Public/Experiments/SM01/05-WMC/MU/MU_results/MUsbj035.csv","study","1000","4","35","344864","345866"
"MU.osexp","C:\Users\Public\Experiments\SM01\05-WMC\MU","Tr8_study4.png","1","334355","C:/Users/Public/Experiments/SM01/05-WMC/MU/MU_results/MUsbj035.csv","study","1000","4","35","346269","347270"
"MU.osexp","C:\Users\Public\Experiments\SM01\05-WMC\MU","Tr8_update1.png","1","334355","C:/Users/Public/Experiments/SM01/05-WMC/MU/MU_results/MUsbj035.csv","update","1300","4","35","347633","348935"
"MU.osexp","C:\Users\Public\Experiments\SM01\05-WMC\MU","Tr8_update2.png","1","334355","C:/Users/Public/Experiments/SM01/05-WMC/MU/MU_results/MUsbj035.csv","update","1300","4","35","349264","350566"
"MU.osexp","C:\Users\Public\Experiments\SM01\05-WMC\MU","Tr8_update3.png","1","334355","C:/Users/Public/Experiments/SM01/05-WMC/MU/MU_results/MUsbj035.csv","update","1300","4","35","350928","352230"
"MU.osexp","C:\Users\Public\Experiments\SM01\05-WMC\MU","Tr8_test1.png","2","356259","C:/Users/Public/Experiments/SM01/05-WMC/MU/MU_results/MUsbj035.csv","test","0","4","35","352566","356260"
"MU.osexp","C:\Users\Public\Experiments\SM01\05-WMC\MU","Tr8_test2.png","4","358259","C:/Users/Public/Experiments/SM01/05-WMC/MU/MU_results/MUsbj035.csv","test","0","4","35","357359","358259"
"MU.osexp","C:\Users\Public\Experiments\SM01\05-WMC\MU","Tr8_test3.png","9","360267","C:/Users/Public/Experiments/SM01/05-WMC/MU/MU_results/MUsbj035.csv","test","0","4","35","359352","360268"
"MU.osexp","C:\Users\Public\Experiments\SM01\05-WMC\MU","Tr8_test4.png","2","361787","C:/Users/Public/Experiments/SM01/05-WMC/MU/MU_results/MUsbj035.csv","test","0","4","35","361364","361788"
"MU.osexp","C:\Users\Public\Experiments\SM01\05-WMC\MU","wait.png","2","361787","C:/Users/Public/Experiments/SM01/05-WMC/MU/MU_results/MUsbj035.csv","wait","5000","5","35","362905","361788"
"MU.osexp","C:\Users\Public\Experiments\SM01\05-WMC\MU","fixation.png","2","361787","C:/Users/Public/Experiments/SM01/05-WMC/MU/MU_results/MUsbj035.csv","fix","1500","5","35","368003","361788"
"MU.osexp","C:\Users\Public\Experiments\SM01\05-WMC\MU","Tr9_study1.png","2","361787","C:/Users/Public/Experiments/SM01/05-WMC/MU/MU_results/MUsbj035.csv","study","1000","5","35","369628","370630"
"MU.osexp","C:\Users\Public\Experiments\SM01\05-WMC\MU","Tr9_study2.png","2","361787","C:/Users/Public/Experiments/SM01/05-WMC/MU/MU_results/MUsbj035.csv","study","1000","5","35","370959","371961"
"MU.osexp","C:\Users\Public\Experiments\SM01\05-WMC\MU","Tr9_study3.png","2","361787","C:/Users/Public/Experiments/SM01/05-WMC/MU/MU_results/MUsbj035.csv","study","1000","5","35","372339","373341"
"MU.osexp","C:\Users\Public\Experiments\SM01\05-WMC\MU","Tr9_study4.png","2","361787","C:/Users/Public/Experiments/SM01/05-WMC/MU/MU_results/MUsbj035.csv","study","1000","5","35","373800","374802"
"MU.osexp","C:\Users\Public\Experiments\SM01\05-WMC\MU","Tr9_study5.png","2","361787","C:/Users/Public/Experiments/SM01/05-WMC/MU/MU_results/MUsbj035.csv","study","1000","5","35","375192","376194"
"MU.osexp","C:\Users\Public\Experiments\SM01\05-WMC\MU","Tr9_update1.png","2","361787","C:/Users/Public/Experiments/SM01/05-WMC/MU/MU_results/MUsbj035.csv","update","1300","5","35","376549","377851"
"MU.osexp","C:\Users\Public\Experiments\SM01\05-WMC\MU","Tr9_update2.png","2","361787","C:/Users/Public/Experiments/SM01/05-WMC/MU/MU_results/MUsbj035.csv","update","1300","5","35","378220","379522"
"MU.osexp","C:\Users\Public\Experiments\SM01\05-WMC\MU","Tr9_test1.png","4","382587","C:/Users/Public/Experiments/SM01/05-WMC/MU/MU_results/MUsbj035.csv","test","0","5","35","379873","382588"
"MU.osexp","C:\Users\Public\Experiments\SM01\05-WMC\MU","Tr9_test2.png","6","387371","C:/Users/Public/Experiments/SM01/05-WMC/MU/MU_results/MUsbj035.csv","test","0","5","35","383674","387372"
"MU.osexp","C:\Users\Public\Experiments\SM01\05-WMC\MU","Tr9_test3.png","5","389771","C:/Users/Public/Experiments/SM01/05-WMC/MU/MU_results/MUsbj035.csv","test","0","5","35","388480","389772"
"MU.osexp","C:\Users\Public\Experiments\SM01\05-WMC\MU","Tr9_test4.png","4","394059","C:/Users/Public/Experiments/SM01/05-WMC/MU/MU_results/MUsbj035.csv","test","0","5","35","390885","394060"
"MU.osexp","C:\Users\Public\Experiments\SM01\05-WMC\MU","Tr9_test5.png","6","396227","C:/Users/Public/Experiments/SM01/05-WMC/MU/MU_results/MUsbj035.csv","test","0","5","35","395163","396228"
"MU.osexp","C:\Users\Public\Experiments\SM01\05-WMC\MU","wait.png","6","396227","C:/Users/Public/Experiments/SM01/05-WMC/MU/MU_results/MUsbj035.csv","wait","5000","3","35","397322","396228"
"MU.osexp","C:\Users\Public\Experiments\SM01\05-WMC\MU","fixation.png","6","396227","C:/Users/Public/Experiments/SM01/05-WMC/MU/MU_results/MUsbj035.csv","fix","1500","3","35","402422","396228"
"MU.osexp","C:\Users\Public\Experiments\SM01\05-WMC\MU","Tr10_study1.png","6","396227","C:/Users/Public/Experiments/SM01/05-WMC/MU/MU_results/MUsbj035.csv","study","1000","3","35","404032","405034"
"MU.osexp","C:\Users\Public\Experiments\SM01\05-WMC\MU","Tr10_study2.png","6","396227","C:/Users/Public/Experiments/SM01/05-WMC/MU/MU_results/MUsbj035.csv","study","1000","3","35","405376","406378"
"MU.osexp","C:\Users\Public\Experiments\SM01\05-WMC\MU","Tr10_study3.png","6","396227","C:/Users/Public/Experiments/SM01/05-WMC/MU/MU_results/MUsbj035.csv","study","1000","3","35","406741","407743"
"MU.osexp","C:\Users\Public\Experiments\SM01\05-WMC\MU","Tr10_update1.png","6","396227","C:/Users/Public/Experiments/SM01/05-WMC/MU/MU_results/MUsbj035.csv","update","1300","3","35","408105","409407"
"MU.osexp","C:\Users\Public\Experiments\SM01\05-WMC\MU","Tr10_update2.png","6","396227","C:/Users/Public/Experiments/SM01/05-WMC/MU/MU_results/MUsbj035.csv","update","1300","3","35","409769","411071"
"MU.osexp","C:\Users\Public\Experiments\SM01\05-WMC\MU","Tr10_test1.png","5","413331","C:/Users/Public/Experiments/SM01/05-WMC/MU/MU_results/MUsbj035.csv","test","0","3","35","411432","413332"
"MU.osexp","C:\Users\Public\Experiments\SM01\05-WMC\MU","Tr10_test2.png","2","415363","C:/Users/Public/Experiments/SM01/05-WMC/MU/MU_results/MUsbj035.csv","test","0","3","35","414436","415364"
"MU.osexp","C:\Users\Public\Experiments\SM01\05-WMC\MU","Tr10_test3.png","5","416723","C:/Users/Public/Experiments/SM01/05-WMC/MU/MU_results/MUsbj035.csv","test","0","3","35","416466","416724"
"MU.osexp","C:\Users\Public\Experiments\SM01\05-WMC\MU","wait.png","5","416723","C:/Users/Public/Experiments/SM01/05-WMC/MU/MU_results/MUsbj035.csv","wait","5000","5","35","417813","416724"
"MU.osexp","C:\Users\Public\Experiments\SM01\05-WMC\MU","fixation.png","5","416723","C:/Users/Public/Experiments/SM01/05-WMC/MU/MU_results/MUsbj035.csv","fix","1500","5","35","422938","416724"
"MU.osexp","C:\Users\Public\Experiments\SM01\05-WMC\MU","Tr11_study1.png","5","416723","C:/Users/Public/Experiments/SM01/05-WMC/MU/MU_results/MUsbj035.csv","study","1000","5","35","424562","425564"
"MU.osexp","C:\Users\Public\Experiments\SM01\05-WMC\MU","Tr11_study2.png","5","416723","C:/Users/Public/Experiments/SM01/05-WMC/MU/MU_results/MUsbj035.csv","study","1000","5","35","425914","426916"
"MU.osexp","C:\Users\Public\Experiments\SM01\05-WMC\MU","Tr11_study3.png","5","416723","C:/Users/Public/Experiments/SM01/05-WMC/MU/MU_results/MUsbj035.csv","study","1000","5","35","427303","428305"
"MU.osexp","C:\Users\Public\Experiments\SM01\05-WMC\MU","Tr11_study4.png","5","416723","C:/Users/Public/Experiments/SM01/05-WMC/MU/MU_results/MUsbj035.csv","study","1000","5","35","428671","429672"
"MU.osexp","C:\Users\Public\Experiments\SM01\05-WMC\MU","Tr11_study5.png","5","416723","C:/Users/Public/Experiments/SM01/05-WMC/MU/MU_results/MUsbj035.csv","study","1000","5","35","430040","431042"
"MU.osexp","C:\Users\Public\Experiments\SM01\05-WMC\MU","Tr11_update1.png","5","416723","C:/Users/Public/Experiments/SM01/05-WMC/MU/MU_results/MUsbj035.csv","update","1300","5","35","431416","432718"
"MU.osexp","C:\Users\Public\Experiments\SM01\05-WMC\MU","Tr11_update2.png","5","416723","C:/Users/Public/Experiments/SM01/05-WMC/MU/MU_results/MUsbj035.csv","update","1300","5","35","433098","434400"
"MU.osexp","C:\Users\Public\Experiments\SM01\05-WMC\MU","Tr11_update3.png","5","416723","C:/Users/Public/Experiments/SM01/05-WMC/MU/MU_results/MUsbj035.csv","update","1300","5","35","434780","436082"
"MU.osexp","C:\Users\Public\Experiments\SM01\05-WMC\MU","Tr11_test1.png","1","439091","C:/Users/Public/Experiments/SM01/05-WMC/MU/MU_results/MUsbj035.csv","test","0","5","35","436468","439092"
"MU.osexp","C:\Users\Public\Experiments\SM01\05-WMC\MU","Tr11_test2.png","2","441483","C:/Users/Public/Experiments/SM01/05-WMC/MU/MU_results/MUsbj035.csv","test","0","5","35","440171","441484"
"MU.osexp","C:\Users\Public\Experiments\SM01\05-WMC\MU","Tr11_test3.png","5","443915","C:/Users/Public/Experiments/SM01/05-WMC/MU/MU_results/MUsbj035.csv","test","0","5","35","442613","443916"
"MU.osexp","C:\Users\Public\Experiments\SM01\05-WMC\MU","Tr11_test4.png","6","446467","C:/Users/Public/Experiments/SM01/05-WMC/MU/MU_results/MUsbj035.csv","test","0","5","35","445001","446468"
"MU.osexp","C:\Users\Public\Experiments\SM01\05-WMC\MU","Tr11_test5.png","2","447884","C:/Users/Public/Experiments/SM01/05-WMC/MU/MU_results/MUsbj035.csv","test","0","5","35","447567","447884"
"MU.osexp","C:\Users\Public\Experiments\SM01\05-WMC\MU","wait.png","2","447884","C:/Users/Public/Experiments/SM01/05-WMC/MU/MU_results/MUsbj035.csv","wait","5000","3","35","449006","447884"
"MU.osexp","C:\Users\Public\Experiments\SM01\05-WMC\MU","fixation.png","2","447884","C:/Users/Public/Experiments/SM01/05-WMC/MU/MU_results/MUsbj035.csv","fix","1500","3","35","454125","447884"
"MU.osexp","C:\Users\Public\Experiments\SM01\05-WMC\MU","Tr12_study1.png","2","447884","C:/Users/Public/Experiments/SM01/05-WMC/MU/MU_results/MUsbj035.csv","study","1000","3","35","455731","456733"
"MU.osexp","C:\Users\Public\Experiments\SM01\05-WMC\MU","Tr12_study2.png","2","447884","C:/Users/Public/Experiments/SM01/05-WMC/MU/MU_results/MUsbj035.csv","study","1000","3","35","457082","458084"
"MU.osexp","C:\Users\Public\Experiments\SM01\05-WMC\MU","Tr12_study3.png","2","447884","C:/Users/Public/Experiments/SM01/05-WMC/MU/MU_results/MUsbj035.csv","study","1000","3","35","458439","459441"
"MU.osexp","C:\Users\Public\Experiments\SM01\05-WMC\MU","Tr12_update1.png","2","447884","C:/Users/Public/Experiments/SM01/05-WMC/MU/MU_results/MUsbj035.csv","update","1300","3","35","459796","461098"
"MU.osexp","C:\Users\Public\Experiments\SM01\05-WMC\MU","Tr12_update2.png","2","447884","C:/Users/Public/Experiments/SM01/05-WMC/MU/MU_results/MUsbj035.csv","update","1300","3","35","461477","462779"
"MU.osexp","C:\Users\Public\Experiments\SM01\05-WMC\MU","Tr12_update3.png","2","447884","C:/Users/Public/Experiments/SM01/05-WMC/MU/MU_results/MUsbj035.csv","update","1300","3","35","463139","464441"
"MU.osexp","C:\Users\Public\Experiments\SM01\05-WMC\MU","Tr12_update4.png","2","447884","C:/Users/Public/Experiments/SM01/05-WMC/MU/MU_results/MUsbj035.csv","update","1300","3","35","464789","466091"
"MU.osexp","C:\Users\Public\Experiments\SM01\05-WMC\MU","Tr12_update5.png","2","447884","C:/Users/Public/Experiments/SM01/05-WMC/MU/MU_results/MUsbj035.csv","update","1300","3","35","466443","467745"
"MU.osexp","C:\Users\Public\Experiments\SM01\05-WMC\MU","Tr12_test1.png","4","470187","C:/Users/Public/Experiments/SM01/05-WMC/MU/MU_results/MUsbj035.csv","test","0","3","35","468074","470188"
"MU.osexp","C:\Users\Public\Experiments\SM01\05-WMC\MU","Tr12_test2.png","8","472283","C:/Users/Public/Experiments/SM01/05-WMC/MU/MU_results/MUsbj035.csv","test","0","3","35","471310","472284"
"MU.osexp","C:\Users\Public\Experiments\SM01\05-WMC\MU","Tr12_test3.png","1","473659","C:/Users/Public/Experiments/SM01/05-WMC/MU/MU_results/MUsbj035.csv","test","0","3","35","473393","473660"
"MU.osexp","C:\Users\Public\Experiments\SM01\05-WMC\MU","wait.png","1","473659","C:/Users/Public/Experiments/SM01/05-WMC/MU/MU_results/MUsbj035.csv","wait","5000","3","35","474753","473660"
"MU.osexp","C:\Users\Public\Experiments\SM01\05-WMC\MU","fixation.png","1","473659","C:/Users/Public/Experiments/SM01/05-WMC/MU/MU_results/MUsbj035.csv","fix","1500","3","35","479869","473660"
"MU.osexp","C:\Users\Public\Experiments\SM01\05-WMC\MU","Tr13_study1.png","1","473659","C:/Users/Public/Experiments/SM01/05-WMC/MU/MU_results/MUsbj035.csv","study","1000","3","35","481515","482517"
"MU.osexp","C:\Users\Public\Experiments\SM01\05-WMC\MU","Tr13_study2.png","1","473659","C:/Users/Public/Experiments/SM01/05-WMC/MU/MU_results/MUsbj035.csv","study","1000","3","35","482878","483880"
"MU.osexp","C:\Users\Public\Experiments\SM01\05-WMC\MU","Tr13_study3.png","1","473659","C:/Users/Public/Experiments/SM01/05-WMC/MU/MU_results/MUsbj035.csv","study","1000","3","35","484240","485242"
"MU.osexp","C:\Users\Public\Experiments\SM01\05-WMC\MU","Tr13_update1.png","1","473659","C:/Users/Public/Experiments/SM01/05-WMC/MU/MU_results/MUsbj035.csv","update","1300","3","35","485654","486956"
"MU.osexp","C:\Users\Public\Experiments\SM01\05-WMC\MU","Tr13_update2.png","1","473659","C:/Users/Public/Experiments/SM01/05-WMC/MU/MU_results/MUsbj035.csv","update","1300","3","35","487389","488691"
"MU.osexp","C:\Users\Public\Experiments\SM01\05-WMC\MU","Tr13_update3.png","1","473659","C:/Users/Public/Experiments/SM01/05-WMC/MU/MU_results/MUsbj035.csv","update","1300","3","35","489059","490361"
"MU.osexp","C:\Users\Public\Experiments\SM01\05-WMC\MU","Tr13_update4.png","1","473659","C:/Users/Public/Experiments/SM01/05-WMC/MU/MU_results/MUsbj035.csv","update","1300","3","35","490730","492032"
"MU.osexp","C:\Users\Public\Experiments\SM01\05-WMC\MU","Tr13_test1.png","3","494155","C:/Users/Public/Experiments/SM01/05-WMC/MU/MU_results/MUsbj035.csv","test","0","3","35","492381","494156"
"MU.osexp","C:\Users\Public\Experiments\SM01\05-WMC\MU","Tr13_test2.png","1","496507","C:/Users/Public/Experiments/SM01/05-WMC/MU/MU_results/MUsbj035.csv","test","0","3","35","495283","496508"
"MU.osexp","C:\Users\Public\Experiments\SM01\05-WMC\MU","Tr13_test3.png","5","497843","C:/Users/Public/Experiments/SM01/05-WMC/MU/MU_results/MUsbj035.csv","test","0","3","35","497636","497844"
"MU.osexp","C:\Users\Public\Experiments\SM01\05-WMC\MU","wait.png","5","497843","C:/Users/Public/Experiments/SM01/05-WMC/MU/MU_results/MUsbj035.csv","wait","5000","5","35","498951","497844"
"MU.osexp","C:\Users\Public\Experiments\SM01\05-WMC\MU","fixation.png","5","497843","C:/Users/Public/Experiments/SM01/05-WMC/MU/MU_results/MUsbj035.csv","fix","1500","5","35","504064","497844"
"MU.osexp","C:\Users\Public\Experiments\SM01\05-WMC\MU","Tr14_study1.png","5","497843","C:/Users/Public/Experiments/SM01/05-WMC/MU/MU_results/MUsbj035.csv","study","1000","5","35","505687","506689"
"MU.osexp","C:\Users\Public\Experiments\SM01\05-WMC\MU","Tr14_study2.png","5","497843","C:/Users/Public/Experiments/SM01/05-WMC/MU/MU_results/MUsbj035.csv","study","1000","5","35","507058","508060"
"MU.osexp","C:\Users\Public\Experiments\SM01\05-WMC\MU","Tr14_study3.png","5","497843","C:/Users/Public/Experiments/SM01/05-WMC/MU/MU_results/MUsbj035.csv","study","1000","5","35","508430","509432"
"MU.osexp","C:\Users\Public\Experiments\SM01\05-WMC\MU","Tr14_study4.png","5","497843","C:/Users/Public/Experiments/SM01/05-WMC/MU/MU_results/MUsbj035.csv","study","1000","5","35","509811","510813"
"MU.osexp","C:\Users\Public\Experiments\SM01\05-WMC\MU","Tr14_study5.png","5","497843","C:/Users/Public/Experiments/SM01/05-WMC/MU/MU_results/MUsbj035.csv","study","1000","5","35","511176","512178"
"MU.osexp","C:\Users\Public\Experiments\SM01\05-WMC\MU","Tr14_update1.png","5","497843","C:/Users/Public/Experiments/SM01/05-WMC/MU/MU_results/MUsbj035.csv","update","1300","5","35","512551","513853"
"MU.osexp","C:\Users\Public\Experiments\SM01\05-WMC\MU","Tr14_update2.png","5","497843","C:/Users/Public/Experiments/SM01/05-WMC/MU/MU_results/MUsbj035.csv","update","1300","5","35","514242","515544"
"MU.osexp","C:\Users\Public\Experiments\SM01\05-WMC\MU","Tr14_update3.png","5","497843","C:/Users/Public/Experiments/SM01/05-WMC/MU/MU_results/MUsbj035.csv","update","1300","5","35","515910","517212"
"MU.osexp","C:\Users\Public\Experiments\SM01\05-WMC\MU","Tr14_update4.png","5","497843","C:/Users/Public/Experiments/SM01/05-WMC/MU/MU_results/MUsbj035.csv","update","1300","5","35","517638","518940"
"MU.osexp","C:\Users\Public\Experiments\SM01\05-WMC\MU","Tr14_test1.png","7","523451","C:/Users/Public/Experiments/SM01/05-WMC/MU/MU_results/MUsbj035.csv","test","0","5","35","519312","523452"
"MU.osexp","C:\Users\Public\Experiments\SM01\05-WMC\MU","Tr14_test2.png","7","525331","C:/Users/Public/Experiments/SM01/05-WMC/MU/MU_results/MUsbj035.csv","test","0","5","35","524565","525332"
"MU.osexp","C:\Users\Public\Experiments\SM01\05-WMC\MU","Tr14_test3.png","5","527171","C:/Users/Public/Experiments/SM01/05-WMC/MU/MU_results/MUsbj035.csv","test","0","5","35","526437","527172"
"MU.osexp","C:\Users\Public\Experiments\SM01\05-WMC\MU","Tr14_test4.png","5","528619","C:/Users/Public/Experiments/SM01/05-WMC/MU/MU_results/MUsbj035.csv","test","0","5","35","528285","528620"
"MU.osexp","C:\Users\Public\Experiments\SM01\05-WMC\MU","Tr14_test5.png","8","529955","C:/Users/Public/Experiments/SM01/05-WMC/MU/MU_results/MUsbj035.csv","test","0","5","35","529720","529956"
"MU.osexp","C:\Users\Public\Experiments\SM01\05-WMC\MU","wait.png","8","529955","C:/Users/Public/Experiments/SM01/05-WMC/MU/MU_results/MUsbj035.csv","wait","5000","4","35","531064","529956"
"MU.osexp","C:\Users\Public\Experiments\SM01\05-WMC\MU","fixation.png","8","529955","C:/Users/Public/Experiments/SM01/05-WMC/MU/MU_results/MUsbj035.csv","fix","1500","4","35","536164","529956"
"MU.osexp","C:\Users\Public\Experiments\SM01\05-WMC\MU","Tr15_study1.png","8","529955","C:/Users/Public/Experiments/SM01/05-WMC/MU/MU_results/MUsbj035.csv","study","1000","4","35","537793","538796"
"MU.osexp","C:\Users\Public\Experiments\SM01\05-WMC\MU","Tr15_study2.png","8","529955","C:/Users/Public/Experiments/SM01/05-WMC/MU/MU_results/MUsbj035.csv","study","1000","4","35","539182","540184"
"MU.osexp","C:\Users\Public\Experiments\SM01\05-WMC\MU","Tr15_study3.png","8","529955","C:/Users/Public/Experiments/SM01/05-WMC/MU/MU_results/MUsbj035.csv","study","1000","4","35","540554","541556"
"MU.osexp","C:\Users\Public\Experiments\SM01\05-WMC\MU","Tr15_study4.png","8","529955","C:/Users/Public/Experiments/SM01/05-WMC/MU/MU_results/MUsbj035.csv","study","1000","4","35","541927","542929"
"MU.osexp","C:\Users\Public\Experiments\SM01\05-WMC\MU","Tr15_update1.png","8","529955","C:/Users/Public/Experiments/SM01/05-WMC/MU/MU_results/MUsbj035.csv","update","1300","4","35","543360","544662"
"MU.osexp","C:\Users\Public\Experiments\SM01\05-WMC\MU","Tr15_update2.png","8","529955","C:/Users/Public/Experiments/SM01/05-WMC/MU/MU_results/MUsbj035.csv","update","1300","4","35","545024","546325"
"MU.osexp","C:\Users\Public\Experiments\SM01\05-WMC\MU","Tr15_update3.png","8","529955","C:/Users/Public/Experiments/SM01/05-WMC/MU/MU_results/MUsbj035.csv","update","1300","4","35","546691","547993"
"MU.osexp","C:\Users\Public\Experiments\SM01\05-WMC\MU","Tr15_update4.png","8","529955","C:/Users/Public/Experiments/SM01/05-WMC/MU/MU_results/MUsbj035.csv","update","1300","4","35","548361","549664"
"MU.osexp","C:\Users\Public\Experiments\SM01\05-WMC\MU","Tr15_update5.png","8","529955","C:/Users/Public/Experiments/SM01/05-WMC/MU/MU_results/MUsbj035.csv","update","1300","4","35","550034","551336"
"MU.osexp","C:\Users\Public\Experiments\SM01\05-WMC\MU","Tr15_update6.png","8","529955","C:/Users/Public/Experiments/SM01/05-WMC/MU/MU_results/MUsbj035.csv","update","1300","4","35","551710","553013"
"MU.osexp","C:\Users\Public\Experiments\SM01\05-WMC\MU","Tr15_test1.png","9","555019","C:/Users/Public/Experiments/SM01/05-WMC/MU/MU_results/MUsbj035.csv","test","0","4","35","553470","555020"
"MU.osexp","C:\Users\Public\Experiments\SM01\05-WMC\MU","Tr15_test2.png","5","557491","C:/Users/Public/Experiments/SM01/05-WMC/MU/MU_results/MUsbj035.csv","test","0","4","35","556140","557492"
"MU.osexp","C:\Users\Public\Experiments\SM01\05-WMC\MU","Tr15_test3.png","8","560387","C:/Users/Public/Experiments/SM01/05-WMC/MU/MU_results/MUsbj035.csv","test","0","4","35","558621","560388"
"MU.osexp","C:\Users\Public\Experiments\SM01\05-WMC\MU","Tr15_test4.png","4","562139","C:/Users/Public/Experiments/SM01/05-WMC/MU/MU_results/MUsbj035.csv","test","0","4","35","561502","562140"
"MU.osexp","C:\Users\Public\Experiments\SM01\05-WMC\MU","wait.png","4","562139","C:/Users/Public/Experiments/SM01/05-WMC/MU/MU_results/MUsbj035.csv","wait","5000","4","35","563252","562140"
"MU.osexp","C:\Users\Public\Experiments\SM01\05-WMC\MU","fixation.png","4","562139","C:/Users/Public/Experiments/SM01/05-WMC/MU/MU_results/MUsbj035.csv","fix","1500","4","35","568338","562140"
"MU.osexp","C:\Users\Public\Experiments\SM01\05-WMC\MU","Tr16_study1.png","4","562139","C:/Users/Public/Experiments/SM01/05-WMC/MU/MU_results/MUsbj035.csv","study","1000","4","35","569966","570968"
"MU.osexp","C:\Users\Public\Experiments\SM01\05-WMC\MU","Tr16_study2.png","4","562139","C:/Users/Public/Experiments/SM01/05-WMC/MU/MU_results/MUsbj035.csv","study","1000","4","35","571337","572339"
"MU.osexp","C:\Users\Public\Experiments\SM01\05-WMC\MU","Tr16_study3.png","4","562139","C:/Users/Public/Experiments/SM01/05-WMC/MU/MU_results/MUsbj035.csv","study","1000","4","35","572703","573705"
"MU.osexp","C:\Users\Public\Experiments\SM01\05-WMC\MU","Tr16_study4.png","4","562139","C:/Users/Public/Experiments/SM01/05-WMC/MU/MU_results/MUsbj035.csv","study","1000","4","35","574117","575119"
"MU.osexp","C:\Users\Public\Experiments\SM01\05-WMC\MU","Tr16_update1.png","4","562139","C:/Users/Public/Experiments/SM01/05-WMC/MU/MU_results/MUsbj035.csv","update","1300","4","35","575488","576790"
"MU.osexp","C:\Users\Public\Experiments\SM01\05-WMC\MU","Tr16_update2.png","4","562139","C:/Users/Public/Experiments/SM01/05-WMC/MU/MU_results/MUsbj035.csv","update","1300","4","35","577152","578454"
"MU.osexp","C:\Users\Public\Experiments\SM01\05-WMC\MU","Tr16_test1.png","4","582427","C:/Users/Public/Experiments/SM01/05-WMC/MU/MU_results/MUsbj035.csv","test","0","4","35","578828","582428"
"MU.osexp","C:\Users\Public\Experiments\SM01\05-WMC\MU","Tr16_test2.png","7","584571","C:/Users/Public/Experiments/SM01/05-WMC/MU/MU_results/MUsbj035.csv","test","0","4","35","583549","584572"
"MU.osexp","C:\Users\Public\Experiments\SM01\05-WMC\MU","Tr16_test3.png","1","586523","C:/Users/Public/Experiments/SM01/05-WMC/MU/MU_results/MUsbj035.csv","test","0","4","35","585674","586524"
"MU.osexp","C:\Users\Public\Experiments\SM01\05-WMC\MU","Tr16_test4.png","6","588756","C:/Users/Public/Experiments/SM01/05-WMC/MU/MU_results/MUsbj035.csv","test","0","4","35","587640","588756"
"MU.osexp","C:\Users\Public\Experiments\SM01\05-WMC\MU","wait.png","6","588756","C:/Users/Public/Experiments/SM01/05-WMC/MU/MU_results/MUsbj035.csv","wait","5000","5","35","589873","588756"
"MU.osexp","C:\Users\Public\Experiments\SM01\05-WMC\MU","fixation.png","6","588756","C:/Users/Public/Experiments/SM01/05-WMC/MU/MU_results/MUsbj035.csv","fix","1500","5","35","594990","588756"
"MU.osexp","C:\Users\Public\Experiments\SM01\05-WMC\MU","Tr17_study1.png","6","588756","C:/Users/Public/Experiments/SM01/05-WMC/MU/MU_results/MUsbj035.csv","study","1000","5","35","596609","597611"
"MU.osexp","C:\Users\Public\Experiments\SM01\05-WMC\MU","Tr17_study2.png","6","588756","C:/Users/Public/Experiments/SM01/05-WMC/MU/MU_results/MUsbj035.csv","study","1000","5","35","597959","598961"
"MU.osexp","C:\Users\Public\Experiments\SM01\05-WMC\MU","Tr17_study3.png","6","588756","C:/Users/Public/Experiments/SM01/05-WMC/MU/MU_results/MUsbj035.csv","study","1000","5","35","599290","600292"
"MU.osexp","C:\Users\Public\Experiments\SM01\05-WMC\MU","Tr17_study4.png","6","588756","C:/Users/Public/Experiments/SM01/05-WMC/MU/MU_results/MUsbj035.csv","study","1000","5","35","600677","601679"
"MU.osexp","C:\Users\Public\Experiments\SM01\05-WMC\MU","Tr17_study5.png","6","588756","C:/Users/Public/Experiments/SM01/05-WMC/MU/MU_results/MUsbj035.csv","study","1000","5","35","602035","603037"
"MU.osexp","C:\Users\Public\Experiments\SM01\05-WMC\MU","Tr17_update1.png","6","588756","C:/Users/Public/Experiments/SM01/05-WMC/MU/MU_results/MUsbj035.csv","update","1300","5","35","603382","604684"
"MU.osexp","C:\Users\Public\Experiments\SM01\05-WMC\MU","Tr17_update2.png","6","588756","C:/Users/Public/Experiments/SM01/05-WMC/MU/MU_results/MUsbj035.csv","update","1300","5","35","605051","606353"
"MU.osexp","C:\Users\Public\Experiments\SM01\05-WMC\MU","Tr17_update3.png","6","588756","C:/Users/Public/Experiments/SM01/05-WMC/MU/MU_results/MUsbj035.csv","update","1300","5","35","606731","608033"
"MU.osexp","C:\Users\Public\Experiments\SM01\05-WMC\MU","Tr17_update4.png","6","588756","C:/Users/Public/Experiments/SM01/05-WMC/MU/MU_results/MUsbj035.csv","update","1300","5","35","608400","609702"
"MU.osexp","C:\Users\Public\Experiments\SM01\05-WMC\MU","Tr17_update5.png","6","588756","C:/Users/Public/Experiments/SM01/05-WMC/MU/MU_results/MUsbj035.csv","update","1300","5","35","610077","611379"
"MU.osexp","C:\Users\Public\Experiments\SM01\05-WMC\MU","Tr17_update6.png","6","588756","C:/Users/Public/Experiments/SM01/05-WMC/MU/MU_results/MUsbj035.csv","update","1300","5","35","611756","613058"
"MU.osexp","C:\Users\Public\Experiments\SM01\05-WMC\MU","Tr17_test1.png","5","616131","C:/Users/Public/Experiments/SM01/05-WMC/MU/MU_results/MUsbj035.csv","test","0","5","35","613437","616132"
"MU.osexp","C:\Users\Public\Experiments\SM01\05-WMC\MU","Tr17_test2.png","7","617955","C:/Users/Public/Experiments/SM01/05-WMC/MU/MU_results/MUsbj035.csv","test","0","5","35","617248","617956"
"MU.osexp","C:\Users\Public\Experiments\SM01\05-WMC\MU","Tr17_test3.png","8","619243","C:/Users/Public/Experiments/SM01/05-WMC/MU/MU_results/MUsbj035.csv","test","0","5","35","619069","619244"
"MU.osexp","C:\Users\Public\Experiments\SM01\05-WMC\MU","Tr17_test4.png","4","620659","C:/Users/Public/Experiments/SM01/05-WMC/MU/MU_results/MUsbj035.csv","test","0","5","35","620367","620660"
"MU.osexp","C:\Users\Public\Experiments\SM01\05-WMC\MU","Tr17_test5.png","2","621827","C:/Users/Public/Experiments/SM01/05-WMC/MU/MU_results/MUsbj035.csv","test","0","5","35","621778","621828"
