"experiment_file","experiment_path","image","key","key_time","logfile","phase","playtime","setSize","subject_nr","timestamp","waittime"
"MU.osexp","C:\Users\Public\Experiments\IDs\05-WMC\MU","ready1.png","NA","NA","C:/Users/Public/Experiments/IDs/05-WMC/MU/MUsbj081.csv","pre","0","3","81","216491","NA"
"MU.osexp","C:\Users\Public\Experiments\IDs\05-WMC\MU","fixation.png","NA","NA","C:/Users/Public/Experiments/IDs/05-WMC/MU/MUsbj081.csv","fix","1500","3","81","217971","NA"
"MU.osexp","C:\Users\Public\Experiments\IDs\05-WMC\MU","Tr1_study1.png","NA","NA","C:/Users/Public/Experiments/IDs/05-WMC/MU/MUsbj081.csv","study","1000","3","81","219559","220559"
"MU.osexp","C:\Users\Public\Experiments\IDs\05-WMC\MU","Tr1_study2.png","NA","NA","C:/Users/Public/Experiments/IDs/05-WMC/MU/MUsbj081.csv","study","1000","3","81","220959","221961"
"MU.osexp","C:\Users\Public\Experiments\IDs\05-WMC\MU","Tr1_study3.png","NA","NA","C:/Users/Public/Experiments/IDs/05-WMC/MU/MUsbj081.csv","study","1000","3","81","222300","223301"
"MU.osexp","C:\Users\Public\Experiments\IDs\05-WMC\MU","Tr1_update1.png","NA","NA","C:/Users/Public/Experiments/IDs/05-WMC/MU/MUsbj081.csv","update","1300","3","81","223627","224929"
"MU.osexp","C:\Users\Public\Experiments\IDs\05-WMC\MU","Tr1_update2.png","NA","NA","C:/Users/Public/Experiments/IDs/05-WMC/MU/MUsbj081.csv","update","1300","3","81","225261","226562"
"MU.osexp","C:\Users\Public\Experiments\IDs\05-WMC\MU","Tr1_update3.png","NA","NA","C:/Users/Public/Experiments/IDs/05-WMC/MU/MUsbj081.csv","update","1300","3","81","226876","228177"
"MU.osexp","C:\Users\Public\Experiments\IDs\05-WMC\MU","Tr1_test1.png","0","235500","C:/Users/Public/Experiments/IDs/05-WMC/MU/MUsbj081.csv","test","0","3","81","228495","235500"
"MU.osexp","C:\Users\Public\Experiments\IDs\05-WMC\MU","Tr1_test2.png","1","241891","C:/Users/Public/Experiments/IDs/05-WMC/MU/MUsbj081.csv","test","0","3","81","236587","241892"
"MU.osexp","C:\Users\Public\Experiments\IDs\05-WMC\MU","Tr1_test3.png","3","243995","C:/Users/Public/Experiments/IDs/05-WMC/MU/MUsbj081.csv","test","0","3","81","243002","243996"
"MU.osexp","C:\Users\Public\Experiments\IDs\05-WMC\MU","wait.png","3","243995","C:/Users/Public/Experiments/IDs/05-WMC/MU/MUsbj081.csv","wait","5000","3","81","245078","243996"
"MU.osexp","C:\Users\Public\Experiments\IDs\05-WMC\MU","fixation.png","3","243995","C:/Users/Public/Experiments/IDs/05-WMC/MU/MUsbj081.csv","fix","1500","3","81","250148","243996"
"MU.osexp","C:\Users\Public\Experiments\IDs\05-WMC\MU","Tr2_study1.png","3","243995","C:/Users/Public/Experiments/IDs/05-WMC/MU/MUsbj081.csv","study","1000","3","81","251739","252741"
"MU.osexp","C:\Users\Public\Experiments\IDs\05-WMC\MU","Tr2_study2.png","3","243995","C:/Users/Public/Experiments/IDs/05-WMC/MU/MUsbj081.csv","study","1000","3","81","253073","254075"
"MU.osexp","C:\Users\Public\Experiments\IDs\05-WMC\MU","Tr2_study3.png","3","243995","C:/Users/Public/Experiments/IDs/05-WMC/MU/MUsbj081.csv","study","1000","3","81","254390","255391"
"MU.osexp","C:\Users\Public\Experiments\IDs\05-WMC\MU","Tr2_update1.png","3","243995","C:/Users/Public/Experiments/IDs/05-WMC/MU/MUsbj081.csv","update","1300","3","81","255726","257028"
"MU.osexp","C:\Users\Public\Experiments\IDs\05-WMC\MU","Tr2_update2.png","3","243995","C:/Users/Public/Experiments/IDs/05-WMC/MU/MUsbj081.csv","update","1300","3","81","257350","258653"
"MU.osexp","C:\Users\Public\Experiments\IDs\05-WMC\MU","Tr2_update3.png","3","243995","C:/Users/Public/Experiments/IDs/05-WMC/MU/MUsbj081.csv","update","1300","3","81","258992","260292"
"MU.osexp","C:\Users\Public\Experiments\IDs\05-WMC\MU","Tr2_test1.png","3","265323","C:/Users/Public/Experiments/IDs/05-WMC/MU/MUsbj081.csv","test","0","3","81","260639","265324"
"MU.osexp","C:\Users\Public\Experiments\IDs\05-WMC\MU","Tr2_test2.png","7","276067","C:/Users/Public/Experiments/IDs/05-WMC/MU/MUsbj081.csv","test","0","3","81","266414","276068"
"MU.osexp","C:\Users\Public\Experiments\IDs\05-WMC\MU","Tr2_test3.png","8","278515","C:/Users/Public/Experiments/IDs/05-WMC/MU/MUsbj081.csv","test","0","3","81","277159","278516"
"MU.osexp","C:\Users\Public\Experiments\IDs\05-WMC\MU","ready2.png","8","278515","C:/Users/Public/Experiments/IDs/05-WMC/MU/MUsbj081.csv","pre","0","3","81","349178","278516"
"MU.osexp","C:\Users\Public\Experiments\IDs\05-WMC\MU","fixation.png","8","278515","C:/Users/Public/Experiments/IDs/05-WMC/MU/MUsbj081.csv","fix","1500","3","81","350642","278516"
"MU.osexp","C:\Users\Public\Experiments\IDs\05-WMC\MU","Tr3_study1.png","8","278515","C:/Users/Public/Experiments/IDs/05-WMC/MU/MUsbj081.csv","study","1000","3","81","352250","353250"
"MU.osexp","C:\Users\Public\Experiments\IDs\05-WMC\MU","Tr3_study2.png","8","278515","C:/Users/Public/Experiments/IDs/05-WMC/MU/MUsbj081.csv","study","1000","3","81","353570","354570"
"MU.osexp","C:\Users\Public\Experiments\IDs\05-WMC\MU","Tr3_study3.png","8","278515","C:/Users/Public/Experiments/IDs/05-WMC/MU/MUsbj081.csv","study","1000","3","81","354916","355916"
"MU.osexp","C:\Users\Public\Experiments\IDs\05-WMC\MU","Tr3_update1.png","8","278515","C:/Users/Public/Experiments/IDs/05-WMC/MU/MUsbj081.csv","update","1300","3","81","356251","357551"
"MU.osexp","C:\Users\Public\Experiments\IDs\05-WMC\MU","Tr3_update2.png","8","278515","C:/Users/Public/Experiments/IDs/05-WMC/MU/MUsbj081.csv","update","1300","3","81","357870","359170"
"MU.osexp","C:\Users\Public\Experiments\IDs\05-WMC\MU","Tr3_update3.png","8","278515","C:/Users/Public/Experiments/IDs/05-WMC/MU/MUsbj081.csv","update","1300","3","81","359509","360810"
"MU.osexp","C:\Users\Public\Experiments\IDs\05-WMC\MU","Tr3_test1.png","7","400307","C:/Users/Public/Experiments/IDs/05-WMC/MU/MUsbj081.csv","test","0","3","81","361150","400308"
"MU.osexp","C:\Users\Public\Experiments\IDs\05-WMC\MU","Tr3_test2.png","7","405323","C:/Users/Public/Experiments/IDs/05-WMC/MU/MUsbj081.csv","test","0","3","81","401452","405324"
"MU.osexp","C:\Users\Public\Experiments\IDs\05-WMC\MU","Tr3_test3.png","7","407788","C:/Users/Public/Experiments/IDs/05-WMC/MU/MUsbj081.csv","test","0","3","81","406432","407789"
"MU.osexp","C:\Users\Public\Experiments\IDs\05-WMC\MU","wait.png","7","407788","C:/Users/Public/Experiments/IDs/05-WMC/MU/MUsbj081.csv","wait","5000","4","81","408890","407789"
"MU.osexp","C:\Users\Public\Experiments\IDs\05-WMC\MU","fixation.png","7","407788","C:/Users/Public/Experiments/IDs/05-WMC/MU/MUsbj081.csv","fix","1500","4","81","413962","407789"
"MU.osexp","C:\Users\Public\Experiments\IDs\05-WMC\MU","Tr4_study1.png","7","407788","C:/Users/Public/Experiments/IDs/05-WMC/MU/MUsbj081.csv","study","1000","4","81","415547","416548"
"MU.osexp","C:\Users\Public\Experiments\IDs\05-WMC\MU","Tr4_study2.png","7","407788","C:/Users/Public/Experiments/IDs/05-WMC/MU/MUsbj081.csv","study","1000","4","81","416877","417877"
"MU.osexp","C:\Users\Public\Experiments\IDs\05-WMC\MU","Tr4_study3.png","7","407788","C:/Users/Public/Experiments/IDs/05-WMC/MU/MUsbj081.csv","study","1000","4","81","418198","419198"
"MU.osexp","C:\Users\Public\Experiments\IDs\05-WMC\MU","Tr4_study4.png","7","407788","C:/Users/Public/Experiments/IDs/05-WMC/MU/MUsbj081.csv","study","1000","4","81","419529","420529"
"MU.osexp","C:\Users\Public\Experiments\IDs\05-WMC\MU","Tr4_update1.png","7","407788","C:/Users/Public/Experiments/IDs/05-WMC/MU/MUsbj081.csv","update","1300","4","81","420866","422166"
"MU.osexp","C:\Users\Public\Experiments\IDs\05-WMC\MU","Tr4_update2.png","7","407788","C:/Users/Public/Experiments/IDs/05-WMC/MU/MUsbj081.csv","update","1300","4","81","422495","423795"
"MU.osexp","C:\Users\Public\Experiments\IDs\05-WMC\MU","Tr4_update3.png","7","407788","C:/Users/Public/Experiments/IDs/05-WMC/MU/MUsbj081.csv","update","1300","4","81","424132","425432"
"MU.osexp","C:\Users\Public\Experiments\IDs\05-WMC\MU","Tr4_update4.png","7","407788","C:/Users/Public/Experiments/IDs/05-WMC/MU/MUsbj081.csv","update","1300","4","81","425749","427049"
"MU.osexp","C:\Users\Public\Experiments\IDs\05-WMC\MU","Tr4_test1.png","1","429892","C:/Users/Public/Experiments/IDs/05-WMC/MU/MUsbj081.csv","test","0","4","81","427413","429893"
"MU.osexp","C:\Users\Public\Experiments\IDs\05-WMC\MU","Tr4_test2.png","7","432268","C:/Users/Public/Experiments/IDs/05-WMC/MU/MUsbj081.csv","test","0","4","81","430983","432268"
"MU.osexp","C:\Users\Public\Experiments\IDs\05-WMC\MU","Tr4_test3.png","5","434251","C:/Users/Public/Experiments/IDs/05-WMC/MU/MUsbj081.csv","test","0","4","81","433355","434252"
"MU.osexp","C:\Users\Public\Experiments\IDs\05-WMC\MU","Tr4_test4.png","1","435963","C:/Users/Public/Experiments/IDs/05-WMC/MU/MUsbj081.csv","test","0","4","81","435332","435964"
"MU.osexp","C:\Users\Public\Experiments\IDs\05-WMC\MU","wait.png","1","435963","C:/Users/Public/Experiments/IDs/05-WMC/MU/MUsbj081.csv","wait","5000","3","81","437049","435964"
"MU.osexp","C:\Users\Public\Experiments\IDs\05-WMC\MU","fixation.png","1","435963","C:/Users/Public/Experiments/IDs/05-WMC/MU/MUsbj081.csv","fix","1500","3","81","442131","435964"
"MU.osexp","C:\Users\Public\Experiments\IDs\05-WMC\MU","Tr5_study1.png","1","435963","C:/Users/Public/Experiments/IDs/05-WMC/MU/MUsbj081.csv","study","1000","3","81","443707","444707"
"MU.osexp","C:\Users\Public\Experiments\IDs\05-WMC\MU","Tr5_study2.png","1","435963","C:/Users/Public/Experiments/IDs/05-WMC/MU/MUsbj081.csv","study","1000","3","81","445039","446039"
"MU.osexp","C:\Users\Public\Experiments\IDs\05-WMC\MU","Tr5_study3.png","1","435963","C:/Users/Public/Experiments/IDs/05-WMC/MU/MUsbj081.csv","study","1000","3","81","446385","447385"
"MU.osexp","C:\Users\Public\Experiments\IDs\05-WMC\MU","Tr5_update1.png","1","435963","C:/Users/Public/Experiments/IDs/05-WMC/MU/MUsbj081.csv","update","1300","3","81","447717","449017"
"MU.osexp","C:\Users\Public\Experiments\IDs\05-WMC\MU","Tr5_update2.png","1","435963","C:/Users/Public/Experiments/IDs/05-WMC/MU/MUsbj081.csv","update","1300","3","81","449342","450642"
"MU.osexp","C:\Users\Public\Experiments\IDs\05-WMC\MU","Tr5_update3.png","1","435963","C:/Users/Public/Experiments/IDs/05-WMC/MU/MUsbj081.csv","update","1300","3","81","450973","452273"
"MU.osexp","C:\Users\Public\Experiments\IDs\05-WMC\MU","Tr5_update4.png","1","435963","C:/Users/Public/Experiments/IDs/05-WMC/MU/MUsbj081.csv","update","1300","3","81","452607","453907"
"MU.osexp","C:\Users\Public\Experiments\IDs\05-WMC\MU","Tr5_update5.png","1","435963","C:/Users/Public/Experiments/IDs/05-WMC/MU/MUsbj081.csv","update","1300","3","81","454234","455534"
"MU.osexp","C:\Users\Public\Experiments\IDs\05-WMC\MU","Tr5_update6.png","1","435963","C:/Users/Public/Experiments/IDs/05-WMC/MU/MUsbj081.csv","update","1300","3","81","455958","457258"
"MU.osexp","C:\Users\Public\Experiments\IDs\05-WMC\MU","Tr5_test1.png","4","460764","C:/Users/Public/Experiments/IDs/05-WMC/MU/MUsbj081.csv","test","0","3","81","457591","460765"
"MU.osexp","C:\Users\Public\Experiments\IDs\05-WMC\MU","Tr5_test2.png","6","462196","C:/Users/Public/Experiments/IDs/05-WMC/MU/MUsbj081.csv","test","0","3","81","461864","462197"
"MU.osexp","C:\Users\Public\Experiments\IDs\05-WMC\MU","Tr5_test3.png","1","464060","C:/Users/Public/Experiments/IDs/05-WMC/MU/MUsbj081.csv","test","0","3","81","463312","464061"
"MU.osexp","C:\Users\Public\Experiments\IDs\05-WMC\MU","wait.png","1","464060","C:/Users/Public/Experiments/IDs/05-WMC/MU/MUsbj081.csv","wait","5000","4","81","465174","464061"
"MU.osexp","C:\Users\Public\Experiments\IDs\05-WMC\MU","fixation.png","1","464060","C:/Users/Public/Experiments/IDs/05-WMC/MU/MUsbj081.csv","fix","1500","4","81","470267","464061"
"MU.osexp","C:\Users\Public\Experiments\IDs\05-WMC\MU","Tr6_study1.png","1","464060","C:/Users/Public/Experiments/IDs/05-WMC/MU/MUsbj081.csv","study","1000","4","81","471980","472982"
"MU.osexp","C:\Users\Public\Experiments\IDs\05-WMC\MU","Tr6_study2.png","1","464060","C:/Users/Public/Experiments/IDs/05-WMC/MU/MUsbj081.csv","study","1000","4","81","473315","474317"
"MU.osexp","C:\Users\Public\Experiments\IDs\05-WMC\MU","Tr6_study3.png","1","464060","C:/Users/Public/Experiments/IDs/05-WMC/MU/MUsbj081.csv","study","1000","4","81","474667","475669"
"MU.osexp","C:\Users\Public\Experiments\IDs\05-WMC\MU","Tr6_study4.png","1","464060","C:/Users/Public/Experiments/IDs/05-WMC/MU/MUsbj081.csv","study","1000","4","81","476010","477012"
"MU.osexp","C:\Users\Public\Experiments\IDs\05-WMC\MU","Tr6_update1.png","1","464060","C:/Users/Public/Experiments/IDs/05-WMC/MU/MUsbj081.csv","update","1300","4","81","477357","478659"
"MU.osexp","C:\Users\Public\Experiments\IDs\05-WMC\MU","Tr6_update2.png","1","464060","C:/Users/Public/Experiments/IDs/05-WMC/MU/MUsbj081.csv","update","1300","4","81","478991","480292"
"MU.osexp","C:\Users\Public\Experiments\IDs\05-WMC\MU","Tr6_update3.png","1","464060","C:/Users/Public/Experiments/IDs/05-WMC/MU/MUsbj081.csv","update","1300","4","81","480630","481930"
"MU.osexp","C:\Users\Public\Experiments\IDs\05-WMC\MU","Tr6_update4.png","1","464060","C:/Users/Public/Experiments/IDs/05-WMC/MU/MUsbj081.csv","update","1300","4","81","482268","483569"
"MU.osexp","C:\Users\Public\Experiments\IDs\05-WMC\MU","Tr6_update5.png","1","464060","C:/Users/Public/Experiments/IDs/05-WMC/MU/MUsbj081.csv","update","1300","4","81","483959","485260"
"MU.osexp","C:\Users\Public\Experiments\IDs\05-WMC\MU","Tr6_test1.png","9","487883","C:/Users/Public/Experiments/IDs/05-WMC/MU/MUsbj081.csv","test","0","4","81","485587","487884"
"MU.osexp","C:\Users\Public\Experiments\IDs\05-WMC\MU","Tr6_test2.png","3","490059","C:/Users/Public/Experiments/IDs/05-WMC/MU/MUsbj081.csv","test","0","4","81","488958","490060"
"MU.osexp","C:\Users\Public\Experiments\IDs\05-WMC\MU","Tr6_test3.png","5","491979","C:/Users/Public/Experiments/IDs/05-WMC/MU/MUsbj081.csv","test","0","4","81","491125","491980"
"MU.osexp","C:\Users\Public\Experiments\IDs\05-WMC\MU","Tr6_test4.png","1","494084","C:/Users/Public/Experiments/IDs/05-WMC/MU/MUsbj081.csv","test","0","4","81","493066","494085"
"MU.osexp","C:\Users\Public\Experiments\IDs\05-WMC\MU","wait.png","1","494084","C:/Users/Public/Experiments/IDs/05-WMC/MU/MUsbj081.csv","wait","5000","5","81","495162","494085"
"MU.osexp","C:\Users\Public\Experiments\IDs\05-WMC\MU","fixation.png","1","494084","C:/Users/Public/Experiments/IDs/05-WMC/MU/MUsbj081.csv","fix","1500","5","81","500253","494085"
"MU.osexp","C:\Users\Public\Experiments\IDs\05-WMC\MU","Tr7_study1.png","1","494084","C:/Users/Public/Experiments/IDs/05-WMC/MU/MUsbj081.csv","study","1000","5","81","501963","502963"
"MU.osexp","C:\Users\Public\Experiments\IDs\05-WMC\MU","Tr7_study2.png","1","494084","C:/Users/Public/Experiments/IDs/05-WMC/MU/MUsbj081.csv","study","1000","5","81","503278","504278"
"MU.osexp","C:\Users\Public\Experiments\IDs\05-WMC\MU","Tr7_study3.png","1","494084","C:/Users/Public/Experiments/IDs/05-WMC/MU/MUsbj081.csv","study","1000","5","81","504612","505613"
"MU.osexp","C:\Users\Public\Experiments\IDs\05-WMC\MU","Tr7_study4.png","1","494084","C:/Users/Public/Experiments/IDs/05-WMC/MU/MUsbj081.csv","study","1000","5","81","506064","507064"
"MU.osexp","C:\Users\Public\Experiments\IDs\05-WMC\MU","Tr7_study5.png","1","494084","C:/Users/Public/Experiments/IDs/05-WMC/MU/MUsbj081.csv","study","1000","5","81","507396","508396"
"MU.osexp","C:\Users\Public\Experiments\IDs\05-WMC\MU","Tr7_update1.png","1","494084","C:/Users/Public/Experiments/IDs/05-WMC/MU/MUsbj081.csv","update","1300","5","81","508736","510036"
"MU.osexp","C:\Users\Public\Experiments\IDs\05-WMC\MU","Tr7_update2.png","1","494084","C:/Users/Public/Experiments/IDs/05-WMC/MU/MUsbj081.csv","update","1300","5","81","510354","511654"
"MU.osexp","C:\Users\Public\Experiments\IDs\05-WMC\MU","Tr7_update3.png","1","494084","C:/Users/Public/Experiments/IDs/05-WMC/MU/MUsbj081.csv","update","1300","5","81","512064","513364"
"MU.osexp","C:\Users\Public\Experiments\IDs\05-WMC\MU","Tr7_update4.png","1","494084","C:/Users/Public/Experiments/IDs/05-WMC/MU/MUsbj081.csv","update","1300","5","81","513681","514981"
"MU.osexp","C:\Users\Public\Experiments\IDs\05-WMC\MU","Tr7_update5.png","1","494084","C:/Users/Public/Experiments/IDs/05-WMC/MU/MUsbj081.csv","update","1300","5","81","515314","516614"
"MU.osexp","C:\Users\Public\Experiments\IDs\05-WMC\MU","Tr7_test1.png","1","518236","C:/Users/Public/Experiments/IDs/05-WMC/MU/MUsbj081.csv","test","0","5","81","516945","518237"
"MU.osexp","C:\Users\Public\Experiments\IDs\05-WMC\MU","Tr7_test2.png","1","519828","C:/Users/Public/Experiments/IDs/05-WMC/MU/MUsbj081.csv","test","0","5","81","519313","519829"
"MU.osexp","C:\Users\Public\Experiments\IDs\05-WMC\MU","Tr7_test3.png","1","521228","C:/Users/Public/Experiments/IDs/05-WMC/MU/MUsbj081.csv","test","0","5","81","520907","521228"
"MU.osexp","C:\Users\Public\Experiments\IDs\05-WMC\MU","Tr7_test4.png","1","522619","C:/Users/Public/Experiments/IDs/05-WMC/MU/MUsbj081.csv","test","0","5","81","522298","522620"
"MU.osexp","C:\Users\Public\Experiments\IDs\05-WMC\MU","Tr7_test5.png","1","523955","C:/Users/Public/Experiments/IDs/05-WMC/MU/MUsbj081.csv","test","0","5","81","523697","523956"
"MU.osexp","C:\Users\Public\Experiments\IDs\05-WMC\MU","wait.png","1","523955","C:/Users/Public/Experiments/IDs/05-WMC/MU/MUsbj081.csv","wait","5000","4","81","525037","523956"
"MU.osexp","C:\Users\Public\Experiments\IDs\05-WMC\MU","fixation.png","1","523955","C:/Users/Public/Experiments/IDs/05-WMC/MU/MUsbj081.csv","fix","1500","4","81","530122","523956"
"MU.osexp","C:\Users\Public\Experiments\IDs\05-WMC\MU","Tr8_study1.png","1","523955","C:/Users/Public/Experiments/IDs/05-WMC/MU/MUsbj081.csv","study","1000","4","81","531707","532708"
"MU.osexp","C:\Users\Public\Experiments\IDs\05-WMC\MU","Tr8_study2.png","1","523955","C:/Users/Public/Experiments/IDs/05-WMC/MU/MUsbj081.csv","study","1000","4","81","533024","534024"
"MU.osexp","C:\Users\Public\Experiments\IDs\05-WMC\MU","Tr8_study3.png","1","523955","C:/Users/Public/Experiments/IDs/05-WMC/MU/MUsbj081.csv","study","1000","4","81","534407","535407"
"MU.osexp","C:\Users\Public\Experiments\IDs\05-WMC\MU","Tr8_study4.png","1","523955","C:/Users/Public/Experiments/IDs/05-WMC/MU/MUsbj081.csv","study","1000","4","81","535724","536724"
"MU.osexp","C:\Users\Public\Experiments\IDs\05-WMC\MU","Tr8_update1.png","1","523955","C:/Users/Public/Experiments/IDs/05-WMC/MU/MUsbj081.csv","update","1300","4","81","537057","538358"
"MU.osexp","C:\Users\Public\Experiments\IDs\05-WMC\MU","Tr8_update2.png","1","523955","C:/Users/Public/Experiments/IDs/05-WMC/MU/MUsbj081.csv","update","1300","4","81","538693","539995"
"MU.osexp","C:\Users\Public\Experiments\IDs\05-WMC\MU","Tr8_update3.png","1","523955","C:/Users/Public/Experiments/IDs/05-WMC/MU/MUsbj081.csv","update","1300","4","81","540382","541683"
"MU.osexp","C:\Users\Public\Experiments\IDs\05-WMC\MU","Tr8_test1.png","4","545403","C:/Users/Public/Experiments/IDs/05-WMC/MU/MUsbj081.csv","test","0","4","81","542023","545404"
"MU.osexp","C:\Users\Public\Experiments\IDs\05-WMC\MU","Tr8_test2.png","4","548500","C:/Users/Public/Experiments/IDs/05-WMC/MU/MUsbj081.csv","test","0","4","81","546532","548501"
"MU.osexp","C:\Users\Public\Experiments\IDs\05-WMC\MU","Tr8_test3.png","1","550692","C:/Users/Public/Experiments/IDs/05-WMC/MU/MUsbj081.csv","test","0","4","81","549580","550693"
"MU.osexp","C:\Users\Public\Experiments\IDs\05-WMC\MU","Tr8_test4.png","2","552044","C:/Users/Public/Experiments/IDs/05-WMC/MU/MUsbj081.csv","test","0","4","81","551786","552045"
"MU.osexp","C:\Users\Public\Experiments\IDs\05-WMC\MU","wait.png","2","552044","C:/Users/Public/Experiments/IDs/05-WMC/MU/MUsbj081.csv","wait","5000","5","81","553137","552045"
"MU.osexp","C:\Users\Public\Experiments\IDs\05-WMC\MU","fixation.png","2","552044","C:/Users/Public/Experiments/IDs/05-WMC/MU/MUsbj081.csv","fix","1500","5","81","558245","552045"
"MU.osexp","C:\Users\Public\Experiments\IDs\05-WMC\MU","Tr9_study1.png","2","552044","C:/Users/Public/Experiments/IDs/05-WMC/MU/MUsbj081.csv","study","1000","5","81","559980","560981"
"MU.osexp","C:\Users\Public\Experiments\IDs\05-WMC\MU","Tr9_study2.png","2","552044","C:/Users/Public/Experiments/IDs/05-WMC/MU/MUsbj081.csv","study","1000","5","81","561357","562357"
"MU.osexp","C:\Users\Public\Experiments\IDs\05-WMC\MU","Tr9_study3.png","2","552044","C:/Users/Public/Experiments/IDs/05-WMC/MU/MUsbj081.csv","study","1000","5","81","562702","563704"
"MU.osexp","C:\Users\Public\Experiments\IDs\05-WMC\MU","Tr9_study4.png","2","552044","C:/Users/Public/Experiments/IDs/05-WMC/MU/MUsbj081.csv","study","1000","5","81","564039","565040"
"MU.osexp","C:\Users\Public\Experiments\IDs\05-WMC\MU","Tr9_study5.png","2","552044","C:/Users/Public/Experiments/IDs/05-WMC/MU/MUsbj081.csv","study","1000","5","81","565374","566376"
"MU.osexp","C:\Users\Public\Experiments\IDs\05-WMC\MU","Tr9_update1.png","2","552044","C:/Users/Public/Experiments/IDs/05-WMC/MU/MUsbj081.csv","update","1300","5","81","566691","567993"
"MU.osexp","C:\Users\Public\Experiments\IDs\05-WMC\MU","Tr9_update2.png","2","552044","C:/Users/Public/Experiments/IDs/05-WMC/MU/MUsbj081.csv","update","1300","5","81","568324","569625"
"MU.osexp","C:\Users\Public\Experiments\IDs\05-WMC\MU","Tr9_test1.png","4","571668","C:/Users/Public/Experiments/IDs/05-WMC/MU/MUsbj081.csv","test","0","5","81","569971","571669"
"MU.osexp","C:\Users\Public\Experiments\IDs\05-WMC\MU","Tr9_test2.png","3","574452","C:/Users/Public/Experiments/IDs/05-WMC/MU/MUsbj081.csv","test","0","5","81","572750","574452"
"MU.osexp","C:\Users\Public\Experiments\IDs\05-WMC\MU","Tr9_test3.png","5","575923","C:/Users/Public/Experiments/IDs/05-WMC/MU/MUsbj081.csv","test","0","5","81","575531","575924"
"MU.osexp","C:\Users\Public\Experiments\IDs\05-WMC\MU","Tr9_test4.png","6","577259","C:/Users/Public/Experiments/IDs/05-WMC/MU/MUsbj081.csv","test","0","5","81","577001","577260"
"MU.osexp","C:\Users\Public\Experiments\IDs\05-WMC\MU","Tr9_test5.png","1","579635","C:/Users/Public/Experiments/IDs/05-WMC/MU/MUsbj081.csv","test","0","5","81","578349","579636"
"MU.osexp","C:\Users\Public\Experiments\IDs\05-WMC\MU","wait.png","1","579635","C:/Users/Public/Experiments/IDs/05-WMC/MU/MUsbj081.csv","wait","5000","3","81","580721","579636"
"MU.osexp","C:\Users\Public\Experiments\IDs\05-WMC\MU","fixation.png","1","579635","C:/Users/Public/Experiments/IDs/05-WMC/MU/MUsbj081.csv","fix","1500","3","81","585816","579636"
"MU.osexp","C:\Users\Public\Experiments\IDs\05-WMC\MU","Tr10_study1.png","1","579635","C:/Users/Public/Experiments/IDs/05-WMC/MU/MUsbj081.csv","study","1000","3","81","587451","588453"
"MU.osexp","C:\Users\Public\Experiments\IDs\05-WMC\MU","Tr10_study2.png","1","579635","C:/Users/Public/Experiments/IDs/05-WMC/MU/MUsbj081.csv","study","1000","3","81","588786","589788"
"MU.osexp","C:\Users\Public\Experiments\IDs\05-WMC\MU","Tr10_study3.png","1","579635","C:/Users/Public/Experiments/IDs/05-WMC/MU/MUsbj081.csv","study","1000","3","81","590131","591131"
"MU.osexp","C:\Users\Public\Experiments\IDs\05-WMC\MU","Tr10_update1.png","1","579635","C:/Users/Public/Experiments/IDs/05-WMC/MU/MUsbj081.csv","update","1300","3","81","591468","592770"
"MU.osexp","C:\Users\Public\Experiments\IDs\05-WMC\MU","Tr10_update2.png","1","579635","C:/Users/Public/Experiments/IDs/05-WMC/MU/MUsbj081.csv","update","1300","3","81","593207","594509"
"MU.osexp","C:\Users\Public\Experiments\IDs\05-WMC\MU","Tr10_test1.png","5","597972","C:/Users/Public/Experiments/IDs/05-WMC/MU/MUsbj081.csv","test","0","3","81","594841","597973"
"MU.osexp","C:\Users\Public\Experiments\IDs\05-WMC\MU","Tr10_test2.png","2","600116","C:/Users/Public/Experiments/IDs/05-WMC/MU/MUsbj081.csv","test","0","3","81","599070","600117"
"MU.osexp","C:\Users\Public\Experiments\IDs\05-WMC\MU","Tr10_test3.png","5","601924","C:/Users/Public/Experiments/IDs/05-WMC/MU/MUsbj081.csv","test","0","3","81","601195","601925"
"MU.osexp","C:\Users\Public\Experiments\IDs\05-WMC\MU","wait.png","5","601924","C:/Users/Public/Experiments/IDs/05-WMC/MU/MUsbj081.csv","wait","5000","5","81","603006","601925"
"MU.osexp","C:\Users\Public\Experiments\IDs\05-WMC\MU","fixation.png","5","601924","C:/Users/Public/Experiments/IDs/05-WMC/MU/MUsbj081.csv","fix","1500","5","81","608077","601925"
"MU.osexp","C:\Users\Public\Experiments\IDs\05-WMC\MU","Tr11_study1.png","5","601924","C:/Users/Public/Experiments/IDs/05-WMC/MU/MUsbj081.csv","study","1000","5","81","609664","610665"
"MU.osexp","C:\Users\Public\Experiments\IDs\05-WMC\MU","Tr11_study2.png","5","601924","C:/Users/Public/Experiments/IDs/05-WMC/MU/MUsbj081.csv","study","1000","5","81","610991","611993"
"MU.osexp","C:\Users\Public\Experiments\IDs\05-WMC\MU","Tr11_study3.png","5","601924","C:/Users/Public/Experiments/IDs/05-WMC/MU/MUsbj081.csv","study","1000","5","81","612329","613329"
"MU.osexp","C:\Users\Public\Experiments\IDs\05-WMC\MU","Tr11_study4.png","5","601924","C:/Users/Public/Experiments/IDs/05-WMC/MU/MUsbj081.csv","study","1000","5","81","613703","614703"
"MU.osexp","C:\Users\Public\Experiments\IDs\05-WMC\MU","Tr11_study5.png","5","601924","C:/Users/Public/Experiments/IDs/05-WMC/MU/MUsbj081.csv","study","1000","5","81","615019","616019"
"MU.osexp","C:\Users\Public\Experiments\IDs\05-WMC\MU","Tr11_update1.png","5","601924","C:/Users/Public/Experiments/IDs/05-WMC/MU/MUsbj081.csv","update","1300","5","81","616360","617660"
"MU.osexp","C:\Users\Public\Experiments\IDs\05-WMC\MU","Tr11_update2.png","5","601924","C:/Users/Public/Experiments/IDs/05-WMC/MU/MUsbj081.csv","update","1300","5","81","617996","619297"
"MU.osexp","C:\Users\Public\Experiments\IDs\05-WMC\MU","Tr11_update3.png","5","601924","C:/Users/Public/Experiments/IDs/05-WMC/MU/MUsbj081.csv","update","1300","5","81","619636","620938"
"MU.osexp","C:\Users\Public\Experiments\IDs\05-WMC\MU","Tr11_test1.png","1","624852","C:/Users/Public/Experiments/IDs/05-WMC/MU/MUsbj081.csv","test","0","5","81","621272","624853"
"MU.osexp","C:\Users\Public\Experiments\IDs\05-WMC\MU","Tr11_test2.png","2","626500","C:/Users/Public/Experiments/IDs/05-WMC/MU/MUsbj081.csv","test","0","5","81","625951","626500"
"MU.osexp","C:\Users\Public\Experiments\IDs\05-WMC\MU","Tr11_test3.png","6","630451","C:/Users/Public/Experiments/IDs/05-WMC/MU/MUsbj081.csv","test","0","5","81","627575","630452"
"MU.osexp","C:\Users\Public\Experiments\IDs\05-WMC\MU","Tr11_test4.png","5","632387","C:/Users/Public/Experiments/IDs/05-WMC/MU/MUsbj081.csv","test","0","5","81","631540","632388"
"MU.osexp","C:\Users\Public\Experiments\IDs\05-WMC\MU","Tr11_test5.png","1","634292","C:/Users/Public/Experiments/IDs/05-WMC/MU/MUsbj081.csv","test","0","5","81","633493","634293"
"MU.osexp","C:\Users\Public\Experiments\IDs\05-WMC\MU","wait.png","1","634292","C:/Users/Public/Experiments/IDs/05-WMC/MU/MUsbj081.csv","wait","5000","3","81","635385","634293"
"MU.osexp","C:\Users\Public\Experiments\IDs\05-WMC\MU","fixation.png","1","634292","C:/Users/Public/Experiments/IDs/05-WMC/MU/MUsbj081.csv","fix","1500","3","81","640445","634293"
"MU.osexp","C:\Users\Public\Experiments\IDs\05-WMC\MU","Tr12_study1.png","1","634292","C:/Users/Public/Experiments/IDs/05-WMC/MU/MUsbj081.csv","study","1000","3","81","642052","643052"
"MU.osexp","C:\Users\Public\Experiments\IDs\05-WMC\MU","Tr12_study2.png","1","634292","C:/Users/Public/Experiments/IDs/05-WMC/MU/MUsbj081.csv","study","1000","3","81","643368","644369"
"MU.osexp","C:\Users\Public\Experiments\IDs\05-WMC\MU","Tr12_study3.png","1","634292","C:/Users/Public/Experiments/IDs/05-WMC/MU/MUsbj081.csv","study","1000","3","81","644705","645705"
"MU.osexp","C:\Users\Public\Experiments\IDs\05-WMC\MU","Tr12_update1.png","1","634292","C:/Users/Public/Experiments/IDs/05-WMC/MU/MUsbj081.csv","update","1300","3","81","646042","647342"
"MU.osexp","C:\Users\Public\Experiments\IDs\05-WMC\MU","Tr12_update2.png","1","634292","C:/Users/Public/Experiments/IDs/05-WMC/MU/MUsbj081.csv","update","1300","3","81","647666","648968"
"MU.osexp","C:\Users\Public\Experiments\IDs\05-WMC\MU","Tr12_update3.png","1","634292","C:/Users/Public/Experiments/IDs/05-WMC/MU/MUsbj081.csv","update","1300","3","81","649298","650600"
"MU.osexp","C:\Users\Public\Experiments\IDs\05-WMC\MU","Tr12_update4.png","1","634292","C:/Users/Public/Experiments/IDs/05-WMC/MU/MUsbj081.csv","update","1300","3","81","651043","652345"
"MU.osexp","C:\Users\Public\Experiments\IDs\05-WMC\MU","Tr12_update5.png","1","634292","C:/Users/Public/Experiments/IDs/05-WMC/MU/MUsbj081.csv","update","1300","3","81","652684","653984"
"MU.osexp","C:\Users\Public\Experiments\IDs\05-WMC\MU","Tr12_test1.png","4","655652","C:/Users/Public/Experiments/IDs/05-WMC/MU/MUsbj081.csv","test","0","3","81","654290","655653"
"MU.osexp","C:\Users\Public\Experiments\IDs\05-WMC\MU","Tr12_test2.png","6","657004","C:/Users/Public/Experiments/IDs/05-WMC/MU/MUsbj081.csv","test","0","3","81","656723","657005"
"MU.osexp","C:\Users\Public\Experiments\IDs\05-WMC\MU","Tr12_test3.png","5","658452","C:/Users/Public/Experiments/IDs/05-WMC/MU/MUsbj081.csv","test","0","3","81","658083","658453"
"MU.osexp","C:\Users\Public\Experiments\IDs\05-WMC\MU","wait.png","5","658452","C:/Users/Public/Experiments/IDs/05-WMC/MU/MUsbj081.csv","wait","5000","3","81","659550","658453"
"MU.osexp","C:\Users\Public\Experiments\IDs\05-WMC\MU","fixation.png","5","658452","C:/Users/Public/Experiments/IDs/05-WMC/MU/MUsbj081.csv","fix","1500","3","81","664637","658453"
"MU.osexp","C:\Users\Public\Experiments\IDs\05-WMC\MU","Tr13_study1.png","5","658452","C:/Users/Public/Experiments/IDs/05-WMC/MU/MUsbj081.csv","study","1000","3","81","666233","667234"
"MU.osexp","C:\Users\Public\Experiments\IDs\05-WMC\MU","Tr13_study2.png","5","658452","C:/Users/Public/Experiments/IDs/05-WMC/MU/MUsbj081.csv","study","1000","3","81","667566","668566"
"MU.osexp","C:\Users\Public\Experiments\IDs\05-WMC\MU","Tr13_study3.png","5","658452","C:/Users/Public/Experiments/IDs/05-WMC/MU/MUsbj081.csv","study","1000","3","81","668920","669920"
"MU.osexp","C:\Users\Public\Experiments\IDs\05-WMC\MU","Tr13_update1.png","5","658452","C:/Users/Public/Experiments/IDs/05-WMC/MU/MUsbj081.csv","update","1300","3","81","670260","671563"
"MU.osexp","C:\Users\Public\Experiments\IDs\05-WMC\MU","Tr13_update2.png","5","658452","C:/Users/Public/Experiments/IDs/05-WMC/MU/MUsbj081.csv","update","1300","3","81","671897","673199"
"MU.osexp","C:\Users\Public\Experiments\IDs\05-WMC\MU","Tr13_update3.png","5","658452","C:/Users/Public/Experiments/IDs/05-WMC/MU/MUsbj081.csv","update","1300","3","81","673534","674834"
"MU.osexp","C:\Users\Public\Experiments\IDs\05-WMC\MU","Tr13_update4.png","5","658452","C:/Users/Public/Experiments/IDs/05-WMC/MU/MUsbj081.csv","update","1300","3","81","675159","676460"
"MU.osexp","C:\Users\Public\Experiments\IDs\05-WMC\MU","Tr13_test1.png","2","678948","C:/Users/Public/Experiments/IDs/05-WMC/MU/MUsbj081.csv","test","0","3","81","676783","678948"
"MU.osexp","C:\Users\Public\Experiments\IDs\05-WMC\MU","Tr13_test2.png","6","680340","C:/Users/Public/Experiments/IDs/05-WMC/MU/MUsbj081.csv","test","0","3","81","680024","680340"
"MU.osexp","C:\Users\Public\Experiments\IDs\05-WMC\MU","Tr13_test3.png","4","681883","C:/Users/Public/Experiments/IDs/05-WMC/MU/MUsbj081.csv","test","0","3","81","681578","681884"
"MU.osexp","C:\Users\Public\Experiments\IDs\05-WMC\MU","wait.png","4","681883","C:/Users/Public/Experiments/IDs/05-WMC/MU/MUsbj081.csv","wait","5000","5","81","682974","681884"
"MU.osexp","C:\Users\Public\Experiments\IDs\05-WMC\MU","fixation.png","4","681883","C:/Users/Public/Experiments/IDs/05-WMC/MU/MUsbj081.csv","fix","1500","5","81","688043","681884"
"MU.osexp","C:\Users\Public\Experiments\IDs\05-WMC\MU","Tr14_study1.png","4","681883","C:/Users/Public/Experiments/IDs/05-WMC/MU/MUsbj081.csv","study","1000","5","81","689638","690639"
"MU.osexp","C:\Users\Public\Experiments\IDs\05-WMC\MU","Tr14_study2.png","4","681883","C:/Users/Public/Experiments/IDs/05-WMC/MU/MUsbj081.csv","study","1000","5","81","691024","692026"
"MU.osexp","C:\Users\Public\Experiments\IDs\05-WMC\MU","Tr14_study3.png","4","681883","C:/Users/Public/Experiments/IDs/05-WMC/MU/MUsbj081.csv","study","1000","5","81","692356","693356"
"MU.osexp","C:\Users\Public\Experiments\IDs\05-WMC\MU","Tr14_study4.png","4","681883","C:/Users/Public/Experiments/IDs/05-WMC/MU/MUsbj081.csv","study","1000","5","81","693698","694698"
"MU.osexp","C:\Users\Public\Experiments\IDs\05-WMC\MU","Tr14_study5.png","4","681883","C:/Users/Public/Experiments/IDs/05-WMC/MU/MUsbj081.csv","study","1000","5","81","695043","696045"
"MU.osexp","C:\Users\Public\Experiments\IDs\05-WMC\MU","Tr14_update1.png","4","681883","C:/Users/Public/Experiments/IDs/05-WMC/MU/MUsbj081.csv","update","1300","5","81","696360","697660"
"MU.osexp","C:\Users\Public\Experiments\IDs\05-WMC\MU","Tr14_update2.png","4","681883","C:/Users/Public/Experiments/IDs/05-WMC/MU/MUsbj081.csv","update","1300","5","81","697986","699286"
"MU.osexp","C:\Users\Public\Experiments\IDs\05-WMC\MU","Tr14_update3.png","4","681883","C:/Users/Public/Experiments/IDs/05-WMC/MU/MUsbj081.csv","update","1300","5","81","699629","700931"
"MU.osexp","C:\Users\Public\Experiments\IDs\05-WMC\MU","Tr14_update4.png","4","681883","C:/Users/Public/Experiments/IDs/05-WMC/MU/MUsbj081.csv","update","1300","5","81","701263","702564"
"MU.osexp","C:\Users\Public\Experiments\IDs\05-WMC\MU","Tr14_test1.png","3","704620","C:/Users/Public/Experiments/IDs/05-WMC/MU/MUsbj081.csv","test","0","5","81","702965","704621"
"MU.osexp","C:\Users\Public\Experiments\IDs\05-WMC\MU","Tr14_test2.png","3","706132","C:/Users/Public/Experiments/IDs/05-WMC/MU/MUsbj081.csv","test","0","5","81","705689","706133"
"MU.osexp","C:\Users\Public\Experiments\IDs\05-WMC\MU","Tr14_test3.png","3","707524","C:/Users/Public/Experiments/IDs/05-WMC/MU/MUsbj081.csv","test","0","5","81","707215","707525"
"MU.osexp","C:\Users\Public\Experiments\IDs\05-WMC\MU","Tr14_test4.png","3","709012","C:/Users/Public/Experiments/IDs/05-WMC/MU/MUsbj081.csv","test","0","5","81","708609","709013"
"MU.osexp","C:\Users\Public\Experiments\IDs\05-WMC\MU","Tr14_test5.png","3","710364","C:/Users/Public/Experiments/IDs/05-WMC/MU/MUsbj081.csv","test","0","5","81","710088","710365"
"MU.osexp","C:\Users\Public\Experiments\IDs\05-WMC\MU","wait.png","3","710364","C:/Users/Public/Experiments/IDs/05-WMC/MU/MUsbj081.csv","wait","5000","4","81","711513","710365"
"MU.osexp","C:\Users\Public\Experiments\IDs\05-WMC\MU","fixation.png","3","710364","C:/Users/Public/Experiments/IDs/05-WMC/MU/MUsbj081.csv","fix","1500","4","81","716595","710365"
"MU.osexp","C:\Users\Public\Experiments\IDs\05-WMC\MU","Tr15_study1.png","3","710364","C:/Users/Public/Experiments/IDs/05-WMC/MU/MUsbj081.csv","study","1000","4","81","718187","719188"
"MU.osexp","C:\Users\Public\Experiments\IDs\05-WMC\MU","Tr15_study2.png","3","710364","C:/Users/Public/Experiments/IDs/05-WMC/MU/MUsbj081.csv","study","1000","4","81","719524","720526"
"MU.osexp","C:\Users\Public\Experiments\IDs\05-WMC\MU","Tr15_study3.png","3","710364","C:/Users/Public/Experiments/IDs/05-WMC/MU/MUsbj081.csv","study","1000","4","81","720852","721852"
"MU.osexp","C:\Users\Public\Experiments\IDs\05-WMC\MU","Tr15_study4.png","3","710364","C:/Users/Public/Experiments/IDs/05-WMC/MU/MUsbj081.csv","study","1000","4","81","722180","723182"
"MU.osexp","C:\Users\Public\Experiments\IDs\05-WMC\MU","Tr15_update1.png","3","710364","C:/Users/Public/Experiments/IDs/05-WMC/MU/MUsbj081.csv","update","1300","4","81","723516","724819"
"MU.osexp","C:\Users\Public\Experiments\IDs\05-WMC\MU","Tr15_update2.png","3","710364","C:/Users/Public/Experiments/IDs/05-WMC/MU/MUsbj081.csv","update","1300","4","81","725147","726447"
"MU.osexp","C:\Users\Public\Experiments\IDs\05-WMC\MU","Tr15_update3.png","3","710364","C:/Users/Public/Experiments/IDs/05-WMC/MU/MUsbj081.csv","update","1300","4","81","726766","728066"
"MU.osexp","C:\Users\Public\Experiments\IDs\05-WMC\MU","Tr15_update4.png","3","710364","C:/Users/Public/Experiments/IDs/05-WMC/MU/MUsbj081.csv","update","1300","4","81","728387","729687"
"MU.osexp","C:\Users\Public\Experiments\IDs\05-WMC\MU","Tr15_update5.png","3","710364","C:/Users/Public/Experiments/IDs/05-WMC/MU/MUsbj081.csv","update","1300","4","81","730000","731301"
"MU.osexp","C:\Users\Public\Experiments\IDs\05-WMC\MU","Tr15_update6.png","3","710364","C:/Users/Public/Experiments/IDs/05-WMC/MU/MUsbj081.csv","update","1300","4","81","731637","732937"
"MU.osexp","C:\Users\Public\Experiments\IDs\05-WMC\MU","Tr15_test1.png","1","734716","C:/Users/Public/Experiments/IDs/05-WMC/MU/MUsbj081.csv","test","0","4","81","733266","734716"
"MU.osexp","C:\Users\Public\Experiments\IDs\05-WMC\MU","Tr15_test2.png","2","736995","C:/Users/Public/Experiments/IDs/05-WMC/MU/MUsbj081.csv","test","0","4","81","735794","736996"
"MU.osexp","C:\Users\Public\Experiments\IDs\05-WMC\MU","Tr15_test3.png","0","739220","C:/Users/Public/Experiments/IDs/05-WMC/MU/MUsbj081.csv","test","0","4","81","738074","739221"
"MU.osexp","C:\Users\Public\Experiments\IDs\05-WMC\MU","Tr15_test4.png","3","740620","C:/Users/Public/Experiments/IDs/05-WMC/MU/MUsbj081.csv","test","0","4","81","740299","740621"
"MU.osexp","C:\Users\Public\Experiments\IDs\05-WMC\MU","wait.png","3","740620","C:/Users/Public/Experiments/IDs/05-WMC/MU/MUsbj081.csv","wait","5000","4","81","741694","740621"
"MU.osexp","C:\Users\Public\Experiments\IDs\05-WMC\MU","fixation.png","3","740620","C:/Users/Public/Experiments/IDs/05-WMC/MU/MUsbj081.csv","fix","1500","4","81","746752","740621"
"MU.osexp","C:\Users\Public\Experiments\IDs\05-WMC\MU","Tr16_study1.png","3","740620","C:/Users/Public/Experiments/IDs/05-WMC/MU/MUsbj081.csv","study","1000","4","81","748328","749328"
"MU.osexp","C:\Users\Public\Experiments\IDs\05-WMC\MU","Tr16_study2.png","3","740620","C:/Users/Public/Experiments/IDs/05-WMC/MU/MUsbj081.csv","study","1000","4","81","749750","750750"
"MU.osexp","C:\Users\Public\Experiments\IDs\05-WMC\MU","Tr16_study3.png","3","740620","C:/Users/Public/Experiments/IDs/05-WMC/MU/MUsbj081.csv","study","1000","4","81","751080","752080"
"MU.osexp","C:\Users\Public\Experiments\IDs\05-WMC\MU","Tr16_study4.png","3","740620","C:/Users/Public/Experiments/IDs/05-WMC/MU/MUsbj081.csv","study","1000","4","81","752411","753412"
"MU.osexp","C:\Users\Public\Experiments\IDs\05-WMC\MU","Tr16_update1.png","3","740620","C:/Users/Public/Experiments/IDs/05-WMC/MU/MUsbj081.csv","update","1300","4","81","753737","755037"
"MU.osexp","C:\Users\Public\Experiments\IDs\05-WMC\MU","Tr16_update2.png","3","740620","C:/Users/Public/Experiments/IDs/05-WMC/MU/MUsbj081.csv","update","1300","4","81","755364","756665"
"MU.osexp","C:\Users\Public\Experiments\IDs\05-WMC\MU","Tr16_test1.png","8","759508","C:/Users/Public/Experiments/IDs/05-WMC/MU/MUsbj081.csv","test","0","4","81","756978","759509"
"MU.osexp","C:\Users\Public\Experiments\IDs\05-WMC\MU","Tr16_test2.png","7","761692","C:/Users/Public/Experiments/IDs/05-WMC/MU/MUsbj081.csv","test","0","4","81","760595","761693"
"MU.osexp","C:\Users\Public\Experiments\IDs\05-WMC\MU","Tr16_test3.png","4","763500","C:/Users/Public/Experiments/IDs/05-WMC/MU/MUsbj081.csv","test","0","4","81","762773","763501"
"MU.osexp","C:\Users\Public\Experiments\IDs\05-WMC\MU","Tr16_test4.png","3","765604","C:/Users/Public/Experiments/IDs/05-WMC/MU/MUsbj081.csv","test","0","4","81","764680","765605"
"MU.osexp","C:\Users\Public\Experiments\IDs\05-WMC\MU","wait.png","3","765604","C:/Users/Public/Experiments/IDs/05-WMC/MU/MUsbj081.csv","wait","5000","5","81","766684","765605"
"MU.osexp","C:\Users\Public\Experiments\IDs\05-WMC\MU","fixation.png","3","765604","C:/Users/Public/Experiments/IDs/05-WMC/MU/MUsbj081.csv","fix","1500","5","81","771764","765605"
"MU.osexp","C:\Users\Public\Experiments\IDs\05-WMC\MU","Tr17_study1.png","3","765604","C:/Users/Public/Experiments/IDs/05-WMC/MU/MUsbj081.csv","study","1000","5","81","773355","774356"
"MU.osexp","C:\Users\Public\Experiments\IDs\05-WMC\MU","Tr17_study2.png","3","765604","C:/Users/Public/Experiments/IDs/05-WMC/MU/MUsbj081.csv","study","1000","5","81","774712","775714"
"MU.osexp","C:\Users\Public\Experiments\IDs\05-WMC\MU","Tr17_study3.png","3","765604","C:/Users/Public/Experiments/IDs/05-WMC/MU/MUsbj081.csv","study","1000","5","81","776048","777048"
"MU.osexp","C:\Users\Public\Experiments\IDs\05-WMC\MU","Tr17_study4.png","3","765604","C:/Users/Public/Experiments/IDs/05-WMC/MU/MUsbj081.csv","study","1000","5","81","777400","778402"
"MU.osexp","C:\Users\Public\Experiments\IDs\05-WMC\MU","Tr17_study5.png","3","765604","C:/Users/Public/Experiments/IDs/05-WMC/MU/MUsbj081.csv","study","1000","5","81","778739","779740"
"MU.osexp","C:\Users\Public\Experiments\IDs\05-WMC\MU","Tr17_update1.png","3","765604","C:/Users/Public/Experiments/IDs/05-WMC/MU/MUsbj081.csv","update","1300","5","81","780091","781393"
"MU.osexp","C:\Users\Public\Experiments\IDs\05-WMC\MU","Tr17_update2.png","3","765604","C:/Users/Public/Experiments/IDs/05-WMC/MU/MUsbj081.csv","update","1300","5","81","781765","783067"
"MU.osexp","C:\Users\Public\Experiments\IDs\05-WMC\MU","Tr17_update3.png","3","765604","C:/Users/Public/Experiments/IDs/05-WMC/MU/MUsbj081.csv","update","1300","5","81","783438","784739"
"MU.osexp","C:\Users\Public\Experiments\IDs\05-WMC\MU","Tr17_update4.png","3","765604","C:/Users/Public/Experiments/IDs/05-WMC/MU/MUsbj081.csv","update","1300","5","81","785078","786380"
"MU.osexp","C:\Users\Public\Experiments\IDs\05-WMC\MU","Tr17_update5.png","3","765604","C:/Users/Public/Experiments/IDs/05-WMC/MU/MUsbj081.csv","update","1300","5","81","786714","788016"
"MU.osexp","C:\Users\Public\Experiments\IDs\05-WMC\MU","Tr17_update6.png","3","765604","C:/Users/Public/Experiments/IDs/05-WMC/MU/MUsbj081.csv","update","1300","5","81","788328","789630"
"MU.osexp","C:\Users\Public\Experiments\IDs\05-WMC\MU","Tr17_test1.png","1","791492","C:/Users/Public/Experiments/IDs/05-WMC/MU/MUsbj081.csv","test","0","5","81","789955","791493"
"MU.osexp","C:\Users\Public\Experiments\IDs\05-WMC\MU","Tr17_test2.png","1","792852","C:/Users/Public/Experiments/IDs/05-WMC/MU/MUsbj081.csv","test","0","5","81","792555","792853"
"MU.osexp","C:\Users\Public\Experiments\IDs\05-WMC\MU","Tr17_test3.png","3","794228","C:/Users/Public/Experiments/IDs/05-WMC/MU/MUsbj081.csv","test","0","5","81","793995","794229"
"MU.osexp","C:\Users\Public\Experiments\IDs\05-WMC\MU","Tr17_test4.png","5","795420","C:/Users/Public/Experiments/IDs/05-WMC/MU/MUsbj081.csv","test","0","5","81","795289","795421"
"MU.osexp","C:\Users\Public\Experiments\IDs\05-WMC\MU","Tr17_test5.png","6","796796","C:/Users/Public/Experiments/IDs/05-WMC/MU/MUsbj081.csv","test","0","5","81","796499","796797"
