"experiment_file","experiment_path","image","key","key_time","logfile","phase","playtime","setSize","subject_nr","timestamp","waittime"
"MU.osexp","C:\Users\Public\Experiments\SM01\05-WMC\MU","ready1.png","NA","NA","C:/Users/Public/Experiments/SM01/05-WMC/MU/MU_results/MUsbj028.csv","pre","0","3","28","207441","NA"
"MU.osexp","C:\Users\Public\Experiments\SM01\05-WMC\MU","fixation.png","NA","NA","C:/Users/Public/Experiments/SM01/05-WMC/MU/MU_results/MUsbj028.csv","fix","1500","3","28","211973","NA"
"MU.osexp","C:\Users\Public\Experiments\SM01\05-WMC\MU","Tr1_study1.png","NA","NA","C:/Users/Public/Experiments/SM01/05-WMC/MU/MU_results/MUsbj028.csv","study","1000","3","28","213539","214540"
"MU.osexp","C:\Users\Public\Experiments\SM01\05-WMC\MU","Tr1_study2.png","NA","NA","C:/Users/Public/Experiments/SM01/05-WMC/MU/MU_results/MUsbj028.csv","study","1000","3","28","214870","215870"
"MU.osexp","C:\Users\Public\Experiments\SM01\05-WMC\MU","Tr1_study3.png","NA","NA","C:/Users/Public/Experiments/SM01/05-WMC/MU/MU_results/MUsbj028.csv","study","1000","3","28","216202","217202"
"MU.osexp","C:\Users\Public\Experiments\SM01\05-WMC\MU","Tr1_update1.png","NA","NA","C:/Users/Public/Experiments/SM01/05-WMC/MU/MU_results/MUsbj028.csv","update","1300","3","28","217525","218826"
"MU.osexp","C:\Users\Public\Experiments\SM01\05-WMC\MU","Tr1_update2.png","NA","NA","C:/Users/Public/Experiments/SM01/05-WMC/MU/MU_results/MUsbj028.csv","update","1300","3","28","219139","220441"
"MU.osexp","C:\Users\Public\Experiments\SM01\05-WMC\MU","Tr1_update3.png","NA","NA","C:/Users/Public/Experiments/SM01/05-WMC/MU/MU_results/MUsbj028.csv","update","1300","3","28","220798","222100"
"MU.osexp","C:\Users\Public\Experiments\SM01\05-WMC\MU","Tr1_test1.png","9","234074","C:/Users/Public/Experiments/SM01/05-WMC/MU/MU_results/MUsbj028.csv","test","0","3","28","222469","234075"
"MU.osexp","C:\Users\Public\Experiments\SM01\05-WMC\MU","Tr1_test2.png","9","235978","C:/Users/Public/Experiments/SM01/05-WMC/MU/MU_results/MUsbj028.csv","test","0","3","28","235188","235979"
"MU.osexp","C:\Users\Public\Experiments\SM01\05-WMC\MU","Tr1_test3.png","2","243586","C:/Users/Public/Experiments/SM01/05-WMC/MU/MU_results/MUsbj028.csv","test","0","3","28","237108","243587"
"MU.osexp","C:\Users\Public\Experiments\SM01\05-WMC\MU","wait.png","2","243586","C:/Users/Public/Experiments/SM01/05-WMC/MU/MU_results/MUsbj028.csv","wait","5000","3","28","244759","243587"
"MU.osexp","C:\Users\Public\Experiments\SM01\05-WMC\MU","fixation.png","2","243586","C:/Users/Public/Experiments/SM01/05-WMC/MU/MU_results/MUsbj028.csv","fix","1500","3","28","249929","243587"
"MU.osexp","C:\Users\Public\Experiments\SM01\05-WMC\MU","Tr2_study1.png","2","243586","C:/Users/Public/Experiments/SM01/05-WMC/MU/MU_results/MUsbj028.csv","study","1000","3","28","251545","252546"
"MU.osexp","C:\Users\Public\Experiments\SM01\05-WMC\MU","Tr2_study2.png","2","243586","C:/Users/Public/Experiments/SM01/05-WMC/MU/MU_results/MUsbj028.csv","study","1000","3","28","252882","253884"
"MU.osexp","C:\Users\Public\Experiments\SM01\05-WMC\MU","Tr2_study3.png","2","243586","C:/Users/Public/Experiments/SM01/05-WMC/MU/MU_results/MUsbj028.csv","study","1000","3","28","254248","255250"
"MU.osexp","C:\Users\Public\Experiments\SM01\05-WMC\MU","Tr2_update1.png","2","243586","C:/Users/Public/Experiments/SM01/05-WMC/MU/MU_results/MUsbj028.csv","update","1300","3","28","255582","256884"
"MU.osexp","C:\Users\Public\Experiments\SM01\05-WMC\MU","Tr2_update2.png","2","243586","C:/Users/Public/Experiments/SM01/05-WMC/MU/MU_results/MUsbj028.csv","update","1300","3","28","257222","258524"
"MU.osexp","C:\Users\Public\Experiments\SM01\05-WMC\MU","Tr2_update3.png","2","243586","C:/Users/Public/Experiments/SM01/05-WMC/MU/MU_results/MUsbj028.csv","update","1300","3","28","258879","260181"
"MU.osexp","C:\Users\Public\Experiments\SM01\05-WMC\MU","Tr2_test1.png","4","268258","C:/Users/Public/Experiments/SM01/05-WMC/MU/MU_results/MUsbj028.csv","test","0","3","28","260540","268259"
"MU.osexp","C:\Users\Public\Experiments\SM01\05-WMC\MU","Tr2_test2.png","6","274123","C:/Users/Public/Experiments/SM01/05-WMC/MU/MU_results/MUsbj028.csv","test","0","3","28","269344","274124"
"MU.osexp","C:\Users\Public\Experiments\SM01\05-WMC\MU","Tr2_test3.png","1","277195","C:/Users/Public/Experiments/SM01/05-WMC/MU/MU_results/MUsbj028.csv","test","0","3","28","275237","277196"
"MU.osexp","C:\Users\Public\Experiments\SM01\05-WMC\MU","ready2.png","1","277195","C:/Users/Public/Experiments/SM01/05-WMC/MU/MU_results/MUsbj028.csv","pre","0","3","28","285213","277196"
"MU.osexp","C:\Users\Public\Experiments\SM01\05-WMC\MU","fixation.png","1","277195","C:/Users/Public/Experiments/SM01/05-WMC/MU/MU_results/MUsbj028.csv","fix","1500","3","28","289544","277196"
"MU.osexp","C:\Users\Public\Experiments\SM01\05-WMC\MU","Tr3_study1.png","1","277195","C:/Users/Public/Experiments/SM01/05-WMC/MU/MU_results/MUsbj028.csv","study","1000","3","28","291152","292154"
"MU.osexp","C:\Users\Public\Experiments\SM01\05-WMC\MU","Tr3_study2.png","1","277195","C:/Users/Public/Experiments/SM01/05-WMC/MU/MU_results/MUsbj028.csv","study","1000","3","28","292502","293504"
"MU.osexp","C:\Users\Public\Experiments\SM01\05-WMC\MU","Tr3_study3.png","1","277195","C:/Users/Public/Experiments/SM01/05-WMC/MU/MU_results/MUsbj028.csv","study","1000","3","28","293841","294843"
"MU.osexp","C:\Users\Public\Experiments\SM01\05-WMC\MU","Tr3_update1.png","1","277195","C:/Users/Public/Experiments/SM01/05-WMC/MU/MU_results/MUsbj028.csv","update","1300","3","28","295178","296480"
"MU.osexp","C:\Users\Public\Experiments\SM01\05-WMC\MU","Tr3_update2.png","1","277195","C:/Users/Public/Experiments/SM01/05-WMC/MU/MU_results/MUsbj028.csv","update","1300","3","28","296848","298150"
"MU.osexp","C:\Users\Public\Experiments\SM01\05-WMC\MU","Tr3_update3.png","1","277195","C:/Users/Public/Experiments/SM01/05-WMC/MU/MU_results/MUsbj028.csv","update","1300","3","28","298500","299802"
"MU.osexp","C:\Users\Public\Experiments\SM01\05-WMC\MU","Tr3_test1.png","9","302594","C:/Users/Public/Experiments/SM01/05-WMC/MU/MU_results/MUsbj028.csv","test","0","3","28","300168","302595"
"MU.osexp","C:\Users\Public\Experiments\SM01\05-WMC\MU","Tr3_test2.png","7","306994","C:/Users/Public/Experiments/SM01/05-WMC/MU/MU_results/MUsbj028.csv","test","0","3","28","303750","306995"
"MU.osexp","C:\Users\Public\Experiments\SM01\05-WMC\MU","Tr3_test3.png","6","316282","C:/Users/Public/Experiments/SM01/05-WMC/MU/MU_results/MUsbj028.csv","test","0","3","28","308085","316283"
"MU.osexp","C:\Users\Public\Experiments\SM01\05-WMC\MU","wait.png","6","316282","C:/Users/Public/Experiments/SM01/05-WMC/MU/MU_results/MUsbj028.csv","wait","5000","4","28","317371","316283"
"MU.osexp","C:\Users\Public\Experiments\SM01\05-WMC\MU","fixation.png","6","316282","C:/Users/Public/Experiments/SM01/05-WMC/MU/MU_results/MUsbj028.csv","fix","1500","4","28","322455","316283"
"MU.osexp","C:\Users\Public\Experiments\SM01\05-WMC\MU","Tr4_study1.png","6","316282","C:/Users/Public/Experiments/SM01/05-WMC/MU/MU_results/MUsbj028.csv","study","1000","4","28","324057","325059"
"MU.osexp","C:\Users\Public\Experiments\SM01\05-WMC\MU","Tr4_study2.png","6","316282","C:/Users/Public/Experiments/SM01/05-WMC/MU/MU_results/MUsbj028.csv","study","1000","4","28","325401","326403"
"MU.osexp","C:\Users\Public\Experiments\SM01\05-WMC\MU","Tr4_study3.png","6","316282","C:/Users/Public/Experiments/SM01/05-WMC/MU/MU_results/MUsbj028.csv","study","1000","4","28","326768","327770"
"MU.osexp","C:\Users\Public\Experiments\SM01\05-WMC\MU","Tr4_study4.png","6","316282","C:/Users/Public/Experiments/SM01/05-WMC/MU/MU_results/MUsbj028.csv","study","1000","4","28","328114","329116"
"MU.osexp","C:\Users\Public\Experiments\SM01\05-WMC\MU","Tr4_update1.png","6","316282","C:/Users/Public/Experiments/SM01/05-WMC/MU/MU_results/MUsbj028.csv","update","1300","4","28","329485","330786"
"MU.osexp","C:\Users\Public\Experiments\SM01\05-WMC\MU","Tr4_update2.png","6","316282","C:/Users/Public/Experiments/SM01/05-WMC/MU/MU_results/MUsbj028.csv","update","1300","4","28","331155","332457"
"MU.osexp","C:\Users\Public\Experiments\SM01\05-WMC\MU","Tr4_update3.png","6","316282","C:/Users/Public/Experiments/SM01/05-WMC/MU/MU_results/MUsbj028.csv","update","1300","4","28","332799","334101"
"MU.osexp","C:\Users\Public\Experiments\SM01\05-WMC\MU","Tr4_update4.png","6","316282","C:/Users/Public/Experiments/SM01/05-WMC/MU/MU_results/MUsbj028.csv","update","1300","4","28","334478","335780"
"MU.osexp","C:\Users\Public\Experiments\SM01\05-WMC\MU","Tr4_test1.png","3","344939","C:/Users/Public/Experiments/SM01/05-WMC/MU/MU_results/MUsbj028.csv","test","0","4","28","336114","344940"
"MU.osexp","C:\Users\Public\Experiments\SM01\05-WMC\MU","Tr4_test2.png","9","349698","C:/Users/Public/Experiments/SM01/05-WMC/MU/MU_results/MUsbj028.csv","test","0","4","28","346067","349699"
"MU.osexp","C:\Users\Public\Experiments\SM01\05-WMC\MU","Tr4_test3.png","1","356946","C:/Users/Public/Experiments/SM01/05-WMC/MU/MU_results/MUsbj028.csv","test","0","4","28","350818","356947"
"MU.osexp","C:\Users\Public\Experiments\SM01\05-WMC\MU","Tr4_test4.png","7","361883","C:/Users/Public/Experiments/SM01/05-WMC/MU/MU_results/MUsbj028.csv","test","0","4","28","358060","361884"
"MU.osexp","C:\Users\Public\Experiments\SM01\05-WMC\MU","wait.png","7","361883","C:/Users/Public/Experiments/SM01/05-WMC/MU/MU_results/MUsbj028.csv","wait","5000","3","28","362974","361884"
"MU.osexp","C:\Users\Public\Experiments\SM01\05-WMC\MU","fixation.png","7","361883","C:/Users/Public/Experiments/SM01/05-WMC/MU/MU_results/MUsbj028.csv","fix","1500","3","28","368062","361884"
"MU.osexp","C:\Users\Public\Experiments\SM01\05-WMC\MU","Tr5_study1.png","7","361883","C:/Users/Public/Experiments/SM01/05-WMC/MU/MU_results/MUsbj028.csv","study","1000","3","28","369767","370769"
"MU.osexp","C:\Users\Public\Experiments\SM01\05-WMC\MU","Tr5_study2.png","7","361883","C:/Users/Public/Experiments/SM01/05-WMC/MU/MU_results/MUsbj028.csv","study","1000","3","28","371144","372146"
"MU.osexp","C:\Users\Public\Experiments\SM01\05-WMC\MU","Tr5_study3.png","7","361883","C:/Users/Public/Experiments/SM01/05-WMC/MU/MU_results/MUsbj028.csv","study","1000","3","28","372493","373495"
"MU.osexp","C:\Users\Public\Experiments\SM01\05-WMC\MU","Tr5_update1.png","7","361883","C:/Users/Public/Experiments/SM01/05-WMC/MU/MU_results/MUsbj028.csv","update","1300","3","28","373843","375145"
"MU.osexp","C:\Users\Public\Experiments\SM01\05-WMC\MU","Tr5_update2.png","7","361883","C:/Users/Public/Experiments/SM01/05-WMC/MU/MU_results/MUsbj028.csv","update","1300","3","28","375488","376790"
"MU.osexp","C:\Users\Public\Experiments\SM01\05-WMC\MU","Tr5_update3.png","7","361883","C:/Users/Public/Experiments/SM01/05-WMC/MU/MU_results/MUsbj028.csv","update","1300","3","28","377139","378441"
"MU.osexp","C:\Users\Public\Experiments\SM01\05-WMC\MU","Tr5_update4.png","7","361883","C:/Users/Public/Experiments/SM01/05-WMC/MU/MU_results/MUsbj028.csv","update","1300","3","28","378782","380084"
"MU.osexp","C:\Users\Public\Experiments\SM01\05-WMC\MU","Tr5_update5.png","7","361883","C:/Users/Public/Experiments/SM01/05-WMC/MU/MU_results/MUsbj028.csv","update","1300","3","28","380458","381760"
"MU.osexp","C:\Users\Public\Experiments\SM01\05-WMC\MU","Tr5_update6.png","7","361883","C:/Users/Public/Experiments/SM01/05-WMC/MU/MU_results/MUsbj028.csv","update","1300","3","28","382107","383410"
"MU.osexp","C:\Users\Public\Experiments\SM01\05-WMC\MU","Tr5_test1.png","7","395219","C:/Users/Public/Experiments/SM01/05-WMC/MU/MU_results/MUsbj028.csv","test","0","3","28","383785","395220"
"MU.osexp","C:\Users\Public\Experiments\SM01\05-WMC\MU","Tr5_test2.png","1","402658","C:/Users/Public/Experiments/SM01/05-WMC/MU/MU_results/MUsbj028.csv","test","0","3","28","396332","402659"
"MU.osexp","C:\Users\Public\Experiments\SM01\05-WMC\MU","Tr5_test3.png","2","409026","C:/Users/Public/Experiments/SM01/05-WMC/MU/MU_results/MUsbj028.csv","test","0","3","28","403775","409027"
"MU.osexp","C:\Users\Public\Experiments\SM01\05-WMC\MU","wait.png","2","409026","C:/Users/Public/Experiments/SM01/05-WMC/MU/MU_results/MUsbj028.csv","wait","5000","4","28","410118","409027"
"MU.osexp","C:\Users\Public\Experiments\SM01\05-WMC\MU","fixation.png","2","409026","C:/Users/Public/Experiments/SM01/05-WMC/MU/MU_results/MUsbj028.csv","fix","1500","4","28","415213","409027"
"MU.osexp","C:\Users\Public\Experiments\SM01\05-WMC\MU","Tr6_study1.png","2","409026","C:/Users/Public/Experiments/SM01/05-WMC/MU/MU_results/MUsbj028.csv","study","1000","4","28","416828","417830"
"MU.osexp","C:\Users\Public\Experiments\SM01\05-WMC\MU","Tr6_study2.png","2","409026","C:/Users/Public/Experiments/SM01/05-WMC/MU/MU_results/MUsbj028.csv","study","1000","4","28","418177","419179"
"MU.osexp","C:\Users\Public\Experiments\SM01\05-WMC\MU","Tr6_study3.png","2","409026","C:/Users/Public/Experiments/SM01/05-WMC/MU/MU_results/MUsbj028.csv","study","1000","4","28","419547","420549"
"MU.osexp","C:\Users\Public\Experiments\SM01\05-WMC\MU","Tr6_study4.png","2","409026","C:/Users/Public/Experiments/SM01/05-WMC/MU/MU_results/MUsbj028.csv","study","1000","4","28","420901","421903"
"MU.osexp","C:\Users\Public\Experiments\SM01\05-WMC\MU","Tr6_update1.png","2","409026","C:/Users/Public/Experiments/SM01/05-WMC/MU/MU_results/MUsbj028.csv","update","1300","4","28","422238","423540"
"MU.osexp","C:\Users\Public\Experiments\SM01\05-WMC\MU","Tr6_update2.png","2","409026","C:/Users/Public/Experiments/SM01/05-WMC/MU/MU_results/MUsbj028.csv","update","1300","4","28","423890","425192"
"MU.osexp","C:\Users\Public\Experiments\SM01\05-WMC\MU","Tr6_update3.png","2","409026","C:/Users/Public/Experiments/SM01/05-WMC/MU/MU_results/MUsbj028.csv","update","1300","4","28","425568","426870"
"MU.osexp","C:\Users\Public\Experiments\SM01\05-WMC\MU","Tr6_update4.png","2","409026","C:/Users/Public/Experiments/SM01/05-WMC/MU/MU_results/MUsbj028.csv","update","1300","4","28","427202","428504"
"MU.osexp","C:\Users\Public\Experiments\SM01\05-WMC\MU","Tr6_update5.png","2","409026","C:/Users/Public/Experiments/SM01/05-WMC/MU/MU_results/MUsbj028.csv","update","1300","4","28","428854","430156"
"MU.osexp","C:\Users\Public\Experiments\SM01\05-WMC\MU","Tr6_test1.png","6","436659","C:/Users/Public/Experiments/SM01/05-WMC/MU/MU_results/MUsbj028.csv","test","0","4","28","430503","436660"
"MU.osexp","C:\Users\Public\Experiments\SM01\05-WMC\MU","Tr6_test2.png","5","446138","C:/Users/Public/Experiments/SM01/05-WMC/MU/MU_results/MUsbj028.csv","test","0","4","28","437786","446139"
"MU.osexp","C:\Users\Public\Experiments\SM01\05-WMC\MU","Tr6_test3.png","3","454531","C:/Users/Public/Experiments/SM01/05-WMC/MU/MU_results/MUsbj028.csv","test","0","4","28","447231","454531"
"MU.osexp","C:\Users\Public\Experiments\SM01\05-WMC\MU","Tr6_test4.png","4","461274","C:/Users/Public/Experiments/SM01/05-WMC/MU/MU_results/MUsbj028.csv","test","0","4","28","455633","461275"
"MU.osexp","C:\Users\Public\Experiments\SM01\05-WMC\MU","wait.png","4","461274","C:/Users/Public/Experiments/SM01/05-WMC/MU/MU_results/MUsbj028.csv","wait","5000","5","28","462367","461275"
"MU.osexp","C:\Users\Public\Experiments\SM01\05-WMC\MU","fixation.png","4","461274","C:/Users/Public/Experiments/SM01/05-WMC/MU/MU_results/MUsbj028.csv","fix","1500","5","28","467462","461275"
"MU.osexp","C:\Users\Public\Experiments\SM01\05-WMC\MU","Tr7_study1.png","4","461274","C:/Users/Public/Experiments/SM01/05-WMC/MU/MU_results/MUsbj028.csv","study","1000","5","28","469060","470062"
"MU.osexp","C:\Users\Public\Experiments\SM01\05-WMC\MU","Tr7_study2.png","4","461274","C:/Users/Public/Experiments/SM01/05-WMC/MU/MU_results/MUsbj028.csv","study","1000","5","28","470400","471402"
"MU.osexp","C:\Users\Public\Experiments\SM01\05-WMC\MU","Tr7_study3.png","4","461274","C:/Users/Public/Experiments/SM01/05-WMC/MU/MU_results/MUsbj028.csv","study","1000","5","28","471752","472754"
"MU.osexp","C:\Users\Public\Experiments\SM01\05-WMC\MU","Tr7_study4.png","4","461274","C:/Users/Public/Experiments/SM01/05-WMC/MU/MU_results/MUsbj028.csv","study","1000","5","28","473132","474134"
"MU.osexp","C:\Users\Public\Experiments\SM01\05-WMC\MU","Tr7_study5.png","4","461274","C:/Users/Public/Experiments/SM01/05-WMC/MU/MU_results/MUsbj028.csv","study","1000","5","28","474486","475488"
"MU.osexp","C:\Users\Public\Experiments\SM01\05-WMC\MU","Tr7_update1.png","4","461274","C:/Users/Public/Experiments/SM01/05-WMC/MU/MU_results/MUsbj028.csv","update","1300","5","28","475856","477158"
"MU.osexp","C:\Users\Public\Experiments\SM01\05-WMC\MU","Tr7_update2.png","4","461274","C:/Users/Public/Experiments/SM01/05-WMC/MU/MU_results/MUsbj028.csv","update","1300","5","28","477495","478798"
"MU.osexp","C:\Users\Public\Experiments\SM01\05-WMC\MU","Tr7_update3.png","4","461274","C:/Users/Public/Experiments/SM01/05-WMC/MU/MU_results/MUsbj028.csv","update","1300","5","28","479156","480458"
"MU.osexp","C:\Users\Public\Experiments\SM01\05-WMC\MU","Tr7_update4.png","4","461274","C:/Users/Public/Experiments/SM01/05-WMC/MU/MU_results/MUsbj028.csv","update","1300","5","28","480793","482096"
"MU.osexp","C:\Users\Public\Experiments\SM01\05-WMC\MU","Tr7_update5.png","4","461274","C:/Users/Public/Experiments/SM01/05-WMC/MU/MU_results/MUsbj028.csv","update","1300","5","28","482473","483775"
"MU.osexp","C:\Users\Public\Experiments\SM01\05-WMC\MU","Tr7_test1.png","3","500467","C:/Users/Public/Experiments/SM01/05-WMC/MU/MU_results/MUsbj028.csv","test","0","5","28","484128","500468"
"MU.osexp","C:\Users\Public\Experiments\SM01\05-WMC\MU","Tr7_test2.png","6","507635","C:/Users/Public/Experiments/SM01/05-WMC/MU/MU_results/MUsbj028.csv","test","0","5","28","501566","507635"
"MU.osexp","C:\Users\Public\Experiments\SM01\05-WMC\MU","Tr7_test3.png","1","512154","C:/Users/Public/Experiments/SM01/05-WMC/MU/MU_results/MUsbj028.csv","test","0","5","28","508725","512155"
"MU.osexp","C:\Users\Public\Experiments\SM01\05-WMC\MU","Tr7_test4.png","1","515154","C:/Users/Public/Experiments/SM01/05-WMC/MU/MU_results/MUsbj028.csv","test","0","5","28","513284","515155"
"MU.osexp","C:\Users\Public\Experiments\SM01\05-WMC\MU","Tr7_test5.png","1","516746","C:/Users/Public/Experiments/SM01/05-WMC/MU/MU_results/MUsbj028.csv","test","0","5","28","516353","516747"
"MU.osexp","C:\Users\Public\Experiments\SM01\05-WMC\MU","wait.png","1","516746","C:/Users/Public/Experiments/SM01/05-WMC/MU/MU_results/MUsbj028.csv","wait","5000","4","28","517868","516747"
"MU.osexp","C:\Users\Public\Experiments\SM01\05-WMC\MU","fixation.png","1","516746","C:/Users/Public/Experiments/SM01/05-WMC/MU/MU_results/MUsbj028.csv","fix","1500","4","28","522968","516747"
"MU.osexp","C:\Users\Public\Experiments\SM01\05-WMC\MU","Tr8_study1.png","1","516746","C:/Users/Public/Experiments/SM01/05-WMC/MU/MU_results/MUsbj028.csv","study","1000","4","28","524567","525569"
"MU.osexp","C:\Users\Public\Experiments\SM01\05-WMC\MU","Tr8_study2.png","1","516746","C:/Users/Public/Experiments/SM01/05-WMC/MU/MU_results/MUsbj028.csv","study","1000","4","28","525916","526918"
"MU.osexp","C:\Users\Public\Experiments\SM01\05-WMC\MU","Tr8_study3.png","1","516746","C:/Users/Public/Experiments/SM01/05-WMC/MU/MU_results/MUsbj028.csv","study","1000","4","28","527275","528277"
"MU.osexp","C:\Users\Public\Experiments\SM01\05-WMC\MU","Tr8_study4.png","1","516746","C:/Users/Public/Experiments/SM01/05-WMC/MU/MU_results/MUsbj028.csv","study","1000","4","28","528632","529634"
"MU.osexp","C:\Users\Public\Experiments\SM01\05-WMC\MU","Tr8_update1.png","1","516746","C:/Users/Public/Experiments/SM01/05-WMC/MU/MU_results/MUsbj028.csv","update","1300","4","28","529971","531273"
"MU.osexp","C:\Users\Public\Experiments\SM01\05-WMC\MU","Tr8_update2.png","1","516746","C:/Users/Public/Experiments/SM01/05-WMC/MU/MU_results/MUsbj028.csv","update","1300","4","28","531767","533069"
"MU.osexp","C:\Users\Public\Experiments\SM01\05-WMC\MU","Tr8_update3.png","1","516746","C:/Users/Public/Experiments/SM01/05-WMC/MU/MU_results/MUsbj028.csv","update","1300","4","28","533416","534718"
"MU.osexp","C:\Users\Public\Experiments\SM01\05-WMC\MU","Tr8_test1.png","2","541587","C:/Users/Public/Experiments/SM01/05-WMC/MU/MU_results/MUsbj028.csv","test","0","4","28","535080","541588"
"MU.osexp","C:\Users\Public\Experiments\SM01\05-WMC\MU","Tr8_test2.png","1","552875","C:/Users/Public/Experiments/SM01/05-WMC/MU/MU_results/MUsbj028.csv","test","0","4","28","542683","552876"
"MU.osexp","C:\Users\Public\Experiments\SM01\05-WMC\MU","Tr8_test3.png","9","557171","C:/Users/Public/Experiments/SM01/05-WMC/MU/MU_results/MUsbj028.csv","test","0","4","28","553994","557172"
"MU.osexp","C:\Users\Public\Experiments\SM01\05-WMC\MU","Tr8_test4.png","2","567042","C:/Users/Public/Experiments/SM01/05-WMC/MU/MU_results/MUsbj028.csv","test","0","4","28","558268","567043"
"MU.osexp","C:\Users\Public\Experiments\SM01\05-WMC\MU","wait.png","2","567042","C:/Users/Public/Experiments/SM01/05-WMC/MU/MU_results/MUsbj028.csv","wait","5000","5","28","568136","567043"
"MU.osexp","C:\Users\Public\Experiments\SM01\05-WMC\MU","fixation.png","2","567042","C:/Users/Public/Experiments/SM01/05-WMC/MU/MU_results/MUsbj028.csv","fix","1500","5","28","573239","567043"
"MU.osexp","C:\Users\Public\Experiments\SM01\05-WMC\MU","Tr9_study1.png","2","567042","C:/Users/Public/Experiments/SM01/05-WMC/MU/MU_results/MUsbj028.csv","study","1000","5","28","574869","575871"
"MU.osexp","C:\Users\Public\Experiments\SM01\05-WMC\MU","Tr9_study2.png","2","567042","C:/Users/Public/Experiments/SM01/05-WMC/MU/MU_results/MUsbj028.csv","study","1000","5","28","576214","577216"
"MU.osexp","C:\Users\Public\Experiments\SM01\05-WMC\MU","Tr9_study3.png","2","567042","C:/Users/Public/Experiments/SM01/05-WMC/MU/MU_results/MUsbj028.csv","study","1000","5","28","577576","578578"
"MU.osexp","C:\Users\Public\Experiments\SM01\05-WMC\MU","Tr9_study4.png","2","567042","C:/Users/Public/Experiments/SM01/05-WMC/MU/MU_results/MUsbj028.csv","study","1000","5","28","578915","579917"
"MU.osexp","C:\Users\Public\Experiments\SM01\05-WMC\MU","Tr9_study5.png","2","567042","C:/Users/Public/Experiments/SM01/05-WMC/MU/MU_results/MUsbj028.csv","study","1000","5","28","580287","581289"
"MU.osexp","C:\Users\Public\Experiments\SM01\05-WMC\MU","Tr9_update1.png","2","567042","C:/Users/Public/Experiments/SM01/05-WMC/MU/MU_results/MUsbj028.csv","update","1300","5","28","581771","583073"
"MU.osexp","C:\Users\Public\Experiments\SM01\05-WMC\MU","Tr9_update2.png","2","567042","C:/Users/Public/Experiments/SM01/05-WMC/MU/MU_results/MUsbj028.csv","update","1300","5","28","583435","584737"
"MU.osexp","C:\Users\Public\Experiments\SM01\05-WMC\MU","Tr9_test1.png","4","592187","C:/Users/Public/Experiments/SM01/05-WMC/MU/MU_results/MUsbj028.csv","test","0","5","28","585100","592188"
"MU.osexp","C:\Users\Public\Experiments\SM01\05-WMC\MU","Tr9_test2.png","6","599266","C:/Users/Public/Experiments/SM01/05-WMC/MU/MU_results/MUsbj028.csv","test","0","5","28","593279","599267"
"MU.osexp","C:\Users\Public\Experiments\SM01\05-WMC\MU","Tr9_test3.png","6","610643","C:/Users/Public/Experiments/SM01/05-WMC/MU/MU_results/MUsbj028.csv","test","0","5","28","600371","610644"
"MU.osexp","C:\Users\Public\Experiments\SM01\05-WMC\MU","Tr9_test4.png","7","614515","C:/Users/Public/Experiments/SM01/05-WMC/MU/MU_results/MUsbj028.csv","test","0","5","28","611739","614515"
"MU.osexp","C:\Users\Public\Experiments\SM01\05-WMC\MU","Tr9_test5.png","9","618546","C:/Users/Public/Experiments/SM01/05-WMC/MU/MU_results/MUsbj028.csv","test","0","5","28","615645","618547"
"MU.osexp","C:\Users\Public\Experiments\SM01\05-WMC\MU","wait.png","9","618546","C:/Users/Public/Experiments/SM01/05-WMC/MU/MU_results/MUsbj028.csv","wait","5000","3","28","619651","618547"
"MU.osexp","C:\Users\Public\Experiments\SM01\05-WMC\MU","fixation.png","9","618546","C:/Users/Public/Experiments/SM01/05-WMC/MU/MU_results/MUsbj028.csv","fix","1500","3","28","624751","618547"
"MU.osexp","C:\Users\Public\Experiments\SM01\05-WMC\MU","Tr10_study1.png","9","618546","C:/Users/Public/Experiments/SM01/05-WMC/MU/MU_results/MUsbj028.csv","study","1000","3","28","626367","627369"
"MU.osexp","C:\Users\Public\Experiments\SM01\05-WMC\MU","Tr10_study2.png","9","618546","C:/Users/Public/Experiments/SM01/05-WMC/MU/MU_results/MUsbj028.csv","study","1000","3","28","627721","628723"
"MU.osexp","C:\Users\Public\Experiments\SM01\05-WMC\MU","Tr10_study3.png","9","618546","C:/Users/Public/Experiments/SM01/05-WMC/MU/MU_results/MUsbj028.csv","study","1000","3","28","629100","630102"
"MU.osexp","C:\Users\Public\Experiments\SM01\05-WMC\MU","Tr10_update1.png","9","618546","C:/Users/Public/Experiments/SM01/05-WMC/MU/MU_results/MUsbj028.csv","update","1300","3","28","630436","631738"
"MU.osexp","C:\Users\Public\Experiments\SM01\05-WMC\MU","Tr10_update2.png","9","618546","C:/Users/Public/Experiments/SM01/05-WMC/MU/MU_results/MUsbj028.csv","update","1300","3","28","632094","633396"
"MU.osexp","C:\Users\Public\Experiments\SM01\05-WMC\MU","Tr10_test1.png","5","636578","C:/Users/Public/Experiments/SM01/05-WMC/MU/MU_results/MUsbj028.csv","test","0","3","28","633751","636579"
"MU.osexp","C:\Users\Public\Experiments\SM01\05-WMC\MU","Tr10_test2.png","2","639866","C:/Users/Public/Experiments/SM01/05-WMC/MU/MU_results/MUsbj028.csv","test","0","3","28","637681","639867"
"MU.osexp","C:\Users\Public\Experiments\SM01\05-WMC\MU","Tr10_test3.png","5","643995","C:/Users/Public/Experiments/SM01/05-WMC/MU/MU_results/MUsbj028.csv","test","0","3","28","640956","643996"
"MU.osexp","C:\Users\Public\Experiments\SM01\05-WMC\MU","wait.png","5","643995","C:/Users/Public/Experiments/SM01/05-WMC/MU/MU_results/MUsbj028.csv","wait","5000","5","28","645098","643996"
"MU.osexp","C:\Users\Public\Experiments\SM01\05-WMC\MU","fixation.png","5","643995","C:/Users/Public/Experiments/SM01/05-WMC/MU/MU_results/MUsbj028.csv","fix","1500","5","28","650196","643996"
"MU.osexp","C:\Users\Public\Experiments\SM01\05-WMC\MU","Tr11_study1.png","5","643995","C:/Users/Public/Experiments/SM01/05-WMC/MU/MU_results/MUsbj028.csv","study","1000","5","28","651799","652801"
"MU.osexp","C:\Users\Public\Experiments\SM01\05-WMC\MU","Tr11_study2.png","5","643995","C:/Users/Public/Experiments/SM01/05-WMC/MU/MU_results/MUsbj028.csv","study","1000","5","28","653127","654129"
"MU.osexp","C:\Users\Public\Experiments\SM01\05-WMC\MU","Tr11_study3.png","5","643995","C:/Users/Public/Experiments/SM01/05-WMC/MU/MU_results/MUsbj028.csv","study","1000","5","28","654499","655501"
"MU.osexp","C:\Users\Public\Experiments\SM01\05-WMC\MU","Tr11_study4.png","5","643995","C:/Users/Public/Experiments/SM01/05-WMC/MU/MU_results/MUsbj028.csv","study","1000","5","28","655837","656839"
"MU.osexp","C:\Users\Public\Experiments\SM01\05-WMC\MU","Tr11_study5.png","5","643995","C:/Users/Public/Experiments/SM01/05-WMC/MU/MU_results/MUsbj028.csv","study","1000","5","28","657205","658207"
"MU.osexp","C:\Users\Public\Experiments\SM01\05-WMC\MU","Tr11_update1.png","5","643995","C:/Users/Public/Experiments/SM01/05-WMC/MU/MU_results/MUsbj028.csv","update","1300","5","28","658562","659865"
"MU.osexp","C:\Users\Public\Experiments\SM01\05-WMC\MU","Tr11_update2.png","5","643995","C:/Users/Public/Experiments/SM01/05-WMC/MU/MU_results/MUsbj028.csv","update","1300","5","28","660236","661539"
"MU.osexp","C:\Users\Public\Experiments\SM01\05-WMC\MU","Tr11_update3.png","5","643995","C:/Users/Public/Experiments/SM01/05-WMC/MU/MU_results/MUsbj028.csv","update","1300","5","28","661900","663202"
"MU.osexp","C:\Users\Public\Experiments\SM01\05-WMC\MU","Tr11_test1.png","2","677275","C:/Users/Public/Experiments/SM01/05-WMC/MU/MU_results/MUsbj028.csv","test","0","5","28","663575","677276"
"MU.osexp","C:\Users\Public\Experiments\SM01\05-WMC\MU","Tr11_test2.png","1","681915","C:/Users/Public/Experiments/SM01/05-WMC/MU/MU_results/MUsbj028.csv","test","0","5","28","678380","681916"
"MU.osexp","C:\Users\Public\Experiments\SM01\05-WMC\MU","Tr11_test3.png","8","688194","C:/Users/Public/Experiments/SM01/05-WMC/MU/MU_results/MUsbj028.csv","test","0","5","28","683013","688195"
"MU.osexp","C:\Users\Public\Experiments\SM01\05-WMC\MU","Tr11_test4.png","6","692523","C:/Users/Public/Experiments/SM01/05-WMC/MU/MU_results/MUsbj028.csv","test","0","5","28","689285","692524"
"MU.osexp","C:\Users\Public\Experiments\SM01\05-WMC\MU","Tr11_test5.png","4","696827","C:/Users/Public/Experiments/SM01/05-WMC/MU/MU_results/MUsbj028.csv","test","0","5","28","693753","696828"
"MU.osexp","C:\Users\Public\Experiments\SM01\05-WMC\MU","wait.png","4","696827","C:/Users/Public/Experiments/SM01/05-WMC/MU/MU_results/MUsbj028.csv","wait","5000","3","28","697946","696828"
"MU.osexp","C:\Users\Public\Experiments\SM01\05-WMC\MU","fixation.png","4","696827","C:/Users/Public/Experiments/SM01/05-WMC/MU/MU_results/MUsbj028.csv","fix","1500","3","28","703043","696828"
"MU.osexp","C:\Users\Public\Experiments\SM01\05-WMC\MU","Tr12_study1.png","4","696827","C:/Users/Public/Experiments/SM01/05-WMC/MU/MU_results/MUsbj028.csv","study","1000","3","28","704640","705642"
"MU.osexp","C:\Users\Public\Experiments\SM01\05-WMC\MU","Tr12_study2.png","4","696827","C:/Users/Public/Experiments/SM01/05-WMC/MU/MU_results/MUsbj028.csv","study","1000","3","28","706000","707002"
"MU.osexp","C:\Users\Public\Experiments\SM01\05-WMC\MU","Tr12_study3.png","4","696827","C:/Users/Public/Experiments/SM01/05-WMC/MU/MU_results/MUsbj028.csv","study","1000","3","28","707377","708379"
"MU.osexp","C:\Users\Public\Experiments\SM01\05-WMC\MU","Tr12_update1.png","4","696827","C:/Users/Public/Experiments/SM01/05-WMC/MU/MU_results/MUsbj028.csv","update","1300","3","28","708825","710127"
"MU.osexp","C:\Users\Public\Experiments\SM01\05-WMC\MU","Tr12_update2.png","4","696827","C:/Users/Public/Experiments/SM01/05-WMC/MU/MU_results/MUsbj028.csv","update","1300","3","28","710482","711785"
"MU.osexp","C:\Users\Public\Experiments\SM01\05-WMC\MU","Tr12_update3.png","4","696827","C:/Users/Public/Experiments/SM01/05-WMC/MU/MU_results/MUsbj028.csv","update","1300","3","28","712170","713472"
"MU.osexp","C:\Users\Public\Experiments\SM01\05-WMC\MU","Tr12_update4.png","4","696827","C:/Users/Public/Experiments/SM01/05-WMC/MU/MU_results/MUsbj028.csv","update","1300","3","28","713856","715158"
"MU.osexp","C:\Users\Public\Experiments\SM01\05-WMC\MU","Tr12_update5.png","4","696827","C:/Users/Public/Experiments/SM01/05-WMC/MU/MU_results/MUsbj028.csv","update","1300","3","28","715495","716797"
"MU.osexp","C:\Users\Public\Experiments\SM01\05-WMC\MU","Tr12_test1.png","4","720403","C:/Users/Public/Experiments/SM01/05-WMC/MU/MU_results/MUsbj028.csv","test","0","3","28","717150","720403"
"MU.osexp","C:\Users\Public\Experiments\SM01\05-WMC\MU","Tr12_test2.png","2","728483","C:/Users/Public/Experiments/SM01/05-WMC/MU/MU_results/MUsbj028.csv","test","0","3","28","721507","728484"
"MU.osexp","C:\Users\Public\Experiments\SM01\05-WMC\MU","Tr12_test3.png","8","730627","C:/Users/Public/Experiments/SM01/05-WMC/MU/MU_results/MUsbj028.csv","test","0","3","28","729573","730628"
"MU.osexp","C:\Users\Public\Experiments\SM01\05-WMC\MU","wait.png","8","730627","C:/Users/Public/Experiments/SM01/05-WMC/MU/MU_results/MUsbj028.csv","wait","5000","3","28","731864","730628"
"MU.osexp","C:\Users\Public\Experiments\SM01\05-WMC\MU","fixation.png","8","730627","C:/Users/Public/Experiments/SM01/05-WMC/MU/MU_results/MUsbj028.csv","fix","1500","3","28","736978","730628"
"MU.osexp","C:\Users\Public\Experiments\SM01\05-WMC\MU","Tr13_study1.png","8","730627","C:/Users/Public/Experiments/SM01/05-WMC/MU/MU_results/MUsbj028.csv","study","1000","3","28","738590","739592"
"MU.osexp","C:\Users\Public\Experiments\SM01\05-WMC\MU","Tr13_study2.png","8","730627","C:/Users/Public/Experiments/SM01/05-WMC/MU/MU_results/MUsbj028.csv","study","1000","3","28","739926","740928"
"MU.osexp","C:\Users\Public\Experiments\SM01\05-WMC\MU","Tr13_study3.png","8","730627","C:/Users/Public/Experiments/SM01/05-WMC/MU/MU_results/MUsbj028.csv","study","1000","3","28","741271","742273"
"MU.osexp","C:\Users\Public\Experiments\SM01\05-WMC\MU","Tr13_update1.png","8","730627","C:/Users/Public/Experiments/SM01/05-WMC/MU/MU_results/MUsbj028.csv","update","1300","3","28","742621","743923"
"MU.osexp","C:\Users\Public\Experiments\SM01\05-WMC\MU","Tr13_update2.png","8","730627","C:/Users/Public/Experiments/SM01/05-WMC/MU/MU_results/MUsbj028.csv","update","1300","3","28","744260","745562"
"MU.osexp","C:\Users\Public\Experiments\SM01\05-WMC\MU","Tr13_update3.png","8","730627","C:/Users/Public/Experiments/SM01/05-WMC/MU/MU_results/MUsbj028.csv","update","1300","3","28","745916","747219"
"MU.osexp","C:\Users\Public\Experiments\SM01\05-WMC\MU","Tr13_update4.png","8","730627","C:/Users/Public/Experiments/SM01/05-WMC/MU/MU_results/MUsbj028.csv","update","1300","3","28","747554","748856"
"MU.osexp","C:\Users\Public\Experiments\SM01\05-WMC\MU","Tr13_test1.png","3","751003","C:/Users/Public/Experiments/SM01/05-WMC/MU/MU_results/MUsbj028.csv","test","0","3","28","749425","751004"
"MU.osexp","C:\Users\Public\Experiments\SM01\05-WMC\MU","Tr13_test2.png","3","757138","C:/Users/Public/Experiments/SM01/05-WMC/MU/MU_results/MUsbj028.csv","test","0","3","28","752104","757139"
"MU.osexp","C:\Users\Public\Experiments\SM01\05-WMC\MU","Tr13_test3.png","4","760322","C:/Users/Public/Experiments/SM01/05-WMC/MU/MU_results/MUsbj028.csv","test","0","3","28","758236","760323"
"MU.osexp","C:\Users\Public\Experiments\SM01\05-WMC\MU","wait.png","4","760322","C:/Users/Public/Experiments/SM01/05-WMC/MU/MU_results/MUsbj028.csv","wait","5000","5","28","761420","760323"
"MU.osexp","C:\Users\Public\Experiments\SM01\05-WMC\MU","fixation.png","4","760322","C:/Users/Public/Experiments/SM01/05-WMC/MU/MU_results/MUsbj028.csv","fix","1500","5","28","766506","760323"
"MU.osexp","C:\Users\Public\Experiments\SM01\05-WMC\MU","Tr14_study1.png","4","760322","C:/Users/Public/Experiments/SM01/05-WMC/MU/MU_results/MUsbj028.csv","study","1000","5","28","768109","769111"
"MU.osexp","C:\Users\Public\Experiments\SM01\05-WMC\MU","Tr14_study2.png","4","760322","C:/Users/Public/Experiments/SM01/05-WMC/MU/MU_results/MUsbj028.csv","study","1000","5","28","769489","770491"
"MU.osexp","C:\Users\Public\Experiments\SM01\05-WMC\MU","Tr14_study3.png","4","760322","C:/Users/Public/Experiments/SM01/05-WMC/MU/MU_results/MUsbj028.csv","study","1000","5","28","770841","771843"
"MU.osexp","C:\Users\Public\Experiments\SM01\05-WMC\MU","Tr14_study4.png","4","760322","C:/Users/Public/Experiments/SM01/05-WMC/MU/MU_results/MUsbj028.csv","study","1000","5","28","772183","773185"
"MU.osexp","C:\Users\Public\Experiments\SM01\05-WMC\MU","Tr14_study5.png","4","760322","C:/Users/Public/Experiments/SM01/05-WMC/MU/MU_results/MUsbj028.csv","study","1000","5","28","773538","774540"
"MU.osexp","C:\Users\Public\Experiments\SM01\05-WMC\MU","Tr14_update1.png","4","760322","C:/Users/Public/Experiments/SM01/05-WMC/MU/MU_results/MUsbj028.csv","update","1300","5","28","774910","776212"
"MU.osexp","C:\Users\Public\Experiments\SM01\05-WMC\MU","Tr14_update2.png","4","760322","C:/Users/Public/Experiments/SM01/05-WMC/MU/MU_results/MUsbj028.csv","update","1300","5","28","776559","777861"
"MU.osexp","C:\Users\Public\Experiments\SM01\05-WMC\MU","Tr14_update3.png","4","760322","C:/Users/Public/Experiments/SM01/05-WMC/MU/MU_results/MUsbj028.csv","update","1300","5","28","778241","779543"
"MU.osexp","C:\Users\Public\Experiments\SM01\05-WMC\MU","Tr14_update4.png","4","760322","C:/Users/Public/Experiments/SM01/05-WMC/MU/MU_results/MUsbj028.csv","update","1300","5","28","779891","781193"
"MU.osexp","C:\Users\Public\Experiments\SM01\05-WMC\MU","Tr14_test1.png","6","794162","C:/Users/Public/Experiments/SM01/05-WMC/MU/MU_results/MUsbj028.csv","test","0","5","28","781568","794163"
"MU.osexp","C:\Users\Public\Experiments\SM01\05-WMC\MU","Tr14_test2.png","7","815467","C:/Users/Public/Experiments/SM01/05-WMC/MU/MU_results/MUsbj028.csv","test","0","5","28","795268","815468"
"MU.osexp","C:\Users\Public\Experiments\SM01\05-WMC\MU","Tr14_test3.png","8","823179","C:/Users/Public/Experiments/SM01/05-WMC/MU/MU_results/MUsbj028.csv","test","0","5","28","816555","823180"
"MU.osexp","C:\Users\Public\Experiments\SM01\05-WMC\MU","Tr14_test4.png","5","826155","C:/Users/Public/Experiments/SM01/05-WMC/MU/MU_results/MUsbj028.csv","test","0","5","28","824272","826156"
"MU.osexp","C:\Users\Public\Experiments\SM01\05-WMC\MU","Tr14_test5.png","4","828554","C:/Users/Public/Experiments/SM01/05-WMC/MU/MU_results/MUsbj028.csv","test","0","5","28","827246","828556"
"MU.osexp","C:\Users\Public\Experiments\SM01\05-WMC\MU","wait.png","4","828554","C:/Users/Public/Experiments/SM01/05-WMC/MU/MU_results/MUsbj028.csv","wait","5000","4","28","829713","828556"
"MU.osexp","C:\Users\Public\Experiments\SM01\05-WMC\MU","fixation.png","4","828554","C:/Users/Public/Experiments/SM01/05-WMC/MU/MU_results/MUsbj028.csv","fix","1500","4","28","834785","828556"
"MU.osexp","C:\Users\Public\Experiments\SM01\05-WMC\MU","Tr15_study1.png","4","828554","C:/Users/Public/Experiments/SM01/05-WMC/MU/MU_results/MUsbj028.csv","study","1000","4","28","836389","837391"
"MU.osexp","C:\Users\Public\Experiments\SM01\05-WMC\MU","Tr15_study2.png","4","828554","C:/Users/Public/Experiments/SM01/05-WMC/MU/MU_results/MUsbj028.csv","study","1000","4","28","837797","838799"
"MU.osexp","C:\Users\Public\Experiments\SM01\05-WMC\MU","Tr15_study3.png","4","828554","C:/Users/Public/Experiments/SM01/05-WMC/MU/MU_results/MUsbj028.csv","study","1000","4","28","839252","840254"
"MU.osexp","C:\Users\Public\Experiments\SM01\05-WMC\MU","Tr15_study4.png","4","828554","C:/Users/Public/Experiments/SM01/05-WMC/MU/MU_results/MUsbj028.csv","study","1000","4","28","840613","841615"
"MU.osexp","C:\Users\Public\Experiments\SM01\05-WMC\MU","Tr15_update1.png","4","828554","C:/Users/Public/Experiments/SM01/05-WMC/MU/MU_results/MUsbj028.csv","update","1300","4","28","841956","843258"
"MU.osexp","C:\Users\Public\Experiments\SM01\05-WMC\MU","Tr15_update2.png","4","828554","C:/Users/Public/Experiments/SM01/05-WMC/MU/MU_results/MUsbj028.csv","update","1300","4","28","843603","844905"
"MU.osexp","C:\Users\Public\Experiments\SM01\05-WMC\MU","Tr15_update3.png","4","828554","C:/Users/Public/Experiments/SM01/05-WMC/MU/MU_results/MUsbj028.csv","update","1300","4","28","845244","846546"
"MU.osexp","C:\Users\Public\Experiments\SM01\05-WMC\MU","Tr15_update4.png","4","828554","C:/Users/Public/Experiments/SM01/05-WMC/MU/MU_results/MUsbj028.csv","update","1300","4","28","846899","848201"
"MU.osexp","C:\Users\Public\Experiments\SM01\05-WMC\MU","Tr15_update5.png","4","828554","C:/Users/Public/Experiments/SM01/05-WMC/MU/MU_results/MUsbj028.csv","update","1300","4","28","848549","849851"
"MU.osexp","C:\Users\Public\Experiments\SM01\05-WMC\MU","Tr15_update6.png","4","828554","C:/Users/Public/Experiments/SM01/05-WMC/MU/MU_results/MUsbj028.csv","update","1300","4","28","850216","851518"
"MU.osexp","C:\Users\Public\Experiments\SM01\05-WMC\MU","Tr15_test1.png","9","867747","C:/Users/Public/Experiments/SM01/05-WMC/MU/MU_results/MUsbj028.csv","test","0","4","28","851879","867748"
"MU.osexp","C:\Users\Public\Experiments\SM01\05-WMC\MU","Tr15_test2.png","9","880603","C:/Users/Public/Experiments/SM01/05-WMC/MU/MU_results/MUsbj028.csv","test","0","4","28","868854","880604"
"MU.osexp","C:\Users\Public\Experiments\SM01\05-WMC\MU","Tr15_test3.png","8","884506","C:/Users/Public/Experiments/SM01/05-WMC/MU/MU_results/MUsbj028.csv","test","0","4","28","881757","884507"
"MU.osexp","C:\Users\Public\Experiments\SM01\05-WMC\MU","Tr15_test4.png","7","892531","C:/Users/Public/Experiments/SM01/05-WMC/MU/MU_results/MUsbj028.csv","test","0","4","28","885619","892532"
"MU.osexp","C:\Users\Public\Experiments\SM01\05-WMC\MU","wait.png","7","892531","C:/Users/Public/Experiments/SM01/05-WMC/MU/MU_results/MUsbj028.csv","wait","5000","4","28","893754","892532"
"MU.osexp","C:\Users\Public\Experiments\SM01\05-WMC\MU","fixation.png","7","892531","C:/Users/Public/Experiments/SM01/05-WMC/MU/MU_results/MUsbj028.csv","fix","1500","4","28","898871","892532"
"MU.osexp","C:\Users\Public\Experiments\SM01\05-WMC\MU","Tr16_study1.png","7","892531","C:/Users/Public/Experiments/SM01/05-WMC/MU/MU_results/MUsbj028.csv","study","1000","4","28","900476","901478"
"MU.osexp","C:\Users\Public\Experiments\SM01\05-WMC\MU","Tr16_study2.png","7","892531","C:/Users/Public/Experiments/SM01/05-WMC/MU/MU_results/MUsbj028.csv","study","1000","4","28","901845","902847"
"MU.osexp","C:\Users\Public\Experiments\SM01\05-WMC\MU","Tr16_study3.png","7","892531","C:/Users/Public/Experiments/SM01/05-WMC/MU/MU_results/MUsbj028.csv","study","1000","4","28","903208","904210"
"MU.osexp","C:\Users\Public\Experiments\SM01\05-WMC\MU","Tr16_study4.png","7","892531","C:/Users/Public/Experiments/SM01/05-WMC/MU/MU_results/MUsbj028.csv","study","1000","4","28","904568","905570"
"MU.osexp","C:\Users\Public\Experiments\SM01\05-WMC\MU","Tr16_update1.png","7","892531","C:/Users/Public/Experiments/SM01/05-WMC/MU/MU_results/MUsbj028.csv","update","1300","4","28","905931","907233"
"MU.osexp","C:\Users\Public\Experiments\SM01\05-WMC\MU","Tr16_update2.png","7","892531","C:/Users/Public/Experiments/SM01/05-WMC/MU/MU_results/MUsbj028.csv","update","1300","4","28","907566","908868"
"MU.osexp","C:\Users\Public\Experiments\SM01\05-WMC\MU","Tr16_test1.png","8","919899","C:/Users/Public/Experiments/SM01/05-WMC/MU/MU_results/MUsbj028.csv","test","0","4","28","909226","919900"
"MU.osexp","C:\Users\Public\Experiments\SM01\05-WMC\MU","Tr16_test2.png","6","923219","C:/Users/Public/Experiments/SM01/05-WMC/MU/MU_results/MUsbj028.csv","test","0","4","28","920993","923220"
"MU.osexp","C:\Users\Public\Experiments\SM01\05-WMC\MU","Tr16_test3.png","4","926243","C:/Users/Public/Experiments/SM01/05-WMC/MU/MU_results/MUsbj028.csv","test","0","4","28","924331","926244"
"MU.osexp","C:\Users\Public\Experiments\SM01\05-WMC\MU","Tr16_test4.png","7","928395","C:/Users/Public/Experiments/SM01/05-WMC/MU/MU_results/MUsbj028.csv","test","0","4","28","927398","928396"
"MU.osexp","C:\Users\Public\Experiments\SM01\05-WMC\MU","wait.png","7","928395","C:/Users/Public/Experiments/SM01/05-WMC/MU/MU_results/MUsbj028.csv","wait","5000","5","28","929673","928396"
"MU.osexp","C:\Users\Public\Experiments\SM01\05-WMC\MU","fixation.png","7","928395","C:/Users/Public/Experiments/SM01/05-WMC/MU/MU_results/MUsbj028.csv","fix","1500","5","28","934820","928396"
"MU.osexp","C:\Users\Public\Experiments\SM01\05-WMC\MU","Tr17_study1.png","7","928395","C:/Users/Public/Experiments/SM01/05-WMC/MU/MU_results/MUsbj028.csv","study","1000","5","28","936547","937549"
"MU.osexp","C:\Users\Public\Experiments\SM01\05-WMC\MU","Tr17_study2.png","7","928395","C:/Users/Public/Experiments/SM01/05-WMC/MU/MU_results/MUsbj028.csv","study","1000","5","28","937918","938920"
"MU.osexp","C:\Users\Public\Experiments\SM01\05-WMC\MU","Tr17_study3.png","7","928395","C:/Users/Public/Experiments/SM01/05-WMC/MU/MU_results/MUsbj028.csv","study","1000","5","28","939402","940404"
"MU.osexp","C:\Users\Public\Experiments\SM01\05-WMC\MU","Tr17_study4.png","7","928395","C:/Users/Public/Experiments/SM01/05-WMC/MU/MU_results/MUsbj028.csv","study","1000","5","28","940756","941758"
"MU.osexp","C:\Users\Public\Experiments\SM01\05-WMC\MU","Tr17_study5.png","7","928395","C:/Users/Public/Experiments/SM01/05-WMC/MU/MU_results/MUsbj028.csv","study","1000","5","28","942129","943131"
"MU.osexp","C:\Users\Public\Experiments\SM01\05-WMC\MU","Tr17_update1.png","7","928395","C:/Users/Public/Experiments/SM01/05-WMC/MU/MU_results/MUsbj028.csv","update","1300","5","28","943512","944814"
"MU.osexp","C:\Users\Public\Experiments\SM01\05-WMC\MU","Tr17_update2.png","7","928395","C:/Users/Public/Experiments/SM01/05-WMC/MU/MU_results/MUsbj028.csv","update","1300","5","28","945184","946486"
"MU.osexp","C:\Users\Public\Experiments\SM01\05-WMC\MU","Tr17_update3.png","7","928395","C:/Users/Public/Experiments/SM01/05-WMC/MU/MU_results/MUsbj028.csv","update","1300","5","28","946845","948147"
"MU.osexp","C:\Users\Public\Experiments\SM01\05-WMC\MU","Tr17_update4.png","7","928395","C:/Users/Public/Experiments/SM01/05-WMC/MU/MU_results/MUsbj028.csv","update","1300","5","28","948509","949811"
"MU.osexp","C:\Users\Public\Experiments\SM01\05-WMC\MU","Tr17_update5.png","7","928395","C:/Users/Public/Experiments/SM01/05-WMC/MU/MU_results/MUsbj028.csv","update","1300","5","28","950174","951477"
"MU.osexp","C:\Users\Public\Experiments\SM01\05-WMC\MU","Tr17_update6.png","7","928395","C:/Users/Public/Experiments/SM01/05-WMC/MU/MU_results/MUsbj028.csv","update","1300","5","28","951813","953115"
"MU.osexp","C:\Users\Public\Experiments\SM01\05-WMC\MU","Tr17_test1.png","9","961947","C:/Users/Public/Experiments/SM01/05-WMC/MU/MU_results/MUsbj028.csv","test","0","5","28","953475","961948"
"MU.osexp","C:\Users\Public\Experiments\SM01\05-WMC\MU","Tr17_test2.png","1","964371","C:/Users/Public/Experiments/SM01/05-WMC/MU/MU_results/MUsbj028.csv","test","0","5","28","963051","964372"
"MU.osexp","C:\Users\Public\Experiments\SM01\05-WMC\MU","Tr17_test3.png","4","973195","C:/Users/Public/Experiments/SM01/05-WMC/MU/MU_results/MUsbj028.csv","test","0","5","28","965464","973196"
"MU.osexp","C:\Users\Public\Experiments\SM01\05-WMC\MU","Tr17_test4.png","2","982475","C:/Users/Public/Experiments/SM01/05-WMC/MU/MU_results/MUsbj028.csv","test","0","5","28","974311","982476"
"MU.osexp","C:\Users\Public\Experiments\SM01\05-WMC\MU","Tr17_test5.png","9","985659","C:/Users/Public/Experiments/SM01/05-WMC/MU/MU_results/MUsbj028.csv","test","0","5","28","983595","985660"
