"experiment_file","experiment_path","image","key","key_time","logfile","phase","playtime","setSize","subject_nr","timestamp","waittime"
"MU.osexp","C:\Users\Public\Experiments\SM01\05-WMC\MU","ready1.png","NA","NA","C:/Users/Public/Experiments/SM01/05-WMC/MU/MU_results/MUsbj015.csv","pre","0","3","15","131286","NA"
"MU.osexp","C:\Users\Public\Experiments\SM01\05-WMC\MU","fixation.png","NA","NA","C:/Users/Public/Experiments/SM01/05-WMC/MU/MU_results/MUsbj015.csv","fix","1500","3","15","133707","NA"
"MU.osexp","C:\Users\Public\Experiments\SM01\05-WMC\MU","Tr1_study1.png","NA","NA","C:/Users/Public/Experiments/SM01/05-WMC/MU/MU_results/MUsbj015.csv","study","1000","3","15","135372","136374"
"MU.osexp","C:\Users\Public\Experiments\SM01\05-WMC\MU","Tr1_study2.png","NA","NA","C:/Users/Public/Experiments/SM01/05-WMC/MU/MU_results/MUsbj015.csv","study","1000","3","15","136718","137720"
"MU.osexp","C:\Users\Public\Experiments\SM01\05-WMC\MU","Tr1_study3.png","NA","NA","C:/Users/Public/Experiments/SM01/05-WMC/MU/MU_results/MUsbj015.csv","study","1000","3","15","138090","139092"
"MU.osexp","C:\Users\Public\Experiments\SM01\05-WMC\MU","Tr1_update1.png","NA","NA","C:/Users/Public/Experiments/SM01/05-WMC/MU/MU_results/MUsbj015.csv","update","1300","3","15","139453","140755"
"MU.osexp","C:\Users\Public\Experiments\SM01\05-WMC\MU","Tr1_update2.png","NA","NA","C:/Users/Public/Experiments/SM01/05-WMC/MU/MU_results/MUsbj015.csv","update","1300","3","15","141119","142421"
"MU.osexp","C:\Users\Public\Experiments\SM01\05-WMC\MU","Tr1_update3.png","NA","NA","C:/Users/Public/Experiments/SM01/05-WMC/MU/MU_results/MUsbj015.csv","update","1300","3","15","142791","144093"
"MU.osexp","C:\Users\Public\Experiments\SM01\05-WMC\MU","Tr1_test1.png","3","154513","C:/Users/Public/Experiments/SM01/05-WMC/MU/MU_results/MUsbj015.csv","test","0","3","15","144459","154514"
"MU.osexp","C:\Users\Public\Experiments\SM01\05-WMC\MU","Tr1_test2.png","4","161833","C:/Users/Public/Experiments/SM01/05-WMC/MU/MU_results/MUsbj015.csv","test","0","3","15","155618","161834"
"MU.osexp","C:\Users\Public\Experiments\SM01\05-WMC\MU","Tr1_test3.png","2","165240","C:/Users/Public/Experiments/SM01/05-WMC/MU/MU_results/MUsbj015.csv","test","0","3","15","162937","165241"
"MU.osexp","C:\Users\Public\Experiments\SM01\05-WMC\MU","wait.png","2","165240","C:/Users/Public/Experiments/SM01/05-WMC/MU/MU_results/MUsbj015.csv","wait","5000","3","15","166324","165241"
"MU.osexp","C:\Users\Public\Experiments\SM01\05-WMC\MU","fixation.png","2","165240","C:/Users/Public/Experiments/SM01/05-WMC/MU/MU_results/MUsbj015.csv","fix","1500","3","15","171426","165241"
"MU.osexp","C:\Users\Public\Experiments\SM01\05-WMC\MU","Tr2_study1.png","2","165240","C:/Users/Public/Experiments/SM01/05-WMC/MU/MU_results/MUsbj015.csv","study","1000","3","15","173194","174196"
"MU.osexp","C:\Users\Public\Experiments\SM01\05-WMC\MU","Tr2_study2.png","2","165240","C:/Users/Public/Experiments/SM01/05-WMC/MU/MU_results/MUsbj015.csv","study","1000","3","15","174544","175546"
"MU.osexp","C:\Users\Public\Experiments\SM01\05-WMC\MU","Tr2_study3.png","2","165240","C:/Users/Public/Experiments/SM01/05-WMC/MU/MU_results/MUsbj015.csv","study","1000","3","15","175912","176914"
"MU.osexp","C:\Users\Public\Experiments\SM01\05-WMC\MU","Tr2_update1.png","2","165240","C:/Users/Public/Experiments/SM01/05-WMC/MU/MU_results/MUsbj015.csv","update","1300","3","15","177288","178590"
"MU.osexp","C:\Users\Public\Experiments\SM01\05-WMC\MU","Tr2_update2.png","2","165240","C:/Users/Public/Experiments/SM01/05-WMC/MU/MU_results/MUsbj015.csv","update","1300","3","15","178974","180276"
"MU.osexp","C:\Users\Public\Experiments\SM01\05-WMC\MU","Tr2_update3.png","2","165240","C:/Users/Public/Experiments/SM01/05-WMC/MU/MU_results/MUsbj015.csv","update","1300","3","15","180623","181925"
"MU.osexp","C:\Users\Public\Experiments\SM01\05-WMC\MU","Tr2_test1.png","4","188089","C:/Users/Public/Experiments/SM01/05-WMC/MU/MU_results/MUsbj015.csv","test","0","3","15","182281","188090"
"MU.osexp","C:\Users\Public\Experiments\SM01\05-WMC\MU","Tr2_test2.png","6","191673","C:/Users/Public/Experiments/SM01/05-WMC/MU/MU_results/MUsbj015.csv","test","0","3","15","189195","191674"
"MU.osexp","C:\Users\Public\Experiments\SM01\05-WMC\MU","Tr2_test3.png","1","195425","C:/Users/Public/Experiments/SM01/05-WMC/MU/MU_results/MUsbj015.csv","test","0","3","15","192804","195426"
"MU.osexp","C:\Users\Public\Experiments\SM01\05-WMC\MU","ready2.png","1","195425","C:/Users/Public/Experiments/SM01/05-WMC/MU/MU_results/MUsbj015.csv","pre","0","3","15","208579","195426"
"MU.osexp","C:\Users\Public\Experiments\SM01\05-WMC\MU","fixation.png","1","195425","C:/Users/Public/Experiments/SM01/05-WMC/MU/MU_results/MUsbj015.csv","fix","1500","3","15","210437","195426"
"MU.osexp","C:\Users\Public\Experiments\SM01\05-WMC\MU","Tr3_study1.png","1","195425","C:/Users/Public/Experiments/SM01/05-WMC/MU/MU_results/MUsbj015.csv","study","1000","3","15","212060","213062"
"MU.osexp","C:\Users\Public\Experiments\SM01\05-WMC\MU","Tr3_study2.png","1","195425","C:/Users/Public/Experiments/SM01/05-WMC/MU/MU_results/MUsbj015.csv","study","1000","3","15","213488","214490"
"MU.osexp","C:\Users\Public\Experiments\SM01\05-WMC\MU","Tr3_study3.png","1","195425","C:/Users/Public/Experiments/SM01/05-WMC/MU/MU_results/MUsbj015.csv","study","1000","3","15","214838","215840"
"MU.osexp","C:\Users\Public\Experiments\SM01\05-WMC\MU","Tr3_update1.png","1","195425","C:/Users/Public/Experiments/SM01/05-WMC/MU/MU_results/MUsbj015.csv","update","1300","3","15","216202","217504"
"MU.osexp","C:\Users\Public\Experiments\SM01\05-WMC\MU","Tr3_update2.png","1","195425","C:/Users/Public/Experiments/SM01/05-WMC/MU/MU_results/MUsbj015.csv","update","1300","3","15","217843","219144"
"MU.osexp","C:\Users\Public\Experiments\SM01\05-WMC\MU","Tr3_update3.png","1","195425","C:/Users/Public/Experiments/SM01/05-WMC/MU/MU_results/MUsbj015.csv","update","1300","3","15","219529","220831"
"MU.osexp","C:\Users\Public\Experiments\SM01\05-WMC\MU","Tr3_test1.png","3","226697","C:/Users/Public/Experiments/SM01/05-WMC/MU/MU_results/MUsbj015.csv","test","0","3","15","221191","226698"
"MU.osexp","C:\Users\Public\Experiments\SM01\05-WMC\MU","Tr3_test2.png","7","229297","C:/Users/Public/Experiments/SM01/05-WMC/MU/MU_results/MUsbj015.csv","test","0","3","15","227940","229298"
"MU.osexp","C:\Users\Public\Experiments\SM01\05-WMC\MU","Tr3_test3.png","5","232137","C:/Users/Public/Experiments/SM01/05-WMC/MU/MU_results/MUsbj015.csv","test","0","3","15","230422","232138"
"MU.osexp","C:\Users\Public\Experiments\SM01\05-WMC\MU","wait.png","5","232137","C:/Users/Public/Experiments/SM01/05-WMC/MU/MU_results/MUsbj015.csv","wait","5000","4","15","233263","232138"
"MU.osexp","C:\Users\Public\Experiments\SM01\05-WMC\MU","fixation.png","5","232137","C:/Users/Public/Experiments/SM01/05-WMC/MU/MU_results/MUsbj015.csv","fix","1500","4","15","238381","232138"
"MU.osexp","C:\Users\Public\Experiments\SM01\05-WMC\MU","Tr4_study1.png","5","232137","C:/Users/Public/Experiments/SM01/05-WMC/MU/MU_results/MUsbj015.csv","study","1000","4","15","240014","241016"
"MU.osexp","C:\Users\Public\Experiments\SM01\05-WMC\MU","Tr4_study2.png","5","232137","C:/Users/Public/Experiments/SM01/05-WMC/MU/MU_results/MUsbj015.csv","study","1000","4","15","241403","242405"
"MU.osexp","C:\Users\Public\Experiments\SM01\05-WMC\MU","Tr4_study3.png","5","232137","C:/Users/Public/Experiments/SM01/05-WMC/MU/MU_results/MUsbj015.csv","study","1000","4","15","242908","243910"
"MU.osexp","C:\Users\Public\Experiments\SM01\05-WMC\MU","Tr4_study4.png","5","232137","C:/Users/Public/Experiments/SM01/05-WMC/MU/MU_results/MUsbj015.csv","study","1000","4","15","244292","245294"
"MU.osexp","C:\Users\Public\Experiments\SM01\05-WMC\MU","Tr4_update1.png","5","232137","C:/Users/Public/Experiments/SM01/05-WMC/MU/MU_results/MUsbj015.csv","update","1300","4","15","245673","246975"
"MU.osexp","C:\Users\Public\Experiments\SM01\05-WMC\MU","Tr4_update2.png","5","232137","C:/Users/Public/Experiments/SM01/05-WMC/MU/MU_results/MUsbj015.csv","update","1300","4","15","247348","248650"
"MU.osexp","C:\Users\Public\Experiments\SM01\05-WMC\MU","Tr4_update3.png","5","232137","C:/Users/Public/Experiments/SM01/05-WMC/MU/MU_results/MUsbj015.csv","update","1300","4","15","249101","250403"
"MU.osexp","C:\Users\Public\Experiments\SM01\05-WMC\MU","Tr4_update4.png","5","232137","C:/Users/Public/Experiments/SM01/05-WMC/MU/MU_results/MUsbj015.csv","update","1300","4","15","250789","252091"
"MU.osexp","C:\Users\Public\Experiments\SM01\05-WMC\MU","Tr4_test1.png","6","254440","C:/Users/Public/Experiments/SM01/05-WMC/MU/MU_results/MUsbj015.csv","test","0","4","15","252486","254441"
"MU.osexp","C:\Users\Public\Experiments\SM01\05-WMC\MU","Tr4_test2.png","4","256745","C:/Users/Public/Experiments/SM01/05-WMC/MU/MU_results/MUsbj015.csv","test","0","4","15","255562","256746"
"MU.osexp","C:\Users\Public\Experiments\SM01\05-WMC\MU","Tr4_test3.png","1","258297","C:/Users/Public/Experiments/SM01/05-WMC/MU/MU_results/MUsbj015.csv","test","0","4","15","257863","258298"
"MU.osexp","C:\Users\Public\Experiments\SM01\05-WMC\MU","Tr4_test4.png","5","260625","C:/Users/Public/Experiments/SM01/05-WMC/MU/MU_results/MUsbj015.csv","test","0","4","15","259430","260626"
"MU.osexp","C:\Users\Public\Experiments\SM01\05-WMC\MU","wait.png","5","260625","C:/Users/Public/Experiments/SM01/05-WMC/MU/MU_results/MUsbj015.csv","wait","5000","3","15","261748","260626"
"MU.osexp","C:\Users\Public\Experiments\SM01\05-WMC\MU","fixation.png","5","260625","C:/Users/Public/Experiments/SM01/05-WMC/MU/MU_results/MUsbj015.csv","fix","1500","3","15","266884","260626"
"MU.osexp","C:\Users\Public\Experiments\SM01\05-WMC\MU","Tr5_study1.png","5","260625","C:/Users/Public/Experiments/SM01/05-WMC/MU/MU_results/MUsbj015.csv","study","1000","3","15","268510","269512"
"MU.osexp","C:\Users\Public\Experiments\SM01\05-WMC\MU","Tr5_study2.png","5","260625","C:/Users/Public/Experiments/SM01/05-WMC/MU/MU_results/MUsbj015.csv","study","1000","3","15","269872","270874"
"MU.osexp","C:\Users\Public\Experiments\SM01\05-WMC\MU","Tr5_study3.png","5","260625","C:/Users/Public/Experiments/SM01/05-WMC/MU/MU_results/MUsbj015.csv","study","1000","3","15","271273","272275"
"MU.osexp","C:\Users\Public\Experiments\SM01\05-WMC\MU","Tr5_update1.png","5","260625","C:/Users/Public/Experiments/SM01/05-WMC/MU/MU_results/MUsbj015.csv","update","1300","3","15","272606","273908"
"MU.osexp","C:\Users\Public\Experiments\SM01\05-WMC\MU","Tr5_update2.png","5","260625","C:/Users/Public/Experiments/SM01/05-WMC/MU/MU_results/MUsbj015.csv","update","1300","3","15","274287","275589"
"MU.osexp","C:\Users\Public\Experiments\SM01\05-WMC\MU","Tr5_update3.png","5","260625","C:/Users/Public/Experiments/SM01/05-WMC/MU/MU_results/MUsbj015.csv","update","1300","3","15","275967","277269"
"MU.osexp","C:\Users\Public\Experiments\SM01\05-WMC\MU","Tr5_update4.png","5","260625","C:/Users/Public/Experiments/SM01/05-WMC/MU/MU_results/MUsbj015.csv","update","1300","3","15","277649","278951"
"MU.osexp","C:\Users\Public\Experiments\SM01\05-WMC\MU","Tr5_update5.png","5","260625","C:/Users/Public/Experiments/SM01/05-WMC/MU/MU_results/MUsbj015.csv","update","1300","3","15","279282","280584"
"MU.osexp","C:\Users\Public\Experiments\SM01\05-WMC\MU","Tr5_update6.png","5","260625","C:/Users/Public/Experiments/SM01/05-WMC/MU/MU_results/MUsbj015.csv","update","1300","3","15","280952","282254"
"MU.osexp","C:\Users\Public\Experiments\SM01\05-WMC\MU","Tr5_test1.png","6","285945","C:/Users/Public/Experiments/SM01/05-WMC/MU/MU_results/MUsbj015.csv","test","0","3","15","282604","285946"
"MU.osexp","C:\Users\Public\Experiments\SM01\05-WMC\MU","Tr5_test2.png","7","288345","C:/Users/Public/Experiments/SM01/05-WMC/MU/MU_results/MUsbj015.csv","test","0","3","15","287159","288345"
"MU.osexp","C:\Users\Public\Experiments\SM01\05-WMC\MU","Tr5_test3.png","5","291425","C:/Users/Public/Experiments/SM01/05-WMC/MU/MU_results/MUsbj015.csv","test","0","3","15","289470","291426"
"MU.osexp","C:\Users\Public\Experiments\SM01\05-WMC\MU","wait.png","5","291425","C:/Users/Public/Experiments/SM01/05-WMC/MU/MU_results/MUsbj015.csv","wait","5000","4","15","292546","291426"
"MU.osexp","C:\Users\Public\Experiments\SM01\05-WMC\MU","fixation.png","5","291425","C:/Users/Public/Experiments/SM01/05-WMC/MU/MU_results/MUsbj015.csv","fix","1500","4","15","297662","291426"
"MU.osexp","C:\Users\Public\Experiments\SM01\05-WMC\MU","Tr6_study1.png","5","291425","C:/Users/Public/Experiments/SM01/05-WMC/MU/MU_results/MUsbj015.csv","study","1000","4","15","299293","300295"
"MU.osexp","C:\Users\Public\Experiments\SM01\05-WMC\MU","Tr6_study2.png","5","291425","C:/Users/Public/Experiments/SM01/05-WMC/MU/MU_results/MUsbj015.csv","study","1000","4","15","300660","301662"
"MU.osexp","C:\Users\Public\Experiments\SM01\05-WMC\MU","Tr6_study3.png","5","291425","C:/Users/Public/Experiments/SM01/05-WMC/MU/MU_results/MUsbj015.csv","study","1000","4","15","302031","303033"
"MU.osexp","C:\Users\Public\Experiments\SM01\05-WMC\MU","Tr6_study4.png","5","291425","C:/Users/Public/Experiments/SM01/05-WMC/MU/MU_results/MUsbj015.csv","study","1000","4","15","303389","304391"
"MU.osexp","C:\Users\Public\Experiments\SM01\05-WMC\MU","Tr6_update1.png","5","291425","C:/Users/Public/Experiments/SM01/05-WMC/MU/MU_results/MUsbj015.csv","update","1300","4","15","304751","306053"
"MU.osexp","C:\Users\Public\Experiments\SM01\05-WMC\MU","Tr6_update2.png","5","291425","C:/Users/Public/Experiments/SM01/05-WMC/MU/MU_results/MUsbj015.csv","update","1300","4","15","306426","307728"
"MU.osexp","C:\Users\Public\Experiments\SM01\05-WMC\MU","Tr6_update3.png","5","291425","C:/Users/Public/Experiments/SM01/05-WMC/MU/MU_results/MUsbj015.csv","update","1300","4","15","308100","309402"
"MU.osexp","C:\Users\Public\Experiments\SM01\05-WMC\MU","Tr6_update4.png","5","291425","C:/Users/Public/Experiments/SM01/05-WMC/MU/MU_results/MUsbj015.csv","update","1300","4","15","309773","311075"
"MU.osexp","C:\Users\Public\Experiments\SM01\05-WMC\MU","Tr6_update5.png","5","291425","C:/Users/Public/Experiments/SM01/05-WMC/MU/MU_results/MUsbj015.csv","update","1300","4","15","311475","312777"
"MU.osexp","C:\Users\Public\Experiments\SM01\05-WMC\MU","Tr6_test1.png","7","315401","C:/Users/Public/Experiments/SM01/05-WMC/MU/MU_results/MUsbj015.csv","test","0","4","15","313167","315402"
"MU.osexp","C:\Users\Public\Experiments\SM01\05-WMC\MU","Tr6_test2.png","5","317745","C:/Users/Public/Experiments/SM01/05-WMC/MU/MU_results/MUsbj015.csv","test","0","4","15","316517","317746"
"MU.osexp","C:\Users\Public\Experiments\SM01\05-WMC\MU","Tr6_test3.png","6","319561","C:/Users/Public/Experiments/SM01/05-WMC/MU/MU_results/MUsbj015.csv","test","0","4","15","318866","319562"
"MU.osexp","C:\Users\Public\Experiments\SM01\05-WMC\MU","Tr6_test4.png","1","321329","C:/Users/Public/Experiments/SM01/05-WMC/MU/MU_results/MUsbj015.csv","test","0","4","15","320655","321330"
"MU.osexp","C:\Users\Public\Experiments\SM01\05-WMC\MU","wait.png","1","321329","C:/Users/Public/Experiments/SM01/05-WMC/MU/MU_results/MUsbj015.csv","wait","5000","5","15","322445","321330"
"MU.osexp","C:\Users\Public\Experiments\SM01\05-WMC\MU","fixation.png","1","321329","C:/Users/Public/Experiments/SM01/05-WMC/MU/MU_results/MUsbj015.csv","fix","1500","5","15","327572","321330"
"MU.osexp","C:\Users\Public\Experiments\SM01\05-WMC\MU","Tr7_study1.png","1","321329","C:/Users/Public/Experiments/SM01/05-WMC/MU/MU_results/MUsbj015.csv","study","1000","5","15","329193","330195"
"MU.osexp","C:\Users\Public\Experiments\SM01\05-WMC\MU","Tr7_study2.png","1","321329","C:/Users/Public/Experiments/SM01/05-WMC/MU/MU_results/MUsbj015.csv","study","1000","5","15","330575","331577"
"MU.osexp","C:\Users\Public\Experiments\SM01\05-WMC\MU","Tr7_study3.png","1","321329","C:/Users/Public/Experiments/SM01/05-WMC/MU/MU_results/MUsbj015.csv","study","1000","5","15","331942","332944"
"MU.osexp","C:\Users\Public\Experiments\SM01\05-WMC\MU","Tr7_study4.png","1","321329","C:/Users/Public/Experiments/SM01/05-WMC/MU/MU_results/MUsbj015.csv","study","1000","5","15","333311","334313"
"MU.osexp","C:\Users\Public\Experiments\SM01\05-WMC\MU","Tr7_study5.png","1","321329","C:/Users/Public/Experiments/SM01/05-WMC/MU/MU_results/MUsbj015.csv","study","1000","5","15","334680","335682"
"MU.osexp","C:\Users\Public\Experiments\SM01\05-WMC\MU","Tr7_update1.png","1","321329","C:/Users/Public/Experiments/SM01/05-WMC/MU/MU_results/MUsbj015.csv","update","1300","5","15","336053","337355"
"MU.osexp","C:\Users\Public\Experiments\SM01\05-WMC\MU","Tr7_update2.png","1","321329","C:/Users/Public/Experiments/SM01/05-WMC/MU/MU_results/MUsbj015.csv","update","1300","5","15","337752","339054"
"MU.osexp","C:\Users\Public\Experiments\SM01\05-WMC\MU","Tr7_update3.png","1","321329","C:/Users/Public/Experiments/SM01/05-WMC/MU/MU_results/MUsbj015.csv","update","1300","5","15","339398","340700"
"MU.osexp","C:\Users\Public\Experiments\SM01\05-WMC\MU","Tr7_update4.png","1","321329","C:/Users/Public/Experiments/SM01/05-WMC/MU/MU_results/MUsbj015.csv","update","1300","5","15","341035","342337"
"MU.osexp","C:\Users\Public\Experiments\SM01\05-WMC\MU","Tr7_update5.png","1","321329","C:/Users/Public/Experiments/SM01/05-WMC/MU/MU_results/MUsbj015.csv","update","1300","5","15","342676","343978"
"MU.osexp","C:\Users\Public\Experiments\SM01\05-WMC\MU","Tr7_test1.png","7","346161","C:/Users/Public/Experiments/SM01/05-WMC/MU/MU_results/MUsbj015.csv","test","0","5","15","344340","346162"
"MU.osexp","C:\Users\Public\Experiments\SM01\05-WMC\MU","Tr7_test2.png","2","348305","C:/Users/Public/Experiments/SM01/05-WMC/MU/MU_results/MUsbj015.csv","test","0","5","15","347279","348306"
"MU.osexp","C:\Users\Public\Experiments\SM01\05-WMC\MU","Tr7_test3.png","3","350777","C:/Users/Public/Experiments/SM01/05-WMC/MU/MU_results/MUsbj015.csv","test","0","5","15","349438","350778"
"MU.osexp","C:\Users\Public\Experiments\SM01\05-WMC\MU","Tr7_test4.png","6","353513","C:/Users/Public/Experiments/SM01/05-WMC/MU/MU_results/MUsbj015.csv","test","0","5","15","351893","353514"
"MU.osexp","C:\Users\Public\Experiments\SM01\05-WMC\MU","Tr7_test5.png","5","356537","C:/Users/Public/Experiments/SM01/05-WMC/MU/MU_results/MUsbj015.csv","test","0","5","15","354617","356538"
"MU.osexp","C:\Users\Public\Experiments\SM01\05-WMC\MU","wait.png","5","356537","C:/Users/Public/Experiments/SM01/05-WMC/MU/MU_results/MUsbj015.csv","wait","5000","4","15","357658","356538"
"MU.osexp","C:\Users\Public\Experiments\SM01\05-WMC\MU","fixation.png","5","356537","C:/Users/Public/Experiments/SM01/05-WMC/MU/MU_results/MUsbj015.csv","fix","1500","4","15","362765","356538"
"MU.osexp","C:\Users\Public\Experiments\SM01\05-WMC\MU","Tr8_study1.png","5","356537","C:/Users/Public/Experiments/SM01/05-WMC/MU/MU_results/MUsbj015.csv","study","1000","4","15","364380","365382"
"MU.osexp","C:\Users\Public\Experiments\SM01\05-WMC\MU","Tr8_study2.png","5","356537","C:/Users/Public/Experiments/SM01/05-WMC/MU/MU_results/MUsbj015.csv","study","1000","4","15","365757","366759"
"MU.osexp","C:\Users\Public\Experiments\SM01\05-WMC\MU","Tr8_study3.png","5","356537","C:/Users/Public/Experiments/SM01/05-WMC/MU/MU_results/MUsbj015.csv","study","1000","4","15","367170","368172"
"MU.osexp","C:\Users\Public\Experiments\SM01\05-WMC\MU","Tr8_study4.png","5","356537","C:/Users/Public/Experiments/SM01/05-WMC/MU/MU_results/MUsbj015.csv","study","1000","4","15","368504","369506"
"MU.osexp","C:\Users\Public\Experiments\SM01\05-WMC\MU","Tr8_update1.png","5","356537","C:/Users/Public/Experiments/SM01/05-WMC/MU/MU_results/MUsbj015.csv","update","1300","4","15","369852","371154"
"MU.osexp","C:\Users\Public\Experiments\SM01\05-WMC\MU","Tr8_update2.png","5","356537","C:/Users/Public/Experiments/SM01/05-WMC/MU/MU_results/MUsbj015.csv","update","1300","4","15","371513","372815"
"MU.osexp","C:\Users\Public\Experiments\SM01\05-WMC\MU","Tr8_update3.png","5","356537","C:/Users/Public/Experiments/SM01/05-WMC/MU/MU_results/MUsbj015.csv","update","1300","4","15","373175","374477"
"MU.osexp","C:\Users\Public\Experiments\SM01\05-WMC\MU","Tr8_test1.png","4","376641","C:/Users/Public/Experiments/SM01/05-WMC/MU/MU_results/MUsbj015.csv","test","0","4","15","374833","376642"
"MU.osexp","C:\Users\Public\Experiments\SM01\05-WMC\MU","Tr8_test2.png","4","378129","C:/Users/Public/Experiments/SM01/05-WMC/MU/MU_results/MUsbj015.csv","test","0","4","15","377749","378130"
"MU.osexp","C:\Users\Public\Experiments\SM01\05-WMC\MU","Tr8_test3.png","9","379905","C:/Users/Public/Experiments/SM01/05-WMC/MU/MU_results/MUsbj015.csv","test","0","4","15","379208","379906"
"MU.osexp","C:\Users\Public\Experiments\SM01\05-WMC\MU","Tr8_test4.png","2","381785","C:/Users/Public/Experiments/SM01/05-WMC/MU/MU_results/MUsbj015.csv","test","0","4","15","381022","381786"
"MU.osexp","C:\Users\Public\Experiments\SM01\05-WMC\MU","wait.png","2","381785","C:/Users/Public/Experiments/SM01/05-WMC/MU/MU_results/MUsbj015.csv","wait","5000","5","15","382890","381786"
"MU.osexp","C:\Users\Public\Experiments\SM01\05-WMC\MU","fixation.png","2","381785","C:/Users/Public/Experiments/SM01/05-WMC/MU/MU_results/MUsbj015.csv","fix","1500","5","15","387992","381786"
"MU.osexp","C:\Users\Public\Experiments\SM01\05-WMC\MU","Tr9_study1.png","2","381785","C:/Users/Public/Experiments/SM01/05-WMC/MU/MU_results/MUsbj015.csv","study","1000","5","15","389611","390613"
"MU.osexp","C:\Users\Public\Experiments\SM01\05-WMC\MU","Tr9_study2.png","2","381785","C:/Users/Public/Experiments/SM01/05-WMC/MU/MU_results/MUsbj015.csv","study","1000","5","15","390987","391989"
"MU.osexp","C:\Users\Public\Experiments\SM01\05-WMC\MU","Tr9_study3.png","2","381785","C:/Users/Public/Experiments/SM01/05-WMC/MU/MU_results/MUsbj015.csv","study","1000","5","15","392359","393361"
"MU.osexp","C:\Users\Public\Experiments\SM01\05-WMC\MU","Tr9_study4.png","2","381785","C:/Users/Public/Experiments/SM01/05-WMC/MU/MU_results/MUsbj015.csv","study","1000","5","15","393716","394718"
"MU.osexp","C:\Users\Public\Experiments\SM01\05-WMC\MU","Tr9_study5.png","2","381785","C:/Users/Public/Experiments/SM01/05-WMC/MU/MU_results/MUsbj015.csv","study","1000","5","15","395181","396183"
"MU.osexp","C:\Users\Public\Experiments\SM01\05-WMC\MU","Tr9_update1.png","2","381785","C:/Users/Public/Experiments/SM01/05-WMC/MU/MU_results/MUsbj015.csv","update","1300","5","15","396559","397862"
"MU.osexp","C:\Users\Public\Experiments\SM01\05-WMC\MU","Tr9_update2.png","2","381785","C:/Users/Public/Experiments/SM01/05-WMC/MU/MU_results/MUsbj015.csv","update","1300","5","15","398235","399537"
"MU.osexp","C:\Users\Public\Experiments\SM01\05-WMC\MU","Tr9_test1.png","4","403217","C:/Users/Public/Experiments/SM01/05-WMC/MU/MU_results/MUsbj015.csv","test","0","5","15","399892","403218"
"MU.osexp","C:\Users\Public\Experiments\SM01\05-WMC\MU","Tr9_test2.png","8","405481","C:/Users/Public/Experiments/SM01/05-WMC/MU/MU_results/MUsbj015.csv","test","0","5","15","404340","405482"
"MU.osexp","C:\Users\Public\Experiments\SM01\05-WMC\MU","Tr9_test3.png","6","408321","C:/Users/Public/Experiments/SM01/05-WMC/MU/MU_results/MUsbj015.csv","test","0","5","15","406591","408322"
"MU.osexp","C:\Users\Public\Experiments\SM01\05-WMC\MU","Tr9_test4.png","4","410441","C:/Users/Public/Experiments/SM01/05-WMC/MU/MU_results/MUsbj015.csv","test","0","5","15","409445","410442"
"MU.osexp","C:\Users\Public\Experiments\SM01\05-WMC\MU","Tr9_test5.png","3","411801","C:/Users/Public/Experiments/SM01/05-WMC/MU/MU_results/MUsbj015.csv","test","0","5","15","411551","411802"
"MU.osexp","C:\Users\Public\Experiments\SM01\05-WMC\MU","wait.png","3","411801","C:/Users/Public/Experiments/SM01/05-WMC/MU/MU_results/MUsbj015.csv","wait","5000","3","15","412905","411802"
"MU.osexp","C:\Users\Public\Experiments\SM01\05-WMC\MU","fixation.png","3","411801","C:/Users/Public/Experiments/SM01/05-WMC/MU/MU_results/MUsbj015.csv","fix","1500","3","15","418113","411802"
"MU.osexp","C:\Users\Public\Experiments\SM01\05-WMC\MU","Tr10_study1.png","3","411801","C:/Users/Public/Experiments/SM01/05-WMC/MU/MU_results/MUsbj015.csv","study","1000","3","15","419728","420730"
"MU.osexp","C:\Users\Public\Experiments\SM01\05-WMC\MU","Tr10_study2.png","3","411801","C:/Users/Public/Experiments/SM01/05-WMC/MU/MU_results/MUsbj015.csv","study","1000","3","15","421086","422088"
"MU.osexp","C:\Users\Public\Experiments\SM01\05-WMC\MU","Tr10_study3.png","3","411801","C:/Users/Public/Experiments/SM01/05-WMC/MU/MU_results/MUsbj015.csv","study","1000","3","15","422451","423453"
"MU.osexp","C:\Users\Public\Experiments\SM01\05-WMC\MU","Tr10_update1.png","3","411801","C:/Users/Public/Experiments/SM01/05-WMC/MU/MU_results/MUsbj015.csv","update","1300","3","15","423809","425111"
"MU.osexp","C:\Users\Public\Experiments\SM01\05-WMC\MU","Tr10_update2.png","3","411801","C:/Users/Public/Experiments/SM01/05-WMC/MU/MU_results/MUsbj015.csv","update","1300","3","15","425444","426746"
"MU.osexp","C:\Users\Public\Experiments\SM01\05-WMC\MU","Tr10_test1.png","7","429225","C:/Users/Public/Experiments/SM01/05-WMC/MU/MU_results/MUsbj015.csv","test","0","3","15","427113","429225"
"MU.osexp","C:\Users\Public\Experiments\SM01\05-WMC\MU","Tr10_test2.png","2","430721","C:/Users/Public/Experiments/SM01/05-WMC/MU/MU_results/MUsbj015.csv","test","0","3","15","430356","430722"
"MU.osexp","C:\Users\Public\Experiments\SM01\05-WMC\MU","Tr10_test3.png","5","432433","C:/Users/Public/Experiments/SM01/05-WMC/MU/MU_results/MUsbj015.csv","test","0","3","15","431828","432434"
"MU.osexp","C:\Users\Public\Experiments\SM01\05-WMC\MU","wait.png","5","432433","C:/Users/Public/Experiments/SM01/05-WMC/MU/MU_results/MUsbj015.csv","wait","5000","5","15","433521","432434"
"MU.osexp","C:\Users\Public\Experiments\SM01\05-WMC\MU","fixation.png","5","432433","C:/Users/Public/Experiments/SM01/05-WMC/MU/MU_results/MUsbj015.csv","fix","1500","5","15","438609","432434"
"MU.osexp","C:\Users\Public\Experiments\SM01\05-WMC\MU","Tr11_study1.png","5","432433","C:/Users/Public/Experiments/SM01/05-WMC/MU/MU_results/MUsbj015.csv","study","1000","5","15","440221","441223"
"MU.osexp","C:\Users\Public\Experiments\SM01\05-WMC\MU","Tr11_study2.png","5","432433","C:/Users/Public/Experiments/SM01/05-WMC/MU/MU_results/MUsbj015.csv","study","1000","5","15","441597","442599"
"MU.osexp","C:\Users\Public\Experiments\SM01\05-WMC\MU","Tr11_study3.png","5","432433","C:/Users/Public/Experiments/SM01/05-WMC/MU/MU_results/MUsbj015.csv","study","1000","5","15","442937","443939"
"MU.osexp","C:\Users\Public\Experiments\SM01\05-WMC\MU","Tr11_study4.png","5","432433","C:/Users/Public/Experiments/SM01/05-WMC/MU/MU_results/MUsbj015.csv","study","1000","5","15","444311","445313"
"MU.osexp","C:\Users\Public\Experiments\SM01\05-WMC\MU","Tr11_study5.png","5","432433","C:/Users/Public/Experiments/SM01/05-WMC/MU/MU_results/MUsbj015.csv","study","1000","5","15","445680","446682"
"MU.osexp","C:\Users\Public\Experiments\SM01\05-WMC\MU","Tr11_update1.png","5","432433","C:/Users/Public/Experiments/SM01/05-WMC/MU/MU_results/MUsbj015.csv","update","1300","5","15","447035","448337"
"MU.osexp","C:\Users\Public\Experiments\SM01\05-WMC\MU","Tr11_update2.png","5","432433","C:/Users/Public/Experiments/SM01/05-WMC/MU/MU_results/MUsbj015.csv","update","1300","5","15","448684","449986"
"MU.osexp","C:\Users\Public\Experiments\SM01\05-WMC\MU","Tr11_update3.png","5","432433","C:/Users/Public/Experiments/SM01/05-WMC/MU/MU_results/MUsbj015.csv","update","1300","5","15","450345","451647"
"MU.osexp","C:\Users\Public\Experiments\SM01\05-WMC\MU","Tr11_test1.png","1","453385","C:/Users/Public/Experiments/SM01/05-WMC/MU/MU_results/MUsbj015.csv","test","0","5","15","452010","453386"
"MU.osexp","C:\Users\Public\Experiments\SM01\05-WMC\MU","Tr11_test2.png","5","456113","C:/Users/Public/Experiments/SM01/05-WMC/MU/MU_results/MUsbj015.csv","test","0","5","15","454494","456114"
"MU.osexp","C:\Users\Public\Experiments\SM01\05-WMC\MU","Tr11_test3.png","1","457537","C:/Users/Public/Experiments/SM01/05-WMC/MU/MU_results/MUsbj015.csv","test","0","5","15","457205","457538"
"MU.osexp","C:\Users\Public\Experiments\SM01\05-WMC\MU","Tr11_test4.png","6","459665","C:/Users/Public/Experiments/SM01/05-WMC/MU/MU_results/MUsbj015.csv","test","0","5","15","458632","459666"
"MU.osexp","C:\Users\Public\Experiments\SM01\05-WMC\MU","Tr11_test5.png","8","461009","C:/Users/Public/Experiments/SM01/05-WMC/MU/MU_results/MUsbj015.csv","test","0","5","15","460751","461010"
"MU.osexp","C:\Users\Public\Experiments\SM01\05-WMC\MU","wait.png","8","461009","C:/Users/Public/Experiments/SM01/05-WMC/MU/MU_results/MUsbj015.csv","wait","5000","3","15","462125","461010"
"MU.osexp","C:\Users\Public\Experiments\SM01\05-WMC\MU","fixation.png","8","461009","C:/Users/Public/Experiments/SM01/05-WMC/MU/MU_results/MUsbj015.csv","fix","1500","3","15","467247","461010"
"MU.osexp","C:\Users\Public\Experiments\SM01\05-WMC\MU","Tr12_study1.png","8","461009","C:/Users/Public/Experiments/SM01/05-WMC/MU/MU_results/MUsbj015.csv","study","1000","3","15","468861","469863"
"MU.osexp","C:\Users\Public\Experiments\SM01\05-WMC\MU","Tr12_study2.png","8","461009","C:/Users/Public/Experiments/SM01/05-WMC/MU/MU_results/MUsbj015.csv","study","1000","3","15","470231","471233"
"MU.osexp","C:\Users\Public\Experiments\SM01\05-WMC\MU","Tr12_study3.png","8","461009","C:/Users/Public/Experiments/SM01/05-WMC/MU/MU_results/MUsbj015.csv","study","1000","3","15","471602","472604"
"MU.osexp","C:\Users\Public\Experiments\SM01\05-WMC\MU","Tr12_update1.png","8","461009","C:/Users/Public/Experiments/SM01/05-WMC/MU/MU_results/MUsbj015.csv","update","1300","3","15","472995","474297"
"MU.osexp","C:\Users\Public\Experiments\SM01\05-WMC\MU","Tr12_update2.png","8","461009","C:/Users/Public/Experiments/SM01/05-WMC/MU/MU_results/MUsbj015.csv","update","1300","3","15","474660","475962"
"MU.osexp","C:\Users\Public\Experiments\SM01\05-WMC\MU","Tr12_update3.png","8","461009","C:/Users/Public/Experiments/SM01/05-WMC/MU/MU_results/MUsbj015.csv","update","1300","3","15","476312","477614"
"MU.osexp","C:\Users\Public\Experiments\SM01\05-WMC\MU","Tr12_update4.png","8","461009","C:/Users/Public/Experiments/SM01/05-WMC/MU/MU_results/MUsbj015.csv","update","1300","3","15","477984","479286"
"MU.osexp","C:\Users\Public\Experiments\SM01\05-WMC\MU","Tr12_update5.png","8","461009","C:/Users/Public/Experiments/SM01/05-WMC/MU/MU_results/MUsbj015.csv","update","1300","3","15","479619","480921"
"MU.osexp","C:\Users\Public\Experiments\SM01\05-WMC\MU","Tr12_test1.png","3","483418","C:/Users/Public/Experiments/SM01/05-WMC/MU/MU_results/MUsbj015.csv","test","0","3","15","481289","483418"
"MU.osexp","C:\Users\Public\Experiments\SM01\05-WMC\MU","Tr12_test2.png","2","485625","C:/Users/Public/Experiments/SM01/05-WMC/MU/MU_results/MUsbj015.csv","test","0","3","15","484496","485626"
"MU.osexp","C:\Users\Public\Experiments\SM01\05-WMC\MU","Tr12_test3.png","4","486977","C:/Users/Public/Experiments/SM01/05-WMC/MU/MU_results/MUsbj015.csv","test","0","3","15","486698","486978"
"MU.osexp","C:\Users\Public\Experiments\SM01\05-WMC\MU","wait.png","4","486977","C:/Users/Public/Experiments/SM01/05-WMC/MU/MU_results/MUsbj015.csv","wait","5000","3","15","488056","486978"
"MU.osexp","C:\Users\Public\Experiments\SM01\05-WMC\MU","fixation.png","4","486977","C:/Users/Public/Experiments/SM01/05-WMC/MU/MU_results/MUsbj015.csv","fix","1500","3","15","493140","486978"
"MU.osexp","C:\Users\Public\Experiments\SM01\05-WMC\MU","Tr13_study1.png","4","486977","C:/Users/Public/Experiments/SM01/05-WMC/MU/MU_results/MUsbj015.csv","study","1000","3","15","494712","495712"
"MU.osexp","C:\Users\Public\Experiments\SM01\05-WMC\MU","Tr13_study2.png","4","486977","C:/Users/Public/Experiments/SM01/05-WMC/MU/MU_results/MUsbj015.csv","study","1000","3","15","496039","497039"
"MU.osexp","C:\Users\Public\Experiments\SM01\05-WMC\MU","Tr13_study3.png","4","486977","C:/Users/Public/Experiments/SM01/05-WMC/MU/MU_results/MUsbj015.csv","study","1000","3","15","497355","498355"
"MU.osexp","C:\Users\Public\Experiments\SM01\05-WMC\MU","Tr13_update1.png","4","486977","C:/Users/Public/Experiments/SM01/05-WMC/MU/MU_results/MUsbj015.csv","update","1300","3","15","498675","499975"
"MU.osexp","C:\Users\Public\Experiments\SM01\05-WMC\MU","Tr13_update2.png","4","486977","C:/Users/Public/Experiments/SM01/05-WMC/MU/MU_results/MUsbj015.csv","update","1300","3","15","500288","501589"
"MU.osexp","C:\Users\Public\Experiments\SM01\05-WMC\MU","Tr13_update3.png","4","486977","C:/Users/Public/Experiments/SM01/05-WMC/MU/MU_results/MUsbj015.csv","update","1300","3","15","501916","503216"
"MU.osexp","C:\Users\Public\Experiments\SM01\05-WMC\MU","Tr13_update4.png","4","486977","C:/Users/Public/Experiments/SM01/05-WMC/MU/MU_results/MUsbj015.csv","update","1300","3","15","503536","504837"
"MU.osexp","C:\Users\Public\Experiments\SM01\05-WMC\MU","Tr13_test1.png","2","507617","C:/Users/Public/Experiments/SM01/05-WMC/MU/MU_results/MUsbj015.csv","test","0","3","15","505173","507618"
"MU.osexp","C:\Users\Public\Experiments\SM01\05-WMC\MU","Tr13_test2.png","3","509657","C:/Users/Public/Experiments/SM01/05-WMC/MU/MU_results/MUsbj015.csv","test","0","3","15","508813","509658"
"MU.osexp","C:\Users\Public\Experiments\SM01\05-WMC\MU","Tr13_test3.png","4","511089","C:/Users/Public/Experiments/SM01/05-WMC/MU/MU_results/MUsbj015.csv","test","0","3","15","510858","511090"
"MU.osexp","C:\Users\Public\Experiments\SM01\05-WMC\MU","wait.png","4","511089","C:/Users/Public/Experiments/SM01/05-WMC/MU/MU_results/MUsbj015.csv","wait","5000","5","15","512191","511090"
"MU.osexp","C:\Users\Public\Experiments\SM01\05-WMC\MU","fixation.png","4","511089","C:/Users/Public/Experiments/SM01/05-WMC/MU/MU_results/MUsbj015.csv","fix","1500","5","15","517316","511090"
"MU.osexp","C:\Users\Public\Experiments\SM01\05-WMC\MU","Tr14_study1.png","4","511089","C:/Users/Public/Experiments/SM01/05-WMC/MU/MU_results/MUsbj015.csv","study","1000","5","15","518942","519944"
"MU.osexp","C:\Users\Public\Experiments\SM01\05-WMC\MU","Tr14_study2.png","4","511089","C:/Users/Public/Experiments/SM01/05-WMC/MU/MU_results/MUsbj015.csv","study","1000","5","15","520320","521322"
"MU.osexp","C:\Users\Public\Experiments\SM01\05-WMC\MU","Tr14_study3.png","4","511089","C:/Users/Public/Experiments/SM01/05-WMC/MU/MU_results/MUsbj015.csv","study","1000","5","15","521697","522699"
"MU.osexp","C:\Users\Public\Experiments\SM01\05-WMC\MU","Tr14_study4.png","4","511089","C:/Users/Public/Experiments/SM01/05-WMC/MU/MU_results/MUsbj015.csv","study","1000","5","15","523170","524172"
"MU.osexp","C:\Users\Public\Experiments\SM01\05-WMC\MU","Tr14_study5.png","4","511089","C:/Users/Public/Experiments/SM01/05-WMC/MU/MU_results/MUsbj015.csv","study","1000","5","15","524508","525510"
"MU.osexp","C:\Users\Public\Experiments\SM01\05-WMC\MU","Tr14_update1.png","4","511089","C:/Users/Public/Experiments/SM01/05-WMC/MU/MU_results/MUsbj015.csv","update","1300","5","15","525843","527145"
"MU.osexp","C:\Users\Public\Experiments\SM01\05-WMC\MU","Tr14_update2.png","4","511089","C:/Users/Public/Experiments/SM01/05-WMC/MU/MU_results/MUsbj015.csv","update","1300","5","15","527509","528811"
"MU.osexp","C:\Users\Public\Experiments\SM01\05-WMC\MU","Tr14_update3.png","4","511089","C:/Users/Public/Experiments/SM01/05-WMC/MU/MU_results/MUsbj015.csv","update","1300","5","15","529185","530487"
"MU.osexp","C:\Users\Public\Experiments\SM01\05-WMC\MU","Tr14_update4.png","4","511089","C:/Users/Public/Experiments/SM01/05-WMC/MU/MU_results/MUsbj015.csv","update","1300","5","15","530831","532133"
"MU.osexp","C:\Users\Public\Experiments\SM01\05-WMC\MU","Tr14_test1.png","2","534353","C:/Users/Public/Experiments/SM01/05-WMC/MU/MU_results/MUsbj015.csv","test","0","5","15","532499","534354"
"MU.osexp","C:\Users\Public\Experiments\SM01\05-WMC\MU","Tr14_test2.png","2","537057","C:/Users/Public/Experiments/SM01/05-WMC/MU/MU_results/MUsbj015.csv","test","0","5","15","535470","537058"
"MU.osexp","C:\Users\Public\Experiments\SM01\05-WMC\MU","Tr14_test3.png","3","539153","C:/Users/Public/Experiments/SM01/05-WMC/MU/MU_results/MUsbj015.csv","test","0","5","15","538159","539154"
"MU.osexp","C:\Users\Public\Experiments\SM01\05-WMC\MU","Tr14_test4.png","2","540553","C:/Users/Public/Experiments/SM01/05-WMC/MU/MU_results/MUsbj015.csv","test","0","5","15","540270","540554"
"MU.osexp","C:\Users\Public\Experiments\SM01\05-WMC\MU","Tr14_test5.png","4","542849","C:/Users/Public/Experiments/SM01/05-WMC/MU/MU_results/MUsbj015.csv","test","0","5","15","541664","542850"
"MU.osexp","C:\Users\Public\Experiments\SM01\05-WMC\MU","wait.png","4","542849","C:/Users/Public/Experiments/SM01/05-WMC/MU/MU_results/MUsbj015.csv","wait","5000","4","15","543952","542850"
"MU.osexp","C:\Users\Public\Experiments\SM01\05-WMC\MU","fixation.png","4","542849","C:/Users/Public/Experiments/SM01/05-WMC/MU/MU_results/MUsbj015.csv","fix","1500","4","15","549054","542850"
"MU.osexp","C:\Users\Public\Experiments\SM01\05-WMC\MU","Tr15_study1.png","4","542849","C:/Users/Public/Experiments/SM01/05-WMC/MU/MU_results/MUsbj015.csv","study","1000","4","15","550693","551695"
"MU.osexp","C:\Users\Public\Experiments\SM01\05-WMC\MU","Tr15_study2.png","4","542849","C:/Users/Public/Experiments/SM01/05-WMC/MU/MU_results/MUsbj015.csv","study","1000","4","15","552056","553058"
"MU.osexp","C:\Users\Public\Experiments\SM01\05-WMC\MU","Tr15_study3.png","4","542849","C:/Users/Public/Experiments/SM01/05-WMC/MU/MU_results/MUsbj015.csv","study","1000","4","15","553417","554419"
"MU.osexp","C:\Users\Public\Experiments\SM01\05-WMC\MU","Tr15_study4.png","4","542849","C:/Users/Public/Experiments/SM01/05-WMC/MU/MU_results/MUsbj015.csv","study","1000","4","15","554781","555783"
"MU.osexp","C:\Users\Public\Experiments\SM01\05-WMC\MU","Tr15_update1.png","4","542849","C:/Users/Public/Experiments/SM01/05-WMC/MU/MU_results/MUsbj015.csv","update","1300","4","15","556143","557445"
"MU.osexp","C:\Users\Public\Experiments\SM01\05-WMC\MU","Tr15_update2.png","4","542849","C:/Users/Public/Experiments/SM01/05-WMC/MU/MU_results/MUsbj015.csv","update","1300","4","15","557808","559110"
"MU.osexp","C:\Users\Public\Experiments\SM01\05-WMC\MU","Tr15_update3.png","4","542849","C:/Users/Public/Experiments/SM01/05-WMC/MU/MU_results/MUsbj015.csv","update","1300","4","15","559452","560754"
"MU.osexp","C:\Users\Public\Experiments\SM01\05-WMC\MU","Tr15_update4.png","4","542849","C:/Users/Public/Experiments/SM01/05-WMC/MU/MU_results/MUsbj015.csv","update","1300","4","15","561110","562412"
"MU.osexp","C:\Users\Public\Experiments\SM01\05-WMC\MU","Tr15_update5.png","4","542849","C:/Users/Public/Experiments/SM01/05-WMC/MU/MU_results/MUsbj015.csv","update","1300","4","15","562772","564074"
"MU.osexp","C:\Users\Public\Experiments\SM01\05-WMC\MU","Tr15_update6.png","4","542849","C:/Users/Public/Experiments/SM01/05-WMC/MU/MU_results/MUsbj015.csv","update","1300","4","15","564407","565709"
"MU.osexp","C:\Users\Public\Experiments\SM01\05-WMC\MU","Tr15_test1.png","7","569145","C:/Users/Public/Experiments/SM01/05-WMC/MU/MU_results/MUsbj015.csv","test","0","4","15","566063","569146"
"MU.osexp","C:\Users\Public\Experiments\SM01\05-WMC\MU","Tr15_test2.png","7","572921","C:/Users/Public/Experiments/SM01/05-WMC/MU/MU_results/MUsbj015.csv","test","0","4","15","570268","572922"
"MU.osexp","C:\Users\Public\Experiments\SM01\05-WMC\MU","Tr15_test3.png","8","574625","C:/Users/Public/Experiments/SM01/05-WMC/MU/MU_results/MUsbj015.csv","test","0","4","15","574024","574626"
"MU.osexp","C:\Users\Public\Experiments\SM01\05-WMC\MU","Tr15_test4.png","3","576361","C:/Users/Public/Experiments/SM01/05-WMC/MU/MU_results/MUsbj015.csv","test","0","4","15","575715","576362"
"MU.osexp","C:\Users\Public\Experiments\SM01\05-WMC\MU","wait.png","3","576361","C:/Users/Public/Experiments/SM01/05-WMC/MU/MU_results/MUsbj015.csv","wait","5000","4","15","577453","576362"
"MU.osexp","C:\Users\Public\Experiments\SM01\05-WMC\MU","fixation.png","3","576361","C:/Users/Public/Experiments/SM01/05-WMC/MU/MU_results/MUsbj015.csv","fix","1500","4","15","582567","576362"
"MU.osexp","C:\Users\Public\Experiments\SM01\05-WMC\MU","Tr16_study1.png","3","576361","C:/Users/Public/Experiments/SM01/05-WMC/MU/MU_results/MUsbj015.csv","study","1000","4","15","584188","585190"
"MU.osexp","C:\Users\Public\Experiments\SM01\05-WMC\MU","Tr16_study2.png","3","576361","C:/Users/Public/Experiments/SM01/05-WMC/MU/MU_results/MUsbj015.csv","study","1000","4","15","585543","586545"
"MU.osexp","C:\Users\Public\Experiments\SM01\05-WMC\MU","Tr16_study3.png","3","576361","C:/Users/Public/Experiments/SM01/05-WMC/MU/MU_results/MUsbj015.csv","study","1000","4","15","586890","587892"
"MU.osexp","C:\Users\Public\Experiments\SM01\05-WMC\MU","Tr16_study4.png","3","576361","C:/Users/Public/Experiments/SM01/05-WMC/MU/MU_results/MUsbj015.csv","study","1000","4","15","588240","589242"
"MU.osexp","C:\Users\Public\Experiments\SM01\05-WMC\MU","Tr16_update1.png","3","576361","C:/Users/Public/Experiments/SM01/05-WMC/MU/MU_results/MUsbj015.csv","update","1300","4","15","589593","590895"
"MU.osexp","C:\Users\Public\Experiments\SM01\05-WMC\MU","Tr16_update2.png","3","576361","C:/Users/Public/Experiments/SM01/05-WMC/MU/MU_results/MUsbj015.csv","update","1300","4","15","591247","592549"
"MU.osexp","C:\Users\Public\Experiments\SM01\05-WMC\MU","Tr16_test1.png","4","595377","C:/Users/Public/Experiments/SM01/05-WMC/MU/MU_results/MUsbj015.csv","test","0","4","15","592890","595378"
"MU.osexp","C:\Users\Public\Experiments\SM01\05-WMC\MU","Tr16_test2.png","3","597921","C:/Users/Public/Experiments/SM01/05-WMC/MU/MU_results/MUsbj015.csv","test","0","4","15","596487","597922"
"MU.osexp","C:\Users\Public\Experiments\SM01\05-WMC\MU","Tr16_test3.png","8","600065","C:/Users/Public/Experiments/SM01/05-WMC/MU/MU_results/MUsbj015.csv","test","0","4","15","599018","600066"
"MU.osexp","C:\Users\Public\Experiments\SM01\05-WMC\MU","Tr16_test4.png","7","601641","C:/Users/Public/Experiments/SM01/05-WMC/MU/MU_results/MUsbj015.csv","test","0","4","15","601190","601642"
"MU.osexp","C:\Users\Public\Experiments\SM01\05-WMC\MU","wait.png","7","601641","C:/Users/Public/Experiments/SM01/05-WMC/MU/MU_results/MUsbj015.csv","wait","5000","5","15","602849","601642"
"MU.osexp","C:\Users\Public\Experiments\SM01\05-WMC\MU","fixation.png","7","601641","C:/Users/Public/Experiments/SM01/05-WMC/MU/MU_results/MUsbj015.csv","fix","1500","5","15","607928","601642"
"MU.osexp","C:\Users\Public\Experiments\SM01\05-WMC\MU","Tr17_study1.png","7","601641","C:/Users/Public/Experiments/SM01/05-WMC/MU/MU_results/MUsbj015.csv","study","1000","5","15","609542","610544"
"MU.osexp","C:\Users\Public\Experiments\SM01\05-WMC\MU","Tr17_study2.png","7","601641","C:/Users/Public/Experiments/SM01/05-WMC/MU/MU_results/MUsbj015.csv","study","1000","5","15","610901","611904"
"MU.osexp","C:\Users\Public\Experiments\SM01\05-WMC\MU","Tr17_study3.png","7","601641","C:/Users/Public/Experiments/SM01/05-WMC/MU/MU_results/MUsbj015.csv","study","1000","5","15","612270","613272"
"MU.osexp","C:\Users\Public\Experiments\SM01\05-WMC\MU","Tr17_study4.png","7","601641","C:/Users/Public/Experiments/SM01/05-WMC/MU/MU_results/MUsbj015.csv","study","1000","5","15","613621","614623"
"MU.osexp","C:\Users\Public\Experiments\SM01\05-WMC\MU","Tr17_study5.png","7","601641","C:/Users/Public/Experiments/SM01/05-WMC/MU/MU_results/MUsbj015.csv","study","1000","5","15","615001","616003"
"MU.osexp","C:\Users\Public\Experiments\SM01\05-WMC\MU","Tr17_update1.png","7","601641","C:/Users/Public/Experiments/SM01/05-WMC/MU/MU_results/MUsbj015.csv","update","1300","5","15","616367","617669"
"MU.osexp","C:\Users\Public\Experiments\SM01\05-WMC\MU","Tr17_update2.png","7","601641","C:/Users/Public/Experiments/SM01/05-WMC/MU/MU_results/MUsbj015.csv","update","1300","5","15","618011","619313"
"MU.osexp","C:\Users\Public\Experiments\SM01\05-WMC\MU","Tr17_update3.png","7","601641","C:/Users/Public/Experiments/SM01/05-WMC/MU/MU_results/MUsbj015.csv","update","1300","5","15","619660","620962"
"MU.osexp","C:\Users\Public\Experiments\SM01\05-WMC\MU","Tr17_update4.png","7","601641","C:/Users/Public/Experiments/SM01/05-WMC/MU/MU_results/MUsbj015.csv","update","1300","5","15","621345","622647"
"MU.osexp","C:\Users\Public\Experiments\SM01\05-WMC\MU","Tr17_update5.png","7","601641","C:/Users/Public/Experiments/SM01/05-WMC/MU/MU_results/MUsbj015.csv","update","1300","5","15","622993","624295"
"MU.osexp","C:\Users\Public\Experiments\SM01\05-WMC\MU","Tr17_update6.png","7","601641","C:/Users/Public/Experiments/SM01/05-WMC/MU/MU_results/MUsbj015.csv","update","1300","5","15","624638","625940"
"MU.osexp","C:\Users\Public\Experiments\SM01\05-WMC\MU","Tr17_test1.png","4","627681","C:/Users/Public/Experiments/SM01/05-WMC/MU/MU_results/MUsbj015.csv","test","0","5","15","626280","627682"
"MU.osexp","C:\Users\Public\Experiments\SM01\05-WMC\MU","Tr17_test2.png","1","629545","C:/Users/Public/Experiments/SM01/05-WMC/MU/MU_results/MUsbj015.csv","test","0","5","15","628775","629546"
"MU.osexp","C:\Users\Public\Experiments\SM01\05-WMC\MU","Tr17_test3.png","7","631489","C:/Users/Public/Experiments/SM01/05-WMC/MU/MU_results/MUsbj015.csv","test","0","5","15","630651","631490"
"MU.osexp","C:\Users\Public\Experiments\SM01\05-WMC\MU","Tr17_test4.png","5","633193","C:/Users/Public/Experiments/SM01/05-WMC/MU/MU_results/MUsbj015.csv","test","0","5","15","632585","633194"
"MU.osexp","C:\Users\Public\Experiments\SM01\05-WMC\MU","Tr17_test5.png","9","634593","C:/Users/Public/Experiments/SM01/05-WMC/MU/MU_results/MUsbj015.csv","test","0","5","15","634311","634594"
