"experiment_file","experiment_path","image","key","key_time","logfile","phase","playtime","setSize","subject_nr","timestamp","waittime"
"MU.osexp","C:\Users\Public\Experiments\IDs\05-WMC\MU","ready1.png","NA","NA","C:/Users/Public/Experiments/IDs/05-WMC/MU/MUsbj085.csv","pre","0","3","85","85776","NA"
"MU.osexp","C:\Users\Public\Experiments\IDs\05-WMC\MU","fixation.png","NA","NA","C:/Users/Public/Experiments/IDs/05-WMC/MU/MUsbj085.csv","fix","1500","3","85","87076","NA"
"MU.osexp","C:\Users\Public\Experiments\IDs\05-WMC\MU","Tr1_study1.png","NA","NA","C:/Users/Public/Experiments/IDs/05-WMC/MU/MUsbj085.csv","study","1000","3","85","88649","89650"
"MU.osexp","C:\Users\Public\Experiments\IDs\05-WMC\MU","Tr1_study2.png","NA","NA","C:/Users/Public/Experiments/IDs/05-WMC/MU/MUsbj085.csv","study","1000","3","85","89971","90973"
"MU.osexp","C:\Users\Public\Experiments\IDs\05-WMC\MU","Tr1_study3.png","NA","NA","C:/Users/Public/Experiments/IDs/05-WMC/MU/MUsbj085.csv","study","1000","3","85","91314","92315"
"MU.osexp","C:\Users\Public\Experiments\IDs\05-WMC\MU","Tr1_update1.png","NA","NA","C:/Users/Public/Experiments/IDs/05-WMC/MU/MUsbj085.csv","update","1300","3","85","92678","93979"
"MU.osexp","C:\Users\Public\Experiments\IDs\05-WMC\MU","Tr1_update2.png","NA","NA","C:/Users/Public/Experiments/IDs/05-WMC/MU/MUsbj085.csv","update","1300","3","85","94289","95590"
"MU.osexp","C:\Users\Public\Experiments\IDs\05-WMC\MU","Tr1_update3.png","NA","NA","C:/Users/Public/Experiments/IDs/05-WMC/MU/MUsbj085.csv","update","1300","3","85","95940","97240"
"MU.osexp","C:\Users\Public\Experiments\IDs\05-WMC\MU","Tr1_test1.png","3","114227","C:/Users/Public/Experiments/IDs/05-WMC/MU/MUsbj085.csv","test","0","3","85","97549","114228"
"MU.osexp","C:\Users\Public\Experiments\IDs\05-WMC\MU","Tr1_test2.png","4","118403","C:/Users/Public/Experiments/IDs/05-WMC/MU/MUsbj085.csv","test","0","3","85","115312","118404"
"MU.osexp","C:\Users\Public\Experiments\IDs\05-WMC\MU","Tr1_test3.png","6","121412","C:/Users/Public/Experiments/IDs/05-WMC/MU/MUsbj085.csv","test","0","3","85","119491","121413"
"MU.osexp","C:\Users\Public\Experiments\IDs\05-WMC\MU","wait.png","6","121412","C:/Users/Public/Experiments/IDs/05-WMC/MU/MUsbj085.csv","wait","5000","3","85","122497","121413"
"MU.osexp","C:\Users\Public\Experiments\IDs\05-WMC\MU","fixation.png","6","121412","C:/Users/Public/Experiments/IDs/05-WMC/MU/MUsbj085.csv","fix","1500","3","85","127577","121413"
"MU.osexp","C:\Users\Public\Experiments\IDs\05-WMC\MU","Tr2_study1.png","6","121412","C:/Users/Public/Experiments/IDs/05-WMC/MU/MUsbj085.csv","study","1000","3","85","129180","130181"
"MU.osexp","C:\Users\Public\Experiments\IDs\05-WMC\MU","Tr2_study2.png","6","121412","C:/Users/Public/Experiments/IDs/05-WMC/MU/MUsbj085.csv","study","1000","3","85","130520","131522"
"MU.osexp","C:\Users\Public\Experiments\IDs\05-WMC\MU","Tr2_study3.png","6","121412","C:/Users/Public/Experiments/IDs/05-WMC/MU/MUsbj085.csv","study","1000","3","85","131860","132862"
"MU.osexp","C:\Users\Public\Experiments\IDs\05-WMC\MU","Tr2_update1.png","6","121412","C:/Users/Public/Experiments/IDs/05-WMC/MU/MUsbj085.csv","update","1300","3","85","133205","134505"
"MU.osexp","C:\Users\Public\Experiments\IDs\05-WMC\MU","Tr2_update2.png","6","121412","C:/Users/Public/Experiments/IDs/05-WMC/MU/MUsbj085.csv","update","1300","3","85","134950","136250"
"MU.osexp","C:\Users\Public\Experiments\IDs\05-WMC\MU","Tr2_update3.png","6","121412","C:/Users/Public/Experiments/IDs/05-WMC/MU/MUsbj085.csv","update","1300","3","85","136601","137903"
"MU.osexp","C:\Users\Public\Experiments\IDs\05-WMC\MU","Tr2_test1.png","4","140260","C:/Users/Public/Experiments/IDs/05-WMC/MU/MUsbj085.csv","test","0","3","85","138247","140261"
"MU.osexp","C:\Users\Public\Experiments\IDs\05-WMC\MU","Tr2_test2.png","5","146171","C:/Users/Public/Experiments/IDs/05-WMC/MU/MUsbj085.csv","test","0","3","85","141346","146172"
"MU.osexp","C:\Users\Public\Experiments\IDs\05-WMC\MU","Tr2_test3.png","7","148683","C:/Users/Public/Experiments/IDs/05-WMC/MU/MUsbj085.csv","test","0","3","85","147255","148684"
"MU.osexp","C:\Users\Public\Experiments\IDs\05-WMC\MU","ready2.png","7","148683","C:/Users/Public/Experiments/IDs/05-WMC/MU/MUsbj085.csv","pre","0","3","85","153758","148684"
"MU.osexp","C:\Users\Public\Experiments\IDs\05-WMC\MU","fixation.png","7","148683","C:/Users/Public/Experiments/IDs/05-WMC/MU/MUsbj085.csv","fix","1500","3","85","155515","148684"
"MU.osexp","C:\Users\Public\Experiments\IDs\05-WMC\MU","Tr3_study1.png","7","148683","C:/Users/Public/Experiments/IDs/05-WMC/MU/MUsbj085.csv","study","1000","3","85","157111","158111"
"MU.osexp","C:\Users\Public\Experiments\IDs\05-WMC\MU","Tr3_study2.png","7","148683","C:/Users/Public/Experiments/IDs/05-WMC/MU/MUsbj085.csv","study","1000","3","85","158441","159442"
"MU.osexp","C:\Users\Public\Experiments\IDs\05-WMC\MU","Tr3_study3.png","7","148683","C:/Users/Public/Experiments/IDs/05-WMC/MU/MUsbj085.csv","study","1000","3","85","159798","160800"
"MU.osexp","C:\Users\Public\Experiments\IDs\05-WMC\MU","Tr3_update1.png","7","148683","C:/Users/Public/Experiments/IDs/05-WMC/MU/MUsbj085.csv","update","1300","3","85","161130","162430"
"MU.osexp","C:\Users\Public\Experiments\IDs\05-WMC\MU","Tr3_update2.png","7","148683","C:/Users/Public/Experiments/IDs/05-WMC/MU/MUsbj085.csv","update","1300","3","85","162795","164095"
"MU.osexp","C:\Users\Public\Experiments\IDs\05-WMC\MU","Tr3_update3.png","7","148683","C:/Users/Public/Experiments/IDs/05-WMC/MU/MUsbj085.csv","update","1300","3","85","164435","165737"
"MU.osexp","C:\Users\Public\Experiments\IDs\05-WMC\MU","Tr3_test1.png","9","169035","C:/Users/Public/Experiments/IDs/05-WMC/MU/MUsbj085.csv","test","0","3","85","166093","169036"
"MU.osexp","C:\Users\Public\Experiments\IDs\05-WMC\MU","Tr3_test2.png","7","170563","C:/Users/Public/Experiments/IDs/05-WMC/MU/MUsbj085.csv","test","0","3","85","170102","170564"
"MU.osexp","C:\Users\Public\Experiments\IDs\05-WMC\MU","Tr3_test3.png","7","172036","C:/Users/Public/Experiments/IDs/05-WMC/MU/MUsbj085.csv","test","0","3","85","171667","172037"
"MU.osexp","C:\Users\Public\Experiments\IDs\05-WMC\MU","wait.png","7","172036","C:/Users/Public/Experiments/IDs/05-WMC/MU/MUsbj085.csv","wait","5000","4","85","173122","172037"
"MU.osexp","C:\Users\Public\Experiments\IDs\05-WMC\MU","fixation.png","7","172036","C:/Users/Public/Experiments/IDs/05-WMC/MU/MUsbj085.csv","fix","1500","4","85","178200","172037"
"MU.osexp","C:\Users\Public\Experiments\IDs\05-WMC\MU","Tr4_study1.png","7","172036","C:/Users/Public/Experiments/IDs/05-WMC/MU/MUsbj085.csv","study","1000","4","85","179792","180793"
"MU.osexp","C:\Users\Public\Experiments\IDs\05-WMC\MU","Tr4_study2.png","7","172036","C:/Users/Public/Experiments/IDs/05-WMC/MU/MUsbj085.csv","study","1000","4","85","181154","182154"
"MU.osexp","C:\Users\Public\Experiments\IDs\05-WMC\MU","Tr4_study3.png","7","172036","C:/Users/Public/Experiments/IDs/05-WMC/MU/MUsbj085.csv","study","1000","4","85","182497","183497"
"MU.osexp","C:\Users\Public\Experiments\IDs\05-WMC\MU","Tr4_study4.png","7","172036","C:/Users/Public/Experiments/IDs/05-WMC/MU/MUsbj085.csv","study","1000","4","85","183832","184834"
"MU.osexp","C:\Users\Public\Experiments\IDs\05-WMC\MU","Tr4_update1.png","7","172036","C:/Users/Public/Experiments/IDs/05-WMC/MU/MUsbj085.csv","update","1300","4","85","185174","186474"
"MU.osexp","C:\Users\Public\Experiments\IDs\05-WMC\MU","Tr4_update2.png","7","172036","C:/Users/Public/Experiments/IDs/05-WMC/MU/MUsbj085.csv","update","1300","4","85","186810","188112"
"MU.osexp","C:\Users\Public\Experiments\IDs\05-WMC\MU","Tr4_update3.png","7","172036","C:/Users/Public/Experiments/IDs/05-WMC/MU/MUsbj085.csv","update","1300","4","85","188473","189774"
"MU.osexp","C:\Users\Public\Experiments\IDs\05-WMC\MU","Tr4_update4.png","7","172036","C:/Users/Public/Experiments/IDs/05-WMC/MU/MUsbj085.csv","update","1300","4","85","190128","191429"
"MU.osexp","C:\Users\Public\Experiments\IDs\05-WMC\MU","Tr4_test1.png","5","198676","C:/Users/Public/Experiments/IDs/05-WMC/MU/MUsbj085.csv","test","0","4","85","191752","198676"
"MU.osexp","C:\Users\Public\Experiments\IDs\05-WMC\MU","Tr4_test2.png","4","200243","C:/Users/Public/Experiments/IDs/05-WMC/MU/MUsbj085.csv","test","0","4","85","199740","200244"
"MU.osexp","C:\Users\Public\Experiments\IDs\05-WMC\MU","Tr4_test3.png","6","201611","C:/Users/Public/Experiments/IDs/05-WMC/MU/MUsbj085.csv","test","0","4","85","201324","201612"
"MU.osexp","C:\Users\Public\Experiments\IDs\05-WMC\MU","Tr4_test4.png","2","203587","C:/Users/Public/Experiments/IDs/05-WMC/MU/MUsbj085.csv","test","0","4","85","202688","203588"
"MU.osexp","C:\Users\Public\Experiments\IDs\05-WMC\MU","wait.png","2","203587","C:/Users/Public/Experiments/IDs/05-WMC/MU/MUsbj085.csv","wait","5000","3","85","204651","203588"
"MU.osexp","C:\Users\Public\Experiments\IDs\05-WMC\MU","fixation.png","2","203587","C:/Users/Public/Experiments/IDs/05-WMC/MU/MUsbj085.csv","fix","1500","3","85","209727","203588"
"MU.osexp","C:\Users\Public\Experiments\IDs\05-WMC\MU","Tr5_study1.png","2","203587","C:/Users/Public/Experiments/IDs/05-WMC/MU/MUsbj085.csv","study","1000","3","85","211315","212315"
"MU.osexp","C:\Users\Public\Experiments\IDs\05-WMC\MU","Tr5_study2.png","2","203587","C:/Users/Public/Experiments/IDs/05-WMC/MU/MUsbj085.csv","study","1000","3","85","212762","213765"
"MU.osexp","C:\Users\Public\Experiments\IDs\05-WMC\MU","Tr5_study3.png","2","203587","C:/Users/Public/Experiments/IDs/05-WMC/MU/MUsbj085.csv","study","1000","3","85","214106","215106"
"MU.osexp","C:\Users\Public\Experiments\IDs\05-WMC\MU","Tr5_update1.png","2","203587","C:/Users/Public/Experiments/IDs/05-WMC/MU/MUsbj085.csv","update","1300","3","85","215465","216767"
"MU.osexp","C:\Users\Public\Experiments\IDs\05-WMC\MU","Tr5_update2.png","2","203587","C:/Users/Public/Experiments/IDs/05-WMC/MU/MUsbj085.csv","update","1300","3","85","217099","218400"
"MU.osexp","C:\Users\Public\Experiments\IDs\05-WMC\MU","Tr5_update3.png","2","203587","C:/Users/Public/Experiments/IDs/05-WMC/MU/MUsbj085.csv","update","1300","3","85","218735","220037"
"MU.osexp","C:\Users\Public\Experiments\IDs\05-WMC\MU","Tr5_update4.png","2","203587","C:/Users/Public/Experiments/IDs/05-WMC/MU/MUsbj085.csv","update","1300","3","85","220366","221668"
"MU.osexp","C:\Users\Public\Experiments\IDs\05-WMC\MU","Tr5_update5.png","2","203587","C:/Users/Public/Experiments/IDs/05-WMC/MU/MUsbj085.csv","update","1300","3","85","222005","223305"
"MU.osexp","C:\Users\Public\Experiments\IDs\05-WMC\MU","Tr5_update6.png","2","203587","C:/Users/Public/Experiments/IDs/05-WMC/MU/MUsbj085.csv","update","1300","3","85","223639","224939"
"MU.osexp","C:\Users\Public\Experiments\IDs\05-WMC\MU","Tr5_test1.png","5","227436","C:/Users/Public/Experiments/IDs/05-WMC/MU/MUsbj085.csv","test","0","3","85","225274","227437"
"MU.osexp","C:\Users\Public\Experiments\IDs\05-WMC\MU","Tr5_test2.png","1","229980","C:/Users/Public/Experiments/IDs/05-WMC/MU/MUsbj085.csv","test","0","3","85","228517","229981"
"MU.osexp","C:\Users\Public\Experiments\IDs\05-WMC\MU","Tr5_test3.png","7","231348","C:/Users/Public/Experiments/IDs/05-WMC/MU/MUsbj085.csv","test","0","3","85","231071","231348"
"MU.osexp","C:\Users\Public\Experiments\IDs\05-WMC\MU","wait.png","7","231348","C:/Users/Public/Experiments/IDs/05-WMC/MU/MUsbj085.csv","wait","5000","4","85","232418","231348"
"MU.osexp","C:\Users\Public\Experiments\IDs\05-WMC\MU","fixation.png","7","231348","C:/Users/Public/Experiments/IDs/05-WMC/MU/MUsbj085.csv","fix","1500","4","85","237558","231348"
"MU.osexp","C:\Users\Public\Experiments\IDs\05-WMC\MU","Tr6_study1.png","7","231348","C:/Users/Public/Experiments/IDs/05-WMC/MU/MUsbj085.csv","study","1000","4","85","239164","240164"
"MU.osexp","C:\Users\Public\Experiments\IDs\05-WMC\MU","Tr6_study2.png","7","231348","C:/Users/Public/Experiments/IDs/05-WMC/MU/MUsbj085.csv","study","1000","4","85","240500","241500"
"MU.osexp","C:\Users\Public\Experiments\IDs\05-WMC\MU","Tr6_study3.png","7","231348","C:/Users/Public/Experiments/IDs/05-WMC/MU/MUsbj085.csv","study","1000","4","85","241838","242839"
"MU.osexp","C:\Users\Public\Experiments\IDs\05-WMC\MU","Tr6_study4.png","7","231348","C:/Users/Public/Experiments/IDs/05-WMC/MU/MUsbj085.csv","study","1000","4","85","243156","244156"
"MU.osexp","C:\Users\Public\Experiments\IDs\05-WMC\MU","Tr6_update1.png","7","231348","C:/Users/Public/Experiments/IDs/05-WMC/MU/MUsbj085.csv","update","1300","4","85","244495","245796"
"MU.osexp","C:\Users\Public\Experiments\IDs\05-WMC\MU","Tr6_update2.png","7","231348","C:/Users/Public/Experiments/IDs/05-WMC/MU/MUsbj085.csv","update","1300","4","85","246158","247460"
"MU.osexp","C:\Users\Public\Experiments\IDs\05-WMC\MU","Tr6_update3.png","7","231348","C:/Users/Public/Experiments/IDs/05-WMC/MU/MUsbj085.csv","update","1300","4","85","247851","249151"
"MU.osexp","C:\Users\Public\Experiments\IDs\05-WMC\MU","Tr6_update4.png","7","231348","C:/Users/Public/Experiments/IDs/05-WMC/MU/MUsbj085.csv","update","1300","4","85","249528","250829"
"MU.osexp","C:\Users\Public\Experiments\IDs\05-WMC\MU","Tr6_update5.png","7","231348","C:/Users/Public/Experiments/IDs/05-WMC/MU/MUsbj085.csv","update","1300","4","85","251200","252500"
"MU.osexp","C:\Users\Public\Experiments\IDs\05-WMC\MU","Tr6_test1.png","6","255091","C:/Users/Public/Experiments/IDs/05-WMC/MU/MUsbj085.csv","test","0","4","85","252850","255092"
"MU.osexp","C:\Users\Public\Experiments\IDs\05-WMC\MU","Tr6_test2.png","5","256579","C:/Users/Public/Experiments/IDs/05-WMC/MU/MUsbj085.csv","test","0","4","85","256197","256580"
"MU.osexp","C:\Users\Public\Experiments\IDs\05-WMC\MU","Tr6_test3.png","6","258772","C:/Users/Public/Experiments/IDs/05-WMC/MU/MUsbj085.csv","test","0","4","85","257649","258773"
"MU.osexp","C:\Users\Public\Experiments\IDs\05-WMC\MU","Tr6_test4.png","4","260132","C:/Users/Public/Experiments/IDs/05-WMC/MU/MUsbj085.csv","test","0","4","85","259848","260133"
"MU.osexp","C:\Users\Public\Experiments\IDs\05-WMC\MU","wait.png","4","260132","C:/Users/Public/Experiments/IDs/05-WMC/MU/MUsbj085.csv","wait","5000","5","85","261351","260133"
"MU.osexp","C:\Users\Public\Experiments\IDs\05-WMC\MU","fixation.png","4","260132","C:/Users/Public/Experiments/IDs/05-WMC/MU/MUsbj085.csv","fix","1500","5","85","266425","260133"
"MU.osexp","C:\Users\Public\Experiments\IDs\05-WMC\MU","Tr7_study1.png","4","260132","C:/Users/Public/Experiments/IDs/05-WMC/MU/MUsbj085.csv","study","1000","5","85","268034","269034"
"MU.osexp","C:\Users\Public\Experiments\IDs\05-WMC\MU","Tr7_study2.png","4","260132","C:/Users/Public/Experiments/IDs/05-WMC/MU/MUsbj085.csv","study","1000","5","85","269351","270353"
"MU.osexp","C:\Users\Public\Experiments\IDs\05-WMC\MU","Tr7_study3.png","4","260132","C:/Users/Public/Experiments/IDs/05-WMC/MU/MUsbj085.csv","study","1000","5","85","270702","271703"
"MU.osexp","C:\Users\Public\Experiments\IDs\05-WMC\MU","Tr7_study4.png","4","260132","C:/Users/Public/Experiments/IDs/05-WMC/MU/MUsbj085.csv","study","1000","5","85","272016","273017"
"MU.osexp","C:\Users\Public\Experiments\IDs\05-WMC\MU","Tr7_study5.png","4","260132","C:/Users/Public/Experiments/IDs/05-WMC/MU/MUsbj085.csv","study","1000","5","85","273342","274344"
"MU.osexp","C:\Users\Public\Experiments\IDs\05-WMC\MU","Tr7_update1.png","4","260132","C:/Users/Public/Experiments/IDs/05-WMC/MU/MUsbj085.csv","update","1300","5","85","274682","275984"
"MU.osexp","C:\Users\Public\Experiments\IDs\05-WMC\MU","Tr7_update2.png","4","260132","C:/Users/Public/Experiments/IDs/05-WMC/MU/MUsbj085.csv","update","1300","5","85","276319","277621"
"MU.osexp","C:\Users\Public\Experiments\IDs\05-WMC\MU","Tr7_update3.png","4","260132","C:/Users/Public/Experiments/IDs/05-WMC/MU/MUsbj085.csv","update","1300","5","85","277933","279233"
"MU.osexp","C:\Users\Public\Experiments\IDs\05-WMC\MU","Tr7_update4.png","4","260132","C:/Users/Public/Experiments/IDs/05-WMC/MU/MUsbj085.csv","update","1300","5","85","279618","280920"
"MU.osexp","C:\Users\Public\Experiments\IDs\05-WMC\MU","Tr7_update5.png","4","260132","C:/Users/Public/Experiments/IDs/05-WMC/MU/MUsbj085.csv","update","1300","5","85","281250","282552"
"MU.osexp","C:\Users\Public\Experiments\IDs\05-WMC\MU","Tr7_test1.png","1","284100","C:/Users/Public/Experiments/IDs/05-WMC/MU/MUsbj085.csv","test","0","5","85","282916","284101"
"MU.osexp","C:\Users\Public\Experiments\IDs\05-WMC\MU","Tr7_test2.png","5","285980","C:/Users/Public/Experiments/IDs/05-WMC/MU/MUsbj085.csv","test","0","5","85","285187","285981"
"MU.osexp","C:\Users\Public\Experiments\IDs\05-WMC\MU","Tr7_test3.png","1","287923","C:/Users/Public/Experiments/IDs/05-WMC/MU/MUsbj085.csv","test","0","5","85","287055","287924"
"MU.osexp","C:\Users\Public\Experiments\IDs\05-WMC\MU","Tr7_test4.png","6","290155","C:/Users/Public/Experiments/IDs/05-WMC/MU/MUsbj085.csv","test","0","5","85","289076","290156"
"MU.osexp","C:\Users\Public\Experiments\IDs\05-WMC\MU","Tr7_test5.png","3","291619","C:/Users/Public/Experiments/IDs/05-WMC/MU/MUsbj085.csv","test","0","5","85","291257","291620"
"MU.osexp","C:\Users\Public\Experiments\IDs\05-WMC\MU","wait.png","3","291619","C:/Users/Public/Experiments/IDs/05-WMC/MU/MUsbj085.csv","wait","5000","4","85","292703","291620"
"MU.osexp","C:\Users\Public\Experiments\IDs\05-WMC\MU","fixation.png","3","291619","C:/Users/Public/Experiments/IDs/05-WMC/MU/MUsbj085.csv","fix","1500","4","85","297794","291620"
"MU.osexp","C:\Users\Public\Experiments\IDs\05-WMC\MU","Tr8_study1.png","3","291619","C:/Users/Public/Experiments/IDs/05-WMC/MU/MUsbj085.csv","study","1000","4","85","299364","300365"
"MU.osexp","C:\Users\Public\Experiments\IDs\05-WMC\MU","Tr8_study2.png","3","291619","C:/Users/Public/Experiments/IDs/05-WMC/MU/MUsbj085.csv","study","1000","4","85","300703","301703"
"MU.osexp","C:\Users\Public\Experiments\IDs\05-WMC\MU","Tr8_study3.png","3","291619","C:/Users/Public/Experiments/IDs/05-WMC/MU/MUsbj085.csv","study","1000","4","85","302019","303021"
"MU.osexp","C:\Users\Public\Experiments\IDs\05-WMC\MU","Tr8_study4.png","3","291619","C:/Users/Public/Experiments/IDs/05-WMC/MU/MUsbj085.csv","study","1000","4","85","303370","304370"
"MU.osexp","C:\Users\Public\Experiments\IDs\05-WMC\MU","Tr8_update1.png","3","291619","C:/Users/Public/Experiments/IDs/05-WMC/MU/MUsbj085.csv","update","1300","4","85","304683","305986"
"MU.osexp","C:\Users\Public\Experiments\IDs\05-WMC\MU","Tr8_update2.png","3","291619","C:/Users/Public/Experiments/IDs/05-WMC/MU/MUsbj085.csv","update","1300","4","85","306331","307633"
"MU.osexp","C:\Users\Public\Experiments\IDs\05-WMC\MU","Tr8_update3.png","3","291619","C:/Users/Public/Experiments/IDs/05-WMC/MU/MUsbj085.csv","update","1300","4","85","307941","309243"
"MU.osexp","C:\Users\Public\Experiments\IDs\05-WMC\MU","Tr8_test1.png","5","314284","C:/Users/Public/Experiments/IDs/05-WMC/MU/MUsbj085.csv","test","0","4","85","309576","314285"
"MU.osexp","C:\Users\Public\Experiments\IDs\05-WMC\MU","Tr8_test2.png","5","317556","C:/Users/Public/Experiments/IDs/05-WMC/MU/MUsbj085.csv","test","0","4","85","315372","317557"
"MU.osexp","C:\Users\Public\Experiments\IDs\05-WMC\MU","Tr8_test3.png","9","319724","C:/Users/Public/Experiments/IDs/05-WMC/MU/MUsbj085.csv","test","0","4","85","318643","319725"
"MU.osexp","C:\Users\Public\Experiments\IDs\05-WMC\MU","Tr8_test4.png","7","321980","C:/Users/Public/Experiments/IDs/05-WMC/MU/MUsbj085.csv","test","0","4","85","320787","321980"
"MU.osexp","C:\Users\Public\Experiments\IDs\05-WMC\MU","wait.png","7","321980","C:/Users/Public/Experiments/IDs/05-WMC/MU/MUsbj085.csv","wait","5000","5","85","323060","321980"
"MU.osexp","C:\Users\Public\Experiments\IDs\05-WMC\MU","fixation.png","7","321980","C:/Users/Public/Experiments/IDs/05-WMC/MU/MUsbj085.csv","fix","1500","5","85","328135","321980"
"MU.osexp","C:\Users\Public\Experiments\IDs\05-WMC\MU","Tr9_study1.png","7","321980","C:/Users/Public/Experiments/IDs/05-WMC/MU/MUsbj085.csv","study","1000","5","85","329723","330723"
"MU.osexp","C:\Users\Public\Experiments\IDs\05-WMC\MU","Tr9_study2.png","7","321980","C:/Users/Public/Experiments/IDs/05-WMC/MU/MUsbj085.csv","study","1000","5","85","331053","332055"
"MU.osexp","C:\Users\Public\Experiments\IDs\05-WMC\MU","Tr9_study3.png","7","321980","C:/Users/Public/Experiments/IDs/05-WMC/MU/MUsbj085.csv","study","1000","5","85","332397","333399"
"MU.osexp","C:\Users\Public\Experiments\IDs\05-WMC\MU","Tr9_study4.png","7","321980","C:/Users/Public/Experiments/IDs/05-WMC/MU/MUsbj085.csv","study","1000","5","85","333732","334732"
"MU.osexp","C:\Users\Public\Experiments\IDs\05-WMC\MU","Tr9_study5.png","7","321980","C:/Users/Public/Experiments/IDs/05-WMC/MU/MUsbj085.csv","study","1000","5","85","335068","336068"
"MU.osexp","C:\Users\Public\Experiments\IDs\05-WMC\MU","Tr9_update1.png","7","321980","C:/Users/Public/Experiments/IDs/05-WMC/MU/MUsbj085.csv","update","1300","5","85","336397","337699"
"MU.osexp","C:\Users\Public\Experiments\IDs\05-WMC\MU","Tr9_update2.png","7","321980","C:/Users/Public/Experiments/IDs/05-WMC/MU/MUsbj085.csv","update","1300","5","85","338016","339317"
"MU.osexp","C:\Users\Public\Experiments\IDs\05-WMC\MU","Tr9_test1.png","4","342315","C:/Users/Public/Experiments/IDs/05-WMC/MU/MUsbj085.csv","test","0","5","85","339626","342316"
"MU.osexp","C:\Users\Public\Experiments\IDs\05-WMC\MU","Tr9_test2.png","9","344883","C:/Users/Public/Experiments/IDs/05-WMC/MU/MUsbj085.csv","test","0","5","85","343399","344884"
"MU.osexp","C:\Users\Public\Experiments\IDs\05-WMC\MU","Tr9_test3.png","5","346420","C:/Users/Public/Experiments/IDs/05-WMC/MU/MUsbj085.csv","test","0","5","85","345962","346421"
"MU.osexp","C:\Users\Public\Experiments\IDs\05-WMC\MU","Tr9_test4.png","6","348204","C:/Users/Public/Experiments/IDs/05-WMC/MU/MUsbj085.csv","test","0","5","85","347514","348205"
"MU.osexp","C:\Users\Public\Experiments\IDs\05-WMC\MU","Tr9_test5.png","7","349564","C:/Users/Public/Experiments/IDs/05-WMC/MU/MUsbj085.csv","test","0","5","85","349284","349565"
"MU.osexp","C:\Users\Public\Experiments\IDs\05-WMC\MU","wait.png","7","349564","C:/Users/Public/Experiments/IDs/05-WMC/MU/MUsbj085.csv","wait","5000","3","85","350660","349565"
"MU.osexp","C:\Users\Public\Experiments\IDs\05-WMC\MU","fixation.png","7","349564","C:/Users/Public/Experiments/IDs/05-WMC/MU/MUsbj085.csv","fix","1500","3","85","355725","349565"
"MU.osexp","C:\Users\Public\Experiments\IDs\05-WMC\MU","Tr10_study1.png","7","349564","C:/Users/Public/Experiments/IDs/05-WMC/MU/MUsbj085.csv","study","1000","3","85","357308","358309"
"MU.osexp","C:\Users\Public\Experiments\IDs\05-WMC\MU","Tr10_study2.png","7","349564","C:/Users/Public/Experiments/IDs/05-WMC/MU/MUsbj085.csv","study","1000","3","85","358648","359648"
"MU.osexp","C:\Users\Public\Experiments\IDs\05-WMC\MU","Tr10_study3.png","7","349564","C:/Users/Public/Experiments/IDs/05-WMC/MU/MUsbj085.csv","study","1000","3","85","359992","360993"
"MU.osexp","C:\Users\Public\Experiments\IDs\05-WMC\MU","Tr10_update1.png","7","349564","C:/Users/Public/Experiments/IDs/05-WMC/MU/MUsbj085.csv","update","1300","3","85","361328","362630"
"MU.osexp","C:\Users\Public\Experiments\IDs\05-WMC\MU","Tr10_update2.png","7","349564","C:/Users/Public/Experiments/IDs/05-WMC/MU/MUsbj085.csv","update","1300","3","85","362958","364259"
"MU.osexp","C:\Users\Public\Experiments\IDs\05-WMC\MU","Tr10_test1.png","5","366420","C:/Users/Public/Experiments/IDs/05-WMC/MU/MUsbj085.csv","test","0","3","85","364602","366421"
"MU.osexp","C:\Users\Public\Experiments\IDs\05-WMC\MU","Tr10_test2.png","2","369460","C:/Users/Public/Experiments/IDs/05-WMC/MU/MUsbj085.csv","test","0","3","85","367492","369461"
"MU.osexp","C:\Users\Public\Experiments\IDs\05-WMC\MU","Tr10_test3.png","3","373540","C:/Users/Public/Experiments/IDs/05-WMC/MU/MUsbj085.csv","test","0","3","85","370559","373541"
"MU.osexp","C:\Users\Public\Experiments\IDs\05-WMC\MU","wait.png","3","373540","C:/Users/Public/Experiments/IDs/05-WMC/MU/MUsbj085.csv","wait","5000","5","85","374635","373541"
"MU.osexp","C:\Users\Public\Experiments\IDs\05-WMC\MU","fixation.png","3","373540","C:/Users/Public/Experiments/IDs/05-WMC/MU/MUsbj085.csv","fix","1500","5","85","379704","373541"
"MU.osexp","C:\Users\Public\Experiments\IDs\05-WMC\MU","Tr11_study1.png","3","373540","C:/Users/Public/Experiments/IDs/05-WMC/MU/MUsbj085.csv","study","1000","5","85","381295","382295"
"MU.osexp","C:\Users\Public\Experiments\IDs\05-WMC\MU","Tr11_study2.png","3","373540","C:/Users/Public/Experiments/IDs/05-WMC/MU/MUsbj085.csv","study","1000","5","85","382622","383622"
"MU.osexp","C:\Users\Public\Experiments\IDs\05-WMC\MU","Tr11_study3.png","3","373540","C:/Users/Public/Experiments/IDs/05-WMC/MU/MUsbj085.csv","study","1000","5","85","384013","385013"
"MU.osexp","C:\Users\Public\Experiments\IDs\05-WMC\MU","Tr11_study4.png","3","373540","C:/Users/Public/Experiments/IDs/05-WMC/MU/MUsbj085.csv","study","1000","5","85","385340","386340"
"MU.osexp","C:\Users\Public\Experiments\IDs\05-WMC\MU","Tr11_study5.png","3","373540","C:/Users/Public/Experiments/IDs/05-WMC/MU/MUsbj085.csv","study","1000","5","85","386652","387653"
"MU.osexp","C:\Users\Public\Experiments\IDs\05-WMC\MU","Tr11_update1.png","3","373540","C:/Users/Public/Experiments/IDs/05-WMC/MU/MUsbj085.csv","update","1300","5","85","388002","389302"
"MU.osexp","C:\Users\Public\Experiments\IDs\05-WMC\MU","Tr11_update2.png","3","373540","C:/Users/Public/Experiments/IDs/05-WMC/MU/MUsbj085.csv","update","1300","5","85","389627","390929"
"MU.osexp","C:\Users\Public\Experiments\IDs\05-WMC\MU","Tr11_update3.png","3","373540","C:/Users/Public/Experiments/IDs/05-WMC/MU/MUsbj085.csv","update","1300","5","85","391276","392576"
"MU.osexp","C:\Users\Public\Experiments\IDs\05-WMC\MU","Tr11_test1.png","5","396715","C:/Users/Public/Experiments/IDs/05-WMC/MU/MUsbj085.csv","test","0","5","85","392886","396716"
"MU.osexp","C:\Users\Public\Experiments\IDs\05-WMC\MU","Tr11_test2.png","6","398123","C:/Users/Public/Experiments/IDs/05-WMC/MU/MUsbj085.csv","test","0","5","85","397798","398124"
"MU.osexp","C:\Users\Public\Experiments\IDs\05-WMC\MU","Tr11_test3.png","8","399500","C:/Users/Public/Experiments/IDs/05-WMC/MU/MUsbj085.csv","test","0","5","85","399204","399501"
"MU.osexp","C:\Users\Public\Experiments\IDs\05-WMC\MU","Tr11_test4.png","5","401052","C:/Users/Public/Experiments/IDs/05-WMC/MU/MUsbj085.csv","test","0","5","85","400591","401053"
"MU.osexp","C:\Users\Public\Experiments\IDs\05-WMC\MU","Tr11_test5.png","1","402212","C:/Users/Public/Experiments/IDs/05-WMC/MU/MUsbj085.csv","test","0","5","85","402137","402213"
"MU.osexp","C:\Users\Public\Experiments\IDs\05-WMC\MU","wait.png","1","402212","C:/Users/Public/Experiments/IDs/05-WMC/MU/MUsbj085.csv","wait","5000","3","85","403289","402213"
"MU.osexp","C:\Users\Public\Experiments\IDs\05-WMC\MU","fixation.png","1","402212","C:/Users/Public/Experiments/IDs/05-WMC/MU/MUsbj085.csv","fix","1500","3","85","408366","402213"
"MU.osexp","C:\Users\Public\Experiments\IDs\05-WMC\MU","Tr12_study1.png","1","402212","C:/Users/Public/Experiments/IDs/05-WMC/MU/MUsbj085.csv","study","1000","3","85","409974","410975"
"MU.osexp","C:\Users\Public\Experiments\IDs\05-WMC\MU","Tr12_study2.png","1","402212","C:/Users/Public/Experiments/IDs/05-WMC/MU/MUsbj085.csv","study","1000","3","85","411311","412313"
"MU.osexp","C:\Users\Public\Experiments\IDs\05-WMC\MU","Tr12_study3.png","1","402212","C:/Users/Public/Experiments/IDs/05-WMC/MU/MUsbj085.csv","study","1000","3","85","412640","413640"
"MU.osexp","C:\Users\Public\Experiments\IDs\05-WMC\MU","Tr12_update1.png","1","402212","C:/Users/Public/Experiments/IDs/05-WMC/MU/MUsbj085.csv","update","1300","3","85","413980","415280"
"MU.osexp","C:\Users\Public\Experiments\IDs\05-WMC\MU","Tr12_update2.png","1","402212","C:/Users/Public/Experiments/IDs/05-WMC/MU/MUsbj085.csv","update","1300","3","85","415608","416909"
"MU.osexp","C:\Users\Public\Experiments\IDs\05-WMC\MU","Tr12_update3.png","1","402212","C:/Users/Public/Experiments/IDs/05-WMC/MU/MUsbj085.csv","update","1300","3","85","417236","418536"
"MU.osexp","C:\Users\Public\Experiments\IDs\05-WMC\MU","Tr12_update4.png","1","402212","C:/Users/Public/Experiments/IDs/05-WMC/MU/MUsbj085.csv","update","1300","3","85","418864","420164"
"MU.osexp","C:\Users\Public\Experiments\IDs\05-WMC\MU","Tr12_update5.png","1","402212","C:/Users/Public/Experiments/IDs/05-WMC/MU/MUsbj085.csv","update","1300","3","85","420499","421801"
"MU.osexp","C:\Users\Public\Experiments\IDs\05-WMC\MU","Tr12_test1.png","4","424876","C:/Users/Public/Experiments/IDs/05-WMC/MU/MUsbj085.csv","test","0","3","85","422141","424877"
"MU.osexp","C:\Users\Public\Experiments\IDs\05-WMC\MU","Tr12_test2.png","5","426508","C:/Users/Public/Experiments/IDs/05-WMC/MU/MUsbj085.csv","test","0","3","85","425965","426508"
"MU.osexp","C:\Users\Public\Experiments\IDs\05-WMC\MU","Tr12_test3.png","2","427948","C:/Users/Public/Experiments/IDs/05-WMC/MU/MUsbj085.csv","test","0","3","85","427591","427948"
"MU.osexp","C:\Users\Public\Experiments\IDs\05-WMC\MU","wait.png","2","427948","C:/Users/Public/Experiments/IDs/05-WMC/MU/MUsbj085.csv","wait","5000","3","85","429047","427948"
"MU.osexp","C:\Users\Public\Experiments\IDs\05-WMC\MU","fixation.png","2","427948","C:/Users/Public/Experiments/IDs/05-WMC/MU/MUsbj085.csv","fix","1500","3","85","434238","427948"
"MU.osexp","C:\Users\Public\Experiments\IDs\05-WMC\MU","Tr13_study1.png","2","427948","C:/Users/Public/Experiments/IDs/05-WMC/MU/MUsbj085.csv","study","1000","3","85","435817","436819"
"MU.osexp","C:\Users\Public\Experiments\IDs\05-WMC\MU","Tr13_study2.png","2","427948","C:/Users/Public/Experiments/IDs/05-WMC/MU/MUsbj085.csv","study","1000","3","85","437147","438147"
"MU.osexp","C:\Users\Public\Experiments\IDs\05-WMC\MU","Tr13_study3.png","2","427948","C:/Users/Public/Experiments/IDs/05-WMC/MU/MUsbj085.csv","study","1000","3","85","438455","439457"
"MU.osexp","C:\Users\Public\Experiments\IDs\05-WMC\MU","Tr13_update1.png","2","427948","C:/Users/Public/Experiments/IDs/05-WMC/MU/MUsbj085.csv","update","1300","3","85","439791","441093"
"MU.osexp","C:\Users\Public\Experiments\IDs\05-WMC\MU","Tr13_update2.png","2","427948","C:/Users/Public/Experiments/IDs/05-WMC/MU/MUsbj085.csv","update","1300","3","85","441419","442720"
"MU.osexp","C:\Users\Public\Experiments\IDs\05-WMC\MU","Tr13_update3.png","2","427948","C:/Users/Public/Experiments/IDs/05-WMC/MU/MUsbj085.csv","update","1300","3","85","443050","444350"
"MU.osexp","C:\Users\Public\Experiments\IDs\05-WMC\MU","Tr13_update4.png","2","427948","C:/Users/Public/Experiments/IDs/05-WMC/MU/MUsbj085.csv","update","1300","3","85","444677","445977"
"MU.osexp","C:\Users\Public\Experiments\IDs\05-WMC\MU","Tr13_test1.png","5","447204","C:/Users/Public/Experiments/IDs/05-WMC/MU/MUsbj085.csv","test","0","3","85","446295","447205"
"MU.osexp","C:\Users\Public\Experiments\IDs\05-WMC\MU","Tr13_test2.png","1","448715","C:/Users/Public/Experiments/IDs/05-WMC/MU/MUsbj085.csv","test","0","3","85","448292","448716"
"MU.osexp","C:\Users\Public\Experiments\IDs\05-WMC\MU","Tr13_test3.png","3","450083","C:/Users/Public/Experiments/IDs/05-WMC/MU/MUsbj085.csv","test","0","3","85","449791","450084"
"MU.osexp","C:\Users\Public\Experiments\IDs\05-WMC\MU","wait.png","3","450083","C:/Users/Public/Experiments/IDs/05-WMC/MU/MUsbj085.csv","wait","5000","5","85","451211","450084"
"MU.osexp","C:\Users\Public\Experiments\IDs\05-WMC\MU","fixation.png","3","450083","C:/Users/Public/Experiments/IDs/05-WMC/MU/MUsbj085.csv","fix","1500","5","85","456278","450084"
"MU.osexp","C:\Users\Public\Experiments\IDs\05-WMC\MU","Tr14_study1.png","3","450083","C:/Users/Public/Experiments/IDs/05-WMC/MU/MUsbj085.csv","study","1000","5","85","457862","458862"
"MU.osexp","C:\Users\Public\Experiments\IDs\05-WMC\MU","Tr14_study2.png","3","450083","C:/Users/Public/Experiments/IDs/05-WMC/MU/MUsbj085.csv","study","1000","5","85","459211","460211"
"MU.osexp","C:\Users\Public\Experiments\IDs\05-WMC\MU","Tr14_study3.png","3","450083","C:/Users/Public/Experiments/IDs/05-WMC/MU/MUsbj085.csv","study","1000","5","85","460543","461543"
"MU.osexp","C:\Users\Public\Experiments\IDs\05-WMC\MU","Tr14_study4.png","3","450083","C:/Users/Public/Experiments/IDs/05-WMC/MU/MUsbj085.csv","study","1000","5","85","461859","462860"
"MU.osexp","C:\Users\Public\Experiments\IDs\05-WMC\MU","Tr14_study5.png","3","450083","C:/Users/Public/Experiments/IDs/05-WMC/MU/MUsbj085.csv","study","1000","5","85","463190","464190"
"MU.osexp","C:\Users\Public\Experiments\IDs\05-WMC\MU","Tr14_update1.png","3","450083","C:/Users/Public/Experiments/IDs/05-WMC/MU/MUsbj085.csv","update","1300","5","85","464548","465849"
"MU.osexp","C:\Users\Public\Experiments\IDs\05-WMC\MU","Tr14_update2.png","3","450083","C:/Users/Public/Experiments/IDs/05-WMC/MU/MUsbj085.csv","update","1300","5","85","466253","467555"
"MU.osexp","C:\Users\Public\Experiments\IDs\05-WMC\MU","Tr14_update3.png","3","450083","C:/Users/Public/Experiments/IDs/05-WMC/MU/MUsbj085.csv","update","1300","5","85","467889","469191"
"MU.osexp","C:\Users\Public\Experiments\IDs\05-WMC\MU","Tr14_update4.png","3","450083","C:/Users/Public/Experiments/IDs/05-WMC/MU/MUsbj085.csv","update","1300","5","85","469525","470825"
"MU.osexp","C:\Users\Public\Experiments\IDs\05-WMC\MU","Tr14_test1.png","2","472052","C:/Users/Public/Experiments/IDs/05-WMC/MU/MUsbj085.csv","test","0","5","85","471197","472053"
"MU.osexp","C:\Users\Public\Experiments\IDs\05-WMC\MU","Tr14_test2.png","6","473572","C:/Users/Public/Experiments/IDs/05-WMC/MU/MUsbj085.csv","test","0","5","85","473193","473573"
"MU.osexp","C:\Users\Public\Experiments\IDs\05-WMC\MU","Tr14_test3.png","4","475076","C:/Users/Public/Experiments/IDs/05-WMC/MU/MUsbj085.csv","test","0","5","85","474661","475077"
"MU.osexp","C:\Users\Public\Experiments\IDs\05-WMC\MU","Tr14_test4.png","3","476508","C:/Users/Public/Experiments/IDs/05-WMC/MU/MUsbj085.csv","test","0","5","85","476194","476509"
"MU.osexp","C:\Users\Public\Experiments\IDs\05-WMC\MU","Tr14_test5.png","1","477924","C:/Users/Public/Experiments/IDs/05-WMC/MU/MUsbj085.csv","test","0","5","85","477579","477925"
"MU.osexp","C:\Users\Public\Experiments\IDs\05-WMC\MU","wait.png","1","477924","C:/Users/Public/Experiments/IDs/05-WMC/MU/MUsbj085.csv","wait","5000","4","85","478998","477925"
"MU.osexp","C:\Users\Public\Experiments\IDs\05-WMC\MU","fixation.png","1","477924","C:/Users/Public/Experiments/IDs/05-WMC/MU/MUsbj085.csv","fix","1500","4","85","484074","477925"
"MU.osexp","C:\Users\Public\Experiments\IDs\05-WMC\MU","Tr15_study1.png","1","477924","C:/Users/Public/Experiments/IDs/05-WMC/MU/MUsbj085.csv","study","1000","4","85","485662","486663"
"MU.osexp","C:\Users\Public\Experiments\IDs\05-WMC\MU","Tr15_study2.png","1","477924","C:/Users/Public/Experiments/IDs/05-WMC/MU/MUsbj085.csv","study","1000","4","85","487012","488012"
"MU.osexp","C:\Users\Public\Experiments\IDs\05-WMC\MU","Tr15_study3.png","1","477924","C:/Users/Public/Experiments/IDs/05-WMC/MU/MUsbj085.csv","study","1000","4","85","488330","489331"
"MU.osexp","C:\Users\Public\Experiments\IDs\05-WMC\MU","Tr15_study4.png","1","477924","C:/Users/Public/Experiments/IDs/05-WMC/MU/MUsbj085.csv","study","1000","4","85","489647","490647"
"MU.osexp","C:\Users\Public\Experiments\IDs\05-WMC\MU","Tr15_update1.png","1","477924","C:/Users/Public/Experiments/IDs/05-WMC/MU/MUsbj085.csv","update","1300","4","85","490980","492282"
"MU.osexp","C:\Users\Public\Experiments\IDs\05-WMC\MU","Tr15_update2.png","1","477924","C:/Users/Public/Experiments/IDs/05-WMC/MU/MUsbj085.csv","update","1300","4","85","492624","493927"
"MU.osexp","C:\Users\Public\Experiments\IDs\05-WMC\MU","Tr15_update3.png","1","477924","C:/Users/Public/Experiments/IDs/05-WMC/MU/MUsbj085.csv","update","1300","4","85","494273","495576"
"MU.osexp","C:\Users\Public\Experiments\IDs\05-WMC\MU","Tr15_update4.png","1","477924","C:/Users/Public/Experiments/IDs/05-WMC/MU/MUsbj085.csv","update","1300","4","85","495905","497206"
"MU.osexp","C:\Users\Public\Experiments\IDs\05-WMC\MU","Tr15_update5.png","1","477924","C:/Users/Public/Experiments/IDs/05-WMC/MU/MUsbj085.csv","update","1300","4","85","497537","498837"
"MU.osexp","C:\Users\Public\Experiments\IDs\05-WMC\MU","Tr15_update6.png","1","477924","C:/Users/Public/Experiments/IDs/05-WMC/MU/MUsbj085.csv","update","1300","4","85","499181","500483"
"MU.osexp","C:\Users\Public\Experiments\IDs\05-WMC\MU","Tr15_test1.png","2","501587","C:/Users/Public/Experiments/IDs/05-WMC/MU/MUsbj085.csv","test","0","4","85","500826","501588"
"MU.osexp","C:\Users\Public\Experiments\IDs\05-WMC\MU","Tr15_test2.png","1","503019","C:/Users/Public/Experiments/IDs/05-WMC/MU/MUsbj085.csv","test","0","4","85","502679","503020"
"MU.osexp","C:\Users\Public\Experiments\IDs\05-WMC\MU","Tr15_test3.png","6","504500","C:/Users/Public/Experiments/IDs/05-WMC/MU/MUsbj085.csv","test","0","4","85","504104","504501"
"MU.osexp","C:\Users\Public\Experiments\IDs\05-WMC\MU","Tr15_test4.png","2","505876","C:/Users/Public/Experiments/IDs/05-WMC/MU/MUsbj085.csv","test","0","4","85","505634","505877"
"MU.osexp","C:\Users\Public\Experiments\IDs\05-WMC\MU","wait.png","2","505876","C:/Users/Public/Experiments/IDs/05-WMC/MU/MUsbj085.csv","wait","5000","4","85","506940","505877"
"MU.osexp","C:\Users\Public\Experiments\IDs\05-WMC\MU","fixation.png","2","505876","C:/Users/Public/Experiments/IDs/05-WMC/MU/MUsbj085.csv","fix","1500","4","85","512022","505877"
"MU.osexp","C:\Users\Public\Experiments\IDs\05-WMC\MU","Tr16_study1.png","2","505876","C:/Users/Public/Experiments/IDs/05-WMC/MU/MUsbj085.csv","study","1000","4","85","513607","514607"
"MU.osexp","C:\Users\Public\Experiments\IDs\05-WMC\MU","Tr16_study2.png","2","505876","C:/Users/Public/Experiments/IDs/05-WMC/MU/MUsbj085.csv","study","1000","4","85","514942","515944"
"MU.osexp","C:\Users\Public\Experiments\IDs\05-WMC\MU","Tr16_study3.png","2","505876","C:/Users/Public/Experiments/IDs/05-WMC/MU/MUsbj085.csv","study","1000","4","85","516272","517272"
"MU.osexp","C:\Users\Public\Experiments\IDs\05-WMC\MU","Tr16_study4.png","2","505876","C:/Users/Public/Experiments/IDs/05-WMC/MU/MUsbj085.csv","study","1000","4","85","517640","518641"
"MU.osexp","C:\Users\Public\Experiments\IDs\05-WMC\MU","Tr16_update1.png","2","505876","C:/Users/Public/Experiments/IDs/05-WMC/MU/MUsbj085.csv","update","1300","4","85","519130","520430"
"MU.osexp","C:\Users\Public\Experiments\IDs\05-WMC\MU","Tr16_update2.png","2","505876","C:/Users/Public/Experiments/IDs/05-WMC/MU/MUsbj085.csv","update","1300","4","85","520765","522067"
"MU.osexp","C:\Users\Public\Experiments\IDs\05-WMC\MU","Tr16_test1.png","3","525044","C:/Users/Public/Experiments/IDs/05-WMC/MU/MUsbj085.csv","test","0","4","85","522409","525045"
"MU.osexp","C:\Users\Public\Experiments\IDs\05-WMC\MU","Tr16_test2.png","5","527084","C:/Users/Public/Experiments/IDs/05-WMC/MU/MUsbj085.csv","test","0","4","85","526138","527085"
"MU.osexp","C:\Users\Public\Experiments\IDs\05-WMC\MU","Tr16_test3.png","7","528508","C:/Users/Public/Experiments/IDs/05-WMC/MU/MUsbj085.csv","test","0","4","85","528177","528509"
"MU.osexp","C:\Users\Public\Experiments\IDs\05-WMC\MU","Tr16_test4.png","6","529892","C:/Users/Public/Experiments/IDs/05-WMC/MU/MUsbj085.csv","test","0","4","85","529597","529893"
"MU.osexp","C:\Users\Public\Experiments\IDs\05-WMC\MU","wait.png","6","529892","C:/Users/Public/Experiments/IDs/05-WMC/MU/MUsbj085.csv","wait","5000","5","85","531033","529893"
"MU.osexp","C:\Users\Public\Experiments\IDs\05-WMC\MU","fixation.png","6","529892","C:/Users/Public/Experiments/IDs/05-WMC/MU/MUsbj085.csv","fix","1500","5","85","536202","529893"
"MU.osexp","C:\Users\Public\Experiments\IDs\05-WMC\MU","Tr17_study1.png","6","529892","C:/Users/Public/Experiments/IDs/05-WMC/MU/MUsbj085.csv","study","1000","5","85","537894","538895"
"MU.osexp","C:\Users\Public\Experiments\IDs\05-WMC\MU","Tr17_study2.png","6","529892","C:/Users/Public/Experiments/IDs/05-WMC/MU/MUsbj085.csv","study","1000","5","85","539214","540216"
"MU.osexp","C:\Users\Public\Experiments\IDs\05-WMC\MU","Tr17_study3.png","6","529892","C:/Users/Public/Experiments/IDs/05-WMC/MU/MUsbj085.csv","study","1000","5","85","540575","541576"
"MU.osexp","C:\Users\Public\Experiments\IDs\05-WMC\MU","Tr17_study4.png","6","529892","C:/Users/Public/Experiments/IDs/05-WMC/MU/MUsbj085.csv","study","1000","5","85","541901","542903"
"MU.osexp","C:\Users\Public\Experiments\IDs\05-WMC\MU","Tr17_study5.png","6","529892","C:/Users/Public/Experiments/IDs/05-WMC/MU/MUsbj085.csv","study","1000","5","85","543235","544236"
"MU.osexp","C:\Users\Public\Experiments\IDs\05-WMC\MU","Tr17_update1.png","6","529892","C:/Users/Public/Experiments/IDs/05-WMC/MU/MUsbj085.csv","update","1300","5","85","544558","545860"
"MU.osexp","C:\Users\Public\Experiments\IDs\05-WMC\MU","Tr17_update2.png","6","529892","C:/Users/Public/Experiments/IDs/05-WMC/MU/MUsbj085.csv","update","1300","5","85","546200","547502"
"MU.osexp","C:\Users\Public\Experiments\IDs\05-WMC\MU","Tr17_update3.png","6","529892","C:/Users/Public/Experiments/IDs/05-WMC/MU/MUsbj085.csv","update","1300","5","85","547833","549135"
"MU.osexp","C:\Users\Public\Experiments\IDs\05-WMC\MU","Tr17_update4.png","6","529892","C:/Users/Public/Experiments/IDs/05-WMC/MU/MUsbj085.csv","update","1300","5","85","549460","550760"
"MU.osexp","C:\Users\Public\Experiments\IDs\05-WMC\MU","Tr17_update5.png","6","529892","C:/Users/Public/Experiments/IDs/05-WMC/MU/MUsbj085.csv","update","1300","5","85","551093","552395"
"MU.osexp","C:\Users\Public\Experiments\IDs\05-WMC\MU","Tr17_update6.png","6","529892","C:/Users/Public/Experiments/IDs/05-WMC/MU/MUsbj085.csv","update","1300","5","85","552729","554030"
"MU.osexp","C:\Users\Public\Experiments\IDs\05-WMC\MU","Tr17_test1.png","2","555107","C:/Users/Public/Experiments/IDs/05-WMC/MU/MUsbj085.csv","test","0","5","85","554360","555108"
"MU.osexp","C:\Users\Public\Experiments\IDs\05-WMC\MU","Tr17_test2.png","1","556636","C:/Users/Public/Experiments/IDs/05-WMC/MU/MUsbj085.csv","test","0","5","85","556194","556637"
"MU.osexp","C:\Users\Public\Experiments\IDs\05-WMC\MU","Tr17_test3.png","6","558044","C:/Users/Public/Experiments/IDs/05-WMC/MU/MUsbj085.csv","test","0","5","85","557731","558045"
"MU.osexp","C:\Users\Public\Experiments\IDs\05-WMC\MU","Tr17_test4.png","4","559740","C:/Users/Public/Experiments/IDs/05-WMC/MU/MUsbj085.csv","test","0","5","85","559110","559741"
"MU.osexp","C:\Users\Public\Experiments\IDs\05-WMC\MU","Tr17_test5.png","3","561156","C:/Users/Public/Experiments/IDs/05-WMC/MU/MUsbj085.csv","test","0","5","85","560834","561157"
