"experiment_file","experiment_path","image","key","key_time","logfile","phase","playtime","setSize","subject_nr","timestamp","waittime"
"MU.osexp","C:\Users\Public\Experiments\SM01\05-WMC\MU","ready1.png","NA","NA","C:/Users/Public/Experiments/SM01/05-WMC/MU/MU_results/MUsbj022.csv","pre","0","3","0","108593","NA"
"MU.osexp","C:\Users\Public\Experiments\SM01\05-WMC\MU","fixation.png","NA","NA","C:/Users/Public/Experiments/SM01/05-WMC/MU/MU_results/MUsbj022.csv","fix","1500","3","0","110014","NA"
"MU.osexp","C:\Users\Public\Experiments\SM01\05-WMC\MU","Tr1_study1.png","NA","NA","C:/Users/Public/Experiments/SM01/05-WMC/MU/MU_results/MUsbj022.csv","study","1000","3","0","111650","112652"
"MU.osexp","C:\Users\Public\Experiments\SM01\05-WMC\MU","Tr1_study2.png","NA","NA","C:/Users/Public/Experiments/SM01/05-WMC/MU/MU_results/MUsbj022.csv","study","1000","3","0","112996","113999"
"MU.osexp","C:\Users\Public\Experiments\SM01\05-WMC\MU","Tr1_study3.png","NA","NA","C:/Users/Public/Experiments/SM01/05-WMC/MU/MU_results/MUsbj022.csv","study","1000","3","0","114364","115366"
"MU.osexp","C:\Users\Public\Experiments\SM01\05-WMC\MU","Tr1_update1.png","NA","NA","C:/Users/Public/Experiments/SM01/05-WMC/MU/MU_results/MUsbj022.csv","update","1300","3","0","115737","117039"
"MU.osexp","C:\Users\Public\Experiments\SM01\05-WMC\MU","Tr1_update2.png","NA","NA","C:/Users/Public/Experiments/SM01/05-WMC/MU/MU_results/MUsbj022.csv","update","1300","3","0","117486","118788"
"MU.osexp","C:\Users\Public\Experiments\SM01\05-WMC\MU","Tr1_update3.png","NA","NA","C:/Users/Public/Experiments/SM01/05-WMC/MU/MU_results/MUsbj022.csv","update","1300","3","0","119141","120443"
"MU.osexp","C:\Users\Public\Experiments\SM01\05-WMC\MU","Tr1_test1.png","9","124718","C:/Users/Public/Experiments/SM01/05-WMC/MU/MU_results/MUsbj022.csv","test","0","3","0","120812","124719"
"MU.osexp","C:\Users\Public\Experiments\SM01\05-WMC\MU","Tr1_test2.png","7","129406","C:/Users/Public/Experiments/SM01/05-WMC/MU/MU_results/MUsbj022.csv","test","0","3","0","125806","129407"
"MU.osexp","C:\Users\Public\Experiments\SM01\05-WMC\MU","Tr1_test3.png","4","134231","C:/Users/Public/Experiments/SM01/05-WMC/MU/MU_results/MUsbj022.csv","test","0","3","0","130498","134232"
"MU.osexp","C:\Users\Public\Experiments\SM01\05-WMC\MU","wait.png","4","134231","C:/Users/Public/Experiments/SM01/05-WMC/MU/MU_results/MUsbj022.csv","wait","5000","3","0","135370","134232"
"MU.osexp","C:\Users\Public\Experiments\SM01\05-WMC\MU","fixation.png","4","134231","C:/Users/Public/Experiments/SM01/05-WMC/MU/MU_results/MUsbj022.csv","fix","1500","3","0","140468","134232"
"MU.osexp","C:\Users\Public\Experiments\SM01\05-WMC\MU","Tr2_study1.png","4","134231","C:/Users/Public/Experiments/SM01/05-WMC/MU/MU_results/MUsbj022.csv","study","1000","3","0","142084","143086"
"MU.osexp","C:\Users\Public\Experiments\SM01\05-WMC\MU","Tr2_study2.png","4","134231","C:/Users/Public/Experiments/SM01/05-WMC/MU/MU_results/MUsbj022.csv","study","1000","3","0","143440","144442"
"MU.osexp","C:\Users\Public\Experiments\SM01\05-WMC\MU","Tr2_study3.png","4","134231","C:/Users/Public/Experiments/SM01/05-WMC/MU/MU_results/MUsbj022.csv","study","1000","3","0","144813","145815"
"MU.osexp","C:\Users\Public\Experiments\SM01\05-WMC\MU","Tr2_update1.png","4","134231","C:/Users/Public/Experiments/SM01/05-WMC/MU/MU_results/MUsbj022.csv","update","1300","3","0","146159","147461"
"MU.osexp","C:\Users\Public\Experiments\SM01\05-WMC\MU","Tr2_update2.png","4","134231","C:/Users/Public/Experiments/SM01/05-WMC/MU/MU_results/MUsbj022.csv","update","1300","3","0","147815","149117"
"MU.osexp","C:\Users\Public\Experiments\SM01\05-WMC\MU","Tr2_update3.png","4","134231","C:/Users/Public/Experiments/SM01/05-WMC/MU/MU_results/MUsbj022.csv","update","1300","3","0","149475","150777"
"MU.osexp","C:\Users\Public\Experiments\SM01\05-WMC\MU","Tr2_test1.png","4","152391","C:/Users/Public/Experiments/SM01/05-WMC/MU/MU_results/MUsbj022.csv","test","0","3","0","151103","152392"
"MU.osexp","C:\Users\Public\Experiments\SM01\05-WMC\MU","Tr2_test2.png","6","157527","C:/Users/Public/Experiments/SM01/05-WMC/MU/MU_results/MUsbj022.csv","test","0","3","0","153488","157527"
"MU.osexp","C:\Users\Public\Experiments\SM01\05-WMC\MU","Tr2_test3.png","3","161230","C:/Users/Public/Experiments/SM01/05-WMC/MU/MU_results/MUsbj022.csv","test","0","3","0","158629","161231"
"MU.osexp","C:\Users\Public\Experiments\SM01\05-WMC\MU","ready2.png","3","161230","C:/Users/Public/Experiments/SM01/05-WMC/MU/MU_results/MUsbj022.csv","pre","0","3","0","170433","161231"
"MU.osexp","C:\Users\Public\Experiments\SM01\05-WMC\MU","fixation.png","3","161230","C:/Users/Public/Experiments/SM01/05-WMC/MU/MU_results/MUsbj022.csv","fix","1500","3","0","172149","161231"
"MU.osexp","C:\Users\Public\Experiments\SM01\05-WMC\MU","Tr3_study1.png","3","161230","C:/Users/Public/Experiments/SM01/05-WMC/MU/MU_results/MUsbj022.csv","study","1000","3","0","173746","174749"
"MU.osexp","C:\Users\Public\Experiments\SM01\05-WMC\MU","Tr3_study2.png","3","161230","C:/Users/Public/Experiments/SM01/05-WMC/MU/MU_results/MUsbj022.csv","study","1000","3","0","175095","176097"
"MU.osexp","C:\Users\Public\Experiments\SM01\05-WMC\MU","Tr3_study3.png","3","161230","C:/Users/Public/Experiments/SM01/05-WMC/MU/MU_results/MUsbj022.csv","study","1000","3","0","176463","177465"
"MU.osexp","C:\Users\Public\Experiments\SM01\05-WMC\MU","Tr3_update1.png","3","161230","C:/Users/Public/Experiments/SM01/05-WMC/MU/MU_results/MUsbj022.csv","update","1300","3","0","177822","179124"
"MU.osexp","C:\Users\Public\Experiments\SM01\05-WMC\MU","Tr3_update2.png","3","161230","C:/Users/Public/Experiments/SM01/05-WMC/MU/MU_results/MUsbj022.csv","update","1300","3","0","179494","180796"
"MU.osexp","C:\Users\Public\Experiments\SM01\05-WMC\MU","Tr3_update3.png","3","161230","C:/Users/Public/Experiments/SM01/05-WMC/MU/MU_results/MUsbj022.csv","update","1300","3","0","181151","182453"
"MU.osexp","C:\Users\Public\Experiments\SM01\05-WMC\MU","Tr3_test1.png","7","188927","C:/Users/Public/Experiments/SM01/05-WMC/MU/MU_results/MUsbj022.csv","test","0","3","0","182822","188928"
"MU.osexp","C:\Users\Public\Experiments\SM01\05-WMC\MU","Tr3_test2.png","5","191935","C:/Users/Public/Experiments/SM01/05-WMC/MU/MU_results/MUsbj022.csv","test","0","3","0","190042","191936"
"MU.osexp","C:\Users\Public\Experiments\SM01\05-WMC\MU","Tr3_test3.png","5","193399","C:/Users/Public/Experiments/SM01/05-WMC/MU/MU_results/MUsbj022.csv","test","0","3","0","193042","193400"
"MU.osexp","C:\Users\Public\Experiments\SM01\05-WMC\MU","wait.png","5","193399","C:/Users/Public/Experiments/SM01/05-WMC/MU/MU_results/MUsbj022.csv","wait","5000","4","0","194523","193400"
"MU.osexp","C:\Users\Public\Experiments\SM01\05-WMC\MU","fixation.png","5","193399","C:/Users/Public/Experiments/SM01/05-WMC/MU/MU_results/MUsbj022.csv","fix","1500","4","0","199615","193400"
"MU.osexp","C:\Users\Public\Experiments\SM01\05-WMC\MU","Tr4_study1.png","5","193399","C:/Users/Public/Experiments/SM01/05-WMC/MU/MU_results/MUsbj022.csv","study","1000","4","0","201333","202335"
"MU.osexp","C:\Users\Public\Experiments\SM01\05-WMC\MU","Tr4_study2.png","5","193399","C:/Users/Public/Experiments/SM01/05-WMC/MU/MU_results/MUsbj022.csv","study","1000","4","0","202668","203670"
"MU.osexp","C:\Users\Public\Experiments\SM01\05-WMC\MU","Tr4_study3.png","5","193399","C:/Users/Public/Experiments/SM01/05-WMC/MU/MU_results/MUsbj022.csv","study","1000","4","0","204050","205052"
"MU.osexp","C:\Users\Public\Experiments\SM01\05-WMC\MU","Tr4_study4.png","5","193399","C:/Users/Public/Experiments/SM01/05-WMC/MU/MU_results/MUsbj022.csv","study","1000","4","0","205480","206482"
"MU.osexp","C:\Users\Public\Experiments\SM01\05-WMC\MU","Tr4_update1.png","5","193399","C:/Users/Public/Experiments/SM01/05-WMC/MU/MU_results/MUsbj022.csv","update","1300","4","0","206832","208134"
"MU.osexp","C:\Users\Public\Experiments\SM01\05-WMC\MU","Tr4_update2.png","5","193399","C:/Users/Public/Experiments/SM01/05-WMC/MU/MU_results/MUsbj022.csv","update","1300","4","0","208483","209785"
"MU.osexp","C:\Users\Public\Experiments\SM01\05-WMC\MU","Tr4_update3.png","5","193399","C:/Users/Public/Experiments/SM01/05-WMC/MU/MU_results/MUsbj022.csv","update","1300","4","0","210154","211456"
"MU.osexp","C:\Users\Public\Experiments\SM01\05-WMC\MU","Tr4_update4.png","5","193399","C:/Users/Public/Experiments/SM01/05-WMC/MU/MU_results/MUsbj022.csv","update","1300","4","0","211793","213095"
"MU.osexp","C:\Users\Public\Experiments\SM01\05-WMC\MU","Tr4_test1.png","2","215862","C:/Users/Public/Experiments/SM01/05-WMC/MU/MU_results/MUsbj022.csv","test","0","4","0","213469","215863"
"MU.osexp","C:\Users\Public\Experiments\SM01\05-WMC\MU","Tr4_test2.png","4","218262","C:/Users/Public/Experiments/SM01/05-WMC/MU/MU_results/MUsbj022.csv","test","0","4","0","216968","218263"
"MU.osexp","C:\Users\Public\Experiments\SM01\05-WMC\MU","Tr4_test3.png","4","221975","C:/Users/Public/Experiments/SM01/05-WMC/MU/MU_results/MUsbj022.csv","test","0","4","0","219381","221976"
"MU.osexp","C:\Users\Public\Experiments\SM01\05-WMC\MU","Tr4_test4.png","3","224471","C:/Users/Public/Experiments/SM01/05-WMC/MU/MU_results/MUsbj022.csv","test","0","4","0","223070","224472"
"MU.osexp","C:\Users\Public\Experiments\SM01\05-WMC\MU","wait.png","3","224471","C:/Users/Public/Experiments/SM01/05-WMC/MU/MU_results/MUsbj022.csv","wait","5000","3","0","225579","224472"
"MU.osexp","C:\Users\Public\Experiments\SM01\05-WMC\MU","fixation.png","3","224471","C:/Users/Public/Experiments/SM01/05-WMC/MU/MU_results/MUsbj022.csv","fix","1500","3","0","230678","224472"
"MU.osexp","C:\Users\Public\Experiments\SM01\05-WMC\MU","Tr5_study1.png","3","224471","C:/Users/Public/Experiments/SM01/05-WMC/MU/MU_results/MUsbj022.csv","study","1000","3","0","232303","233305"
"MU.osexp","C:\Users\Public\Experiments\SM01\05-WMC\MU","Tr5_study2.png","3","224471","C:/Users/Public/Experiments/SM01/05-WMC/MU/MU_results/MUsbj022.csv","study","1000","3","0","233669","234671"
"MU.osexp","C:\Users\Public\Experiments\SM01\05-WMC\MU","Tr5_study3.png","3","224471","C:/Users/Public/Experiments/SM01/05-WMC/MU/MU_results/MUsbj022.csv","study","1000","3","0","235026","236028"
"MU.osexp","C:\Users\Public\Experiments\SM01\05-WMC\MU","Tr5_update1.png","3","224471","C:/Users/Public/Experiments/SM01/05-WMC/MU/MU_results/MUsbj022.csv","update","1300","3","0","236392","237695"
"MU.osexp","C:\Users\Public\Experiments\SM01\05-WMC\MU","Tr5_update2.png","3","224471","C:/Users/Public/Experiments/SM01/05-WMC/MU/MU_results/MUsbj022.csv","update","1300","3","0","238057","239359"
"MU.osexp","C:\Users\Public\Experiments\SM01\05-WMC\MU","Tr5_update3.png","3","224471","C:/Users/Public/Experiments/SM01/05-WMC/MU/MU_results/MUsbj022.csv","update","1300","3","0","239708","241010"
"MU.osexp","C:\Users\Public\Experiments\SM01\05-WMC\MU","Tr5_update4.png","3","224471","C:/Users/Public/Experiments/SM01/05-WMC/MU/MU_results/MUsbj022.csv","update","1300","3","0","241365","242667"
"MU.osexp","C:\Users\Public\Experiments\SM01\05-WMC\MU","Tr5_update5.png","3","224471","C:/Users/Public/Experiments/SM01/05-WMC/MU/MU_results/MUsbj022.csv","update","1300","3","0","243007","244309"
"MU.osexp","C:\Users\Public\Experiments\SM01\05-WMC\MU","Tr5_update6.png","3","224471","C:/Users/Public/Experiments/SM01/05-WMC/MU/MU_results/MUsbj022.csv","update","1300","3","0","244666","245968"
"MU.osexp","C:\Users\Public\Experiments\SM01\05-WMC\MU","Tr5_test1.png","8","253486","C:/Users/Public/Experiments/SM01/05-WMC/MU/MU_results/MUsbj022.csv","test","0","3","0","246297","253487"
"MU.osexp","C:\Users\Public\Experiments\SM01\05-WMC\MU","Tr5_test2.png","7","256559","C:/Users/Public/Experiments/SM01/05-WMC/MU/MU_results/MUsbj022.csv","test","0","3","0","254606","256560"
"MU.osexp","C:\Users\Public\Experiments\SM01\05-WMC\MU","Tr5_test3.png","6","259079","C:/Users/Public/Experiments/SM01/05-WMC/MU/MU_results/MUsbj022.csv","test","0","3","0","257666","259080"
"MU.osexp","C:\Users\Public\Experiments\SM01\05-WMC\MU","wait.png","6","259079","C:/Users/Public/Experiments/SM01/05-WMC/MU/MU_results/MUsbj022.csv","wait","5000","4","0","260182","259080"
"MU.osexp","C:\Users\Public\Experiments\SM01\05-WMC\MU","fixation.png","6","259079","C:/Users/Public/Experiments/SM01/05-WMC/MU/MU_results/MUsbj022.csv","fix","1500","4","0","265271","259080"
"MU.osexp","C:\Users\Public\Experiments\SM01\05-WMC\MU","Tr6_study1.png","6","259079","C:/Users/Public/Experiments/SM01/05-WMC/MU/MU_results/MUsbj022.csv","study","1000","4","0","266886","267888"
"MU.osexp","C:\Users\Public\Experiments\SM01\05-WMC\MU","Tr6_study2.png","6","259079","C:/Users/Public/Experiments/SM01/05-WMC/MU/MU_results/MUsbj022.csv","study","1000","4","0","268239","269241"
"MU.osexp","C:\Users\Public\Experiments\SM01\05-WMC\MU","Tr6_study3.png","6","259079","C:/Users/Public/Experiments/SM01/05-WMC/MU/MU_results/MUsbj022.csv","study","1000","4","0","269613","270615"
"MU.osexp","C:\Users\Public\Experiments\SM01\05-WMC\MU","Tr6_study4.png","6","259079","C:/Users/Public/Experiments/SM01/05-WMC/MU/MU_results/MUsbj022.csv","study","1000","4","0","270976","271978"
"MU.osexp","C:\Users\Public\Experiments\SM01\05-WMC\MU","Tr6_update1.png","6","259079","C:/Users/Public/Experiments/SM01/05-WMC/MU/MU_results/MUsbj022.csv","update","1300","4","0","272348","273650"
"MU.osexp","C:\Users\Public\Experiments\SM01\05-WMC\MU","Tr6_update2.png","6","259079","C:/Users/Public/Experiments/SM01/05-WMC/MU/MU_results/MUsbj022.csv","update","1300","4","0","274014","275316"
"MU.osexp","C:\Users\Public\Experiments\SM01\05-WMC\MU","Tr6_update3.png","6","259079","C:/Users/Public/Experiments/SM01/05-WMC/MU/MU_results/MUsbj022.csv","update","1300","4","0","275677","276979"
"MU.osexp","C:\Users\Public\Experiments\SM01\05-WMC\MU","Tr6_update4.png","6","259079","C:/Users/Public/Experiments/SM01/05-WMC/MU/MU_results/MUsbj022.csv","update","1300","4","0","277344","278646"
"MU.osexp","C:\Users\Public\Experiments\SM01\05-WMC\MU","Tr6_update5.png","6","259079","C:/Users/Public/Experiments/SM01/05-WMC/MU/MU_results/MUsbj022.csv","update","1300","4","0","279008","280310"
"MU.osexp","C:\Users\Public\Experiments\SM01\05-WMC\MU","Tr6_test1.png","6","284486","C:/Users/Public/Experiments/SM01/05-WMC/MU/MU_results/MUsbj022.csv","test","0","4","0","280661","284487"
"MU.osexp","C:\Users\Public\Experiments\SM01\05-WMC\MU","Tr6_test2.png","5","289774","C:/Users/Public/Experiments/SM01/05-WMC/MU/MU_results/MUsbj022.csv","test","0","4","0","285585","289775"
"MU.osexp","C:\Users\Public\Experiments\SM01\05-WMC\MU","Tr6_test3.png","3","294567","C:/Users/Public/Experiments/SM01/05-WMC/MU/MU_results/MUsbj022.csv","test","0","4","0","290871","294568"
"MU.osexp","C:\Users\Public\Experiments\SM01\05-WMC\MU","Tr6_test4.png","8","297695","C:/Users/Public/Experiments/SM01/05-WMC/MU/MU_results/MUsbj022.csv","test","0","4","0","295666","297696"
"MU.osexp","C:\Users\Public\Experiments\SM01\05-WMC\MU","wait.png","8","297695","C:/Users/Public/Experiments/SM01/05-WMC/MU/MU_results/MUsbj022.csv","wait","5000","5","0","298800","297696"
"MU.osexp","C:\Users\Public\Experiments\SM01\05-WMC\MU","fixation.png","8","297695","C:/Users/Public/Experiments/SM01/05-WMC/MU/MU_results/MUsbj022.csv","fix","1500","5","0","303903","297696"
"MU.osexp","C:\Users\Public\Experiments\SM01\05-WMC\MU","Tr7_study1.png","8","297695","C:/Users/Public/Experiments/SM01/05-WMC/MU/MU_results/MUsbj022.csv","study","1000","5","0","305525","306527"
"MU.osexp","C:\Users\Public\Experiments\SM01\05-WMC\MU","Tr7_study2.png","8","297695","C:/Users/Public/Experiments/SM01/05-WMC/MU/MU_results/MUsbj022.csv","study","1000","5","0","306876","307878"
"MU.osexp","C:\Users\Public\Experiments\SM01\05-WMC\MU","Tr7_study3.png","8","297695","C:/Users/Public/Experiments/SM01/05-WMC/MU/MU_results/MUsbj022.csv","study","1000","5","0","308253","309255"
"MU.osexp","C:\Users\Public\Experiments\SM01\05-WMC\MU","Tr7_study4.png","8","297695","C:/Users/Public/Experiments/SM01/05-WMC/MU/MU_results/MUsbj022.csv","study","1000","5","0","309610","310612"
"MU.osexp","C:\Users\Public\Experiments\SM01\05-WMC\MU","Tr7_study5.png","8","297695","C:/Users/Public/Experiments/SM01/05-WMC/MU/MU_results/MUsbj022.csv","study","1000","5","0","310989","311991"
"MU.osexp","C:\Users\Public\Experiments\SM01\05-WMC\MU","Tr7_update1.png","8","297695","C:/Users/Public/Experiments/SM01/05-WMC/MU/MU_results/MUsbj022.csv","update","1300","5","0","312354","313656"
"MU.osexp","C:\Users\Public\Experiments\SM01\05-WMC\MU","Tr7_update2.png","8","297695","C:/Users/Public/Experiments/SM01/05-WMC/MU/MU_results/MUsbj022.csv","update","1300","5","0","314096","315398"
"MU.osexp","C:\Users\Public\Experiments\SM01\05-WMC\MU","Tr7_update3.png","8","297695","C:/Users/Public/Experiments/SM01/05-WMC/MU/MU_results/MUsbj022.csv","update","1300","5","0","315749","317051"
"MU.osexp","C:\Users\Public\Experiments\SM01\05-WMC\MU","Tr7_update4.png","8","297695","C:/Users/Public/Experiments/SM01/05-WMC/MU/MU_results/MUsbj022.csv","update","1300","5","0","317411","318713"
"MU.osexp","C:\Users\Public\Experiments\SM01\05-WMC\MU","Tr7_update5.png","8","297695","C:/Users/Public/Experiments/SM01/05-WMC/MU/MU_results/MUsbj022.csv","update","1300","5","0","319050","320352"
"MU.osexp","C:\Users\Public\Experiments\SM01\05-WMC\MU","Tr7_test1.png","5","322438","C:/Users/Public/Experiments/SM01/05-WMC/MU/MU_results/MUsbj022.csv","test","0","5","0","320710","322439"
"MU.osexp","C:\Users\Public\Experiments\SM01\05-WMC\MU","Tr7_test2.png","5","324758","C:/Users/Public/Experiments/SM01/05-WMC/MU/MU_results/MUsbj022.csv","test","0","5","0","323531","324759"
"MU.osexp","C:\Users\Public\Experiments\SM01\05-WMC\MU","Tr7_test3.png","7","327055","C:/Users/Public/Experiments/SM01/05-WMC/MU/MU_results/MUsbj022.csv","test","0","5","0","325860","327056"
"MU.osexp","C:\Users\Public\Experiments\SM01\05-WMC\MU","Tr7_test4.png","4","329447","C:/Users/Public/Experiments/SM01/05-WMC/MU/MU_results/MUsbj022.csv","test","0","5","0","328158","329448"
"MU.osexp","C:\Users\Public\Experiments\SM01\05-WMC\MU","Tr7_test5.png","6","332279","C:/Users/Public/Experiments/SM01/05-WMC/MU/MU_results/MUsbj022.csv","test","0","5","0","330565","332280"
"MU.osexp","C:\Users\Public\Experiments\SM01\05-WMC\MU","wait.png","6","332279","C:/Users/Public/Experiments/SM01/05-WMC/MU/MU_results/MUsbj022.csv","wait","5000","4","0","333384","332280"
"MU.osexp","C:\Users\Public\Experiments\SM01\05-WMC\MU","fixation.png","6","332279","C:/Users/Public/Experiments/SM01/05-WMC/MU/MU_results/MUsbj022.csv","fix","1500","4","0","338498","332280"
"MU.osexp","C:\Users\Public\Experiments\SM01\05-WMC\MU","Tr8_study1.png","6","332279","C:/Users/Public/Experiments/SM01/05-WMC/MU/MU_results/MUsbj022.csv","study","1000","4","0","340101","341103"
"MU.osexp","C:\Users\Public\Experiments\SM01\05-WMC\MU","Tr8_study2.png","6","332279","C:/Users/Public/Experiments/SM01/05-WMC/MU/MU_results/MUsbj022.csv","study","1000","4","0","341467","342469"
"MU.osexp","C:\Users\Public\Experiments\SM01\05-WMC\MU","Tr8_study3.png","6","332279","C:/Users/Public/Experiments/SM01/05-WMC/MU/MU_results/MUsbj022.csv","study","1000","4","0","342816","343819"
"MU.osexp","C:\Users\Public\Experiments\SM01\05-WMC\MU","Tr8_study4.png","6","332279","C:/Users/Public/Experiments/SM01/05-WMC/MU/MU_results/MUsbj022.csv","study","1000","4","0","344181","345183"
"MU.osexp","C:\Users\Public\Experiments\SM01\05-WMC\MU","Tr8_update1.png","6","332279","C:/Users/Public/Experiments/SM01/05-WMC/MU/MU_results/MUsbj022.csv","update","1300","4","0","345530","346832"
"MU.osexp","C:\Users\Public\Experiments\SM01\05-WMC\MU","Tr8_update2.png","6","332279","C:/Users/Public/Experiments/SM01/05-WMC/MU/MU_results/MUsbj022.csv","update","1300","4","0","347180","348482"
"MU.osexp","C:\Users\Public\Experiments\SM01\05-WMC\MU","Tr8_update3.png","6","332279","C:/Users/Public/Experiments/SM01/05-WMC/MU/MU_results/MUsbj022.csv","update","1300","4","0","348859","350161"
"MU.osexp","C:\Users\Public\Experiments\SM01\05-WMC\MU","Tr8_test1.png","2","353991","C:/Users/Public/Experiments/SM01/05-WMC/MU/MU_results/MUsbj022.csv","test","0","4","0","350508","353992"
"MU.osexp","C:\Users\Public\Experiments\SM01\05-WMC\MU","Tr8_test2.png","4","357286","C:/Users/Public/Experiments/SM01/05-WMC/MU/MU_results/MUsbj022.csv","test","0","4","0","355095","357287"
"MU.osexp","C:\Users\Public\Experiments\SM01\05-WMC\MU","Tr8_test3.png","9","359902","C:/Users/Public/Experiments/SM01/05-WMC/MU/MU_results/MUsbj022.csv","test","0","4","0","358399","359903"
"MU.osexp","C:\Users\Public\Experiments\SM01\05-WMC\MU","Tr8_test4.png","6","364159","C:/Users/Public/Experiments/SM01/05-WMC/MU/MU_results/MUsbj022.csv","test","0","4","0","361038","364160"
"MU.osexp","C:\Users\Public\Experiments\SM01\05-WMC\MU","wait.png","6","364159","C:/Users/Public/Experiments/SM01/05-WMC/MU/MU_results/MUsbj022.csv","wait","5000","5","0","365284","364160"
"MU.osexp","C:\Users\Public\Experiments\SM01\05-WMC\MU","fixation.png","6","364159","C:/Users/Public/Experiments/SM01/05-WMC/MU/MU_results/MUsbj022.csv","fix","1500","5","0","370478","364160"
"MU.osexp","C:\Users\Public\Experiments\SM01\05-WMC\MU","Tr9_study1.png","6","364159","C:/Users/Public/Experiments/SM01/05-WMC/MU/MU_results/MUsbj022.csv","study","1000","5","0","372084","373086"
"MU.osexp","C:\Users\Public\Experiments\SM01\05-WMC\MU","Tr9_study2.png","6","364159","C:/Users/Public/Experiments/SM01/05-WMC/MU/MU_results/MUsbj022.csv","study","1000","5","0","373483","374486"
"MU.osexp","C:\Users\Public\Experiments\SM01\05-WMC\MU","Tr9_study3.png","6","364159","C:/Users/Public/Experiments/SM01/05-WMC/MU/MU_results/MUsbj022.csv","study","1000","5","0","374833","375835"
"MU.osexp","C:\Users\Public\Experiments\SM01\05-WMC\MU","Tr9_study4.png","6","364159","C:/Users/Public/Experiments/SM01/05-WMC/MU/MU_results/MUsbj022.csv","study","1000","5","0","376203","377205"
"MU.osexp","C:\Users\Public\Experiments\SM01\05-WMC\MU","Tr9_study5.png","6","364159","C:/Users/Public/Experiments/SM01/05-WMC/MU/MU_results/MUsbj022.csv","study","1000","5","0","377569","378571"
"MU.osexp","C:\Users\Public\Experiments\SM01\05-WMC\MU","Tr9_update1.png","6","364159","C:/Users/Public/Experiments/SM01/05-WMC/MU/MU_results/MUsbj022.csv","update","1300","5","0","378910","380212"
"MU.osexp","C:\Users\Public\Experiments\SM01\05-WMC\MU","Tr9_update2.png","6","364159","C:/Users/Public/Experiments/SM01/05-WMC/MU/MU_results/MUsbj022.csv","update","1300","5","0","380542","381844"
"MU.osexp","C:\Users\Public\Experiments\SM01\05-WMC\MU","Tr9_test1.png","4","384599","C:/Users/Public/Experiments/SM01/05-WMC/MU/MU_results/MUsbj022.csv","test","0","5","0","382206","384600"
"MU.osexp","C:\Users\Public\Experiments\SM01\05-WMC\MU","Tr9_test2.png","7","388095","C:/Users/Public/Experiments/SM01/05-WMC/MU/MU_results/MUsbj022.csv","test","0","5","0","385795","388096"
"MU.osexp","C:\Users\Public\Experiments\SM01\05-WMC\MU","Tr9_test3.png","5","390070","C:/Users/Public/Experiments/SM01/05-WMC/MU/MU_results/MUsbj022.csv","test","0","5","0","389197","390071"
"MU.osexp","C:\Users\Public\Experiments\SM01\05-WMC\MU","Tr9_test4.png","1","392198","C:/Users/Public/Experiments/SM01/05-WMC/MU/MU_results/MUsbj022.csv","test","0","5","0","391195","392199"
"MU.osexp","C:\Users\Public\Experiments\SM01\05-WMC\MU","Tr9_test5.png","7","395086","C:/Users/Public/Experiments/SM01/05-WMC/MU/MU_results/MUsbj022.csv","test","0","5","0","393327","395087"
"MU.osexp","C:\Users\Public\Experiments\SM01\05-WMC\MU","wait.png","7","395086","C:/Users/Public/Experiments/SM01/05-WMC/MU/MU_results/MUsbj022.csv","wait","5000","3","0","396191","395087"
"MU.osexp","C:\Users\Public\Experiments\SM01\05-WMC\MU","fixation.png","7","395086","C:/Users/Public/Experiments/SM01/05-WMC/MU/MU_results/MUsbj022.csv","fix","1500","3","0","401313","395087"
"MU.osexp","C:\Users\Public\Experiments\SM01\05-WMC\MU","Tr10_study1.png","7","395086","C:/Users/Public/Experiments/SM01/05-WMC/MU/MU_results/MUsbj022.csv","study","1000","3","0","402909","403911"
"MU.osexp","C:\Users\Public\Experiments\SM01\05-WMC\MU","Tr10_study2.png","7","395086","C:/Users/Public/Experiments/SM01/05-WMC/MU/MU_results/MUsbj022.csv","study","1000","3","0","404298","405300"
"MU.osexp","C:\Users\Public\Experiments\SM01\05-WMC\MU","Tr10_study3.png","7","395086","C:/Users/Public/Experiments/SM01/05-WMC/MU/MU_results/MUsbj022.csv","study","1000","3","0","405670","406672"
"MU.osexp","C:\Users\Public\Experiments\SM01\05-WMC\MU","Tr10_update1.png","7","395086","C:/Users/Public/Experiments/SM01/05-WMC/MU/MU_results/MUsbj022.csv","update","1300","3","0","407027","408329"
"MU.osexp","C:\Users\Public\Experiments\SM01\05-WMC\MU","Tr10_update2.png","7","395086","C:/Users/Public/Experiments/SM01/05-WMC/MU/MU_results/MUsbj022.csv","update","1300","3","0","408683","409985"
"MU.osexp","C:\Users\Public\Experiments\SM01\05-WMC\MU","Tr10_test1.png","5","412454","C:/Users/Public/Experiments/SM01/05-WMC/MU/MU_results/MUsbj022.csv","test","0","3","0","410357","412455"
"MU.osexp","C:\Users\Public\Experiments\SM01\05-WMC\MU","Tr10_test2.png","5","419799","C:/Users/Public/Experiments/SM01/05-WMC/MU/MU_results/MUsbj022.csv","test","0","3","0","413554","419800"
"MU.osexp","C:\Users\Public\Experiments\SM01\05-WMC\MU","Tr10_test3.png","3","426110","C:/Users/Public/Experiments/SM01/05-WMC/MU/MU_results/MUsbj022.csv","test","0","3","0","420925","426111"
"MU.osexp","C:\Users\Public\Experiments\SM01\05-WMC\MU","wait.png","3","426110","C:/Users/Public/Experiments/SM01/05-WMC/MU/MU_results/MUsbj022.csv","wait","5000","5","0","427233","426111"
"MU.osexp","C:\Users\Public\Experiments\SM01\05-WMC\MU","fixation.png","3","426110","C:/Users/Public/Experiments/SM01/05-WMC/MU/MU_results/MUsbj022.csv","fix","1500","5","0","432338","426111"
"MU.osexp","C:\Users\Public\Experiments\SM01\05-WMC\MU","Tr11_study1.png","3","426110","C:/Users/Public/Experiments/SM01/05-WMC/MU/MU_results/MUsbj022.csv","study","1000","5","0","433967","434969"
"MU.osexp","C:\Users\Public\Experiments\SM01\05-WMC\MU","Tr11_study2.png","3","426110","C:/Users/Public/Experiments/SM01/05-WMC/MU/MU_results/MUsbj022.csv","study","1000","5","0","435349","436351"
"MU.osexp","C:\Users\Public\Experiments\SM01\05-WMC\MU","Tr11_study3.png","3","426110","C:/Users/Public/Experiments/SM01/05-WMC/MU/MU_results/MUsbj022.csv","study","1000","5","0","436711","437713"
"MU.osexp","C:\Users\Public\Experiments\SM01\05-WMC\MU","Tr11_study4.png","3","426110","C:/Users/Public/Experiments/SM01/05-WMC/MU/MU_results/MUsbj022.csv","study","1000","5","0","438073","439075"
"MU.osexp","C:\Users\Public\Experiments\SM01\05-WMC\MU","Tr11_study5.png","3","426110","C:/Users/Public/Experiments/SM01/05-WMC/MU/MU_results/MUsbj022.csv","study","1000","5","0","439442","440445"
"MU.osexp","C:\Users\Public\Experiments\SM01\05-WMC\MU","Tr11_update1.png","3","426110","C:/Users/Public/Experiments/SM01/05-WMC/MU/MU_results/MUsbj022.csv","update","1300","5","0","440824","442126"
"MU.osexp","C:\Users\Public\Experiments\SM01\05-WMC\MU","Tr11_update2.png","3","426110","C:/Users/Public/Experiments/SM01/05-WMC/MU/MU_results/MUsbj022.csv","update","1300","5","0","442452","443754"
"MU.osexp","C:\Users\Public\Experiments\SM01\05-WMC\MU","Tr11_update3.png","3","426110","C:/Users/Public/Experiments/SM01/05-WMC/MU/MU_results/MUsbj022.csv","update","1300","5","0","444139","445441"
"MU.osexp","C:\Users\Public\Experiments\SM01\05-WMC\MU","Tr11_test1.png","7","447254","C:/Users/Public/Experiments/SM01/05-WMC/MU/MU_results/MUsbj022.csv","test","0","5","0","445793","447255"
"MU.osexp","C:\Users\Public\Experiments\SM01\05-WMC\MU","Tr11_test2.png","4","449799","C:/Users/Public/Experiments/SM01/05-WMC/MU/MU_results/MUsbj022.csv","test","0","5","0","448375","449800"
"MU.osexp","C:\Users\Public\Experiments\SM01\05-WMC\MU","Tr11_test3.png","5","452327","C:/Users/Public/Experiments/SM01/05-WMC/MU/MU_results/MUsbj022.csv","test","0","5","0","450906","452328"
"MU.osexp","C:\Users\Public\Experiments\SM01\05-WMC\MU","Tr11_test4.png","6","456759","C:/Users/Public/Experiments/SM01/05-WMC/MU/MU_results/MUsbj022.csv","test","0","5","0","453440","456760"
"MU.osexp","C:\Users\Public\Experiments\SM01\05-WMC\MU","Tr11_test5.png","7","458583","C:/Users/Public/Experiments/SM01/05-WMC/MU/MU_results/MUsbj022.csv","test","0","5","0","457866","458584"
"MU.osexp","C:\Users\Public\Experiments\SM01\05-WMC\MU","wait.png","7","458583","C:/Users/Public/Experiments/SM01/05-WMC/MU/MU_results/MUsbj022.csv","wait","5000","3","0","459694","458584"
"MU.osexp","C:\Users\Public\Experiments\SM01\05-WMC\MU","fixation.png","7","458583","C:/Users/Public/Experiments/SM01/05-WMC/MU/MU_results/MUsbj022.csv","fix","1500","3","0","464798","458584"
"MU.osexp","C:\Users\Public\Experiments\SM01\05-WMC\MU","Tr12_study1.png","7","458583","C:/Users/Public/Experiments/SM01/05-WMC/MU/MU_results/MUsbj022.csv","study","1000","3","0","466423","467425"
"MU.osexp","C:\Users\Public\Experiments\SM01\05-WMC\MU","Tr12_study2.png","7","458583","C:/Users/Public/Experiments/SM01/05-WMC/MU/MU_results/MUsbj022.csv","study","1000","3","0","467810","468812"
"MU.osexp","C:\Users\Public\Experiments\SM01\05-WMC\MU","Tr12_study3.png","7","458583","C:/Users/Public/Experiments/SM01/05-WMC/MU/MU_results/MUsbj022.csv","study","1000","3","0","469176","470178"
"MU.osexp","C:\Users\Public\Experiments\SM01\05-WMC\MU","Tr12_update1.png","7","458583","C:/Users/Public/Experiments/SM01/05-WMC/MU/MU_results/MUsbj022.csv","update","1300","3","0","470547","471849"
"MU.osexp","C:\Users\Public\Experiments\SM01\05-WMC\MU","Tr12_update2.png","7","458583","C:/Users/Public/Experiments/SM01/05-WMC/MU/MU_results/MUsbj022.csv","update","1300","3","0","472219","473521"
"MU.osexp","C:\Users\Public\Experiments\SM01\05-WMC\MU","Tr12_update3.png","7","458583","C:/Users/Public/Experiments/SM01/05-WMC/MU/MU_results/MUsbj022.csv","update","1300","3","0","473886","475188"
"MU.osexp","C:\Users\Public\Experiments\SM01\05-WMC\MU","Tr12_update4.png","7","458583","C:/Users/Public/Experiments/SM01/05-WMC/MU/MU_results/MUsbj022.csv","update","1300","3","0","475563","476865"
"MU.osexp","C:\Users\Public\Experiments\SM01\05-WMC\MU","Tr12_update5.png","7","458583","C:/Users/Public/Experiments/SM01/05-WMC/MU/MU_results/MUsbj022.csv","update","1300","3","0","477242","478544"
"MU.osexp","C:\Users\Public\Experiments\SM01\05-WMC\MU","Tr12_test1.png","4","485559","C:/Users/Public/Experiments/SM01/05-WMC/MU/MU_results/MUsbj022.csv","test","0","3","0","478920","485560"
"MU.osexp","C:\Users\Public\Experiments\SM01\05-WMC\MU","Tr12_test2.png","8","492231","C:/Users/Public/Experiments/SM01/05-WMC/MU/MU_results/MUsbj022.csv","test","0","3","0","486670","492232"
"MU.osexp","C:\Users\Public\Experiments\SM01\05-WMC\MU","Tr12_test3.png","4","494103","C:/Users/Public/Experiments/SM01/05-WMC/MU/MU_results/MUsbj022.csv","test","0","3","0","493336","494104"
"MU.osexp","C:\Users\Public\Experiments\SM01\05-WMC\MU","wait.png","4","494103","C:/Users/Public/Experiments/SM01/05-WMC/MU/MU_results/MUsbj022.csv","wait","5000","3","0","495214","494104"
"MU.osexp","C:\Users\Public\Experiments\SM01\05-WMC\MU","fixation.png","4","494103","C:/Users/Public/Experiments/SM01/05-WMC/MU/MU_results/MUsbj022.csv","fix","1500","3","0","500310","494104"
"MU.osexp","C:\Users\Public\Experiments\SM01\05-WMC\MU","Tr13_study1.png","4","494103","C:/Users/Public/Experiments/SM01/05-WMC/MU/MU_results/MUsbj022.csv","study","1000","3","0","501934","502936"
"MU.osexp","C:\Users\Public\Experiments\SM01\05-WMC\MU","Tr13_study2.png","4","494103","C:/Users/Public/Experiments/SM01/05-WMC/MU/MU_results/MUsbj022.csv","study","1000","3","0","503289","504291"
"MU.osexp","C:\Users\Public\Experiments\SM01\05-WMC\MU","Tr13_study3.png","4","494103","C:/Users/Public/Experiments/SM01/05-WMC/MU/MU_results/MUsbj022.csv","study","1000","3","0","504664","505666"
"MU.osexp","C:\Users\Public\Experiments\SM01\05-WMC\MU","Tr13_update1.png","4","494103","C:/Users/Public/Experiments/SM01/05-WMC/MU/MU_results/MUsbj022.csv","update","1300","3","0","506042","507344"
"MU.osexp","C:\Users\Public\Experiments\SM01\05-WMC\MU","Tr13_update2.png","4","494103","C:/Users/Public/Experiments/SM01/05-WMC/MU/MU_results/MUsbj022.csv","update","1300","3","0","507710","509012"
"MU.osexp","C:\Users\Public\Experiments\SM01\05-WMC\MU","Tr13_update3.png","4","494103","C:/Users/Public/Experiments/SM01/05-WMC/MU/MU_results/MUsbj022.csv","update","1300","3","0","509376","510678"
"MU.osexp","C:\Users\Public\Experiments\SM01\05-WMC\MU","Tr13_update4.png","4","494103","C:/Users/Public/Experiments/SM01/05-WMC/MU/MU_results/MUsbj022.csv","update","1300","3","0","511042","512344"
"MU.osexp","C:\Users\Public\Experiments\SM01\05-WMC\MU","Tr13_test1.png","3","513767","C:/Users/Public/Experiments/SM01/05-WMC/MU/MU_results/MUsbj022.csv","test","0","3","0","512705","513767"
"MU.osexp","C:\Users\Public\Experiments\SM01\05-WMC\MU","Tr13_test2.png","1","515878","C:/Users/Public/Experiments/SM01/05-WMC/MU/MU_results/MUsbj022.csv","test","0","3","0","514892","515879"
"MU.osexp","C:\Users\Public\Experiments\SM01\05-WMC\MU","Tr13_test3.png","7","519295","C:/Users/Public/Experiments/SM01/05-WMC/MU/MU_results/MUsbj022.csv","test","0","3","0","516994","519296"
"MU.osexp","C:\Users\Public\Experiments\SM01\05-WMC\MU","wait.png","7","519295","C:/Users/Public/Experiments/SM01/05-WMC/MU/MU_results/MUsbj022.csv","wait","5000","5","0","520415","519296"
"MU.osexp","C:\Users\Public\Experiments\SM01\05-WMC\MU","fixation.png","7","519295","C:/Users/Public/Experiments/SM01/05-WMC/MU/MU_results/MUsbj022.csv","fix","1500","5","0","525542","519296"
"MU.osexp","C:\Users\Public\Experiments\SM01\05-WMC\MU","Tr14_study1.png","7","519295","C:/Users/Public/Experiments/SM01/05-WMC/MU/MU_results/MUsbj022.csv","study","1000","5","0","527165","528167"
"MU.osexp","C:\Users\Public\Experiments\SM01\05-WMC\MU","Tr14_study2.png","7","519295","C:/Users/Public/Experiments/SM01/05-WMC/MU/MU_results/MUsbj022.csv","study","1000","5","0","528545","529547"
"MU.osexp","C:\Users\Public\Experiments\SM01\05-WMC\MU","Tr14_study3.png","7","519295","C:/Users/Public/Experiments/SM01/05-WMC/MU/MU_results/MUsbj022.csv","study","1000","5","0","529918","530920"
"MU.osexp","C:\Users\Public\Experiments\SM01\05-WMC\MU","Tr14_study4.png","7","519295","C:/Users/Public/Experiments/SM01/05-WMC/MU/MU_results/MUsbj022.csv","study","1000","5","0","531261","532263"
"MU.osexp","C:\Users\Public\Experiments\SM01\05-WMC\MU","Tr14_study5.png","7","519295","C:/Users/Public/Experiments/SM01/05-WMC/MU/MU_results/MUsbj022.csv","study","1000","5","0","532623","533625"
"MU.osexp","C:\Users\Public\Experiments\SM01\05-WMC\MU","Tr14_update1.png","7","519295","C:/Users/Public/Experiments/SM01/05-WMC/MU/MU_results/MUsbj022.csv","update","1300","5","0","533989","535291"
"MU.osexp","C:\Users\Public\Experiments\SM01\05-WMC\MU","Tr14_update2.png","7","519295","C:/Users/Public/Experiments/SM01/05-WMC/MU/MU_results/MUsbj022.csv","update","1300","5","0","535658","536960"
"MU.osexp","C:\Users\Public\Experiments\SM01\05-WMC\MU","Tr14_update3.png","7","519295","C:/Users/Public/Experiments/SM01/05-WMC/MU/MU_results/MUsbj022.csv","update","1300","5","0","537308","538610"
"MU.osexp","C:\Users\Public\Experiments\SM01\05-WMC\MU","Tr14_update4.png","7","519295","C:/Users/Public/Experiments/SM01/05-WMC/MU/MU_results/MUsbj022.csv","update","1300","5","0","538983","540285"
"MU.osexp","C:\Users\Public\Experiments\SM01\05-WMC\MU","Tr14_test1.png","3","544975","C:/Users/Public/Experiments/SM01/05-WMC/MU/MU_results/MUsbj022.csv","test","0","5","0","540654","544976"
"MU.osexp","C:\Users\Public\Experiments\SM01\05-WMC\MU","Tr14_test2.png","2","547551","C:/Users/Public/Experiments/SM01/05-WMC/MU/MU_results/MUsbj022.csv","test","0","5","0","546095","547552"
"MU.osexp","C:\Users\Public\Experiments\SM01\05-WMC\MU","Tr14_test3.png","4","549766","C:/Users/Public/Experiments/SM01/05-WMC/MU/MU_results/MUsbj022.csv","test","0","5","0","548677","549767"
"MU.osexp","C:\Users\Public\Experiments\SM01\05-WMC\MU","Tr14_test4.png","5","551886","C:/Users/Public/Experiments/SM01/05-WMC/MU/MU_results/MUsbj022.csv","test","0","5","0","550893","551887"
"MU.osexp","C:\Users\Public\Experiments\SM01\05-WMC\MU","Tr14_test5.png","7","553679","C:/Users/Public/Experiments/SM01/05-WMC/MU/MU_results/MUsbj022.csv","test","0","5","0","552998","553680"
"MU.osexp","C:\Users\Public\Experiments\SM01\05-WMC\MU","wait.png","7","553679","C:/Users/Public/Experiments/SM01/05-WMC/MU/MU_results/MUsbj022.csv","wait","5000","4","0","554794","553680"
"MU.osexp","C:\Users\Public\Experiments\SM01\05-WMC\MU","fixation.png","7","553679","C:/Users/Public/Experiments/SM01/05-WMC/MU/MU_results/MUsbj022.csv","fix","1500","4","0","559874","553680"
"MU.osexp","C:\Users\Public\Experiments\SM01\05-WMC\MU","Tr15_study1.png","7","553679","C:/Users/Public/Experiments/SM01/05-WMC/MU/MU_results/MUsbj022.csv","study","1000","4","0","561486","562488"
"MU.osexp","C:\Users\Public\Experiments\SM01\05-WMC\MU","Tr15_study2.png","7","553679","C:/Users/Public/Experiments/SM01/05-WMC/MU/MU_results/MUsbj022.csv","study","1000","4","0","562864","563866"
"MU.osexp","C:\Users\Public\Experiments\SM01\05-WMC\MU","Tr15_study3.png","7","553679","C:/Users/Public/Experiments/SM01/05-WMC/MU/MU_results/MUsbj022.csv","study","1000","4","0","564237","565239"
"MU.osexp","C:\Users\Public\Experiments\SM01\05-WMC\MU","Tr15_study4.png","7","553679","C:/Users/Public/Experiments/SM01/05-WMC/MU/MU_results/MUsbj022.csv","study","1000","4","0","565614","566616"
"MU.osexp","C:\Users\Public\Experiments\SM01\05-WMC\MU","Tr15_update1.png","7","553679","C:/Users/Public/Experiments/SM01/05-WMC/MU/MU_results/MUsbj022.csv","update","1300","4","0","567003","568305"
"MU.osexp","C:\Users\Public\Experiments\SM01\05-WMC\MU","Tr15_update2.png","7","553679","C:/Users/Public/Experiments/SM01/05-WMC/MU/MU_results/MUsbj022.csv","update","1300","4","0","568674","569976"
"MU.osexp","C:\Users\Public\Experiments\SM01\05-WMC\MU","Tr15_update3.png","7","553679","C:/Users/Public/Experiments/SM01/05-WMC/MU/MU_results/MUsbj022.csv","update","1300","4","0","570337","571639"
"MU.osexp","C:\Users\Public\Experiments\SM01\05-WMC\MU","Tr15_update4.png","7","553679","C:/Users/Public/Experiments/SM01/05-WMC/MU/MU_results/MUsbj022.csv","update","1300","4","0","572016","573318"
"MU.osexp","C:\Users\Public\Experiments\SM01\05-WMC\MU","Tr15_update5.png","7","553679","C:/Users/Public/Experiments/SM01/05-WMC/MU/MU_results/MUsbj022.csv","update","1300","4","0","573683","574986"
"MU.osexp","C:\Users\Public\Experiments\SM01\05-WMC\MU","Tr15_update6.png","7","553679","C:/Users/Public/Experiments/SM01/05-WMC/MU/MU_results/MUsbj022.csv","update","1300","4","0","575364","576666"
"MU.osexp","C:\Users\Public\Experiments\SM01\05-WMC\MU","Tr15_test1.png","6","579063","C:/Users/Public/Experiments/SM01/05-WMC/MU/MU_results/MUsbj022.csv","test","0","4","0","577040","579064"
"MU.osexp","C:\Users\Public\Experiments\SM01\05-WMC\MU","Tr15_test2.png","7","580479","C:/Users/Public/Experiments/SM01/05-WMC/MU/MU_results/MUsbj022.csv","test","0","4","0","580157","580480"
"MU.osexp","C:\Users\Public\Experiments\SM01\05-WMC\MU","Tr15_test3.png","8","582639","C:/Users/Public/Experiments/SM01/05-WMC/MU/MU_results/MUsbj022.csv","test","0","4","0","581572","582640"
"MU.osexp","C:\Users\Public\Experiments\SM01\05-WMC\MU","Tr15_test4.png","8","584063","C:/Users/Public/Experiments/SM01/05-WMC/MU/MU_results/MUsbj022.csv","test","0","4","0","583767","584063"
"MU.osexp","C:\Users\Public\Experiments\SM01\05-WMC\MU","wait.png","8","584063","C:/Users/Public/Experiments/SM01/05-WMC/MU/MU_results/MUsbj022.csv","wait","5000","4","0","585156","584063"
"MU.osexp","C:\Users\Public\Experiments\SM01\05-WMC\MU","fixation.png","8","584063","C:/Users/Public/Experiments/SM01/05-WMC/MU/MU_results/MUsbj022.csv","fix","1500","4","0","590259","584063"
"MU.osexp","C:\Users\Public\Experiments\SM01\05-WMC\MU","Tr16_study1.png","8","584063","C:/Users/Public/Experiments/SM01/05-WMC/MU/MU_results/MUsbj022.csv","study","1000","4","0","591878","592880"
"MU.osexp","C:\Users\Public\Experiments\SM01\05-WMC\MU","Tr16_study2.png","8","584063","C:/Users/Public/Experiments/SM01/05-WMC/MU/MU_results/MUsbj022.csv","study","1000","4","0","593257","594259"
"MU.osexp","C:\Users\Public\Experiments\SM01\05-WMC\MU","Tr16_study3.png","8","584063","C:/Users/Public/Experiments/SM01/05-WMC/MU/MU_results/MUsbj022.csv","study","1000","4","0","594621","595623"
"MU.osexp","C:\Users\Public\Experiments\SM01\05-WMC\MU","Tr16_study4.png","8","584063","C:/Users/Public/Experiments/SM01/05-WMC/MU/MU_results/MUsbj022.csv","study","1000","4","0","595989","596991"
"MU.osexp","C:\Users\Public\Experiments\SM01\05-WMC\MU","Tr16_update1.png","8","584063","C:/Users/Public/Experiments/SM01/05-WMC/MU/MU_results/MUsbj022.csv","update","1300","4","0","597335","598637"
"MU.osexp","C:\Users\Public\Experiments\SM01\05-WMC\MU","Tr16_update2.png","8","584063","C:/Users/Public/Experiments/SM01/05-WMC/MU/MU_results/MUsbj022.csv","update","1300","4","0","599013","600315"
"MU.osexp","C:\Users\Public\Experiments\SM01\05-WMC\MU","Tr16_test1.png","8","608359","C:/Users/Public/Experiments/SM01/05-WMC/MU/MU_results/MUsbj022.csv","test","0","4","0","600795","608360"
"MU.osexp","C:\Users\Public\Experiments\SM01\05-WMC\MU","Tr16_test2.png","7","610879","C:/Users/Public/Experiments/SM01/05-WMC/MU/MU_results/MUsbj022.csv","test","0","4","0","609485","610880"
"MU.osexp","C:\Users\Public\Experiments\SM01\05-WMC\MU","Tr16_test3.png","8","612919","C:/Users/Public/Experiments/SM01/05-WMC/MU/MU_results/MUsbj022.csv","test","0","4","0","611986","612920"
"MU.osexp","C:\Users\Public\Experiments\SM01\05-WMC\MU","Tr16_test4.png","6","617511","C:/Users/Public/Experiments/SM01/05-WMC/MU/MU_results/MUsbj022.csv","test","0","4","0","614018","617512"
"MU.osexp","C:\Users\Public\Experiments\SM01\05-WMC\MU","wait.png","6","617511","C:/Users/Public/Experiments/SM01/05-WMC/MU/MU_results/MUsbj022.csv","wait","5000","5","0","618634","617512"
"MU.osexp","C:\Users\Public\Experiments\SM01\05-WMC\MU","fixation.png","6","617511","C:/Users/Public/Experiments/SM01/05-WMC/MU/MU_results/MUsbj022.csv","fix","1500","5","0","623763","617512"
"MU.osexp","C:\Users\Public\Experiments\SM01\05-WMC\MU","Tr17_study1.png","6","617511","C:/Users/Public/Experiments/SM01/05-WMC/MU/MU_results/MUsbj022.csv","study","1000","5","0","625368","626370"
"MU.osexp","C:\Users\Public\Experiments\SM01\05-WMC\MU","Tr17_study2.png","6","617511","C:/Users/Public/Experiments/SM01/05-WMC/MU/MU_results/MUsbj022.csv","study","1000","5","0","626760","627762"
"MU.osexp","C:\Users\Public\Experiments\SM01\05-WMC\MU","Tr17_study3.png","6","617511","C:/Users/Public/Experiments/SM01/05-WMC/MU/MU_results/MUsbj022.csv","study","1000","5","0","628264","629266"
"MU.osexp","C:\Users\Public\Experiments\SM01\05-WMC\MU","Tr17_study4.png","6","617511","C:/Users/Public/Experiments/SM01/05-WMC/MU/MU_results/MUsbj022.csv","study","1000","5","0","629630","630632"
"MU.osexp","C:\Users\Public\Experiments\SM01\05-WMC\MU","Tr17_study5.png","6","617511","C:/Users/Public/Experiments/SM01/05-WMC/MU/MU_results/MUsbj022.csv","study","1000","5","0","630996","631998"
"MU.osexp","C:\Users\Public\Experiments\SM01\05-WMC\MU","Tr17_update1.png","6","617511","C:/Users/Public/Experiments/SM01/05-WMC/MU/MU_results/MUsbj022.csv","update","1300","5","0","632364","633666"
"MU.osexp","C:\Users\Public\Experiments\SM01\05-WMC\MU","Tr17_update2.png","6","617511","C:/Users/Public/Experiments/SM01/05-WMC/MU/MU_results/MUsbj022.csv","update","1300","5","0","634044","635346"
"MU.osexp","C:\Users\Public\Experiments\SM01\05-WMC\MU","Tr17_update3.png","6","617511","C:/Users/Public/Experiments/SM01/05-WMC/MU/MU_results/MUsbj022.csv","update","1300","5","0","635695","636997"
"MU.osexp","C:\Users\Public\Experiments\SM01\05-WMC\MU","Tr17_update4.png","6","617511","C:/Users/Public/Experiments/SM01/05-WMC/MU/MU_results/MUsbj022.csv","update","1300","5","0","637361","638663"
"MU.osexp","C:\Users\Public\Experiments\SM01\05-WMC\MU","Tr17_update5.png","6","617511","C:/Users/Public/Experiments/SM01/05-WMC/MU/MU_results/MUsbj022.csv","update","1300","5","0","639021","640323"
"MU.osexp","C:\Users\Public\Experiments\SM01\05-WMC\MU","Tr17_update6.png","6","617511","C:/Users/Public/Experiments/SM01/05-WMC/MU/MU_results/MUsbj022.csv","update","1300","5","0","640685","641987"
"MU.osexp","C:\Users\Public\Experiments\SM01\05-WMC\MU","Tr17_test1.png","4","644311","C:/Users/Public/Experiments/SM01/05-WMC/MU/MU_results/MUsbj022.csv","test","0","5","0","642339","644312"
"MU.osexp","C:\Users\Public\Experiments\SM01\05-WMC\MU","Tr17_test2.png","1","647303","C:/Users/Public/Experiments/SM01/05-WMC/MU/MU_results/MUsbj022.csv","test","0","5","0","645423","647304"
"MU.osexp","C:\Users\Public\Experiments\SM01\05-WMC\MU","Tr17_test3.png","7","649327","C:/Users/Public/Experiments/SM01/05-WMC/MU/MU_results/MUsbj022.csv","test","0","5","0","648401","649328"
"MU.osexp","C:\Users\Public\Experiments\SM01\05-WMC\MU","Tr17_test4.png","8","651743","C:/Users/Public/Experiments/SM01/05-WMC/MU/MU_results/MUsbj022.csv","test","0","5","0","650421","651744"
"MU.osexp","C:\Users\Public\Experiments\SM01\05-WMC\MU","Tr17_test5.png","9","653111","C:/Users/Public/Experiments/SM01/05-WMC/MU/MU_results/MUsbj022.csv","test","0","5","0","652838","653112"
