"experiment_file","experiment_path","image","key","key_time","logfile","phase","playtime","setSize","subject_nr","timestamp","waittime"
"MU.osexp","C:\Users\Public\Experiments\IDs\05-WMC\MU","ready1.png","NA","NA","C:/Users/Public/Experiments/IDs/05-WMC/MU/MU_SM01_results/MUsbj054.csv","pre","0","3","54","96474","NA"
"MU.osexp","C:\Users\Public\Experiments\IDs\05-WMC\MU","fixation.png","NA","NA","C:/Users/Public/Experiments/IDs/05-WMC/MU/MU_SM01_results/MUsbj054.csv","fix","1500","3","54","97856","NA"
"MU.osexp","C:\Users\Public\Experiments\IDs\05-WMC\MU","Tr1_study1.png","NA","NA","C:/Users/Public/Experiments/IDs/05-WMC/MU/MU_SM01_results/MUsbj054.csv","study","1000","3","54","99473","100475"
"MU.osexp","C:\Users\Public\Experiments\IDs\05-WMC\MU","Tr1_study2.png","NA","NA","C:/Users/Public/Experiments/IDs/05-WMC/MU/MU_SM01_results/MUsbj054.csv","study","1000","3","54","100845","101847"
"MU.osexp","C:\Users\Public\Experiments\IDs\05-WMC\MU","Tr1_study3.png","NA","NA","C:/Users/Public/Experiments/IDs/05-WMC/MU/MU_SM01_results/MUsbj054.csv","study","1000","3","54","102252","103254"
"MU.osexp","C:\Users\Public\Experiments\IDs\05-WMC\MU","Tr1_update1.png","NA","NA","C:/Users/Public/Experiments/IDs/05-WMC/MU/MU_SM01_results/MUsbj054.csv","update","1300","3","54","103695","104997"
"MU.osexp","C:\Users\Public\Experiments\IDs\05-WMC\MU","Tr1_update2.png","NA","NA","C:/Users/Public/Experiments/IDs/05-WMC/MU/MU_SM01_results/MUsbj054.csv","update","1300","3","54","105355","106657"
"MU.osexp","C:\Users\Public\Experiments\IDs\05-WMC\MU","Tr1_update3.png","NA","NA","C:/Users/Public/Experiments/IDs/05-WMC/MU/MU_SM01_results/MUsbj054.csv","update","1300","3","54","107019","108321"
"MU.osexp","C:\Users\Public\Experiments\IDs\05-WMC\MU","Tr1_test1.png","9","111391","C:/Users/Public/Experiments/IDs/05-WMC/MU/MU_SM01_results/MUsbj054.csv","test","0","3","54","108686","111392"
"MU.osexp","C:\Users\Public\Experiments\IDs\05-WMC\MU","Tr1_test2.png","8","118456","C:/Users/Public/Experiments/IDs/05-WMC/MU/MU_SM01_results/MUsbj054.csv","test","0","3","54","112503","118457"
"MU.osexp","C:\Users\Public\Experiments\IDs\05-WMC\MU","Tr1_test3.png","2","123087","C:/Users/Public/Experiments/IDs/05-WMC/MU/MU_SM01_results/MUsbj054.csv","test","0","3","54","119562","123088"
"MU.osexp","C:\Users\Public\Experiments\IDs\05-WMC\MU","wait.png","2","123087","C:/Users/Public/Experiments/IDs/05-WMC/MU/MU_SM01_results/MUsbj054.csv","wait","5000","3","54","124214","123088"
"MU.osexp","C:\Users\Public\Experiments\IDs\05-WMC\MU","fixation.png","2","123087","C:/Users/Public/Experiments/IDs/05-WMC/MU/MU_SM01_results/MUsbj054.csv","fix","1500","3","54","129326","123088"
"MU.osexp","C:\Users\Public\Experiments\IDs\05-WMC\MU","Tr2_study1.png","2","123087","C:/Users/Public/Experiments/IDs/05-WMC/MU/MU_SM01_results/MUsbj054.csv","study","1000","3","54","130951","131953"
"MU.osexp","C:\Users\Public\Experiments\IDs\05-WMC\MU","Tr2_study2.png","2","123087","C:/Users/Public/Experiments/IDs/05-WMC/MU/MU_SM01_results/MUsbj054.csv","study","1000","3","54","132318","133320"
"MU.osexp","C:\Users\Public\Experiments\IDs\05-WMC\MU","Tr2_study3.png","2","123087","C:/Users/Public/Experiments/IDs/05-WMC/MU/MU_SM01_results/MUsbj054.csv","study","1000","3","54","133668","134670"
"MU.osexp","C:\Users\Public\Experiments\IDs\05-WMC\MU","Tr2_update1.png","2","123087","C:/Users/Public/Experiments/IDs/05-WMC/MU/MU_SM01_results/MUsbj054.csv","update","1300","3","54","135031","136333"
"MU.osexp","C:\Users\Public\Experiments\IDs\05-WMC\MU","Tr2_update2.png","2","123087","C:/Users/Public/Experiments/IDs/05-WMC/MU/MU_SM01_results/MUsbj054.csv","update","1300","3","54","136699","138001"
"MU.osexp","C:\Users\Public\Experiments\IDs\05-WMC\MU","Tr2_update3.png","2","123087","C:/Users/Public/Experiments/IDs/05-WMC/MU/MU_SM01_results/MUsbj054.csv","update","1300","3","54","138374","139676"
"MU.osexp","C:\Users\Public\Experiments\IDs\05-WMC\MU","Tr2_test1.png","4","142679","C:/Users/Public/Experiments/IDs/05-WMC/MU/MU_SM01_results/MUsbj054.csv","test","0","3","54","140041","142680"
"MU.osexp","C:\Users\Public\Experiments\IDs\05-WMC\MU","Tr2_test2.png","6","148527","C:/Users/Public/Experiments/IDs/05-WMC/MU/MU_SM01_results/MUsbj054.csv","test","0","3","54","143791","148528"
"MU.osexp","C:\Users\Public\Experiments\IDs\05-WMC\MU","Tr2_test3.png","1","155472","C:/Users/Public/Experiments/IDs/05-WMC/MU/MU_SM01_results/MUsbj054.csv","test","0","3","54","149639","155473"
"MU.osexp","C:\Users\Public\Experiments\IDs\05-WMC\MU","ready2.png","1","155472","C:/Users/Public/Experiments/IDs/05-WMC/MU/MU_SM01_results/MUsbj054.csv","pre","0","3","54","169473","155473"
"MU.osexp","C:\Users\Public\Experiments\IDs\05-WMC\MU","fixation.png","1","155472","C:/Users/Public/Experiments/IDs/05-WMC/MU/MU_SM01_results/MUsbj054.csv","fix","1500","3","54","171855","155473"
"MU.osexp","C:\Users\Public\Experiments\IDs\05-WMC\MU","Tr3_study1.png","1","155472","C:/Users/Public/Experiments/IDs/05-WMC/MU/MU_SM01_results/MUsbj054.csv","study","1000","3","54","173459","174461"
"MU.osexp","C:\Users\Public\Experiments\IDs\05-WMC\MU","Tr3_study2.png","1","155472","C:/Users/Public/Experiments/IDs/05-WMC/MU/MU_SM01_results/MUsbj054.csv","study","1000","3","54","174810","175812"
"MU.osexp","C:\Users\Public\Experiments\IDs\05-WMC\MU","Tr3_study3.png","1","155472","C:/Users/Public/Experiments/IDs/05-WMC/MU/MU_SM01_results/MUsbj054.csv","study","1000","3","54","176173","177175"
"MU.osexp","C:\Users\Public\Experiments\IDs\05-WMC\MU","Tr3_update1.png","1","155472","C:/Users/Public/Experiments/IDs/05-WMC/MU/MU_SM01_results/MUsbj054.csv","update","1300","3","54","177503","178805"
"MU.osexp","C:\Users\Public\Experiments\IDs\05-WMC\MU","Tr3_update2.png","1","155472","C:/Users/Public/Experiments/IDs/05-WMC/MU/MU_SM01_results/MUsbj054.csv","update","1300","3","54","179207","180509"
"MU.osexp","C:\Users\Public\Experiments\IDs\05-WMC\MU","Tr3_update3.png","1","155472","C:/Users/Public/Experiments/IDs/05-WMC/MU/MU_SM01_results/MUsbj054.csv","update","1300","3","54","180849","182152"
"MU.osexp","C:\Users\Public\Experiments\IDs\05-WMC\MU","Tr3_test1.png","1","186256","C:/Users/Public/Experiments/IDs/05-WMC/MU/MU_SM01_results/MUsbj054.csv","test","0","3","54","182503","186257"
"MU.osexp","C:\Users\Public\Experiments\IDs\05-WMC\MU","Tr3_test2.png","7","188216","C:/Users/Public/Experiments/IDs/05-WMC/MU/MU_SM01_results/MUsbj054.csv","test","0","3","54","187376","188217"
"MU.osexp","C:\Users\Public\Experiments\IDs\05-WMC\MU","Tr3_test3.png","9","189800","C:/Users/Public/Experiments/IDs/05-WMC/MU/MU_SM01_results/MUsbj054.csv","test","0","3","54","189377","189801"
"MU.osexp","C:\Users\Public\Experiments\IDs\05-WMC\MU","wait.png","9","189800","C:/Users/Public/Experiments/IDs/05-WMC/MU/MU_SM01_results/MUsbj054.csv","wait","5000","4","54","190916","189801"
"MU.osexp","C:\Users\Public\Experiments\IDs\05-WMC\MU","fixation.png","9","189800","C:/Users/Public/Experiments/IDs/05-WMC/MU/MU_SM01_results/MUsbj054.csv","fix","1500","4","54","196038","189801"
"MU.osexp","C:\Users\Public\Experiments\IDs\05-WMC\MU","Tr4_study1.png","9","189800","C:/Users/Public/Experiments/IDs/05-WMC/MU/MU_SM01_results/MUsbj054.csv","study","1000","4","54","197637","198639"
"MU.osexp","C:\Users\Public\Experiments\IDs\05-WMC\MU","Tr4_study2.png","9","189800","C:/Users/Public/Experiments/IDs/05-WMC/MU/MU_SM01_results/MUsbj054.csv","study","1000","4","54","198990","199993"
"MU.osexp","C:\Users\Public\Experiments\IDs\05-WMC\MU","Tr4_study3.png","9","189800","C:/Users/Public/Experiments/IDs/05-WMC/MU/MU_SM01_results/MUsbj054.csv","study","1000","4","54","200341","201343"
"MU.osexp","C:\Users\Public\Experiments\IDs\05-WMC\MU","Tr4_study4.png","9","189800","C:/Users/Public/Experiments/IDs/05-WMC/MU/MU_SM01_results/MUsbj054.csv","study","1000","4","54","201709","202711"
"MU.osexp","C:\Users\Public\Experiments\IDs\05-WMC\MU","Tr4_update1.png","9","189800","C:/Users/Public/Experiments/IDs/05-WMC/MU/MU_SM01_results/MUsbj054.csv","update","1300","4","54","203125","204427"
"MU.osexp","C:\Users\Public\Experiments\IDs\05-WMC\MU","Tr4_update2.png","9","189800","C:/Users/Public/Experiments/IDs/05-WMC/MU/MU_SM01_results/MUsbj054.csv","update","1300","4","54","204774","206076"
"MU.osexp","C:\Users\Public\Experiments\IDs\05-WMC\MU","Tr4_update3.png","9","189800","C:/Users/Public/Experiments/IDs/05-WMC/MU/MU_SM01_results/MUsbj054.csv","update","1300","4","54","206411","207713"
"MU.osexp","C:\Users\Public\Experiments\IDs\05-WMC\MU","Tr4_update4.png","9","189800","C:/Users/Public/Experiments/IDs/05-WMC/MU/MU_SM01_results/MUsbj054.csv","update","1300","4","54","208051","209353"
"MU.osexp","C:\Users\Public\Experiments\IDs\05-WMC\MU","Tr4_test1.png","1","211456","C:/Users/Public/Experiments/IDs/05-WMC/MU/MU_SM01_results/MUsbj054.csv","test","0","4","54","209699","211457"
"MU.osexp","C:\Users\Public\Experiments\IDs\05-WMC\MU","Tr4_test2.png","1","214047","C:/Users/Public/Experiments/IDs/05-WMC/MU/MU_SM01_results/MUsbj054.csv","test","0","4","54","212551","214048"
"MU.osexp","C:\Users\Public\Experiments\IDs\05-WMC\MU","Tr4_test3.png","1","217839","C:/Users/Public/Experiments/IDs/05-WMC/MU/MU_SM01_results/MUsbj054.csv","test","0","4","54","215133","217840"
"MU.osexp","C:\Users\Public\Experiments\IDs\05-WMC\MU","Tr4_test4.png","7","221152","C:/Users/Public/Experiments/IDs/05-WMC/MU/MU_SM01_results/MUsbj054.csv","test","0","4","54","218962","221153"
"MU.osexp","C:\Users\Public\Experiments\IDs\05-WMC\MU","wait.png","7","221152","C:/Users/Public/Experiments/IDs/05-WMC/MU/MU_SM01_results/MUsbj054.csv","wait","5000","3","54","222242","221153"
"MU.osexp","C:\Users\Public\Experiments\IDs\05-WMC\MU","fixation.png","7","221152","C:/Users/Public/Experiments/IDs/05-WMC/MU/MU_SM01_results/MUsbj054.csv","fix","1500","3","54","227339","221153"
"MU.osexp","C:\Users\Public\Experiments\IDs\05-WMC\MU","Tr5_study1.png","7","221152","C:/Users/Public/Experiments/IDs/05-WMC/MU/MU_SM01_results/MUsbj054.csv","study","1000","3","54","228955","229958"
"MU.osexp","C:\Users\Public\Experiments\IDs\05-WMC\MU","Tr5_study2.png","7","221152","C:/Users/Public/Experiments/IDs/05-WMC/MU/MU_SM01_results/MUsbj054.csv","study","1000","3","54","230309","231311"
"MU.osexp","C:\Users\Public\Experiments\IDs\05-WMC\MU","Tr5_study3.png","7","221152","C:/Users/Public/Experiments/IDs/05-WMC/MU/MU_SM01_results/MUsbj054.csv","study","1000","3","54","231678","232680"
"MU.osexp","C:\Users\Public\Experiments\IDs\05-WMC\MU","Tr5_update1.png","7","221152","C:/Users/Public/Experiments/IDs/05-WMC/MU/MU_SM01_results/MUsbj054.csv","update","1300","3","54","233057","234359"
"MU.osexp","C:\Users\Public\Experiments\IDs\05-WMC\MU","Tr5_update2.png","7","221152","C:/Users/Public/Experiments/IDs/05-WMC/MU/MU_SM01_results/MUsbj054.csv","update","1300","3","54","234715","236017"
"MU.osexp","C:\Users\Public\Experiments\IDs\05-WMC\MU","Tr5_update3.png","7","221152","C:/Users/Public/Experiments/IDs/05-WMC/MU/MU_SM01_results/MUsbj054.csv","update","1300","3","54","236356","237658"
"MU.osexp","C:\Users\Public\Experiments\IDs\05-WMC\MU","Tr5_update4.png","7","221152","C:/Users/Public/Experiments/IDs/05-WMC/MU/MU_SM01_results/MUsbj054.csv","update","1300","3","54","238135","239438"
"MU.osexp","C:\Users\Public\Experiments\IDs\05-WMC\MU","Tr5_update5.png","7","221152","C:/Users/Public/Experiments/IDs/05-WMC/MU/MU_SM01_results/MUsbj054.csv","update","1300","3","54","239798","241100"
"MU.osexp","C:\Users\Public\Experiments\IDs\05-WMC\MU","Tr5_update6.png","7","221152","C:/Users/Public/Experiments/IDs/05-WMC/MU/MU_SM01_results/MUsbj054.csv","update","1300","3","54","241475","242777"
"MU.osexp","C:\Users\Public\Experiments\IDs\05-WMC\MU","Tr5_test1.png","6","245464","C:/Users/Public/Experiments/IDs/05-WMC/MU/MU_SM01_results/MUsbj054.csv","test","0","3","54","243107","245465"
"MU.osexp","C:\Users\Public\Experiments\IDs\05-WMC\MU","Tr5_test2.png","5","247735","C:/Users/Public/Experiments/IDs/05-WMC/MU/MU_SM01_results/MUsbj054.csv","test","0","3","54","246584","247736"
"MU.osexp","C:\Users\Public\Experiments\IDs\05-WMC\MU","Tr5_test3.png","3","249559","C:/Users/Public/Experiments/IDs/05-WMC/MU/MU_SM01_results/MUsbj054.csv","test","0","3","54","248819","249560"
"MU.osexp","C:\Users\Public\Experiments\IDs\05-WMC\MU","wait.png","3","249559","C:/Users/Public/Experiments/IDs/05-WMC/MU/MU_SM01_results/MUsbj054.csv","wait","5000","4","54","250667","249560"
"MU.osexp","C:\Users\Public\Experiments\IDs\05-WMC\MU","fixation.png","3","249559","C:/Users/Public/Experiments/IDs/05-WMC/MU/MU_SM01_results/MUsbj054.csv","fix","1500","4","54","255762","249560"
"MU.osexp","C:\Users\Public\Experiments\IDs\05-WMC\MU","Tr6_study1.png","3","249559","C:/Users/Public/Experiments/IDs/05-WMC/MU/MU_SM01_results/MUsbj054.csv","study","1000","4","54","257371","258373"
"MU.osexp","C:\Users\Public\Experiments\IDs\05-WMC\MU","Tr6_study2.png","3","249559","C:/Users/Public/Experiments/IDs/05-WMC/MU/MU_SM01_results/MUsbj054.csv","study","1000","4","54","258710","259712"
"MU.osexp","C:\Users\Public\Experiments\IDs\05-WMC\MU","Tr6_study3.png","3","249559","C:/Users/Public/Experiments/IDs/05-WMC/MU/MU_SM01_results/MUsbj054.csv","study","1000","4","54","260067","261069"
"MU.osexp","C:\Users\Public\Experiments\IDs\05-WMC\MU","Tr6_study4.png","3","249559","C:/Users/Public/Experiments/IDs/05-WMC/MU/MU_SM01_results/MUsbj054.csv","study","1000","4","54","261421","262423"
"MU.osexp","C:\Users\Public\Experiments\IDs\05-WMC\MU","Tr6_update1.png","3","249559","C:/Users/Public/Experiments/IDs/05-WMC/MU/MU_SM01_results/MUsbj054.csv","update","1300","4","54","262760","264062"
"MU.osexp","C:\Users\Public\Experiments\IDs\05-WMC\MU","Tr6_update2.png","3","249559","C:/Users/Public/Experiments/IDs/05-WMC/MU/MU_SM01_results/MUsbj054.csv","update","1300","4","54","264417","265719"
"MU.osexp","C:\Users\Public\Experiments\IDs\05-WMC\MU","Tr6_update3.png","3","249559","C:/Users/Public/Experiments/IDs/05-WMC/MU/MU_SM01_results/MUsbj054.csv","update","1300","4","54","266094","267396"
"MU.osexp","C:\Users\Public\Experiments\IDs\05-WMC\MU","Tr6_update4.png","3","249559","C:/Users/Public/Experiments/IDs/05-WMC/MU/MU_SM01_results/MUsbj054.csv","update","1300","4","54","267730","269032"
"MU.osexp","C:\Users\Public\Experiments\IDs\05-WMC\MU","Tr6_update5.png","3","249559","C:/Users/Public/Experiments/IDs/05-WMC/MU/MU_SM01_results/MUsbj054.csv","update","1300","4","54","269395","270697"
"MU.osexp","C:\Users\Public\Experiments\IDs\05-WMC\MU","Tr6_test1.png","1","277248","C:/Users/Public/Experiments/IDs/05-WMC/MU/MU_SM01_results/MUsbj054.csv","test","0","4","54","271048","277249"
"MU.osexp","C:\Users\Public\Experiments\IDs\05-WMC\MU","Tr6_test2.png","8","279632","C:/Users/Public/Experiments/IDs/05-WMC/MU/MU_SM01_results/MUsbj054.csv","test","0","4","54","278346","279633"
"MU.osexp","C:\Users\Public\Experiments\IDs\05-WMC\MU","Tr6_test3.png","3","282032","C:/Users/Public/Experiments/IDs/05-WMC/MU/MU_SM01_results/MUsbj054.csv","test","0","4","54","280735","282032"
"MU.osexp","C:\Users\Public\Experiments\IDs\05-WMC\MU","Tr6_test4.png","6","284031","C:/Users/Public/Experiments/IDs/05-WMC/MU/MU_SM01_results/MUsbj054.csv","test","0","4","54","283147","284032"
"MU.osexp","C:\Users\Public\Experiments\IDs\05-WMC\MU","wait.png","6","284031","C:/Users/Public/Experiments/IDs/05-WMC/MU/MU_SM01_results/MUsbj054.csv","wait","5000","5","54","285140","284032"
"MU.osexp","C:\Users\Public\Experiments\IDs\05-WMC\MU","fixation.png","6","284031","C:/Users/Public/Experiments/IDs/05-WMC/MU/MU_SM01_results/MUsbj054.csv","fix","1500","5","54","290250","284032"
"MU.osexp","C:\Users\Public\Experiments\IDs\05-WMC\MU","Tr7_study1.png","6","284031","C:/Users/Public/Experiments/IDs/05-WMC/MU/MU_SM01_results/MUsbj054.csv","study","1000","5","54","291867","292869"
"MU.osexp","C:\Users\Public\Experiments\IDs\05-WMC\MU","Tr7_study2.png","6","284031","C:/Users/Public/Experiments/IDs/05-WMC/MU/MU_SM01_results/MUsbj054.csv","study","1000","5","54","293232","294234"
"MU.osexp","C:\Users\Public\Experiments\IDs\05-WMC\MU","Tr7_study3.png","6","284031","C:/Users/Public/Experiments/IDs/05-WMC/MU/MU_SM01_results/MUsbj054.csv","study","1000","5","54","294597","295600"
"MU.osexp","C:\Users\Public\Experiments\IDs\05-WMC\MU","Tr7_study4.png","6","284031","C:/Users/Public/Experiments/IDs/05-WMC/MU/MU_SM01_results/MUsbj054.csv","study","1000","5","54","295964","296966"
"MU.osexp","C:\Users\Public\Experiments\IDs\05-WMC\MU","Tr7_study5.png","6","284031","C:/Users/Public/Experiments/IDs/05-WMC/MU/MU_SM01_results/MUsbj054.csv","study","1000","5","54","297327","298329"
"MU.osexp","C:\Users\Public\Experiments\IDs\05-WMC\MU","Tr7_update1.png","6","284031","C:/Users/Public/Experiments/IDs/05-WMC/MU/MU_SM01_results/MUsbj054.csv","update","1300","5","54","298716","300018"
"MU.osexp","C:\Users\Public\Experiments\IDs\05-WMC\MU","Tr7_update2.png","6","284031","C:/Users/Public/Experiments/IDs/05-WMC/MU/MU_SM01_results/MUsbj054.csv","update","1300","5","54","300385","301687"
"MU.osexp","C:\Users\Public\Experiments\IDs\05-WMC\MU","Tr7_update3.png","6","284031","C:/Users/Public/Experiments/IDs/05-WMC/MU/MU_SM01_results/MUsbj054.csv","update","1300","5","54","302048","303350"
"MU.osexp","C:\Users\Public\Experiments\IDs\05-WMC\MU","Tr7_update4.png","6","284031","C:/Users/Public/Experiments/IDs/05-WMC/MU/MU_SM01_results/MUsbj054.csv","update","1300","5","54","303707","305009"
"MU.osexp","C:\Users\Public\Experiments\IDs\05-WMC\MU","Tr7_update5.png","6","284031","C:/Users/Public/Experiments/IDs/05-WMC/MU/MU_SM01_results/MUsbj054.csv","update","1300","5","54","305387","306689"
"MU.osexp","C:\Users\Public\Experiments\IDs\05-WMC\MU","Tr7_test1.png","1","308400","C:/Users/Public/Experiments/IDs/05-WMC/MU/MU_SM01_results/MUsbj054.csv","test","0","5","54","307073","308401"
"MU.osexp","C:\Users\Public\Experiments\IDs\05-WMC\MU","Tr7_test2.png","5","311192","C:/Users/Public/Experiments/IDs/05-WMC/MU/MU_SM01_results/MUsbj054.csv","test","0","5","54","309518","311193"
"MU.osexp","C:\Users\Public\Experiments\IDs\05-WMC\MU","Tr7_test3.png","1","312824","C:/Users/Public/Experiments/IDs/05-WMC/MU/MU_SM01_results/MUsbj054.csv","test","0","5","54","312288","312825"
"MU.osexp","C:\Users\Public\Experiments\IDs\05-WMC\MU","Tr7_test4.png","5","315784","C:/Users/Public/Experiments/IDs/05-WMC/MU/MU_SM01_results/MUsbj054.csv","test","0","5","54","313940","315785"
"MU.osexp","C:\Users\Public\Experiments\IDs\05-WMC\MU","Tr7_test5.png","1","317232","C:/Users/Public/Experiments/IDs/05-WMC/MU/MU_SM01_results/MUsbj054.csv","test","0","5","54","316902","317232"
"MU.osexp","C:\Users\Public\Experiments\IDs\05-WMC\MU","wait.png","1","317232","C:/Users/Public/Experiments/IDs/05-WMC/MU/MU_SM01_results/MUsbj054.csv","wait","5000","4","54","318354","317232"
"MU.osexp","C:\Users\Public\Experiments\IDs\05-WMC\MU","fixation.png","1","317232","C:/Users/Public/Experiments/IDs/05-WMC/MU/MU_SM01_results/MUsbj054.csv","fix","1500","4","54","323450","317232"
"MU.osexp","C:\Users\Public\Experiments\IDs\05-WMC\MU","Tr8_study1.png","1","317232","C:/Users/Public/Experiments/IDs/05-WMC/MU/MU_SM01_results/MUsbj054.csv","study","1000","4","54","325057","326059"
"MU.osexp","C:\Users\Public\Experiments\IDs\05-WMC\MU","Tr8_study2.png","1","317232","C:/Users/Public/Experiments/IDs/05-WMC/MU/MU_SM01_results/MUsbj054.csv","study","1000","4","54","326401","327403"
"MU.osexp","C:\Users\Public\Experiments\IDs\05-WMC\MU","Tr8_study3.png","1","317232","C:/Users/Public/Experiments/IDs/05-WMC/MU/MU_SM01_results/MUsbj054.csv","study","1000","4","54","327766","328768"
"MU.osexp","C:\Users\Public\Experiments\IDs\05-WMC\MU","Tr8_study4.png","1","317232","C:/Users/Public/Experiments/IDs/05-WMC/MU/MU_SM01_results/MUsbj054.csv","study","1000","4","54","329115","330117"
"MU.osexp","C:\Users\Public\Experiments\IDs\05-WMC\MU","Tr8_update1.png","1","317232","C:/Users/Public/Experiments/IDs/05-WMC/MU/MU_SM01_results/MUsbj054.csv","update","1300","4","54","330460","331762"
"MU.osexp","C:\Users\Public\Experiments\IDs\05-WMC\MU","Tr8_update2.png","1","317232","C:/Users/Public/Experiments/IDs/05-WMC/MU/MU_SM01_results/MUsbj054.csv","update","1300","4","54","332103","333405"
"MU.osexp","C:\Users\Public\Experiments\IDs\05-WMC\MU","Tr8_update3.png","1","317232","C:/Users/Public/Experiments/IDs/05-WMC/MU/MU_SM01_results/MUsbj054.csv","update","1300","4","54","333776","335078"
"MU.osexp","C:\Users\Public\Experiments\IDs\05-WMC\MU","Tr8_test1.png","3","339199","C:/Users/Public/Experiments/IDs/05-WMC/MU/MU_SM01_results/MUsbj054.csv","test","0","4","54","335552","339200"
"MU.osexp","C:\Users\Public\Experiments\IDs\05-WMC\MU","Tr8_test2.png","4","343152","C:/Users/Public/Experiments/IDs/05-WMC/MU/MU_SM01_results/MUsbj054.csv","test","0","4","54","340272","343153"
"MU.osexp","C:\Users\Public\Experiments\IDs\05-WMC\MU","Tr8_test3.png","3","346208","C:/Users/Public/Experiments/IDs/05-WMC/MU/MU_SM01_results/MUsbj054.csv","test","0","4","54","344241","346209"
"MU.osexp","C:\Users\Public\Experiments\IDs\05-WMC\MU","Tr8_test4.png","7","349416","C:/Users/Public/Experiments/IDs/05-WMC/MU/MU_SM01_results/MUsbj054.csv","test","0","4","54","347289","349417"
"MU.osexp","C:\Users\Public\Experiments\IDs\05-WMC\MU","wait.png","7","349416","C:/Users/Public/Experiments/IDs/05-WMC/MU/MU_SM01_results/MUsbj054.csv","wait","5000","5","54","350480","349417"
"MU.osexp","C:\Users\Public\Experiments\IDs\05-WMC\MU","fixation.png","7","349416","C:/Users/Public/Experiments/IDs/05-WMC/MU/MU_SM01_results/MUsbj054.csv","fix","1500","5","54","355549","349417"
"MU.osexp","C:\Users\Public\Experiments\IDs\05-WMC\MU","Tr9_study1.png","7","349416","C:/Users/Public/Experiments/IDs/05-WMC/MU/MU_SM01_results/MUsbj054.csv","study","1000","5","54","357128","358128"
"MU.osexp","C:\Users\Public\Experiments\IDs\05-WMC\MU","Tr9_study2.png","7","349416","C:/Users/Public/Experiments/IDs/05-WMC/MU/MU_SM01_results/MUsbj054.csv","study","1000","5","54","358463","359464"
"MU.osexp","C:\Users\Public\Experiments\IDs\05-WMC\MU","Tr9_study3.png","7","349416","C:/Users/Public/Experiments/IDs/05-WMC/MU/MU_SM01_results/MUsbj054.csv","study","1000","5","54","359819","360821"
"MU.osexp","C:\Users\Public\Experiments\IDs\05-WMC\MU","Tr9_study4.png","7","349416","C:/Users/Public/Experiments/IDs/05-WMC/MU/MU_SM01_results/MUsbj054.csv","study","1000","5","54","361154","362156"
"MU.osexp","C:\Users\Public\Experiments\IDs\05-WMC\MU","Tr9_study5.png","7","349416","C:/Users/Public/Experiments/IDs/05-WMC/MU/MU_SM01_results/MUsbj054.csv","study","1000","5","54","362532","363534"
"MU.osexp","C:\Users\Public\Experiments\IDs\05-WMC\MU","Tr9_update1.png","7","349416","C:/Users/Public/Experiments/IDs/05-WMC/MU/MU_SM01_results/MUsbj054.csv","update","1300","5","54","363875","365177"
"MU.osexp","C:\Users\Public\Experiments\IDs\05-WMC\MU","Tr9_update2.png","7","349416","C:/Users/Public/Experiments/IDs/05-WMC/MU/MU_SM01_results/MUsbj054.csv","update","1300","5","54","365526","366828"
"MU.osexp","C:\Users\Public\Experiments\IDs\05-WMC\MU","Tr9_test1.png","7","369896","C:/Users/Public/Experiments/IDs/05-WMC/MU/MU_SM01_results/MUsbj054.csv","test","0","5","54","367178","369897"
"MU.osexp","C:\Users\Public\Experiments\IDs\05-WMC\MU","Tr9_test2.png","7","372943","C:/Users/Public/Experiments/IDs/05-WMC/MU/MU_SM01_results/MUsbj054.csv","test","0","5","54","370985","372944"
"MU.osexp","C:\Users\Public\Experiments\IDs\05-WMC\MU","Tr9_test3.png","3","374951","C:/Users/Public/Experiments/IDs/05-WMC/MU/MU_SM01_results/MUsbj054.csv","test","0","5","54","374039","374952"
"MU.osexp","C:\Users\Public\Experiments\IDs\05-WMC\MU","Tr9_test4.png","6","376775","C:/Users/Public/Experiments/IDs/05-WMC/MU/MU_SM01_results/MUsbj054.csv","test","0","5","54","376044","376776"
"MU.osexp","C:\Users\Public\Experiments\IDs\05-WMC\MU","Tr9_test5.png","9","378120","C:/Users/Public/Experiments/IDs/05-WMC/MU/MU_SM01_results/MUsbj054.csv","test","0","5","54","377879","378121"
"MU.osexp","C:\Users\Public\Experiments\IDs\05-WMC\MU","wait.png","9","378120","C:/Users/Public/Experiments/IDs/05-WMC/MU/MU_SM01_results/MUsbj054.csv","wait","5000","3","54","379218","378121"
"MU.osexp","C:\Users\Public\Experiments\IDs\05-WMC\MU","fixation.png","9","378120","C:/Users/Public/Experiments/IDs/05-WMC/MU/MU_SM01_results/MUsbj054.csv","fix","1500","3","54","384304","378121"
"MU.osexp","C:\Users\Public\Experiments\IDs\05-WMC\MU","Tr10_study1.png","9","378120","C:/Users/Public/Experiments/IDs/05-WMC/MU/MU_SM01_results/MUsbj054.csv","study","1000","3","54","385917","386919"
"MU.osexp","C:\Users\Public\Experiments\IDs\05-WMC\MU","Tr10_study2.png","9","378120","C:/Users/Public/Experiments/IDs/05-WMC/MU/MU_SM01_results/MUsbj054.csv","study","1000","3","54","387258","388261"
"MU.osexp","C:\Users\Public\Experiments\IDs\05-WMC\MU","Tr10_study3.png","9","378120","C:/Users/Public/Experiments/IDs/05-WMC/MU/MU_SM01_results/MUsbj054.csv","study","1000","3","54","388634","389636"
"MU.osexp","C:\Users\Public\Experiments\IDs\05-WMC\MU","Tr10_update1.png","9","378120","C:/Users/Public/Experiments/IDs/05-WMC/MU/MU_SM01_results/MUsbj054.csv","update","1300","3","54","389978","391280"
"MU.osexp","C:\Users\Public\Experiments\IDs\05-WMC\MU","Tr10_update2.png","9","378120","C:/Users/Public/Experiments/IDs/05-WMC/MU/MU_SM01_results/MUsbj054.csv","update","1300","3","54","391644","392946"
"MU.osexp","C:\Users\Public\Experiments\IDs\05-WMC\MU","Tr10_test1.png","5","395264","C:/Users/Public/Experiments/IDs/05-WMC/MU/MU_SM01_results/MUsbj054.csv","test","0","3","54","393302","395265"
"MU.osexp","C:\Users\Public\Experiments\IDs\05-WMC\MU","Tr10_test2.png","2","397576","C:/Users/Public/Experiments/IDs/05-WMC/MU/MU_SM01_results/MUsbj054.csv","test","0","3","54","396366","397577"
"MU.osexp","C:\Users\Public\Experiments\IDs\05-WMC\MU","Tr10_test3.png","5","398976","C:/Users/Public/Experiments/IDs/05-WMC/MU/MU_SM01_results/MUsbj054.csv","test","0","3","54","398672","398977"
"MU.osexp","C:\Users\Public\Experiments\IDs\05-WMC\MU","wait.png","5","398976","C:/Users/Public/Experiments/IDs/05-WMC/MU/MU_SM01_results/MUsbj054.csv","wait","5000","5","54","400085","398977"
"MU.osexp","C:\Users\Public\Experiments\IDs\05-WMC\MU","fixation.png","5","398976","C:/Users/Public/Experiments/IDs/05-WMC/MU/MU_SM01_results/MUsbj054.csv","fix","1500","5","54","405184","398977"
"MU.osexp","C:\Users\Public\Experiments\IDs\05-WMC\MU","Tr11_study1.png","5","398976","C:/Users/Public/Experiments/IDs/05-WMC/MU/MU_SM01_results/MUsbj054.csv","study","1000","5","54","406780","407782"
"MU.osexp","C:\Users\Public\Experiments\IDs\05-WMC\MU","Tr11_study2.png","5","398976","C:/Users/Public/Experiments/IDs/05-WMC/MU/MU_SM01_results/MUsbj054.csv","study","1000","5","54","408135","409137"
"MU.osexp","C:\Users\Public\Experiments\IDs\05-WMC\MU","Tr11_study3.png","5","398976","C:/Users/Public/Experiments/IDs/05-WMC/MU/MU_SM01_results/MUsbj054.csv","study","1000","5","54","409497","410499"
"MU.osexp","C:\Users\Public\Experiments\IDs\05-WMC\MU","Tr11_study4.png","5","398976","C:/Users/Public/Experiments/IDs/05-WMC/MU/MU_SM01_results/MUsbj054.csv","study","1000","5","54","410861","411863"
"MU.osexp","C:\Users\Public\Experiments\IDs\05-WMC\MU","Tr11_study5.png","5","398976","C:/Users/Public/Experiments/IDs/05-WMC/MU/MU_SM01_results/MUsbj054.csv","study","1000","5","54","412389","413391"
"MU.osexp","C:\Users\Public\Experiments\IDs\05-WMC\MU","Tr11_update1.png","5","398976","C:/Users/Public/Experiments/IDs/05-WMC/MU/MU_SM01_results/MUsbj054.csv","update","1300","5","54","413747","415049"
"MU.osexp","C:\Users\Public\Experiments\IDs\05-WMC\MU","Tr11_update2.png","5","398976","C:/Users/Public/Experiments/IDs/05-WMC/MU/MU_SM01_results/MUsbj054.csv","update","1300","5","54","415412","416714"
"MU.osexp","C:\Users\Public\Experiments\IDs\05-WMC\MU","Tr11_update3.png","5","398976","C:/Users/Public/Experiments/IDs/05-WMC/MU/MU_SM01_results/MUsbj054.csv","update","1300","5","54","417048","418350"
"MU.osexp","C:\Users\Public\Experiments\IDs\05-WMC\MU","Tr11_test1.png","6","427343","C:/Users/Public/Experiments/IDs/05-WMC/MU/MU_SM01_results/MUsbj054.csv","test","0","5","54","418703","427344"
"MU.osexp","C:\Users\Public\Experiments\IDs\05-WMC\MU","Tr11_test2.png","1","430152","C:/Users/Public/Experiments/IDs/05-WMC/MU/MU_SM01_results/MUsbj054.csv","test","0","5","54","428457","430153"
"MU.osexp","C:\Users\Public\Experiments\IDs\05-WMC\MU","Tr11_test3.png","5","433768","C:/Users/Public/Experiments/IDs/05-WMC/MU/MU_SM01_results/MUsbj054.csv","test","0","5","54","431252","433769"
"MU.osexp","C:\Users\Public\Experiments\IDs\05-WMC\MU","Tr11_test4.png","6","436816","C:/Users/Public/Experiments/IDs/05-WMC/MU/MU_SM01_results/MUsbj054.csv","test","0","5","54","434898","436817"
"MU.osexp","C:\Users\Public\Experiments\IDs\05-WMC\MU","Tr11_test5.png","3","438568","C:/Users/Public/Experiments/IDs/05-WMC/MU/MU_SM01_results/MUsbj054.csv","test","0","5","54","438057","438569"
"MU.osexp","C:\Users\Public\Experiments\IDs\05-WMC\MU","wait.png","3","438568","C:/Users/Public/Experiments/IDs/05-WMC/MU/MU_SM01_results/MUsbj054.csv","wait","5000","3","54","439655","438569"
"MU.osexp","C:\Users\Public\Experiments\IDs\05-WMC\MU","fixation.png","3","438568","C:/Users/Public/Experiments/IDs/05-WMC/MU/MU_SM01_results/MUsbj054.csv","fix","1500","3","54","444776","438569"
"MU.osexp","C:\Users\Public\Experiments\IDs\05-WMC\MU","Tr12_study1.png","3","438568","C:/Users/Public/Experiments/IDs/05-WMC/MU/MU_SM01_results/MUsbj054.csv","study","1000","3","54","446396","447398"
"MU.osexp","C:\Users\Public\Experiments\IDs\05-WMC\MU","Tr12_study2.png","3","438568","C:/Users/Public/Experiments/IDs/05-WMC/MU/MU_SM01_results/MUsbj054.csv","study","1000","3","54","447776","448778"
"MU.osexp","C:\Users\Public\Experiments\IDs\05-WMC\MU","Tr12_study3.png","3","438568","C:/Users/Public/Experiments/IDs/05-WMC/MU/MU_SM01_results/MUsbj054.csv","study","1000","3","54","449149","450151"
"MU.osexp","C:\Users\Public\Experiments\IDs\05-WMC\MU","Tr12_update1.png","3","438568","C:/Users/Public/Experiments/IDs/05-WMC/MU/MU_SM01_results/MUsbj054.csv","update","1300","3","54","450512","451814"
"MU.osexp","C:\Users\Public\Experiments\IDs\05-WMC\MU","Tr12_update2.png","3","438568","C:/Users/Public/Experiments/IDs/05-WMC/MU/MU_SM01_results/MUsbj054.csv","update","1300","3","54","452161","453463"
"MU.osexp","C:\Users\Public\Experiments\IDs\05-WMC\MU","Tr12_update3.png","3","438568","C:/Users/Public/Experiments/IDs/05-WMC/MU/MU_SM01_results/MUsbj054.csv","update","1300","3","54","453795","455097"
"MU.osexp","C:\Users\Public\Experiments\IDs\05-WMC\MU","Tr12_update4.png","3","438568","C:/Users/Public/Experiments/IDs/05-WMC/MU/MU_SM01_results/MUsbj054.csv","update","1300","3","54","455455","456756"
"MU.osexp","C:\Users\Public\Experiments\IDs\05-WMC\MU","Tr12_update5.png","3","438568","C:/Users/Public/Experiments/IDs/05-WMC/MU/MU_SM01_results/MUsbj054.csv","update","1300","3","54","457116","458418"
"MU.osexp","C:\Users\Public\Experiments\IDs\05-WMC\MU","Tr12_test1.png","4","460279","C:/Users/Public/Experiments/IDs/05-WMC/MU/MU_SM01_results/MUsbj054.csv","test","0","3","54","458786","460280"
"MU.osexp","C:\Users\Public\Experiments\IDs\05-WMC\MU","Tr12_test2.png","9","461927","C:/Users/Public/Experiments/IDs/05-WMC/MU/MU_SM01_results/MUsbj054.csv","test","0","3","54","461387","461928"
"MU.osexp","C:\Users\Public\Experiments\IDs\05-WMC\MU","Tr12_test3.png","4","463383","C:/Users/Public/Experiments/IDs/05-WMC/MU/MU_SM01_results/MUsbj054.csv","test","0","3","54","463045","463384"
"MU.osexp","C:\Users\Public\Experiments\IDs\05-WMC\MU","wait.png","4","463383","C:/Users/Public/Experiments/IDs/05-WMC/MU/MU_SM01_results/MUsbj054.csv","wait","5000","3","54","464512","463384"
"MU.osexp","C:\Users\Public\Experiments\IDs\05-WMC\MU","fixation.png","4","463383","C:/Users/Public/Experiments/IDs/05-WMC/MU/MU_SM01_results/MUsbj054.csv","fix","1500","3","54","469735","463384"
"MU.osexp","C:\Users\Public\Experiments\IDs\05-WMC\MU","Tr13_study1.png","4","463383","C:/Users/Public/Experiments/IDs/05-WMC/MU/MU_SM01_results/MUsbj054.csv","study","1000","3","54","471356","472358"
"MU.osexp","C:\Users\Public\Experiments\IDs\05-WMC\MU","Tr13_study2.png","4","463383","C:/Users/Public/Experiments/IDs/05-WMC/MU/MU_SM01_results/MUsbj054.csv","study","1000","3","54","472718","473720"
"MU.osexp","C:\Users\Public\Experiments\IDs\05-WMC\MU","Tr13_study3.png","4","463383","C:/Users/Public/Experiments/IDs/05-WMC/MU/MU_SM01_results/MUsbj054.csv","study","1000","3","54","474066","475068"
"MU.osexp","C:\Users\Public\Experiments\IDs\05-WMC\MU","Tr13_update1.png","4","463383","C:/Users/Public/Experiments/IDs/05-WMC/MU/MU_SM01_results/MUsbj054.csv","update","1300","3","54","475484","476786"
"MU.osexp","C:\Users\Public\Experiments\IDs\05-WMC\MU","Tr13_update2.png","4","463383","C:/Users/Public/Experiments/IDs/05-WMC/MU/MU_SM01_results/MUsbj054.csv","update","1300","3","54","477137","478439"
"MU.osexp","C:\Users\Public\Experiments\IDs\05-WMC\MU","Tr13_update3.png","4","463383","C:/Users/Public/Experiments/IDs/05-WMC/MU/MU_SM01_results/MUsbj054.csv","update","1300","3","54","478849","480151"
"MU.osexp","C:\Users\Public\Experiments\IDs\05-WMC\MU","Tr13_update4.png","4","463383","C:/Users/Public/Experiments/IDs/05-WMC/MU/MU_SM01_results/MUsbj054.csv","update","1300","3","54","480511","481813"
"MU.osexp","C:\Users\Public\Experiments\IDs\05-WMC\MU","Tr13_test1.png","3","484200","C:/Users/Public/Experiments/IDs/05-WMC/MU/MU_SM01_results/MUsbj054.csv","test","0","3","54","482197","484201"
"MU.osexp","C:\Users\Public\Experiments\IDs\05-WMC\MU","Tr13_test2.png","1","486120","C:/Users/Public/Experiments/IDs/05-WMC/MU/MU_SM01_results/MUsbj054.csv","test","0","3","54","485310","486121"
"MU.osexp","C:\Users\Public\Experiments\IDs\05-WMC\MU","Tr13_test3.png","5","487528","C:/Users/Public/Experiments/IDs/05-WMC/MU/MU_SM01_results/MUsbj054.csv","test","0","3","54","487223","487529"
"MU.osexp","C:\Users\Public\Experiments\IDs\05-WMC\MU","wait.png","5","487528","C:/Users/Public/Experiments/IDs/05-WMC/MU/MU_SM01_results/MUsbj054.csv","wait","5000","5","54","488636","487529"
"MU.osexp","C:\Users\Public\Experiments\IDs\05-WMC\MU","fixation.png","5","487528","C:/Users/Public/Experiments/IDs/05-WMC/MU/MU_SM01_results/MUsbj054.csv","fix","1500","5","54","493741","487529"
"MU.osexp","C:\Users\Public\Experiments\IDs\05-WMC\MU","Tr14_study1.png","5","487528","C:/Users/Public/Experiments/IDs/05-WMC/MU/MU_SM01_results/MUsbj054.csv","study","1000","5","54","495364","496366"
"MU.osexp","C:\Users\Public\Experiments\IDs\05-WMC\MU","Tr14_study2.png","5","487528","C:/Users/Public/Experiments/IDs/05-WMC/MU/MU_SM01_results/MUsbj054.csv","study","1000","5","54","496720","497722"
"MU.osexp","C:\Users\Public\Experiments\IDs\05-WMC\MU","Tr14_study3.png","5","487528","C:/Users/Public/Experiments/IDs/05-WMC/MU/MU_SM01_results/MUsbj054.csv","study","1000","5","54","498098","499100"
"MU.osexp","C:\Users\Public\Experiments\IDs\05-WMC\MU","Tr14_study4.png","5","487528","C:/Users/Public/Experiments/IDs/05-WMC/MU/MU_SM01_results/MUsbj054.csv","study","1000","5","54","499554","500557"
"MU.osexp","C:\Users\Public\Experiments\IDs\05-WMC\MU","Tr14_study5.png","5","487528","C:/Users/Public/Experiments/IDs/05-WMC/MU/MU_SM01_results/MUsbj054.csv","study","1000","5","54","500912","501914"
"MU.osexp","C:\Users\Public\Experiments\IDs\05-WMC\MU","Tr14_update1.png","5","487528","C:/Users/Public/Experiments/IDs/05-WMC/MU/MU_SM01_results/MUsbj054.csv","update","1300","5","54","502269","503571"
"MU.osexp","C:\Users\Public\Experiments\IDs\05-WMC\MU","Tr14_update2.png","5","487528","C:/Users/Public/Experiments/IDs/05-WMC/MU/MU_SM01_results/MUsbj054.csv","update","1300","5","54","504043","505345"
"MU.osexp","C:\Users\Public\Experiments\IDs\05-WMC\MU","Tr14_update3.png","5","487528","C:/Users/Public/Experiments/IDs/05-WMC/MU/MU_SM01_results/MUsbj054.csv","update","1300","5","54","505690","506992"
"MU.osexp","C:\Users\Public\Experiments\IDs\05-WMC\MU","Tr14_update4.png","5","487528","C:/Users/Public/Experiments/IDs/05-WMC/MU/MU_SM01_results/MUsbj054.csv","update","1300","5","54","507361","508663"
"MU.osexp","C:\Users\Public\Experiments\IDs\05-WMC\MU","Tr14_test1.png","6","511488","C:/Users/Public/Experiments/IDs/05-WMC/MU/MU_SM01_results/MUsbj054.csv","test","0","5","54","509012","511488"
"MU.osexp","C:\Users\Public\Experiments\IDs\05-WMC\MU","Tr14_test2.png","2","514487","C:/Users/Public/Experiments/IDs/05-WMC/MU/MU_SM01_results/MUsbj054.csv","test","0","5","54","512594","514488"
"MU.osexp","C:\Users\Public\Experiments\IDs\05-WMC\MU","Tr14_test3.png","4","517031","C:/Users/Public/Experiments/IDs/05-WMC/MU/MU_SM01_results/MUsbj054.csv","test","0","5","54","515605","517032"
"MU.osexp","C:\Users\Public\Experiments\IDs\05-WMC\MU","Tr14_test4.png","5","518736","C:/Users/Public/Experiments/IDs/05-WMC/MU/MU_SM01_results/MUsbj054.csv","test","0","5","54","518129","518737"
"MU.osexp","C:\Users\Public\Experiments\IDs\05-WMC\MU","Tr14_test5.png","8","520416","C:/Users/Public/Experiments/IDs/05-WMC/MU/MU_SM01_results/MUsbj054.csv","test","0","5","54","519842","520417"
"MU.osexp","C:\Users\Public\Experiments\IDs\05-WMC\MU","wait.png","8","520416","C:/Users/Public/Experiments/IDs/05-WMC/MU/MU_SM01_results/MUsbj054.csv","wait","5000","4","54","521520","520417"
"MU.osexp","C:\Users\Public\Experiments\IDs\05-WMC\MU","fixation.png","8","520416","C:/Users/Public/Experiments/IDs/05-WMC/MU/MU_SM01_results/MUsbj054.csv","fix","1500","4","54","526643","520417"
"MU.osexp","C:\Users\Public\Experiments\IDs\05-WMC\MU","Tr15_study1.png","8","520416","C:/Users/Public/Experiments/IDs/05-WMC/MU/MU_SM01_results/MUsbj054.csv","study","1000","4","54","528258","529260"
"MU.osexp","C:\Users\Public\Experiments\IDs\05-WMC\MU","Tr15_study2.png","8","520416","C:/Users/Public/Experiments/IDs/05-WMC/MU/MU_SM01_results/MUsbj054.csv","study","1000","4","54","529643","530645"
"MU.osexp","C:\Users\Public\Experiments\IDs\05-WMC\MU","Tr15_study3.png","8","520416","C:/Users/Public/Experiments/IDs/05-WMC/MU/MU_SM01_results/MUsbj054.csv","study","1000","4","54","530997","531999"
"MU.osexp","C:\Users\Public\Experiments\IDs\05-WMC\MU","Tr15_study4.png","8","520416","C:/Users/Public/Experiments/IDs/05-WMC/MU/MU_SM01_results/MUsbj054.csv","study","1000","4","54","532337","533339"
"MU.osexp","C:\Users\Public\Experiments\IDs\05-WMC\MU","Tr15_update1.png","8","520416","C:/Users/Public/Experiments/IDs/05-WMC/MU/MU_SM01_results/MUsbj054.csv","update","1300","4","54","533694","534997"
"MU.osexp","C:\Users\Public\Experiments\IDs\05-WMC\MU","Tr15_update2.png","8","520416","C:/Users/Public/Experiments/IDs/05-WMC/MU/MU_SM01_results/MUsbj054.csv","update","1300","4","54","535358","536660"
"MU.osexp","C:\Users\Public\Experiments\IDs\05-WMC\MU","Tr15_update3.png","8","520416","C:/Users/Public/Experiments/IDs/05-WMC/MU/MU_SM01_results/MUsbj054.csv","update","1300","4","54","537027","538329"
"MU.osexp","C:\Users\Public\Experiments\IDs\05-WMC\MU","Tr15_update4.png","8","520416","C:/Users/Public/Experiments/IDs/05-WMC/MU/MU_SM01_results/MUsbj054.csv","update","1300","4","54","538683","539985"
"MU.osexp","C:\Users\Public\Experiments\IDs\05-WMC\MU","Tr15_update5.png","8","520416","C:/Users/Public/Experiments/IDs/05-WMC/MU/MU_SM01_results/MUsbj054.csv","update","1300","4","54","540342","541644"
"MU.osexp","C:\Users\Public\Experiments\IDs\05-WMC\MU","Tr15_update6.png","8","520416","C:/Users/Public/Experiments/IDs/05-WMC/MU/MU_SM01_results/MUsbj054.csv","update","1300","4","54","542007","543309"
"MU.osexp","C:\Users\Public\Experiments\IDs\05-WMC\MU","Tr15_test1.png","9","545408","C:/Users/Public/Experiments/IDs/05-WMC/MU/MU_SM01_results/MUsbj054.csv","test","0","4","54","543667","545409"
"MU.osexp","C:\Users\Public\Experiments\IDs\05-WMC\MU","Tr15_test2.png","5","547736","C:/Users/Public/Experiments/IDs/05-WMC/MU/MU_SM01_results/MUsbj054.csv","test","0","4","54","546508","547737"
"MU.osexp","C:\Users\Public\Experiments\IDs\05-WMC\MU","Tr15_test3.png","4","549951","C:/Users/Public/Experiments/IDs/05-WMC/MU/MU_SM01_results/MUsbj054.csv","test","0","4","54","548849","549952"
"MU.osexp","C:\Users\Public\Experiments\IDs\05-WMC\MU","Tr15_test4.png","9","551327","C:/Users/Public/Experiments/IDs/05-WMC/MU/MU_SM01_results/MUsbj054.csv","test","0","4","54","551067","551328"
"MU.osexp","C:\Users\Public\Experiments\IDs\05-WMC\MU","wait.png","9","551327","C:/Users/Public/Experiments/IDs/05-WMC/MU/MU_SM01_results/MUsbj054.csv","wait","5000","4","54","552445","551328"
"MU.osexp","C:\Users\Public\Experiments\IDs\05-WMC\MU","fixation.png","9","551327","C:/Users/Public/Experiments/IDs/05-WMC/MU/MU_SM01_results/MUsbj054.csv","fix","1500","4","54","557538","551328"
"MU.osexp","C:\Users\Public\Experiments\IDs\05-WMC\MU","Tr16_study1.png","9","551327","C:/Users/Public/Experiments/IDs/05-WMC/MU/MU_SM01_results/MUsbj054.csv","study","1000","4","54","559158","560160"
"MU.osexp","C:\Users\Public\Experiments\IDs\05-WMC\MU","Tr16_study2.png","9","551327","C:/Users/Public/Experiments/IDs/05-WMC/MU/MU_SM01_results/MUsbj054.csv","study","1000","4","54","560517","561519"
"MU.osexp","C:\Users\Public\Experiments\IDs\05-WMC\MU","Tr16_study3.png","9","551327","C:/Users/Public/Experiments/IDs/05-WMC/MU/MU_SM01_results/MUsbj054.csv","study","1000","4","54","561877","562879"
"MU.osexp","C:\Users\Public\Experiments\IDs\05-WMC\MU","Tr16_study4.png","9","551327","C:/Users/Public/Experiments/IDs/05-WMC/MU/MU_SM01_results/MUsbj054.csv","study","1000","4","54","563230","564232"
"MU.osexp","C:\Users\Public\Experiments\IDs\05-WMC\MU","Tr16_update1.png","9","551327","C:/Users/Public/Experiments/IDs/05-WMC/MU/MU_SM01_results/MUsbj054.csv","update","1300","4","54","564597","565899"
"MU.osexp","C:\Users\Public\Experiments\IDs\05-WMC\MU","Tr16_update2.png","9","551327","C:/Users/Public/Experiments/IDs/05-WMC/MU/MU_SM01_results/MUsbj054.csv","update","1300","4","54","566265","567567"
"MU.osexp","C:\Users\Public\Experiments\IDs\05-WMC\MU","Tr16_test1.png","8","574720","C:/Users/Public/Experiments/IDs/05-WMC/MU/MU_SM01_results/MUsbj054.csv","test","0","4","54","567929","574721"
"MU.osexp","C:\Users\Public\Experiments\IDs\05-WMC\MU","Tr16_test2.png","7","577448","C:/Users/Public/Experiments/IDs/05-WMC/MU/MU_SM01_results/MUsbj054.csv","test","0","4","54","575814","577449"
"MU.osexp","C:\Users\Public\Experiments\IDs\05-WMC\MU","Tr16_test3.png","8","579968","C:/Users/Public/Experiments/IDs/05-WMC/MU/MU_SM01_results/MUsbj054.csv","test","0","4","54","578575","579969"
"MU.osexp","C:\Users\Public\Experiments\IDs\05-WMC\MU","Tr16_test4.png","6","581752","C:/Users/Public/Experiments/IDs/05-WMC/MU/MU_SM01_results/MUsbj054.csv","test","0","4","54","581082","581753"
"MU.osexp","C:\Users\Public\Experiments\IDs\05-WMC\MU","wait.png","6","581752","C:/Users/Public/Experiments/IDs/05-WMC/MU/MU_SM01_results/MUsbj054.csv","wait","5000","5","54","582866","581753"
"MU.osexp","C:\Users\Public\Experiments\IDs\05-WMC\MU","fixation.png","6","581752","C:/Users/Public/Experiments/IDs/05-WMC/MU/MU_SM01_results/MUsbj054.csv","fix","1500","5","54","587979","581753"
"MU.osexp","C:\Users\Public\Experiments\IDs\05-WMC\MU","Tr17_study1.png","6","581752","C:/Users/Public/Experiments/IDs/05-WMC/MU/MU_SM01_results/MUsbj054.csv","study","1000","5","54","589570","590572"
"MU.osexp","C:\Users\Public\Experiments\IDs\05-WMC\MU","Tr17_study2.png","6","581752","C:/Users/Public/Experiments/IDs/05-WMC/MU/MU_SM01_results/MUsbj054.csv","study","1000","5","54","590936","591938"
"MU.osexp","C:\Users\Public\Experiments\IDs\05-WMC\MU","Tr17_study3.png","6","581752","C:/Users/Public/Experiments/IDs/05-WMC/MU/MU_SM01_results/MUsbj054.csv","study","1000","5","54","592287","593290"
"MU.osexp","C:\Users\Public\Experiments\IDs\05-WMC\MU","Tr17_study4.png","6","581752","C:/Users/Public/Experiments/IDs/05-WMC/MU/MU_SM01_results/MUsbj054.csv","study","1000","5","54","593647","594649"
"MU.osexp","C:\Users\Public\Experiments\IDs\05-WMC\MU","Tr17_study5.png","6","581752","C:/Users/Public/Experiments/IDs/05-WMC/MU/MU_SM01_results/MUsbj054.csv","study","1000","5","54","595000","596002"
"MU.osexp","C:\Users\Public\Experiments\IDs\05-WMC\MU","Tr17_update1.png","6","581752","C:/Users/Public/Experiments/IDs/05-WMC/MU/MU_SM01_results/MUsbj054.csv","update","1300","5","54","596356","597658"
"MU.osexp","C:\Users\Public\Experiments\IDs\05-WMC\MU","Tr17_update2.png","6","581752","C:/Users/Public/Experiments/IDs/05-WMC/MU/MU_SM01_results/MUsbj054.csv","update","1300","5","54","598011","599313"
"MU.osexp","C:\Users\Public\Experiments\IDs\05-WMC\MU","Tr17_update3.png","6","581752","C:/Users/Public/Experiments/IDs/05-WMC/MU/MU_SM01_results/MUsbj054.csv","update","1300","5","54","599686","600988"
"MU.osexp","C:\Users\Public\Experiments\IDs\05-WMC\MU","Tr17_update4.png","6","581752","C:/Users/Public/Experiments/IDs/05-WMC/MU/MU_SM01_results/MUsbj054.csv","update","1300","5","54","601352","602655"
"MU.osexp","C:\Users\Public\Experiments\IDs\05-WMC\MU","Tr17_update5.png","6","581752","C:/Users/Public/Experiments/IDs/05-WMC/MU/MU_SM01_results/MUsbj054.csv","update","1300","5","54","603007","604309"
"MU.osexp","C:\Users\Public\Experiments\IDs\05-WMC\MU","Tr17_update6.png","6","581752","C:/Users/Public/Experiments/IDs/05-WMC/MU/MU_SM01_results/MUsbj054.csv","update","1300","5","54","604677","605979"
"MU.osexp","C:\Users\Public\Experiments\IDs\05-WMC\MU","Tr17_test1.png","4","608952","C:/Users/Public/Experiments/IDs/05-WMC/MU/MU_SM01_results/MUsbj054.csv","test","0","5","54","606354","608953"
"MU.osexp","C:\Users\Public\Experiments\IDs\05-WMC\MU","Tr17_test2.png","3","611424","C:/Users/Public/Experiments/IDs/05-WMC/MU/MU_SM01_results/MUsbj054.csv","test","0","5","54","610059","611425"
"MU.osexp","C:\Users\Public\Experiments\IDs\05-WMC\MU","Tr17_test3.png","8","613552","C:/Users/Public/Experiments/IDs/05-WMC/MU/MU_SM01_results/MUsbj054.csv","test","0","5","54","612515","613553"
"MU.osexp","C:\Users\Public\Experiments\IDs\05-WMC\MU","Tr17_test4.png","5","615848","C:/Users/Public/Experiments/IDs/05-WMC/MU/MU_SM01_results/MUsbj054.csv","test","0","5","54","614650","615849"
"MU.osexp","C:\Users\Public\Experiments\IDs\05-WMC\MU","Tr17_test5.png","4","617312","C:/Users/Public/Experiments/IDs/05-WMC/MU/MU_SM01_results/MUsbj054.csv","test","0","5","54","616947","617313"
