"experiment_file","experiment_path","image","key","key_time","logfile","phase","playtime","setSize","subject_nr","timestamp","waittime"
"MU.osexp","C:\Users\Public\Experiments\IDs\05-WMC\MU","ready1.png","NA","NA","C:/Users/Public/Experiments/IDs/05-WMC/MU/MUsbj099.csv","pre","0","3","99","82335","NA"
"MU.osexp","C:\Users\Public\Experiments\IDs\05-WMC\MU","fixation.png","NA","NA","C:/Users/Public/Experiments/IDs/05-WMC/MU/MUsbj099.csv","fix","1500","3","99","83444","NA"
"MU.osexp","C:\Users\Public\Experiments\IDs\05-WMC\MU","Tr1_study1.png","NA","NA","C:/Users/Public/Experiments/IDs/05-WMC/MU/MUsbj099.csv","study","1000","3","99","85065","86067"
"MU.osexp","C:\Users\Public\Experiments\IDs\05-WMC\MU","Tr1_study2.png","NA","NA","C:/Users/Public/Experiments/IDs/05-WMC/MU/MUsbj099.csv","study","1000","3","99","86422","87424"
"MU.osexp","C:\Users\Public\Experiments\IDs\05-WMC\MU","Tr1_study3.png","NA","NA","C:/Users/Public/Experiments/IDs/05-WMC/MU/MUsbj099.csv","study","1000","3","99","87792","88794"
"MU.osexp","C:\Users\Public\Experiments\IDs\05-WMC\MU","Tr1_update1.png","NA","NA","C:/Users/Public/Experiments/IDs/05-WMC/MU/MUsbj099.csv","update","1300","3","99","89130","90432"
"MU.osexp","C:\Users\Public\Experiments\IDs\05-WMC\MU","Tr1_update2.png","NA","NA","C:/Users/Public/Experiments/IDs/05-WMC/MU/MUsbj099.csv","update","1300","3","99","90821","92123"
"MU.osexp","C:\Users\Public\Experiments\IDs\05-WMC\MU","Tr1_update3.png","NA","NA","C:/Users/Public/Experiments/IDs/05-WMC/MU/MUsbj099.csv","update","1300","3","99","92467","93769"
"MU.osexp","C:\Users\Public\Experiments\IDs\05-WMC\MU","Tr1_test1.png","9","98134","C:/Users/Public/Experiments/IDs/05-WMC/MU/MUsbj099.csv","test","0","3","99","94139","98134"
"MU.osexp","C:\Users\Public\Experiments\IDs\05-WMC\MU","Tr1_test2.png","5","100845","C:/Users/Public/Experiments/IDs/05-WMC/MU/MUsbj099.csv","test","0","3","99","99221","100846"
"MU.osexp","C:\Users\Public\Experiments\IDs\05-WMC\MU","Tr1_test3.png","7","103317","C:/Users/Public/Experiments/IDs/05-WMC/MU/MUsbj099.csv","test","0","3","99","101935","103318"
"MU.osexp","C:\Users\Public\Experiments\IDs\05-WMC\MU","wait.png","7","103317","C:/Users/Public/Experiments/IDs/05-WMC/MU/MUsbj099.csv","wait","5000","3","99","104397","103318"
"MU.osexp","C:\Users\Public\Experiments\IDs\05-WMC\MU","fixation.png","7","103317","C:/Users/Public/Experiments/IDs/05-WMC/MU/MUsbj099.csv","fix","1500","3","99","109620","103318"
"MU.osexp","C:\Users\Public\Experiments\IDs\05-WMC\MU","Tr2_study1.png","7","103317","C:/Users/Public/Experiments/IDs/05-WMC/MU/MUsbj099.csv","study","1000","3","99","111231","112232"
"MU.osexp","C:\Users\Public\Experiments\IDs\05-WMC\MU","Tr2_study2.png","7","103317","C:/Users/Public/Experiments/IDs/05-WMC/MU/MUsbj099.csv","study","1000","3","99","112569","113571"
"MU.osexp","C:\Users\Public\Experiments\IDs\05-WMC\MU","Tr2_study3.png","7","103317","C:/Users/Public/Experiments/IDs/05-WMC/MU/MUsbj099.csv","study","1000","3","99","113939","114939"
"MU.osexp","C:\Users\Public\Experiments\IDs\05-WMC\MU","Tr2_update1.png","7","103317","C:/Users/Public/Experiments/IDs/05-WMC/MU/MUsbj099.csv","update","1300","3","99","115273","116573"
"MU.osexp","C:\Users\Public\Experiments\IDs\05-WMC\MU","Tr2_update2.png","7","103317","C:/Users/Public/Experiments/IDs/05-WMC/MU/MUsbj099.csv","update","1300","3","99","116916","118217"
"MU.osexp","C:\Users\Public\Experiments\IDs\05-WMC\MU","Tr2_update3.png","7","103317","C:/Users/Public/Experiments/IDs/05-WMC/MU/MUsbj099.csv","update","1300","3","99","118531","119831"
"MU.osexp","C:\Users\Public\Experiments\IDs\05-WMC\MU","Tr2_test1.png","4","121797","C:/Users/Public/Experiments/IDs/05-WMC/MU/MUsbj099.csv","test","0","3","99","120156","121798"
"MU.osexp","C:\Users\Public\Experiments\IDs\05-WMC\MU","Tr2_test2.png","6","123709","C:/Users/Public/Experiments/IDs/05-WMC/MU/MUsbj099.csv","test","0","3","99","122877","123710"
"MU.osexp","C:\Users\Public\Experiments\IDs\05-WMC\MU","Tr2_test3.png","1","127181","C:/Users/Public/Experiments/IDs/05-WMC/MU/MUsbj099.csv","test","0","3","99","124782","127182"
"MU.osexp","C:\Users\Public\Experiments\IDs\05-WMC\MU","ready2.png","1","127181","C:/Users/Public/Experiments/IDs/05-WMC/MU/MUsbj099.csv","pre","0","3","99","131706","127182"
"MU.osexp","C:\Users\Public\Experiments\IDs\05-WMC\MU","fixation.png","1","127181","C:/Users/Public/Experiments/IDs/05-WMC/MU/MUsbj099.csv","fix","1500","3","99","133324","127182"
"MU.osexp","C:\Users\Public\Experiments\IDs\05-WMC\MU","Tr3_study1.png","1","127181","C:/Users/Public/Experiments/IDs/05-WMC/MU/MUsbj099.csv","study","1000","3","99","134892","135892"
"MU.osexp","C:\Users\Public\Experiments\IDs\05-WMC\MU","Tr3_study2.png","1","127181","C:/Users/Public/Experiments/IDs/05-WMC/MU/MUsbj099.csv","study","1000","3","99","136227","137227"
"MU.osexp","C:\Users\Public\Experiments\IDs\05-WMC\MU","Tr3_study3.png","1","127181","C:/Users/Public/Experiments/IDs/05-WMC/MU/MUsbj099.csv","study","1000","3","99","137550","138550"
"MU.osexp","C:\Users\Public\Experiments\IDs\05-WMC\MU","Tr3_update1.png","1","127181","C:/Users/Public/Experiments/IDs/05-WMC/MU/MUsbj099.csv","update","1300","3","99","138877","140177"
"MU.osexp","C:\Users\Public\Experiments\IDs\05-WMC\MU","Tr3_update2.png","1","127181","C:/Users/Public/Experiments/IDs/05-WMC/MU/MUsbj099.csv","update","1300","3","99","140518","141818"
"MU.osexp","C:\Users\Public\Experiments\IDs\05-WMC\MU","Tr3_update3.png","1","127181","C:/Users/Public/Experiments/IDs/05-WMC/MU/MUsbj099.csv","update","1300","3","99","142149","143449"
"MU.osexp","C:\Users\Public\Experiments\IDs\05-WMC\MU","Tr3_test1.png","9","147222","C:/Users/Public/Experiments/IDs/05-WMC/MU/MUsbj099.csv","test","0","3","99","143766","147223"
"MU.osexp","C:\Users\Public\Experiments\IDs\05-WMC\MU","Tr3_test2.png","7","149158","C:/Users/Public/Experiments/IDs/05-WMC/MU/MUsbj099.csv","test","0","3","99","148302","149159"
"MU.osexp","C:\Users\Public\Experiments\IDs\05-WMC\MU","Tr3_test3.png","7","150550","C:/Users/Public/Experiments/IDs/05-WMC/MU/MUsbj099.csv","test","0","3","99","150244","150550"
"MU.osexp","C:\Users\Public\Experiments\IDs\05-WMC\MU","wait.png","7","150550","C:/Users/Public/Experiments/IDs/05-WMC/MU/MUsbj099.csv","wait","5000","4","99","151619","150550"
"MU.osexp","C:\Users\Public\Experiments\IDs\05-WMC\MU","fixation.png","7","150550","C:/Users/Public/Experiments/IDs/05-WMC/MU/MUsbj099.csv","fix","1500","4","99","156700","150550"
"MU.osexp","C:\Users\Public\Experiments\IDs\05-WMC\MU","Tr4_study1.png","7","150550","C:/Users/Public/Experiments/IDs/05-WMC/MU/MUsbj099.csv","study","1000","4","99","158275","159275"
"MU.osexp","C:\Users\Public\Experiments\IDs\05-WMC\MU","Tr4_study2.png","7","150550","C:/Users/Public/Experiments/IDs/05-WMC/MU/MUsbj099.csv","study","1000","4","99","159602","160602"
"MU.osexp","C:\Users\Public\Experiments\IDs\05-WMC\MU","Tr4_study3.png","7","150550","C:/Users/Public/Experiments/IDs/05-WMC/MU/MUsbj099.csv","study","1000","4","99","160936","161936"
"MU.osexp","C:\Users\Public\Experiments\IDs\05-WMC\MU","Tr4_study4.png","7","150550","C:/Users/Public/Experiments/IDs/05-WMC/MU/MUsbj099.csv","study","1000","4","99","162268","163268"
"MU.osexp","C:\Users\Public\Experiments\IDs\05-WMC\MU","Tr4_update1.png","7","150550","C:/Users/Public/Experiments/IDs/05-WMC/MU/MUsbj099.csv","update","1300","4","99","163850","165151"
"MU.osexp","C:\Users\Public\Experiments\IDs\05-WMC\MU","Tr4_update2.png","7","150550","C:/Users/Public/Experiments/IDs/05-WMC/MU/MUsbj099.csv","update","1300","4","99","165485","166785"
"MU.osexp","C:\Users\Public\Experiments\IDs\05-WMC\MU","Tr4_update3.png","7","150550","C:/Users/Public/Experiments/IDs/05-WMC/MU/MUsbj099.csv","update","1300","4","99","167121","168422"
"MU.osexp","C:\Users\Public\Experiments\IDs\05-WMC\MU","Tr4_update4.png","7","150550","C:/Users/Public/Experiments/IDs/05-WMC/MU/MUsbj099.csv","update","1300","4","99","168734","170035"
"MU.osexp","C:\Users\Public\Experiments\IDs\05-WMC\MU","Tr4_test1.png","3","172501","C:/Users/Public/Experiments/IDs/05-WMC/MU/MUsbj099.csv","test","0","4","99","170361","172502"
"MU.osexp","C:\Users\Public\Experiments\IDs\05-WMC\MU","Tr4_test2.png","4","175437","C:/Users/Public/Experiments/IDs/05-WMC/MU/MUsbj099.csv","test","0","4","99","173568","175438"
"MU.osexp","C:\Users\Public\Experiments\IDs\05-WMC\MU","Tr4_test3.png","1","177957","C:/Users/Public/Experiments/IDs/05-WMC/MU/MUsbj099.csv","test","0","4","99","176510","177958"
"MU.osexp","C:\Users\Public\Experiments\IDs\05-WMC\MU","Tr4_test4.png","4","179917","C:/Users/Public/Experiments/IDs/05-WMC/MU/MUsbj099.csv","test","0","4","99","179077","179918"
"MU.osexp","C:\Users\Public\Experiments\IDs\05-WMC\MU","wait.png","4","179917","C:/Users/Public/Experiments/IDs/05-WMC/MU/MUsbj099.csv","wait","5000","3","99","181040","179918"
"MU.osexp","C:\Users\Public\Experiments\IDs\05-WMC\MU","fixation.png","4","179917","C:/Users/Public/Experiments/IDs/05-WMC/MU/MUsbj099.csv","fix","1500","3","99","186123","179918"
"MU.osexp","C:\Users\Public\Experiments\IDs\05-WMC\MU","Tr5_study1.png","4","179917","C:/Users/Public/Experiments/IDs/05-WMC/MU/MUsbj099.csv","study","1000","3","99","187702","188704"
"MU.osexp","C:\Users\Public\Experiments\IDs\05-WMC\MU","Tr5_study2.png","4","179917","C:/Users/Public/Experiments/IDs/05-WMC/MU/MUsbj099.csv","study","1000","3","99","189035","190035"
"MU.osexp","C:\Users\Public\Experiments\IDs\05-WMC\MU","Tr5_study3.png","4","179917","C:/Users/Public/Experiments/IDs/05-WMC/MU/MUsbj099.csv","study","1000","3","99","190356","191358"
"MU.osexp","C:\Users\Public\Experiments\IDs\05-WMC\MU","Tr5_update1.png","4","179917","C:/Users/Public/Experiments/IDs/05-WMC/MU/MUsbj099.csv","update","1300","3","99","191702","193003"
"MU.osexp","C:\Users\Public\Experiments\IDs\05-WMC\MU","Tr5_update2.png","4","179917","C:/Users/Public/Experiments/IDs/05-WMC/MU/MUsbj099.csv","update","1300","3","99","193321","194622"
"MU.osexp","C:\Users\Public\Experiments\IDs\05-WMC\MU","Tr5_update3.png","4","179917","C:/Users/Public/Experiments/IDs/05-WMC/MU/MUsbj099.csv","update","1300","3","99","194945","196247"
"MU.osexp","C:\Users\Public\Experiments\IDs\05-WMC\MU","Tr5_update4.png","4","179917","C:/Users/Public/Experiments/IDs/05-WMC/MU/MUsbj099.csv","update","1300","3","99","196587","197889"
"MU.osexp","C:\Users\Public\Experiments\IDs\05-WMC\MU","Tr5_update5.png","4","179917","C:/Users/Public/Experiments/IDs/05-WMC/MU/MUsbj099.csv","update","1300","3","99","198220","199520"
"MU.osexp","C:\Users\Public\Experiments\IDs\05-WMC\MU","Tr5_update6.png","4","179917","C:/Users/Public/Experiments/IDs/05-WMC/MU/MUsbj099.csv","update","1300","3","99","199854","201155"
"MU.osexp","C:\Users\Public\Experiments\IDs\05-WMC\MU","Tr5_test1.png","2","204182","C:/Users/Public/Experiments/IDs/05-WMC/MU/MUsbj099.csv","test","0","3","99","201535","204182"
"MU.osexp","C:\Users\Public\Experiments\IDs\05-WMC\MU","Tr5_test2.png","5","206341","C:/Users/Public/Experiments/IDs/05-WMC/MU/MUsbj099.csv","test","0","3","99","205256","206342"
"MU.osexp","C:\Users\Public\Experiments\IDs\05-WMC\MU","Tr5_test3.png","3","207757","C:/Users/Public/Experiments/IDs/05-WMC/MU/MUsbj099.csv","test","0","3","99","207421","207758"
"MU.osexp","C:\Users\Public\Experiments\IDs\05-WMC\MU","wait.png","3","207757","C:/Users/Public/Experiments/IDs/05-WMC/MU/MUsbj099.csv","wait","5000","4","99","208822","207758"
"MU.osexp","C:\Users\Public\Experiments\IDs\05-WMC\MU","fixation.png","3","207757","C:/Users/Public/Experiments/IDs/05-WMC/MU/MUsbj099.csv","fix","1500","4","99","213965","207758"
"MU.osexp","C:\Users\Public\Experiments\IDs\05-WMC\MU","Tr6_study1.png","3","207757","C:/Users/Public/Experiments/IDs/05-WMC/MU/MUsbj099.csv","study","1000","4","99","215592","216592"
"MU.osexp","C:\Users\Public\Experiments\IDs\05-WMC\MU","Tr6_study2.png","3","207757","C:/Users/Public/Experiments/IDs/05-WMC/MU/MUsbj099.csv","study","1000","4","99","216910","217910"
"MU.osexp","C:\Users\Public\Experiments\IDs\05-WMC\MU","Tr6_study3.png","3","207757","C:/Users/Public/Experiments/IDs/05-WMC/MU/MUsbj099.csv","study","1000","4","99","218243","219243"
"MU.osexp","C:\Users\Public\Experiments\IDs\05-WMC\MU","Tr6_study4.png","3","207757","C:/Users/Public/Experiments/IDs/05-WMC/MU/MUsbj099.csv","study","1000","4","99","219694","220694"
"MU.osexp","C:\Users\Public\Experiments\IDs\05-WMC\MU","Tr6_update1.png","3","207757","C:/Users/Public/Experiments/IDs/05-WMC/MU/MUsbj099.csv","update","1300","4","99","221166","222466"
"MU.osexp","C:\Users\Public\Experiments\IDs\05-WMC\MU","Tr6_update2.png","3","207757","C:/Users/Public/Experiments/IDs/05-WMC/MU/MUsbj099.csv","update","1300","4","99","222799","224099"
"MU.osexp","C:\Users\Public\Experiments\IDs\05-WMC\MU","Tr6_update3.png","3","207757","C:/Users/Public/Experiments/IDs/05-WMC/MU/MUsbj099.csv","update","1300","4","99","224416","225717"
"MU.osexp","C:\Users\Public\Experiments\IDs\05-WMC\MU","Tr6_update4.png","3","207757","C:/Users/Public/Experiments/IDs/05-WMC/MU/MUsbj099.csv","update","1300","4","99","226044","227344"
"MU.osexp","C:\Users\Public\Experiments\IDs\05-WMC\MU","Tr6_update5.png","3","207757","C:/Users/Public/Experiments/IDs/05-WMC/MU/MUsbj099.csv","update","1300","4","99","227678","228978"
"MU.osexp","C:\Users\Public\Experiments\IDs\05-WMC\MU","Tr6_test1.png","6","230637","C:/Users/Public/Experiments/IDs/05-WMC/MU/MUsbj099.csv","test","0","4","99","229292","230638"
"MU.osexp","C:\Users\Public\Experiments\IDs\05-WMC\MU","Tr6_test2.png","1","233437","C:/Users/Public/Experiments/IDs/05-WMC/MU/MUsbj099.csv","test","0","4","99","231718","233438"
"MU.osexp","C:\Users\Public\Experiments\IDs\05-WMC\MU","Tr6_test3.png","6","235950","C:/Users/Public/Experiments/IDs/05-WMC/MU/MUsbj099.csv","test","0","4","99","234503","235951"
"MU.osexp","C:\Users\Public\Experiments\IDs\05-WMC\MU","Tr6_test4.png","8","237334","C:/Users/Public/Experiments/IDs/05-WMC/MU/MUsbj099.csv","test","0","4","99","237017","237335"
"MU.osexp","C:\Users\Public\Experiments\IDs\05-WMC\MU","wait.png","8","237334","C:/Users/Public/Experiments/IDs/05-WMC/MU/MUsbj099.csv","wait","5000","5","99","238419","237335"
"MU.osexp","C:\Users\Public\Experiments\IDs\05-WMC\MU","fixation.png","8","237334","C:/Users/Public/Experiments/IDs/05-WMC/MU/MUsbj099.csv","fix","1500","5","99","243492","237335"
"MU.osexp","C:\Users\Public\Experiments\IDs\05-WMC\MU","Tr7_study1.png","8","237334","C:/Users/Public/Experiments/IDs/05-WMC/MU/MUsbj099.csv","study","1000","5","99","245060","246060"
"MU.osexp","C:\Users\Public\Experiments\IDs\05-WMC\MU","Tr7_study2.png","8","237334","C:/Users/Public/Experiments/IDs/05-WMC/MU/MUsbj099.csv","study","1000","5","99","246396","247397"
"MU.osexp","C:\Users\Public\Experiments\IDs\05-WMC\MU","Tr7_study3.png","8","237334","C:/Users/Public/Experiments/IDs/05-WMC/MU/MUsbj099.csv","study","1000","5","99","247729","248729"
"MU.osexp","C:\Users\Public\Experiments\IDs\05-WMC\MU","Tr7_study4.png","8","237334","C:/Users/Public/Experiments/IDs/05-WMC/MU/MUsbj099.csv","study","1000","5","99","249053","250053"
"MU.osexp","C:\Users\Public\Experiments\IDs\05-WMC\MU","Tr7_study5.png","8","237334","C:/Users/Public/Experiments/IDs/05-WMC/MU/MUsbj099.csv","study","1000","5","99","250386","251386"
"MU.osexp","C:\Users\Public\Experiments\IDs\05-WMC\MU","Tr7_update1.png","8","237334","C:/Users/Public/Experiments/IDs/05-WMC/MU/MUsbj099.csv","update","1300","5","99","251719","253021"
"MU.osexp","C:\Users\Public\Experiments\IDs\05-WMC\MU","Tr7_update2.png","8","237334","C:/Users/Public/Experiments/IDs/05-WMC/MU/MUsbj099.csv","update","1300","5","99","253350","254652"
"MU.osexp","C:\Users\Public\Experiments\IDs\05-WMC\MU","Tr7_update3.png","8","237334","C:/Users/Public/Experiments/IDs/05-WMC/MU/MUsbj099.csv","update","1300","5","99","255033","256334"
"MU.osexp","C:\Users\Public\Experiments\IDs\05-WMC\MU","Tr7_update4.png","8","237334","C:/Users/Public/Experiments/IDs/05-WMC/MU/MUsbj099.csv","update","1300","5","99","256676","257977"
"MU.osexp","C:\Users\Public\Experiments\IDs\05-WMC\MU","Tr7_update5.png","8","237334","C:/Users/Public/Experiments/IDs/05-WMC/MU/MUsbj099.csv","update","1300","5","99","258319","259621"
"MU.osexp","C:\Users\Public\Experiments\IDs\05-WMC\MU","Tr7_test1.png","7","262037","C:/Users/Public/Experiments/IDs/05-WMC/MU/MUsbj099.csv","test","0","5","99","260004","262038"
"MU.osexp","C:\Users\Public\Experiments\IDs\05-WMC\MU","Tr7_test2.png","4","264157","C:/Users/Public/Experiments/IDs/05-WMC/MU/MUsbj099.csv","test","0","5","99","263161","264158"
"MU.osexp","C:\Users\Public\Experiments\IDs\05-WMC\MU","Tr7_test3.png","1","265733","C:/Users/Public/Experiments/IDs/05-WMC/MU/MUsbj099.csv","test","0","5","99","265287","265734"
"MU.osexp","C:\Users\Public\Experiments\IDs\05-WMC\MU","Tr7_test4.png","4","267997","C:/Users/Public/Experiments/IDs/05-WMC/MU/MUsbj099.csv","test","0","5","99","266835","267998"
"MU.osexp","C:\Users\Public\Experiments\IDs\05-WMC\MU","Tr7_test5.png","1","269406","C:/Users/Public/Experiments/IDs/05-WMC/MU/MUsbj099.csv","test","0","5","99","269060","269407"
"MU.osexp","C:\Users\Public\Experiments\IDs\05-WMC\MU","wait.png","1","269406","C:/Users/Public/Experiments/IDs/05-WMC/MU/MUsbj099.csv","wait","5000","4","99","270496","269407"
"MU.osexp","C:\Users\Public\Experiments\IDs\05-WMC\MU","fixation.png","1","269406","C:/Users/Public/Experiments/IDs/05-WMC/MU/MUsbj099.csv","fix","1500","4","99","275595","269407"
"MU.osexp","C:\Users\Public\Experiments\IDs\05-WMC\MU","Tr8_study1.png","1","269406","C:/Users/Public/Experiments/IDs/05-WMC/MU/MUsbj099.csv","study","1000","4","99","277186","278186"
"MU.osexp","C:\Users\Public\Experiments\IDs\05-WMC\MU","Tr8_study2.png","1","269406","C:/Users/Public/Experiments/IDs/05-WMC/MU/MUsbj099.csv","study","1000","4","99","278513","279513"
"MU.osexp","C:\Users\Public\Experiments\IDs\05-WMC\MU","Tr8_study3.png","1","269406","C:/Users/Public/Experiments/IDs/05-WMC/MU/MUsbj099.csv","study","1000","4","99","279853","280853"
"MU.osexp","C:\Users\Public\Experiments\IDs\05-WMC\MU","Tr8_study4.png","1","269406","C:/Users/Public/Experiments/IDs/05-WMC/MU/MUsbj099.csv","study","1000","4","99","281182","282183"
"MU.osexp","C:\Users\Public\Experiments\IDs\05-WMC\MU","Tr8_update1.png","1","269406","C:/Users/Public/Experiments/IDs/05-WMC/MU/MUsbj099.csv","update","1300","4","99","282512","283812"
"MU.osexp","C:\Users\Public\Experiments\IDs\05-WMC\MU","Tr8_update2.png","1","269406","C:/Users/Public/Experiments/IDs/05-WMC/MU/MUsbj099.csv","update","1300","4","99","284145","285447"
"MU.osexp","C:\Users\Public\Experiments\IDs\05-WMC\MU","Tr8_update3.png","1","269406","C:/Users/Public/Experiments/IDs/05-WMC/MU/MUsbj099.csv","update","1300","4","99","285766","287068"
"MU.osexp","C:\Users\Public\Experiments\IDs\05-WMC\MU","Tr8_test1.png","2","289750","C:/Users/Public/Experiments/IDs/05-WMC/MU/MUsbj099.csv","test","0","4","99","287399","289751"
"MU.osexp","C:\Users\Public\Experiments\IDs\05-WMC\MU","Tr8_test2.png","4","292190","C:/Users/Public/Experiments/IDs/05-WMC/MU/MUsbj099.csv","test","0","4","99","290813","292191"
"MU.osexp","C:\Users\Public\Experiments\IDs\05-WMC\MU","Tr8_test3.png","9","294126","C:/Users/Public/Experiments/IDs/05-WMC/MU/MUsbj099.csv","test","0","4","99","293266","294126"
"MU.osexp","C:\Users\Public\Experiments\IDs\05-WMC\MU","Tr8_test4.png","2","295541","C:/Users/Public/Experiments/IDs/05-WMC/MU/MUsbj099.csv","test","0","4","99","295219","295542"
"MU.osexp","C:\Users\Public\Experiments\IDs\05-WMC\MU","wait.png","2","295541","C:/Users/Public/Experiments/IDs/05-WMC/MU/MUsbj099.csv","wait","5000","5","99","296623","295542"
"MU.osexp","C:\Users\Public\Experiments\IDs\05-WMC\MU","fixation.png","2","295541","C:/Users/Public/Experiments/IDs/05-WMC/MU/MUsbj099.csv","fix","1500","5","99","301707","295542"
"MU.osexp","C:\Users\Public\Experiments\IDs\05-WMC\MU","Tr9_study1.png","2","295541","C:/Users/Public/Experiments/IDs/05-WMC/MU/MUsbj099.csv","study","1000","5","99","303282","304282"
"MU.osexp","C:\Users\Public\Experiments\IDs\05-WMC\MU","Tr9_study2.png","2","295541","C:/Users/Public/Experiments/IDs/05-WMC/MU/MUsbj099.csv","study","1000","5","99","304606","305606"
"MU.osexp","C:\Users\Public\Experiments\IDs\05-WMC\MU","Tr9_study3.png","2","295541","C:/Users/Public/Experiments/IDs/05-WMC/MU/MUsbj099.csv","study","1000","5","99","305933","306933"
"MU.osexp","C:\Users\Public\Experiments\IDs\05-WMC\MU","Tr9_study4.png","2","295541","C:/Users/Public/Experiments/IDs/05-WMC/MU/MUsbj099.csv","study","1000","5","99","307278","308278"
"MU.osexp","C:\Users\Public\Experiments\IDs\05-WMC\MU","Tr9_study5.png","2","295541","C:/Users/Public/Experiments/IDs/05-WMC/MU/MUsbj099.csv","study","1000","5","99","308611","309611"
"MU.osexp","C:\Users\Public\Experiments\IDs\05-WMC\MU","Tr9_update1.png","2","295541","C:/Users/Public/Experiments/IDs/05-WMC/MU/MUsbj099.csv","update","1300","5","99","309944","311244"
"MU.osexp","C:\Users\Public\Experiments\IDs\05-WMC\MU","Tr9_update2.png","2","295541","C:/Users/Public/Experiments/IDs/05-WMC/MU/MUsbj099.csv","update","1300","5","99","311565","312865"
"MU.osexp","C:\Users\Public\Experiments\IDs\05-WMC\MU","Tr9_test1.png","4","314677","C:/Users/Public/Experiments/IDs/05-WMC/MU/MUsbj099.csv","test","0","5","99","313200","314678"
"MU.osexp","C:\Users\Public\Experiments\IDs\05-WMC\MU","Tr9_test2.png","5","317053","C:/Users/Public/Experiments/IDs/05-WMC/MU/MUsbj099.csv","test","0","5","99","315759","317054"
"MU.osexp","C:\Users\Public\Experiments\IDs\05-WMC\MU","Tr9_test3.png","1","319101","C:/Users/Public/Experiments/IDs/05-WMC/MU/MUsbj099.csv","test","0","5","99","318126","319102"
"MU.osexp","C:\Users\Public\Experiments\IDs\05-WMC\MU","Tr9_test4.png","5","320877","C:/Users/Public/Experiments/IDs/05-WMC/MU/MUsbj099.csv","test","0","5","99","320185","320878"
"MU.osexp","C:\Users\Public\Experiments\IDs\05-WMC\MU","Tr9_test5.png","7","322254","C:/Users/Public/Experiments/IDs/05-WMC/MU/MUsbj099.csv","test","0","5","99","321944","322255"
"MU.osexp","C:\Users\Public\Experiments\IDs\05-WMC\MU","wait.png","7","322254","C:/Users/Public/Experiments/IDs/05-WMC/MU/MUsbj099.csv","wait","5000","3","99","323326","322255"
"MU.osexp","C:\Users\Public\Experiments\IDs\05-WMC\MU","fixation.png","7","322254","C:/Users/Public/Experiments/IDs/05-WMC/MU/MUsbj099.csv","fix","1500","3","99","328412","322255"
"MU.osexp","C:\Users\Public\Experiments\IDs\05-WMC\MU","Tr10_study1.png","7","322254","C:/Users/Public/Experiments/IDs/05-WMC/MU/MUsbj099.csv","study","1000","3","99","329980","330980"
"MU.osexp","C:\Users\Public\Experiments\IDs\05-WMC\MU","Tr10_study2.png","7","322254","C:/Users/Public/Experiments/IDs/05-WMC/MU/MUsbj099.csv","study","1000","3","99","331312","332312"
"MU.osexp","C:\Users\Public\Experiments\IDs\05-WMC\MU","Tr10_study3.png","7","322254","C:/Users/Public/Experiments/IDs/05-WMC/MU/MUsbj099.csv","study","1000","3","99","332645","333645"
"MU.osexp","C:\Users\Public\Experiments\IDs\05-WMC\MU","Tr10_update1.png","7","322254","C:/Users/Public/Experiments/IDs/05-WMC/MU/MUsbj099.csv","update","1300","3","99","333990","335290"
"MU.osexp","C:\Users\Public\Experiments\IDs\05-WMC\MU","Tr10_update2.png","7","322254","C:/Users/Public/Experiments/IDs/05-WMC/MU/MUsbj099.csv","update","1300","3","99","335624","336925"
"MU.osexp","C:\Users\Public\Experiments\IDs\05-WMC\MU","Tr10_test1.png","5","338333","C:/Users/Public/Experiments/IDs/05-WMC/MU/MUsbj099.csv","test","0","3","99","337266","338334"
"MU.osexp","C:\Users\Public\Experiments\IDs\05-WMC\MU","Tr10_test2.png","2","340222","C:/Users/Public/Experiments/IDs/05-WMC/MU/MUsbj099.csv","test","0","3","99","339436","340223"
"MU.osexp","C:\Users\Public\Experiments\IDs\05-WMC\MU","Tr10_test3.png","5","341622","C:/Users/Public/Experiments/IDs/05-WMC/MU/MUsbj099.csv","test","0","3","99","341331","341623"
"MU.osexp","C:\Users\Public\Experiments\IDs\05-WMC\MU","wait.png","5","341622","C:/Users/Public/Experiments/IDs/05-WMC/MU/MUsbj099.csv","wait","5000","5","99","342734","341623"
"MU.osexp","C:\Users\Public\Experiments\IDs\05-WMC\MU","fixation.png","5","341622","C:/Users/Public/Experiments/IDs/05-WMC/MU/MUsbj099.csv","fix","1500","5","99","347865","341623"
"MU.osexp","C:\Users\Public\Experiments\IDs\05-WMC\MU","Tr11_study1.png","5","341622","C:/Users/Public/Experiments/IDs/05-WMC/MU/MUsbj099.csv","study","1000","5","99","349477","350479"
"MU.osexp","C:\Users\Public\Experiments\IDs\05-WMC\MU","Tr11_study2.png","5","341622","C:/Users/Public/Experiments/IDs/05-WMC/MU/MUsbj099.csv","study","1000","5","99","350841","351843"
"MU.osexp","C:\Users\Public\Experiments\IDs\05-WMC\MU","Tr11_study3.png","5","341622","C:/Users/Public/Experiments/IDs/05-WMC/MU/MUsbj099.csv","study","1000","5","99","352188","353190"
"MU.osexp","C:\Users\Public\Experiments\IDs\05-WMC\MU","Tr11_study4.png","5","341622","C:/Users/Public/Experiments/IDs/05-WMC/MU/MUsbj099.csv","study","1000","5","99","353633","354635"
"MU.osexp","C:\Users\Public\Experiments\IDs\05-WMC\MU","Tr11_study5.png","5","341622","C:/Users/Public/Experiments/IDs/05-WMC/MU/MUsbj099.csv","study","1000","5","99","355023","356025"
"MU.osexp","C:\Users\Public\Experiments\IDs\05-WMC\MU","Tr11_update1.png","5","341622","C:/Users/Public/Experiments/IDs/05-WMC/MU/MUsbj099.csv","update","1300","5","99","356384","357686"
"MU.osexp","C:\Users\Public\Experiments\IDs\05-WMC\MU","Tr11_update2.png","5","341622","C:/Users/Public/Experiments/IDs/05-WMC/MU/MUsbj099.csv","update","1300","5","99","358141","359443"
"MU.osexp","C:\Users\Public\Experiments\IDs\05-WMC\MU","Tr11_update3.png","5","341622","C:/Users/Public/Experiments/IDs/05-WMC/MU/MUsbj099.csv","update","1300","5","99","359797","361099"
"MU.osexp","C:\Users\Public\Experiments\IDs\05-WMC\MU","Tr11_test1.png","1","364126","C:/Users/Public/Experiments/IDs/05-WMC/MU/MUsbj099.csv","test","0","5","99","361438","364126"
"MU.osexp","C:\Users\Public\Experiments\IDs\05-WMC\MU","Tr11_test2.png","1","366213","C:/Users/Public/Experiments/IDs/05-WMC/MU/MUsbj099.csv","test","0","5","99","365219","366214"
"MU.osexp","C:\Users\Public\Experiments\IDs\05-WMC\MU","Tr11_test3.png","3","369237","C:/Users/Public/Experiments/IDs/05-WMC/MU/MUsbj099.csv","test","0","5","99","367305","369238"
"MU.osexp","C:\Users\Public\Experiments\IDs\05-WMC\MU","Tr11_test4.png","6","371581","C:/Users/Public/Experiments/IDs/05-WMC/MU/MUsbj099.csv","test","0","5","99","370336","371582"
"MU.osexp","C:\Users\Public\Experiments\IDs\05-WMC\MU","Tr11_test5.png","5","373133","C:/Users/Public/Experiments/IDs/05-WMC/MU/MUsbj099.csv","test","0","5","99","372687","373134"
"MU.osexp","C:\Users\Public\Experiments\IDs\05-WMC\MU","wait.png","5","373133","C:/Users/Public/Experiments/IDs/05-WMC/MU/MUsbj099.csv","wait","5000","3","99","374238","373134"
"MU.osexp","C:\Users\Public\Experiments\IDs\05-WMC\MU","fixation.png","5","373133","C:/Users/Public/Experiments/IDs/05-WMC/MU/MUsbj099.csv","fix","1500","3","99","379323","373134"
"MU.osexp","C:\Users\Public\Experiments\IDs\05-WMC\MU","Tr12_study1.png","5","373133","C:/Users/Public/Experiments/IDs/05-WMC/MU/MUsbj099.csv","study","1000","3","99","380914","381915"
"MU.osexp","C:\Users\Public\Experiments\IDs\05-WMC\MU","Tr12_study2.png","5","373133","C:/Users/Public/Experiments/IDs/05-WMC/MU/MUsbj099.csv","study","1000","3","99","382270","383272"
"MU.osexp","C:\Users\Public\Experiments\IDs\05-WMC\MU","Tr12_study3.png","5","373133","C:/Users/Public/Experiments/IDs/05-WMC/MU/MUsbj099.csv","study","1000","3","99","383730","384732"
"MU.osexp","C:\Users\Public\Experiments\IDs\05-WMC\MU","Tr12_update1.png","5","373133","C:/Users/Public/Experiments/IDs/05-WMC/MU/MUsbj099.csv","update","1300","3","99","385207","386509"
"MU.osexp","C:\Users\Public\Experiments\IDs\05-WMC\MU","Tr12_update2.png","5","373133","C:/Users/Public/Experiments/IDs/05-WMC/MU/MUsbj099.csv","update","1300","3","99","386878","388180"
"MU.osexp","C:\Users\Public\Experiments\IDs\05-WMC\MU","Tr12_update3.png","5","373133","C:/Users/Public/Experiments/IDs/05-WMC/MU/MUsbj099.csv","update","1300","3","99","388529","389830"
"MU.osexp","C:\Users\Public\Experiments\IDs\05-WMC\MU","Tr12_update4.png","5","373133","C:/Users/Public/Experiments/IDs/05-WMC/MU/MUsbj099.csv","update","1300","3","99","390198","391500"
"MU.osexp","C:\Users\Public\Experiments\IDs\05-WMC\MU","Tr12_update5.png","5","373133","C:/Users/Public/Experiments/IDs/05-WMC/MU/MUsbj099.csv","update","1300","3","99","391850","393152"
"MU.osexp","C:\Users\Public\Experiments\IDs\05-WMC\MU","Tr12_test1.png","4","394862","C:/Users/Public/Experiments/IDs/05-WMC/MU/MUsbj099.csv","test","0","3","99","393488","394863"
"MU.osexp","C:\Users\Public\Experiments\IDs\05-WMC\MU","Tr12_test2.png","9","396830","C:/Users/Public/Experiments/IDs/05-WMC/MU/MUsbj099.csv","test","0","3","99","395950","396830"
"MU.osexp","C:\Users\Public\Experiments\IDs\05-WMC\MU","Tr12_test3.png","4","398294","C:/Users/Public/Experiments/IDs/05-WMC/MU/MUsbj099.csv","test","0","3","99","397953","398295"
"MU.osexp","C:\Users\Public\Experiments\IDs\05-WMC\MU","wait.png","4","398294","C:/Users/Public/Experiments/IDs/05-WMC/MU/MUsbj099.csv","wait","5000","3","99","399389","398295"
"MU.osexp","C:\Users\Public\Experiments\IDs\05-WMC\MU","fixation.png","4","398294","C:/Users/Public/Experiments/IDs/05-WMC/MU/MUsbj099.csv","fix","1500","3","99","404490","398295"
"MU.osexp","C:\Users\Public\Experiments\IDs\05-WMC\MU","Tr13_study1.png","4","398294","C:/Users/Public/Experiments/IDs/05-WMC/MU/MUsbj099.csv","study","1000","3","99","406102","407103"
"MU.osexp","C:\Users\Public\Experiments\IDs\05-WMC\MU","Tr13_study2.png","4","398294","C:/Users/Public/Experiments/IDs/05-WMC/MU/MUsbj099.csv","study","1000","3","99","407446","408448"
"MU.osexp","C:\Users\Public\Experiments\IDs\05-WMC\MU","Tr13_study3.png","4","398294","C:/Users/Public/Experiments/IDs/05-WMC/MU/MUsbj099.csv","study","1000","3","99","408795","409797"
"MU.osexp","C:\Users\Public\Experiments\IDs\05-WMC\MU","Tr13_update1.png","4","398294","C:/Users/Public/Experiments/IDs/05-WMC/MU/MUsbj099.csv","update","1300","3","99","410153","411455"
"MU.osexp","C:\Users\Public\Experiments\IDs\05-WMC\MU","Tr13_update2.png","4","398294","C:/Users/Public/Experiments/IDs/05-WMC/MU/MUsbj099.csv","update","1300","3","99","411793","413095"
"MU.osexp","C:\Users\Public\Experiments\IDs\05-WMC\MU","Tr13_update3.png","4","398294","C:/Users/Public/Experiments/IDs/05-WMC/MU/MUsbj099.csv","update","1300","3","99","413450","414752"
"MU.osexp","C:\Users\Public\Experiments\IDs\05-WMC\MU","Tr13_update4.png","4","398294","C:/Users/Public/Experiments/IDs/05-WMC/MU/MUsbj099.csv","update","1300","3","99","415097","416399"
"MU.osexp","C:\Users\Public\Experiments\IDs\05-WMC\MU","Tr13_test1.png","3","418341","C:/Users/Public/Experiments/IDs/05-WMC/MU/MUsbj099.csv","test","0","3","99","416736","418342"
"MU.osexp","C:\Users\Public\Experiments\IDs\05-WMC\MU","Tr13_test2.png","1","420205","C:/Users/Public/Experiments/IDs/05-WMC/MU/MUsbj099.csv","test","0","3","99","419431","420206"
"MU.osexp","C:\Users\Public\Experiments\IDs\05-WMC\MU","Tr13_test3.png","5","421597","C:/Users/Public/Experiments/IDs/05-WMC/MU/MUsbj099.csv","test","0","3","99","421294","421598"
"MU.osexp","C:\Users\Public\Experiments\IDs\05-WMC\MU","wait.png","5","421597","C:/Users/Public/Experiments/IDs/05-WMC/MU/MUsbj099.csv","wait","5000","5","99","422686","421598"
"MU.osexp","C:\Users\Public\Experiments\IDs\05-WMC\MU","fixation.png","5","421597","C:/Users/Public/Experiments/IDs/05-WMC/MU/MUsbj099.csv","fix","1500","5","99","427778","421598"
"MU.osexp","C:\Users\Public\Experiments\IDs\05-WMC\MU","Tr14_study1.png","5","421597","C:/Users/Public/Experiments/IDs/05-WMC/MU/MUsbj099.csv","study","1000","5","99","429373","430373"
"MU.osexp","C:\Users\Public\Experiments\IDs\05-WMC\MU","Tr14_study2.png","5","421597","C:/Users/Public/Experiments/IDs/05-WMC/MU/MUsbj099.csv","study","1000","5","99","430715","431717"
"MU.osexp","C:\Users\Public\Experiments\IDs\05-WMC\MU","Tr14_study3.png","5","421597","C:/Users/Public/Experiments/IDs/05-WMC/MU/MUsbj099.csv","study","1000","5","99","432080","433081"
"MU.osexp","C:\Users\Public\Experiments\IDs\05-WMC\MU","Tr14_study4.png","5","421597","C:/Users/Public/Experiments/IDs/05-WMC/MU/MUsbj099.csv","study","1000","5","99","433431","434433"
"MU.osexp","C:\Users\Public\Experiments\IDs\05-WMC\MU","Tr14_study5.png","5","421597","C:/Users/Public/Experiments/IDs/05-WMC/MU/MUsbj099.csv","study","1000","5","99","434918","435919"
"MU.osexp","C:\Users\Public\Experiments\IDs\05-WMC\MU","Tr14_update1.png","5","421597","C:/Users/Public/Experiments/IDs/05-WMC/MU/MUsbj099.csv","update","1300","5","99","436266","437568"
"MU.osexp","C:\Users\Public\Experiments\IDs\05-WMC\MU","Tr14_update2.png","5","421597","C:/Users/Public/Experiments/IDs/05-WMC/MU/MUsbj099.csv","update","1300","5","99","437934","439236"
"MU.osexp","C:\Users\Public\Experiments\IDs\05-WMC\MU","Tr14_update3.png","5","421597","C:/Users/Public/Experiments/IDs/05-WMC/MU/MUsbj099.csv","update","1300","5","99","439567","440869"
"MU.osexp","C:\Users\Public\Experiments\IDs\05-WMC\MU","Tr14_update4.png","5","421597","C:/Users/Public/Experiments/IDs/05-WMC/MU/MUsbj099.csv","update","1300","5","99","441225","442527"
"MU.osexp","C:\Users\Public\Experiments\IDs\05-WMC\MU","Tr14_test1.png","8","444190","C:/Users/Public/Experiments/IDs/05-WMC/MU/MUsbj099.csv","test","0","5","99","442882","444191"
"MU.osexp","C:\Users\Public\Experiments\IDs\05-WMC\MU","Tr14_test2.png","3","446230","C:/Users/Public/Experiments/IDs/05-WMC/MU/MUsbj099.csv","test","0","5","99","445300","446231"
"MU.osexp","C:\Users\Public\Experiments\IDs\05-WMC\MU","Tr14_test3.png","1","449062","C:/Users/Public/Experiments/IDs/05-WMC/MU/MUsbj099.csv","test","0","5","99","447330","449063"
"MU.osexp","C:\Users\Public\Experiments\IDs\05-WMC\MU","Tr14_test4.png","5","450726","C:/Users/Public/Experiments/IDs/05-WMC/MU/MUsbj099.csv","test","0","5","99","450162","450726"
"MU.osexp","C:\Users\Public\Experiments\IDs\05-WMC\MU","Tr14_test5.png","8","452430","C:/Users/Public/Experiments/IDs/05-WMC/MU/MUsbj099.csv","test","0","5","99","451832","452430"
"MU.osexp","C:\Users\Public\Experiments\IDs\05-WMC\MU","wait.png","8","452430","C:/Users/Public/Experiments/IDs/05-WMC/MU/MUsbj099.csv","wait","5000","4","99","453522","452430"
"MU.osexp","C:\Users\Public\Experiments\IDs\05-WMC\MU","fixation.png","8","452430","C:/Users/Public/Experiments/IDs/05-WMC/MU/MUsbj099.csv","fix","1500","4","99","458620","452430"
"MU.osexp","C:\Users\Public\Experiments\IDs\05-WMC\MU","Tr15_study1.png","8","452430","C:/Users/Public/Experiments/IDs/05-WMC/MU/MUsbj099.csv","study","1000","4","99","460211","461212"
"MU.osexp","C:\Users\Public\Experiments\IDs\05-WMC\MU","Tr15_study2.png","8","452430","C:/Users/Public/Experiments/IDs/05-WMC/MU/MUsbj099.csv","study","1000","4","99","461563","462565"
"MU.osexp","C:\Users\Public\Experiments\IDs\05-WMC\MU","Tr15_study3.png","8","452430","C:/Users/Public/Experiments/IDs/05-WMC/MU/MUsbj099.csv","study","1000","4","99","462931","463933"
"MU.osexp","C:\Users\Public\Experiments\IDs\05-WMC\MU","Tr15_study4.png","8","452430","C:/Users/Public/Experiments/IDs/05-WMC/MU/MUsbj099.csv","study","1000","4","99","464292","465294"
"MU.osexp","C:\Users\Public\Experiments\IDs\05-WMC\MU","Tr15_update1.png","8","452430","C:/Users/Public/Experiments/IDs/05-WMC/MU/MUsbj099.csv","update","1300","4","99","465714","467016"
"MU.osexp","C:\Users\Public\Experiments\IDs\05-WMC\MU","Tr15_update2.png","8","452430","C:/Users/Public/Experiments/IDs/05-WMC/MU/MUsbj099.csv","update","1300","4","99","467368","468670"
"MU.osexp","C:\Users\Public\Experiments\IDs\05-WMC\MU","Tr15_update3.png","8","452430","C:/Users/Public/Experiments/IDs/05-WMC/MU/MUsbj099.csv","update","1300","4","99","469016","470318"
"MU.osexp","C:\Users\Public\Experiments\IDs\05-WMC\MU","Tr15_update4.png","8","452430","C:/Users/Public/Experiments/IDs/05-WMC/MU/MUsbj099.csv","update","1300","4","99","470706","472008"
"MU.osexp","C:\Users\Public\Experiments\IDs\05-WMC\MU","Tr15_update5.png","8","452430","C:/Users/Public/Experiments/IDs/05-WMC/MU/MUsbj099.csv","update","1300","4","99","472355","473657"
"MU.osexp","C:\Users\Public\Experiments\IDs\05-WMC\MU","Tr15_update6.png","8","452430","C:/Users/Public/Experiments/IDs/05-WMC/MU/MUsbj099.csv","update","1300","4","99","474008","475310"
"MU.osexp","C:\Users\Public\Experiments\IDs\05-WMC\MU","Tr15_test1.png","9","477477","C:/Users/Public/Experiments/IDs/05-WMC/MU/MUsbj099.csv","test","0","4","99","475658","477478"
"MU.osexp","C:\Users\Public\Experiments\IDs\05-WMC\MU","Tr15_test2.png","7","479662","C:/Users/Public/Experiments/IDs/05-WMC/MU/MUsbj099.csv","test","0","4","99","478573","479663"
"MU.osexp","C:\Users\Public\Experiments\IDs\05-WMC\MU","Tr15_test3.png","8","481742","C:/Users/Public/Experiments/IDs/05-WMC/MU/MUsbj099.csv","test","0","4","99","480765","481743"
"MU.osexp","C:\Users\Public\Experiments\IDs\05-WMC\MU","Tr15_test4.png","9","483214","C:/Users/Public/Experiments/IDs/05-WMC/MU/MUsbj099.csv","test","0","4","99","482857","483215"
"MU.osexp","C:\Users\Public\Experiments\IDs\05-WMC\MU","wait.png","9","483214","C:/Users/Public/Experiments/IDs/05-WMC/MU/MUsbj099.csv","wait","5000","4","99","484336","483215"
"MU.osexp","C:\Users\Public\Experiments\IDs\05-WMC\MU","fixation.png","9","483214","C:/Users/Public/Experiments/IDs/05-WMC/MU/MUsbj099.csv","fix","1500","4","99","489442","483215"
"MU.osexp","C:\Users\Public\Experiments\IDs\05-WMC\MU","Tr16_study1.png","9","483214","C:/Users/Public/Experiments/IDs/05-WMC/MU/MUsbj099.csv","study","1000","4","99","491038","492039"
"MU.osexp","C:\Users\Public\Experiments\IDs\05-WMC\MU","Tr16_study2.png","9","483214","C:/Users/Public/Experiments/IDs/05-WMC/MU/MUsbj099.csv","study","1000","4","99","492385","493386"
"MU.osexp","C:\Users\Public\Experiments\IDs\05-WMC\MU","Tr16_study3.png","9","483214","C:/Users/Public/Experiments/IDs/05-WMC/MU/MUsbj099.csv","study","1000","4","99","493759","494760"
"MU.osexp","C:\Users\Public\Experiments\IDs\05-WMC\MU","Tr16_study4.png","9","483214","C:/Users/Public/Experiments/IDs/05-WMC/MU/MUsbj099.csv","study","1000","4","99","495094","496096"
"MU.osexp","C:\Users\Public\Experiments\IDs\05-WMC\MU","Tr16_update1.png","9","483214","C:/Users/Public/Experiments/IDs/05-WMC/MU/MUsbj099.csv","update","1300","4","99","496472","497774"
"MU.osexp","C:\Users\Public\Experiments\IDs\05-WMC\MU","Tr16_update2.png","9","483214","C:/Users/Public/Experiments/IDs/05-WMC/MU/MUsbj099.csv","update","1300","4","99","498120","499422"
"MU.osexp","C:\Users\Public\Experiments\IDs\05-WMC\MU","Tr16_test1.png","8","507853","C:/Users/Public/Experiments/IDs/05-WMC/MU/MUsbj099.csv","test","0","4","99","499806","507854"
"MU.osexp","C:\Users\Public\Experiments\IDs\05-WMC\MU","Tr16_test2.png","7","510325","C:/Users/Public/Experiments/IDs/05-WMC/MU/MUsbj099.csv","test","0","4","99","508948","510326"
"MU.osexp","C:\Users\Public\Experiments\IDs\05-WMC\MU","Tr16_test3.png","5","511717","C:/Users/Public/Experiments/IDs/05-WMC/MU/MUsbj099.csv","test","0","4","99","511414","511718"
"MU.osexp","C:\Users\Public\Experiments\IDs\05-WMC\MU","Tr16_test4.png","8","513173","C:/Users/Public/Experiments/IDs/05-WMC/MU/MUsbj099.csv","test","0","4","99","512842","513174"
"MU.osexp","C:\Users\Public\Experiments\IDs\05-WMC\MU","wait.png","8","513173","C:/Users/Public/Experiments/IDs/05-WMC/MU/MUsbj099.csv","wait","5000","5","99","514266","513174"
"MU.osexp","C:\Users\Public\Experiments\IDs\05-WMC\MU","fixation.png","8","513173","C:/Users/Public/Experiments/IDs/05-WMC/MU/MUsbj099.csv","fix","1500","5","99","519367","513174"
"MU.osexp","C:\Users\Public\Experiments\IDs\05-WMC\MU","Tr17_study1.png","8","513173","C:/Users/Public/Experiments/IDs/05-WMC/MU/MUsbj099.csv","study","1000","5","99","521007","522009"
"MU.osexp","C:\Users\Public\Experiments\IDs\05-WMC\MU","Tr17_study2.png","8","513173","C:/Users/Public/Experiments/IDs/05-WMC/MU/MUsbj099.csv","study","1000","5","99","522384","523386"
"MU.osexp","C:\Users\Public\Experiments\IDs\05-WMC\MU","Tr17_study3.png","8","513173","C:/Users/Public/Experiments/IDs/05-WMC/MU/MUsbj099.csv","study","1000","5","99","523735","524736"
"MU.osexp","C:\Users\Public\Experiments\IDs\05-WMC\MU","Tr17_study4.png","8","513173","C:/Users/Public/Experiments/IDs/05-WMC/MU/MUsbj099.csv","study","1000","5","99","525069","526071"
"MU.osexp","C:\Users\Public\Experiments\IDs\05-WMC\MU","Tr17_study5.png","8","513173","C:/Users/Public/Experiments/IDs/05-WMC/MU/MUsbj099.csv","study","1000","5","99","526428","527429"
"MU.osexp","C:\Users\Public\Experiments\IDs\05-WMC\MU","Tr17_update1.png","8","513173","C:/Users/Public/Experiments/IDs/05-WMC/MU/MUsbj099.csv","update","1300","5","99","527817","529119"
"MU.osexp","C:\Users\Public\Experiments\IDs\05-WMC\MU","Tr17_update2.png","8","513173","C:/Users/Public/Experiments/IDs/05-WMC/MU/MUsbj099.csv","update","1300","5","99","529454","530756"
"MU.osexp","C:\Users\Public\Experiments\IDs\05-WMC\MU","Tr17_update3.png","8","513173","C:/Users/Public/Experiments/IDs/05-WMC/MU/MUsbj099.csv","update","1300","5","99","531093","532395"
"MU.osexp","C:\Users\Public\Experiments\IDs\05-WMC\MU","Tr17_update4.png","8","513173","C:/Users/Public/Experiments/IDs/05-WMC/MU/MUsbj099.csv","update","1300","5","99","532740","534041"
"MU.osexp","C:\Users\Public\Experiments\IDs\05-WMC\MU","Tr17_update5.png","8","513173","C:/Users/Public/Experiments/IDs/05-WMC/MU/MUsbj099.csv","update","1300","5","99","534379","535681"
"MU.osexp","C:\Users\Public\Experiments\IDs\05-WMC\MU","Tr17_update6.png","8","513173","C:/Users/Public/Experiments/IDs/05-WMC/MU/MUsbj099.csv","update","1300","5","99","536036","537338"
"MU.osexp","C:\Users\Public\Experiments\IDs\05-WMC\MU","Tr17_test1.png","9","539982","C:/Users/Public/Experiments/IDs/05-WMC/MU/MUsbj099.csv","test","0","5","99","537693","539983"
"MU.osexp","C:\Users\Public\Experiments\IDs\05-WMC\MU","Tr17_test2.png","1","542077","C:/Users/Public/Experiments/IDs/05-WMC/MU/MUsbj099.csv","test","0","5","99","541097","542078"
"MU.osexp","C:\Users\Public\Experiments\IDs\05-WMC\MU","Tr17_test3.png","7","544093","C:/Users/Public/Experiments/IDs/05-WMC/MU/MUsbj099.csv","test","0","5","99","543175","544094"
"MU.osexp","C:\Users\Public\Experiments\IDs\05-WMC\MU","Tr17_test4.png","3","546269","C:/Users/Public/Experiments/IDs/05-WMC/MU/MUsbj099.csv","test","0","5","99","545201","546270"
"MU.osexp","C:\Users\Public\Experiments\IDs\05-WMC\MU","Tr17_test5.png","6","547669","C:/Users/Public/Experiments/IDs/05-WMC/MU/MUsbj099.csv","test","0","5","99","547354","547670"
