"experiment_file","experiment_path","image","key","key_time","logfile","phase","playtime","setSize","subject_nr","timestamp","waittime"
"MU.osexp","C:\Users\Public\Experiments\SM01\05-WMC\MU","ready1.png","NA","NA","C:/Users/Public/Experiments/SM01/05-WMC/MU/MU_results/MUsbj012.csv","pre","0","3","0","177802","NA"
"MU.osexp","C:\Users\Public\Experiments\SM01\05-WMC\MU","fixation.png","NA","NA","C:/Users/Public/Experiments/SM01/05-WMC/MU/MU_results/MUsbj012.csv","fix","1500","3","0","180626","NA"
"MU.osexp","C:\Users\Public\Experiments\SM01\05-WMC\MU","Tr1_study1.png","NA","NA","C:/Users/Public/Experiments/SM01/05-WMC/MU/MU_results/MUsbj012.csv","study","1000","3","0","182247","183249"
"MU.osexp","C:\Users\Public\Experiments\SM01\05-WMC\MU","Tr1_study2.png","NA","NA","C:/Users/Public/Experiments/SM01/05-WMC/MU/MU_results/MUsbj012.csv","study","1000","3","0","183625","184627"
"MU.osexp","C:\Users\Public\Experiments\SM01\05-WMC\MU","Tr1_study3.png","NA","NA","C:/Users/Public/Experiments/SM01/05-WMC/MU/MU_results/MUsbj012.csv","study","1000","3","0","184967","185969"
"MU.osexp","C:\Users\Public\Experiments\SM01\05-WMC\MU","Tr1_update1.png","NA","NA","C:/Users/Public/Experiments/SM01/05-WMC/MU/MU_results/MUsbj012.csv","update","1300","3","0","186305","187607"
"MU.osexp","C:\Users\Public\Experiments\SM01\05-WMC\MU","Tr1_update2.png","NA","NA","C:/Users/Public/Experiments/SM01/05-WMC/MU/MU_results/MUsbj012.csv","update","1300","3","0","187972","189274"
"MU.osexp","C:\Users\Public\Experiments\SM01\05-WMC\MU","Tr1_update3.png","NA","NA","C:/Users/Public/Experiments/SM01/05-WMC/MU/MU_results/MUsbj012.csv","update","1300","3","0","189635","190937"
"MU.osexp","C:\Users\Public\Experiments\SM01\05-WMC\MU","Tr1_test1.png","9","201152","C:/Users/Public/Experiments/SM01/05-WMC/MU/MU_results/MUsbj012.csv","test","0","3","0","191319","201153"
"MU.osexp","C:\Users\Public\Experiments\SM01\05-WMC\MU","Tr1_test2.png","2","209799","C:/Users/Public/Experiments/SM01/05-WMC/MU/MU_results/MUsbj012.csv","test","0","3","0","202247","209800"
"MU.osexp","C:\Users\Public\Experiments\SM01\05-WMC\MU","Tr1_test3.png","2","213912","C:/Users/Public/Experiments/SM01/05-WMC/MU/MU_results/MUsbj012.csv","test","0","3","0","210913","213913"
"MU.osexp","C:\Users\Public\Experiments\SM01\05-WMC\MU","wait.png","2","213912","C:/Users/Public/Experiments/SM01/05-WMC/MU/MU_results/MUsbj012.csv","wait","5000","3","0","215006","213913"
"MU.osexp","C:\Users\Public\Experiments\SM01\05-WMC\MU","fixation.png","2","213912","C:/Users/Public/Experiments/SM01/05-WMC/MU/MU_results/MUsbj012.csv","fix","1500","3","0","220125","213913"
"MU.osexp","C:\Users\Public\Experiments\SM01\05-WMC\MU","Tr2_study1.png","2","213912","C:/Users/Public/Experiments/SM01/05-WMC/MU/MU_results/MUsbj012.csv","study","1000","3","0","221753","222755"
"MU.osexp","C:\Users\Public\Experiments\SM01\05-WMC\MU","Tr2_study2.png","2","213912","C:/Users/Public/Experiments/SM01/05-WMC/MU/MU_results/MUsbj012.csv","study","1000","3","0","223116","224118"
"MU.osexp","C:\Users\Public\Experiments\SM01\05-WMC\MU","Tr2_study3.png","2","213912","C:/Users/Public/Experiments/SM01/05-WMC/MU/MU_results/MUsbj012.csv","study","1000","3","0","224443","225446"
"MU.osexp","C:\Users\Public\Experiments\SM01\05-WMC\MU","Tr2_update1.png","2","213912","C:/Users/Public/Experiments/SM01/05-WMC/MU/MU_results/MUsbj012.csv","update","1300","3","0","225820","227122"
"MU.osexp","C:\Users\Public\Experiments\SM01\05-WMC\MU","Tr2_update2.png","2","213912","C:/Users/Public/Experiments/SM01/05-WMC/MU/MU_results/MUsbj012.csv","update","1300","3","0","227486","228788"
"MU.osexp","C:\Users\Public\Experiments\SM01\05-WMC\MU","Tr2_update3.png","2","213912","C:/Users/Public/Experiments/SM01/05-WMC/MU/MU_results/MUsbj012.csv","update","1300","3","0","229138","230440"
"MU.osexp","C:\Users\Public\Experiments\SM01\05-WMC\MU","Tr2_test1.png","4","233104","C:/Users/Public/Experiments/SM01/05-WMC/MU/MU_results/MUsbj012.csv","test","0","3","0","230786","233105"
"MU.osexp","C:\Users\Public\Experiments\SM01\05-WMC\MU","Tr2_test2.png","6","235296","C:/Users/Public/Experiments/SM01/05-WMC/MU/MU_results/MUsbj012.csv","test","0","3","0","234225","235297"
"MU.osexp","C:\Users\Public\Experiments\SM01\05-WMC\MU","Tr2_test3.png","1","239424","C:/Users/Public/Experiments/SM01/05-WMC/MU/MU_results/MUsbj012.csv","test","0","3","0","236389","239425"
"MU.osexp","C:\Users\Public\Experiments\SM01\05-WMC\MU","ready2.png","1","239424","C:/Users/Public/Experiments/SM01/05-WMC/MU/MU_results/MUsbj012.csv","pre","0","3","0","262289","239425"
"MU.osexp","C:\Users\Public\Experiments\SM01\05-WMC\MU","fixation.png","1","239424","C:/Users/Public/Experiments/SM01/05-WMC/MU/MU_results/MUsbj012.csv","fix","1500","3","0","264421","239425"
"MU.osexp","C:\Users\Public\Experiments\SM01\05-WMC\MU","Tr3_study1.png","1","239424","C:/Users/Public/Experiments/SM01/05-WMC/MU/MU_results/MUsbj012.csv","study","1000","3","0","266061","267064"
"MU.osexp","C:\Users\Public\Experiments\SM01\05-WMC\MU","Tr3_study2.png","1","239424","C:/Users/Public/Experiments/SM01/05-WMC/MU/MU_results/MUsbj012.csv","study","1000","3","0","267416","268418"
"MU.osexp","C:\Users\Public\Experiments\SM01\05-WMC\MU","Tr3_study3.png","1","239424","C:/Users/Public/Experiments/SM01/05-WMC/MU/MU_results/MUsbj012.csv","study","1000","3","0","268757","269759"
"MU.osexp","C:\Users\Public\Experiments\SM01\05-WMC\MU","Tr3_update1.png","1","239424","C:/Users/Public/Experiments/SM01/05-WMC/MU/MU_results/MUsbj012.csv","update","1300","3","0","270113","271415"
"MU.osexp","C:\Users\Public\Experiments\SM01\05-WMC\MU","Tr3_update2.png","1","239424","C:/Users/Public/Experiments/SM01/05-WMC/MU/MU_results/MUsbj012.csv","update","1300","3","0","271762","273064"
"MU.osexp","C:\Users\Public\Experiments\SM01\05-WMC\MU","Tr3_update3.png","1","239424","C:/Users/Public/Experiments/SM01/05-WMC/MU/MU_results/MUsbj012.csv","update","1300","3","0","273398","274699"
"MU.osexp","C:\Users\Public\Experiments\SM01\05-WMC\MU","Tr3_test1.png","9","276695","C:/Users/Public/Experiments/SM01/05-WMC/MU/MU_results/MUsbj012.csv","test","0","3","0","275058","276696"
"MU.osexp","C:\Users\Public\Experiments\SM01\05-WMC\MU","Tr3_test2.png","5","282352","C:/Users/Public/Experiments/SM01/05-WMC/MU/MU_results/MUsbj012.csv","test","0","3","0","277801","282353"
"MU.osexp","C:\Users\Public\Experiments\SM01\05-WMC\MU","Tr3_test3.png","4","287024","C:/Users/Public/Experiments/SM01/05-WMC/MU/MU_results/MUsbj012.csv","test","0","3","0","283478","287025"
"MU.osexp","C:\Users\Public\Experiments\SM01\05-WMC\MU","wait.png","4","287024","C:/Users/Public/Experiments/SM01/05-WMC/MU/MU_results/MUsbj012.csv","wait","5000","4","0","288131","287025"
"MU.osexp","C:\Users\Public\Experiments\SM01\05-WMC\MU","fixation.png","4","287024","C:/Users/Public/Experiments/SM01/05-WMC/MU/MU_results/MUsbj012.csv","fix","1500","4","0","293228","287025"
"MU.osexp","C:\Users\Public\Experiments\SM01\05-WMC\MU","Tr4_study1.png","4","287024","C:/Users/Public/Experiments/SM01/05-WMC/MU/MU_results/MUsbj012.csv","study","1000","4","0","294816","295818"
"MU.osexp","C:\Users\Public\Experiments\SM01\05-WMC\MU","Tr4_study2.png","4","287024","C:/Users/Public/Experiments/SM01/05-WMC/MU/MU_results/MUsbj012.csv","study","1000","4","0","296187","297189"
"MU.osexp","C:\Users\Public\Experiments\SM01\05-WMC\MU","Tr4_study3.png","4","287024","C:/Users/Public/Experiments/SM01/05-WMC/MU/MU_results/MUsbj012.csv","study","1000","4","0","297540","298542"
"MU.osexp","C:\Users\Public\Experiments\SM01\05-WMC\MU","Tr4_study4.png","4","287024","C:/Users/Public/Experiments/SM01/05-WMC/MU/MU_results/MUsbj012.csv","study","1000","4","0","298865","299867"
"MU.osexp","C:\Users\Public\Experiments\SM01\05-WMC\MU","Tr4_update1.png","4","287024","C:/Users/Public/Experiments/SM01/05-WMC/MU/MU_results/MUsbj012.csv","update","1300","4","0","300217","301519"
"MU.osexp","C:\Users\Public\Experiments\SM01\05-WMC\MU","Tr4_update2.png","4","287024","C:/Users/Public/Experiments/SM01/05-WMC/MU/MU_results/MUsbj012.csv","update","1300","4","0","301887","303189"
"MU.osexp","C:\Users\Public\Experiments\SM01\05-WMC\MU","Tr4_update3.png","4","287024","C:/Users/Public/Experiments/SM01/05-WMC/MU/MU_results/MUsbj012.csv","update","1300","4","0","303540","304842"
"MU.osexp","C:\Users\Public\Experiments\SM01\05-WMC\MU","Tr4_update4.png","4","287024","C:/Users/Public/Experiments/SM01/05-WMC/MU/MU_results/MUsbj012.csv","update","1300","4","0","305214","306516"
"MU.osexp","C:\Users\Public\Experiments\SM01\05-WMC\MU","Tr4_test1.png","3","311247","C:/Users/Public/Experiments/SM01/05-WMC/MU/MU_results/MUsbj012.csv","test","0","4","0","306878","311248"
"MU.osexp","C:\Users\Public\Experiments\SM01\05-WMC\MU","Tr4_test2.png","9","317528","C:/Users/Public/Experiments/SM01/05-WMC/MU/MU_results/MUsbj012.csv","test","0","4","0","312354","317529"
"MU.osexp","C:\Users\Public\Experiments\SM01\05-WMC\MU","Tr4_test3.png","8","322744","C:/Users/Public/Experiments/SM01/05-WMC/MU/MU_results/MUsbj012.csv","test","0","4","0","318639","322745"
"MU.osexp","C:\Users\Public\Experiments\SM01\05-WMC\MU","Tr4_test4.png","4","329327","C:/Users/Public/Experiments/SM01/05-WMC/MU/MU_results/MUsbj012.csv","test","0","4","0","323850","329328"
"MU.osexp","C:\Users\Public\Experiments\SM01\05-WMC\MU","wait.png","4","329327","C:/Users/Public/Experiments/SM01/05-WMC/MU/MU_results/MUsbj012.csv","wait","5000","3","0","330423","329328"
"MU.osexp","C:\Users\Public\Experiments\SM01\05-WMC\MU","fixation.png","4","329327","C:/Users/Public/Experiments/SM01/05-WMC/MU/MU_results/MUsbj012.csv","fix","1500","3","0","335541","329328"
"MU.osexp","C:\Users\Public\Experiments\SM01\05-WMC\MU","Tr5_study1.png","4","329327","C:/Users/Public/Experiments/SM01/05-WMC/MU/MU_results/MUsbj012.csv","study","1000","3","0","337139","338141"
"MU.osexp","C:\Users\Public\Experiments\SM01\05-WMC\MU","Tr5_study2.png","4","329327","C:/Users/Public/Experiments/SM01/05-WMC/MU/MU_results/MUsbj012.csv","study","1000","3","0","338485","339487"
"MU.osexp","C:\Users\Public\Experiments\SM01\05-WMC\MU","Tr5_study3.png","4","329327","C:/Users/Public/Experiments/SM01/05-WMC/MU/MU_results/MUsbj012.csv","study","1000","3","0","339827","340829"
"MU.osexp","C:\Users\Public\Experiments\SM01\05-WMC\MU","Tr5_update1.png","4","329327","C:/Users/Public/Experiments/SM01/05-WMC/MU/MU_results/MUsbj012.csv","update","1300","3","0","341169","342471"
"MU.osexp","C:\Users\Public\Experiments\SM01\05-WMC\MU","Tr5_update2.png","4","329327","C:/Users/Public/Experiments/SM01/05-WMC/MU/MU_results/MUsbj012.csv","update","1300","3","0","342817","344119"
"MU.osexp","C:\Users\Public\Experiments\SM01\05-WMC\MU","Tr5_update3.png","4","329327","C:/Users/Public/Experiments/SM01/05-WMC/MU/MU_results/MUsbj012.csv","update","1300","3","0","344464","345766"
"MU.osexp","C:\Users\Public\Experiments\SM01\05-WMC\MU","Tr5_update4.png","4","329327","C:/Users/Public/Experiments/SM01/05-WMC/MU/MU_results/MUsbj012.csv","update","1300","3","0","346163","347465"
"MU.osexp","C:\Users\Public\Experiments\SM01\05-WMC\MU","Tr5_update5.png","4","329327","C:/Users/Public/Experiments/SM01/05-WMC/MU/MU_results/MUsbj012.csv","update","1300","3","0","347829","349131"
"MU.osexp","C:\Users\Public\Experiments\SM01\05-WMC\MU","Tr5_update6.png","4","329327","C:/Users/Public/Experiments/SM01/05-WMC/MU/MU_results/MUsbj012.csv","update","1300","3","0","349510","350812"
"MU.osexp","C:\Users\Public\Experiments\SM01\05-WMC\MU","Tr5_test1.png","8","357704","C:/Users/Public/Experiments/SM01/05-WMC/MU/MU_results/MUsbj012.csv","test","0","3","0","351158","357705"
"MU.osexp","C:\Users\Public\Experiments\SM01\05-WMC\MU","Tr5_test2.png","4","362136","C:/Users/Public/Experiments/SM01/05-WMC/MU/MU_results/MUsbj012.csv","test","0","3","0","358825","362137"
"MU.osexp","C:\Users\Public\Experiments\SM01\05-WMC\MU","Tr5_test3.png","4","368344","C:/Users/Public/Experiments/SM01/05-WMC/MU/MU_results/MUsbj012.csv","test","0","3","0","363232","368345"
"MU.osexp","C:\Users\Public\Experiments\SM01\05-WMC\MU","wait.png","4","368344","C:/Users/Public/Experiments/SM01/05-WMC/MU/MU_results/MUsbj012.csv","wait","5000","4","0","369449","368345"
"MU.osexp","C:\Users\Public\Experiments\SM01\05-WMC\MU","fixation.png","4","368344","C:/Users/Public/Experiments/SM01/05-WMC/MU/MU_results/MUsbj012.csv","fix","1500","4","0","374549","368345"
"MU.osexp","C:\Users\Public\Experiments\SM01\05-WMC\MU","Tr6_study1.png","4","368344","C:/Users/Public/Experiments/SM01/05-WMC/MU/MU_results/MUsbj012.csv","study","1000","4","0","376151","377153"
"MU.osexp","C:\Users\Public\Experiments\SM01\05-WMC\MU","Tr6_study2.png","4","368344","C:/Users/Public/Experiments/SM01/05-WMC/MU/MU_results/MUsbj012.csv","study","1000","4","0","377498","378500"
"MU.osexp","C:\Users\Public\Experiments\SM01\05-WMC\MU","Tr6_study3.png","4","368344","C:/Users/Public/Experiments/SM01/05-WMC/MU/MU_results/MUsbj012.csv","study","1000","4","0","378867","379869"
"MU.osexp","C:\Users\Public\Experiments\SM01\05-WMC\MU","Tr6_study4.png","4","368344","C:/Users/Public/Experiments/SM01/05-WMC/MU/MU_results/MUsbj012.csv","study","1000","4","0","380196","381198"
"MU.osexp","C:\Users\Public\Experiments\SM01\05-WMC\MU","Tr6_update1.png","4","368344","C:/Users/Public/Experiments/SM01/05-WMC/MU/MU_results/MUsbj012.csv","update","1300","4","0","381523","382825"
"MU.osexp","C:\Users\Public\Experiments\SM01\05-WMC\MU","Tr6_update2.png","4","368344","C:/Users/Public/Experiments/SM01/05-WMC/MU/MU_results/MUsbj012.csv","update","1300","4","0","383161","384463"
"MU.osexp","C:\Users\Public\Experiments\SM01\05-WMC\MU","Tr6_update3.png","4","368344","C:/Users/Public/Experiments/SM01/05-WMC/MU/MU_results/MUsbj012.csv","update","1300","4","0","384813","386115"
"MU.osexp","C:\Users\Public\Experiments\SM01\05-WMC\MU","Tr6_update4.png","4","368344","C:/Users/Public/Experiments/SM01/05-WMC/MU/MU_results/MUsbj012.csv","update","1300","4","0","386457","387759"
"MU.osexp","C:\Users\Public\Experiments\SM01\05-WMC\MU","Tr6_update5.png","4","368344","C:/Users/Public/Experiments/SM01/05-WMC/MU/MU_results/MUsbj012.csv","update","1300","4","0","388128","389430"
"MU.osexp","C:\Users\Public\Experiments\SM01\05-WMC\MU","Tr6_test1.png","2","398248","C:/Users/Public/Experiments/SM01/05-WMC/MU/MU_results/MUsbj012.csv","test","0","4","0","389784","398249"
"MU.osexp","C:\Users\Public\Experiments\SM01\05-WMC\MU","Tr6_test2.png","7","400631","C:/Users/Public/Experiments/SM01/05-WMC/MU/MU_results/MUsbj012.csv","test","0","4","0","399372","400632"
"MU.osexp","C:\Users\Public\Experiments\SM01\05-WMC\MU","Tr6_test3.png","6","402632","C:/Users/Public/Experiments/SM01/05-WMC/MU/MU_results/MUsbj012.csv","test","0","4","0","401728","402633"
"MU.osexp","C:\Users\Public\Experiments\SM01\05-WMC\MU","Tr6_test4.png","4","405448","C:/Users/Public/Experiments/SM01/05-WMC/MU/MU_results/MUsbj012.csv","test","0","4","0","403737","405449"
"MU.osexp","C:\Users\Public\Experiments\SM01\05-WMC\MU","wait.png","4","405448","C:/Users/Public/Experiments/SM01/05-WMC/MU/MU_results/MUsbj012.csv","wait","5000","5","0","406554","405449"
"MU.osexp","C:\Users\Public\Experiments\SM01\05-WMC\MU","fixation.png","4","405448","C:/Users/Public/Experiments/SM01/05-WMC/MU/MU_results/MUsbj012.csv","fix","1500","5","0","411637","405449"
"MU.osexp","C:\Users\Public\Experiments\SM01\05-WMC\MU","Tr7_study1.png","4","405448","C:/Users/Public/Experiments/SM01/05-WMC/MU/MU_results/MUsbj012.csv","study","1000","5","0","413246","414248"
"MU.osexp","C:\Users\Public\Experiments\SM01\05-WMC\MU","Tr7_study2.png","4","405448","C:/Users/Public/Experiments/SM01/05-WMC/MU/MU_results/MUsbj012.csv","study","1000","5","0","414584","415586"
"MU.osexp","C:\Users\Public\Experiments\SM01\05-WMC\MU","Tr7_study3.png","4","405448","C:/Users/Public/Experiments/SM01/05-WMC/MU/MU_results/MUsbj012.csv","study","1000","5","0","415947","416949"
"MU.osexp","C:\Users\Public\Experiments\SM01\05-WMC\MU","Tr7_study4.png","4","405448","C:/Users/Public/Experiments/SM01/05-WMC/MU/MU_results/MUsbj012.csv","study","1000","5","0","417357","418359"
"MU.osexp","C:\Users\Public\Experiments\SM01\05-WMC\MU","Tr7_study5.png","4","405448","C:/Users/Public/Experiments/SM01/05-WMC/MU/MU_results/MUsbj012.csv","study","1000","5","0","418739","419741"
"MU.osexp","C:\Users\Public\Experiments\SM01\05-WMC\MU","Tr7_update1.png","4","405448","C:/Users/Public/Experiments/SM01/05-WMC/MU/MU_results/MUsbj012.csv","update","1300","5","0","420073","421375"
"MU.osexp","C:\Users\Public\Experiments\SM01\05-WMC\MU","Tr7_update2.png","4","405448","C:/Users/Public/Experiments/SM01/05-WMC/MU/MU_results/MUsbj012.csv","update","1300","5","0","421845","423147"
"MU.osexp","C:\Users\Public\Experiments\SM01\05-WMC\MU","Tr7_update3.png","4","405448","C:/Users/Public/Experiments/SM01/05-WMC/MU/MU_results/MUsbj012.csv","update","1300","5","0","423505","424807"
"MU.osexp","C:\Users\Public\Experiments\SM01\05-WMC\MU","Tr7_update4.png","4","405448","C:/Users/Public/Experiments/SM01/05-WMC/MU/MU_results/MUsbj012.csv","update","1300","5","0","425144","426447"
"MU.osexp","C:\Users\Public\Experiments\SM01\05-WMC\MU","Tr7_update5.png","4","405448","C:/Users/Public/Experiments/SM01/05-WMC/MU/MU_results/MUsbj012.csv","update","1300","5","0","426808","428110"
"MU.osexp","C:\Users\Public\Experiments\SM01\05-WMC\MU","Tr7_test1.png","1","429640","C:/Users/Public/Experiments/SM01/05-WMC/MU/MU_results/MUsbj012.csv","test","0","5","0","428484","429641"
"MU.osexp","C:\Users\Public\Experiments\SM01\05-WMC\MU","Tr7_test2.png","8","431760","C:/Users/Public/Experiments/SM01/05-WMC/MU/MU_results/MUsbj012.csv","test","0","5","0","430755","431761"
"MU.osexp","C:\Users\Public\Experiments\SM01\05-WMC\MU","Tr7_test3.png","1","433816","C:/Users/Public/Experiments/SM01/05-WMC/MU/MU_results/MUsbj012.csv","test","0","5","0","432876","433817"
"MU.osexp","C:\Users\Public\Experiments\SM01\05-WMC\MU","Tr7_test4.png","8","435943","C:/Users/Public/Experiments/SM01/05-WMC/MU/MU_results/MUsbj012.csv","test","0","5","0","434936","435944"
"MU.osexp","C:\Users\Public\Experiments\SM01\05-WMC\MU","Tr7_test5.png","1","437424","C:/Users/Public/Experiments/SM01/05-WMC/MU/MU_results/MUsbj012.csv","test","0","5","0","437063","437425"
"MU.osexp","C:\Users\Public\Experiments\SM01\05-WMC\MU","wait.png","1","437424","C:/Users/Public/Experiments/SM01/05-WMC/MU/MU_results/MUsbj012.csv","wait","5000","4","0","438544","437425"
"MU.osexp","C:\Users\Public\Experiments\SM01\05-WMC\MU","fixation.png","1","437424","C:/Users/Public/Experiments/SM01/05-WMC/MU/MU_results/MUsbj012.csv","fix","1500","4","0","443652","437425"
"MU.osexp","C:\Users\Public\Experiments\SM01\05-WMC\MU","Tr8_study1.png","1","437424","C:/Users/Public/Experiments/SM01/05-WMC/MU/MU_results/MUsbj012.csv","study","1000","4","0","445289","446291"
"MU.osexp","C:\Users\Public\Experiments\SM01\05-WMC\MU","Tr8_study2.png","1","437424","C:/Users/Public/Experiments/SM01/05-WMC/MU/MU_results/MUsbj012.csv","study","1000","4","0","446757","447759"
"MU.osexp","C:\Users\Public\Experiments\SM01\05-WMC\MU","Tr8_study3.png","1","437424","C:/Users/Public/Experiments/SM01/05-WMC/MU/MU_results/MUsbj012.csv","study","1000","4","0","448119","449121"
"MU.osexp","C:\Users\Public\Experiments\SM01\05-WMC\MU","Tr8_study4.png","1","437424","C:/Users/Public/Experiments/SM01/05-WMC/MU/MU_results/MUsbj012.csv","study","1000","4","0","449502","450504"
"MU.osexp","C:\Users\Public\Experiments\SM01\05-WMC\MU","Tr8_update1.png","1","437424","C:/Users/Public/Experiments/SM01/05-WMC/MU/MU_results/MUsbj012.csv","update","1300","4","0","450959","452261"
"MU.osexp","C:\Users\Public\Experiments\SM01\05-WMC\MU","Tr8_update2.png","1","437424","C:/Users/Public/Experiments/SM01/05-WMC/MU/MU_results/MUsbj012.csv","update","1300","4","0","452648","453950"
"MU.osexp","C:\Users\Public\Experiments\SM01\05-WMC\MU","Tr8_update3.png","1","437424","C:/Users/Public/Experiments/SM01/05-WMC/MU/MU_results/MUsbj012.csv","update","1300","4","0","454315","455617"
"MU.osexp","C:\Users\Public\Experiments\SM01\05-WMC\MU","Tr8_test1.png","2","459336","C:/Users/Public/Experiments/SM01/05-WMC/MU/MU_results/MUsbj012.csv","test","0","4","0","455995","459337"
"MU.osexp","C:\Users\Public\Experiments\SM01\05-WMC\MU","Tr8_test2.png","2","467304","C:/Users/Public/Experiments/SM01/05-WMC/MU/MU_results/MUsbj012.csv","test","0","4","0","460440","467305"
"MU.osexp","C:\Users\Public\Experiments\SM01\05-WMC\MU","Tr8_test3.png","9","469480","C:/Users/Public/Experiments/SM01/05-WMC/MU/MU_results/MUsbj012.csv","test","0","4","0","468393","469481"
"MU.osexp","C:\Users\Public\Experiments\SM01\05-WMC\MU","Tr8_test4.png","4","474008","C:/Users/Public/Experiments/SM01/05-WMC/MU/MU_results/MUsbj012.csv","test","0","4","0","470592","474009"
"MU.osexp","C:\Users\Public\Experiments\SM01\05-WMC\MU","wait.png","4","474008","C:/Users/Public/Experiments/SM01/05-WMC/MU/MU_results/MUsbj012.csv","wait","5000","5","0","475125","474009"
"MU.osexp","C:\Users\Public\Experiments\SM01\05-WMC\MU","fixation.png","4","474008","C:/Users/Public/Experiments/SM01/05-WMC/MU/MU_results/MUsbj012.csv","fix","1500","5","0","480245","474009"
"MU.osexp","C:\Users\Public\Experiments\SM01\05-WMC\MU","Tr9_study1.png","4","474008","C:/Users/Public/Experiments/SM01/05-WMC/MU/MU_results/MUsbj012.csv","study","1000","5","0","481851","482853"
"MU.osexp","C:\Users\Public\Experiments\SM01\05-WMC\MU","Tr9_study2.png","4","474008","C:/Users/Public/Experiments/SM01/05-WMC/MU/MU_results/MUsbj012.csv","study","1000","5","0","483220","484222"
"MU.osexp","C:\Users\Public\Experiments\SM01\05-WMC\MU","Tr9_study3.png","4","474008","C:/Users/Public/Experiments/SM01/05-WMC/MU/MU_results/MUsbj012.csv","study","1000","5","0","484578","485581"
"MU.osexp","C:\Users\Public\Experiments\SM01\05-WMC\MU","Tr9_study4.png","4","474008","C:/Users/Public/Experiments/SM01/05-WMC/MU/MU_results/MUsbj012.csv","study","1000","5","0","485932","486934"
"MU.osexp","C:\Users\Public\Experiments\SM01\05-WMC\MU","Tr9_study5.png","4","474008","C:/Users/Public/Experiments/SM01/05-WMC/MU/MU_results/MUsbj012.csv","study","1000","5","0","487314","488316"
"MU.osexp","C:\Users\Public\Experiments\SM01\05-WMC\MU","Tr9_update1.png","4","474008","C:/Users/Public/Experiments/SM01/05-WMC/MU/MU_results/MUsbj012.csv","update","1300","5","0","488666","489968"
"MU.osexp","C:\Users\Public\Experiments\SM01\05-WMC\MU","Tr9_update2.png","4","474008","C:/Users/Public/Experiments/SM01/05-WMC/MU/MU_results/MUsbj012.csv","update","1300","5","0","490331","491633"
"MU.osexp","C:\Users\Public\Experiments\SM01\05-WMC\MU","Tr9_test1.png","4","493800","C:/Users/Public/Experiments/SM01/05-WMC/MU/MU_results/MUsbj012.csv","test","0","5","0","491975","493801"
"MU.osexp","C:\Users\Public\Experiments\SM01\05-WMC\MU","Tr9_test2.png","5","497328","C:/Users/Public/Experiments/SM01/05-WMC/MU/MU_results/MUsbj012.csv","test","0","5","0","494941","497329"
"MU.osexp","C:\Users\Public\Experiments\SM01\05-WMC\MU","Tr9_test3.png","1","501528","C:/Users/Public/Experiments/SM01/05-WMC/MU/MU_results/MUsbj012.csv","test","0","5","0","498446","501529"
"MU.osexp","C:\Users\Public\Experiments\SM01\05-WMC\MU","Tr9_test4.png","6","505536","C:/Users/Public/Experiments/SM01/05-WMC/MU/MU_results/MUsbj012.csv","test","0","5","0","502754","505537"
"MU.osexp","C:\Users\Public\Experiments\SM01\05-WMC\MU","Tr9_test5.png","5","512976","C:/Users/Public/Experiments/SM01/05-WMC/MU/MU_results/MUsbj012.csv","test","0","5","0","506649","512977"
"MU.osexp","C:\Users\Public\Experiments\SM01\05-WMC\MU","wait.png","5","512976","C:/Users/Public/Experiments/SM01/05-WMC/MU/MU_results/MUsbj012.csv","wait","5000","3","0","514104","512977"
"MU.osexp","C:\Users\Public\Experiments\SM01\05-WMC\MU","fixation.png","5","512976","C:/Users/Public/Experiments/SM01/05-WMC/MU/MU_results/MUsbj012.csv","fix","1500","3","0","519206","512977"
"MU.osexp","C:\Users\Public\Experiments\SM01\05-WMC\MU","Tr10_study1.png","5","512976","C:/Users/Public/Experiments/SM01/05-WMC/MU/MU_results/MUsbj012.csv","study","1000","3","0","520841","521843"
"MU.osexp","C:\Users\Public\Experiments\SM01\05-WMC\MU","Tr10_study2.png","5","512976","C:/Users/Public/Experiments/SM01/05-WMC/MU/MU_results/MUsbj012.csv","study","1000","3","0","522210","523212"
"MU.osexp","C:\Users\Public\Experiments\SM01\05-WMC\MU","Tr10_study3.png","5","512976","C:/Users/Public/Experiments/SM01/05-WMC/MU/MU_results/MUsbj012.csv","study","1000","3","0","523561","524563"
"MU.osexp","C:\Users\Public\Experiments\SM01\05-WMC\MU","Tr10_update1.png","5","512976","C:/Users/Public/Experiments/SM01/05-WMC/MU/MU_results/MUsbj012.csv","update","1300","3","0","524909","526211"
"MU.osexp","C:\Users\Public\Experiments\SM01\05-WMC\MU","Tr10_update2.png","5","512976","C:/Users/Public/Experiments/SM01/05-WMC/MU/MU_results/MUsbj012.csv","update","1300","3","0","526565","527867"
"MU.osexp","C:\Users\Public\Experiments\SM01\05-WMC\MU","Tr10_test1.png","5","529040","C:/Users/Public/Experiments/SM01/05-WMC/MU/MU_results/MUsbj012.csv","test","0","3","0","528216","529041"
"MU.osexp","C:\Users\Public\Experiments\SM01\05-WMC\MU","Tr10_test2.png","2","531008","C:/Users/Public/Experiments/SM01/05-WMC/MU/MU_results/MUsbj012.csv","test","0","3","0","530156","531009"
"MU.osexp","C:\Users\Public\Experiments\SM01\05-WMC\MU","Tr10_test3.png","5","532520","C:/Users/Public/Experiments/SM01/05-WMC/MU/MU_results/MUsbj012.csv","test","0","3","0","532176","532521"
"MU.osexp","C:\Users\Public\Experiments\SM01\05-WMC\MU","wait.png","5","532520","C:/Users/Public/Experiments/SM01/05-WMC/MU/MU_results/MUsbj012.csv","wait","5000","5","0","533637","532521"
"MU.osexp","C:\Users\Public\Experiments\SM01\05-WMC\MU","fixation.png","5","532520","C:/Users/Public/Experiments/SM01/05-WMC/MU/MU_results/MUsbj012.csv","fix","1500","5","0","538767","532521"
"MU.osexp","C:\Users\Public\Experiments\SM01\05-WMC\MU","Tr11_study1.png","5","532520","C:/Users/Public/Experiments/SM01/05-WMC/MU/MU_results/MUsbj012.csv","study","1000","5","0","540413","541416"
"MU.osexp","C:\Users\Public\Experiments\SM01\05-WMC\MU","Tr11_study2.png","5","532520","C:/Users/Public/Experiments/SM01/05-WMC/MU/MU_results/MUsbj012.csv","study","1000","5","0","541784","542786"
"MU.osexp","C:\Users\Public\Experiments\SM01\05-WMC\MU","Tr11_study3.png","5","532520","C:/Users/Public/Experiments/SM01/05-WMC/MU/MU_results/MUsbj012.csv","study","1000","5","0","543159","544161"
"MU.osexp","C:\Users\Public\Experiments\SM01\05-WMC\MU","Tr11_study4.png","5","532520","C:/Users/Public/Experiments/SM01/05-WMC/MU/MU_results/MUsbj012.csv","study","1000","5","0","544514","545516"
"MU.osexp","C:\Users\Public\Experiments\SM01\05-WMC\MU","Tr11_study5.png","5","532520","C:/Users/Public/Experiments/SM01/05-WMC/MU/MU_results/MUsbj012.csv","study","1000","5","0","545879","546881"
"MU.osexp","C:\Users\Public\Experiments\SM01\05-WMC\MU","Tr11_update1.png","5","532520","C:/Users/Public/Experiments/SM01/05-WMC/MU/MU_results/MUsbj012.csv","update","1300","5","0","547258","548560"
"MU.osexp","C:\Users\Public\Experiments\SM01\05-WMC\MU","Tr11_update2.png","5","532520","C:/Users/Public/Experiments/SM01/05-WMC/MU/MU_results/MUsbj012.csv","update","1300","5","0","548933","550236"
"MU.osexp","C:\Users\Public\Experiments\SM01\05-WMC\MU","Tr11_update3.png","5","532520","C:/Users/Public/Experiments/SM01/05-WMC/MU/MU_results/MUsbj012.csv","update","1300","5","0","550576","551878"
"MU.osexp","C:\Users\Public\Experiments\SM01\05-WMC\MU","Tr11_test1.png","8","556624","C:/Users/Public/Experiments/SM01/05-WMC/MU/MU_results/MUsbj012.csv","test","0","5","0","552237","556625"
"MU.osexp","C:\Users\Public\Experiments\SM01\05-WMC\MU","Tr11_test2.png","6","560400","C:/Users/Public/Experiments/SM01/05-WMC/MU/MU_results/MUsbj012.csv","test","0","5","0","557729","560401"
"MU.osexp","C:\Users\Public\Experiments\SM01\05-WMC\MU","Tr11_test3.png","3","564880","C:/Users/Public/Experiments/SM01/05-WMC/MU/MU_results/MUsbj012.csv","test","0","5","0","561513","564881"
"MU.osexp","C:\Users\Public\Experiments\SM01\05-WMC\MU","Tr11_test4.png","6","568488","C:/Users/Public/Experiments/SM01/05-WMC/MU/MU_results/MUsbj012.csv","test","0","5","0","565977","568489"
"MU.osexp","C:\Users\Public\Experiments\SM01\05-WMC\MU","Tr11_test5.png","6","572640","C:/Users/Public/Experiments/SM01/05-WMC/MU/MU_results/MUsbj012.csv","test","0","5","0","569607","572641"
"MU.osexp","C:\Users\Public\Experiments\SM01\05-WMC\MU","wait.png","6","572640","C:/Users/Public/Experiments/SM01/05-WMC/MU/MU_results/MUsbj012.csv","wait","5000","3","0","573747","572641"
"MU.osexp","C:\Users\Public\Experiments\SM01\05-WMC\MU","fixation.png","6","572640","C:/Users/Public/Experiments/SM01/05-WMC/MU/MU_results/MUsbj012.csv","fix","1500","3","0","578879","572641"
"MU.osexp","C:\Users\Public\Experiments\SM01\05-WMC\MU","Tr12_study1.png","6","572640","C:/Users/Public/Experiments/SM01/05-WMC/MU/MU_results/MUsbj012.csv","study","1000","3","0","580473","581475"
"MU.osexp","C:\Users\Public\Experiments\SM01\05-WMC\MU","Tr12_study2.png","6","572640","C:/Users/Public/Experiments/SM01/05-WMC/MU/MU_results/MUsbj012.csv","study","1000","3","0","581824","582826"
"MU.osexp","C:\Users\Public\Experiments\SM01\05-WMC\MU","Tr12_study3.png","6","572640","C:/Users/Public/Experiments/SM01/05-WMC/MU/MU_results/MUsbj012.csv","study","1000","3","0","583182","584184"
"MU.osexp","C:\Users\Public\Experiments\SM01\05-WMC\MU","Tr12_update1.png","6","572640","C:/Users/Public/Experiments/SM01/05-WMC/MU/MU_results/MUsbj012.csv","update","1300","3","0","584548","585850"
"MU.osexp","C:\Users\Public\Experiments\SM01\05-WMC\MU","Tr12_update2.png","6","572640","C:/Users/Public/Experiments/SM01/05-WMC/MU/MU_results/MUsbj012.csv","update","1300","3","0","586186","587488"
"MU.osexp","C:\Users\Public\Experiments\SM01\05-WMC\MU","Tr12_update3.png","6","572640","C:/Users/Public/Experiments/SM01/05-WMC/MU/MU_results/MUsbj012.csv","update","1300","3","0","587851","589153"
"MU.osexp","C:\Users\Public\Experiments\SM01\05-WMC\MU","Tr12_update4.png","6","572640","C:/Users/Public/Experiments/SM01/05-WMC/MU/MU_results/MUsbj012.csv","update","1300","3","0","589502","590804"
"MU.osexp","C:\Users\Public\Experiments\SM01\05-WMC\MU","Tr12_update5.png","6","572640","C:/Users/Public/Experiments/SM01/05-WMC/MU/MU_results/MUsbj012.csv","update","1300","3","0","591138","592440"
"MU.osexp","C:\Users\Public\Experiments\SM01\05-WMC\MU","Tr12_test1.png","4","593848","C:/Users/Public/Experiments/SM01/05-WMC/MU/MU_results/MUsbj012.csv","test","0","3","0","592784","593849"
"MU.osexp","C:\Users\Public\Experiments\SM01\05-WMC\MU","Tr12_test2.png","9","595800","C:/Users/Public/Experiments/SM01/05-WMC/MU/MU_results/MUsbj012.csv","test","0","3","0","594932","595801"
"MU.osexp","C:\Users\Public\Experiments\SM01\05-WMC\MU","Tr12_test3.png","4","597624","C:/Users/Public/Experiments/SM01/05-WMC/MU/MU_results/MUsbj012.csv","test","0","3","0","596922","597625"
"MU.osexp","C:\Users\Public\Experiments\SM01\05-WMC\MU","wait.png","4","597624","C:/Users/Public/Experiments/SM01/05-WMC/MU/MU_results/MUsbj012.csv","wait","5000","3","0","598714","597625"
"MU.osexp","C:\Users\Public\Experiments\SM01\05-WMC\MU","fixation.png","4","597624","C:/Users/Public/Experiments/SM01/05-WMC/MU/MU_results/MUsbj012.csv","fix","1500","3","0","603834","597625"
"MU.osexp","C:\Users\Public\Experiments\SM01\05-WMC\MU","Tr13_study1.png","4","597624","C:/Users/Public/Experiments/SM01/05-WMC/MU/MU_results/MUsbj012.csv","study","1000","3","0","605436","606438"
"MU.osexp","C:\Users\Public\Experiments\SM01\05-WMC\MU","Tr13_study2.png","4","597624","C:/Users/Public/Experiments/SM01/05-WMC/MU/MU_results/MUsbj012.csv","study","1000","3","0","606777","607779"
"MU.osexp","C:\Users\Public\Experiments\SM01\05-WMC\MU","Tr13_study3.png","4","597624","C:/Users/Public/Experiments/SM01/05-WMC/MU/MU_results/MUsbj012.csv","study","1000","3","0","608154","609156"
"MU.osexp","C:\Users\Public\Experiments\SM01\05-WMC\MU","Tr13_update1.png","4","597624","C:/Users/Public/Experiments/SM01/05-WMC/MU/MU_results/MUsbj012.csv","update","1300","3","0","609533","610835"
"MU.osexp","C:\Users\Public\Experiments\SM01\05-WMC\MU","Tr13_update2.png","4","597624","C:/Users/Public/Experiments/SM01/05-WMC/MU/MU_results/MUsbj012.csv","update","1300","3","0","611180","612482"
"MU.osexp","C:\Users\Public\Experiments\SM01\05-WMC\MU","Tr13_update3.png","4","597624","C:/Users/Public/Experiments/SM01/05-WMC/MU/MU_results/MUsbj012.csv","update","1300","3","0","612851","614153"
"MU.osexp","C:\Users\Public\Experiments\SM01\05-WMC\MU","Tr13_update4.png","4","597624","C:/Users/Public/Experiments/SM01/05-WMC/MU/MU_results/MUsbj012.csv","update","1300","3","0","614542","615844"
"MU.osexp","C:\Users\Public\Experiments\SM01\05-WMC\MU","Tr13_test1.png","3","617088","C:/Users/Public/Experiments/SM01/05-WMC/MU/MU_results/MUsbj012.csv","test","0","3","0","616175","617089"
"MU.osexp","C:\Users\Public\Experiments\SM01\05-WMC\MU","Tr13_test2.png","1","619048","C:/Users/Public/Experiments/SM01/05-WMC/MU/MU_results/MUsbj012.csv","test","0","3","0","618182","619049"
"MU.osexp","C:\Users\Public\Experiments\SM01\05-WMC\MU","Tr13_test3.png","3","620472","C:/Users/Public/Experiments/SM01/05-WMC/MU/MU_results/MUsbj012.csv","test","0","3","0","620156","620473"
"MU.osexp","C:\Users\Public\Experiments\SM01\05-WMC\MU","wait.png","3","620472","C:/Users/Public/Experiments/SM01/05-WMC/MU/MU_results/MUsbj012.csv","wait","5000","5","0","621577","620473"
"MU.osexp","C:\Users\Public\Experiments\SM01\05-WMC\MU","fixation.png","3","620472","C:/Users/Public/Experiments/SM01/05-WMC/MU/MU_results/MUsbj012.csv","fix","1500","5","0","626760","620473"
"MU.osexp","C:\Users\Public\Experiments\SM01\05-WMC\MU","Tr14_study1.png","3","620472","C:/Users/Public/Experiments/SM01/05-WMC/MU/MU_results/MUsbj012.csv","study","1000","5","0","628382","629384"
"MU.osexp","C:\Users\Public\Experiments\SM01\05-WMC\MU","Tr14_study2.png","3","620472","C:/Users/Public/Experiments/SM01/05-WMC/MU/MU_results/MUsbj012.csv","study","1000","5","0","629731","630734"
"MU.osexp","C:\Users\Public\Experiments\SM01\05-WMC\MU","Tr14_study3.png","3","620472","C:/Users/Public/Experiments/SM01/05-WMC/MU/MU_results/MUsbj012.csv","study","1000","5","0","631086","632088"
"MU.osexp","C:\Users\Public\Experiments\SM01\05-WMC\MU","Tr14_study4.png","3","620472","C:/Users/Public/Experiments/SM01/05-WMC/MU/MU_results/MUsbj012.csv","study","1000","5","0","632550","633552"
"MU.osexp","C:\Users\Public\Experiments\SM01\05-WMC\MU","Tr14_study5.png","3","620472","C:/Users/Public/Experiments/SM01/05-WMC/MU/MU_results/MUsbj012.csv","study","1000","5","0","633899","634901"
"MU.osexp","C:\Users\Public\Experiments\SM01\05-WMC\MU","Tr14_update1.png","3","620472","C:/Users/Public/Experiments/SM01/05-WMC/MU/MU_results/MUsbj012.csv","update","1300","5","0","635267","636569"
"MU.osexp","C:\Users\Public\Experiments\SM01\05-WMC\MU","Tr14_update2.png","3","620472","C:/Users/Public/Experiments/SM01/05-WMC/MU/MU_results/MUsbj012.csv","update","1300","5","0","636927","638229"
"MU.osexp","C:\Users\Public\Experiments\SM01\05-WMC\MU","Tr14_update3.png","3","620472","C:/Users/Public/Experiments/SM01/05-WMC/MU/MU_results/MUsbj012.csv","update","1300","5","0","638605","639907"
"MU.osexp","C:\Users\Public\Experiments\SM01\05-WMC\MU","Tr14_update4.png","3","620472","C:/Users/Public/Experiments/SM01/05-WMC/MU/MU_results/MUsbj012.csv","update","1300","5","0","640307","641609"
"MU.osexp","C:\Users\Public\Experiments\SM01\05-WMC\MU","Tr14_test1.png","6","643152","C:/Users/Public/Experiments/SM01/05-WMC/MU/MU_results/MUsbj012.csv","test","0","5","0","641968","643153"
"MU.osexp","C:\Users\Public\Experiments\SM01\05-WMC\MU","Tr14_test2.png","7","649816","C:/Users/Public/Experiments/SM01/05-WMC/MU/MU_results/MUsbj012.csv","test","0","5","0","644267","649817"
"MU.osexp","C:\Users\Public\Experiments\SM01\05-WMC\MU","Tr14_test3.png","3","653064","C:/Users/Public/Experiments/SM01/05-WMC/MU/MU_results/MUsbj012.csv","test","0","5","0","650929","653065"
"MU.osexp","C:\Users\Public\Experiments\SM01\05-WMC\MU","Tr14_test4.png","5","655968","C:/Users/Public/Experiments/SM01/05-WMC/MU/MU_results/MUsbj012.csv","test","0","5","0","654180","655969"
"MU.osexp","C:\Users\Public\Experiments\SM01\05-WMC\MU","Tr14_test5.png","8","657616","C:/Users/Public/Experiments/SM01/05-WMC/MU/MU_results/MUsbj012.csv","test","0","5","0","657066","657617"
"MU.osexp","C:\Users\Public\Experiments\SM01\05-WMC\MU","wait.png","8","657616","C:/Users/Public/Experiments/SM01/05-WMC/MU/MU_results/MUsbj012.csv","wait","5000","4","0","658766","657617"
"MU.osexp","C:\Users\Public\Experiments\SM01\05-WMC\MU","fixation.png","8","657616","C:/Users/Public/Experiments/SM01/05-WMC/MU/MU_results/MUsbj012.csv","fix","1500","4","0","663878","657617"
"MU.osexp","C:\Users\Public\Experiments\SM01\05-WMC\MU","Tr15_study1.png","8","657616","C:/Users/Public/Experiments/SM01/05-WMC/MU/MU_results/MUsbj012.csv","study","1000","4","0","665488","666488"
"MU.osexp","C:\Users\Public\Experiments\SM01\05-WMC\MU","Tr15_study2.png","8","657616","C:/Users/Public/Experiments/SM01/05-WMC/MU/MU_results/MUsbj012.csv","study","1000","4","0","666807","667809"
"MU.osexp","C:\Users\Public\Experiments\SM01\05-WMC\MU","Tr15_study3.png","8","657616","C:/Users/Public/Experiments/SM01/05-WMC/MU/MU_results/MUsbj012.csv","study","1000","4","0","668182","669184"
"MU.osexp","C:\Users\Public\Experiments\SM01\05-WMC\MU","Tr15_study4.png","8","657616","C:/Users/Public/Experiments/SM01/05-WMC/MU/MU_results/MUsbj012.csv","study","1000","4","0","669536","670538"
"MU.osexp","C:\Users\Public\Experiments\SM01\05-WMC\MU","Tr15_update1.png","8","657616","C:/Users/Public/Experiments/SM01/05-WMC/MU/MU_results/MUsbj012.csv","update","1300","4","0","670885","672187"
"MU.osexp","C:\Users\Public\Experiments\SM01\05-WMC\MU","Tr15_update2.png","8","657616","C:/Users/Public/Experiments/SM01/05-WMC/MU/MU_results/MUsbj012.csv","update","1300","4","0","672537","673839"
"MU.osexp","C:\Users\Public\Experiments\SM01\05-WMC\MU","Tr15_update3.png","8","657616","C:/Users/Public/Experiments/SM01/05-WMC/MU/MU_results/MUsbj012.csv","update","1300","4","0","674183","675485"
"MU.osexp","C:\Users\Public\Experiments\SM01\05-WMC\MU","Tr15_update4.png","8","657616","C:/Users/Public/Experiments/SM01/05-WMC/MU/MU_results/MUsbj012.csv","update","1300","4","0","675846","677148"
"MU.osexp","C:\Users\Public\Experiments\SM01\05-WMC\MU","Tr15_update5.png","8","657616","C:/Users/Public/Experiments/SM01/05-WMC/MU/MU_results/MUsbj012.csv","update","1300","4","0","677497","678799"
"MU.osexp","C:\Users\Public\Experiments\SM01\05-WMC\MU","Tr15_update6.png","8","657616","C:/Users/Public/Experiments/SM01/05-WMC/MU/MU_results/MUsbj012.csv","update","1300","4","0","679146","680448"
"MU.osexp","C:\Users\Public\Experiments\SM01\05-WMC\MU","Tr15_test1.png","1","693816","C:/Users/Public/Experiments/SM01/05-WMC/MU/MU_results/MUsbj012.csv","test","0","4","0","680797","693817"
"MU.osexp","C:\Users\Public\Experiments\SM01\05-WMC\MU","Tr15_test2.png","6","696896","C:/Users/Public/Experiments/SM01/05-WMC/MU/MU_results/MUsbj012.csv","test","0","4","0","694914","696897"
"MU.osexp","C:\Users\Public\Experiments\SM01\05-WMC\MU","Tr15_test3.png","8","698808","C:/Users/Public/Experiments/SM01/05-WMC/MU/MU_results/MUsbj012.csv","test","0","4","0","698007","698809"
"MU.osexp","C:\Users\Public\Experiments\SM01\05-WMC\MU","Tr15_test4.png","9","701049","C:/Users/Public/Experiments/SM01/05-WMC/MU/MU_results/MUsbj012.csv","test","0","4","0","699912","701049"
"MU.osexp","C:\Users\Public\Experiments\SM01\05-WMC\MU","wait.png","9","701049","C:/Users/Public/Experiments/SM01/05-WMC/MU/MU_results/MUsbj012.csv","wait","5000","4","0","702319","701049"
"MU.osexp","C:\Users\Public\Experiments\SM01\05-WMC\MU","fixation.png","9","701049","C:/Users/Public/Experiments/SM01/05-WMC/MU/MU_results/MUsbj012.csv","fix","1500","4","0","707435","701049"
"MU.osexp","C:\Users\Public\Experiments\SM01\05-WMC\MU","Tr16_study1.png","9","701049","C:/Users/Public/Experiments/SM01/05-WMC/MU/MU_results/MUsbj012.csv","study","1000","4","0","709050","710053"
"MU.osexp","C:\Users\Public\Experiments\SM01\05-WMC\MU","Tr16_study2.png","9","701049","C:/Users/Public/Experiments/SM01/05-WMC/MU/MU_results/MUsbj012.csv","study","1000","4","0","710419","711421"
"MU.osexp","C:\Users\Public\Experiments\SM01\05-WMC\MU","Tr16_study3.png","9","701049","C:/Users/Public/Experiments/SM01/05-WMC/MU/MU_results/MUsbj012.csv","study","1000","4","0","711774","712776"
"MU.osexp","C:\Users\Public\Experiments\SM01\05-WMC\MU","Tr16_study4.png","9","701049","C:/Users/Public/Experiments/SM01/05-WMC/MU/MU_results/MUsbj012.csv","study","1000","4","0","713130","714132"
"MU.osexp","C:\Users\Public\Experiments\SM01\05-WMC\MU","Tr16_update1.png","9","701049","C:/Users/Public/Experiments/SM01/05-WMC/MU/MU_results/MUsbj012.csv","update","1300","4","0","714564","715866"
"MU.osexp","C:\Users\Public\Experiments\SM01\05-WMC\MU","Tr16_update2.png","9","701049","C:/Users/Public/Experiments/SM01/05-WMC/MU/MU_results/MUsbj012.csv","update","1300","4","0","716200","717502"
"MU.osexp","C:\Users\Public\Experiments\SM01\05-WMC\MU","Tr16_test1.png","8","719776","C:/Users/Public/Experiments/SM01/05-WMC/MU/MU_results/MUsbj012.csv","test","0","4","0","717851","719777"
"MU.osexp","C:\Users\Public\Experiments\SM01\05-WMC\MU","Tr16_test2.png","7","721800","C:/Users/Public/Experiments/SM01/05-WMC/MU/MU_results/MUsbj012.csv","test","0","4","0","720871","721801"
"MU.osexp","C:\Users\Public\Experiments\SM01\05-WMC\MU","Tr16_test3.png","8","723328","C:/Users/Public/Experiments/SM01/05-WMC/MU/MU_results/MUsbj012.csv","test","0","4","0","722911","723329"
"MU.osexp","C:\Users\Public\Experiments\SM01\05-WMC\MU","Tr16_test4.png","6","724800","C:/Users/Public/Experiments/SM01/05-WMC/MU/MU_results/MUsbj012.csv","test","0","4","0","724412","724801"
"MU.osexp","C:\Users\Public\Experiments\SM01\05-WMC\MU","wait.png","6","724800","C:/Users/Public/Experiments/SM01/05-WMC/MU/MU_results/MUsbj012.csv","wait","5000","5","0","725910","724801"
"MU.osexp","C:\Users\Public\Experiments\SM01\05-WMC\MU","fixation.png","6","724800","C:/Users/Public/Experiments/SM01/05-WMC/MU/MU_results/MUsbj012.csv","fix","1500","5","0","731034","724801"
"MU.osexp","C:\Users\Public\Experiments\SM01\05-WMC\MU","Tr17_study1.png","6","724800","C:/Users/Public/Experiments/SM01/05-WMC/MU/MU_results/MUsbj012.csv","study","1000","5","0","732751","733753"
"MU.osexp","C:\Users\Public\Experiments\SM01\05-WMC\MU","Tr17_study2.png","6","724800","C:/Users/Public/Experiments/SM01/05-WMC/MU/MU_results/MUsbj012.csv","study","1000","5","0","734108","735110"
"MU.osexp","C:\Users\Public\Experiments\SM01\05-WMC\MU","Tr17_study3.png","6","724800","C:/Users/Public/Experiments/SM01/05-WMC/MU/MU_results/MUsbj012.csv","study","1000","5","0","735457","736459"
"MU.osexp","C:\Users\Public\Experiments\SM01\05-WMC\MU","Tr17_study4.png","6","724800","C:/Users/Public/Experiments/SM01/05-WMC/MU/MU_results/MUsbj012.csv","study","1000","5","0","736819","737821"
"MU.osexp","C:\Users\Public\Experiments\SM01\05-WMC\MU","Tr17_study5.png","6","724800","C:/Users/Public/Experiments/SM01/05-WMC/MU/MU_results/MUsbj012.csv","study","1000","5","0","738179","739181"
"MU.osexp","C:\Users\Public\Experiments\SM01\05-WMC\MU","Tr17_update1.png","6","724800","C:/Users/Public/Experiments/SM01/05-WMC/MU/MU_results/MUsbj012.csv","update","1300","5","0","739555","740857"
"MU.osexp","C:\Users\Public\Experiments\SM01\05-WMC\MU","Tr17_update2.png","6","724800","C:/Users/Public/Experiments/SM01/05-WMC/MU/MU_results/MUsbj012.csv","update","1300","5","0","741220","742522"
"MU.osexp","C:\Users\Public\Experiments\SM01\05-WMC\MU","Tr17_update3.png","6","724800","C:/Users/Public/Experiments/SM01/05-WMC/MU/MU_results/MUsbj012.csv","update","1300","5","0","742889","744191"
"MU.osexp","C:\Users\Public\Experiments\SM01\05-WMC\MU","Tr17_update4.png","6","724800","C:/Users/Public/Experiments/SM01/05-WMC/MU/MU_results/MUsbj012.csv","update","1300","5","0","744570","745872"
"MU.osexp","C:\Users\Public\Experiments\SM01\05-WMC\MU","Tr17_update5.png","6","724800","C:/Users/Public/Experiments/SM01/05-WMC/MU/MU_results/MUsbj012.csv","update","1300","5","0","746220","747522"
"MU.osexp","C:\Users\Public\Experiments\SM01\05-WMC\MU","Tr17_update6.png","6","724800","C:/Users/Public/Experiments/SM01/05-WMC/MU/MU_results/MUsbj012.csv","update","1300","5","0","747895","749197"
"MU.osexp","C:\Users\Public\Experiments\SM01\05-WMC\MU","Tr17_test1.png","2","750696","C:/Users/Public/Experiments/SM01/05-WMC/MU/MU_results/MUsbj012.csv","test","0","5","0","749560","750697"
"MU.osexp","C:\Users\Public\Experiments\SM01\05-WMC\MU","Tr17_test2.png","1","753529","C:/Users/Public/Experiments/SM01/05-WMC/MU/MU_results/MUsbj012.csv","test","0","5","0","751816","753529"
"MU.osexp","C:\Users\Public\Experiments\SM01\05-WMC\MU","Tr17_test3.png","8","755816","C:/Users/Public/Experiments/SM01/05-WMC/MU/MU_results/MUsbj012.csv","test","0","5","0","754625","755817"
"MU.osexp","C:\Users\Public\Experiments\SM01\05-WMC\MU","Tr17_test4.png","8","757496","C:/Users/Public/Experiments/SM01/05-WMC/MU/MU_results/MUsbj012.csv","test","0","5","0","756930","757497"
"MU.osexp","C:\Users\Public\Experiments\SM01\05-WMC\MU","Tr17_test5.png","9","759144","C:/Users/Public/Experiments/SM01/05-WMC/MU/MU_results/MUsbj012.csv","test","0","5","0","758590","759145"
