"experiment_file","experiment_path","image","key","key_time","logfile","phase","playtime","setSize","subject_nr","timestamp","waittime"
"MU.osexp","C:\Users\Public\Experiments\SM01\05-WMC\MU","ready1.png","NA","NA","C:/Users/Public/Experiments/SM01/05-WMC/MU/MU_results/MUsbj021.csv","pre","0","3","21","77826","NA"
"MU.osexp","C:\Users\Public\Experiments\SM01\05-WMC\MU","fixation.png","NA","NA","C:/Users/Public/Experiments/SM01/05-WMC/MU/MU_results/MUsbj021.csv","fix","1500","3","21","78842","NA"
"MU.osexp","C:\Users\Public\Experiments\SM01\05-WMC\MU","Tr1_study1.png","NA","NA","C:/Users/Public/Experiments/SM01/05-WMC/MU/MU_results/MUsbj021.csv","study","1000","3","21","80453","81455"
"MU.osexp","C:\Users\Public\Experiments\SM01\05-WMC\MU","Tr1_study2.png","NA","NA","C:/Users/Public/Experiments/SM01/05-WMC/MU/MU_results/MUsbj021.csv","study","1000","3","21","81817","82819"
"MU.osexp","C:\Users\Public\Experiments\SM01\05-WMC\MU","Tr1_study3.png","NA","NA","C:/Users/Public/Experiments/SM01/05-WMC/MU/MU_results/MUsbj021.csv","study","1000","3","21","83177","84179"
"MU.osexp","C:\Users\Public\Experiments\SM01\05-WMC\MU","Tr1_update1.png","NA","NA","C:/Users/Public/Experiments/SM01/05-WMC/MU/MU_results/MUsbj021.csv","update","1300","3","21","84595","85897"
"MU.osexp","C:\Users\Public\Experiments\SM01\05-WMC\MU","Tr1_update2.png","NA","NA","C:/Users/Public/Experiments/SM01/05-WMC/MU/MU_results/MUsbj021.csv","update","1300","3","21","86278","87580"
"MU.osexp","C:\Users\Public\Experiments\SM01\05-WMC\MU","Tr1_update3.png","NA","NA","C:/Users/Public/Experiments/SM01/05-WMC/MU/MU_results/MUsbj021.csv","update","1300","3","21","87943","89245"
"MU.osexp","C:\Users\Public\Experiments\SM01\05-WMC\MU","Tr1_test1.png","9","129448","C:/Users/Public/Experiments/SM01/05-WMC/MU/MU_results/MUsbj021.csv","test","0","3","21","89584","129449"
"MU.osexp","C:\Users\Public\Experiments\SM01\05-WMC\MU","Tr1_test2.png","8","136536","C:/Users/Public/Experiments/SM01/05-WMC/MU/MU_results/MUsbj021.csv","test","0","3","21","130561","136537"
"MU.osexp","C:\Users\Public\Experiments\SM01\05-WMC\MU","Tr1_test3.png","2","139416","C:/Users/Public/Experiments/SM01/05-WMC/MU/MU_results/MUsbj021.csv","test","0","3","21","137637","139417"
"MU.osexp","C:\Users\Public\Experiments\SM01\05-WMC\MU","wait.png","2","139416","C:/Users/Public/Experiments/SM01/05-WMC/MU/MU_results/MUsbj021.csv","wait","5000","3","21","140543","139417"
"MU.osexp","C:\Users\Public\Experiments\SM01\05-WMC\MU","fixation.png","2","139416","C:/Users/Public/Experiments/SM01/05-WMC/MU/MU_results/MUsbj021.csv","fix","1500","3","21","145634","139417"
"MU.osexp","C:\Users\Public\Experiments\SM01\05-WMC\MU","Tr2_study1.png","2","139416","C:/Users/Public/Experiments/SM01/05-WMC/MU/MU_results/MUsbj021.csv","study","1000","3","21","147252","148254"
"MU.osexp","C:\Users\Public\Experiments\SM01\05-WMC\MU","Tr2_study2.png","2","139416","C:/Users/Public/Experiments/SM01/05-WMC/MU/MU_results/MUsbj021.csv","study","1000","3","21","148608","149610"
"MU.osexp","C:\Users\Public\Experiments\SM01\05-WMC\MU","Tr2_study3.png","2","139416","C:/Users/Public/Experiments/SM01/05-WMC/MU/MU_results/MUsbj021.csv","study","1000","3","21","149975","150977"
"MU.osexp","C:\Users\Public\Experiments\SM01\05-WMC\MU","Tr2_update1.png","2","139416","C:/Users/Public/Experiments/SM01/05-WMC/MU/MU_results/MUsbj021.csv","update","1300","3","21","151332","152634"
"MU.osexp","C:\Users\Public\Experiments\SM01\05-WMC\MU","Tr2_update2.png","2","139416","C:/Users/Public/Experiments/SM01/05-WMC/MU/MU_results/MUsbj021.csv","update","1300","3","21","152999","154301"
"MU.osexp","C:\Users\Public\Experiments\SM01\05-WMC\MU","Tr2_update3.png","2","139416","C:/Users/Public/Experiments/SM01/05-WMC/MU/MU_results/MUsbj021.csv","update","1300","3","21","154665","155967"
"MU.osexp","C:\Users\Public\Experiments\SM01\05-WMC\MU","Tr2_test1.png","4","158352","C:/Users/Public/Experiments/SM01/05-WMC/MU/MU_results/MUsbj021.csv","test","0","3","21","156319","158353"
"MU.osexp","C:\Users\Public\Experiments\SM01\05-WMC\MU","Tr2_test2.png","6","161184","C:/Users/Public/Experiments/SM01/05-WMC/MU/MU_results/MUsbj021.csv","test","0","3","21","159467","161185"
"MU.osexp","C:\Users\Public\Experiments\SM01\05-WMC\MU","Tr2_test3.png","1","163704","C:/Users/Public/Experiments/SM01/05-WMC/MU/MU_results/MUsbj021.csv","test","0","3","21","162420","163705"
"MU.osexp","C:\Users\Public\Experiments\SM01\05-WMC\MU","ready2.png","1","163704","C:/Users/Public/Experiments/SM01/05-WMC/MU/MU_results/MUsbj021.csv","pre","0","3","21","180009","163705"
"MU.osexp","C:\Users\Public\Experiments\SM01\05-WMC\MU","fixation.png","1","163704","C:/Users/Public/Experiments/SM01/05-WMC/MU/MU_results/MUsbj021.csv","fix","1500","3","21","183561","163705"
"MU.osexp","C:\Users\Public\Experiments\SM01\05-WMC\MU","Tr3_study1.png","1","163704","C:/Users/Public/Experiments/SM01/05-WMC/MU/MU_results/MUsbj021.csv","study","1000","3","21","185173","186175"
"MU.osexp","C:\Users\Public\Experiments\SM01\05-WMC\MU","Tr3_study2.png","1","163704","C:/Users/Public/Experiments/SM01/05-WMC/MU/MU_results/MUsbj021.csv","study","1000","3","21","186567","187569"
"MU.osexp","C:\Users\Public\Experiments\SM01\05-WMC\MU","Tr3_study3.png","1","163704","C:/Users/Public/Experiments/SM01/05-WMC/MU/MU_results/MUsbj021.csv","study","1000","3","21","187965","188967"
"MU.osexp","C:\Users\Public\Experiments\SM01\05-WMC\MU","Tr3_update1.png","1","163704","C:/Users/Public/Experiments/SM01/05-WMC/MU/MU_results/MUsbj021.csv","update","1300","3","21","189342","190644"
"MU.osexp","C:\Users\Public\Experiments\SM01\05-WMC\MU","Tr3_update2.png","1","163704","C:/Users/Public/Experiments/SM01/05-WMC/MU/MU_results/MUsbj021.csv","update","1300","3","21","191023","192324"
"MU.osexp","C:\Users\Public\Experiments\SM01\05-WMC\MU","Tr3_update3.png","1","163704","C:/Users/Public/Experiments/SM01/05-WMC/MU/MU_results/MUsbj021.csv","update","1300","3","21","192674","193976"
"MU.osexp","C:\Users\Public\Experiments\SM01\05-WMC\MU","Tr3_test1.png","9","196712","C:/Users/Public/Experiments/SM01/05-WMC/MU/MU_results/MUsbj021.csv","test","0","3","21","194328","196713"
"MU.osexp","C:\Users\Public\Experiments\SM01\05-WMC\MU","Tr3_test2.png","7","198640","C:/Users/Public/Experiments/SM01/05-WMC/MU/MU_results/MUsbj021.csv","test","0","3","21","197834","198641"
"MU.osexp","C:\Users\Public\Experiments\SM01\05-WMC\MU","Tr3_test3.png","7","200240","C:/Users/Public/Experiments/SM01/05-WMC/MU/MU_results/MUsbj021.csv","test","0","3","21","199861","200241"
"MU.osexp","C:\Users\Public\Experiments\SM01\05-WMC\MU","wait.png","7","200240","C:/Users/Public/Experiments/SM01/05-WMC/MU/MU_results/MUsbj021.csv","wait","5000","4","21","201345","200241"
"MU.osexp","C:\Users\Public\Experiments\SM01\05-WMC\MU","fixation.png","7","200240","C:/Users/Public/Experiments/SM01/05-WMC/MU/MU_results/MUsbj021.csv","fix","1500","4","21","206471","200241"
"MU.osexp","C:\Users\Public\Experiments\SM01\05-WMC\MU","Tr4_study1.png","7","200240","C:/Users/Public/Experiments/SM01/05-WMC/MU/MU_results/MUsbj021.csv","study","1000","4","21","208065","209067"
"MU.osexp","C:\Users\Public\Experiments\SM01\05-WMC\MU","Tr4_study2.png","7","200240","C:/Users/Public/Experiments/SM01/05-WMC/MU/MU_results/MUsbj021.csv","study","1000","4","21","209440","210442"
"MU.osexp","C:\Users\Public\Experiments\SM01\05-WMC\MU","Tr4_study3.png","7","200240","C:/Users/Public/Experiments/SM01/05-WMC/MU/MU_results/MUsbj021.csv","study","1000","4","21","210797","211799"
"MU.osexp","C:\Users\Public\Experiments\SM01\05-WMC\MU","Tr4_study4.png","7","200240","C:/Users/Public/Experiments/SM01/05-WMC/MU/MU_results/MUsbj021.csv","study","1000","4","21","212171","213173"
"MU.osexp","C:\Users\Public\Experiments\SM01\05-WMC\MU","Tr4_update1.png","7","200240","C:/Users/Public/Experiments/SM01/05-WMC/MU/MU_results/MUsbj021.csv","update","1300","4","21","213507","214809"
"MU.osexp","C:\Users\Public\Experiments\SM01\05-WMC\MU","Tr4_update2.png","7","200240","C:/Users/Public/Experiments/SM01/05-WMC/MU/MU_results/MUsbj021.csv","update","1300","4","21","215173","216475"
"MU.osexp","C:\Users\Public\Experiments\SM01\05-WMC\MU","Tr4_update3.png","7","200240","C:/Users/Public/Experiments/SM01/05-WMC/MU/MU_results/MUsbj021.csv","update","1300","4","21","216824","218126"
"MU.osexp","C:\Users\Public\Experiments\SM01\05-WMC\MU","Tr4_update4.png","7","200240","C:/Users/Public/Experiments/SM01/05-WMC/MU/MU_results/MUsbj021.csv","update","1300","4","21","218477","219779"
"MU.osexp","C:\Users\Public\Experiments\SM01\05-WMC\MU","Tr4_test1.png","3","224032","C:/Users/Public/Experiments/SM01/05-WMC/MU/MU_results/MUsbj021.csv","test","0","4","21","220153","224033"
"MU.osexp","C:\Users\Public\Experiments\SM01\05-WMC\MU","Tr4_test2.png","9","226336","C:/Users/Public/Experiments/SM01/05-WMC/MU/MU_results/MUsbj021.csv","test","0","4","21","225180","226337"
"MU.osexp","C:\Users\Public\Experiments\SM01\05-WMC\MU","Tr4_test3.png","1","227832","C:/Users/Public/Experiments/SM01/05-WMC/MU/MU_results/MUsbj021.csv","test","0","4","21","227427","227833"
"MU.osexp","C:\Users\Public\Experiments\SM01\05-WMC\MU","Tr4_test4.png","7","230112","C:/Users/Public/Experiments/SM01/05-WMC/MU/MU_results/MUsbj021.csv","test","0","4","21","228991","230113"
"MU.osexp","C:\Users\Public\Experiments\SM01\05-WMC\MU","wait.png","7","230112","C:/Users/Public/Experiments/SM01/05-WMC/MU/MU_results/MUsbj021.csv","wait","5000","3","21","231221","230113"
"MU.osexp","C:\Users\Public\Experiments\SM01\05-WMC\MU","fixation.png","7","230112","C:/Users/Public/Experiments/SM01/05-WMC/MU/MU_results/MUsbj021.csv","fix","1500","3","21","236338","230113"
"MU.osexp","C:\Users\Public\Experiments\SM01\05-WMC\MU","Tr5_study1.png","7","230112","C:/Users/Public/Experiments/SM01/05-WMC/MU/MU_results/MUsbj021.csv","study","1000","3","21","237972","238974"
"MU.osexp","C:\Users\Public\Experiments\SM01\05-WMC\MU","Tr5_study2.png","7","230112","C:/Users/Public/Experiments/SM01/05-WMC/MU/MU_results/MUsbj021.csv","study","1000","3","21","239347","240349"
"MU.osexp","C:\Users\Public\Experiments\SM01\05-WMC\MU","Tr5_study3.png","7","230112","C:/Users/Public/Experiments/SM01/05-WMC/MU/MU_results/MUsbj021.csv","study","1000","3","21","240702","241704"
"MU.osexp","C:\Users\Public\Experiments\SM01\05-WMC\MU","Tr5_update1.png","7","230112","C:/Users/Public/Experiments/SM01/05-WMC/MU/MU_results/MUsbj021.csv","update","1300","3","21","242076","243378"
"MU.osexp","C:\Users\Public\Experiments\SM01\05-WMC\MU","Tr5_update2.png","7","230112","C:/Users/Public/Experiments/SM01/05-WMC/MU/MU_results/MUsbj021.csv","update","1300","3","21","243749","245051"
"MU.osexp","C:\Users\Public\Experiments\SM01\05-WMC\MU","Tr5_update3.png","7","230112","C:/Users/Public/Experiments/SM01/05-WMC/MU/MU_results/MUsbj021.csv","update","1300","3","21","245417","246720"
"MU.osexp","C:\Users\Public\Experiments\SM01\05-WMC\MU","Tr5_update4.png","7","230112","C:/Users/Public/Experiments/SM01/05-WMC/MU/MU_results/MUsbj021.csv","update","1300","3","21","247095","248397"
"MU.osexp","C:\Users\Public\Experiments\SM01\05-WMC\MU","Tr5_update5.png","7","230112","C:/Users/Public/Experiments/SM01/05-WMC/MU/MU_results/MUsbj021.csv","update","1300","3","21","248772","250074"
"MU.osexp","C:\Users\Public\Experiments\SM01\05-WMC\MU","Tr5_update6.png","7","230112","C:/Users/Public/Experiments/SM01/05-WMC/MU/MU_results/MUsbj021.csv","update","1300","3","21","250465","251767"
"MU.osexp","C:\Users\Public\Experiments\SM01\05-WMC\MU","Tr5_test1.png","4","254000","C:/Users/Public/Experiments/SM01/05-WMC/MU/MU_results/MUsbj021.csv","test","0","3","21","252144","254001"
"MU.osexp","C:\Users\Public\Experiments\SM01\05-WMC\MU","Tr5_test2.png","5","255641","C:/Users/Public/Experiments/SM01/05-WMC/MU/MU_results/MUsbj021.csv","test","0","3","21","255163","255642"
"MU.osexp","C:\Users\Public\Experiments\SM01\05-WMC\MU","Tr5_test3.png","3","257720","C:/Users/Public/Experiments/SM01/05-WMC/MU/MU_results/MUsbj021.csv","test","0","3","21","256746","257721"
"MU.osexp","C:\Users\Public\Experiments\SM01\05-WMC\MU","wait.png","3","257720","C:/Users/Public/Experiments/SM01/05-WMC/MU/MU_results/MUsbj021.csv","wait","5000","4","21","258841","257721"
"MU.osexp","C:\Users\Public\Experiments\SM01\05-WMC\MU","fixation.png","3","257720","C:/Users/Public/Experiments/SM01/05-WMC/MU/MU_results/MUsbj021.csv","fix","1500","4","21","263954","257721"
"MU.osexp","C:\Users\Public\Experiments\SM01\05-WMC\MU","Tr6_study1.png","3","257720","C:/Users/Public/Experiments/SM01/05-WMC/MU/MU_results/MUsbj021.csv","study","1000","4","21","265572","266574"
"MU.osexp","C:\Users\Public\Experiments\SM01\05-WMC\MU","Tr6_study2.png","3","257720","C:/Users/Public/Experiments/SM01/05-WMC/MU/MU_results/MUsbj021.csv","study","1000","4","21","266945","267947"
"MU.osexp","C:\Users\Public\Experiments\SM01\05-WMC\MU","Tr6_study3.png","3","257720","C:/Users/Public/Experiments/SM01/05-WMC/MU/MU_results/MUsbj021.csv","study","1000","4","21","268316","269318"
"MU.osexp","C:\Users\Public\Experiments\SM01\05-WMC\MU","Tr6_study4.png","3","257720","C:/Users/Public/Experiments/SM01/05-WMC/MU/MU_results/MUsbj021.csv","study","1000","4","21","269657","270659"
"MU.osexp","C:\Users\Public\Experiments\SM01\05-WMC\MU","Tr6_update1.png","3","257720","C:/Users/Public/Experiments/SM01/05-WMC/MU/MU_results/MUsbj021.csv","update","1300","4","21","271009","272311"
"MU.osexp","C:\Users\Public\Experiments\SM01\05-WMC\MU","Tr6_update2.png","3","257720","C:/Users/Public/Experiments/SM01/05-WMC/MU/MU_results/MUsbj021.csv","update","1300","4","21","272662","273964"
"MU.osexp","C:\Users\Public\Experiments\SM01\05-WMC\MU","Tr6_update3.png","3","257720","C:/Users/Public/Experiments/SM01/05-WMC/MU/MU_results/MUsbj021.csv","update","1300","4","21","274315","275617"
"MU.osexp","C:\Users\Public\Experiments\SM01\05-WMC\MU","Tr6_update4.png","3","257720","C:/Users/Public/Experiments/SM01/05-WMC/MU/MU_results/MUsbj021.csv","update","1300","4","21","275984","277286"
"MU.osexp","C:\Users\Public\Experiments\SM01\05-WMC\MU","Tr6_update5.png","3","257720","C:/Users/Public/Experiments/SM01/05-WMC/MU/MU_results/MUsbj021.csv","update","1300","4","21","277661","278963"
"MU.osexp","C:\Users\Public\Experiments\SM01\05-WMC\MU","Tr6_test1.png","6","284408","C:/Users/Public/Experiments/SM01/05-WMC/MU/MU_results/MUsbj021.csv","test","0","4","21","279335","284409"
"MU.osexp","C:\Users\Public\Experiments\SM01\05-WMC\MU","Tr6_test2.png","2","286736","C:/Users/Public/Experiments/SM01/05-WMC/MU/MU_results/MUsbj021.csv","test","0","4","21","285528","286737"
"MU.osexp","C:\Users\Public\Experiments\SM01\05-WMC\MU","Tr6_test3.png","4","293120","C:/Users/Public/Experiments/SM01/05-WMC/MU/MU_results/MUsbj021.csv","test","0","4","21","287860","293121"
"MU.osexp","C:\Users\Public\Experiments\SM01\05-WMC\MU","Tr6_test4.png","6","297064","C:/Users/Public/Experiments/SM01/05-WMC/MU/MU_results/MUsbj021.csv","test","0","4","21","294230","297065"
"MU.osexp","C:\Users\Public\Experiments\SM01\05-WMC\MU","wait.png","6","297064","C:/Users/Public/Experiments/SM01/05-WMC/MU/MU_results/MUsbj021.csv","wait","5000","5","21","298184","297065"
"MU.osexp","C:\Users\Public\Experiments\SM01\05-WMC\MU","fixation.png","6","297064","C:/Users/Public/Experiments/SM01/05-WMC/MU/MU_results/MUsbj021.csv","fix","1500","5","21","303289","297065"
"MU.osexp","C:\Users\Public\Experiments\SM01\05-WMC\MU","Tr7_study1.png","6","297064","C:/Users/Public/Experiments/SM01/05-WMC/MU/MU_results/MUsbj021.csv","study","1000","5","21","304915","305917"
"MU.osexp","C:\Users\Public\Experiments\SM01\05-WMC\MU","Tr7_study2.png","6","297064","C:/Users/Public/Experiments/SM01/05-WMC/MU/MU_results/MUsbj021.csv","study","1000","5","21","306290","307292"
"MU.osexp","C:\Users\Public\Experiments\SM01\05-WMC\MU","Tr7_study3.png","6","297064","C:/Users/Public/Experiments/SM01/05-WMC/MU/MU_results/MUsbj021.csv","study","1000","5","21","307637","308640"
"MU.osexp","C:\Users\Public\Experiments\SM01\05-WMC\MU","Tr7_study4.png","6","297064","C:/Users/Public/Experiments/SM01/05-WMC/MU/MU_results/MUsbj021.csv","study","1000","5","21","309012","310014"
"MU.osexp","C:\Users\Public\Experiments\SM01\05-WMC\MU","Tr7_study5.png","6","297064","C:/Users/Public/Experiments/SM01/05-WMC/MU/MU_results/MUsbj021.csv","study","1000","5","21","310350","311352"
"MU.osexp","C:\Users\Public\Experiments\SM01\05-WMC\MU","Tr7_update1.png","6","297064","C:/Users/Public/Experiments/SM01/05-WMC/MU/MU_results/MUsbj021.csv","update","1300","5","21","311702","313004"
"MU.osexp","C:\Users\Public\Experiments\SM01\05-WMC\MU","Tr7_update2.png","6","297064","C:/Users/Public/Experiments/SM01/05-WMC/MU/MU_results/MUsbj021.csv","update","1300","5","21","313407","314709"
"MU.osexp","C:\Users\Public\Experiments\SM01\05-WMC\MU","Tr7_update3.png","6","297064","C:/Users/Public/Experiments/SM01/05-WMC/MU/MU_results/MUsbj021.csv","update","1300","5","21","315086","316388"
"MU.osexp","C:\Users\Public\Experiments\SM01\05-WMC\MU","Tr7_update4.png","6","297064","C:/Users/Public/Experiments/SM01/05-WMC/MU/MU_results/MUsbj021.csv","update","1300","5","21","316742","318044"
"MU.osexp","C:\Users\Public\Experiments\SM01\05-WMC\MU","Tr7_update5.png","6","297064","C:/Users/Public/Experiments/SM01/05-WMC/MU/MU_results/MUsbj021.csv","update","1300","5","21","318407","319709"
"MU.osexp","C:\Users\Public\Experiments\SM01\05-WMC\MU","Tr7_test1.png","5","324320","C:/Users/Public/Experiments/SM01/05-WMC/MU/MU_results/MUsbj021.csv","test","0","5","21","320081","324321"
"MU.osexp","C:\Users\Public\Experiments\SM01\05-WMC\MU","Tr7_test2.png","8","328624","C:/Users/Public/Experiments/SM01/05-WMC/MU/MU_results/MUsbj021.csv","test","0","5","21","325424","328625"
"MU.osexp","C:\Users\Public\Experiments\SM01\05-WMC\MU","Tr7_test3.png","5","332344","C:/Users/Public/Experiments/SM01/05-WMC/MU/MU_results/MUsbj021.csv","test","0","5","21","329736","332345"
"MU.osexp","C:\Users\Public\Experiments\SM01\05-WMC\MU","Tr7_test4.png","1","334664","C:/Users/Public/Experiments/SM01/05-WMC/MU/MU_results/MUsbj021.csv","test","0","5","21","333455","334665"
"MU.osexp","C:\Users\Public\Experiments\SM01\05-WMC\MU","Tr7_test5.png","1","338592","C:/Users/Public/Experiments/SM01/05-WMC/MU/MU_results/MUsbj021.csv","test","0","5","21","335777","338593"
"MU.osexp","C:\Users\Public\Experiments\SM01\05-WMC\MU","wait.png","1","338592","C:/Users/Public/Experiments/SM01/05-WMC/MU/MU_results/MUsbj021.csv","wait","5000","4","21","339698","338593"
"MU.osexp","C:\Users\Public\Experiments\SM01\05-WMC\MU","fixation.png","1","338592","C:/Users/Public/Experiments/SM01/05-WMC/MU/MU_results/MUsbj021.csv","fix","1500","4","21","344804","338593"
"MU.osexp","C:\Users\Public\Experiments\SM01\05-WMC\MU","Tr8_study1.png","1","338592","C:/Users/Public/Experiments/SM01/05-WMC/MU/MU_results/MUsbj021.csv","study","1000","4","21","346422","347424"
"MU.osexp","C:\Users\Public\Experiments\SM01\05-WMC\MU","Tr8_study2.png","1","338592","C:/Users/Public/Experiments/SM01/05-WMC/MU/MU_results/MUsbj021.csv","study","1000","4","21","347816","348818"
"MU.osexp","C:\Users\Public\Experiments\SM01\05-WMC\MU","Tr8_study3.png","1","338592","C:/Users/Public/Experiments/SM01/05-WMC/MU/MU_results/MUsbj021.csv","study","1000","4","21","349184","350186"
"MU.osexp","C:\Users\Public\Experiments\SM01\05-WMC\MU","Tr8_study4.png","1","338592","C:/Users/Public/Experiments/SM01/05-WMC/MU/MU_results/MUsbj021.csv","study","1000","4","21","350563","351565"
"MU.osexp","C:\Users\Public\Experiments\SM01\05-WMC\MU","Tr8_update1.png","1","338592","C:/Users/Public/Experiments/SM01/05-WMC/MU/MU_results/MUsbj021.csv","update","1300","4","21","351974","353276"
"MU.osexp","C:\Users\Public\Experiments\SM01\05-WMC\MU","Tr8_update2.png","1","338592","C:/Users/Public/Experiments/SM01/05-WMC/MU/MU_results/MUsbj021.csv","update","1300","4","21","353651","354953"
"MU.osexp","C:\Users\Public\Experiments\SM01\05-WMC\MU","Tr8_update3.png","1","338592","C:/Users/Public/Experiments/SM01/05-WMC/MU/MU_results/MUsbj021.csv","update","1300","4","21","355305","356607"
"MU.osexp","C:\Users\Public\Experiments\SM01\05-WMC\MU","Tr8_test1.png","2","364232","C:/Users/Public/Experiments/SM01/05-WMC/MU/MU_results/MUsbj021.csv","test","0","4","21","356965","364233"
"MU.osexp","C:\Users\Public\Experiments\SM01\05-WMC\MU","Tr8_test2.png","1","369448","C:/Users/Public/Experiments/SM01/05-WMC/MU/MU_results/MUsbj021.csv","test","0","4","21","365342","369449"
"MU.osexp","C:\Users\Public\Experiments\SM01\05-WMC\MU","Tr8_test3.png","9","371784","C:/Users/Public/Experiments/SM01/05-WMC/MU/MU_results/MUsbj021.csv","test","0","4","21","370566","371785"
"MU.osexp","C:\Users\Public\Experiments\SM01\05-WMC\MU","Tr8_test4.png","6","374376","C:/Users/Public/Experiments/SM01/05-WMC/MU/MU_results/MUsbj021.csv","test","0","4","21","372900","374377"
"MU.osexp","C:\Users\Public\Experiments\SM01\05-WMC\MU","wait.png","6","374376","C:/Users/Public/Experiments/SM01/05-WMC/MU/MU_results/MUsbj021.csv","wait","5000","5","21","375491","374377"
"MU.osexp","C:\Users\Public\Experiments\SM01\05-WMC\MU","fixation.png","6","374376","C:/Users/Public/Experiments/SM01/05-WMC/MU/MU_results/MUsbj021.csv","fix","1500","5","21","380680","374377"
"MU.osexp","C:\Users\Public\Experiments\SM01\05-WMC\MU","Tr9_study1.png","6","374376","C:/Users/Public/Experiments/SM01/05-WMC/MU/MU_results/MUsbj021.csv","study","1000","5","21","382275","383277"
"MU.osexp","C:\Users\Public\Experiments\SM01\05-WMC\MU","Tr9_study2.png","6","374376","C:/Users/Public/Experiments/SM01/05-WMC/MU/MU_results/MUsbj021.csv","study","1000","5","21","383653","384655"
"MU.osexp","C:\Users\Public\Experiments\SM01\05-WMC\MU","Tr9_study3.png","6","374376","C:/Users/Public/Experiments/SM01/05-WMC/MU/MU_results/MUsbj021.csv","study","1000","5","21","385023","386025"
"MU.osexp","C:\Users\Public\Experiments\SM01\05-WMC\MU","Tr9_study4.png","6","374376","C:/Users/Public/Experiments/SM01/05-WMC/MU/MU_results/MUsbj021.csv","study","1000","5","21","386384","387386"
"MU.osexp","C:\Users\Public\Experiments\SM01\05-WMC\MU","Tr9_study5.png","6","374376","C:/Users/Public/Experiments/SM01/05-WMC/MU/MU_results/MUsbj021.csv","study","1000","5","21","387735","388737"
"MU.osexp","C:\Users\Public\Experiments\SM01\05-WMC\MU","Tr9_update1.png","6","374376","C:/Users/Public/Experiments/SM01/05-WMC/MU/MU_results/MUsbj021.csv","update","1300","5","21","389106","390408"
"MU.osexp","C:\Users\Public\Experiments\SM01\05-WMC\MU","Tr9_update2.png","6","374376","C:/Users/Public/Experiments/SM01/05-WMC/MU/MU_results/MUsbj021.csv","update","1300","5","21","390779","392081"
"MU.osexp","C:\Users\Public\Experiments\SM01\05-WMC\MU","Tr9_test1.png","4","397065","C:/Users/Public/Experiments/SM01/05-WMC/MU/MU_results/MUsbj021.csv","test","0","5","21","392435","397066"
"MU.osexp","C:\Users\Public\Experiments\SM01\05-WMC\MU","Tr9_test2.png","6","400304","C:/Users/Public/Experiments/SM01/05-WMC/MU/MU_results/MUsbj021.csv","test","0","5","21","398185","400305"
"MU.osexp","C:\Users\Public\Experiments\SM01\05-WMC\MU","Tr9_test3.png","5","402776","C:/Users/Public/Experiments/SM01/05-WMC/MU/MU_results/MUsbj021.csv","test","0","5","21","401417","402777"
"MU.osexp","C:\Users\Public\Experiments\SM01\05-WMC\MU","Tr9_test4.png","1","406584","C:/Users/Public/Experiments/SM01/05-WMC/MU/MU_results/MUsbj021.csv","test","0","5","21","403877","406585"
"MU.osexp","C:\Users\Public\Experiments\SM01\05-WMC\MU","Tr9_test5.png","1","409432","C:/Users/Public/Experiments/SM01/05-WMC/MU/MU_results/MUsbj021.csv","test","0","5","21","407690","409433"
"MU.osexp","C:\Users\Public\Experiments\SM01\05-WMC\MU","wait.png","1","409432","C:/Users/Public/Experiments/SM01/05-WMC/MU/MU_results/MUsbj021.csv","wait","5000","3","21","410542","409433"
"MU.osexp","C:\Users\Public\Experiments\SM01\05-WMC\MU","fixation.png","1","409432","C:/Users/Public/Experiments/SM01/05-WMC/MU/MU_results/MUsbj021.csv","fix","1500","3","21","415640","409433"
"MU.osexp","C:\Users\Public\Experiments\SM01\05-WMC\MU","Tr10_study1.png","1","409432","C:/Users/Public/Experiments/SM01/05-WMC/MU/MU_results/MUsbj021.csv","study","1000","3","21","417254","418256"
"MU.osexp","C:\Users\Public\Experiments\SM01\05-WMC\MU","Tr10_study2.png","1","409432","C:/Users/Public/Experiments/SM01/05-WMC/MU/MU_results/MUsbj021.csv","study","1000","3","21","418584","419586"
"MU.osexp","C:\Users\Public\Experiments\SM01\05-WMC\MU","Tr10_study3.png","1","409432","C:/Users/Public/Experiments/SM01/05-WMC/MU/MU_results/MUsbj021.csv","study","1000","3","21","419943","420946"
"MU.osexp","C:\Users\Public\Experiments\SM01\05-WMC\MU","Tr10_update1.png","1","409432","C:/Users/Public/Experiments/SM01/05-WMC/MU/MU_results/MUsbj021.csv","update","1300","3","21","421305","422607"
"MU.osexp","C:\Users\Public\Experiments\SM01\05-WMC\MU","Tr10_update2.png","1","409432","C:/Users/Public/Experiments/SM01/05-WMC/MU/MU_results/MUsbj021.csv","update","1300","3","21","422976","424278"
"MU.osexp","C:\Users\Public\Experiments\SM01\05-WMC\MU","Tr10_test1.png","5","425928","C:/Users/Public/Experiments/SM01/05-WMC/MU/MU_results/MUsbj021.csv","test","0","3","21","424647","425929"
"MU.osexp","C:\Users\Public\Experiments\SM01\05-WMC\MU","Tr10_test2.png","2","429816","C:/Users/Public/Experiments/SM01/05-WMC/MU/MU_results/MUsbj021.csv","test","0","3","21","427174","429817"
"MU.osexp","C:\Users\Public\Experiments\SM01\05-WMC\MU","Tr10_test3.png","5","431201","C:/Users/Public/Experiments/SM01/05-WMC/MU/MU_results/MUsbj021.csv","test","0","3","21","430927","431202"
"MU.osexp","C:\Users\Public\Experiments\SM01\05-WMC\MU","wait.png","5","431201","C:/Users/Public/Experiments/SM01/05-WMC/MU/MU_results/MUsbj021.csv","wait","5000","5","21","432316","431202"
"MU.osexp","C:\Users\Public\Experiments\SM01\05-WMC\MU","fixation.png","5","431201","C:/Users/Public/Experiments/SM01/05-WMC/MU/MU_results/MUsbj021.csv","fix","1500","5","21","437441","431202"
"MU.osexp","C:\Users\Public\Experiments\SM01\05-WMC\MU","Tr11_study1.png","5","431201","C:/Users/Public/Experiments/SM01/05-WMC/MU/MU_results/MUsbj021.csv","study","1000","5","21","439187","440189"
"MU.osexp","C:\Users\Public\Experiments\SM01\05-WMC\MU","Tr11_study2.png","5","431201","C:/Users/Public/Experiments/SM01/05-WMC/MU/MU_results/MUsbj021.csv","study","1000","5","21","440549","441552"
"MU.osexp","C:\Users\Public\Experiments\SM01\05-WMC\MU","Tr11_study3.png","5","431201","C:/Users/Public/Experiments/SM01/05-WMC/MU/MU_results/MUsbj021.csv","study","1000","5","21","441914","442917"
"MU.osexp","C:\Users\Public\Experiments\SM01\05-WMC\MU","Tr11_study4.png","5","431201","C:/Users/Public/Experiments/SM01/05-WMC/MU/MU_results/MUsbj021.csv","study","1000","5","21","443284","444286"
"MU.osexp","C:\Users\Public\Experiments\SM01\05-WMC\MU","Tr11_study5.png","5","431201","C:/Users/Public/Experiments/SM01/05-WMC/MU/MU_results/MUsbj021.csv","study","1000","5","21","444642","445644"
"MU.osexp","C:\Users\Public\Experiments\SM01\05-WMC\MU","Tr11_update1.png","5","431201","C:/Users/Public/Experiments/SM01/05-WMC/MU/MU_results/MUsbj021.csv","update","1300","5","21","446029","447331"
"MU.osexp","C:\Users\Public\Experiments\SM01\05-WMC\MU","Tr11_update2.png","5","431201","C:/Users/Public/Experiments/SM01/05-WMC/MU/MU_results/MUsbj021.csv","update","1300","5","21","447686","448987"
"MU.osexp","C:\Users\Public\Experiments\SM01\05-WMC\MU","Tr11_update3.png","5","431201","C:/Users/Public/Experiments/SM01/05-WMC/MU/MU_results/MUsbj021.csv","update","1300","5","21","449336","450638"
"MU.osexp","C:\Users\Public\Experiments\SM01\05-WMC\MU","Tr11_test1.png","1","453632","C:/Users/Public/Experiments/SM01/05-WMC/MU/MU_results/MUsbj021.csv","test","0","5","21","450990","453633"
"MU.osexp","C:\Users\Public\Experiments\SM01\05-WMC\MU","Tr11_test2.png","6","456896","C:/Users/Public/Experiments/SM01/05-WMC/MU/MU_results/MUsbj021.csv","test","0","5","21","454738","456897"
"MU.osexp","C:\Users\Public\Experiments\SM01\05-WMC\MU","Tr11_test3.png","5","458952","C:/Users/Public/Experiments/SM01/05-WMC/MU/MU_results/MUsbj021.csv","test","0","5","21","457988","458953"
"MU.osexp","C:\Users\Public\Experiments\SM01\05-WMC\MU","Tr11_test4.png","6","464712","C:/Users/Public/Experiments/SM01/05-WMC/MU/MU_results/MUsbj021.csv","test","0","5","21","460060","464713"
"MU.osexp","C:\Users\Public\Experiments\SM01\05-WMC\MU","Tr11_test5.png","2","466161","C:/Users/Public/Experiments/SM01/05-WMC/MU/MU_results/MUsbj021.csv","test","0","5","21","465825","466162"
"MU.osexp","C:\Users\Public\Experiments\SM01\05-WMC\MU","wait.png","2","466161","C:/Users/Public/Experiments/SM01/05-WMC/MU/MU_results/MUsbj021.csv","wait","5000","3","21","467273","466162"
"MU.osexp","C:\Users\Public\Experiments\SM01\05-WMC\MU","fixation.png","2","466161","C:/Users/Public/Experiments/SM01/05-WMC/MU/MU_results/MUsbj021.csv","fix","1500","3","21","472373","466162"
"MU.osexp","C:\Users\Public\Experiments\SM01\05-WMC\MU","Tr12_study1.png","2","466161","C:/Users/Public/Experiments/SM01/05-WMC/MU/MU_results/MUsbj021.csv","study","1000","3","21","473995","474997"
"MU.osexp","C:\Users\Public\Experiments\SM01\05-WMC\MU","Tr12_study2.png","2","466161","C:/Users/Public/Experiments/SM01/05-WMC/MU/MU_results/MUsbj021.csv","study","1000","3","21","475365","476367"
"MU.osexp","C:\Users\Public\Experiments\SM01\05-WMC\MU","Tr12_study3.png","2","466161","C:/Users/Public/Experiments/SM01/05-WMC/MU/MU_results/MUsbj021.csv","study","1000","3","21","476724","477726"
"MU.osexp","C:\Users\Public\Experiments\SM01\05-WMC\MU","Tr12_update1.png","2","466161","C:/Users/Public/Experiments/SM01/05-WMC/MU/MU_results/MUsbj021.csv","update","1300","3","21","478108","479410"
"MU.osexp","C:\Users\Public\Experiments\SM01\05-WMC\MU","Tr12_update2.png","2","466161","C:/Users/Public/Experiments/SM01/05-WMC/MU/MU_results/MUsbj021.csv","update","1300","3","21","479772","481074"
"MU.osexp","C:\Users\Public\Experiments\SM01\05-WMC\MU","Tr12_update3.png","2","466161","C:/Users/Public/Experiments/SM01/05-WMC/MU/MU_results/MUsbj021.csv","update","1300","3","21","481434","482736"
"MU.osexp","C:\Users\Public\Experiments\SM01\05-WMC\MU","Tr12_update4.png","2","466161","C:/Users/Public/Experiments/SM01/05-WMC/MU/MU_results/MUsbj021.csv","update","1300","3","21","483182","484484"
"MU.osexp","C:\Users\Public\Experiments\SM01\05-WMC\MU","Tr12_update5.png","2","466161","C:/Users/Public/Experiments/SM01/05-WMC/MU/MU_results/MUsbj021.csv","update","1300","3","21","484822","486124"
"MU.osexp","C:\Users\Public\Experiments\SM01\05-WMC\MU","Tr12_test1.png","4","487832","C:/Users/Public/Experiments/SM01/05-WMC/MU/MU_results/MUsbj021.csv","test","0","3","21","486507","487833"
"MU.osexp","C:\Users\Public\Experiments\SM01\05-WMC\MU","Tr12_test2.png","9","489816","C:/Users/Public/Experiments/SM01/05-WMC/MU/MU_results/MUsbj021.csv","test","0","3","21","488943","489817"
"MU.osexp","C:\Users\Public\Experiments\SM01\05-WMC\MU","Tr12_test3.png","4","491200","C:/Users/Public/Experiments/SM01/05-WMC/MU/MU_results/MUsbj021.csv","test","0","3","21","490946","491201"
"MU.osexp","C:\Users\Public\Experiments\SM01\05-WMC\MU","wait.png","4","491200","C:/Users/Public/Experiments/SM01/05-WMC/MU/MU_results/MUsbj021.csv","wait","5000","3","21","492313","491201"
"MU.osexp","C:\Users\Public\Experiments\SM01\05-WMC\MU","fixation.png","4","491200","C:/Users/Public/Experiments/SM01/05-WMC/MU/MU_results/MUsbj021.csv","fix","1500","3","21","497422","491201"
"MU.osexp","C:\Users\Public\Experiments\SM01\05-WMC\MU","Tr13_study1.png","4","491200","C:/Users/Public/Experiments/SM01/05-WMC/MU/MU_results/MUsbj021.csv","study","1000","3","21","499030","500032"
"MU.osexp","C:\Users\Public\Experiments\SM01\05-WMC\MU","Tr13_study2.png","4","491200","C:/Users/Public/Experiments/SM01/05-WMC/MU/MU_results/MUsbj021.csv","study","1000","3","21","500397","501399"
"MU.osexp","C:\Users\Public\Experiments\SM01\05-WMC\MU","Tr13_study3.png","4","491200","C:/Users/Public/Experiments/SM01/05-WMC/MU/MU_results/MUsbj021.csv","study","1000","3","21","501764","502766"
"MU.osexp","C:\Users\Public\Experiments\SM01\05-WMC\MU","Tr13_update1.png","4","491200","C:/Users/Public/Experiments/SM01/05-WMC/MU/MU_results/MUsbj021.csv","update","1300","3","21","503137","504439"
"MU.osexp","C:\Users\Public\Experiments\SM01\05-WMC\MU","Tr13_update2.png","4","491200","C:/Users/Public/Experiments/SM01/05-WMC/MU/MU_results/MUsbj021.csv","update","1300","3","21","504798","506100"
"MU.osexp","C:\Users\Public\Experiments\SM01\05-WMC\MU","Tr13_update3.png","4","491200","C:/Users/Public/Experiments/SM01/05-WMC/MU/MU_results/MUsbj021.csv","update","1300","3","21","506426","507728"
"MU.osexp","C:\Users\Public\Experiments\SM01\05-WMC\MU","Tr13_update4.png","4","491200","C:/Users/Public/Experiments/SM01/05-WMC/MU/MU_results/MUsbj021.csv","update","1300","3","21","508093","509395"
"MU.osexp","C:\Users\Public\Experiments\SM01\05-WMC\MU","Tr13_test1.png","3","510792","C:/Users/Public/Experiments/SM01/05-WMC/MU/MU_results/MUsbj021.csv","test","0","3","21","509753","510793"
"MU.osexp","C:\Users\Public\Experiments\SM01\05-WMC\MU","Tr13_test2.png","1","512920","C:/Users/Public/Experiments/SM01/05-WMC/MU/MU_results/MUsbj021.csv","test","0","3","21","511918","512921"
"MU.osexp","C:\Users\Public\Experiments\SM01\05-WMC\MU","Tr13_test3.png","5","514304","C:/Users/Public/Experiments/SM01/05-WMC/MU/MU_results/MUsbj021.csv","test","0","3","21","514032","514305"
"MU.osexp","C:\Users\Public\Experiments\SM01\05-WMC\MU","wait.png","5","514304","C:/Users/Public/Experiments/SM01/05-WMC/MU/MU_results/MUsbj021.csv","wait","5000","5","21","515411","514305"
"MU.osexp","C:\Users\Public\Experiments\SM01\05-WMC\MU","fixation.png","5","514304","C:/Users/Public/Experiments/SM01/05-WMC/MU/MU_results/MUsbj021.csv","fix","1500","5","21","520517","514305"
"MU.osexp","C:\Users\Public\Experiments\SM01\05-WMC\MU","Tr14_study1.png","5","514304","C:/Users/Public/Experiments/SM01/05-WMC/MU/MU_results/MUsbj021.csv","study","1000","5","21","522134","523136"
"MU.osexp","C:\Users\Public\Experiments\SM01\05-WMC\MU","Tr14_study2.png","5","514304","C:/Users/Public/Experiments/SM01/05-WMC/MU/MU_results/MUsbj021.csv","study","1000","5","21","523505","524507"
"MU.osexp","C:\Users\Public\Experiments\SM01\05-WMC\MU","Tr14_study3.png","5","514304","C:/Users/Public/Experiments/SM01/05-WMC/MU/MU_results/MUsbj021.csv","study","1000","5","21","524867","525869"
"MU.osexp","C:\Users\Public\Experiments\SM01\05-WMC\MU","Tr14_study4.png","5","514304","C:/Users/Public/Experiments/SM01/05-WMC/MU/MU_results/MUsbj021.csv","study","1000","5","21","526274","527276"
"MU.osexp","C:\Users\Public\Experiments\SM01\05-WMC\MU","Tr14_study5.png","5","514304","C:/Users/Public/Experiments/SM01/05-WMC/MU/MU_results/MUsbj021.csv","study","1000","5","21","527608","528610"
"MU.osexp","C:\Users\Public\Experiments\SM01\05-WMC\MU","Tr14_update1.png","5","514304","C:/Users/Public/Experiments/SM01/05-WMC/MU/MU_results/MUsbj021.csv","update","1300","5","21","528970","530272"
"MU.osexp","C:\Users\Public\Experiments\SM01\05-WMC\MU","Tr14_update2.png","5","514304","C:/Users/Public/Experiments/SM01/05-WMC/MU/MU_results/MUsbj021.csv","update","1300","5","21","530653","531955"
"MU.osexp","C:\Users\Public\Experiments\SM01\05-WMC\MU","Tr14_update3.png","5","514304","C:/Users/Public/Experiments/SM01/05-WMC/MU/MU_results/MUsbj021.csv","update","1300","5","21","532341","533643"
"MU.osexp","C:\Users\Public\Experiments\SM01\05-WMC\MU","Tr14_update4.png","5","514304","C:/Users/Public/Experiments/SM01/05-WMC/MU/MU_results/MUsbj021.csv","update","1300","5","21","534009","535311"
"MU.osexp","C:\Users\Public\Experiments\SM01\05-WMC\MU","Tr14_test1.png","1","536777","C:/Users/Public/Experiments/SM01/05-WMC/MU/MU_results/MUsbj021.csv","test","0","5","21","535682","536778"
"MU.osexp","C:\Users\Public\Experiments\SM01\05-WMC\MU","Tr14_test2.png","5","542184","C:/Users/Public/Experiments/SM01/05-WMC/MU/MU_results/MUsbj021.csv","test","0","5","21","537886","542185"
"MU.osexp","C:\Users\Public\Experiments\SM01\05-WMC\MU","Tr14_test3.png","7","545528","C:/Users/Public/Experiments/SM01/05-WMC/MU/MU_results/MUsbj021.csv","test","0","5","21","543291","545529"
"MU.osexp","C:\Users\Public\Experiments\SM01\05-WMC\MU","Tr14_test4.png","5","547568","C:/Users/Public/Experiments/SM01/05-WMC/MU/MU_results/MUsbj021.csv","test","0","5","21","546662","547569"
"MU.osexp","C:\Users\Public\Experiments\SM01\05-WMC\MU","Tr14_test5.png","8","549040","C:/Users/Public/Experiments/SM01/05-WMC/MU/MU_results/MUsbj021.csv","test","0","5","21","548699","549041"
"MU.osexp","C:\Users\Public\Experiments\SM01\05-WMC\MU","wait.png","8","549040","C:/Users/Public/Experiments/SM01/05-WMC/MU/MU_results/MUsbj021.csv","wait","5000","4","21","550154","549041"
"MU.osexp","C:\Users\Public\Experiments\SM01\05-WMC\MU","fixation.png","8","549040","C:/Users/Public/Experiments/SM01/05-WMC/MU/MU_results/MUsbj021.csv","fix","1500","4","21","555257","549041"
"MU.osexp","C:\Users\Public\Experiments\SM01\05-WMC\MU","Tr15_study1.png","8","549040","C:/Users/Public/Experiments/SM01/05-WMC/MU/MU_results/MUsbj021.csv","study","1000","4","21","556965","557967"
"MU.osexp","C:\Users\Public\Experiments\SM01\05-WMC\MU","Tr15_study2.png","8","549040","C:/Users/Public/Experiments/SM01/05-WMC/MU/MU_results/MUsbj021.csv","study","1000","4","21","558326","559328"
"MU.osexp","C:\Users\Public\Experiments\SM01\05-WMC\MU","Tr15_study3.png","8","549040","C:/Users/Public/Experiments/SM01/05-WMC/MU/MU_results/MUsbj021.csv","study","1000","4","21","559650","560653"
"MU.osexp","C:\Users\Public\Experiments\SM01\05-WMC\MU","Tr15_study4.png","8","549040","C:/Users/Public/Experiments/SM01/05-WMC/MU/MU_results/MUsbj021.csv","study","1000","4","21","560992","561994"
"MU.osexp","C:\Users\Public\Experiments\SM01\05-WMC\MU","Tr15_update1.png","8","549040","C:/Users/Public/Experiments/SM01/05-WMC/MU/MU_results/MUsbj021.csv","update","1300","4","21","562335","563637"
"MU.osexp","C:\Users\Public\Experiments\SM01\05-WMC\MU","Tr15_update2.png","8","549040","C:/Users/Public/Experiments/SM01/05-WMC/MU/MU_results/MUsbj021.csv","update","1300","4","21","563983","565285"
"MU.osexp","C:\Users\Public\Experiments\SM01\05-WMC\MU","Tr15_update3.png","8","549040","C:/Users/Public/Experiments/SM01/05-WMC/MU/MU_results/MUsbj021.csv","update","1300","4","21","565648","566950"
"MU.osexp","C:\Users\Public\Experiments\SM01\05-WMC\MU","Tr15_update4.png","8","549040","C:/Users/Public/Experiments/SM01/05-WMC/MU/MU_results/MUsbj021.csv","update","1300","4","21","567314","568616"
"MU.osexp","C:\Users\Public\Experiments\SM01\05-WMC\MU","Tr15_update5.png","8","549040","C:/Users/Public/Experiments/SM01/05-WMC/MU/MU_results/MUsbj021.csv","update","1300","4","21","568985","570287"
"MU.osexp","C:\Users\Public\Experiments\SM01\05-WMC\MU","Tr15_update6.png","8","549040","C:/Users/Public/Experiments/SM01/05-WMC/MU/MU_results/MUsbj021.csv","update","1300","4","21","570644","571946"
"MU.osexp","C:\Users\Public\Experiments\SM01\05-WMC\MU","Tr15_test1.png","3","574345","C:/Users/Public/Experiments/SM01/05-WMC/MU/MU_results/MUsbj021.csv","test","0","4","21","572426","574346"
"MU.osexp","C:\Users\Public\Experiments\SM01\05-WMC\MU","Tr15_test2.png","9","575832","C:/Users/Public/Experiments/SM01/05-WMC/MU/MU_results/MUsbj021.csv","test","0","4","21","575462","575833"
"MU.osexp","C:\Users\Public\Experiments\SM01\05-WMC\MU","Tr15_test3.png","8","578056","C:/Users/Public/Experiments/SM01/05-WMC/MU/MU_results/MUsbj021.csv","test","0","4","21","576935","578057"
"MU.osexp","C:\Users\Public\Experiments\SM01\05-WMC\MU","Tr15_test4.png","3","582528","C:/Users/Public/Experiments/SM01/05-WMC/MU/MU_results/MUsbj021.csv","test","0","4","21","579164","582529"
"MU.osexp","C:\Users\Public\Experiments\SM01\05-WMC\MU","wait.png","3","582528","C:/Users/Public/Experiments/SM01/05-WMC/MU/MU_results/MUsbj021.csv","wait","5000","4","21","583638","582529"
"MU.osexp","C:\Users\Public\Experiments\SM01\05-WMC\MU","fixation.png","3","582528","C:/Users/Public/Experiments/SM01/05-WMC/MU/MU_results/MUsbj021.csv","fix","1500","4","21","588738","582529"
"MU.osexp","C:\Users\Public\Experiments\SM01\05-WMC\MU","Tr16_study1.png","3","582528","C:/Users/Public/Experiments/SM01/05-WMC/MU/MU_results/MUsbj021.csv","study","1000","4","21","590354","591356"
"MU.osexp","C:\Users\Public\Experiments\SM01\05-WMC\MU","Tr16_study2.png","3","582528","C:/Users/Public/Experiments/SM01/05-WMC/MU/MU_results/MUsbj021.csv","study","1000","4","21","591726","592728"
"MU.osexp","C:\Users\Public\Experiments\SM01\05-WMC\MU","Tr16_study3.png","3","582528","C:/Users/Public/Experiments/SM01/05-WMC/MU/MU_results/MUsbj021.csv","study","1000","4","21","593150","594152"
"MU.osexp","C:\Users\Public\Experiments\SM01\05-WMC\MU","Tr16_study4.png","3","582528","C:/Users/Public/Experiments/SM01/05-WMC/MU/MU_results/MUsbj021.csv","study","1000","4","21","594479","595481"
"MU.osexp","C:\Users\Public\Experiments\SM01\05-WMC\MU","Tr16_update1.png","3","582528","C:/Users/Public/Experiments/SM01/05-WMC/MU/MU_results/MUsbj021.csv","update","1300","4","21","595850","597152"
"MU.osexp","C:\Users\Public\Experiments\SM01\05-WMC\MU","Tr16_update2.png","3","582528","C:/Users/Public/Experiments/SM01/05-WMC/MU/MU_results/MUsbj021.csv","update","1300","4","21","597614","598916"
"MU.osexp","C:\Users\Public\Experiments\SM01\05-WMC\MU","Tr16_test1.png","8","601224","C:/Users/Public/Experiments/SM01/05-WMC/MU/MU_results/MUsbj021.csv","test","0","4","21","599286","601225"
"MU.osexp","C:\Users\Public\Experiments\SM01\05-WMC\MU","Tr16_test2.png","7","603328","C:/Users/Public/Experiments/SM01/05-WMC/MU/MU_results/MUsbj021.csv","test","0","4","21","602314","603329"
"MU.osexp","C:\Users\Public\Experiments\SM01\05-WMC\MU","Tr16_test3.png","4","607937","C:/Users/Public/Experiments/SM01/05-WMC/MU/MU_results/MUsbj021.csv","test","0","4","21","604434","607938"
"MU.osexp","C:\Users\Public\Experiments\SM01\05-WMC\MU","Tr16_test4.png","6","609953","C:/Users/Public/Experiments/SM01/05-WMC/MU/MU_results/MUsbj021.csv","test","0","4","21","609164","609953"
"MU.osexp","C:\Users\Public\Experiments\SM01\05-WMC\MU","wait.png","6","609953","C:/Users/Public/Experiments/SM01/05-WMC/MU/MU_results/MUsbj021.csv","wait","5000","5","21","611145","609953"
"MU.osexp","C:\Users\Public\Experiments\SM01\05-WMC\MU","fixation.png","6","609953","C:/Users/Public/Experiments/SM01/05-WMC/MU/MU_results/MUsbj021.csv","fix","1500","5","21","616290","609953"
"MU.osexp","C:\Users\Public\Experiments\SM01\05-WMC\MU","Tr17_study1.png","6","609953","C:/Users/Public/Experiments/SM01/05-WMC/MU/MU_results/MUsbj021.csv","study","1000","5","21","617888","618890"
"MU.osexp","C:\Users\Public\Experiments\SM01\05-WMC\MU","Tr17_study2.png","6","609953","C:/Users/Public/Experiments/SM01/05-WMC/MU/MU_results/MUsbj021.csv","study","1000","5","21","619271","620273"
"MU.osexp","C:\Users\Public\Experiments\SM01\05-WMC\MU","Tr17_study3.png","6","609953","C:/Users/Public/Experiments/SM01/05-WMC/MU/MU_results/MUsbj021.csv","study","1000","5","21","620630","621632"
"MU.osexp","C:\Users\Public\Experiments\SM01\05-WMC\MU","Tr17_study4.png","6","609953","C:/Users/Public/Experiments/SM01/05-WMC/MU/MU_results/MUsbj021.csv","study","1000","5","21","621963","622965"
"MU.osexp","C:\Users\Public\Experiments\SM01\05-WMC\MU","Tr17_study5.png","6","609953","C:/Users/Public/Experiments/SM01/05-WMC/MU/MU_results/MUsbj021.csv","study","1000","5","21","623318","624320"
"MU.osexp","C:\Users\Public\Experiments\SM01\05-WMC\MU","Tr17_update1.png","6","609953","C:/Users/Public/Experiments/SM01/05-WMC/MU/MU_results/MUsbj021.csv","update","1300","5","21","624674","625976"
"MU.osexp","C:\Users\Public\Experiments\SM01\05-WMC\MU","Tr17_update2.png","6","609953","C:/Users/Public/Experiments/SM01/05-WMC/MU/MU_results/MUsbj021.csv","update","1300","5","21","626324","627626"
"MU.osexp","C:\Users\Public\Experiments\SM01\05-WMC\MU","Tr17_update3.png","6","609953","C:/Users/Public/Experiments/SM01/05-WMC/MU/MU_results/MUsbj021.csv","update","1300","5","21","628003","629305"
"MU.osexp","C:\Users\Public\Experiments\SM01\05-WMC\MU","Tr17_update4.png","6","609953","C:/Users/Public/Experiments/SM01/05-WMC/MU/MU_results/MUsbj021.csv","update","1300","5","21","629653","630955"
"MU.osexp","C:\Users\Public\Experiments\SM01\05-WMC\MU","Tr17_update5.png","6","609953","C:/Users/Public/Experiments/SM01/05-WMC/MU/MU_results/MUsbj021.csv","update","1300","5","21","631319","632621"
"MU.osexp","C:\Users\Public\Experiments\SM01\05-WMC\MU","Tr17_update6.png","6","609953","C:/Users/Public/Experiments/SM01/05-WMC/MU/MU_results/MUsbj021.csv","update","1300","5","21","632975","634277"
"MU.osexp","C:\Users\Public\Experiments\SM01\05-WMC\MU","Tr17_test1.png","5","635792","C:/Users/Public/Experiments/SM01/05-WMC/MU/MU_results/MUsbj021.csv","test","0","5","21","634629","635793"
"MU.osexp","C:\Users\Public\Experiments\SM01\05-WMC\MU","Tr17_test2.png","1","640825","C:/Users/Public/Experiments/SM01/05-WMC/MU/MU_results/MUsbj021.csv","test","0","5","21","636904","640826"
"MU.osexp","C:\Users\Public\Experiments\SM01\05-WMC\MU","Tr17_test3.png","6","649048","C:/Users/Public/Experiments/SM01/05-WMC/MU/MU_results/MUsbj021.csv","test","0","5","21","641938","649049"
"MU.osexp","C:\Users\Public\Experiments\SM01\05-WMC\MU","Tr17_test4.png","8","651856","C:/Users/Public/Experiments/SM01/05-WMC/MU/MU_results/MUsbj021.csv","test","0","5","21","650158","651857"
"MU.osexp","C:\Users\Public\Experiments\SM01\05-WMC\MU","Tr17_test5.png","9","653992","C:/Users/Public/Experiments/SM01/05-WMC/MU/MU_results/MUsbj021.csv","test","0","5","21","652986","653993"
