"experiment_file","experiment_path","image","key","key_time","logfile","phase","playtime","setSize","subject_nr","timestamp","waittime"
"MU.osexp","C:\Users\Public\Experiments\SM01\05-WMC\MU","ready1.png","NA","NA","C:/Users/Public/Experiments/SM01/05-WMC/MU/MU_results/MUsbj025.csv","pre","0","3","25","58048","NA"
"MU.osexp","C:\Users\Public\Experiments\SM01\05-WMC\MU","fixation.png","NA","NA","C:/Users/Public/Experiments/SM01/05-WMC/MU/MU_results/MUsbj025.csv","fix","1500","3","25","58984","NA"
"MU.osexp","C:\Users\Public\Experiments\SM01\05-WMC\MU","Tr1_study1.png","NA","NA","C:/Users/Public/Experiments/SM01/05-WMC/MU/MU_results/MUsbj025.csv","study","1000","3","25","60606","61608"
"MU.osexp","C:\Users\Public\Experiments\SM01\05-WMC\MU","Tr1_study2.png","NA","NA","C:/Users/Public/Experiments/SM01/05-WMC/MU/MU_results/MUsbj025.csv","study","1000","3","25","61983","62985"
"MU.osexp","C:\Users\Public\Experiments\SM01\05-WMC\MU","Tr1_study3.png","NA","NA","C:/Users/Public/Experiments/SM01/05-WMC/MU/MU_results/MUsbj025.csv","study","1000","3","25","63374","64376"
"MU.osexp","C:\Users\Public\Experiments\SM01\05-WMC\MU","Tr1_update1.png","NA","NA","C:/Users/Public/Experiments/SM01/05-WMC/MU/MU_results/MUsbj025.csv","update","1300","3","25","64745","66047"
"MU.osexp","C:\Users\Public\Experiments\SM01\05-WMC\MU","Tr1_update2.png","NA","NA","C:/Users/Public/Experiments/SM01/05-WMC/MU/MU_results/MUsbj025.csv","update","1300","3","25","66490","67792"
"MU.osexp","C:\Users\Public\Experiments\SM01\05-WMC\MU","Tr1_update3.png","NA","NA","C:/Users/Public/Experiments/SM01/05-WMC/MU/MU_results/MUsbj025.csv","update","1300","3","25","68146","69448"
"MU.osexp","C:\Users\Public\Experiments\SM01\05-WMC\MU","Tr1_test1.png","7","143827","C:/Users/Public/Experiments/SM01/05-WMC/MU/MU_results/MUsbj025.csv","test","0","3","25","69829","143828"
"MU.osexp","C:\Users\Public\Experiments\SM01\05-WMC\MU","Tr1_test2.png","9","146754","C:/Users/Public/Experiments/SM01/05-WMC/MU/MU_results/MUsbj025.csv","test","0","3","25","144984","146755"
"MU.osexp","C:\Users\Public\Experiments\SM01\05-WMC\MU","Tr1_test3.png","2","148906","C:/Users/Public/Experiments/SM01/05-WMC/MU/MU_results/MUsbj025.csv","test","0","3","25","147927","148907"
"MU.osexp","C:\Users\Public\Experiments\SM01\05-WMC\MU","wait.png","2","148906","C:/Users/Public/Experiments/SM01/05-WMC/MU/MU_results/MUsbj025.csv","wait","5000","3","25","150543","148907"
"MU.osexp","C:\Users\Public\Experiments\SM01\05-WMC\MU","fixation.png","2","148906","C:/Users/Public/Experiments/SM01/05-WMC/MU/MU_results/MUsbj025.csv","fix","1500","3","25","155845","148907"
"MU.osexp","C:\Users\Public\Experiments\SM01\05-WMC\MU","Tr2_study1.png","2","148906","C:/Users/Public/Experiments/SM01/05-WMC/MU/MU_results/MUsbj025.csv","study","1000","3","25","157509","158512"
"MU.osexp","C:\Users\Public\Experiments\SM01\05-WMC\MU","Tr2_study2.png","2","148906","C:/Users/Public/Experiments/SM01/05-WMC/MU/MU_results/MUsbj025.csv","study","1000","3","25","158949","159950"
"MU.osexp","C:\Users\Public\Experiments\SM01\05-WMC\MU","Tr2_study3.png","2","148906","C:/Users/Public/Experiments/SM01/05-WMC/MU/MU_results/MUsbj025.csv","study","1000","3","25","160475","161475"
"MU.osexp","C:\Users\Public\Experiments\SM01\05-WMC\MU","Tr2_update1.png","2","148906","C:/Users/Public/Experiments/SM01/05-WMC/MU/MU_results/MUsbj025.csv","update","1300","3","25","161857","163157"
"MU.osexp","C:\Users\Public\Experiments\SM01\05-WMC\MU","Tr2_update2.png","2","148906","C:/Users/Public/Experiments/SM01/05-WMC/MU/MU_results/MUsbj025.csv","update","1300","3","25","163542","164844"
"MU.osexp","C:\Users\Public\Experiments\SM01\05-WMC\MU","Tr2_update3.png","2","148906","C:/Users/Public/Experiments/SM01/05-WMC/MU/MU_results/MUsbj025.csv","update","1300","3","25","165254","166554"
"MU.osexp","C:\Users\Public\Experiments\SM01\05-WMC\MU","Tr2_test1.png","0","180282","C:/Users/Public/Experiments/SM01/05-WMC/MU/MU_results/MUsbj025.csv","test","0","3","25","166948","180284"
"MU.osexp","C:\Users\Public\Experiments\SM01\05-WMC\MU","Tr2_test2.png","2","183938","C:/Users/Public/Experiments/SM01/05-WMC/MU/MU_results/MUsbj025.csv","test","0","3","25","181395","183939"
"MU.osexp","C:\Users\Public\Experiments\SM01\05-WMC\MU","Tr2_test3.png","2","186443","C:/Users/Public/Experiments/SM01/05-WMC/MU/MU_results/MUsbj025.csv","test","0","3","25","185038","186444"
"MU.osexp","C:\Users\Public\Experiments\SM01\05-WMC\MU","ready2.png","2","186443","C:/Users/Public/Experiments/SM01/05-WMC/MU/MU_results/MUsbj025.csv","pre","0","3","25","210982","186444"
"MU.osexp","C:\Users\Public\Experiments\SM01\05-WMC\MU","fixation.png","2","186443","C:/Users/Public/Experiments/SM01/05-WMC/MU/MU_results/MUsbj025.csv","fix","1500","3","25","212983","186444"
"MU.osexp","C:\Users\Public\Experiments\SM01\05-WMC\MU","Tr3_study1.png","2","186443","C:/Users/Public/Experiments/SM01/05-WMC/MU/MU_results/MUsbj025.csv","study","1000","3","25","214606","215607"
"MU.osexp","C:\Users\Public\Experiments\SM01\05-WMC\MU","Tr3_study2.png","2","186443","C:/Users/Public/Experiments/SM01/05-WMC/MU/MU_results/MUsbj025.csv","study","1000","3","25","216087","217087"
"MU.osexp","C:\Users\Public\Experiments\SM01\05-WMC\MU","Tr3_study3.png","2","186443","C:/Users/Public/Experiments/SM01/05-WMC/MU/MU_results/MUsbj025.csv","study","1000","3","25","217447","218447"
"MU.osexp","C:\Users\Public\Experiments\SM01\05-WMC\MU","Tr3_update1.png","2","186443","C:/Users/Public/Experiments/SM01/05-WMC/MU/MU_results/MUsbj025.csv","update","1300","3","25","218831","220133"
"MU.osexp","C:\Users\Public\Experiments\SM01\05-WMC\MU","Tr3_update2.png","2","186443","C:/Users/Public/Experiments/SM01/05-WMC/MU/MU_results/MUsbj025.csv","update","1300","3","25","221009","222310"
"MU.osexp","C:\Users\Public\Experiments\SM01\05-WMC\MU","Tr3_update3.png","2","186443","C:/Users/Public/Experiments/SM01/05-WMC/MU/MU_results/MUsbj025.csv","update","1300","3","25","222691","223992"
"MU.osexp","C:\Users\Public\Experiments\SM01\05-WMC\MU","Tr3_test1.png","9","227171","C:/Users/Public/Experiments/SM01/05-WMC/MU/MU_results/MUsbj025.csv","test","0","3","25","224604","227172"
"MU.osexp","C:\Users\Public\Experiments\SM01\05-WMC\MU","Tr3_test2.png","7","229267","C:/Users/Public/Experiments/SM01/05-WMC/MU/MU_results/MUsbj025.csv","test","0","3","25","228528","229268"
"MU.osexp","C:\Users\Public\Experiments\SM01\05-WMC\MU","Tr3_test3.png","7","230779","C:/Users/Public/Experiments/SM01/05-WMC/MU/MU_results/MUsbj025.csv","test","0","3","25","230443","230780"
"MU.osexp","C:\Users\Public\Experiments\SM01\05-WMC\MU","wait.png","7","230779","C:/Users/Public/Experiments/SM01/05-WMC/MU/MU_results/MUsbj025.csv","wait","5000","4","25","231901","230780"
"MU.osexp","C:\Users\Public\Experiments\SM01\05-WMC\MU","fixation.png","7","230779","C:/Users/Public/Experiments/SM01/05-WMC/MU/MU_results/MUsbj025.csv","fix","1500","4","25","237066","230780"
"MU.osexp","C:\Users\Public\Experiments\SM01\05-WMC\MU","Tr4_study1.png","7","230779","C:/Users/Public/Experiments/SM01/05-WMC/MU/MU_results/MUsbj025.csv","study","1000","4","25","238762","239763"
"MU.osexp","C:\Users\Public\Experiments\SM01\05-WMC\MU","Tr4_study2.png","7","230779","C:/Users/Public/Experiments/SM01/05-WMC/MU/MU_results/MUsbj025.csv","study","1000","4","25","240152","241153"
"MU.osexp","C:\Users\Public\Experiments\SM01\05-WMC\MU","Tr4_study3.png","7","230779","C:/Users/Public/Experiments/SM01/05-WMC/MU/MU_results/MUsbj025.csv","study","1000","4","25","241941","242941"
"MU.osexp","C:\Users\Public\Experiments\SM01\05-WMC\MU","Tr4_study4.png","7","230779","C:/Users/Public/Experiments/SM01/05-WMC/MU/MU_results/MUsbj025.csv","study","1000","4","25","243265","244266"
"MU.osexp","C:\Users\Public\Experiments\SM01\05-WMC\MU","Tr4_update1.png","7","230779","C:/Users/Public/Experiments/SM01/05-WMC/MU/MU_results/MUsbj025.csv","update","1300","4","25","244650","245950"
"MU.osexp","C:\Users\Public\Experiments\SM01\05-WMC\MU","Tr4_update2.png","7","230779","C:/Users/Public/Experiments/SM01/05-WMC/MU/MU_results/MUsbj025.csv","update","1300","4","25","246300","247602"
"MU.osexp","C:\Users\Public\Experiments\SM01\05-WMC\MU","Tr4_update3.png","7","230779","C:/Users/Public/Experiments/SM01/05-WMC/MU/MU_results/MUsbj025.csv","update","1300","4","25","247933","249235"
"MU.osexp","C:\Users\Public\Experiments\SM01\05-WMC\MU","Tr4_update4.png","7","230779","C:/Users/Public/Experiments/SM01/05-WMC/MU/MU_results/MUsbj025.csv","update","1300","4","25","249663","250965"
"MU.osexp","C:\Users\Public\Experiments\SM01\05-WMC\MU","Tr4_test1.png","1","254042","C:/Users/Public/Experiments/SM01/05-WMC/MU/MU_results/MUsbj025.csv","test","0","4","25","251365","254043"
"MU.osexp","C:\Users\Public\Experiments\SM01\05-WMC\MU","Tr4_test2.png","8","256819","C:/Users/Public/Experiments/SM01/05-WMC/MU/MU_results/MUsbj025.csv","test","0","4","25","255161","256820"
"MU.osexp","C:\Users\Public\Experiments\SM01\05-WMC\MU","Tr4_test3.png","1","260131","C:/Users/Public/Experiments/SM01/05-WMC/MU/MU_results/MUsbj025.csv","test","0","4","25","257978","260132"
"MU.osexp","C:\Users\Public\Experiments\SM01\05-WMC\MU","Tr4_test4.png","6","262619","C:/Users/Public/Experiments/SM01/05-WMC/MU/MU_results/MUsbj025.csv","test","0","4","25","261276","262620"
"MU.osexp","C:\Users\Public\Experiments\SM01\05-WMC\MU","wait.png","6","262619","C:/Users/Public/Experiments/SM01/05-WMC/MU/MU_results/MUsbj025.csv","wait","5000","3","25","263730","262620"
"MU.osexp","C:\Users\Public\Experiments\SM01\05-WMC\MU","fixation.png","6","262619","C:/Users/Public/Experiments/SM01/05-WMC/MU/MU_results/MUsbj025.csv","fix","1500","3","25","269302","262620"
"MU.osexp","C:\Users\Public\Experiments\SM01\05-WMC\MU","Tr5_study1.png","6","262619","C:/Users/Public/Experiments/SM01/05-WMC/MU/MU_results/MUsbj025.csv","study","1000","3","25","270934","271936"
"MU.osexp","C:\Users\Public\Experiments\SM01\05-WMC\MU","Tr5_study2.png","6","262619","C:/Users/Public/Experiments/SM01/05-WMC/MU/MU_results/MUsbj025.csv","study","1000","3","25","272331","273333"
"MU.osexp","C:\Users\Public\Experiments\SM01\05-WMC\MU","Tr5_study3.png","6","262619","C:/Users/Public/Experiments/SM01/05-WMC/MU/MU_results/MUsbj025.csv","study","1000","3","25","273738","274740"
"MU.osexp","C:\Users\Public\Experiments\SM01\05-WMC\MU","Tr5_update1.png","6","262619","C:/Users/Public/Experiments/SM01/05-WMC/MU/MU_results/MUsbj025.csv","update","1300","3","25","275158","276460"
"MU.osexp","C:\Users\Public\Experiments\SM01\05-WMC\MU","Tr5_update2.png","6","262619","C:/Users/Public/Experiments/SM01/05-WMC/MU/MU_results/MUsbj025.csv","update","1300","3","25","276927","278229"
"MU.osexp","C:\Users\Public\Experiments\SM01\05-WMC\MU","Tr5_update3.png","6","262619","C:/Users/Public/Experiments/SM01/05-WMC/MU/MU_results/MUsbj025.csv","update","1300","3","25","278666","279968"
"MU.osexp","C:\Users\Public\Experiments\SM01\05-WMC\MU","Tr5_update4.png","6","262619","C:/Users/Public/Experiments/SM01/05-WMC/MU/MU_results/MUsbj025.csv","update","1300","3","25","280394","281696"
"MU.osexp","C:\Users\Public\Experiments\SM01\05-WMC\MU","Tr5_update5.png","6","262619","C:/Users/Public/Experiments/SM01/05-WMC/MU/MU_results/MUsbj025.csv","update","1300","3","25","282127","283429"
"MU.osexp","C:\Users\Public\Experiments\SM01\05-WMC\MU","Tr5_update6.png","6","262619","C:/Users/Public/Experiments/SM01/05-WMC/MU/MU_results/MUsbj025.csv","update","1300","3","25","283835","285136"
"MU.osexp","C:\Users\Public\Experiments\SM01\05-WMC\MU","Tr5_test1.png","4","287418","C:/Users/Public/Experiments/SM01/05-WMC/MU/MU_results/MUsbj025.csv","test","0","3","25","285655","287419"
"MU.osexp","C:\Users\Public\Experiments\SM01\05-WMC\MU","Tr5_test2.png","5","288994","C:/Users/Public/Experiments/SM01/05-WMC/MU/MU_results/MUsbj025.csv","test","0","3","25","288567","288995"
"MU.osexp","C:\Users\Public\Experiments\SM01\05-WMC\MU","Tr5_test3.png","2","291491","C:/Users/Public/Experiments/SM01/05-WMC/MU/MU_results/MUsbj025.csv","test","0","3","25","290168","291492"
"MU.osexp","C:\Users\Public\Experiments\SM01\05-WMC\MU","wait.png","2","291491","C:/Users/Public/Experiments/SM01/05-WMC/MU/MU_results/MUsbj025.csv","wait","5000","4","25","292712","291492"
"MU.osexp","C:\Users\Public\Experiments\SM01\05-WMC\MU","fixation.png","2","291491","C:/Users/Public/Experiments/SM01/05-WMC/MU/MU_results/MUsbj025.csv","fix","1500","4","25","298360","291492"
"MU.osexp","C:\Users\Public\Experiments\SM01\05-WMC\MU","Tr6_study1.png","2","291491","C:/Users/Public/Experiments/SM01/05-WMC/MU/MU_results/MUsbj025.csv","study","1000","4","25","299984","300986"
"MU.osexp","C:\Users\Public\Experiments\SM01\05-WMC\MU","Tr6_study2.png","2","291491","C:/Users/Public/Experiments/SM01/05-WMC/MU/MU_results/MUsbj025.csv","study","1000","4","25","301394","302396"
"MU.osexp","C:\Users\Public\Experiments\SM01\05-WMC\MU","Tr6_study3.png","2","291491","C:/Users/Public/Experiments/SM01/05-WMC/MU/MU_results/MUsbj025.csv","study","1000","4","25","302791","303793"
"MU.osexp","C:\Users\Public\Experiments\SM01\05-WMC\MU","Tr6_study4.png","2","291491","C:/Users/Public/Experiments/SM01/05-WMC/MU/MU_results/MUsbj025.csv","study","1000","4","25","304167","305169"
"MU.osexp","C:\Users\Public\Experiments\SM01\05-WMC\MU","Tr6_update1.png","2","291491","C:/Users/Public/Experiments/SM01/05-WMC/MU/MU_results/MUsbj025.csv","update","1300","4","25","305583","306885"
"MU.osexp","C:\Users\Public\Experiments\SM01\05-WMC\MU","Tr6_update2.png","2","291491","C:/Users/Public/Experiments/SM01/05-WMC/MU/MU_results/MUsbj025.csv","update","1300","4","25","307269","308571"
"MU.osexp","C:\Users\Public\Experiments\SM01\05-WMC\MU","Tr6_update3.png","2","291491","C:/Users/Public/Experiments/SM01/05-WMC/MU/MU_results/MUsbj025.csv","update","1300","4","25","308920","310222"
"MU.osexp","C:\Users\Public\Experiments\SM01\05-WMC\MU","Tr6_update4.png","2","291491","C:/Users/Public/Experiments/SM01/05-WMC/MU/MU_results/MUsbj025.csv","update","1300","4","25","310620","311922"
"MU.osexp","C:\Users\Public\Experiments\SM01\05-WMC\MU","Tr6_update5.png","2","291491","C:/Users/Public/Experiments/SM01/05-WMC/MU/MU_results/MUsbj025.csv","update","1300","4","25","312323","313625"
"MU.osexp","C:\Users\Public\Experiments\SM01\05-WMC\MU","Tr6_test1.png","6","315979","C:/Users/Public/Experiments/SM01/05-WMC/MU/MU_results/MUsbj025.csv","test","0","4","25","313972","315980"
"MU.osexp","C:\Users\Public\Experiments\SM01\05-WMC\MU","Tr6_test2.png","1","317859","C:/Users/Public/Experiments/SM01/05-WMC/MU/MU_results/MUsbj025.csv","test","0","4","25","317098","317860"
"MU.osexp","C:\Users\Public\Experiments\SM01\05-WMC\MU","Tr6_test3.png","6","320195","C:/Users/Public/Experiments/SM01/05-WMC/MU/MU_results/MUsbj025.csv","test","0","4","25","319024","320196"
"MU.osexp","C:\Users\Public\Experiments\SM01\05-WMC\MU","Tr6_test4.png","8","321642","C:/Users/Public/Experiments/SM01/05-WMC/MU/MU_results/MUsbj025.csv","test","0","4","25","321312","321643"
"MU.osexp","C:\Users\Public\Experiments\SM01\05-WMC\MU","wait.png","8","321642","C:/Users/Public/Experiments/SM01/05-WMC/MU/MU_results/MUsbj025.csv","wait","5000","5","25","323164","321643"
"MU.osexp","C:\Users\Public\Experiments\SM01\05-WMC\MU","fixation.png","8","321642","C:/Users/Public/Experiments/SM01/05-WMC/MU/MU_results/MUsbj025.csv","fix","1500","5","25","328239","321643"
"MU.osexp","C:\Users\Public\Experiments\SM01\05-WMC\MU","Tr7_study1.png","8","321642","C:/Users/Public/Experiments/SM01/05-WMC/MU/MU_results/MUsbj025.csv","study","1000","5","25","329824","330824"
"MU.osexp","C:\Users\Public\Experiments\SM01\05-WMC\MU","Tr7_study2.png","8","321642","C:/Users/Public/Experiments/SM01/05-WMC/MU/MU_results/MUsbj025.csv","study","1000","5","25","331158","332158"
"MU.osexp","C:\Users\Public\Experiments\SM01\05-WMC\MU","Tr7_study3.png","8","321642","C:/Users/Public/Experiments/SM01/05-WMC/MU/MU_results/MUsbj025.csv","study","1000","5","25","332492","333492"
"MU.osexp","C:\Users\Public\Experiments\SM01\05-WMC\MU","Tr7_study4.png","8","321642","C:/Users/Public/Experiments/SM01/05-WMC/MU/MU_results/MUsbj025.csv","study","1000","5","25","333858","334859"
"MU.osexp","C:\Users\Public\Experiments\SM01\05-WMC\MU","Tr7_study5.png","8","321642","C:/Users/Public/Experiments/SM01/05-WMC/MU/MU_results/MUsbj025.csv","study","1000","5","25","335191","336191"
"MU.osexp","C:\Users\Public\Experiments\SM01\05-WMC\MU","Tr7_update1.png","8","321642","C:/Users/Public/Experiments/SM01/05-WMC/MU/MU_results/MUsbj025.csv","update","1300","5","25","336541","337841"
"MU.osexp","C:\Users\Public\Experiments\SM01\05-WMC\MU","Tr7_update2.png","8","321642","C:/Users/Public/Experiments/SM01/05-WMC/MU/MU_results/MUsbj025.csv","update","1300","5","25","338165","339465"
"MU.osexp","C:\Users\Public\Experiments\SM01\05-WMC\MU","Tr7_update3.png","8","321642","C:/Users/Public/Experiments/SM01/05-WMC/MU/MU_results/MUsbj025.csv","update","1300","5","25","339798","341098"
"MU.osexp","C:\Users\Public\Experiments\SM01\05-WMC\MU","Tr7_update4.png","8","321642","C:/Users/Public/Experiments/SM01/05-WMC/MU/MU_results/MUsbj025.csv","update","1300","5","25","341431","342732"
"MU.osexp","C:\Users\Public\Experiments\SM01\05-WMC\MU","Tr7_update5.png","8","321642","C:/Users/Public/Experiments/SM01/05-WMC/MU/MU_results/MUsbj025.csv","update","1300","5","25","343066","344366"
"MU.osexp","C:\Users\Public\Experiments\SM01\05-WMC\MU","Tr7_test1.png","2","346323","C:/Users/Public/Experiments/SM01/05-WMC/MU/MU_results/MUsbj025.csv","test","0","5","25","344699","346324"
"MU.osexp","C:\Users\Public\Experiments\SM01\05-WMC\MU","Tr7_test2.png","6","349315","C:/Users/Public/Experiments/SM01/05-WMC/MU/MU_results/MUsbj025.csv","test","0","5","25","347381","349316"
"MU.osexp","C:\Users\Public\Experiments\SM01\05-WMC\MU","Tr7_test3.png","1","351147","C:/Users/Public/Experiments/SM01/05-WMC/MU/MU_results/MUsbj025.csv","test","0","5","25","350483","351148"
"MU.osexp","C:\Users\Public\Experiments\SM01\05-WMC\MU","Tr7_test4.png","2","353395","C:/Users/Public/Experiments/SM01/05-WMC/MU/MU_results/MUsbj025.csv","test","0","5","25","352293","353396"
"MU.osexp","C:\Users\Public\Experiments\SM01\05-WMC\MU","Tr7_test5.png","1","355187","C:/Users/Public/Experiments/SM01/05-WMC/MU/MU_results/MUsbj025.csv","test","0","5","25","354957","355188"
"MU.osexp","C:\Users\Public\Experiments\SM01\05-WMC\MU","wait.png","1","355187","C:/Users/Public/Experiments/SM01/05-WMC/MU/MU_results/MUsbj025.csv","wait","5000","4","25","356267","355188"
"MU.osexp","C:\Users\Public\Experiments\SM01\05-WMC\MU","fixation.png","1","355187","C:/Users/Public/Experiments/SM01/05-WMC/MU/MU_results/MUsbj025.csv","fix","1500","4","25","361351","355188"
"MU.osexp","C:\Users\Public\Experiments\SM01\05-WMC\MU","Tr8_study1.png","1","355187","C:/Users/Public/Experiments/SM01/05-WMC/MU/MU_results/MUsbj025.csv","study","1000","4","25","362935","363936"
"MU.osexp","C:\Users\Public\Experiments\SM01\05-WMC\MU","Tr8_study2.png","1","355187","C:/Users/Public/Experiments/SM01/05-WMC/MU/MU_results/MUsbj025.csv","study","1000","4","25","364266","365266"
"MU.osexp","C:\Users\Public\Experiments\SM01\05-WMC\MU","Tr8_study3.png","1","355187","C:/Users/Public/Experiments/SM01/05-WMC/MU/MU_results/MUsbj025.csv","study","1000","4","25","365592","366592"
"MU.osexp","C:\Users\Public\Experiments\SM01\05-WMC\MU","Tr8_study4.png","1","355187","C:/Users/Public/Experiments/SM01/05-WMC/MU/MU_results/MUsbj025.csv","study","1000","4","25","366948","367948"
"MU.osexp","C:\Users\Public\Experiments\SM01\05-WMC\MU","Tr8_update1.png","1","355187","C:/Users/Public/Experiments/SM01/05-WMC/MU/MU_results/MUsbj025.csv","update","1300","4","25","368269","369569"
"MU.osexp","C:\Users\Public\Experiments\SM01\05-WMC\MU","Tr8_update2.png","1","355187","C:/Users/Public/Experiments/SM01/05-WMC/MU/MU_results/MUsbj025.csv","update","1300","4","25","369907","371207"
"MU.osexp","C:\Users\Public\Experiments\SM01\05-WMC\MU","Tr8_update3.png","1","355187","C:/Users/Public/Experiments/SM01/05-WMC/MU/MU_results/MUsbj025.csv","update","1300","4","25","371535","372836"
"MU.osexp","C:\Users\Public\Experiments\SM01\05-WMC\MU","Tr8_test1.png","2","376418","C:/Users/Public/Experiments/SM01/05-WMC/MU/MU_results/MUsbj025.csv","test","0","4","25","373168","376419"
"MU.osexp","C:\Users\Public\Experiments\SM01\05-WMC\MU","Tr8_test2.png","9","380459","C:/Users/Public/Experiments/SM01/05-WMC/MU/MU_results/MUsbj025.csv","test","0","4","25","377535","380460"
"MU.osexp","C:\Users\Public\Experiments\SM01\05-WMC\MU","Tr8_test3.png","5","382123","C:/Users/Public/Experiments/SM01/05-WMC/MU/MU_results/MUsbj025.csv","test","0","4","25","381535","382124"
"MU.osexp","C:\Users\Public\Experiments\SM01\05-WMC\MU","Tr8_test4.png","2","383259","C:/Users/Public/Experiments/SM01/05-WMC/MU/MU_results/MUsbj025.csv","test","0","4","25","383192","383260"
"MU.osexp","C:\Users\Public\Experiments\SM01\05-WMC\MU","wait.png","2","383259","C:/Users/Public/Experiments/SM01/05-WMC/MU/MU_results/MUsbj025.csv","wait","5000","5","25","384334","383260"
"MU.osexp","C:\Users\Public\Experiments\SM01\05-WMC\MU","fixation.png","2","383259","C:/Users/Public/Experiments/SM01/05-WMC/MU/MU_results/MUsbj025.csv","fix","1500","5","25","389410","383260"
"MU.osexp","C:\Users\Public\Experiments\SM01\05-WMC\MU","Tr9_study1.png","2","383259","C:/Users/Public/Experiments/SM01/05-WMC/MU/MU_results/MUsbj025.csv","study","1000","5","25","390986","391986"
"MU.osexp","C:\Users\Public\Experiments\SM01\05-WMC\MU","Tr9_study2.png","2","383259","C:/Users/Public/Experiments/SM01/05-WMC/MU/MU_results/MUsbj025.csv","study","1000","5","25","392310","393312"
"MU.osexp","C:\Users\Public\Experiments\SM01\05-WMC\MU","Tr9_study3.png","2","383259","C:/Users/Public/Experiments/SM01/05-WMC/MU/MU_results/MUsbj025.csv","study","1000","5","25","393637","394638"
"MU.osexp","C:\Users\Public\Experiments\SM01\05-WMC\MU","Tr9_study4.png","2","383259","C:/Users/Public/Experiments/SM01/05-WMC/MU/MU_results/MUsbj025.csv","study","1000","5","25","394998","395999"
"MU.osexp","C:\Users\Public\Experiments\SM01\05-WMC\MU","Tr9_study5.png","2","383259","C:/Users/Public/Experiments/SM01/05-WMC/MU/MU_results/MUsbj025.csv","study","1000","5","25","396431","397432"
"MU.osexp","C:\Users\Public\Experiments\SM01\05-WMC\MU","Tr9_update1.png","2","383259","C:/Users/Public/Experiments/SM01/05-WMC/MU/MU_results/MUsbj025.csv","update","1300","5","25","397802","399104"
"MU.osexp","C:\Users\Public\Experiments\SM01\05-WMC\MU","Tr9_update2.png","2","383259","C:/Users/Public/Experiments/SM01/05-WMC/MU/MU_results/MUsbj025.csv","update","1300","5","25","399446","400748"
"MU.osexp","C:\Users\Public\Experiments\SM01\05-WMC\MU","Tr9_test1.png","4","405595","C:/Users/Public/Experiments/SM01/05-WMC/MU/MU_results/MUsbj025.csv","test","0","5","25","401086","405596"
"MU.osexp","C:\Users\Public\Experiments\SM01\05-WMC\MU","Tr9_test2.png","1","408043","C:/Users/Public/Experiments/SM01/05-WMC/MU/MU_results/MUsbj025.csv","test","0","5","25","406761","408044"
"MU.osexp","C:\Users\Public\Experiments\SM01\05-WMC\MU","Tr9_test3.png","7","409467","C:/Users/Public/Experiments/SM01/05-WMC/MU/MU_results/MUsbj025.csv","test","0","5","25","409175","409467"
"MU.osexp","C:\Users\Public\Experiments\SM01\05-WMC\MU","Tr9_test4.png","6","411482","C:/Users/Public/Experiments/SM01/05-WMC/MU/MU_results/MUsbj025.csv","test","0","5","25","410680","411483"
"MU.osexp","C:\Users\Public\Experiments\SM01\05-WMC\MU","Tr9_test5.png","1","415691","C:/Users/Public/Experiments/SM01/05-WMC/MU/MU_results/MUsbj025.csv","test","0","5","25","412619","415692"
"MU.osexp","C:\Users\Public\Experiments\SM01\05-WMC\MU","wait.png","1","415691","C:/Users/Public/Experiments/SM01/05-WMC/MU/MU_results/MUsbj025.csv","wait","5000","3","25","416853","415692"
"MU.osexp","C:\Users\Public\Experiments\SM01\05-WMC\MU","fixation.png","1","415691","C:/Users/Public/Experiments/SM01/05-WMC/MU/MU_results/MUsbj025.csv","fix","1500","3","25","422003","415692"
"MU.osexp","C:\Users\Public\Experiments\SM01\05-WMC\MU","Tr10_study1.png","1","415691","C:/Users/Public/Experiments/SM01/05-WMC/MU/MU_results/MUsbj025.csv","study","1000","3","25","423696","424697"
"MU.osexp","C:\Users\Public\Experiments\SM01\05-WMC\MU","Tr10_study2.png","1","415691","C:/Users/Public/Experiments/SM01/05-WMC/MU/MU_results/MUsbj025.csv","study","1000","3","25","425023","426024"
"MU.osexp","C:\Users\Public\Experiments\SM01\05-WMC\MU","Tr10_study3.png","1","415691","C:/Users/Public/Experiments/SM01/05-WMC/MU/MU_results/MUsbj025.csv","study","1000","3","25","426392","427392"
"MU.osexp","C:\Users\Public\Experiments\SM01\05-WMC\MU","Tr10_update1.png","1","415691","C:/Users/Public/Experiments/SM01/05-WMC/MU/MU_results/MUsbj025.csv","update","1300","3","25","428032","429333"
"MU.osexp","C:\Users\Public\Experiments\SM01\05-WMC\MU","Tr10_update2.png","1","415691","C:/Users/Public/Experiments/SM01/05-WMC/MU/MU_results/MUsbj025.csv","update","1300","3","25","429757","431058"
"MU.osexp","C:\Users\Public\Experiments\SM01\05-WMC\MU","Tr10_test1.png","5","433075","C:/Users/Public/Experiments/SM01/05-WMC/MU/MU_results/MUsbj025.csv","test","0","3","25","431604","433076"
"MU.osexp","C:\Users\Public\Experiments\SM01\05-WMC\MU","Tr10_test2.png","5","434563","C:/Users/Public/Experiments/SM01/05-WMC/MU/MU_results/MUsbj025.csv","test","0","3","25","434272","434564"
"MU.osexp","C:\Users\Public\Experiments\SM01\05-WMC\MU","Tr10_test3.png","5","435939","C:/Users/Public/Experiments/SM01/05-WMC/MU/MU_results/MUsbj025.csv","test","0","3","25","435650","435940"
"MU.osexp","C:\Users\Public\Experiments\SM01\05-WMC\MU","wait.png","5","435939","C:/Users/Public/Experiments/SM01/05-WMC/MU/MU_results/MUsbj025.csv","wait","5000","5","25","437046","435940"
"MU.osexp","C:\Users\Public\Experiments\SM01\05-WMC\MU","fixation.png","5","435939","C:/Users/Public/Experiments/SM01/05-WMC/MU/MU_results/MUsbj025.csv","fix","1500","5","25","442147","435940"
"MU.osexp","C:\Users\Public\Experiments\SM01\05-WMC\MU","Tr11_study1.png","5","435939","C:/Users/Public/Experiments/SM01/05-WMC/MU/MU_results/MUsbj025.csv","study","1000","5","25","443810","444812"
"MU.osexp","C:\Users\Public\Experiments\SM01\05-WMC\MU","Tr11_study2.png","5","435939","C:/Users/Public/Experiments/SM01/05-WMC/MU/MU_results/MUsbj025.csv","study","1000","5","25","445239","446240"
"MU.osexp","C:\Users\Public\Experiments\SM01\05-WMC\MU","Tr11_study3.png","5","435939","C:/Users/Public/Experiments/SM01/05-WMC/MU/MU_results/MUsbj025.csv","study","1000","5","25","446606","447608"
"MU.osexp","C:\Users\Public\Experiments\SM01\05-WMC\MU","Tr11_study4.png","5","435939","C:/Users/Public/Experiments/SM01/05-WMC/MU/MU_results/MUsbj025.csv","study","1000","5","25","447952","448954"
"MU.osexp","C:\Users\Public\Experiments\SM01\05-WMC\MU","Tr11_study5.png","5","435939","C:/Users/Public/Experiments/SM01/05-WMC/MU/MU_results/MUsbj025.csv","study","1000","5","25","449325","450327"
"MU.osexp","C:\Users\Public\Experiments\SM01\05-WMC\MU","Tr11_update1.png","5","435939","C:/Users/Public/Experiments/SM01/05-WMC/MU/MU_results/MUsbj025.csv","update","1300","5","25","450697","451999"
"MU.osexp","C:\Users\Public\Experiments\SM01\05-WMC\MU","Tr11_update2.png","5","435939","C:/Users/Public/Experiments/SM01/05-WMC/MU/MU_results/MUsbj025.csv","update","1300","5","25","452322","453624"
"MU.osexp","C:\Users\Public\Experiments\SM01\05-WMC\MU","Tr11_update3.png","5","435939","C:/Users/Public/Experiments/SM01/05-WMC/MU/MU_results/MUsbj025.csv","update","1300","5","25","453967","455269"
"MU.osexp","C:\Users\Public\Experiments\SM01\05-WMC\MU","Tr11_test1.png","7","461507","C:/Users/Public/Experiments/SM01/05-WMC/MU/MU_results/MUsbj025.csv","test","0","5","25","455643","461508"
"MU.osexp","C:\Users\Public\Experiments\SM01\05-WMC\MU","Tr11_test2.png","2","463554","C:/Users/Public/Experiments/SM01/05-WMC/MU/MU_results/MUsbj025.csv","test","0","5","25","462613","463555"
"MU.osexp","C:\Users\Public\Experiments\SM01\05-WMC\MU","Tr11_test3.png","3","465419","C:/Users/Public/Experiments/SM01/05-WMC/MU/MU_results/MUsbj025.csv","test","0","5","25","464641","465420"
"MU.osexp","C:\Users\Public\Experiments\SM01\05-WMC\MU","Tr11_test4.png","4","470115","C:/Users/Public/Experiments/SM01/05-WMC/MU/MU_results/MUsbj025.csv","test","0","5","25","466540","470116"
"MU.osexp","C:\Users\Public\Experiments\SM01\05-WMC\MU","Tr11_test5.png","5","472491","C:/Users/Public/Experiments/SM01/05-WMC/MU/MU_results/MUsbj025.csv","test","0","5","25","471214","472492"
"MU.osexp","C:\Users\Public\Experiments\SM01\05-WMC\MU","wait.png","5","472491","C:/Users/Public/Experiments/SM01/05-WMC/MU/MU_results/MUsbj025.csv","wait","5000","3","25","473578","472492"
"MU.osexp","C:\Users\Public\Experiments\SM01\05-WMC\MU","fixation.png","5","472491","C:/Users/Public/Experiments/SM01/05-WMC/MU/MU_results/MUsbj025.csv","fix","1500","3","25","478686","472492"
"MU.osexp","C:\Users\Public\Experiments\SM01\05-WMC\MU","Tr12_study1.png","5","472491","C:/Users/Public/Experiments/SM01/05-WMC/MU/MU_results/MUsbj025.csv","study","1000","3","25","480314","481317"
"MU.osexp","C:\Users\Public\Experiments\SM01\05-WMC\MU","Tr12_study2.png","5","472491","C:/Users/Public/Experiments/SM01/05-WMC/MU/MU_results/MUsbj025.csv","study","1000","3","25","481698","482700"
"MU.osexp","C:\Users\Public\Experiments\SM01\05-WMC\MU","Tr12_study3.png","5","472491","C:/Users/Public/Experiments/SM01/05-WMC/MU/MU_results/MUsbj025.csv","study","1000","3","25","483041","484043"
"MU.osexp","C:\Users\Public\Experiments\SM01\05-WMC\MU","Tr12_update1.png","5","472491","C:/Users/Public/Experiments/SM01/05-WMC/MU/MU_results/MUsbj025.csv","update","1300","3","25","484389","485691"
"MU.osexp","C:\Users\Public\Experiments\SM01\05-WMC\MU","Tr12_update2.png","5","472491","C:/Users/Public/Experiments/SM01/05-WMC/MU/MU_results/MUsbj025.csv","update","1300","3","25","486055","487357"
"MU.osexp","C:\Users\Public\Experiments\SM01\05-WMC\MU","Tr12_update3.png","5","472491","C:/Users/Public/Experiments/SM01/05-WMC/MU/MU_results/MUsbj025.csv","update","1300","3","25","487690","488992"
"MU.osexp","C:\Users\Public\Experiments\SM01\05-WMC\MU","Tr12_update4.png","5","472491","C:/Users/Public/Experiments/SM01/05-WMC/MU/MU_results/MUsbj025.csv","update","1300","3","25","489355","490658"
"MU.osexp","C:\Users\Public\Experiments\SM01\05-WMC\MU","Tr12_update5.png","5","472491","C:/Users/Public/Experiments/SM01/05-WMC/MU/MU_results/MUsbj025.csv","update","1300","3","25","491002","492304"
"MU.osexp","C:\Users\Public\Experiments\SM01\05-WMC\MU","Tr12_test1.png","5","493739","C:/Users/Public/Experiments/SM01/05-WMC/MU/MU_results/MUsbj025.csv","test","0","3","25","492685","493740"
"MU.osexp","C:\Users\Public\Experiments\SM01\05-WMC\MU","Tr12_test2.png","2","495099","C:/Users/Public/Experiments/SM01/05-WMC/MU/MU_results/MUsbj025.csv","test","0","3","25","494831","495100"
"MU.osexp","C:\Users\Public\Experiments\SM01\05-WMC\MU","Tr12_test3.png","3","496779","C:/Users/Public/Experiments/SM01/05-WMC/MU/MU_results/MUsbj025.csv","test","0","3","25","496202","496780"
"MU.osexp","C:\Users\Public\Experiments\SM01\05-WMC\MU","wait.png","3","496779","C:/Users/Public/Experiments/SM01/05-WMC/MU/MU_results/MUsbj025.csv","wait","5000","3","25","497885","496780"
"MU.osexp","C:\Users\Public\Experiments\SM01\05-WMC\MU","fixation.png","3","496779","C:/Users/Public/Experiments/SM01/05-WMC/MU/MU_results/MUsbj025.csv","fix","1500","3","25","502963","496780"
"MU.osexp","C:\Users\Public\Experiments\SM01\05-WMC\MU","Tr13_study1.png","3","496779","C:/Users/Public/Experiments/SM01/05-WMC/MU/MU_results/MUsbj025.csv","study","1000","3","25","504593","505595"
"MU.osexp","C:\Users\Public\Experiments\SM01\05-WMC\MU","Tr13_study2.png","3","496779","C:/Users/Public/Experiments/SM01/05-WMC/MU/MU_results/MUsbj025.csv","study","1000","3","25","505950","506952"
"MU.osexp","C:\Users\Public\Experiments\SM01\05-WMC\MU","Tr13_study3.png","3","496779","C:/Users/Public/Experiments/SM01/05-WMC/MU/MU_results/MUsbj025.csv","study","1000","3","25","507314","508316"
"MU.osexp","C:\Users\Public\Experiments\SM01\05-WMC\MU","Tr13_update1.png","3","496779","C:/Users/Public/Experiments/SM01/05-WMC/MU/MU_results/MUsbj025.csv","update","1300","3","25","508659","509961"
"MU.osexp","C:\Users\Public\Experiments\SM01\05-WMC\MU","Tr13_update2.png","3","496779","C:/Users/Public/Experiments/SM01/05-WMC/MU/MU_results/MUsbj025.csv","update","1300","3","25","510337","511639"
"MU.osexp","C:\Users\Public\Experiments\SM01\05-WMC\MU","Tr13_update3.png","3","496779","C:/Users/Public/Experiments/SM01/05-WMC/MU/MU_results/MUsbj025.csv","update","1300","3","25","511986","513288"
"MU.osexp","C:\Users\Public\Experiments\SM01\05-WMC\MU","Tr13_update4.png","3","496779","C:/Users/Public/Experiments/SM01/05-WMC/MU/MU_results/MUsbj025.csv","update","1300","3","25","513648","514950"
"MU.osexp","C:\Users\Public\Experiments\SM01\05-WMC\MU","Tr13_test1.png","4","517827","C:/Users/Public/Experiments/SM01/05-WMC/MU/MU_results/MUsbj025.csv","test","0","3","25","515311","517828"
"MU.osexp","C:\Users\Public\Experiments\SM01\05-WMC\MU","Tr13_test2.png","0","523099","C:/Users/Public/Experiments/SM01/05-WMC/MU/MU_results/MUsbj025.csv","test","0","3","25","518927","523100"
"MU.osexp","C:\Users\Public\Experiments\SM01\05-WMC\MU","Tr13_test3.png","3","528963","C:/Users/Public/Experiments/SM01/05-WMC/MU/MU_results/MUsbj025.csv","test","0","3","25","524212","528964"
"MU.osexp","C:\Users\Public\Experiments\SM01\05-WMC\MU","wait.png","3","528963","C:/Users/Public/Experiments/SM01/05-WMC/MU/MU_results/MUsbj025.csv","wait","5000","5","25","530050","528964"
"MU.osexp","C:\Users\Public\Experiments\SM01\05-WMC\MU","fixation.png","3","528963","C:/Users/Public/Experiments/SM01/05-WMC/MU/MU_results/MUsbj025.csv","fix","1500","5","25","535140","528964"
"MU.osexp","C:\Users\Public\Experiments\SM01\05-WMC\MU","Tr14_study1.png","3","528963","C:/Users/Public/Experiments/SM01/05-WMC/MU/MU_results/MUsbj025.csv","study","1000","5","25","536775","537777"
"MU.osexp","C:\Users\Public\Experiments\SM01\05-WMC\MU","Tr14_study2.png","3","528963","C:/Users/Public/Experiments/SM01/05-WMC/MU/MU_results/MUsbj025.csv","study","1000","5","25","538121","539123"
"MU.osexp","C:\Users\Public\Experiments\SM01\05-WMC\MU","Tr14_study3.png","3","528963","C:/Users/Public/Experiments/SM01/05-WMC/MU/MU_results/MUsbj025.csv","study","1000","5","25","539486","540488"
"MU.osexp","C:\Users\Public\Experiments\SM01\05-WMC\MU","Tr14_study4.png","3","528963","C:/Users/Public/Experiments/SM01/05-WMC/MU/MU_results/MUsbj025.csv","study","1000","5","25","540840","541842"
"MU.osexp","C:\Users\Public\Experiments\SM01\05-WMC\MU","Tr14_study5.png","3","528963","C:/Users/Public/Experiments/SM01/05-WMC/MU/MU_results/MUsbj025.csv","study","1000","5","25","542187","543189"
"MU.osexp","C:\Users\Public\Experiments\SM01\05-WMC\MU","Tr14_update1.png","3","528963","C:/Users/Public/Experiments/SM01/05-WMC/MU/MU_results/MUsbj025.csv","update","1300","5","25","543534","544836"
"MU.osexp","C:\Users\Public\Experiments\SM01\05-WMC\MU","Tr14_update2.png","3","528963","C:/Users/Public/Experiments/SM01/05-WMC/MU/MU_results/MUsbj025.csv","update","1300","5","25","545221","546523"
"MU.osexp","C:\Users\Public\Experiments\SM01\05-WMC\MU","Tr14_update3.png","3","528963","C:/Users/Public/Experiments/SM01/05-WMC/MU/MU_results/MUsbj025.csv","update","1300","5","25","546860","548162"
"MU.osexp","C:\Users\Public\Experiments\SM01\05-WMC\MU","Tr14_update4.png","3","528963","C:/Users/Public/Experiments/SM01/05-WMC/MU/MU_results/MUsbj025.csv","update","1300","5","25","548535","549837"
"MU.osexp","C:\Users\Public\Experiments\SM01\05-WMC\MU","Tr14_test1.png","6","553043","C:/Users/Public/Experiments/SM01/05-WMC/MU/MU_results/MUsbj025.csv","test","0","5","25","550178","553044"
"MU.osexp","C:\Users\Public\Experiments\SM01\05-WMC\MU","Tr14_test2.png","4","555635","C:/Users/Public/Experiments/SM01/05-WMC/MU/MU_results/MUsbj025.csv","test","0","5","25","554147","555636"
"MU.osexp","C:\Users\Public\Experiments\SM01\05-WMC\MU","Tr14_test3.png","4","558227","C:/Users/Public/Experiments/SM01/05-WMC/MU/MU_results/MUsbj025.csv","test","0","5","25","556735","558228"
"MU.osexp","C:\Users\Public\Experiments\SM01\05-WMC\MU","Tr14_test4.png","5","559787","C:/Users/Public/Experiments/SM01/05-WMC/MU/MU_results/MUsbj025.csv","test","0","5","25","559447","559788"
"MU.osexp","C:\Users\Public\Experiments\SM01\05-WMC\MU","Tr14_test5.png","8","561363","C:/Users/Public/Experiments/SM01/05-WMC/MU/MU_results/MUsbj025.csv","test","0","5","25","560878","561364"
"MU.osexp","C:\Users\Public\Experiments\SM01\05-WMC\MU","wait.png","8","561363","C:/Users/Public/Experiments/SM01/05-WMC/MU/MU_results/MUsbj025.csv","wait","5000","4","25","562497","561364"
"MU.osexp","C:\Users\Public\Experiments\SM01\05-WMC\MU","fixation.png","8","561363","C:/Users/Public/Experiments/SM01/05-WMC/MU/MU_results/MUsbj025.csv","fix","1500","4","25","567606","561364"
"MU.osexp","C:\Users\Public\Experiments\SM01\05-WMC\MU","Tr15_study1.png","8","561363","C:/Users/Public/Experiments/SM01/05-WMC/MU/MU_results/MUsbj025.csv","study","1000","4","25","569223","570225"
"MU.osexp","C:\Users\Public\Experiments\SM01\05-WMC\MU","Tr15_study2.png","8","561363","C:/Users/Public/Experiments/SM01/05-WMC/MU/MU_results/MUsbj025.csv","study","1000","4","25","570593","571595"
"MU.osexp","C:\Users\Public\Experiments\SM01\05-WMC\MU","Tr15_study3.png","8","561363","C:/Users/Public/Experiments/SM01/05-WMC/MU/MU_results/MUsbj025.csv","study","1000","4","25","571960","572962"
"MU.osexp","C:\Users\Public\Experiments\SM01\05-WMC\MU","Tr15_study4.png","8","561363","C:/Users/Public/Experiments/SM01/05-WMC/MU/MU_results/MUsbj025.csv","study","1000","4","25","573318","574320"
"MU.osexp","C:\Users\Public\Experiments\SM01\05-WMC\MU","Tr15_update1.png","8","561363","C:/Users/Public/Experiments/SM01/05-WMC/MU/MU_results/MUsbj025.csv","update","1300","4","25","574681","575983"
"MU.osexp","C:\Users\Public\Experiments\SM01\05-WMC\MU","Tr15_update2.png","8","561363","C:/Users/Public/Experiments/SM01/05-WMC/MU/MU_results/MUsbj025.csv","update","1300","4","25","576345","577647"
"MU.osexp","C:\Users\Public\Experiments\SM01\05-WMC\MU","Tr15_update3.png","8","561363","C:/Users/Public/Experiments/SM01/05-WMC/MU/MU_results/MUsbj025.csv","update","1300","4","25","578012","579314"
"MU.osexp","C:\Users\Public\Experiments\SM01\05-WMC\MU","Tr15_update4.png","8","561363","C:/Users/Public/Experiments/SM01/05-WMC/MU/MU_results/MUsbj025.csv","update","1300","4","25","579658","580960"
"MU.osexp","C:\Users\Public\Experiments\SM01\05-WMC\MU","Tr15_update5.png","8","561363","C:/Users/Public/Experiments/SM01/05-WMC/MU/MU_results/MUsbj025.csv","update","1300","4","25","581319","582621"
"MU.osexp","C:\Users\Public\Experiments\SM01\05-WMC\MU","Tr15_update6.png","8","561363","C:/Users/Public/Experiments/SM01/05-WMC/MU/MU_results/MUsbj025.csv","update","1300","4","25","582975","584277"
"MU.osexp","C:\Users\Public\Experiments\SM01\05-WMC\MU","Tr15_test1.png","4","589387","C:/Users/Public/Experiments/SM01/05-WMC/MU/MU_results/MUsbj025.csv","test","0","4","25","584619","589388"
"MU.osexp","C:\Users\Public\Experiments\SM01\05-WMC\MU","Tr15_test2.png","3","592283","C:/Users/Public/Experiments/SM01/05-WMC/MU/MU_results/MUsbj025.csv","test","0","4","25","590510","592284"
"MU.osexp","C:\Users\Public\Experiments\SM01\05-WMC\MU","Tr15_test3.png","8","595355","C:/Users/Public/Experiments/SM01/05-WMC/MU/MU_results/MUsbj025.csv","test","0","4","25","593392","595356"
"MU.osexp","C:\Users\Public\Experiments\SM01\05-WMC\MU","Tr15_test4.png","9","596867","C:/Users/Public/Experiments/SM01/05-WMC/MU/MU_results/MUsbj025.csv","test","0","4","25","596452","596868"
"MU.osexp","C:\Users\Public\Experiments\SM01\05-WMC\MU","wait.png","9","596867","C:/Users/Public/Experiments/SM01/05-WMC/MU/MU_results/MUsbj025.csv","wait","5000","4","25","598003","596868"
"MU.osexp","C:\Users\Public\Experiments\SM01\05-WMC\MU","fixation.png","9","596867","C:/Users/Public/Experiments/SM01/05-WMC/MU/MU_results/MUsbj025.csv","fix","1500","4","25","603096","596868"
"MU.osexp","C:\Users\Public\Experiments\SM01\05-WMC\MU","Tr16_study1.png","9","596867","C:/Users/Public/Experiments/SM01/05-WMC/MU/MU_results/MUsbj025.csv","study","1000","4","25","604731","605734"
"MU.osexp","C:\Users\Public\Experiments\SM01\05-WMC\MU","Tr16_study2.png","9","596867","C:/Users/Public/Experiments/SM01/05-WMC/MU/MU_results/MUsbj025.csv","study","1000","4","25","606086","607088"
"MU.osexp","C:\Users\Public\Experiments\SM01\05-WMC\MU","Tr16_study3.png","9","596867","C:/Users/Public/Experiments/SM01/05-WMC/MU/MU_results/MUsbj025.csv","study","1000","4","25","607469","608471"
"MU.osexp","C:\Users\Public\Experiments\SM01\05-WMC\MU","Tr16_study4.png","9","596867","C:/Users/Public/Experiments/SM01/05-WMC/MU/MU_results/MUsbj025.csv","study","1000","4","25","608830","609832"
"MU.osexp","C:\Users\Public\Experiments\SM01\05-WMC\MU","Tr16_update1.png","9","596867","C:/Users/Public/Experiments/SM01/05-WMC/MU/MU_results/MUsbj025.csv","update","1300","4","25","610196","611498"
"MU.osexp","C:\Users\Public\Experiments\SM01\05-WMC\MU","Tr16_update2.png","9","596867","C:/Users/Public/Experiments/SM01/05-WMC/MU/MU_results/MUsbj025.csv","update","1300","4","25","611847","613149"
"MU.osexp","C:\Users\Public\Experiments\SM01\05-WMC\MU","Tr16_test1.png","8","616747","C:/Users/Public/Experiments/SM01/05-WMC/MU/MU_results/MUsbj025.csv","test","0","4","25","613527","616748"
"MU.osexp","C:\Users\Public\Experiments\SM01\05-WMC\MU","Tr16_test2.png","5","625419","C:/Users/Public/Experiments/SM01/05-WMC/MU/MU_results/MUsbj025.csv","test","0","4","25","617876","625420"
"MU.osexp","C:\Users\Public\Experiments\SM01\05-WMC\MU","Tr16_test3.png","9","628011","C:/Users/Public/Experiments/SM01/05-WMC/MU/MU_results/MUsbj025.csv","test","0","4","25","626521","628012"
"MU.osexp","C:\Users\Public\Experiments\SM01\05-WMC\MU","Tr16_test4.png","6","629379","C:/Users/Public/Experiments/SM01/05-WMC/MU/MU_results/MUsbj025.csv","test","0","4","25","629121","629380"
"MU.osexp","C:\Users\Public\Experiments\SM01\05-WMC\MU","wait.png","6","629379","C:/Users/Public/Experiments/SM01/05-WMC/MU/MU_results/MUsbj025.csv","wait","5000","5","25","630488","629380"
"MU.osexp","C:\Users\Public\Experiments\SM01\05-WMC\MU","fixation.png","6","629379","C:/Users/Public/Experiments/SM01/05-WMC/MU/MU_results/MUsbj025.csv","fix","1500","5","25","635588","629380"
"MU.osexp","C:\Users\Public\Experiments\SM01\05-WMC\MU","Tr17_study1.png","6","629379","C:/Users/Public/Experiments/SM01/05-WMC/MU/MU_results/MUsbj025.csv","study","1000","5","25","637217","638219"
"MU.osexp","C:\Users\Public\Experiments\SM01\05-WMC\MU","Tr17_study2.png","6","629379","C:/Users/Public/Experiments/SM01/05-WMC/MU/MU_results/MUsbj025.csv","study","1000","5","25","638568","639570"
"MU.osexp","C:\Users\Public\Experiments\SM01\05-WMC\MU","Tr17_study3.png","6","629379","C:/Users/Public/Experiments/SM01/05-WMC/MU/MU_results/MUsbj025.csv","study","1000","5","25","639939","640941"
"MU.osexp","C:\Users\Public\Experiments\SM01\05-WMC\MU","Tr17_study4.png","6","629379","C:/Users/Public/Experiments/SM01/05-WMC/MU/MU_results/MUsbj025.csv","study","1000","5","25","641295","642297"
"MU.osexp","C:\Users\Public\Experiments\SM01\05-WMC\MU","Tr17_study5.png","6","629379","C:/Users/Public/Experiments/SM01/05-WMC/MU/MU_results/MUsbj025.csv","study","1000","5","25","642674","643677"
"MU.osexp","C:\Users\Public\Experiments\SM01\05-WMC\MU","Tr17_update1.png","6","629379","C:/Users/Public/Experiments/SM01/05-WMC/MU/MU_results/MUsbj025.csv","update","1300","5","25","644022","645324"
"MU.osexp","C:\Users\Public\Experiments\SM01\05-WMC\MU","Tr17_update2.png","6","629379","C:/Users/Public/Experiments/SM01/05-WMC/MU/MU_results/MUsbj025.csv","update","1300","5","25","645671","646973"
"MU.osexp","C:\Users\Public\Experiments\SM01\05-WMC\MU","Tr17_update3.png","6","629379","C:/Users/Public/Experiments/SM01/05-WMC/MU/MU_results/MUsbj025.csv","update","1300","5","25","647320","648622"
"MU.osexp","C:\Users\Public\Experiments\SM01\05-WMC\MU","Tr17_update4.png","6","629379","C:/Users/Public/Experiments/SM01/05-WMC/MU/MU_results/MUsbj025.csv","update","1300","5","25","648994","650296"
"MU.osexp","C:\Users\Public\Experiments\SM01\05-WMC\MU","Tr17_update5.png","6","629379","C:/Users/Public/Experiments/SM01/05-WMC/MU/MU_results/MUsbj025.csv","update","1300","5","25","650662","651964"
"MU.osexp","C:\Users\Public\Experiments\SM01\05-WMC\MU","Tr17_update6.png","6","629379","C:/Users/Public/Experiments/SM01/05-WMC/MU/MU_results/MUsbj025.csv","update","1300","5","25","652343","653645"
"MU.osexp","C:\Users\Public\Experiments\SM01\05-WMC\MU","Tr17_test1.png","9","655659","C:/Users/Public/Experiments/SM01/05-WMC/MU/MU_results/MUsbj025.csv","test","0","5","25","653992","655660"
"MU.osexp","C:\Users\Public\Experiments\SM01\05-WMC\MU","Tr17_test2.png","1","657339","C:/Users/Public/Experiments/SM01/05-WMC/MU/MU_results/MUsbj025.csv","test","0","5","25","656766","657339"
"MU.osexp","C:\Users\Public\Experiments\SM01\05-WMC\MU","Tr17_test3.png","2","659283","C:/Users/Public/Experiments/SM01/05-WMC/MU/MU_results/MUsbj025.csv","test","0","5","25","658422","659284"
"MU.osexp","C:\Users\Public\Experiments\SM01\05-WMC\MU","Tr17_test4.png","8","660795","C:/Users/Public/Experiments/SM01/05-WMC/MU/MU_results/MUsbj025.csv","test","0","5","25","660512","660796"
"MU.osexp","C:\Users\Public\Experiments\SM01\05-WMC\MU","Tr17_test5.png","3","662139","C:/Users/Public/Experiments/SM01/05-WMC/MU/MU_results/MUsbj025.csv","test","0","5","25","661909","662140"
