"experiment_file","experiment_path","image","key","key_time","logfile","phase","playtime","setSize","subject_nr","timestamp","waittime"
"MU.osexp","C:\Users\Public\Experiments\SM01\05-WMC\MU","ready1.png","NA","NA","C:/Users/Public/Experiments/SM01/05-WMC/MU/MU_results/MUsbj008.csv","pre","0","3","8","132480","NA"
"MU.osexp","C:\Users\Public\Experiments\SM01\05-WMC\MU","fixation.png","NA","NA","C:/Users/Public/Experiments/SM01/05-WMC/MU/MU_results/MUsbj008.csv","fix","1500","3","8","134930","NA"
"MU.osexp","C:\Users\Public\Experiments\SM01\05-WMC\MU","Tr1_study1.png","NA","NA","C:/Users/Public/Experiments/SM01/05-WMC/MU/MU_results/MUsbj008.csv","study","1000","3","8","136562","137564"
"MU.osexp","C:\Users\Public\Experiments\SM01\05-WMC\MU","Tr1_study2.png","NA","NA","C:/Users/Public/Experiments/SM01/05-WMC/MU/MU_results/MUsbj008.csv","study","1000","3","8","137941","138943"
"MU.osexp","C:\Users\Public\Experiments\SM01\05-WMC\MU","Tr1_study3.png","NA","NA","C:/Users/Public/Experiments/SM01/05-WMC/MU/MU_results/MUsbj008.csv","study","1000","3","8","139300","140302"
"MU.osexp","C:\Users\Public\Experiments\SM01\05-WMC\MU","Tr1_update1.png","NA","NA","C:/Users/Public/Experiments/SM01/05-WMC/MU/MU_results/MUsbj008.csv","update","1300","3","8","140657","141959"
"MU.osexp","C:\Users\Public\Experiments\SM01\05-WMC\MU","Tr1_update2.png","NA","NA","C:/Users/Public/Experiments/SM01/05-WMC/MU/MU_results/MUsbj008.csv","update","1300","3","8","142294","143596"
"MU.osexp","C:\Users\Public\Experiments\SM01\05-WMC\MU","Tr1_update3.png","NA","NA","C:/Users/Public/Experiments/SM01/05-WMC/MU/MU_results/MUsbj008.csv","update","1300","3","8","143943","145245"
"MU.osexp","C:\Users\Public\Experiments\SM01\05-WMC\MU","Tr1_test1.png","9","147226","C:/Users/Public/Experiments/SM01/05-WMC/MU/MU_results/MUsbj008.csv","test","0","3","8","145619","147227"
"MU.osexp","C:\Users\Public\Experiments\SM01\05-WMC\MU","Tr1_test2.png","4","152451","C:/Users/Public/Experiments/SM01/05-WMC/MU/MU_results/MUsbj008.csv","test","0","3","8","148324","152452"
"MU.osexp","C:\Users\Public\Experiments\SM01\05-WMC\MU","Tr1_test3.png","2","157043","C:/Users/Public/Experiments/SM01/05-WMC/MU/MU_results/MUsbj008.csv","test","0","3","8","153531","157044"
"MU.osexp","C:\Users\Public\Experiments\SM01\05-WMC\MU","wait.png","2","157043","C:/Users/Public/Experiments/SM01/05-WMC/MU/MU_results/MUsbj008.csv","wait","5000","3","8","158153","157044"
"MU.osexp","C:\Users\Public\Experiments\SM01\05-WMC\MU","fixation.png","2","157043","C:/Users/Public/Experiments/SM01/05-WMC/MU/MU_results/MUsbj008.csv","fix","1500","3","8","163269","157044"
"MU.osexp","C:\Users\Public\Experiments\SM01\05-WMC\MU","Tr2_study1.png","2","157043","C:/Users/Public/Experiments/SM01/05-WMC/MU/MU_results/MUsbj008.csv","study","1000","3","8","164879","165881"
"MU.osexp","C:\Users\Public\Experiments\SM01\05-WMC\MU","Tr2_study2.png","2","157043","C:/Users/Public/Experiments/SM01/05-WMC/MU/MU_results/MUsbj008.csv","study","1000","3","8","166238","167240"
"MU.osexp","C:\Users\Public\Experiments\SM01\05-WMC\MU","Tr2_study3.png","2","157043","C:/Users/Public/Experiments/SM01/05-WMC/MU/MU_results/MUsbj008.csv","study","1000","3","8","167610","168612"
"MU.osexp","C:\Users\Public\Experiments\SM01\05-WMC\MU","Tr2_update1.png","2","157043","C:/Users/Public/Experiments/SM01/05-WMC/MU/MU_results/MUsbj008.csv","update","1300","3","8","168970","170272"
"MU.osexp","C:\Users\Public\Experiments\SM01\05-WMC\MU","Tr2_update2.png","2","157043","C:/Users/Public/Experiments/SM01/05-WMC/MU/MU_results/MUsbj008.csv","update","1300","3","8","170641","171943"
"MU.osexp","C:\Users\Public\Experiments\SM01\05-WMC\MU","Tr2_update3.png","2","157043","C:/Users/Public/Experiments/SM01/05-WMC/MU/MU_results/MUsbj008.csv","update","1300","3","8","172286","173588"
"MU.osexp","C:\Users\Public\Experiments\SM01\05-WMC\MU","Tr2_test1.png","4","175907","C:/Users/Public/Experiments/SM01/05-WMC/MU/MU_results/MUsbj008.csv","test","0","3","8","173940","175908"
"MU.osexp","C:\Users\Public\Experiments\SM01\05-WMC\MU","Tr2_test2.png","5","178899","C:/Users/Public/Experiments/SM01/05-WMC/MU/MU_results/MUsbj008.csv","test","0","3","8","177005","178900"
"MU.osexp","C:\Users\Public\Experiments\SM01\05-WMC\MU","Tr2_test3.png","1","181435","C:/Users/Public/Experiments/SM01/05-WMC/MU/MU_results/MUsbj008.csv","test","0","3","8","180015","181435"
"MU.osexp","C:\Users\Public\Experiments\SM01\05-WMC\MU","ready2.png","1","181435","C:/Users/Public/Experiments/SM01/05-WMC/MU/MU_results/MUsbj008.csv","pre","0","3","8","186420","181435"
"MU.osexp","C:\Users\Public\Experiments\SM01\05-WMC\MU","fixation.png","1","181435","C:/Users/Public/Experiments/SM01/05-WMC/MU/MU_results/MUsbj008.csv","fix","1500","3","8","189994","181435"
"MU.osexp","C:\Users\Public\Experiments\SM01\05-WMC\MU","Tr3_study1.png","1","181435","C:/Users/Public/Experiments/SM01/05-WMC/MU/MU_results/MUsbj008.csv","study","1000","3","8","191581","192582"
"MU.osexp","C:\Users\Public\Experiments\SM01\05-WMC\MU","Tr3_study2.png","1","181435","C:/Users/Public/Experiments/SM01/05-WMC/MU/MU_results/MUsbj008.csv","study","1000","3","8","192896","193896"
"MU.osexp","C:\Users\Public\Experiments\SM01\05-WMC\MU","Tr3_study3.png","1","181435","C:/Users/Public/Experiments/SM01/05-WMC/MU/MU_results/MUsbj008.csv","study","1000","3","8","194223","195224"
"MU.osexp","C:\Users\Public\Experiments\SM01\05-WMC\MU","Tr3_update1.png","1","181435","C:/Users/Public/Experiments/SM01/05-WMC/MU/MU_results/MUsbj008.csv","update","1300","3","8","195553","196853"
"MU.osexp","C:\Users\Public\Experiments\SM01\05-WMC\MU","Tr3_update2.png","1","181435","C:/Users/Public/Experiments/SM01/05-WMC/MU/MU_results/MUsbj008.csv","update","1300","3","8","197190","198490"
"MU.osexp","C:\Users\Public\Experiments\SM01\05-WMC\MU","Tr3_update3.png","1","181435","C:/Users/Public/Experiments/SM01/05-WMC/MU/MU_results/MUsbj008.csv","update","1300","3","8","198803","200104"
"MU.osexp","C:\Users\Public\Experiments\SM01\05-WMC\MU","Tr3_test1.png","9","202330","C:/Users/Public/Experiments/SM01/05-WMC/MU/MU_results/MUsbj008.csv","test","0","3","8","200433","202331"
"MU.osexp","C:\Users\Public\Experiments\SM01\05-WMC\MU","Tr3_test2.png","6","206227","C:/Users/Public/Experiments/SM01/05-WMC/MU/MU_results/MUsbj008.csv","test","0","3","8","203416","206228"
"MU.osexp","C:\Users\Public\Experiments\SM01\05-WMC\MU","Tr3_test3.png","9","209715","C:/Users/Public/Experiments/SM01/05-WMC/MU/MU_results/MUsbj008.csv","test","0","3","8","207304","209716"
"MU.osexp","C:\Users\Public\Experiments\SM01\05-WMC\MU","wait.png","9","209715","C:/Users/Public/Experiments/SM01/05-WMC/MU/MU_results/MUsbj008.csv","wait","5000","4","8","210798","209716"
"MU.osexp","C:\Users\Public\Experiments\SM01\05-WMC\MU","fixation.png","9","209715","C:/Users/Public/Experiments/SM01/05-WMC/MU/MU_results/MUsbj008.csv","fix","1500","4","8","215906","209716"
"MU.osexp","C:\Users\Public\Experiments\SM01\05-WMC\MU","Tr4_study1.png","9","209715","C:/Users/Public/Experiments/SM01/05-WMC/MU/MU_results/MUsbj008.csv","study","1000","4","8","217529","218531"
"MU.osexp","C:\Users\Public\Experiments\SM01\05-WMC\MU","Tr4_study2.png","9","209715","C:/Users/Public/Experiments/SM01/05-WMC/MU/MU_results/MUsbj008.csv","study","1000","4","8","218872","219874"
"MU.osexp","C:\Users\Public\Experiments\SM01\05-WMC\MU","Tr4_study3.png","9","209715","C:/Users/Public/Experiments/SM01/05-WMC/MU/MU_results/MUsbj008.csv","study","1000","4","8","220239","221241"
"MU.osexp","C:\Users\Public\Experiments\SM01\05-WMC\MU","Tr4_study4.png","9","209715","C:/Users/Public/Experiments/SM01/05-WMC/MU/MU_results/MUsbj008.csv","study","1000","4","8","221563","222565"
"MU.osexp","C:\Users\Public\Experiments\SM01\05-WMC\MU","Tr4_update1.png","9","209715","C:/Users/Public/Experiments/SM01/05-WMC/MU/MU_results/MUsbj008.csv","update","1300","4","8","222903","224206"
"MU.osexp","C:\Users\Public\Experiments\SM01\05-WMC\MU","Tr4_update2.png","9","209715","C:/Users/Public/Experiments/SM01/05-WMC/MU/MU_results/MUsbj008.csv","update","1300","4","8","224553","225855"
"MU.osexp","C:\Users\Public\Experiments\SM01\05-WMC\MU","Tr4_update3.png","9","209715","C:/Users/Public/Experiments/SM01/05-WMC/MU/MU_results/MUsbj008.csv","update","1300","4","8","226180","227482"
"MU.osexp","C:\Users\Public\Experiments\SM01\05-WMC\MU","Tr4_update4.png","9","209715","C:/Users/Public/Experiments/SM01/05-WMC/MU/MU_results/MUsbj008.csv","update","1300","4","8","227836","229139"
"MU.osexp","C:\Users\Public\Experiments\SM01\05-WMC\MU","Tr4_test1.png","1","232715","C:/Users/Public/Experiments/SM01/05-WMC/MU/MU_results/MUsbj008.csv","test","0","4","8","229503","232716"
"MU.osexp","C:\Users\Public\Experiments\SM01\05-WMC\MU","Tr4_test2.png","4","235794","C:/Users/Public/Experiments/SM01/05-WMC/MU/MU_results/MUsbj008.csv","test","0","4","8","233802","235795"
"MU.osexp","C:\Users\Public\Experiments\SM01\05-WMC\MU","Tr4_test3.png","7","240123","C:/Users/Public/Experiments/SM01/05-WMC/MU/MU_results/MUsbj008.csv","test","0","4","8","236886","240124"
"MU.osexp","C:\Users\Public\Experiments\SM01\05-WMC\MU","Tr4_test4.png","1","242947","C:/Users/Public/Experiments/SM01/05-WMC/MU/MU_results/MUsbj008.csv","test","0","4","8","241235","242948"
"MU.osexp","C:\Users\Public\Experiments\SM01\05-WMC\MU","wait.png","1","242947","C:/Users/Public/Experiments/SM01/05-WMC/MU/MU_results/MUsbj008.csv","wait","5000","3","8","244031","242948"
"MU.osexp","C:\Users\Public\Experiments\SM01\05-WMC\MU","fixation.png","1","242947","C:/Users/Public/Experiments/SM01/05-WMC/MU/MU_results/MUsbj008.csv","fix","1500","3","8","249127","242948"
"MU.osexp","C:\Users\Public\Experiments\SM01\05-WMC\MU","Tr5_study1.png","1","242947","C:/Users/Public/Experiments/SM01/05-WMC/MU/MU_results/MUsbj008.csv","study","1000","3","8","250739","251741"
"MU.osexp","C:\Users\Public\Experiments\SM01\05-WMC\MU","Tr5_study2.png","1","242947","C:/Users/Public/Experiments/SM01/05-WMC/MU/MU_results/MUsbj008.csv","study","1000","3","8","252104","253106"
"MU.osexp","C:\Users\Public\Experiments\SM01\05-WMC\MU","Tr5_study3.png","1","242947","C:/Users/Public/Experiments/SM01/05-WMC/MU/MU_results/MUsbj008.csv","study","1000","3","8","253463","254465"
"MU.osexp","C:\Users\Public\Experiments\SM01\05-WMC\MU","Tr5_update1.png","1","242947","C:/Users/Public/Experiments/SM01/05-WMC/MU/MU_results/MUsbj008.csv","update","1300","3","8","254810","256112"
"MU.osexp","C:\Users\Public\Experiments\SM01\05-WMC\MU","Tr5_update2.png","1","242947","C:/Users/Public/Experiments/SM01/05-WMC/MU/MU_results/MUsbj008.csv","update","1300","3","8","256469","257771"
"MU.osexp","C:\Users\Public\Experiments\SM01\05-WMC\MU","Tr5_update3.png","1","242947","C:/Users/Public/Experiments/SM01/05-WMC/MU/MU_results/MUsbj008.csv","update","1300","3","8","258120","259421"
"MU.osexp","C:\Users\Public\Experiments\SM01\05-WMC\MU","Tr5_update4.png","1","242947","C:/Users/Public/Experiments/SM01/05-WMC/MU/MU_results/MUsbj008.csv","update","1300","3","8","259793","261095"
"MU.osexp","C:\Users\Public\Experiments\SM01\05-WMC\MU","Tr5_update5.png","1","242947","C:/Users/Public/Experiments/SM01/05-WMC/MU/MU_results/MUsbj008.csv","update","1300","3","8","261461","262763"
"MU.osexp","C:\Users\Public\Experiments\SM01\05-WMC\MU","Tr5_update6.png","1","242947","C:/Users/Public/Experiments/SM01/05-WMC/MU/MU_results/MUsbj008.csv","update","1300","3","8","263177","264479"
"MU.osexp","C:\Users\Public\Experiments\SM01\05-WMC\MU","Tr5_test1.png","2","269107","C:/Users/Public/Experiments/SM01/05-WMC/MU/MU_results/MUsbj008.csv","test","0","3","8","264806","269108"
"MU.osexp","C:\Users\Public\Experiments\SM01\05-WMC\MU","Tr5_test2.png","3","273747","C:/Users/Public/Experiments/SM01/05-WMC/MU/MU_results/MUsbj008.csv","test","0","3","8","270229","273748"
"MU.osexp","C:\Users\Public\Experiments\SM01\05-WMC\MU","Tr5_test3.png","6","278523","C:/Users/Public/Experiments/SM01/05-WMC/MU/MU_results/MUsbj008.csv","test","0","3","8","274861","278524"
"MU.osexp","C:\Users\Public\Experiments\SM01\05-WMC\MU","wait.png","6","278523","C:/Users/Public/Experiments/SM01/05-WMC/MU/MU_results/MUsbj008.csv","wait","5000","4","8","279630","278524"
"MU.osexp","C:\Users\Public\Experiments\SM01\05-WMC\MU","fixation.png","6","278523","C:/Users/Public/Experiments/SM01/05-WMC/MU/MU_results/MUsbj008.csv","fix","1500","4","8","284711","278524"
"MU.osexp","C:\Users\Public\Experiments\SM01\05-WMC\MU","Tr6_study1.png","6","278523","C:/Users/Public/Experiments/SM01/05-WMC/MU/MU_results/MUsbj008.csv","study","1000","4","8","286341","287343"
"MU.osexp","C:\Users\Public\Experiments\SM01\05-WMC\MU","Tr6_study2.png","6","278523","C:/Users/Public/Experiments/SM01/05-WMC/MU/MU_results/MUsbj008.csv","study","1000","4","8","287721","288723"
"MU.osexp","C:\Users\Public\Experiments\SM01\05-WMC\MU","Tr6_study3.png","6","278523","C:/Users/Public/Experiments/SM01/05-WMC/MU/MU_results/MUsbj008.csv","study","1000","4","8","289114","290116"
"MU.osexp","C:\Users\Public\Experiments\SM01\05-WMC\MU","Tr6_study4.png","6","278523","C:/Users/Public/Experiments/SM01/05-WMC/MU/MU_results/MUsbj008.csv","study","1000","4","8","290572","291574"
"MU.osexp","C:\Users\Public\Experiments\SM01\05-WMC\MU","Tr6_update1.png","6","278523","C:/Users/Public/Experiments/SM01/05-WMC/MU/MU_results/MUsbj008.csv","update","1300","4","8","291930","293232"
"MU.osexp","C:\Users\Public\Experiments\SM01\05-WMC\MU","Tr6_update2.png","6","278523","C:/Users/Public/Experiments/SM01/05-WMC/MU/MU_results/MUsbj008.csv","update","1300","4","8","293601","294904"
"MU.osexp","C:\Users\Public\Experiments\SM01\05-WMC\MU","Tr6_update3.png","6","278523","C:/Users/Public/Experiments/SM01/05-WMC/MU/MU_results/MUsbj008.csv","update","1300","4","8","295237","296539"
"MU.osexp","C:\Users\Public\Experiments\SM01\05-WMC\MU","Tr6_update4.png","6","278523","C:/Users/Public/Experiments/SM01/05-WMC/MU/MU_results/MUsbj008.csv","update","1300","4","8","296888","298190"
"MU.osexp","C:\Users\Public\Experiments\SM01\05-WMC\MU","Tr6_update5.png","6","278523","C:/Users/Public/Experiments/SM01/05-WMC/MU/MU_results/MUsbj008.csv","update","1300","4","8","298541","299843"
"MU.osexp","C:\Users\Public\Experiments\SM01\05-WMC\MU","Tr6_test1.png","6","305171","C:/Users/Public/Experiments/SM01/05-WMC/MU/MU_results/MUsbj008.csv","test","0","4","8","300182","305172"
"MU.osexp","C:\Users\Public\Experiments\SM01\05-WMC\MU","Tr6_test2.png","4","309131","C:/Users/Public/Experiments/SM01/05-WMC/MU/MU_results/MUsbj008.csv","test","0","4","8","306293","309132"
"MU.osexp","C:\Users\Public\Experiments\SM01\05-WMC\MU","Tr6_test3.png","6","315299","C:/Users/Public/Experiments/SM01/05-WMC/MU/MU_results/MUsbj008.csv","test","0","4","8","310258","315300"
"MU.osexp","C:\Users\Public\Experiments\SM01\05-WMC\MU","Tr6_test4.png","4","317523","C:/Users/Public/Experiments/SM01/05-WMC/MU/MU_results/MUsbj008.csv","test","0","4","8","316412","317524"
"MU.osexp","C:\Users\Public\Experiments\SM01\05-WMC\MU","wait.png","4","317523","C:/Users/Public/Experiments/SM01/05-WMC/MU/MU_results/MUsbj008.csv","wait","5000","5","8","318611","317524"
"MU.osexp","C:\Users\Public\Experiments\SM01\05-WMC\MU","fixation.png","4","317523","C:/Users/Public/Experiments/SM01/05-WMC/MU/MU_results/MUsbj008.csv","fix","1500","5","8","323730","317524"
"MU.osexp","C:\Users\Public\Experiments\SM01\05-WMC\MU","Tr7_study1.png","4","317523","C:/Users/Public/Experiments/SM01/05-WMC/MU/MU_results/MUsbj008.csv","study","1000","5","8","325324","326326"
"MU.osexp","C:\Users\Public\Experiments\SM01\05-WMC\MU","Tr7_study2.png","4","317523","C:/Users/Public/Experiments/SM01/05-WMC/MU/MU_results/MUsbj008.csv","study","1000","5","8","326654","327656"
"MU.osexp","C:\Users\Public\Experiments\SM01\05-WMC\MU","Tr7_study3.png","4","317523","C:/Users/Public/Experiments/SM01/05-WMC/MU/MU_results/MUsbj008.csv","study","1000","5","8","328022","329024"
"MU.osexp","C:\Users\Public\Experiments\SM01\05-WMC\MU","Tr7_study4.png","4","317523","C:/Users/Public/Experiments/SM01/05-WMC/MU/MU_results/MUsbj008.csv","study","1000","5","8","329375","330377"
"MU.osexp","C:\Users\Public\Experiments\SM01\05-WMC\MU","Tr7_study5.png","4","317523","C:/Users/Public/Experiments/SM01/05-WMC/MU/MU_results/MUsbj008.csv","study","1000","5","8","330730","331731"
"MU.osexp","C:\Users\Public\Experiments\SM01\05-WMC\MU","Tr7_update1.png","4","317523","C:/Users/Public/Experiments/SM01/05-WMC/MU/MU_results/MUsbj008.csv","update","1300","5","8","332088","333390"
"MU.osexp","C:\Users\Public\Experiments\SM01\05-WMC\MU","Tr7_update2.png","4","317523","C:/Users/Public/Experiments/SM01/05-WMC/MU/MU_results/MUsbj008.csv","update","1300","5","8","333811","335113"
"MU.osexp","C:\Users\Public\Experiments\SM01\05-WMC\MU","Tr7_update3.png","4","317523","C:/Users/Public/Experiments/SM01/05-WMC/MU/MU_results/MUsbj008.csv","update","1300","5","8","335481","336783"
"MU.osexp","C:\Users\Public\Experiments\SM01\05-WMC\MU","Tr7_update4.png","4","317523","C:/Users/Public/Experiments/SM01/05-WMC/MU/MU_results/MUsbj008.csv","update","1300","5","8","337148","338450"
"MU.osexp","C:\Users\Public\Experiments\SM01\05-WMC\MU","Tr7_update5.png","4","317523","C:/Users/Public/Experiments/SM01/05-WMC/MU/MU_results/MUsbj008.csv","update","1300","5","8","338794","340096"
"MU.osexp","C:\Users\Public\Experiments\SM01\05-WMC\MU","Tr7_test1.png","1","342498","C:/Users/Public/Experiments/SM01/05-WMC/MU/MU_results/MUsbj008.csv","test","0","5","8","340459","342499"
"MU.osexp","C:\Users\Public\Experiments\SM01\05-WMC\MU","Tr7_test2.png","3","345683","C:/Users/Public/Experiments/SM01/05-WMC/MU/MU_results/MUsbj008.csv","test","0","5","8","343620","345684"
"MU.osexp","C:\Users\Public\Experiments\SM01\05-WMC\MU","Tr7_test3.png","1","347803","C:/Users/Public/Experiments/SM01/05-WMC/MU/MU_results/MUsbj008.csv","test","0","5","8","346888","347804"
"MU.osexp","C:\Users\Public\Experiments\SM01\05-WMC\MU","Tr7_test4.png","6","351627","C:/Users/Public/Experiments/SM01/05-WMC/MU/MU_results/MUsbj008.csv","test","0","5","8","348901","351628"
"MU.osexp","C:\Users\Public\Experiments\SM01\05-WMC\MU","Tr7_test5.png","1","353443","C:/Users/Public/Experiments/SM01/05-WMC/MU/MU_results/MUsbj008.csv","test","0","5","8","352714","353444"
"MU.osexp","C:\Users\Public\Experiments\SM01\05-WMC\MU","wait.png","1","353443","C:/Users/Public/Experiments/SM01/05-WMC/MU/MU_results/MUsbj008.csv","wait","5000","4","8","354546","353444"
"MU.osexp","C:\Users\Public\Experiments\SM01\05-WMC\MU","fixation.png","1","353443","C:/Users/Public/Experiments/SM01/05-WMC/MU/MU_results/MUsbj008.csv","fix","1500","4","8","359645","353444"
"MU.osexp","C:\Users\Public\Experiments\SM01\05-WMC\MU","Tr8_study1.png","1","353443","C:/Users/Public/Experiments/SM01/05-WMC/MU/MU_results/MUsbj008.csv","study","1000","4","8","361261","362263"
"MU.osexp","C:\Users\Public\Experiments\SM01\05-WMC\MU","Tr8_study2.png","1","353443","C:/Users/Public/Experiments/SM01/05-WMC/MU/MU_results/MUsbj008.csv","study","1000","4","8","362592","363594"
"MU.osexp","C:\Users\Public\Experiments\SM01\05-WMC\MU","Tr8_study3.png","1","353443","C:/Users/Public/Experiments/SM01/05-WMC/MU/MU_results/MUsbj008.csv","study","1000","4","8","363961","364963"
"MU.osexp","C:\Users\Public\Experiments\SM01\05-WMC\MU","Tr8_study4.png","1","353443","C:/Users/Public/Experiments/SM01/05-WMC/MU/MU_results/MUsbj008.csv","study","1000","4","8","365324","366326"
"MU.osexp","C:\Users\Public\Experiments\SM01\05-WMC\MU","Tr8_update1.png","1","353443","C:/Users/Public/Experiments/SM01/05-WMC/MU/MU_results/MUsbj008.csv","update","1300","4","8","366688","367990"
"MU.osexp","C:\Users\Public\Experiments\SM01\05-WMC\MU","Tr8_update2.png","1","353443","C:/Users/Public/Experiments/SM01/05-WMC/MU/MU_results/MUsbj008.csv","update","1300","4","8","368349","369651"
"MU.osexp","C:\Users\Public\Experiments\SM01\05-WMC\MU","Tr8_update3.png","1","353443","C:/Users/Public/Experiments/SM01/05-WMC/MU/MU_results/MUsbj008.csv","update","1300","4","8","370020","371322"
"MU.osexp","C:\Users\Public\Experiments\SM01\05-WMC\MU","Tr8_test1.png","7","375147","C:/Users/Public/Experiments/SM01/05-WMC/MU/MU_results/MUsbj008.csv","test","0","4","8","371670","375148"
"MU.osexp","C:\Users\Public\Experiments\SM01\05-WMC\MU","Tr8_test2.png","4","379675","C:/Users/Public/Experiments/SM01/05-WMC/MU/MU_results/MUsbj008.csv","test","0","4","8","376266","379676"
"MU.osexp","C:\Users\Public\Experiments\SM01\05-WMC\MU","Tr8_test3.png","9","382811","C:/Users/Public/Experiments/SM01/05-WMC/MU/MU_results/MUsbj008.csv","test","0","4","8","380784","382812"
"MU.osexp","C:\Users\Public\Experiments\SM01\05-WMC\MU","Tr8_test4.png","7","385003","C:/Users/Public/Experiments/SM01/05-WMC/MU/MU_results/MUsbj008.csv","test","0","4","8","383932","385004"
"MU.osexp","C:\Users\Public\Experiments\SM01\05-WMC\MU","wait.png","7","385003","C:/Users/Public/Experiments/SM01/05-WMC/MU/MU_results/MUsbj008.csv","wait","5000","5","8","386103","385004"
"MU.osexp","C:\Users\Public\Experiments\SM01\05-WMC\MU","fixation.png","7","385003","C:/Users/Public/Experiments/SM01/05-WMC/MU/MU_results/MUsbj008.csv","fix","1500","5","8","391220","385004"
"MU.osexp","C:\Users\Public\Experiments\SM01\05-WMC\MU","Tr9_study1.png","7","385003","C:/Users/Public/Experiments/SM01/05-WMC/MU/MU_results/MUsbj008.csv","study","1000","5","8","392911","393913"
"MU.osexp","C:\Users\Public\Experiments\SM01\05-WMC\MU","Tr9_study2.png","7","385003","C:/Users/Public/Experiments/SM01/05-WMC/MU/MU_results/MUsbj008.csv","study","1000","5","8","394275","395277"
"MU.osexp","C:\Users\Public\Experiments\SM01\05-WMC\MU","Tr9_study3.png","7","385003","C:/Users/Public/Experiments/SM01/05-WMC/MU/MU_results/MUsbj008.csv","study","1000","5","8","395634","396636"
"MU.osexp","C:\Users\Public\Experiments\SM01\05-WMC\MU","Tr9_study4.png","7","385003","C:/Users/Public/Experiments/SM01/05-WMC/MU/MU_results/MUsbj008.csv","study","1000","5","8","396991","397993"
"MU.osexp","C:\Users\Public\Experiments\SM01\05-WMC\MU","Tr9_study5.png","7","385003","C:/Users/Public/Experiments/SM01/05-WMC/MU/MU_results/MUsbj008.csv","study","1000","5","8","398354","399356"
"MU.osexp","C:\Users\Public\Experiments\SM01\05-WMC\MU","Tr9_update1.png","7","385003","C:/Users/Public/Experiments/SM01/05-WMC/MU/MU_results/MUsbj008.csv","update","1300","5","8","399711","401013"
"MU.osexp","C:\Users\Public\Experiments\SM01\05-WMC\MU","Tr9_update2.png","7","385003","C:/Users/Public/Experiments/SM01/05-WMC/MU/MU_results/MUsbj008.csv","update","1300","5","8","401376","402678"
"MU.osexp","C:\Users\Public\Experiments\SM01\05-WMC\MU","Tr9_test1.png","4","405571","C:/Users/Public/Experiments/SM01/05-WMC/MU/MU_results/MUsbj008.csv","test","0","5","8","403042","405572"
"MU.osexp","C:\Users\Public\Experiments\SM01\05-WMC\MU","Tr9_test2.png","1","409467","C:/Users/Public/Experiments/SM01/05-WMC/MU/MU_results/MUsbj008.csv","test","0","5","8","406674","409468"
"MU.osexp","C:\Users\Public\Experiments\SM01\05-WMC\MU","Tr9_test3.png","6","412019","C:/Users/Public/Experiments/SM01/05-WMC/MU/MU_results/MUsbj008.csv","test","0","5","8","410581","412020"
"MU.osexp","C:\Users\Public\Experiments\SM01\05-WMC\MU","Tr9_test4.png","5","413491","C:/Users/Public/Experiments/SM01/05-WMC/MU/MU_results/MUsbj008.csv","test","0","5","8","413136","413492"
"MU.osexp","C:\Users\Public\Experiments\SM01\05-WMC\MU","Tr9_test5.png","9","419507","C:/Users/Public/Experiments/SM01/05-WMC/MU/MU_results/MUsbj008.csv","test","0","5","8","414599","419508"
"MU.osexp","C:\Users\Public\Experiments\SM01\05-WMC\MU","wait.png","9","419507","C:/Users/Public/Experiments/SM01/05-WMC/MU/MU_results/MUsbj008.csv","wait","5000","3","8","420630","419508"
"MU.osexp","C:\Users\Public\Experiments\SM01\05-WMC\MU","fixation.png","9","419507","C:/Users/Public/Experiments/SM01/05-WMC/MU/MU_results/MUsbj008.csv","fix","1500","3","8","425759","419508"
"MU.osexp","C:\Users\Public\Experiments\SM01\05-WMC\MU","Tr10_study1.png","9","419507","C:/Users/Public/Experiments/SM01/05-WMC/MU/MU_results/MUsbj008.csv","study","1000","3","8","427372","428374"
"MU.osexp","C:\Users\Public\Experiments\SM01\05-WMC\MU","Tr10_study2.png","9","419507","C:/Users/Public/Experiments/SM01/05-WMC/MU/MU_results/MUsbj008.csv","study","1000","3","8","428850","429852"
"MU.osexp","C:\Users\Public\Experiments\SM01\05-WMC\MU","Tr10_study3.png","9","419507","C:/Users/Public/Experiments/SM01/05-WMC/MU/MU_results/MUsbj008.csv","study","1000","3","8","430195","431197"
"MU.osexp","C:\Users\Public\Experiments\SM01\05-WMC\MU","Tr10_update1.png","9","419507","C:/Users/Public/Experiments/SM01/05-WMC/MU/MU_results/MUsbj008.csv","update","1300","3","8","431556","432858"
"MU.osexp","C:\Users\Public\Experiments\SM01\05-WMC\MU","Tr10_update2.png","9","419507","C:/Users/Public/Experiments/SM01/05-WMC/MU/MU_results/MUsbj008.csv","update","1300","3","8","433223","434525"
"MU.osexp","C:\Users\Public\Experiments\SM01\05-WMC\MU","Tr10_test1.png","5","436547","C:/Users/Public/Experiments/SM01/05-WMC/MU/MU_results/MUsbj008.csv","test","0","3","8","434899","436548"
"MU.osexp","C:\Users\Public\Experiments\SM01\05-WMC\MU","Tr10_test2.png","7","440339","C:/Users/Public/Experiments/SM01/05-WMC/MU/MU_results/MUsbj008.csv","test","0","3","8","437670","440340"
"MU.osexp","C:\Users\Public\Experiments\SM01\05-WMC\MU","Tr10_test3.png","5","443427","C:/Users/Public/Experiments/SM01/05-WMC/MU/MU_results/MUsbj008.csv","test","0","3","8","441477","443428"
"MU.osexp","C:\Users\Public\Experiments\SM01\05-WMC\MU","wait.png","5","443427","C:/Users/Public/Experiments/SM01/05-WMC/MU/MU_results/MUsbj008.csv","wait","5000","5","8","444527","443428"
"MU.osexp","C:\Users\Public\Experiments\SM01\05-WMC\MU","fixation.png","5","443427","C:/Users/Public/Experiments/SM01/05-WMC/MU/MU_results/MUsbj008.csv","fix","1500","5","8","449642","443428"
"MU.osexp","C:\Users\Public\Experiments\SM01\05-WMC\MU","Tr11_study1.png","5","443427","C:/Users/Public/Experiments/SM01/05-WMC/MU/MU_results/MUsbj008.csv","study","1000","5","8","451266","452268"
"MU.osexp","C:\Users\Public\Experiments\SM01\05-WMC\MU","Tr11_study2.png","5","443427","C:/Users/Public/Experiments/SM01/05-WMC/MU/MU_results/MUsbj008.csv","study","1000","5","8","452633","453635"
"MU.osexp","C:\Users\Public\Experiments\SM01\05-WMC\MU","Tr11_study3.png","5","443427","C:/Users/Public/Experiments/SM01/05-WMC/MU/MU_results/MUsbj008.csv","study","1000","5","8","453990","454992"
"MU.osexp","C:\Users\Public\Experiments\SM01\05-WMC\MU","Tr11_study4.png","5","443427","C:/Users/Public/Experiments/SM01/05-WMC/MU/MU_results/MUsbj008.csv","study","1000","5","8","455369","456371"
"MU.osexp","C:\Users\Public\Experiments\SM01\05-WMC\MU","Tr11_study5.png","5","443427","C:/Users/Public/Experiments/SM01/05-WMC/MU/MU_results/MUsbj008.csv","study","1000","5","8","456696","457698"
"MU.osexp","C:\Users\Public\Experiments\SM01\05-WMC\MU","Tr11_update1.png","5","443427","C:/Users/Public/Experiments/SM01/05-WMC/MU/MU_results/MUsbj008.csv","update","1300","5","8","458063","459365"
"MU.osexp","C:\Users\Public\Experiments\SM01\05-WMC\MU","Tr11_update2.png","5","443427","C:/Users/Public/Experiments/SM01/05-WMC/MU/MU_results/MUsbj008.csv","update","1300","5","8","459701","461003"
"MU.osexp","C:\Users\Public\Experiments\SM01\05-WMC\MU","Tr11_update3.png","5","443427","C:/Users/Public/Experiments/SM01/05-WMC/MU/MU_results/MUsbj008.csv","update","1300","5","8","461363","462665"
"MU.osexp","C:\Users\Public\Experiments\SM01\05-WMC\MU","Tr11_test1.png","1","465043","C:/Users/Public/Experiments/SM01/05-WMC/MU/MU_results/MUsbj008.csv","test","0","5","8","463021","465044"
"MU.osexp","C:\Users\Public\Experiments\SM01\05-WMC\MU","Tr11_test2.png","7","468643","C:/Users/Public/Experiments/SM01/05-WMC/MU/MU_results/MUsbj008.csv","test","0","5","8","466161","468644"
"MU.osexp","C:\Users\Public\Experiments\SM01\05-WMC\MU","Tr11_test3.png","2","471275","C:/Users/Public/Experiments/SM01/05-WMC/MU/MU_results/MUsbj008.csv","test","0","5","8","469866","471276"
"MU.osexp","C:\Users\Public\Experiments\SM01\05-WMC\MU","Tr11_test4.png","6","476043","C:/Users/Public/Experiments/SM01/05-WMC/MU/MU_results/MUsbj008.csv","test","0","5","8","472384","476044"
"MU.osexp","C:\Users\Public\Experiments\SM01\05-WMC\MU","Tr11_test5.png","5","477875","C:/Users/Public/Experiments/SM01/05-WMC/MU/MU_results/MUsbj008.csv","test","0","5","8","477152","477876"
"MU.osexp","C:\Users\Public\Experiments\SM01\05-WMC\MU","wait.png","5","477875","C:/Users/Public/Experiments/SM01/05-WMC/MU/MU_results/MUsbj008.csv","wait","5000","3","8","478985","477876"
"MU.osexp","C:\Users\Public\Experiments\SM01\05-WMC\MU","fixation.png","5","477875","C:/Users/Public/Experiments/SM01/05-WMC/MU/MU_results/MUsbj008.csv","fix","1500","3","8","484108","477876"
"MU.osexp","C:\Users\Public\Experiments\SM01\05-WMC\MU","Tr12_study1.png","5","477875","C:/Users/Public/Experiments/SM01/05-WMC/MU/MU_results/MUsbj008.csv","study","1000","3","8","485729","486730"
"MU.osexp","C:\Users\Public\Experiments\SM01\05-WMC\MU","Tr12_study2.png","5","477875","C:/Users/Public/Experiments/SM01/05-WMC/MU/MU_results/MUsbj008.csv","study","1000","3","8","487127","488129"
"MU.osexp","C:\Users\Public\Experiments\SM01\05-WMC\MU","Tr12_study3.png","5","477875","C:/Users/Public/Experiments/SM01/05-WMC/MU/MU_results/MUsbj008.csv","study","1000","3","8","488488","489490"
"MU.osexp","C:\Users\Public\Experiments\SM01\05-WMC\MU","Tr12_update1.png","5","477875","C:/Users/Public/Experiments/SM01/05-WMC/MU/MU_results/MUsbj008.csv","update","1300","3","8","489828","491130"
"MU.osexp","C:\Users\Public\Experiments\SM01\05-WMC\MU","Tr12_update2.png","5","477875","C:/Users/Public/Experiments/SM01/05-WMC/MU/MU_results/MUsbj008.csv","update","1300","3","8","491494","492796"
"MU.osexp","C:\Users\Public\Experiments\SM01\05-WMC\MU","Tr12_update3.png","5","477875","C:/Users/Public/Experiments/SM01/05-WMC/MU/MU_results/MUsbj008.csv","update","1300","3","8","493167","494468"
"MU.osexp","C:\Users\Public\Experiments\SM01\05-WMC\MU","Tr12_update4.png","5","477875","C:/Users/Public/Experiments/SM01/05-WMC/MU/MU_results/MUsbj008.csv","update","1300","3","8","494802","496104"
"MU.osexp","C:\Users\Public\Experiments\SM01\05-WMC\MU","Tr12_update5.png","5","477875","C:/Users/Public/Experiments/SM01/05-WMC/MU/MU_results/MUsbj008.csv","update","1300","3","8","496477","497779"
"MU.osexp","C:\Users\Public\Experiments\SM01\05-WMC\MU","Tr12_test1.png","4","499411","C:/Users/Public/Experiments/SM01/05-WMC/MU/MU_results/MUsbj008.csv","test","0","3","8","498128","499412"
"MU.osexp","C:\Users\Public\Experiments\SM01\05-WMC\MU","Tr12_test2.png","6","502891","C:/Users/Public/Experiments/SM01/05-WMC/MU/MU_results/MUsbj008.csv","test","0","3","8","500612","502892"
"MU.osexp","C:\Users\Public\Experiments\SM01\05-WMC\MU","Tr12_test3.png","5","506459","C:/Users/Public/Experiments/SM01/05-WMC/MU/MU_results/MUsbj008.csv","test","0","3","8","503999","506460"
"MU.osexp","C:\Users\Public\Experiments\SM01\05-WMC\MU","wait.png","5","506459","C:/Users/Public/Experiments/SM01/05-WMC/MU/MU_results/MUsbj008.csv","wait","5000","3","8","507571","506460"
"MU.osexp","C:\Users\Public\Experiments\SM01\05-WMC\MU","fixation.png","5","506459","C:/Users/Public/Experiments/SM01/05-WMC/MU/MU_results/MUsbj008.csv","fix","1500","3","8","512679","506460"
"MU.osexp","C:\Users\Public\Experiments\SM01\05-WMC\MU","Tr13_study1.png","5","506459","C:/Users/Public/Experiments/SM01/05-WMC/MU/MU_results/MUsbj008.csv","study","1000","3","8","514290","515292"
"MU.osexp","C:\Users\Public\Experiments\SM01\05-WMC\MU","Tr13_study2.png","5","506459","C:/Users/Public/Experiments/SM01/05-WMC/MU/MU_results/MUsbj008.csv","study","1000","3","8","515641","516643"
"MU.osexp","C:\Users\Public\Experiments\SM01\05-WMC\MU","Tr13_study3.png","5","506459","C:/Users/Public/Experiments/SM01/05-WMC/MU/MU_results/MUsbj008.csv","study","1000","3","8","516973","517975"
"MU.osexp","C:\Users\Public\Experiments\SM01\05-WMC\MU","Tr13_update1.png","5","506459","C:/Users/Public/Experiments/SM01/05-WMC/MU/MU_results/MUsbj008.csv","update","1300","3","8","518335","519637"
"MU.osexp","C:\Users\Public\Experiments\SM01\05-WMC\MU","Tr13_update2.png","5","506459","C:/Users/Public/Experiments/SM01/05-WMC/MU/MU_results/MUsbj008.csv","update","1300","3","8","519996","521298"
"MU.osexp","C:\Users\Public\Experiments\SM01\05-WMC\MU","Tr13_update3.png","5","506459","C:/Users/Public/Experiments/SM01/05-WMC/MU/MU_results/MUsbj008.csv","update","1300","3","8","521649","522951"
"MU.osexp","C:\Users\Public\Experiments\SM01\05-WMC\MU","Tr13_update4.png","5","506459","C:/Users/Public/Experiments/SM01/05-WMC/MU/MU_results/MUsbj008.csv","update","1300","3","8","523310","524612"
"MU.osexp","C:\Users\Public\Experiments\SM01\05-WMC\MU","Tr13_test1.png","3","528875","C:/Users/Public/Experiments/SM01/05-WMC/MU/MU_results/MUsbj008.csv","test","0","3","8","524956","528876"
"MU.osexp","C:\Users\Public\Experiments\SM01\05-WMC\MU","Tr13_test2.png","6","531699","C:/Users/Public/Experiments/SM01/05-WMC/MU/MU_results/MUsbj008.csv","test","0","3","8","530000","531700"
"MU.osexp","C:\Users\Public\Experiments\SM01\05-WMC\MU","Tr13_test3.png","2","533787","C:/Users/Public/Experiments/SM01/05-WMC/MU/MU_results/MUsbj008.csv","test","0","3","8","532807","533788"
"MU.osexp","C:\Users\Public\Experiments\SM01\05-WMC\MU","wait.png","2","533787","C:/Users/Public/Experiments/SM01/05-WMC/MU/MU_results/MUsbj008.csv","wait","5000","5","8","534875","533788"
"MU.osexp","C:\Users\Public\Experiments\SM01\05-WMC\MU","fixation.png","2","533787","C:/Users/Public/Experiments/SM01/05-WMC/MU/MU_results/MUsbj008.csv","fix","1500","5","8","539978","533788"
"MU.osexp","C:\Users\Public\Experiments\SM01\05-WMC\MU","Tr14_study1.png","2","533787","C:/Users/Public/Experiments/SM01/05-WMC/MU/MU_results/MUsbj008.csv","study","1000","5","8","541620","542622"
"MU.osexp","C:\Users\Public\Experiments\SM01\05-WMC\MU","Tr14_study2.png","2","533787","C:/Users/Public/Experiments/SM01/05-WMC/MU/MU_results/MUsbj008.csv","study","1000","5","8","542974","543976"
"MU.osexp","C:\Users\Public\Experiments\SM01\05-WMC\MU","Tr14_study3.png","2","533787","C:/Users/Public/Experiments/SM01/05-WMC/MU/MU_results/MUsbj008.csv","study","1000","5","8","544342","545344"
"MU.osexp","C:\Users\Public\Experiments\SM01\05-WMC\MU","Tr14_study4.png","2","533787","C:/Users/Public/Experiments/SM01/05-WMC/MU/MU_results/MUsbj008.csv","study","1000","5","8","545786","546788"
"MU.osexp","C:\Users\Public\Experiments\SM01\05-WMC\MU","Tr14_study5.png","2","533787","C:/Users/Public/Experiments/SM01/05-WMC/MU/MU_results/MUsbj008.csv","study","1000","5","8","547269","548271"
"MU.osexp","C:\Users\Public\Experiments\SM01\05-WMC\MU","Tr14_update1.png","2","533787","C:/Users/Public/Experiments/SM01/05-WMC/MU/MU_results/MUsbj008.csv","update","1300","5","8","548632","549934"
"MU.osexp","C:\Users\Public\Experiments\SM01\05-WMC\MU","Tr14_update2.png","2","533787","C:/Users/Public/Experiments/SM01/05-WMC/MU/MU_results/MUsbj008.csv","update","1300","5","8","550289","551590"
"MU.osexp","C:\Users\Public\Experiments\SM01\05-WMC\MU","Tr14_update3.png","2","533787","C:/Users/Public/Experiments/SM01/05-WMC/MU/MU_results/MUsbj008.csv","update","1300","5","8","551949","553251"
"MU.osexp","C:\Users\Public\Experiments\SM01\05-WMC\MU","Tr14_update4.png","2","533787","C:/Users/Public/Experiments/SM01/05-WMC/MU/MU_results/MUsbj008.csv","update","1300","5","8","553600","554902"
"MU.osexp","C:\Users\Public\Experiments\SM01\05-WMC\MU","Tr14_test1.png","8","559259","C:/Users/Public/Experiments/SM01/05-WMC/MU/MU_results/MUsbj008.csv","test","0","5","8","555301","559260"
"MU.osexp","C:\Users\Public\Experiments\SM01\05-WMC\MU","Tr14_test2.png","4","563443","C:/Users/Public/Experiments/SM01/05-WMC/MU/MU_results/MUsbj008.csv","test","0","5","8","560355","563444"
"MU.osexp","C:\Users\Public\Experiments\SM01\05-WMC\MU","Tr14_test3.png","8","565611","C:/Users/Public/Experiments/SM01/05-WMC/MU/MU_results/MUsbj008.csv","test","0","5","8","564518","565612"
"MU.osexp","C:\Users\Public\Experiments\SM01\05-WMC\MU","Tr14_test4.png","5","568587","C:/Users/Public/Experiments/SM01/05-WMC/MU/MU_results/MUsbj008.csv","test","0","5","8","566705","568588"
"MU.osexp","C:\Users\Public\Experiments\SM01\05-WMC\MU","Tr14_test5.png","2","570324","C:/Users/Public/Experiments/SM01/05-WMC/MU/MU_results/MUsbj008.csv","test","0","5","8","569690","570325"
"MU.osexp","C:\Users\Public\Experiments\SM01\05-WMC\MU","wait.png","2","570324","C:/Users/Public/Experiments/SM01/05-WMC/MU/MU_results/MUsbj008.csv","wait","5000","4","8","571440","570325"
"MU.osexp","C:\Users\Public\Experiments\SM01\05-WMC\MU","fixation.png","2","570324","C:/Users/Public/Experiments/SM01/05-WMC/MU/MU_results/MUsbj008.csv","fix","1500","4","8","576554","570325"
"MU.osexp","C:\Users\Public\Experiments\SM01\05-WMC\MU","Tr15_study1.png","2","570324","C:/Users/Public/Experiments/SM01/05-WMC/MU/MU_results/MUsbj008.csv","study","1000","4","8","578188","579190"
"MU.osexp","C:\Users\Public\Experiments\SM01\05-WMC\MU","Tr15_study2.png","2","570324","C:/Users/Public/Experiments/SM01/05-WMC/MU/MU_results/MUsbj008.csv","study","1000","4","8","579539","580541"
"MU.osexp","C:\Users\Public\Experiments\SM01\05-WMC\MU","Tr15_study3.png","2","570324","C:/Users/Public/Experiments/SM01/05-WMC/MU/MU_results/MUsbj008.csv","study","1000","4","8","580904","581906"
"MU.osexp","C:\Users\Public\Experiments\SM01\05-WMC\MU","Tr15_study4.png","2","570324","C:/Users/Public/Experiments/SM01/05-WMC/MU/MU_results/MUsbj008.csv","study","1000","4","8","582243","583246"
"MU.osexp","C:\Users\Public\Experiments\SM01\05-WMC\MU","Tr15_update1.png","2","570324","C:/Users/Public/Experiments/SM01/05-WMC/MU/MU_results/MUsbj008.csv","update","1300","4","8","583588","584890"
"MU.osexp","C:\Users\Public\Experiments\SM01\05-WMC\MU","Tr15_update2.png","2","570324","C:/Users/Public/Experiments/SM01/05-WMC/MU/MU_results/MUsbj008.csv","update","1300","4","8","585240","586542"
"MU.osexp","C:\Users\Public\Experiments\SM01\05-WMC\MU","Tr15_update3.png","2","570324","C:/Users/Public/Experiments/SM01/05-WMC/MU/MU_results/MUsbj008.csv","update","1300","4","8","586890","588192"
"MU.osexp","C:\Users\Public\Experiments\SM01\05-WMC\MU","Tr15_update4.png","2","570324","C:/Users/Public/Experiments/SM01/05-WMC/MU/MU_results/MUsbj008.csv","update","1300","4","8","588550","589852"
"MU.osexp","C:\Users\Public\Experiments\SM01\05-WMC\MU","Tr15_update5.png","2","570324","C:/Users/Public/Experiments/SM01/05-WMC/MU/MU_results/MUsbj008.csv","update","1300","4","8","590221","591523"
"MU.osexp","C:\Users\Public\Experiments\SM01\05-WMC\MU","Tr15_update6.png","2","570324","C:/Users/Public/Experiments/SM01/05-WMC/MU/MU_results/MUsbj008.csv","update","1300","4","8","591871","593173"
"MU.osexp","C:\Users\Public\Experiments\SM01\05-WMC\MU","Tr15_test1.png","9","595371","C:/Users/Public/Experiments/SM01/05-WMC/MU/MU_results/MUsbj008.csv","test","0","4","8","593520","595372"
"MU.osexp","C:\Users\Public\Experiments\SM01\05-WMC\MU","Tr15_test2.png","4","597923","C:/Users/Public/Experiments/SM01/05-WMC/MU/MU_results/MUsbj008.csv","test","0","4","8","596484","597924"
"MU.osexp","C:\Users\Public\Experiments\SM01\05-WMC\MU","Tr15_test3.png","8","600075","C:/Users/Public/Experiments/SM01/05-WMC/MU/MU_results/MUsbj008.csv","test","0","4","8","599008","600076"
"MU.osexp","C:\Users\Public\Experiments\SM01\05-WMC\MU","Tr15_test4.png","6","602387","C:/Users/Public/Experiments/SM01/05-WMC/MU/MU_results/MUsbj008.csv","test","0","4","8","601193","602388"
"MU.osexp","C:\Users\Public\Experiments\SM01\05-WMC\MU","wait.png","6","602387","C:/Users/Public/Experiments/SM01/05-WMC/MU/MU_results/MUsbj008.csv","wait","5000","4","8","603489","602388"
"MU.osexp","C:\Users\Public\Experiments\SM01\05-WMC\MU","fixation.png","6","602387","C:/Users/Public/Experiments/SM01/05-WMC/MU/MU_results/MUsbj008.csv","fix","1500","4","8","608570","602388"
"MU.osexp","C:\Users\Public\Experiments\SM01\05-WMC\MU","Tr16_study1.png","6","602387","C:/Users/Public/Experiments/SM01/05-WMC/MU/MU_results/MUsbj008.csv","study","1000","4","8","610199","611201"
"MU.osexp","C:\Users\Public\Experiments\SM01\05-WMC\MU","Tr16_study2.png","6","602387","C:/Users/Public/Experiments/SM01/05-WMC/MU/MU_results/MUsbj008.csv","study","1000","4","8","611560","612562"
"MU.osexp","C:\Users\Public\Experiments\SM01\05-WMC\MU","Tr16_study3.png","6","602387","C:/Users/Public/Experiments/SM01/05-WMC/MU/MU_results/MUsbj008.csv","study","1000","4","8","613047","614049"
"MU.osexp","C:\Users\Public\Experiments\SM01\05-WMC\MU","Tr16_study4.png","6","602387","C:/Users/Public/Experiments/SM01/05-WMC/MU/MU_results/MUsbj008.csv","study","1000","4","8","614415","615417"
"MU.osexp","C:\Users\Public\Experiments\SM01\05-WMC\MU","Tr16_update1.png","6","602387","C:/Users/Public/Experiments/SM01/05-WMC/MU/MU_results/MUsbj008.csv","update","1300","4","8","615780","617082"
"MU.osexp","C:\Users\Public\Experiments\SM01\05-WMC\MU","Tr16_update2.png","6","602387","C:/Users/Public/Experiments/SM01/05-WMC/MU/MU_results/MUsbj008.csv","update","1300","4","8","617458","618760"
"MU.osexp","C:\Users\Public\Experiments\SM01\05-WMC\MU","Tr16_test1.png","9","624100","C:/Users/Public/Experiments/SM01/05-WMC/MU/MU_results/MUsbj008.csv","test","0","4","8","619137","624100"
"MU.osexp","C:\Users\Public\Experiments\SM01\05-WMC\MU","Tr16_test2.png","6","626595","C:/Users/Public/Experiments/SM01/05-WMC/MU/MU_results/MUsbj008.csv","test","0","4","8","625206","626596"
"MU.osexp","C:\Users\Public\Experiments\SM01\05-WMC\MU","Tr16_test3.png","9","630019","C:/Users/Public/Experiments/SM01/05-WMC/MU/MU_results/MUsbj008.csv","test","0","4","8","627713","630020"
"MU.osexp","C:\Users\Public\Experiments\SM01\05-WMC\MU","Tr16_test4.png","7","631571","C:/Users/Public/Experiments/SM01/05-WMC/MU/MU_results/MUsbj008.csv","test","0","4","8","631114","631572"
"MU.osexp","C:\Users\Public\Experiments\SM01\05-WMC\MU","wait.png","7","631571","C:/Users/Public/Experiments/SM01/05-WMC/MU/MU_results/MUsbj008.csv","wait","5000","5","8","632698","631572"
"MU.osexp","C:\Users\Public\Experiments\SM01\05-WMC\MU","fixation.png","7","631571","C:/Users/Public/Experiments/SM01/05-WMC/MU/MU_results/MUsbj008.csv","fix","1500","5","8","637812","631572"
"MU.osexp","C:\Users\Public\Experiments\SM01\05-WMC\MU","Tr17_study1.png","7","631571","C:/Users/Public/Experiments/SM01/05-WMC/MU/MU_results/MUsbj008.csv","study","1000","5","8","639421","640423"
"MU.osexp","C:\Users\Public\Experiments\SM01\05-WMC\MU","Tr17_study2.png","7","631571","C:/Users/Public/Experiments/SM01/05-WMC/MU/MU_results/MUsbj008.csv","study","1000","5","8","640792","641794"
"MU.osexp","C:\Users\Public\Experiments\SM01\05-WMC\MU","Tr17_study3.png","7","631571","C:/Users/Public/Experiments/SM01/05-WMC/MU/MU_results/MUsbj008.csv","study","1000","5","8","642154","643156"
"MU.osexp","C:\Users\Public\Experiments\SM01\05-WMC\MU","Tr17_study4.png","7","631571","C:/Users/Public/Experiments/SM01/05-WMC/MU/MU_results/MUsbj008.csv","study","1000","5","8","643503","644505"
"MU.osexp","C:\Users\Public\Experiments\SM01\05-WMC\MU","Tr17_study5.png","7","631571","C:/Users/Public/Experiments/SM01/05-WMC/MU/MU_results/MUsbj008.csv","study","1000","5","8","644829","645831"
"MU.osexp","C:\Users\Public\Experiments\SM01\05-WMC\MU","Tr17_update1.png","7","631571","C:/Users/Public/Experiments/SM01/05-WMC/MU/MU_results/MUsbj008.csv","update","1300","5","8","646186","647488"
"MU.osexp","C:\Users\Public\Experiments\SM01\05-WMC\MU","Tr17_update2.png","7","631571","C:/Users/Public/Experiments/SM01/05-WMC/MU/MU_results/MUsbj008.csv","update","1300","5","8","647844","649146"
"MU.osexp","C:\Users\Public\Experiments\SM01\05-WMC\MU","Tr17_update3.png","7","631571","C:/Users/Public/Experiments/SM01/05-WMC/MU/MU_results/MUsbj008.csv","update","1300","5","8","649512","650814"
"MU.osexp","C:\Users\Public\Experiments\SM01\05-WMC\MU","Tr17_update4.png","7","631571","C:/Users/Public/Experiments/SM01/05-WMC/MU/MU_results/MUsbj008.csv","update","1300","5","8","651179","652481"
"MU.osexp","C:\Users\Public\Experiments\SM01\05-WMC\MU","Tr17_update5.png","7","631571","C:/Users/Public/Experiments/SM01/05-WMC/MU/MU_results/MUsbj008.csv","update","1300","5","8","652845","654147"
"MU.osexp","C:\Users\Public\Experiments\SM01\05-WMC\MU","Tr17_update6.png","7","631571","C:/Users/Public/Experiments/SM01/05-WMC/MU/MU_results/MUsbj008.csv","update","1300","5","8","654506","655809"
"MU.osexp","C:\Users\Public\Experiments\SM01\05-WMC\MU","Tr17_test1.png","7","658284","C:/Users/Public/Experiments/SM01/05-WMC/MU/MU_results/MUsbj008.csv","test","0","5","8","656216","658285"
"MU.osexp","C:\Users\Public\Experiments\SM01\05-WMC\MU","Tr17_test2.png","6","661531","C:/Users/Public/Experiments/SM01/05-WMC/MU/MU_results/MUsbj008.csv","test","0","5","8","659423","661532"
"MU.osexp","C:\Users\Public\Experiments\SM01\05-WMC\MU","Tr17_test3.png","5","664691","C:/Users/Public/Experiments/SM01/05-WMC/MU/MU_results/MUsbj008.csv","test","0","5","8","662616","664692"
"MU.osexp","C:\Users\Public\Experiments\SM01\05-WMC\MU","Tr17_test4.png","5","666083","C:/Users/Public/Experiments/SM01/05-WMC/MU/MU_results/MUsbj008.csv","test","0","5","8","665795","666084"
"MU.osexp","C:\Users\Public\Experiments\SM01\05-WMC\MU","Tr17_test5.png","1","668171","C:/Users/Public/Experiments/SM01/05-WMC/MU/MU_results/MUsbj008.csv","test","0","5","8","667192","668172"
