"experiment_file","experiment_path","image","key","key_time","logfile","phase","playtime","setSize","subject_nr","timestamp","waittime"
"MU.osexp","C:\Users\Public\Experiments\IDs\05-WMC\MU","ready1.png","NA","NA","C:/Users/Public/Experiments/IDs/05-WMC/MU/MU_SM01_results/MUsbj026.csv","pre","0","3","26","112441","NA"
"MU.osexp","C:\Users\Public\Experiments\IDs\05-WMC\MU","fixation.png","NA","NA","C:/Users/Public/Experiments/IDs/05-WMC/MU/MU_SM01_results/MUsbj026.csv","fix","1500","3","26","114486","NA"
"MU.osexp","C:\Users\Public\Experiments\IDs\05-WMC\MU","Tr1_study1.png","NA","NA","C:/Users/Public/Experiments/IDs/05-WMC/MU/MU_SM01_results/MUsbj026.csv","study","1000","3","26","116115","117116"
"MU.osexp","C:\Users\Public\Experiments\IDs\05-WMC\MU","Tr1_study2.png","NA","NA","C:/Users/Public/Experiments/IDs/05-WMC/MU/MU_SM01_results/MUsbj026.csv","study","1000","3","26","117499","118501"
"MU.osexp","C:\Users\Public\Experiments\IDs\05-WMC\MU","Tr1_study3.png","NA","NA","C:/Users/Public/Experiments/IDs/05-WMC/MU/MU_SM01_results/MUsbj026.csv","study","1000","3","26","118993","119995"
"MU.osexp","C:\Users\Public\Experiments\IDs\05-WMC\MU","Tr1_update1.png","NA","NA","C:/Users/Public/Experiments/IDs/05-WMC/MU/MU_SM01_results/MUsbj026.csv","update","1300","3","26","120365","121667"
"MU.osexp","C:\Users\Public\Experiments\IDs\05-WMC\MU","Tr1_update2.png","NA","NA","C:/Users/Public/Experiments/IDs/05-WMC/MU/MU_SM01_results/MUsbj026.csv","update","1300","3","26","122026","123328"
"MU.osexp","C:\Users\Public\Experiments\IDs\05-WMC\MU","Tr1_update3.png","NA","NA","C:/Users/Public/Experiments/IDs/05-WMC/MU/MU_SM01_results/MUsbj026.csv","update","1300","3","26","123975","125277"
"MU.osexp","C:\Users\Public\Experiments\IDs\05-WMC\MU","Tr1_test1.png","5","158976","C:/Users/Public/Experiments/IDs/05-WMC/MU/MU_SM01_results/MUsbj026.csv","test","0","3","26","125671","158977"
"MU.osexp","C:\Users\Public\Experiments\IDs\05-WMC\MU","Tr1_test2.png","2","162384","C:/Users/Public/Experiments/IDs/05-WMC/MU/MU_SM01_results/MUsbj026.csv","test","0","3","26","160097","162384"
"MU.osexp","C:\Users\Public\Experiments\IDs\05-WMC\MU","Tr1_test3.png","4","165127","C:/Users/Public/Experiments/IDs/05-WMC/MU/MU_SM01_results/MUsbj026.csv","test","0","3","26","163486","165128"
"MU.osexp","C:\Users\Public\Experiments\IDs\05-WMC\MU","wait.png","4","165127","C:/Users/Public/Experiments/IDs/05-WMC/MU/MU_SM01_results/MUsbj026.csv","wait","5000","3","26","166238","165128"
"MU.osexp","C:\Users\Public\Experiments\IDs\05-WMC\MU","fixation.png","4","165127","C:/Users/Public/Experiments/IDs/05-WMC/MU/MU_SM01_results/MUsbj026.csv","fix","1500","3","26","171492","165128"
"MU.osexp","C:\Users\Public\Experiments\IDs\05-WMC\MU","Tr2_study1.png","4","165127","C:/Users/Public/Experiments/IDs/05-WMC/MU/MU_SM01_results/MUsbj026.csv","study","1000","3","26","173141","174143"
"MU.osexp","C:\Users\Public\Experiments\IDs\05-WMC\MU","Tr2_study2.png","4","165127","C:/Users/Public/Experiments/IDs/05-WMC/MU/MU_SM01_results/MUsbj026.csv","study","1000","3","26","174481","175483"
"MU.osexp","C:\Users\Public\Experiments\IDs\05-WMC\MU","Tr2_study3.png","4","165127","C:/Users/Public/Experiments/IDs/05-WMC/MU/MU_SM01_results/MUsbj026.csv","study","1000","3","26","175823","176825"
"MU.osexp","C:\Users\Public\Experiments\IDs\05-WMC\MU","Tr2_update1.png","4","165127","C:/Users/Public/Experiments/IDs/05-WMC/MU/MU_SM01_results/MUsbj026.csv","update","1300","3","26","177195","178496"
"MU.osexp","C:\Users\Public\Experiments\IDs\05-WMC\MU","Tr2_update2.png","4","165127","C:/Users/Public/Experiments/IDs/05-WMC/MU/MU_SM01_results/MUsbj026.csv","update","1300","3","26","178867","180169"
"MU.osexp","C:\Users\Public\Experiments\IDs\05-WMC\MU","Tr2_update3.png","4","165127","C:/Users/Public/Experiments/IDs/05-WMC/MU/MU_SM01_results/MUsbj026.csv","update","1300","3","26","180540","181842"
"MU.osexp","C:\Users\Public\Experiments\IDs\05-WMC\MU","Tr2_test1.png","4","184631","C:/Users/Public/Experiments/IDs/05-WMC/MU/MU_SM01_results/MUsbj026.csv","test","0","3","26","182220","184632"
"MU.osexp","C:\Users\Public\Experiments\IDs\05-WMC\MU","Tr2_test2.png","6","186607","C:/Users/Public/Experiments/IDs/05-WMC/MU/MU_SM01_results/MUsbj026.csv","test","0","3","26","185752","186608"
"MU.osexp","C:\Users\Public\Experiments\IDs\05-WMC\MU","Tr2_test3.png","0","190015","C:/Users/Public/Experiments/IDs/05-WMC/MU/MU_SM01_results/MUsbj026.csv","test","0","3","26","187746","190016"
"MU.osexp","C:\Users\Public\Experiments\IDs\05-WMC\MU","ready2.png","0","190015","C:/Users/Public/Experiments/IDs/05-WMC/MU/MU_SM01_results/MUsbj026.csv","pre","0","3","26","210977","190016"
"MU.osexp","C:\Users\Public\Experiments\IDs\05-WMC\MU","fixation.png","0","190015","C:/Users/Public/Experiments/IDs/05-WMC/MU/MU_SM01_results/MUsbj026.csv","fix","1500","3","26","213614","190016"
"MU.osexp","C:\Users\Public\Experiments\IDs\05-WMC\MU","Tr3_study1.png","0","190015","C:/Users/Public/Experiments/IDs/05-WMC/MU/MU_SM01_results/MUsbj026.csv","study","1000","3","26","215234","216236"
"MU.osexp","C:\Users\Public\Experiments\IDs\05-WMC\MU","Tr3_study2.png","0","190015","C:/Users/Public/Experiments/IDs/05-WMC/MU/MU_SM01_results/MUsbj026.csv","study","1000","3","26","216610","217612"
"MU.osexp","C:\Users\Public\Experiments\IDs\05-WMC\MU","Tr3_study3.png","0","190015","C:/Users/Public/Experiments/IDs/05-WMC/MU/MU_SM01_results/MUsbj026.csv","study","1000","3","26","217983","218985"
"MU.osexp","C:\Users\Public\Experiments\IDs\05-WMC\MU","Tr3_update1.png","0","190015","C:/Users/Public/Experiments/IDs/05-WMC/MU/MU_SM01_results/MUsbj026.csv","update","1300","3","26","219343","220645"
"MU.osexp","C:\Users\Public\Experiments\IDs\05-WMC\MU","Tr3_update2.png","0","190015","C:/Users/Public/Experiments/IDs/05-WMC/MU/MU_SM01_results/MUsbj026.csv","update","1300","3","26","221025","222327"
"MU.osexp","C:\Users\Public\Experiments\IDs\05-WMC\MU","Tr3_update3.png","0","190015","C:/Users/Public/Experiments/IDs/05-WMC/MU/MU_SM01_results/MUsbj026.csv","update","1300","3","26","222713","224015"
"MU.osexp","C:\Users\Public\Experiments\IDs\05-WMC\MU","Tr3_test1.png","9","226871","C:/Users/Public/Experiments/IDs/05-WMC/MU/MU_SM01_results/MUsbj026.csv","test","0","3","26","224406","226872"
"MU.osexp","C:\Users\Public\Experiments\IDs\05-WMC\MU","Tr3_test2.png","7","229400","C:/Users/Public/Experiments/IDs/05-WMC/MU/MU_SM01_results/MUsbj026.csv","test","0","3","26","228004","229401"
"MU.osexp","C:\Users\Public\Experiments\IDs\05-WMC\MU","Tr3_test3.png","7","230800","C:/Users/Public/Experiments/IDs/05-WMC/MU/MU_SM01_results/MUsbj026.csv","test","0","3","26","230492","230800"
"MU.osexp","C:\Users\Public\Experiments\IDs\05-WMC\MU","wait.png","7","230800","C:/Users/Public/Experiments/IDs/05-WMC/MU/MU_SM01_results/MUsbj026.csv","wait","5000","4","26","231935","230800"
"MU.osexp","C:\Users\Public\Experiments\IDs\05-WMC\MU","fixation.png","7","230800","C:/Users/Public/Experiments/IDs/05-WMC/MU/MU_SM01_results/MUsbj026.csv","fix","1500","4","26","237023","230800"
"MU.osexp","C:\Users\Public\Experiments\IDs\05-WMC\MU","Tr4_study1.png","7","230800","C:/Users/Public/Experiments/IDs/05-WMC/MU/MU_SM01_results/MUsbj026.csv","study","1000","4","26","238635","239637"
"MU.osexp","C:\Users\Public\Experiments\IDs\05-WMC\MU","Tr4_study2.png","7","230800","C:/Users/Public/Experiments/IDs/05-WMC/MU/MU_SM01_results/MUsbj026.csv","study","1000","4","26","239989","240992"
"MU.osexp","C:\Users\Public\Experiments\IDs\05-WMC\MU","Tr4_study3.png","7","230800","C:/Users/Public/Experiments/IDs/05-WMC/MU/MU_SM01_results/MUsbj026.csv","study","1000","4","26","241394","242396"
"MU.osexp","C:\Users\Public\Experiments\IDs\05-WMC\MU","Tr4_study4.png","7","230800","C:/Users/Public/Experiments/IDs/05-WMC/MU/MU_SM01_results/MUsbj026.csv","study","1000","4","26","242774","243776"
"MU.osexp","C:\Users\Public\Experiments\IDs\05-WMC\MU","Tr4_update1.png","7","230800","C:/Users/Public/Experiments/IDs/05-WMC/MU/MU_SM01_results/MUsbj026.csv","update","1300","4","26","244155","245457"
"MU.osexp","C:\Users\Public\Experiments\IDs\05-WMC\MU","Tr4_update2.png","7","230800","C:/Users/Public/Experiments/IDs/05-WMC/MU/MU_SM01_results/MUsbj026.csv","update","1300","4","26","245810","247112"
"MU.osexp","C:\Users\Public\Experiments\IDs\05-WMC\MU","Tr4_update3.png","7","230800","C:/Users/Public/Experiments/IDs/05-WMC/MU/MU_SM01_results/MUsbj026.csv","update","1300","4","26","247487","248789"
"MU.osexp","C:\Users\Public\Experiments\IDs\05-WMC\MU","Tr4_update4.png","7","230800","C:/Users/Public/Experiments/IDs/05-WMC/MU/MU_SM01_results/MUsbj026.csv","update","1300","4","26","249161","250463"
"MU.osexp","C:\Users\Public\Experiments\IDs\05-WMC\MU","Tr4_test1.png","3","252863","C:/Users/Public/Experiments/IDs/05-WMC/MU/MU_SM01_results/MUsbj026.csv","test","0","4","26","250821","252864"
"MU.osexp","C:\Users\Public\Experiments\IDs\05-WMC\MU","Tr4_test2.png","7","255247","C:/Users/Public/Experiments/IDs/05-WMC/MU/MU_SM01_results/MUsbj026.csv","test","0","4","26","253970","255248"
"MU.osexp","C:\Users\Public\Experiments\IDs\05-WMC\MU","Tr4_test3.png","4","257831","C:/Users/Public/Experiments/IDs/05-WMC/MU/MU_SM01_results/MUsbj026.csv","test","0","4","26","256422","257832"
"MU.osexp","C:\Users\Public\Experiments\IDs\05-WMC\MU","Tr4_test4.png","5","260063","C:/Users/Public/Experiments/IDs/05-WMC/MU/MU_SM01_results/MUsbj026.csv","test","0","4","26","258972","260064"
"MU.osexp","C:\Users\Public\Experiments\IDs\05-WMC\MU","wait.png","5","260063","C:/Users/Public/Experiments/IDs/05-WMC/MU/MU_SM01_results/MUsbj026.csv","wait","5000","3","26","261140","260064"
"MU.osexp","C:\Users\Public\Experiments\IDs\05-WMC\MU","fixation.png","5","260063","C:/Users/Public/Experiments/IDs/05-WMC/MU/MU_SM01_results/MUsbj026.csv","fix","1500","3","26","266265","260064"
"MU.osexp","C:\Users\Public\Experiments\IDs\05-WMC\MU","Tr5_study1.png","5","260063","C:/Users/Public/Experiments/IDs/05-WMC/MU/MU_SM01_results/MUsbj026.csv","study","1000","3","26","267915","268917"
"MU.osexp","C:\Users\Public\Experiments\IDs\05-WMC\MU","Tr5_study2.png","5","260063","C:/Users/Public/Experiments/IDs/05-WMC/MU/MU_SM01_results/MUsbj026.csv","study","1000","3","26","269274","270276"
"MU.osexp","C:\Users\Public\Experiments\IDs\05-WMC\MU","Tr5_study3.png","5","260063","C:/Users/Public/Experiments/IDs/05-WMC/MU/MU_SM01_results/MUsbj026.csv","study","1000","3","26","270708","271710"
"MU.osexp","C:\Users\Public\Experiments\IDs\05-WMC\MU","Tr5_update1.png","5","260063","C:/Users/Public/Experiments/IDs/05-WMC/MU/MU_SM01_results/MUsbj026.csv","update","1300","3","26","272186","273488"
"MU.osexp","C:\Users\Public\Experiments\IDs\05-WMC\MU","Tr5_update2.png","5","260063","C:/Users/Public/Experiments/IDs/05-WMC/MU/MU_SM01_results/MUsbj026.csv","update","1300","3","26","273857","275159"
"MU.osexp","C:\Users\Public\Experiments\IDs\05-WMC\MU","Tr5_update3.png","5","260063","C:/Users/Public/Experiments/IDs/05-WMC/MU/MU_SM01_results/MUsbj026.csv","update","1300","3","26","275520","276822"
"MU.osexp","C:\Users\Public\Experiments\IDs\05-WMC\MU","Tr5_update4.png","5","260063","C:/Users/Public/Experiments/IDs/05-WMC/MU/MU_SM01_results/MUsbj026.csv","update","1300","3","26","277207","278509"
"MU.osexp","C:\Users\Public\Experiments\IDs\05-WMC\MU","Tr5_update5.png","5","260063","C:/Users/Public/Experiments/IDs/05-WMC/MU/MU_SM01_results/MUsbj026.csv","update","1300","3","26","278876","280178"
"MU.osexp","C:\Users\Public\Experiments\IDs\05-WMC\MU","Tr5_update6.png","5","260063","C:/Users/Public/Experiments/IDs/05-WMC/MU/MU_SM01_results/MUsbj026.csv","update","1300","3","26","280551","281853"
"MU.osexp","C:\Users\Public\Experiments\IDs\05-WMC\MU","Tr5_test1.png","1","285656","C:/Users/Public/Experiments/IDs/05-WMC/MU/MU_SM01_results/MUsbj026.csv","test","0","3","26","282232","285656"
"MU.osexp","C:\Users\Public\Experiments\IDs\05-WMC\MU","Tr5_test2.png","9","287647","C:/Users/Public/Experiments/IDs/05-WMC/MU/MU_SM01_results/MUsbj026.csv","test","0","3","26","286746","287648"
"MU.osexp","C:\Users\Public\Experiments\IDs\05-WMC\MU","Tr5_test3.png","5","289063","C:/Users/Public/Experiments/IDs/05-WMC/MU/MU_SM01_results/MUsbj026.csv","test","0","3","26","288765","289064"
"MU.osexp","C:\Users\Public\Experiments\IDs\05-WMC\MU","wait.png","5","289063","C:/Users/Public/Experiments/IDs/05-WMC/MU/MU_SM01_results/MUsbj026.csv","wait","5000","4","26","290153","289064"
"MU.osexp","C:\Users\Public\Experiments\IDs\05-WMC\MU","fixation.png","5","289063","C:/Users/Public/Experiments/IDs/05-WMC/MU/MU_SM01_results/MUsbj026.csv","fix","1500","4","26","295527","289064"
"MU.osexp","C:\Users\Public\Experiments\IDs\05-WMC\MU","Tr6_study1.png","5","289063","C:/Users/Public/Experiments/IDs/05-WMC/MU/MU_SM01_results/MUsbj026.csv","study","1000","4","26","297145","298148"
"MU.osexp","C:\Users\Public\Experiments\IDs\05-WMC\MU","Tr6_study2.png","5","289063","C:/Users/Public/Experiments/IDs/05-WMC/MU/MU_SM01_results/MUsbj026.csv","study","1000","4","26","298628","299630"
"MU.osexp","C:\Users\Public\Experiments\IDs\05-WMC\MU","Tr6_study3.png","5","289063","C:/Users/Public/Experiments/IDs/05-WMC/MU/MU_SM01_results/MUsbj026.csv","study","1000","4","26","300164","301166"
"MU.osexp","C:\Users\Public\Experiments\IDs\05-WMC\MU","Tr6_study4.png","5","289063","C:/Users/Public/Experiments/IDs/05-WMC/MU/MU_SM01_results/MUsbj026.csv","study","1000","4","26","301545","302547"
"MU.osexp","C:\Users\Public\Experiments\IDs\05-WMC\MU","Tr6_update1.png","5","289063","C:/Users/Public/Experiments/IDs/05-WMC/MU/MU_SM01_results/MUsbj026.csv","update","1300","4","26","302936","304238"
"MU.osexp","C:\Users\Public\Experiments\IDs\05-WMC\MU","Tr6_update2.png","5","289063","C:/Users/Public/Experiments/IDs/05-WMC/MU/MU_SM01_results/MUsbj026.csv","update","1300","4","26","304708","306010"
"MU.osexp","C:\Users\Public\Experiments\IDs\05-WMC\MU","Tr6_update3.png","5","289063","C:/Users/Public/Experiments/IDs/05-WMC/MU/MU_SM01_results/MUsbj026.csv","update","1300","4","26","306397","307699"
"MU.osexp","C:\Users\Public\Experiments\IDs\05-WMC\MU","Tr6_update4.png","5","289063","C:/Users/Public/Experiments/IDs/05-WMC/MU/MU_SM01_results/MUsbj026.csv","update","1300","4","26","308076","309378"
"MU.osexp","C:\Users\Public\Experiments\IDs\05-WMC\MU","Tr6_update5.png","5","289063","C:/Users/Public/Experiments/IDs/05-WMC/MU/MU_SM01_results/MUsbj026.csv","update","1300","4","26","309760","311062"
"MU.osexp","C:\Users\Public\Experiments\IDs\05-WMC\MU","Tr6_test1.png","3","313671","C:/Users/Public/Experiments/IDs/05-WMC/MU/MU_SM01_results/MUsbj026.csv","test","0","4","26","311406","313672"
"MU.osexp","C:\Users\Public\Experiments\IDs\05-WMC\MU","Tr6_test2.png","1","315640","C:/Users/Public/Experiments/IDs/05-WMC/MU/MU_SM01_results/MUsbj026.csv","test","0","4","26","314791","315641"
"MU.osexp","C:\Users\Public\Experiments\IDs\05-WMC\MU","Tr6_test3.png","4","317576","C:/Users/Public/Experiments/IDs/05-WMC/MU/MU_SM01_results/MUsbj026.csv","test","0","4","26","316776","317577"
"MU.osexp","C:\Users\Public\Experiments\IDs\05-WMC\MU","Tr6_test4.png","5","319384","C:/Users/Public/Experiments/IDs/05-WMC/MU/MU_SM01_results/MUsbj026.csv","test","0","4","26","318680","319384"
"MU.osexp","C:\Users\Public\Experiments\IDs\05-WMC\MU","wait.png","5","319384","C:/Users/Public/Experiments/IDs/05-WMC/MU/MU_SM01_results/MUsbj026.csv","wait","5000","5","26","320596","319384"
"MU.osexp","C:\Users\Public\Experiments\IDs\05-WMC\MU","fixation.png","5","319384","C:/Users/Public/Experiments/IDs/05-WMC/MU/MU_SM01_results/MUsbj026.csv","fix","1500","5","26","325735","319384"
"MU.osexp","C:\Users\Public\Experiments\IDs\05-WMC\MU","Tr7_study1.png","5","319384","C:/Users/Public/Experiments/IDs/05-WMC/MU/MU_SM01_results/MUsbj026.csv","study","1000","5","26","327349","328351"
"MU.osexp","C:\Users\Public\Experiments\IDs\05-WMC\MU","Tr7_study2.png","5","319384","C:/Users/Public/Experiments/IDs/05-WMC/MU/MU_SM01_results/MUsbj026.csv","study","1000","5","26","328737","329739"
"MU.osexp","C:\Users\Public\Experiments\IDs\05-WMC\MU","Tr7_study3.png","5","319384","C:/Users/Public/Experiments/IDs/05-WMC/MU/MU_SM01_results/MUsbj026.csv","study","1000","5","26","330100","331101"
"MU.osexp","C:\Users\Public\Experiments\IDs\05-WMC\MU","Tr7_study4.png","5","319384","C:/Users/Public/Experiments/IDs/05-WMC/MU/MU_SM01_results/MUsbj026.csv","study","1000","5","26","331439","332439"
"MU.osexp","C:\Users\Public\Experiments\IDs\05-WMC\MU","Tr7_study5.png","5","319384","C:/Users/Public/Experiments/IDs/05-WMC/MU/MU_SM01_results/MUsbj026.csv","study","1000","5","26","332776","333776"
"MU.osexp","C:\Users\Public\Experiments\IDs\05-WMC\MU","Tr7_update1.png","5","319384","C:/Users/Public/Experiments/IDs/05-WMC/MU/MU_SM01_results/MUsbj026.csv","update","1300","5","26","334118","335418"
"MU.osexp","C:\Users\Public\Experiments\IDs\05-WMC\MU","Tr7_update2.png","5","319384","C:/Users/Public/Experiments/IDs/05-WMC/MU/MU_SM01_results/MUsbj026.csv","update","1300","5","26","335760","337060"
"MU.osexp","C:\Users\Public\Experiments\IDs\05-WMC\MU","Tr7_update3.png","5","319384","C:/Users/Public/Experiments/IDs/05-WMC/MU/MU_SM01_results/MUsbj026.csv","update","1300","5","26","337499","338799"
"MU.osexp","C:\Users\Public\Experiments\IDs\05-WMC\MU","Tr7_update4.png","5","319384","C:/Users/Public/Experiments/IDs/05-WMC/MU/MU_SM01_results/MUsbj026.csv","update","1300","5","26","339142","340442"
"MU.osexp","C:\Users\Public\Experiments\IDs\05-WMC\MU","Tr7_update5.png","5","319384","C:/Users/Public/Experiments/IDs/05-WMC/MU/MU_SM01_results/MUsbj026.csv","update","1300","5","26","340768","342068"
"MU.osexp","C:\Users\Public\Experiments\IDs\05-WMC\MU","Tr7_test1.png","1","344735","C:/Users/Public/Experiments/IDs/05-WMC/MU/MU_SM01_results/MUsbj026.csv","test","0","5","26","342387","344736"
"MU.osexp","C:\Users\Public\Experiments\IDs\05-WMC\MU","Tr7_test2.png","8","347039","C:/Users/Public/Experiments/IDs/05-WMC/MU/MU_SM01_results/MUsbj026.csv","test","0","5","26","345807","347040"
"MU.osexp","C:\Users\Public\Experiments\IDs\05-WMC\MU","Tr7_test3.png","1","348583","C:/Users/Public/Experiments/IDs/05-WMC/MU/MU_SM01_results/MUsbj026.csv","test","0","5","26","348136","348584"
"MU.osexp","C:\Users\Public\Experiments\IDs\05-WMC\MU","Tr7_test4.png","8","350616","C:/Users/Public/Experiments/IDs/05-WMC/MU/MU_SM01_results/MUsbj026.csv","test","0","5","26","349787","350617"
"MU.osexp","C:\Users\Public\Experiments\IDs\05-WMC\MU","Tr7_test5.png","1","351968","C:/Users/Public/Experiments/IDs/05-WMC/MU/MU_SM01_results/MUsbj026.csv","test","0","5","26","351702","351969"
"MU.osexp","C:\Users\Public\Experiments\IDs\05-WMC\MU","wait.png","1","351968","C:/Users/Public/Experiments/IDs/05-WMC/MU/MU_SM01_results/MUsbj026.csv","wait","5000","4","26","353052","351969"
"MU.osexp","C:\Users\Public\Experiments\IDs\05-WMC\MU","fixation.png","1","351968","C:/Users/Public/Experiments/IDs/05-WMC/MU/MU_SM01_results/MUsbj026.csv","fix","1500","4","26","358244","351969"
"MU.osexp","C:\Users\Public\Experiments\IDs\05-WMC\MU","Tr8_study1.png","1","351968","C:/Users/Public/Experiments/IDs/05-WMC/MU/MU_SM01_results/MUsbj026.csv","study","1000","4","26","359882","360884"
"MU.osexp","C:\Users\Public\Experiments\IDs\05-WMC\MU","Tr8_study2.png","1","351968","C:/Users/Public/Experiments/IDs/05-WMC/MU/MU_SM01_results/MUsbj026.csv","study","1000","4","26","361266","362268"
"MU.osexp","C:\Users\Public\Experiments\IDs\05-WMC\MU","Tr8_study3.png","1","351968","C:/Users/Public/Experiments/IDs/05-WMC/MU/MU_SM01_results/MUsbj026.csv","study","1000","4","26","362643","363645"
"MU.osexp","C:\Users\Public\Experiments\IDs\05-WMC\MU","Tr8_study4.png","1","351968","C:/Users/Public/Experiments/IDs/05-WMC/MU/MU_SM01_results/MUsbj026.csv","study","1000","4","26","364009","365011"
"MU.osexp","C:\Users\Public\Experiments\IDs\05-WMC\MU","Tr8_update1.png","1","351968","C:/Users/Public/Experiments/IDs/05-WMC/MU/MU_SM01_results/MUsbj026.csv","update","1300","4","26","365387","366689"
"MU.osexp","C:\Users\Public\Experiments\IDs\05-WMC\MU","Tr8_update2.png","1","351968","C:/Users/Public/Experiments/IDs/05-WMC/MU/MU_SM01_results/MUsbj026.csv","update","1300","4","26","367064","368366"
"MU.osexp","C:\Users\Public\Experiments\IDs\05-WMC\MU","Tr8_update3.png","1","351968","C:/Users/Public/Experiments/IDs/05-WMC/MU/MU_SM01_results/MUsbj026.csv","update","1300","4","26","368744","370046"
"MU.osexp","C:\Users\Public\Experiments\IDs\05-WMC\MU","Tr8_test1.png","5","372480","C:/Users/Public/Experiments/IDs/05-WMC/MU/MU_SM01_results/MUsbj026.csv","test","0","4","26","370376","372481"
"MU.osexp","C:\Users\Public\Experiments\IDs\05-WMC\MU","Tr8_test2.png","1","374584","C:/Users/Public/Experiments/IDs/05-WMC/MU/MU_SM01_results/MUsbj026.csv","test","0","4","26","373604","374585"
"MU.osexp","C:\Users\Public\Experiments\IDs\05-WMC\MU","Tr8_test3.png","0","377271","C:/Users/Public/Experiments/IDs/05-WMC/MU/MU_SM01_results/MUsbj026.csv","test","0","4","26","375708","377272"
"MU.osexp","C:\Users\Public\Experiments\IDs\05-WMC\MU","Tr8_test4.png","7","379463","C:/Users/Public/Experiments/IDs/05-WMC/MU/MU_SM01_results/MUsbj026.csv","test","0","4","26","378391","379464"
"MU.osexp","C:\Users\Public\Experiments\IDs\05-WMC\MU","wait.png","7","379463","C:/Users/Public/Experiments/IDs/05-WMC/MU/MU_SM01_results/MUsbj026.csv","wait","5000","5","26","380561","379464"
"MU.osexp","C:\Users\Public\Experiments\IDs\05-WMC\MU","fixation.png","7","379463","C:/Users/Public/Experiments/IDs/05-WMC/MU/MU_SM01_results/MUsbj026.csv","fix","1500","5","26","385694","379464"
"MU.osexp","C:\Users\Public\Experiments\IDs\05-WMC\MU","Tr9_study1.png","7","379463","C:/Users/Public/Experiments/IDs/05-WMC/MU/MU_SM01_results/MUsbj026.csv","study","1000","5","26","387343","388345"
"MU.osexp","C:\Users\Public\Experiments\IDs\05-WMC\MU","Tr9_study2.png","7","379463","C:/Users/Public/Experiments/IDs/05-WMC/MU/MU_SM01_results/MUsbj026.csv","study","1000","5","26","388737","389739"
"MU.osexp","C:\Users\Public\Experiments\IDs\05-WMC\MU","Tr9_study3.png","7","379463","C:/Users/Public/Experiments/IDs/05-WMC/MU/MU_SM01_results/MUsbj026.csv","study","1000","5","26","390108","391110"
"MU.osexp","C:\Users\Public\Experiments\IDs\05-WMC\MU","Tr9_study4.png","7","379463","C:/Users/Public/Experiments/IDs/05-WMC/MU/MU_SM01_results/MUsbj026.csv","study","1000","5","26","391605","392607"
"MU.osexp","C:\Users\Public\Experiments\IDs\05-WMC\MU","Tr9_study5.png","7","379463","C:/Users/Public/Experiments/IDs/05-WMC/MU/MU_SM01_results/MUsbj026.csv","study","1000","5","26","392959","393961"
"MU.osexp","C:\Users\Public\Experiments\IDs\05-WMC\MU","Tr9_update1.png","7","379463","C:/Users/Public/Experiments/IDs/05-WMC/MU/MU_SM01_results/MUsbj026.csv","update","1300","5","26","394331","395633"
"MU.osexp","C:\Users\Public\Experiments\IDs\05-WMC\MU","Tr9_update2.png","7","379463","C:/Users/Public/Experiments/IDs/05-WMC/MU/MU_SM01_results/MUsbj026.csv","update","1300","5","26","396013","397315"
"MU.osexp","C:\Users\Public\Experiments\IDs\05-WMC\MU","Tr9_test1.png","8","399855","C:/Users/Public/Experiments/IDs/05-WMC/MU/MU_SM01_results/MUsbj026.csv","test","0","5","26","397708","399856"
"MU.osexp","C:\Users\Public\Experiments\IDs\05-WMC\MU","Tr9_test2.png","3","402664","C:/Users/Public/Experiments/IDs/05-WMC/MU/MU_SM01_results/MUsbj026.csv","test","0","5","26","401106","402665"
"MU.osexp","C:\Users\Public\Experiments\IDs\05-WMC\MU","Tr9_test3.png","1","405672","C:/Users/Public/Experiments/IDs/05-WMC/MU/MU_SM01_results/MUsbj026.csv","test","0","5","26","403778","405673"
"MU.osexp","C:\Users\Public\Experiments\IDs\05-WMC\MU","Tr9_test4.png","8","407840","C:/Users/Public/Experiments/IDs/05-WMC/MU/MU_SM01_results/MUsbj026.csv","test","0","5","26","406776","407840"
"MU.osexp","C:\Users\Public\Experiments\IDs\05-WMC\MU","Tr9_test5.png","9","410000","C:/Users/Public/Experiments/IDs/05-WMC/MU/MU_SM01_results/MUsbj026.csv","test","0","5","26","408968","410000"
"MU.osexp","C:\Users\Public\Experiments\IDs\05-WMC\MU","wait.png","9","410000","C:/Users/Public/Experiments/IDs/05-WMC/MU/MU_SM01_results/MUsbj026.csv","wait","5000","3","26","411117","410000"
"MU.osexp","C:\Users\Public\Experiments\IDs\05-WMC\MU","fixation.png","9","410000","C:/Users/Public/Experiments/IDs/05-WMC/MU/MU_SM01_results/MUsbj026.csv","fix","1500","3","26","416359","410000"
"MU.osexp","C:\Users\Public\Experiments\IDs\05-WMC\MU","Tr10_study1.png","9","410000","C:/Users/Public/Experiments/IDs/05-WMC/MU/MU_SM01_results/MUsbj026.csv","study","1000","3","26","418068","419070"
"MU.osexp","C:\Users\Public\Experiments\IDs\05-WMC\MU","Tr10_study2.png","9","410000","C:/Users/Public/Experiments/IDs/05-WMC/MU/MU_SM01_results/MUsbj026.csv","study","1000","3","26","419447","420449"
"MU.osexp","C:\Users\Public\Experiments\IDs\05-WMC\MU","Tr10_study3.png","9","410000","C:/Users/Public/Experiments/IDs/05-WMC/MU/MU_SM01_results/MUsbj026.csv","study","1000","3","26","420870","421872"
"MU.osexp","C:\Users\Public\Experiments\IDs\05-WMC\MU","Tr10_update1.png","9","410000","C:/Users/Public/Experiments/IDs/05-WMC/MU/MU_SM01_results/MUsbj026.csv","update","1300","3","26","422263","423565"
"MU.osexp","C:\Users\Public\Experiments\IDs\05-WMC\MU","Tr10_update2.png","9","410000","C:/Users/Public/Experiments/IDs/05-WMC/MU/MU_SM01_results/MUsbj026.csv","update","1300","3","26","423951","425253"
"MU.osexp","C:\Users\Public\Experiments\IDs\05-WMC\MU","Tr10_test1.png","5","427040","C:/Users/Public/Experiments/IDs/05-WMC/MU/MU_SM01_results/MUsbj026.csv","test","0","3","26","425683","427040"
"MU.osexp","C:\Users\Public\Experiments\IDs\05-WMC\MU","Tr10_test2.png","5","429239","C:/Users/Public/Experiments/IDs/05-WMC/MU/MU_SM01_results/MUsbj026.csv","test","0","3","26","428184","429240"
"MU.osexp","C:\Users\Public\Experiments\IDs\05-WMC\MU","Tr10_test3.png","2","431127","C:/Users/Public/Experiments/IDs/05-WMC/MU/MU_SM01_results/MUsbj026.csv","test","0","3","26","430350","431128"
"MU.osexp","C:\Users\Public\Experiments\IDs\05-WMC\MU","wait.png","2","431127","C:/Users/Public/Experiments/IDs/05-WMC/MU/MU_SM01_results/MUsbj026.csv","wait","5000","5","26","432249","431128"
"MU.osexp","C:\Users\Public\Experiments\IDs\05-WMC\MU","fixation.png","2","431127","C:/Users/Public/Experiments/IDs/05-WMC/MU/MU_SM01_results/MUsbj026.csv","fix","1500","5","26","437374","431128"
"MU.osexp","C:\Users\Public\Experiments\IDs\05-WMC\MU","Tr11_study1.png","2","431127","C:/Users/Public/Experiments/IDs/05-WMC/MU/MU_SM01_results/MUsbj026.csv","study","1000","5","26","438994","439996"
"MU.osexp","C:\Users\Public\Experiments\IDs\05-WMC\MU","Tr11_study2.png","2","431127","C:/Users/Public/Experiments/IDs/05-WMC/MU/MU_SM01_results/MUsbj026.csv","study","1000","5","26","440336","441338"
"MU.osexp","C:\Users\Public\Experiments\IDs\05-WMC\MU","Tr11_study3.png","2","431127","C:/Users/Public/Experiments/IDs/05-WMC/MU/MU_SM01_results/MUsbj026.csv","study","1000","5","26","441702","442704"
"MU.osexp","C:\Users\Public\Experiments\IDs\05-WMC\MU","Tr11_study4.png","2","431127","C:/Users/Public/Experiments/IDs/05-WMC/MU/MU_SM01_results/MUsbj026.csv","study","1000","5","26","443097","444099"
"MU.osexp","C:\Users\Public\Experiments\IDs\05-WMC\MU","Tr11_study5.png","2","431127","C:/Users/Public/Experiments/IDs/05-WMC/MU/MU_SM01_results/MUsbj026.csv","study","1000","5","26","444457","445459"
"MU.osexp","C:\Users\Public\Experiments\IDs\05-WMC\MU","Tr11_update1.png","2","431127","C:/Users/Public/Experiments/IDs/05-WMC/MU/MU_SM01_results/MUsbj026.csv","update","1300","5","26","445836","447138"
"MU.osexp","C:\Users\Public\Experiments\IDs\05-WMC\MU","Tr11_update2.png","2","431127","C:/Users/Public/Experiments/IDs/05-WMC/MU/MU_SM01_results/MUsbj026.csv","update","1300","5","26","447517","448819"
"MU.osexp","C:\Users\Public\Experiments\IDs\05-WMC\MU","Tr11_update3.png","2","431127","C:/Users/Public/Experiments/IDs/05-WMC/MU/MU_SM01_results/MUsbj026.csv","update","1300","5","26","449174","450476"
"MU.osexp","C:\Users\Public\Experiments\IDs\05-WMC\MU","Tr11_test1.png","1","452399","C:/Users/Public/Experiments/IDs/05-WMC/MU/MU_SM01_results/MUsbj026.csv","test","0","5","26","450840","452400"
"MU.osexp","C:\Users\Public\Experiments\IDs\05-WMC\MU","Tr11_test2.png","5","453967","C:/Users/Public/Experiments/IDs/05-WMC/MU/MU_SM01_results/MUsbj026.csv","test","0","5","26","453518","453968"
"MU.osexp","C:\Users\Public\Experiments\IDs\05-WMC\MU","Tr11_test3.png","8","455448","C:/Users/Public/Experiments/IDs/05-WMC/MU/MU_SM01_results/MUsbj026.csv","test","0","5","26","455177","455449"
"MU.osexp","C:\Users\Public\Experiments\IDs\05-WMC\MU","Tr11_test4.png","6","456832","C:/Users/Public/Experiments/IDs/05-WMC/MU/MU_SM01_results/MUsbj026.csv","test","0","5","26","456583","456833"
"MU.osexp","C:\Users\Public\Experiments\IDs\05-WMC\MU","Tr11_test5.png","1","458344","C:/Users/Public/Experiments/IDs/05-WMC/MU/MU_SM01_results/MUsbj026.csv","test","0","5","26","457972","458345"
"MU.osexp","C:\Users\Public\Experiments\IDs\05-WMC\MU","wait.png","1","458344","C:/Users/Public/Experiments/IDs/05-WMC/MU/MU_SM01_results/MUsbj026.csv","wait","5000","3","26","459460","458345"
"MU.osexp","C:\Users\Public\Experiments\IDs\05-WMC\MU","fixation.png","1","458344","C:/Users/Public/Experiments/IDs/05-WMC/MU/MU_SM01_results/MUsbj026.csv","fix","1500","3","26","464546","458345"
"MU.osexp","C:\Users\Public\Experiments\IDs\05-WMC\MU","Tr12_study1.png","1","458344","C:/Users/Public/Experiments/IDs/05-WMC/MU/MU_SM01_results/MUsbj026.csv","study","1000","3","26","466152","467154"
"MU.osexp","C:\Users\Public\Experiments\IDs\05-WMC\MU","Tr12_study2.png","1","458344","C:/Users/Public/Experiments/IDs/05-WMC/MU/MU_SM01_results/MUsbj026.csv","study","1000","3","26","467488","468491"
"MU.osexp","C:\Users\Public\Experiments\IDs\05-WMC\MU","Tr12_study3.png","1","458344","C:/Users/Public/Experiments/IDs/05-WMC/MU/MU_SM01_results/MUsbj026.csv","study","1000","3","26","469062","470064"
"MU.osexp","C:\Users\Public\Experiments\IDs\05-WMC\MU","Tr12_update1.png","1","458344","C:/Users/Public/Experiments/IDs/05-WMC/MU/MU_SM01_results/MUsbj026.csv","update","1300","3","26","470454","471756"
"MU.osexp","C:\Users\Public\Experiments\IDs\05-WMC\MU","Tr12_update2.png","1","458344","C:/Users/Public/Experiments/IDs/05-WMC/MU/MU_SM01_results/MUsbj026.csv","update","1300","3","26","472134","473436"
"MU.osexp","C:\Users\Public\Experiments\IDs\05-WMC\MU","Tr12_update3.png","1","458344","C:/Users/Public/Experiments/IDs/05-WMC/MU/MU_SM01_results/MUsbj026.csv","update","1300","3","26","473790","475092"
"MU.osexp","C:\Users\Public\Experiments\IDs\05-WMC\MU","Tr12_update4.png","1","458344","C:/Users/Public/Experiments/IDs/05-WMC/MU/MU_SM01_results/MUsbj026.csv","update","1300","3","26","475459","476761"
"MU.osexp","C:\Users\Public\Experiments\IDs\05-WMC\MU","Tr12_update5.png","1","458344","C:/Users/Public/Experiments/IDs/05-WMC/MU/MU_SM01_results/MUsbj026.csv","update","1300","3","26","477134","478436"
"MU.osexp","C:\Users\Public\Experiments\IDs\05-WMC\MU","Tr12_test1.png","5","480072","C:/Users/Public/Experiments/IDs/05-WMC/MU/MU_SM01_results/MUsbj026.csv","test","0","3","26","478846","480072"
"MU.osexp","C:\Users\Public\Experiments\IDs\05-WMC\MU","Tr12_test2.png","5","481464","C:/Users/Public/Experiments/IDs/05-WMC/MU/MU_SM01_results/MUsbj026.csv","test","0","3","26","481178","481464"
"MU.osexp","C:\Users\Public\Experiments\IDs\05-WMC\MU","Tr12_test3.png","1","483439","C:/Users/Public/Experiments/IDs/05-WMC/MU/MU_SM01_results/MUsbj026.csv","test","0","3","26","482618","483440"
"MU.osexp","C:\Users\Public\Experiments\IDs\05-WMC\MU","wait.png","1","483439","C:/Users/Public/Experiments/IDs/05-WMC/MU/MU_SM01_results/MUsbj026.csv","wait","5000","3","26","484545","483440"
"MU.osexp","C:\Users\Public\Experiments\IDs\05-WMC\MU","fixation.png","1","483439","C:/Users/Public/Experiments/IDs/05-WMC/MU/MU_SM01_results/MUsbj026.csv","fix","1500","3","26","489674","483440"
"MU.osexp","C:\Users\Public\Experiments\IDs\05-WMC\MU","Tr13_study1.png","1","483439","C:/Users/Public/Experiments/IDs/05-WMC/MU/MU_SM01_results/MUsbj026.csv","study","1000","3","26","491288","492288"
"MU.osexp","C:\Users\Public\Experiments\IDs\05-WMC\MU","Tr13_study2.png","1","483439","C:/Users/Public/Experiments/IDs/05-WMC/MU/MU_SM01_results/MUsbj026.csv","study","1000","3","26","492648","493650"
"MU.osexp","C:\Users\Public\Experiments\IDs\05-WMC\MU","Tr13_study3.png","1","483439","C:/Users/Public/Experiments/IDs/05-WMC/MU/MU_SM01_results/MUsbj026.csv","study","1000","3","26","494012","495014"
"MU.osexp","C:\Users\Public\Experiments\IDs\05-WMC\MU","Tr13_update1.png","1","483439","C:/Users/Public/Experiments/IDs/05-WMC/MU/MU_SM01_results/MUsbj026.csv","update","1300","3","26","495375","496677"
"MU.osexp","C:\Users\Public\Experiments\IDs\05-WMC\MU","Tr13_update2.png","1","483439","C:/Users/Public/Experiments/IDs/05-WMC/MU/MU_SM01_results/MUsbj026.csv","update","1300","3","26","497061","498363"
"MU.osexp","C:\Users\Public\Experiments\IDs\05-WMC\MU","Tr13_update3.png","1","483439","C:/Users/Public/Experiments/IDs/05-WMC/MU/MU_SM01_results/MUsbj026.csv","update","1300","3","26","498746","500048"
"MU.osexp","C:\Users\Public\Experiments\IDs\05-WMC\MU","Tr13_update4.png","1","483439","C:/Users/Public/Experiments/IDs/05-WMC/MU/MU_SM01_results/MUsbj026.csv","update","1300","3","26","500449","501752"
"MU.osexp","C:\Users\Public\Experiments\IDs\05-WMC\MU","Tr13_test1.png","2","504039","C:/Users/Public/Experiments/IDs/05-WMC/MU/MU_SM01_results/MUsbj026.csv","test","0","3","26","502100","504040"
"MU.osexp","C:\Users\Public\Experiments\IDs\05-WMC\MU","Tr13_test2.png","2","505719","C:/Users/Public/Experiments/IDs/05-WMC/MU/MU_SM01_results/MUsbj026.csv","test","0","3","26","505182","505720"
"MU.osexp","C:\Users\Public\Experiments\IDs\05-WMC\MU","Tr13_test3.png","2","507352","C:/Users/Public/Experiments/IDs/05-WMC/MU/MU_SM01_results/MUsbj026.csv","test","0","3","26","506830","507353"
"MU.osexp","C:\Users\Public\Experiments\IDs\05-WMC\MU","wait.png","2","507352","C:/Users/Public/Experiments/IDs/05-WMC/MU/MU_SM01_results/MUsbj026.csv","wait","5000","5","26","508465","507353"
"MU.osexp","C:\Users\Public\Experiments\IDs\05-WMC\MU","fixation.png","2","507352","C:/Users/Public/Experiments/IDs/05-WMC/MU/MU_SM01_results/MUsbj026.csv","fix","1500","5","26","513578","507353"
"MU.osexp","C:\Users\Public\Experiments\IDs\05-WMC\MU","Tr14_study1.png","2","507352","C:/Users/Public/Experiments/IDs/05-WMC/MU/MU_SM01_results/MUsbj026.csv","study","1000","5","26","515230","516232"
"MU.osexp","C:\Users\Public\Experiments\IDs\05-WMC\MU","Tr14_study2.png","2","507352","C:/Users/Public/Experiments/IDs/05-WMC/MU/MU_SM01_results/MUsbj026.csv","study","1000","5","26","516575","517577"
"MU.osexp","C:\Users\Public\Experiments\IDs\05-WMC\MU","Tr14_study3.png","2","507352","C:/Users/Public/Experiments/IDs/05-WMC/MU/MU_SM01_results/MUsbj026.csv","study","1000","5","26","517980","518982"
"MU.osexp","C:\Users\Public\Experiments\IDs\05-WMC\MU","Tr14_study4.png","2","507352","C:/Users/Public/Experiments/IDs/05-WMC/MU/MU_SM01_results/MUsbj026.csv","study","1000","5","26","519424","520426"
"MU.osexp","C:\Users\Public\Experiments\IDs\05-WMC\MU","Tr14_study5.png","2","507352","C:/Users/Public/Experiments/IDs/05-WMC/MU/MU_SM01_results/MUsbj026.csv","study","1000","5","26","520814","521816"
"MU.osexp","C:\Users\Public\Experiments\IDs\05-WMC\MU","Tr14_update1.png","2","507352","C:/Users/Public/Experiments/IDs/05-WMC/MU/MU_SM01_results/MUsbj026.csv","update","1300","5","26","522170","523472"
"MU.osexp","C:\Users\Public\Experiments\IDs\05-WMC\MU","Tr14_update2.png","2","507352","C:/Users/Public/Experiments/IDs/05-WMC/MU/MU_SM01_results/MUsbj026.csv","update","1300","5","26","523856","525158"
"MU.osexp","C:\Users\Public\Experiments\IDs\05-WMC\MU","Tr14_update3.png","2","507352","C:/Users/Public/Experiments/IDs/05-WMC/MU/MU_SM01_results/MUsbj026.csv","update","1300","5","26","525518","526820"
"MU.osexp","C:\Users\Public\Experiments\IDs\05-WMC\MU","Tr14_update4.png","2","507352","C:/Users/Public/Experiments/IDs/05-WMC/MU/MU_SM01_results/MUsbj026.csv","update","1300","5","26","527203","528505"
"MU.osexp","C:\Users\Public\Experiments\IDs\05-WMC\MU","Tr14_test1.png","1","530296","C:/Users/Public/Experiments/IDs/05-WMC/MU/MU_SM01_results/MUsbj026.csv","test","0","5","26","528859","530297"
"MU.osexp","C:\Users\Public\Experiments\IDs\05-WMC\MU","Tr14_test2.png","5","534064","C:/Users/Public/Experiments/IDs/05-WMC/MU/MU_SM01_results/MUsbj026.csv","test","0","5","26","531618","534064"
"MU.osexp","C:\Users\Public\Experiments\IDs\05-WMC\MU","Tr14_test3.png","3","536783","C:/Users/Public/Experiments/IDs/05-WMC/MU/MU_SM01_results/MUsbj026.csv","test","0","5","26","535165","536784"
"MU.osexp","C:\Users\Public\Experiments\IDs\05-WMC\MU","Tr14_test4.png","1","539095","C:/Users/Public/Experiments/IDs/05-WMC/MU/MU_SM01_results/MUsbj026.csv","test","0","5","26","537889","539096"
"MU.osexp","C:\Users\Public\Experiments\IDs\05-WMC\MU","Tr14_test5.png","1","540639","C:/Users/Public/Experiments/IDs/05-WMC/MU/MU_SM01_results/MUsbj026.csv","test","0","5","26","540248","540640"
"MU.osexp","C:\Users\Public\Experiments\IDs\05-WMC\MU","wait.png","1","540639","C:/Users/Public/Experiments/IDs/05-WMC/MU/MU_SM01_results/MUsbj026.csv","wait","5000","4","26","541736","540640"
"MU.osexp","C:\Users\Public\Experiments\IDs\05-WMC\MU","fixation.png","1","540639","C:/Users/Public/Experiments/IDs/05-WMC/MU/MU_SM01_results/MUsbj026.csv","fix","1500","4","26","546873","540640"
"MU.osexp","C:\Users\Public\Experiments\IDs\05-WMC\MU","Tr15_study1.png","1","540639","C:/Users/Public/Experiments/IDs/05-WMC/MU/MU_SM01_results/MUsbj026.csv","study","1000","4","26","548487","549489"
"MU.osexp","C:\Users\Public\Experiments\IDs\05-WMC\MU","Tr15_study2.png","1","540639","C:/Users/Public/Experiments/IDs/05-WMC/MU/MU_SM01_results/MUsbj026.csv","study","1000","4","26","549887","550889"
"MU.osexp","C:\Users\Public\Experiments\IDs\05-WMC\MU","Tr15_study3.png","1","540639","C:/Users/Public/Experiments/IDs/05-WMC/MU/MU_SM01_results/MUsbj026.csv","study","1000","4","26","551314","552316"
"MU.osexp","C:\Users\Public\Experiments\IDs\05-WMC\MU","Tr15_study4.png","1","540639","C:/Users/Public/Experiments/IDs/05-WMC/MU/MU_SM01_results/MUsbj026.csv","study","1000","4","26","552669","553671"
"MU.osexp","C:\Users\Public\Experiments\IDs\05-WMC\MU","Tr15_update1.png","1","540639","C:/Users/Public/Experiments/IDs/05-WMC/MU/MU_SM01_results/MUsbj026.csv","update","1300","4","26","554044","555346"
"MU.osexp","C:\Users\Public\Experiments\IDs\05-WMC\MU","Tr15_update2.png","1","540639","C:/Users/Public/Experiments/IDs/05-WMC/MU/MU_SM01_results/MUsbj026.csv","update","1300","4","26","555713","557015"
"MU.osexp","C:\Users\Public\Experiments\IDs\05-WMC\MU","Tr15_update3.png","1","540639","C:/Users/Public/Experiments/IDs/05-WMC/MU/MU_SM01_results/MUsbj026.csv","update","1300","4","26","557394","558696"
"MU.osexp","C:\Users\Public\Experiments\IDs\05-WMC\MU","Tr15_update4.png","1","540639","C:/Users/Public/Experiments/IDs/05-WMC/MU/MU_SM01_results/MUsbj026.csv","update","1300","4","26","559086","560388"
"MU.osexp","C:\Users\Public\Experiments\IDs\05-WMC\MU","Tr15_update5.png","1","540639","C:/Users/Public/Experiments/IDs/05-WMC/MU/MU_SM01_results/MUsbj026.csv","update","1300","4","26","560751","562053"
"MU.osexp","C:\Users\Public\Experiments\IDs\05-WMC\MU","Tr15_update6.png","1","540639","C:/Users/Public/Experiments/IDs/05-WMC/MU/MU_SM01_results/MUsbj026.csv","update","1300","4","26","562402","563704"
"MU.osexp","C:\Users\Public\Experiments\IDs\05-WMC\MU","Tr15_test1.png","4","568528","C:/Users/Public/Experiments/IDs/05-WMC/MU/MU_SM01_results/MUsbj026.csv","test","0","4","26","564054","568528"
"MU.osexp","C:\Users\Public\Experiments\IDs\05-WMC\MU","Tr15_test2.png","5","569904","C:/Users/Public/Experiments/IDs/05-WMC/MU/MU_SM01_results/MUsbj026.csv","test","0","4","26","569627","569904"
"MU.osexp","C:\Users\Public\Experiments\IDs\05-WMC\MU","Tr15_test3.png","2","571359","C:/Users/Public/Experiments/IDs/05-WMC/MU/MU_SM01_results/MUsbj026.csv","test","0","4","26","571016","571360"
"MU.osexp","C:\Users\Public\Experiments\IDs\05-WMC\MU","Tr15_test4.png","5","572687","C:/Users/Public/Experiments/IDs/05-WMC/MU/MU_SM01_results/MUsbj026.csv","test","0","4","26","572481","572688"
"MU.osexp","C:\Users\Public\Experiments\IDs\05-WMC\MU","wait.png","5","572687","C:/Users/Public/Experiments/IDs/05-WMC/MU/MU_SM01_results/MUsbj026.csv","wait","5000","4","26","573812","572688"
"MU.osexp","C:\Users\Public\Experiments\IDs\05-WMC\MU","fixation.png","5","572687","C:/Users/Public/Experiments/IDs/05-WMC/MU/MU_SM01_results/MUsbj026.csv","fix","1500","4","26","578931","572688"
"MU.osexp","C:\Users\Public\Experiments\IDs\05-WMC\MU","Tr16_study1.png","5","572687","C:/Users/Public/Experiments/IDs/05-WMC/MU/MU_SM01_results/MUsbj026.csv","study","1000","4","26","580548","581550"
"MU.osexp","C:\Users\Public\Experiments\IDs\05-WMC\MU","Tr16_study2.png","5","572687","C:/Users/Public/Experiments/IDs/05-WMC/MU/MU_SM01_results/MUsbj026.csv","study","1000","4","26","581930","582932"
"MU.osexp","C:\Users\Public\Experiments\IDs\05-WMC\MU","Tr16_study3.png","5","572687","C:/Users/Public/Experiments/IDs/05-WMC/MU/MU_SM01_results/MUsbj026.csv","study","1000","4","26","583351","584353"
"MU.osexp","C:\Users\Public\Experiments\IDs\05-WMC\MU","Tr16_study4.png","5","572687","C:/Users/Public/Experiments/IDs/05-WMC/MU/MU_SM01_results/MUsbj026.csv","study","1000","4","26","584722","585724"
"MU.osexp","C:\Users\Public\Experiments\IDs\05-WMC\MU","Tr16_update1.png","5","572687","C:/Users/Public/Experiments/IDs/05-WMC/MU/MU_SM01_results/MUsbj026.csv","update","1300","4","26","586100","587402"
"MU.osexp","C:\Users\Public\Experiments\IDs\05-WMC\MU","Tr16_update2.png","5","572687","C:/Users/Public/Experiments/IDs/05-WMC/MU/MU_SM01_results/MUsbj026.csv","update","1300","4","26","587753","589055"
"MU.osexp","C:\Users\Public\Experiments\IDs\05-WMC\MU","Tr16_test1.png","2","592839","C:/Users/Public/Experiments/IDs/05-WMC/MU/MU_SM01_results/MUsbj026.csv","test","0","4","26","589507","592840"
"MU.osexp","C:\Users\Public\Experiments\IDs\05-WMC\MU","Tr16_test2.png","7","595272","C:/Users/Public/Experiments/IDs/05-WMC/MU/MU_SM01_results/MUsbj026.csv","test","0","4","26","593952","595273"
"MU.osexp","C:\Users\Public\Experiments\IDs\05-WMC\MU","Tr16_test3.png","8","597264","C:/Users/Public/Experiments/IDs/05-WMC/MU/MU_SM01_results/MUsbj026.csv","test","0","4","26","596390","597265"
"MU.osexp","C:\Users\Public\Experiments\IDs\05-WMC\MU","Tr16_test4.png","1","599296","C:/Users/Public/Experiments/IDs/05-WMC/MU/MU_SM01_results/MUsbj026.csv","test","0","4","26","598406","599297"
"MU.osexp","C:\Users\Public\Experiments\IDs\05-WMC\MU","wait.png","1","599296","C:/Users/Public/Experiments/IDs/05-WMC/MU/MU_SM01_results/MUsbj026.csv","wait","5000","5","26","600409","599297"
"MU.osexp","C:\Users\Public\Experiments\IDs\05-WMC\MU","fixation.png","1","599296","C:/Users/Public/Experiments/IDs/05-WMC/MU/MU_SM01_results/MUsbj026.csv","fix","1500","5","26","605529","599297"
"MU.osexp","C:\Users\Public\Experiments\IDs\05-WMC\MU","Tr17_study1.png","1","599296","C:/Users/Public/Experiments/IDs/05-WMC/MU/MU_SM01_results/MUsbj026.csv","study","1000","5","26","607155","608157"
"MU.osexp","C:\Users\Public\Experiments\IDs\05-WMC\MU","Tr17_study2.png","1","599296","C:/Users/Public/Experiments/IDs/05-WMC/MU/MU_SM01_results/MUsbj026.csv","study","1000","5","26","608521","609523"
"MU.osexp","C:\Users\Public\Experiments\IDs\05-WMC\MU","Tr17_study3.png","1","599296","C:/Users/Public/Experiments/IDs/05-WMC/MU/MU_SM01_results/MUsbj026.csv","study","1000","5","26","609935","610937"
"MU.osexp","C:\Users\Public\Experiments\IDs\05-WMC\MU","Tr17_study4.png","1","599296","C:/Users/Public/Experiments/IDs/05-WMC/MU/MU_SM01_results/MUsbj026.csv","study","1000","5","26","611291","612293"
"MU.osexp","C:\Users\Public\Experiments\IDs\05-WMC\MU","Tr17_study5.png","1","599296","C:/Users/Public/Experiments/IDs/05-WMC/MU/MU_SM01_results/MUsbj026.csv","study","1000","5","26","612668","613670"
"MU.osexp","C:\Users\Public\Experiments\IDs\05-WMC\MU","Tr17_update1.png","1","599296","C:/Users/Public/Experiments/IDs/05-WMC/MU/MU_SM01_results/MUsbj026.csv","update","1300","5","26","614041","615343"
"MU.osexp","C:\Users\Public\Experiments\IDs\05-WMC\MU","Tr17_update2.png","1","599296","C:/Users/Public/Experiments/IDs/05-WMC/MU/MU_SM01_results/MUsbj026.csv","update","1300","5","26","615879","617181"
"MU.osexp","C:\Users\Public\Experiments\IDs\05-WMC\MU","Tr17_update3.png","1","599296","C:/Users/Public/Experiments/IDs/05-WMC/MU/MU_SM01_results/MUsbj026.csv","update","1300","5","26","617537","618839"
"MU.osexp","C:\Users\Public\Experiments\IDs\05-WMC\MU","Tr17_update4.png","1","599296","C:/Users/Public/Experiments/IDs/05-WMC/MU/MU_SM01_results/MUsbj026.csv","update","1300","5","26","619182","620484"
"MU.osexp","C:\Users\Public\Experiments\IDs\05-WMC\MU","Tr17_update5.png","1","599296","C:/Users/Public/Experiments/IDs/05-WMC/MU/MU_SM01_results/MUsbj026.csv","update","1300","5","26","620840","622142"
"MU.osexp","C:\Users\Public\Experiments\IDs\05-WMC\MU","Tr17_update6.png","1","599296","C:/Users/Public/Experiments/IDs/05-WMC/MU/MU_SM01_results/MUsbj026.csv","update","1300","5","26","622507","623809"
"MU.osexp","C:\Users\Public\Experiments\IDs\05-WMC\MU","Tr17_test1.png","6","625751","C:/Users/Public/Experiments/IDs/05-WMC/MU/MU_SM01_results/MUsbj026.csv","test","0","5","26","624164","625752"
"MU.osexp","C:\Users\Public\Experiments\IDs\05-WMC\MU","Tr17_test2.png","1","628191","C:/Users/Public/Experiments/IDs/05-WMC/MU/MU_SM01_results/MUsbj026.csv","test","0","5","26","626944","628192"
"MU.osexp","C:\Users\Public\Experiments\IDs\05-WMC\MU","Tr17_test3.png","8","630352","C:/Users/Public/Experiments/IDs/05-WMC/MU/MU_SM01_results/MUsbj026.csv","test","0","5","26","629290","630353"
"MU.osexp","C:\Users\Public\Experiments\IDs\05-WMC\MU","Tr17_test4.png","5","632080","C:/Users/Public/Experiments/IDs/05-WMC/MU/MU_SM01_results/MUsbj026.csv","test","0","5","26","631609","632081"
"MU.osexp","C:\Users\Public\Experiments\IDs\05-WMC\MU","Tr17_test5.png","5","633584","C:/Users/Public/Experiments/IDs/05-WMC/MU/MU_SM01_results/MUsbj026.csv","test","0","5","26","633183","633585"
