"experiment_file","experiment_path","image","key","key_time","logfile","phase","playtime","setSize","subject_nr","timestamp","waittime"
"MU.osexp","C:\Users\Public\Experiments\IDs\05-WMC\MU","ready1.png","NA","NA","C:/Users/Public/Experiments/IDs/05-WMC/MU/MUsbj087.csv","pre","0","3","87","59338","NA"
"MU.osexp","C:\Users\Public\Experiments\IDs\05-WMC\MU","fixation.png","NA","NA","C:/Users/Public/Experiments/IDs/05-WMC/MU/MUsbj087.csv","fix","1500","3","87","60761","NA"
"MU.osexp","C:\Users\Public\Experiments\IDs\05-WMC\MU","Tr1_study1.png","NA","NA","C:/Users/Public/Experiments/IDs/05-WMC/MU/MUsbj087.csv","study","1000","3","87","62346","63348"
"MU.osexp","C:\Users\Public\Experiments\IDs\05-WMC\MU","Tr1_study2.png","NA","NA","C:/Users/Public/Experiments/IDs/05-WMC/MU/MUsbj087.csv","study","1000","3","87","63797","64797"
"MU.osexp","C:\Users\Public\Experiments\IDs\05-WMC\MU","Tr1_study3.png","NA","NA","C:/Users/Public/Experiments/IDs/05-WMC/MU/MUsbj087.csv","study","1000","3","87","65125","66126"
"MU.osexp","C:\Users\Public\Experiments\IDs\05-WMC\MU","Tr1_update1.png","NA","NA","C:/Users/Public/Experiments/IDs/05-WMC/MU/MUsbj087.csv","update","1300","3","87","66458","67758"
"MU.osexp","C:\Users\Public\Experiments\IDs\05-WMC\MU","Tr1_update2.png","NA","NA","C:/Users/Public/Experiments/IDs/05-WMC/MU/MUsbj087.csv","update","1300","3","87","68083","69385"
"MU.osexp","C:\Users\Public\Experiments\IDs\05-WMC\MU","Tr1_update3.png","NA","NA","C:/Users/Public/Experiments/IDs/05-WMC/MU/MUsbj087.csv","update","1300","3","87","69708","71010"
"MU.osexp","C:\Users\Public\Experiments\IDs\05-WMC\MU","Tr1_test1.png","6","86526","C:/Users/Public/Experiments/IDs/05-WMC/MU/MUsbj087.csv","test","0","3","87","71343","86527"
"MU.osexp","C:\Users\Public\Experiments\IDs\05-WMC\MU","Tr1_test2.png","space","90006","C:/Users/Public/Experiments/IDs/05-WMC/MU/MUsbj087.csv","test","0","3","87","87604","90007"
"MU.osexp","C:\Users\Public\Experiments\IDs\05-WMC\MU","Tr1_test3.png","space","91902","C:/Users/Public/Experiments/IDs/05-WMC/MU/MUsbj087.csv","test","0","3","87","91087","91902"
"MU.osexp","C:\Users\Public\Experiments\IDs\05-WMC\MU","wait.png","space","91902","C:/Users/Public/Experiments/IDs/05-WMC/MU/MUsbj087.csv","wait","5000","3","87","92976","91902"
"MU.osexp","C:\Users\Public\Experiments\IDs\05-WMC\MU","fixation.png","space","91902","C:/Users/Public/Experiments/IDs/05-WMC/MU/MUsbj087.csv","fix","1500","3","87","98063","91902"
"MU.osexp","C:\Users\Public\Experiments\IDs\05-WMC\MU","Tr2_study1.png","space","91902","C:/Users/Public/Experiments/IDs/05-WMC/MU/MUsbj087.csv","study","1000","3","87","99651","100651"
"MU.osexp","C:\Users\Public\Experiments\IDs\05-WMC\MU","Tr2_study2.png","space","91902","C:/Users/Public/Experiments/IDs/05-WMC/MU/MUsbj087.csv","study","1000","3","87","100969","101969"
"MU.osexp","C:\Users\Public\Experiments\IDs\05-WMC\MU","Tr2_study3.png","space","91902","C:/Users/Public/Experiments/IDs/05-WMC/MU/MUsbj087.csv","study","1000","3","87","102295","103296"
"MU.osexp","C:\Users\Public\Experiments\IDs\05-WMC\MU","Tr2_update1.png","space","91902","C:/Users/Public/Experiments/IDs/05-WMC/MU/MUsbj087.csv","update","1300","3","87","103620","104920"
"MU.osexp","C:\Users\Public\Experiments\IDs\05-WMC\MU","Tr2_update2.png","space","91902","C:/Users/Public/Experiments/IDs/05-WMC/MU/MUsbj087.csv","update","1300","3","87","105252","106552"
"MU.osexp","C:\Users\Public\Experiments\IDs\05-WMC\MU","Tr2_update3.png","space","91902","C:/Users/Public/Experiments/IDs/05-WMC/MU/MUsbj087.csv","update","1300","3","87","106891","108193"
"MU.osexp","C:\Users\Public\Experiments\IDs\05-WMC\MU","Tr2_test1.png","4","111894","C:/Users/Public/Experiments/IDs/05-WMC/MU/MUsbj087.csv","test","0","3","87","108519","111894"
"MU.osexp","C:\Users\Public\Experiments\IDs\05-WMC\MU","Tr2_test2.png","0","114957","C:/Users/Public/Experiments/IDs/05-WMC/MU/MUsbj087.csv","test","0","3","87","112977","114958"
"MU.osexp","C:\Users\Public\Experiments\IDs\05-WMC\MU","Tr2_test3.png","0","118253","C:/Users/Public/Experiments/IDs/05-WMC/MU/MUsbj087.csv","test","0","3","87","116054","118254"
"MU.osexp","C:\Users\Public\Experiments\IDs\05-WMC\MU","ready2.png","0","118253","C:/Users/Public/Experiments/IDs/05-WMC/MU/MUsbj087.csv","pre","0","3","87","122289","118254"
"MU.osexp","C:\Users\Public\Experiments\IDs\05-WMC\MU","fixation.png","0","118253","C:/Users/Public/Experiments/IDs/05-WMC/MU/MUsbj087.csv","fix","1500","3","87","123439","118254"
"MU.osexp","C:\Users\Public\Experiments\IDs\05-WMC\MU","Tr3_study1.png","0","118253","C:/Users/Public/Experiments/IDs/05-WMC/MU/MUsbj087.csv","study","1000","3","87","125034","126034"
"MU.osexp","C:\Users\Public\Experiments\IDs\05-WMC\MU","Tr3_study2.png","0","118253","C:/Users/Public/Experiments/IDs/05-WMC/MU/MUsbj087.csv","study","1000","3","87","126439","127439"
"MU.osexp","C:\Users\Public\Experiments\IDs\05-WMC\MU","Tr3_study3.png","0","118253","C:/Users/Public/Experiments/IDs/05-WMC/MU/MUsbj087.csv","study","1000","3","87","127756","128758"
"MU.osexp","C:\Users\Public\Experiments\IDs\05-WMC\MU","Tr3_update1.png","0","118253","C:/Users/Public/Experiments/IDs/05-WMC/MU/MUsbj087.csv","update","1300","3","87","129094","130396"
"MU.osexp","C:\Users\Public\Experiments\IDs\05-WMC\MU","Tr3_update2.png","0","118253","C:/Users/Public/Experiments/IDs/05-WMC/MU/MUsbj087.csv","update","1300","3","87","130840","132141"
"MU.osexp","C:\Users\Public\Experiments\IDs\05-WMC\MU","Tr3_update3.png","0","118253","C:/Users/Public/Experiments/IDs/05-WMC/MU/MUsbj087.csv","update","1300","3","87","132465","133765"
"MU.osexp","C:\Users\Public\Experiments\IDs\05-WMC\MU","Tr3_test1.png","9","137254","C:/Users/Public/Experiments/IDs/05-WMC/MU/MUsbj087.csv","test","0","3","87","134092","137255"
"MU.osexp","C:\Users\Public\Experiments\IDs\05-WMC\MU","Tr3_test2.png","1","144574","C:/Users/Public/Experiments/IDs/05-WMC/MU/MUsbj087.csv","test","0","3","87","138343","144575"
"MU.osexp","C:\Users\Public\Experiments\IDs\05-WMC\MU","Tr3_test3.png","7","146542","C:/Users/Public/Experiments/IDs/05-WMC/MU/MUsbj087.csv","test","0","3","87","145678","146542"
"MU.osexp","C:\Users\Public\Experiments\IDs\05-WMC\MU","wait.png","7","146542","C:/Users/Public/Experiments/IDs/05-WMC/MU/MUsbj087.csv","wait","5000","4","87","147616","146542"
"MU.osexp","C:\Users\Public\Experiments\IDs\05-WMC\MU","fixation.png","7","146542","C:/Users/Public/Experiments/IDs/05-WMC/MU/MUsbj087.csv","fix","1500","4","87","152697","146542"
"MU.osexp","C:\Users\Public\Experiments\IDs\05-WMC\MU","Tr4_study1.png","7","146542","C:/Users/Public/Experiments/IDs/05-WMC/MU/MUsbj087.csv","study","1000","4","87","154286","155287"
"MU.osexp","C:\Users\Public\Experiments\IDs\05-WMC\MU","Tr4_study2.png","7","146542","C:/Users/Public/Experiments/IDs/05-WMC/MU/MUsbj087.csv","study","1000","4","87","155672","156672"
"MU.osexp","C:\Users\Public\Experiments\IDs\05-WMC\MU","Tr4_study3.png","7","146542","C:/Users/Public/Experiments/IDs/05-WMC/MU/MUsbj087.csv","study","1000","4","87","156992","157993"
"MU.osexp","C:\Users\Public\Experiments\IDs\05-WMC\MU","Tr4_study4.png","7","146542","C:/Users/Public/Experiments/IDs/05-WMC/MU/MUsbj087.csv","study","1000","4","87","158324","159326"
"MU.osexp","C:\Users\Public\Experiments\IDs\05-WMC\MU","Tr4_update1.png","7","146542","C:/Users/Public/Experiments/IDs/05-WMC/MU/MUsbj087.csv","update","1300","4","87","159655","160957"
"MU.osexp","C:\Users\Public\Experiments\IDs\05-WMC\MU","Tr4_update2.png","7","146542","C:/Users/Public/Experiments/IDs/05-WMC/MU/MUsbj087.csv","update","1300","4","87","161295","162597"
"MU.osexp","C:\Users\Public\Experiments\IDs\05-WMC\MU","Tr4_update3.png","7","146542","C:/Users/Public/Experiments/IDs/05-WMC/MU/MUsbj087.csv","update","1300","4","87","162930","164231"
"MU.osexp","C:\Users\Public\Experiments\IDs\05-WMC\MU","Tr4_update4.png","7","146542","C:/Users/Public/Experiments/IDs/05-WMC/MU/MUsbj087.csv","update","1300","4","87","164559","165861"
"MU.osexp","C:\Users\Public\Experiments\IDs\05-WMC\MU","Tr4_test1.png","1","170869","C:/Users/Public/Experiments/IDs/05-WMC/MU/MUsbj087.csv","test","0","4","87","166200","170870"
"MU.osexp","C:\Users\Public\Experiments\IDs\05-WMC\MU","Tr4_test2.png","5","174038","C:/Users/Public/Experiments/IDs/05-WMC/MU/MUsbj087.csv","test","0","4","87","171987","174039"
"MU.osexp","C:\Users\Public\Experiments\IDs\05-WMC\MU","Tr4_test3.png","2","177078","C:/Users/Public/Experiments/IDs/05-WMC/MU/MUsbj087.csv","test","0","4","87","175120","177079"
"MU.osexp","C:\Users\Public\Experiments\IDs\05-WMC\MU","Tr4_test4.png","3","179678","C:/Users/Public/Experiments/IDs/05-WMC/MU/MUsbj087.csv","test","0","4","87","178169","179678"
"MU.osexp","C:\Users\Public\Experiments\IDs\05-WMC\MU","wait.png","3","179678","C:/Users/Public/Experiments/IDs/05-WMC/MU/MUsbj087.csv","wait","5000","3","87","180770","179678"
"MU.osexp","C:\Users\Public\Experiments\IDs\05-WMC\MU","fixation.png","3","179678","C:/Users/Public/Experiments/IDs/05-WMC/MU/MUsbj087.csv","fix","1500","3","87","185851","179678"
"MU.osexp","C:\Users\Public\Experiments\IDs\05-WMC\MU","Tr5_study1.png","3","179678","C:/Users/Public/Experiments/IDs/05-WMC/MU/MUsbj087.csv","study","1000","3","87","187435","188435"
"MU.osexp","C:\Users\Public\Experiments\IDs\05-WMC\MU","Tr5_study2.png","3","179678","C:/Users/Public/Experiments/IDs/05-WMC/MU/MUsbj087.csv","study","1000","3","87","188761","189761"
"MU.osexp","C:\Users\Public\Experiments\IDs\05-WMC\MU","Tr5_study3.png","3","179678","C:/Users/Public/Experiments/IDs/05-WMC/MU/MUsbj087.csv","study","1000","3","87","190098","191098"
"MU.osexp","C:\Users\Public\Experiments\IDs\05-WMC\MU","Tr5_update1.png","3","179678","C:/Users/Public/Experiments/IDs/05-WMC/MU/MUsbj087.csv","update","1300","3","87","191430","192730"
"MU.osexp","C:\Users\Public\Experiments\IDs\05-WMC\MU","Tr5_update2.png","3","179678","C:/Users/Public/Experiments/IDs/05-WMC/MU/MUsbj087.csv","update","1300","3","87","193192","194492"
"MU.osexp","C:\Users\Public\Experiments\IDs\05-WMC\MU","Tr5_update3.png","3","179678","C:/Users/Public/Experiments/IDs/05-WMC/MU/MUsbj087.csv","update","1300","3","87","194831","196133"
"MU.osexp","C:\Users\Public\Experiments\IDs\05-WMC\MU","Tr5_update4.png","3","179678","C:/Users/Public/Experiments/IDs/05-WMC/MU/MUsbj087.csv","update","1300","3","87","196471","197773"
"MU.osexp","C:\Users\Public\Experiments\IDs\05-WMC\MU","Tr5_update5.png","3","179678","C:/Users/Public/Experiments/IDs/05-WMC/MU/MUsbj087.csv","update","1300","3","87","198104","199405"
"MU.osexp","C:\Users\Public\Experiments\IDs\05-WMC\MU","Tr5_update6.png","3","179678","C:/Users/Public/Experiments/IDs/05-WMC/MU/MUsbj087.csv","update","1300","3","87","199736","201036"
"MU.osexp","C:\Users\Public\Experiments\IDs\05-WMC\MU","Tr5_test1.png","4","205893","C:/Users/Public/Experiments/IDs/05-WMC/MU/MUsbj087.csv","test","0","3","87","201376","205894"
"MU.osexp","C:\Users\Public\Experiments\IDs\05-WMC\MU","Tr5_test2.png","5","208646","C:/Users/Public/Experiments/IDs/05-WMC/MU/MUsbj087.csv","test","0","3","87","207039","208647"
"MU.osexp","C:\Users\Public\Experiments\IDs\05-WMC\MU","Tr5_test3.png","7","210134","C:/Users/Public/Experiments/IDs/05-WMC/MU/MUsbj087.csv","test","0","3","87","209719","210135"
"MU.osexp","C:\Users\Public\Experiments\IDs\05-WMC\MU","wait.png","7","210134","C:/Users/Public/Experiments/IDs/05-WMC/MU/MUsbj087.csv","wait","5000","4","87","211223","210135"
"MU.osexp","C:\Users\Public\Experiments\IDs\05-WMC\MU","fixation.png","7","210134","C:/Users/Public/Experiments/IDs/05-WMC/MU/MUsbj087.csv","fix","1500","4","87","216322","210135"
"MU.osexp","C:\Users\Public\Experiments\IDs\05-WMC\MU","Tr6_study1.png","7","210134","C:/Users/Public/Experiments/IDs/05-WMC/MU/MUsbj087.csv","study","1000","4","87","217899","218900"
"MU.osexp","C:\Users\Public\Experiments\IDs\05-WMC\MU","Tr6_study2.png","7","210134","C:/Users/Public/Experiments/IDs/05-WMC/MU/MUsbj087.csv","study","1000","4","87","219233","220235"
"MU.osexp","C:\Users\Public\Experiments\IDs\05-WMC\MU","Tr6_study3.png","7","210134","C:/Users/Public/Experiments/IDs/05-WMC/MU/MUsbj087.csv","study","1000","4","87","220583","221583"
"MU.osexp","C:\Users\Public\Experiments\IDs\05-WMC\MU","Tr6_study4.png","7","210134","C:/Users/Public/Experiments/IDs/05-WMC/MU/MUsbj087.csv","study","1000","4","87","221916","222916"
"MU.osexp","C:\Users\Public\Experiments\IDs\05-WMC\MU","Tr6_update1.png","7","210134","C:/Users/Public/Experiments/IDs/05-WMC/MU/MUsbj087.csv","update","1300","4","87","223252","224553"
"MU.osexp","C:\Users\Public\Experiments\IDs\05-WMC\MU","Tr6_update2.png","7","210134","C:/Users/Public/Experiments/IDs/05-WMC/MU/MUsbj087.csv","update","1300","4","87","224883","226184"
"MU.osexp","C:\Users\Public\Experiments\IDs\05-WMC\MU","Tr6_update3.png","7","210134","C:/Users/Public/Experiments/IDs/05-WMC/MU/MUsbj087.csv","update","1300","4","87","226520","227822"
"MU.osexp","C:\Users\Public\Experiments\IDs\05-WMC\MU","Tr6_update4.png","7","210134","C:/Users/Public/Experiments/IDs/05-WMC/MU/MUsbj087.csv","update","1300","4","87","228150","229452"
"MU.osexp","C:\Users\Public\Experiments\IDs\05-WMC\MU","Tr6_update5.png","7","210134","C:/Users/Public/Experiments/IDs/05-WMC/MU/MUsbj087.csv","update","1300","4","87","229791","231093"
"MU.osexp","C:\Users\Public\Experiments\IDs\05-WMC\MU","Tr6_test1.png","6","235870","C:/Users/Public/Experiments/IDs/05-WMC/MU/MUsbj087.csv","test","0","4","87","231430","235870"
"MU.osexp","C:\Users\Public\Experiments\IDs\05-WMC\MU","Tr6_test2.png","1","237277","C:/Users/Public/Experiments/IDs/05-WMC/MU/MUsbj087.csv","test","0","4","87","236950","237278"
"MU.osexp","C:\Users\Public\Experiments\IDs\05-WMC\MU","Tr6_test3.png","4","240517","C:/Users/Public/Experiments/IDs/05-WMC/MU/MUsbj087.csv","test","0","4","87","238382","240518"
"MU.osexp","C:\Users\Public\Experiments\IDs\05-WMC\MU","Tr6_test4.png","3","241958","C:/Users/Public/Experiments/IDs/05-WMC/MU/MUsbj087.csv","test","0","4","87","241644","241959"
"MU.osexp","C:\Users\Public\Experiments\IDs\05-WMC\MU","wait.png","3","241958","C:/Users/Public/Experiments/IDs/05-WMC/MU/MUsbj087.csv","wait","5000","5","87","243037","241959"
"MU.osexp","C:\Users\Public\Experiments\IDs\05-WMC\MU","fixation.png","3","241958","C:/Users/Public/Experiments/IDs/05-WMC/MU/MUsbj087.csv","fix","1500","5","87","248140","241959"
"MU.osexp","C:\Users\Public\Experiments\IDs\05-WMC\MU","Tr7_study1.png","3","241958","C:/Users/Public/Experiments/IDs/05-WMC/MU/MUsbj087.csv","study","1000","5","87","249736","250736"
"MU.osexp","C:\Users\Public\Experiments\IDs\05-WMC\MU","Tr7_study2.png","3","241958","C:/Users/Public/Experiments/IDs/05-WMC/MU/MUsbj087.csv","study","1000","5","87","251077","252078"
"MU.osexp","C:\Users\Public\Experiments\IDs\05-WMC\MU","Tr7_study3.png","3","241958","C:/Users/Public/Experiments/IDs/05-WMC/MU/MUsbj087.csv","study","1000","5","87","252441","253442"
"MU.osexp","C:\Users\Public\Experiments\IDs\05-WMC\MU","Tr7_study4.png","3","241958","C:/Users/Public/Experiments/IDs/05-WMC/MU/MUsbj087.csv","study","1000","5","87","253862","254865"
"MU.osexp","C:\Users\Public\Experiments\IDs\05-WMC\MU","Tr7_study5.png","3","241958","C:/Users/Public/Experiments/IDs/05-WMC/MU/MUsbj087.csv","study","1000","5","87","255198","256199"
"MU.osexp","C:\Users\Public\Experiments\IDs\05-WMC\MU","Tr7_update1.png","3","241958","C:/Users/Public/Experiments/IDs/05-WMC/MU/MUsbj087.csv","update","1300","5","87","256555","257855"
"MU.osexp","C:\Users\Public\Experiments\IDs\05-WMC\MU","Tr7_update2.png","3","241958","C:/Users/Public/Experiments/IDs/05-WMC/MU/MUsbj087.csv","update","1300","5","87","258205","259505"
"MU.osexp","C:\Users\Public\Experiments\IDs\05-WMC\MU","Tr7_update3.png","3","241958","C:/Users/Public/Experiments/IDs/05-WMC/MU/MUsbj087.csv","update","1300","5","87","259822","261124"
"MU.osexp","C:\Users\Public\Experiments\IDs\05-WMC\MU","Tr7_update4.png","3","241958","C:/Users/Public/Experiments/IDs/05-WMC/MU/MUsbj087.csv","update","1300","5","87","261460","262760"
"MU.osexp","C:\Users\Public\Experiments\IDs\05-WMC\MU","Tr7_update5.png","3","241958","C:/Users/Public/Experiments/IDs/05-WMC/MU/MUsbj087.csv","update","1300","5","87","263077","264378"
"MU.osexp","C:\Users\Public\Experiments\IDs\05-WMC\MU","Tr7_test1.png","7","267894","C:/Users/Public/Experiments/IDs/05-WMC/MU/MUsbj087.csv","test","0","5","87","264697","267895"
"MU.osexp","C:\Users\Public\Experiments\IDs\05-WMC\MU","Tr7_test2.png","3","271382","C:/Users/Public/Experiments/IDs/05-WMC/MU/MUsbj087.csv","test","0","5","87","268988","271382"
"MU.osexp","C:\Users\Public\Experiments\IDs\05-WMC\MU","Tr7_test3.png","1","272853","C:/Users/Public/Experiments/IDs/05-WMC/MU/MUsbj087.csv","test","0","5","87","272470","272854"
"MU.osexp","C:\Users\Public\Experiments\IDs\05-WMC\MU","Tr7_test4.png","6","274309","C:/Users/Public/Experiments/IDs/05-WMC/MU/MUsbj087.csv","test","0","5","87","273964","274310"
"MU.osexp","C:\Users\Public\Experiments\IDs\05-WMC\MU","Tr7_test5.png","6","276638","C:/Users/Public/Experiments/IDs/05-WMC/MU/MUsbj087.csv","test","0","5","87","275396","276639"
"MU.osexp","C:\Users\Public\Experiments\IDs\05-WMC\MU","wait.png","6","276638","C:/Users/Public/Experiments/IDs/05-WMC/MU/MUsbj087.csv","wait","5000","4","87","277711","276639"
"MU.osexp","C:\Users\Public\Experiments\IDs\05-WMC\MU","fixation.png","6","276638","C:/Users/Public/Experiments/IDs/05-WMC/MU/MUsbj087.csv","fix","1500","4","87","282777","276639"
"MU.osexp","C:\Users\Public\Experiments\IDs\05-WMC\MU","Tr8_study1.png","6","276638","C:/Users/Public/Experiments/IDs/05-WMC/MU/MUsbj087.csv","study","1000","4","87","284347","285347"
"MU.osexp","C:\Users\Public\Experiments\IDs\05-WMC\MU","Tr8_study2.png","6","276638","C:/Users/Public/Experiments/IDs/05-WMC/MU/MUsbj087.csv","study","1000","4","87","285680","286682"
"MU.osexp","C:\Users\Public\Experiments\IDs\05-WMC\MU","Tr8_study3.png","6","276638","C:/Users/Public/Experiments/IDs/05-WMC/MU/MUsbj087.csv","study","1000","4","87","287025","288025"
"MU.osexp","C:\Users\Public\Experiments\IDs\05-WMC\MU","Tr8_study4.png","6","276638","C:/Users/Public/Experiments/IDs/05-WMC/MU/MUsbj087.csv","study","1000","4","87","288390","289391"
"MU.osexp","C:\Users\Public\Experiments\IDs\05-WMC\MU","Tr8_update1.png","6","276638","C:/Users/Public/Experiments/IDs/05-WMC/MU/MUsbj087.csv","update","1300","4","87","289720","291021"
"MU.osexp","C:\Users\Public\Experiments\IDs\05-WMC\MU","Tr8_update2.png","6","276638","C:/Users/Public/Experiments/IDs/05-WMC/MU/MUsbj087.csv","update","1300","4","87","291439","292739"
"MU.osexp","C:\Users\Public\Experiments\IDs\05-WMC\MU","Tr8_update3.png","6","276638","C:/Users/Public/Experiments/IDs/05-WMC/MU/MUsbj087.csv","update","1300","4","87","293058","294358"
"MU.osexp","C:\Users\Public\Experiments\IDs\05-WMC\MU","Tr8_test1.png","2","299030","C:/Users/Public/Experiments/IDs/05-WMC/MU/MUsbj087.csv","test","0","4","87","294680","299031"
"MU.osexp","C:\Users\Public\Experiments\IDs\05-WMC\MU","Tr8_test2.png","5","301326","C:/Users/Public/Experiments/IDs/05-WMC/MU/MUsbj087.csv","test","0","4","87","300109","301327"
"MU.osexp","C:\Users\Public\Experiments\IDs\05-WMC\MU","Tr8_test3.png","7","304158","C:/Users/Public/Experiments/IDs/05-WMC/MU/MUsbj087.csv","test","0","4","87","302398","304158"
"MU.osexp","C:\Users\Public\Experiments\IDs\05-WMC\MU","Tr8_test4.png","3","306734","C:/Users/Public/Experiments/IDs/05-WMC/MU/MUsbj087.csv","test","0","4","87","305337","306734"
"MU.osexp","C:\Users\Public\Experiments\IDs\05-WMC\MU","wait.png","3","306734","C:/Users/Public/Experiments/IDs/05-WMC/MU/MUsbj087.csv","wait","5000","5","87","307841","306734"
"MU.osexp","C:\Users\Public\Experiments\IDs\05-WMC\MU","fixation.png","3","306734","C:/Users/Public/Experiments/IDs/05-WMC/MU/MUsbj087.csv","fix","1500","5","87","312918","306734"
"MU.osexp","C:\Users\Public\Experiments\IDs\05-WMC\MU","Tr9_study1.png","3","306734","C:/Users/Public/Experiments/IDs/05-WMC/MU/MUsbj087.csv","study","1000","5","87","314493","315493"
"MU.osexp","C:\Users\Public\Experiments\IDs\05-WMC\MU","Tr9_study2.png","3","306734","C:/Users/Public/Experiments/IDs/05-WMC/MU/MUsbj087.csv","study","1000","5","87","315802","316804"
"MU.osexp","C:\Users\Public\Experiments\IDs\05-WMC\MU","Tr9_study3.png","3","306734","C:/Users/Public/Experiments/IDs/05-WMC/MU/MUsbj087.csv","study","1000","5","87","317125","318127"
"MU.osexp","C:\Users\Public\Experiments\IDs\05-WMC\MU","Tr9_study4.png","3","306734","C:/Users/Public/Experiments/IDs/05-WMC/MU/MUsbj087.csv","study","1000","5","87","318464","319465"
"MU.osexp","C:\Users\Public\Experiments\IDs\05-WMC\MU","Tr9_study5.png","3","306734","C:/Users/Public/Experiments/IDs/05-WMC/MU/MUsbj087.csv","study","1000","5","87","319812","320814"
"MU.osexp","C:\Users\Public\Experiments\IDs\05-WMC\MU","Tr9_update1.png","3","306734","C:/Users/Public/Experiments/IDs/05-WMC/MU/MUsbj087.csv","update","1300","5","87","321141","322443"
"MU.osexp","C:\Users\Public\Experiments\IDs\05-WMC\MU","Tr9_update2.png","3","306734","C:/Users/Public/Experiments/IDs/05-WMC/MU/MUsbj087.csv","update","1300","5","87","322779","324081"
"MU.osexp","C:\Users\Public\Experiments\IDs\05-WMC\MU","Tr9_test1.png","4","326949","C:/Users/Public/Experiments/IDs/05-WMC/MU/MUsbj087.csv","test","0","5","87","324538","326950"
"MU.osexp","C:\Users\Public\Experiments\IDs\05-WMC\MU","Tr9_test2.png","7","330070","C:/Users/Public/Experiments/IDs/05-WMC/MU/MUsbj087.csv","test","0","5","87","328090","330071"
"MU.osexp","C:\Users\Public\Experiments\IDs\05-WMC\MU","Tr9_test3.png","5","336414","C:/Users/Public/Experiments/IDs/05-WMC/MU/MUsbj087.csv","test","0","5","87","331169","336415"
"MU.osexp","C:\Users\Public\Experiments\IDs\05-WMC\MU","Tr9_test4.png","4","338350","C:/Users/Public/Experiments/IDs/05-WMC/MU/MUsbj087.csv","test","0","5","87","337485","338351"
"MU.osexp","C:\Users\Public\Experiments\IDs\05-WMC\MU","Tr9_test5.png","1","342558","C:/Users/Public/Experiments/IDs/05-WMC/MU/MUsbj087.csv","test","0","5","87","339431","342558"
"MU.osexp","C:\Users\Public\Experiments\IDs\05-WMC\MU","wait.png","1","342558","C:/Users/Public/Experiments/IDs/05-WMC/MU/MUsbj087.csv","wait","5000","3","87","343629","342558"
"MU.osexp","C:\Users\Public\Experiments\IDs\05-WMC\MU","fixation.png","1","342558","C:/Users/Public/Experiments/IDs/05-WMC/MU/MUsbj087.csv","fix","1500","3","87","348727","342558"
"MU.osexp","C:\Users\Public\Experiments\IDs\05-WMC\MU","Tr10_study1.png","1","342558","C:/Users/Public/Experiments/IDs/05-WMC/MU/MUsbj087.csv","study","1000","3","87","350299","351300"
"MU.osexp","C:\Users\Public\Experiments\IDs\05-WMC\MU","Tr10_study2.png","1","342558","C:/Users/Public/Experiments/IDs/05-WMC/MU/MUsbj087.csv","study","1000","3","87","351635","352637"
"MU.osexp","C:\Users\Public\Experiments\IDs\05-WMC\MU","Tr10_study3.png","1","342558","C:/Users/Public/Experiments/IDs/05-WMC/MU/MUsbj087.csv","study","1000","3","87","352958","353958"
"MU.osexp","C:\Users\Public\Experiments\IDs\05-WMC\MU","Tr10_update1.png","1","342558","C:/Users/Public/Experiments/IDs/05-WMC/MU/MUsbj087.csv","update","1300","3","87","354278","355579"
"MU.osexp","C:\Users\Public\Experiments\IDs\05-WMC\MU","Tr10_update2.png","1","342558","C:/Users/Public/Experiments/IDs/05-WMC/MU/MUsbj087.csv","update","1300","3","87","355902","357203"
"MU.osexp","C:\Users\Public\Experiments\IDs\05-WMC\MU","Tr10_test1.png","5","359862","C:/Users/Public/Experiments/IDs/05-WMC/MU/MUsbj087.csv","test","0","3","87","357550","359862"
"MU.osexp","C:\Users\Public\Experiments\IDs\05-WMC\MU","Tr10_test2.png","7","362685","C:/Users/Public/Experiments/IDs/05-WMC/MU/MUsbj087.csv","test","0","3","87","360938","362686"
"MU.osexp","C:\Users\Public\Experiments\IDs\05-WMC\MU","Tr10_test3.png","3","364662","C:/Users/Public/Experiments/IDs/05-WMC/MU/MUsbj087.csv","test","0","3","87","363767","364663"
"MU.osexp","C:\Users\Public\Experiments\IDs\05-WMC\MU","wait.png","3","364662","C:/Users/Public/Experiments/IDs/05-WMC/MU/MUsbj087.csv","wait","5000","5","87","365734","364663"
"MU.osexp","C:\Users\Public\Experiments\IDs\05-WMC\MU","fixation.png","3","364662","C:/Users/Public/Experiments/IDs/05-WMC/MU/MUsbj087.csv","fix","1500","5","87","370816","364663"
"MU.osexp","C:\Users\Public\Experiments\IDs\05-WMC\MU","Tr11_study1.png","3","364662","C:/Users/Public/Experiments/IDs/05-WMC/MU/MUsbj087.csv","study","1000","5","87","372383","373383"
"MU.osexp","C:\Users\Public\Experiments\IDs\05-WMC\MU","Tr11_study2.png","3","364662","C:/Users/Public/Experiments/IDs/05-WMC/MU/MUsbj087.csv","study","1000","5","87","373750","374751"
"MU.osexp","C:\Users\Public\Experiments\IDs\05-WMC\MU","Tr11_study3.png","3","364662","C:/Users/Public/Experiments/IDs/05-WMC/MU/MUsbj087.csv","study","1000","5","87","375072","376072"
"MU.osexp","C:\Users\Public\Experiments\IDs\05-WMC\MU","Tr11_study4.png","3","364662","C:/Users/Public/Experiments/IDs/05-WMC/MU/MUsbj087.csv","study","1000","5","87","376440","377441"
"MU.osexp","C:\Users\Public\Experiments\IDs\05-WMC\MU","Tr11_study5.png","3","364662","C:/Users/Public/Experiments/IDs/05-WMC/MU/MUsbj087.csv","study","1000","5","87","377773","378773"
"MU.osexp","C:\Users\Public\Experiments\IDs\05-WMC\MU","Tr11_update1.png","3","364662","C:/Users/Public/Experiments/IDs/05-WMC/MU/MUsbj087.csv","update","1300","5","87","379119","380419"
"MU.osexp","C:\Users\Public\Experiments\IDs\05-WMC\MU","Tr11_update2.png","3","364662","C:/Users/Public/Experiments/IDs/05-WMC/MU/MUsbj087.csv","update","1300","5","87","380747","382047"
"MU.osexp","C:\Users\Public\Experiments\IDs\05-WMC\MU","Tr11_update3.png","3","364662","C:/Users/Public/Experiments/IDs/05-WMC/MU/MUsbj087.csv","update","1300","5","87","382375","383677"
"MU.osexp","C:\Users\Public\Experiments\IDs\05-WMC\MU","Tr11_test1.png","8","385918","C:/Users/Public/Experiments/IDs/05-WMC/MU/MUsbj087.csv","test","0","5","87","383998","385919"
"MU.osexp","C:\Users\Public\Experiments\IDs\05-WMC\MU","Tr11_test2.png","6","388014","C:/Users/Public/Experiments/IDs/05-WMC/MU/MUsbj087.csv","test","0","5","87","386996","388015"
"MU.osexp","C:\Users\Public\Experiments\IDs\05-WMC\MU","Tr11_test3.png","3","389398","C:/Users/Public/Experiments/IDs/05-WMC/MU/MUsbj087.csv","test","0","5","87","389099","389399"
"MU.osexp","C:\Users\Public\Experiments\IDs\05-WMC\MU","Tr11_test4.png","8","391838","C:/Users/Public/Experiments/IDs/05-WMC/MU/MUsbj087.csv","test","0","5","87","390470","391839"
"MU.osexp","C:\Users\Public\Experiments\IDs\05-WMC\MU","Tr11_test5.png","1","393190","C:/Users/Public/Experiments/IDs/05-WMC/MU/MUsbj087.csv","test","0","5","87","392907","393190"
"MU.osexp","C:\Users\Public\Experiments\IDs\05-WMC\MU","wait.png","1","393190","C:/Users/Public/Experiments/IDs/05-WMC/MU/MUsbj087.csv","wait","5000","3","87","394268","393190"
"MU.osexp","C:\Users\Public\Experiments\IDs\05-WMC\MU","fixation.png","1","393190","C:/Users/Public/Experiments/IDs/05-WMC/MU/MUsbj087.csv","fix","1500","3","87","399350","393190"
"MU.osexp","C:\Users\Public\Experiments\IDs\05-WMC\MU","Tr12_study1.png","1","393190","C:/Users/Public/Experiments/IDs/05-WMC/MU/MUsbj087.csv","study","1000","3","87","400934","401934"
"MU.osexp","C:\Users\Public\Experiments\IDs\05-WMC\MU","Tr12_study2.png","1","393190","C:/Users/Public/Experiments/IDs/05-WMC/MU/MUsbj087.csv","study","1000","3","87","402256","403258"
"MU.osexp","C:\Users\Public\Experiments\IDs\05-WMC\MU","Tr12_study3.png","1","393190","C:/Users/Public/Experiments/IDs/05-WMC/MU/MUsbj087.csv","study","1000","3","87","403662","404664"
"MU.osexp","C:\Users\Public\Experiments\IDs\05-WMC\MU","Tr12_update1.png","1","393190","C:/Users/Public/Experiments/IDs/05-WMC/MU/MUsbj087.csv","update","1300","3","87","405006","406307"
"MU.osexp","C:\Users\Public\Experiments\IDs\05-WMC\MU","Tr12_update2.png","1","393190","C:/Users/Public/Experiments/IDs/05-WMC/MU/MUsbj087.csv","update","1300","3","87","406639","407939"
"MU.osexp","C:\Users\Public\Experiments\IDs\05-WMC\MU","Tr12_update3.png","1","393190","C:/Users/Public/Experiments/IDs/05-WMC/MU/MUsbj087.csv","update","1300","3","87","408263","409564"
"MU.osexp","C:\Users\Public\Experiments\IDs\05-WMC\MU","Tr12_update4.png","1","393190","C:/Users/Public/Experiments/IDs/05-WMC/MU/MUsbj087.csv","update","1300","3","87","409883","411185"
"MU.osexp","C:\Users\Public\Experiments\IDs\05-WMC\MU","Tr12_update5.png","1","393190","C:/Users/Public/Experiments/IDs/05-WMC/MU/MUsbj087.csv","update","1300","3","87","411510","412810"
"MU.osexp","C:\Users\Public\Experiments\IDs\05-WMC\MU","Tr12_test1.png","4","415301","C:/Users/Public/Experiments/IDs/05-WMC/MU/MUsbj087.csv","test","0","3","87","413118","415302"
"MU.osexp","C:\Users\Public\Experiments\IDs\05-WMC\MU","Tr12_test2.png","7","417806","C:/Users/Public/Experiments/IDs/05-WMC/MU/MUsbj087.csv","test","0","3","87","416374","417807"
"MU.osexp","C:\Users\Public\Experiments\IDs\05-WMC\MU","Tr12_test3.png","4","419174","C:/Users/Public/Experiments/IDs/05-WMC/MU/MUsbj087.csv","test","0","3","87","418876","419175"
"MU.osexp","C:\Users\Public\Experiments\IDs\05-WMC\MU","wait.png","4","419174","C:/Users/Public/Experiments/IDs/05-WMC/MU/MUsbj087.csv","wait","5000","3","87","420256","419175"
"MU.osexp","C:\Users\Public\Experiments\IDs\05-WMC\MU","fixation.png","4","419174","C:/Users/Public/Experiments/IDs/05-WMC/MU/MUsbj087.csv","fix","1500","3","87","425316","419175"
"MU.osexp","C:\Users\Public\Experiments\IDs\05-WMC\MU","Tr13_study1.png","4","419174","C:/Users/Public/Experiments/IDs/05-WMC/MU/MUsbj087.csv","study","1000","3","87","426893","427893"
"MU.osexp","C:\Users\Public\Experiments\IDs\05-WMC\MU","Tr13_study2.png","4","419174","C:/Users/Public/Experiments/IDs/05-WMC/MU/MUsbj087.csv","study","1000","3","87","428223","429225"
"MU.osexp","C:\Users\Public\Experiments\IDs\05-WMC\MU","Tr13_study3.png","4","419174","C:/Users/Public/Experiments/IDs/05-WMC/MU/MUsbj087.csv","study","1000","3","87","429561","430561"
"MU.osexp","C:\Users\Public\Experiments\IDs\05-WMC\MU","Tr13_update1.png","4","419174","C:/Users/Public/Experiments/IDs/05-WMC/MU/MUsbj087.csv","update","1300","3","87","430882","432184"
"MU.osexp","C:\Users\Public\Experiments\IDs\05-WMC\MU","Tr13_update2.png","4","419174","C:/Users/Public/Experiments/IDs/05-WMC/MU/MUsbj087.csv","update","1300","3","87","432507","433807"
"MU.osexp","C:\Users\Public\Experiments\IDs\05-WMC\MU","Tr13_update3.png","4","419174","C:/Users/Public/Experiments/IDs/05-WMC/MU/MUsbj087.csv","update","1300","3","87","434136","435437"
"MU.osexp","C:\Users\Public\Experiments\IDs\05-WMC\MU","Tr13_update4.png","4","419174","C:/Users/Public/Experiments/IDs/05-WMC/MU/MUsbj087.csv","update","1300","3","87","435754","437056"
"MU.osexp","C:\Users\Public\Experiments\IDs\05-WMC\MU","Tr13_test1.png","3","440102","C:/Users/Public/Experiments/IDs/05-WMC/MU/MUsbj087.csv","test","0","3","87","437378","440103"
"MU.osexp","C:\Users\Public\Experiments\IDs\05-WMC\MU","Tr13_test2.png","3","442662","C:/Users/Public/Experiments/IDs/05-WMC/MU/MUsbj087.csv","test","0","3","87","441188","442663"
"MU.osexp","C:\Users\Public\Experiments\IDs\05-WMC\MU","Tr13_test3.png","7","444118","C:/Users/Public/Experiments/IDs/05-WMC/MU/MUsbj087.csv","test","0","3","87","443756","444119"
"MU.osexp","C:\Users\Public\Experiments\IDs\05-WMC\MU","wait.png","7","444118","C:/Users/Public/Experiments/IDs/05-WMC/MU/MUsbj087.csv","wait","5000","5","87","445192","444119"
"MU.osexp","C:\Users\Public\Experiments\IDs\05-WMC\MU","fixation.png","7","444118","C:/Users/Public/Experiments/IDs/05-WMC/MU/MUsbj087.csv","fix","1500","5","87","450274","444119"
"MU.osexp","C:\Users\Public\Experiments\IDs\05-WMC\MU","Tr14_study1.png","7","444118","C:/Users/Public/Experiments/IDs/05-WMC/MU/MUsbj087.csv","study","1000","5","87","451844","452845"
"MU.osexp","C:\Users\Public\Experiments\IDs\05-WMC\MU","Tr14_study2.png","7","444118","C:/Users/Public/Experiments/IDs/05-WMC/MU/MUsbj087.csv","study","1000","5","87","453174","454176"
"MU.osexp","C:\Users\Public\Experiments\IDs\05-WMC\MU","Tr14_study3.png","7","444118","C:/Users/Public/Experiments/IDs/05-WMC/MU/MUsbj087.csv","study","1000","5","87","454498","455499"
"MU.osexp","C:\Users\Public\Experiments\IDs\05-WMC\MU","Tr14_study4.png","7","444118","C:/Users/Public/Experiments/IDs/05-WMC/MU/MUsbj087.csv","study","1000","5","87","455814","456816"
"MU.osexp","C:\Users\Public\Experiments\IDs\05-WMC\MU","Tr14_study5.png","7","444118","C:/Users/Public/Experiments/IDs/05-WMC/MU/MUsbj087.csv","study","1000","5","87","457131","458131"
"MU.osexp","C:\Users\Public\Experiments\IDs\05-WMC\MU","Tr14_update1.png","7","444118","C:/Users/Public/Experiments/IDs/05-WMC/MU/MUsbj087.csv","update","1300","5","87","458467","459767"
"MU.osexp","C:\Users\Public\Experiments\IDs\05-WMC\MU","Tr14_update2.png","7","444118","C:/Users/Public/Experiments/IDs/05-WMC/MU/MUsbj087.csv","update","1300","5","87","460113","461414"
"MU.osexp","C:\Users\Public\Experiments\IDs\05-WMC\MU","Tr14_update3.png","7","444118","C:/Users/Public/Experiments/IDs/05-WMC/MU/MUsbj087.csv","update","1300","5","87","461759","463059"
"MU.osexp","C:\Users\Public\Experiments\IDs\05-WMC\MU","Tr14_update4.png","7","444118","C:/Users/Public/Experiments/IDs/05-WMC/MU/MUsbj087.csv","update","1300","5","87","463393","464695"
"MU.osexp","C:\Users\Public\Experiments\IDs\05-WMC\MU","Tr14_test1.png","7","466805","C:/Users/Public/Experiments/IDs/05-WMC/MU/MUsbj087.csv","test","0","5","87","465018","466806"
"MU.osexp","C:\Users\Public\Experiments\IDs\05-WMC\MU","Tr14_test2.png","1","469278","C:/Users/Public/Experiments/IDs/05-WMC/MU/MUsbj087.csv","test","0","5","87","467885","469279"
"MU.osexp","C:\Users\Public\Experiments\IDs\05-WMC\MU","Tr14_test3.png","4","472086","C:/Users/Public/Experiments/IDs/05-WMC/MU/MUsbj087.csv","test","0","5","87","470363","472087"
"MU.osexp","C:\Users\Public\Experiments\IDs\05-WMC\MU","Tr14_test4.png","3","473462","C:/Users/Public/Experiments/IDs/05-WMC/MU/MUsbj087.csv","test","0","5","87","473183","473463"
"MU.osexp","C:\Users\Public\Experiments\IDs\05-WMC\MU","Tr14_test5.png","8","474838","C:/Users/Public/Experiments/IDs/05-WMC/MU/MUsbj087.csv","test","0","5","87","474574","474839"
"MU.osexp","C:\Users\Public\Experiments\IDs\05-WMC\MU","wait.png","8","474838","C:/Users/Public/Experiments/IDs/05-WMC/MU/MUsbj087.csv","wait","5000","4","87","475921","474839"
"MU.osexp","C:\Users\Public\Experiments\IDs\05-WMC\MU","fixation.png","8","474838","C:/Users/Public/Experiments/IDs/05-WMC/MU/MUsbj087.csv","fix","1500","4","87","481001","474839"
"MU.osexp","C:\Users\Public\Experiments\IDs\05-WMC\MU","Tr15_study1.png","8","474838","C:/Users/Public/Experiments/IDs/05-WMC/MU/MUsbj087.csv","study","1000","4","87","482594","483594"
"MU.osexp","C:\Users\Public\Experiments\IDs\05-WMC\MU","Tr15_study2.png","8","474838","C:/Users/Public/Experiments/IDs/05-WMC/MU/MUsbj087.csv","study","1000","4","87","483925","484926"
"MU.osexp","C:\Users\Public\Experiments\IDs\05-WMC\MU","Tr15_study3.png","8","474838","C:/Users/Public/Experiments/IDs/05-WMC/MU/MUsbj087.csv","study","1000","4","87","485242","486242"
"MU.osexp","C:\Users\Public\Experiments\IDs\05-WMC\MU","Tr15_study4.png","8","474838","C:/Users/Public/Experiments/IDs/05-WMC/MU/MUsbj087.csv","study","1000","4","87","486577","487579"
"MU.osexp","C:\Users\Public\Experiments\IDs\05-WMC\MU","Tr15_update1.png","8","474838","C:/Users/Public/Experiments/IDs/05-WMC/MU/MUsbj087.csv","update","1300","4","87","487900","489201"
"MU.osexp","C:\Users\Public\Experiments\IDs\05-WMC\MU","Tr15_update2.png","8","474838","C:/Users/Public/Experiments/IDs/05-WMC/MU/MUsbj087.csv","update","1300","4","87","489533","490835"
"MU.osexp","C:\Users\Public\Experiments\IDs\05-WMC\MU","Tr15_update3.png","8","474838","C:/Users/Public/Experiments/IDs/05-WMC/MU/MUsbj087.csv","update","1300","4","87","491180","492480"
"MU.osexp","C:\Users\Public\Experiments\IDs\05-WMC\MU","Tr15_update4.png","8","474838","C:/Users/Public/Experiments/IDs/05-WMC/MU/MUsbj087.csv","update","1300","4","87","492796","494098"
"MU.osexp","C:\Users\Public\Experiments\IDs\05-WMC\MU","Tr15_update5.png","8","474838","C:/Users/Public/Experiments/IDs/05-WMC/MU/MUsbj087.csv","update","1300","4","87","494421","495721"
"MU.osexp","C:\Users\Public\Experiments\IDs\05-WMC\MU","Tr15_update6.png","8","474838","C:/Users/Public/Experiments/IDs/05-WMC/MU/MUsbj087.csv","update","1300","4","87","496086","497386"
"MU.osexp","C:\Users\Public\Experiments\IDs\05-WMC\MU","Tr15_test1.png","6","500470","C:/Users/Public/Experiments/IDs/05-WMC/MU/MUsbj087.csv","test","0","4","87","497716","500470"
"MU.osexp","C:\Users\Public\Experiments\IDs\05-WMC\MU","Tr15_test2.png","1","504534","C:/Users/Public/Experiments/IDs/05-WMC/MU/MUsbj087.csv","test","0","4","87","501559","504535"
"MU.osexp","C:\Users\Public\Experiments\IDs\05-WMC\MU","Tr15_test3.png","8","506798","C:/Users/Public/Experiments/IDs/05-WMC/MU/MUsbj087.csv","test","0","4","87","505596","506799"
"MU.osexp","C:\Users\Public\Experiments\IDs\05-WMC\MU","Tr15_test4.png","2","509102","C:/Users/Public/Experiments/IDs/05-WMC/MU/MUsbj087.csv","test","0","4","87","507871","509103"
"MU.osexp","C:\Users\Public\Experiments\IDs\05-WMC\MU","wait.png","2","509102","C:/Users/Public/Experiments/IDs/05-WMC/MU/MUsbj087.csv","wait","5000","4","87","510199","509103"
"MU.osexp","C:\Users\Public\Experiments\IDs\05-WMC\MU","fixation.png","2","509102","C:/Users/Public/Experiments/IDs/05-WMC/MU/MUsbj087.csv","fix","1500","4","87","515387","509103"
"MU.osexp","C:\Users\Public\Experiments\IDs\05-WMC\MU","Tr16_study1.png","2","509102","C:/Users/Public/Experiments/IDs/05-WMC/MU/MUsbj087.csv","study","1000","4","87","516985","517985"
"MU.osexp","C:\Users\Public\Experiments\IDs\05-WMC\MU","Tr16_study2.png","2","509102","C:/Users/Public/Experiments/IDs/05-WMC/MU/MUsbj087.csv","study","1000","4","87","518316","519317"
"MU.osexp","C:\Users\Public\Experiments\IDs\05-WMC\MU","Tr16_study3.png","2","509102","C:/Users/Public/Experiments/IDs/05-WMC/MU/MUsbj087.csv","study","1000","4","87","519652","520652"
"MU.osexp","C:\Users\Public\Experiments\IDs\05-WMC\MU","Tr16_study4.png","2","509102","C:/Users/Public/Experiments/IDs/05-WMC/MU/MUsbj087.csv","study","1000","4","87","520980","521980"
"MU.osexp","C:\Users\Public\Experiments\IDs\05-WMC\MU","Tr16_update1.png","2","509102","C:/Users/Public/Experiments/IDs/05-WMC/MU/MUsbj087.csv","update","1300","4","87","522308","523608"
"MU.osexp","C:\Users\Public\Experiments\IDs\05-WMC\MU","Tr16_update2.png","2","509102","C:/Users/Public/Experiments/IDs/05-WMC/MU/MUsbj087.csv","update","1300","4","87","523939","525240"
"MU.osexp","C:\Users\Public\Experiments\IDs\05-WMC\MU","Tr16_test1.png","7","529750","C:/Users/Public/Experiments/IDs/05-WMC/MU/MUsbj087.csv","test","0","4","87","525583","529751"
"MU.osexp","C:\Users\Public\Experiments\IDs\05-WMC\MU","Tr16_test2.png","8","533062","C:/Users/Public/Experiments/IDs/05-WMC/MU/MUsbj087.csv","test","0","4","87","530858","533063"
"MU.osexp","C:\Users\Public\Experiments\IDs\05-WMC\MU","Tr16_test3.png","3","535990","C:/Users/Public/Experiments/IDs/05-WMC/MU/MUsbj087.csv","test","0","4","87","534154","535990"
"MU.osexp","C:\Users\Public\Experiments\IDs\05-WMC\MU","Tr16_test4.png","6","537326","C:/Users/Public/Experiments/IDs/05-WMC/MU/MUsbj087.csv","test","0","4","87","537079","537326"
"MU.osexp","C:\Users\Public\Experiments\IDs\05-WMC\MU","wait.png","6","537326","C:/Users/Public/Experiments/IDs/05-WMC/MU/MUsbj087.csv","wait","5000","5","87","538405","537326"
"MU.osexp","C:\Users\Public\Experiments\IDs\05-WMC\MU","fixation.png","6","537326","C:/Users/Public/Experiments/IDs/05-WMC/MU/MUsbj087.csv","fix","1500","5","87","543484","537326"
"MU.osexp","C:\Users\Public\Experiments\IDs\05-WMC\MU","Tr17_study1.png","6","537326","C:/Users/Public/Experiments/IDs/05-WMC/MU/MUsbj087.csv","study","1000","5","87","545078","546078"
"MU.osexp","C:\Users\Public\Experiments\IDs\05-WMC\MU","Tr17_study2.png","6","537326","C:/Users/Public/Experiments/IDs/05-WMC/MU/MUsbj087.csv","study","1000","5","87","546562","547564"
"MU.osexp","C:\Users\Public\Experiments\IDs\05-WMC\MU","Tr17_study3.png","6","537326","C:/Users/Public/Experiments/IDs/05-WMC/MU/MUsbj087.csv","study","1000","5","87","547922","548922"
"MU.osexp","C:\Users\Public\Experiments\IDs\05-WMC\MU","Tr17_study4.png","6","537326","C:/Users/Public/Experiments/IDs/05-WMC/MU/MUsbj087.csv","study","1000","5","87","549251","550251"
"MU.osexp","C:\Users\Public\Experiments\IDs\05-WMC\MU","Tr17_study5.png","6","537326","C:/Users/Public/Experiments/IDs/05-WMC/MU/MUsbj087.csv","study","1000","5","87","550569","551570"
"MU.osexp","C:\Users\Public\Experiments\IDs\05-WMC\MU","Tr17_update1.png","6","537326","C:/Users/Public/Experiments/IDs/05-WMC/MU/MUsbj087.csv","update","1300","5","87","551948","553249"
"MU.osexp","C:\Users\Public\Experiments\IDs\05-WMC\MU","Tr17_update2.png","6","537326","C:/Users/Public/Experiments/IDs/05-WMC/MU/MUsbj087.csv","update","1300","5","87","553565","554867"
"MU.osexp","C:\Users\Public\Experiments\IDs\05-WMC\MU","Tr17_update3.png","6","537326","C:/Users/Public/Experiments/IDs/05-WMC/MU/MUsbj087.csv","update","1300","5","87","555194","556494"
"MU.osexp","C:\Users\Public\Experiments\IDs\05-WMC\MU","Tr17_update4.png","6","537326","C:/Users/Public/Experiments/IDs/05-WMC/MU/MUsbj087.csv","update","1300","5","87","556811","558112"
"MU.osexp","C:\Users\Public\Experiments\IDs\05-WMC\MU","Tr17_update5.png","6","537326","C:/Users/Public/Experiments/IDs/05-WMC/MU/MUsbj087.csv","update","1300","5","87","558614","559916"
"MU.osexp","C:\Users\Public\Experiments\IDs\05-WMC\MU","Tr17_update6.png","6","537326","C:/Users/Public/Experiments/IDs/05-WMC/MU/MUsbj087.csv","update","1300","5","87","560300","561601"
"MU.osexp","C:\Users\Public\Experiments\IDs\05-WMC\MU","Tr17_test1.png","3","566030","C:/Users/Public/Experiments/IDs/05-WMC/MU/MUsbj087.csv","test","0","5","87","561933","566031"
"MU.osexp","C:\Users\Public\Experiments\IDs\05-WMC\MU","Tr17_test2.png","4","570422","C:/Users/Public/Experiments/IDs/05-WMC/MU/MUsbj087.csv","test","0","5","87","567130","570423"
"MU.osexp","C:\Users\Public\Experiments\IDs\05-WMC\MU","Tr17_test3.png","9","572726","C:/Users/Public/Experiments/IDs/05-WMC/MU/MUsbj087.csv","test","0","5","87","571511","572726"
"MU.osexp","C:\Users\Public\Experiments\IDs\05-WMC\MU","Tr17_test4.png","6","574462","C:/Users/Public/Experiments/IDs/05-WMC/MU/MUsbj087.csv","test","0","5","87","573815","574463"
"MU.osexp","C:\Users\Public\Experiments\IDs\05-WMC\MU","Tr17_test5.png","8","575910","C:/Users/Public/Experiments/IDs/05-WMC/MU/MUsbj087.csv","test","0","5","87","575638","575911"
