"experiment_file","experiment_path","image","key","key_time","logfile","phase","playtime","setSize","subject_nr","timestamp","waittime"
"MU.osexp","C:\Users\Public\Experiments\IDs\05-WMC\MU","ready1.png","NA","NA","C:/Users/Public/Experiments/IDs/05-WMC/MU/MUsbj078.csv","pre","0","3","78","206451","NA"
"MU.osexp","C:\Users\Public\Experiments\IDs\05-WMC\MU","fixation.png","NA","NA","C:/Users/Public/Experiments/IDs/05-WMC/MU/MUsbj078.csv","fix","1500","3","78","208301","NA"
"MU.osexp","C:\Users\Public\Experiments\IDs\05-WMC\MU","Tr1_study1.png","NA","NA","C:/Users/Public/Experiments/IDs/05-WMC/MU/MUsbj078.csv","study","1000","3","78","209889","210889"
"MU.osexp","C:\Users\Public\Experiments\IDs\05-WMC\MU","Tr1_study2.png","NA","NA","C:/Users/Public/Experiments/IDs/05-WMC/MU/MUsbj078.csv","study","1000","3","78","211231","212232"
"MU.osexp","C:\Users\Public\Experiments\IDs\05-WMC\MU","Tr1_study3.png","NA","NA","C:/Users/Public/Experiments/IDs/05-WMC/MU/MUsbj078.csv","study","1000","3","78","212573","213575"
"MU.osexp","C:\Users\Public\Experiments\IDs\05-WMC\MU","Tr1_update1.png","NA","NA","C:/Users/Public/Experiments/IDs/05-WMC/MU/MUsbj078.csv","update","1300","3","78","213910","215212"
"MU.osexp","C:\Users\Public\Experiments\IDs\05-WMC\MU","Tr1_update2.png","NA","NA","C:/Users/Public/Experiments/IDs/05-WMC/MU/MUsbj078.csv","update","1300","3","78","215675","216976"
"MU.osexp","C:\Users\Public\Experiments\IDs\05-WMC\MU","Tr1_update3.png","NA","NA","C:/Users/Public/Experiments/IDs/05-WMC/MU/MUsbj078.csv","update","1300","3","78","217429","218731"
"MU.osexp","C:\Users\Public\Experiments\IDs\05-WMC\MU","Tr1_test1.png","7","230151","C:/Users/Public/Experiments/IDs/05-WMC/MU/MUsbj078.csv","test","0","3","78","219066","230152"
"MU.osexp","C:\Users\Public\Experiments\IDs\05-WMC\MU","Tr1_test2.png","8","242448","C:/Users/Public/Experiments/IDs/05-WMC/MU/MUsbj078.csv","test","0","3","78","231220","242449"
"MU.osexp","C:\Users\Public\Experiments\IDs\05-WMC\MU","Tr1_test3.png","5","247240","C:/Users/Public/Experiments/IDs/05-WMC/MU/MUsbj078.csv","test","0","3","78","243607","247240"
"MU.osexp","C:\Users\Public\Experiments\IDs\05-WMC\MU","wait.png","5","247240","C:/Users/Public/Experiments/IDs/05-WMC/MU/MUsbj078.csv","wait","5000","3","78","248324","247240"
"MU.osexp","C:\Users\Public\Experiments\IDs\05-WMC\MU","fixation.png","5","247240","C:/Users/Public/Experiments/IDs/05-WMC/MU/MUsbj078.csv","fix","1500","3","78","253425","247240"
"MU.osexp","C:\Users\Public\Experiments\IDs\05-WMC\MU","Tr2_study1.png","5","247240","C:/Users/Public/Experiments/IDs/05-WMC/MU/MUsbj078.csv","study","1000","3","78","255007","256007"
"MU.osexp","C:\Users\Public\Experiments\IDs\05-WMC\MU","Tr2_study2.png","5","247240","C:/Users/Public/Experiments/IDs/05-WMC/MU/MUsbj078.csv","study","1000","3","78","256351","257353"
"MU.osexp","C:\Users\Public\Experiments\IDs\05-WMC\MU","Tr2_study3.png","5","247240","C:/Users/Public/Experiments/IDs/05-WMC/MU/MUsbj078.csv","study","1000","3","78","257701","258701"
"MU.osexp","C:\Users\Public\Experiments\IDs\05-WMC\MU","Tr2_update1.png","5","247240","C:/Users/Public/Experiments/IDs/05-WMC/MU/MUsbj078.csv","update","1300","3","78","259013","260313"
"MU.osexp","C:\Users\Public\Experiments\IDs\05-WMC\MU","Tr2_update2.png","5","247240","C:/Users/Public/Experiments/IDs/05-WMC/MU/MUsbj078.csv","update","1300","3","78","260656","261956"
"MU.osexp","C:\Users\Public\Experiments\IDs\05-WMC\MU","Tr2_update3.png","5","247240","C:/Users/Public/Experiments/IDs/05-WMC/MU/MUsbj078.csv","update","1300","3","78","262290","263592"
"MU.osexp","C:\Users\Public\Experiments\IDs\05-WMC\MU","Tr2_test1.png","4","272671","C:/Users/Public/Experiments/IDs/05-WMC/MU/MUsbj078.csv","test","0","3","78","263930","272672"
"MU.osexp","C:\Users\Public\Experiments\IDs\05-WMC\MU","Tr2_test2.png","8","280840","C:/Users/Public/Experiments/IDs/05-WMC/MU/MUsbj078.csv","test","0","3","78","273761","280840"
"MU.osexp","C:\Users\Public\Experiments\IDs\05-WMC\MU","Tr2_test3.png","1","284327","C:/Users/Public/Experiments/IDs/05-WMC/MU/MUsbj078.csv","test","0","3","78","281940","284328"
"MU.osexp","C:\Users\Public\Experiments\IDs\05-WMC\MU","ready2.png","1","284327","C:/Users/Public/Experiments/IDs/05-WMC/MU/MUsbj078.csv","pre","0","3","78","288971","284328"
"MU.osexp","C:\Users\Public\Experiments\IDs\05-WMC\MU","fixation.png","1","284327","C:/Users/Public/Experiments/IDs/05-WMC/MU/MUsbj078.csv","fix","1500","3","78","290980","284328"
"MU.osexp","C:\Users\Public\Experiments\IDs\05-WMC\MU","Tr3_study1.png","1","284327","C:/Users/Public/Experiments/IDs/05-WMC/MU/MUsbj078.csv","study","1000","3","78","292573","293574"
"MU.osexp","C:\Users\Public\Experiments\IDs\05-WMC\MU","Tr3_study2.png","1","284327","C:/Users/Public/Experiments/IDs/05-WMC/MU/MUsbj078.csv","study","1000","3","78","293926","294927"
"MU.osexp","C:\Users\Public\Experiments\IDs\05-WMC\MU","Tr3_study3.png","1","284327","C:/Users/Public/Experiments/IDs/05-WMC/MU/MUsbj078.csv","study","1000","3","78","295390","296392"
"MU.osexp","C:\Users\Public\Experiments\IDs\05-WMC\MU","Tr3_update1.png","1","284327","C:/Users/Public/Experiments/IDs/05-WMC/MU/MUsbj078.csv","update","1300","3","78","296759","298060"
"MU.osexp","C:\Users\Public\Experiments\IDs\05-WMC\MU","Tr3_update2.png","1","284327","C:/Users/Public/Experiments/IDs/05-WMC/MU/MUsbj078.csv","update","1300","3","78","298387","299688"
"MU.osexp","C:\Users\Public\Experiments\IDs\05-WMC\MU","Tr3_update3.png","1","284327","C:/Users/Public/Experiments/IDs/05-WMC/MU/MUsbj078.csv","update","1300","3","78","300042","301342"
"MU.osexp","C:\Users\Public\Experiments\IDs\05-WMC\MU","Tr3_test1.png","9","303311","C:/Users/Public/Experiments/IDs/05-WMC/MU/MUsbj078.csv","test","0","3","78","301691","303312"
"MU.osexp","C:\Users\Public\Experiments\IDs\05-WMC\MU","Tr3_test2.png","7","305287","C:/Users/Public/Experiments/IDs/05-WMC/MU/MUsbj078.csv","test","0","3","78","304408","305288"
"MU.osexp","C:\Users\Public\Experiments\IDs\05-WMC\MU","Tr3_test3.png","7","307191","C:/Users/Public/Experiments/IDs/05-WMC/MU/MUsbj078.csv","test","0","3","78","306369","307192"
"MU.osexp","C:\Users\Public\Experiments\IDs\05-WMC\MU","wait.png","7","307191","C:/Users/Public/Experiments/IDs/05-WMC/MU/MUsbj078.csv","wait","5000","4","78","308287","307192"
"MU.osexp","C:\Users\Public\Experiments\IDs\05-WMC\MU","fixation.png","7","307191","C:/Users/Public/Experiments/IDs/05-WMC/MU/MUsbj078.csv","fix","1500","4","78","313353","307192"
"MU.osexp","C:\Users\Public\Experiments\IDs\05-WMC\MU","Tr4_study1.png","7","307191","C:/Users/Public/Experiments/IDs/05-WMC/MU/MUsbj078.csv","study","1000","4","78","314937","315937"
"MU.osexp","C:\Users\Public\Experiments\IDs\05-WMC\MU","Tr4_study2.png","7","307191","C:/Users/Public/Experiments/IDs/05-WMC/MU/MUsbj078.csv","study","1000","4","78","316252","317253"
"MU.osexp","C:\Users\Public\Experiments\IDs\05-WMC\MU","Tr4_study3.png","7","307191","C:/Users/Public/Experiments/IDs/05-WMC/MU/MUsbj078.csv","study","1000","4","78","317670","318671"
"MU.osexp","C:\Users\Public\Experiments\IDs\05-WMC\MU","Tr4_study4.png","7","307191","C:/Users/Public/Experiments/IDs/05-WMC/MU/MUsbj078.csv","study","1000","4","78","318996","319997"
"MU.osexp","C:\Users\Public\Experiments\IDs\05-WMC\MU","Tr4_update1.png","7","307191","C:/Users/Public/Experiments/IDs/05-WMC/MU/MUsbj078.csv","update","1300","4","78","320331","321632"
"MU.osexp","C:\Users\Public\Experiments\IDs\05-WMC\MU","Tr4_update2.png","7","307191","C:/Users/Public/Experiments/IDs/05-WMC/MU/MUsbj078.csv","update","1300","4","78","321961","323262"
"MU.osexp","C:\Users\Public\Experiments\IDs\05-WMC\MU","Tr4_update3.png","7","307191","C:/Users/Public/Experiments/IDs/05-WMC/MU/MUsbj078.csv","update","1300","4","78","323697","324999"
"MU.osexp","C:\Users\Public\Experiments\IDs\05-WMC\MU","Tr4_update4.png","7","307191","C:/Users/Public/Experiments/IDs/05-WMC/MU/MUsbj078.csv","update","1300","4","78","325323","326625"
"MU.osexp","C:\Users\Public\Experiments\IDs\05-WMC\MU","Tr4_test1.png","3","329536","C:/Users/Public/Experiments/IDs/05-WMC/MU/MUsbj078.csv","test","0","4","78","326957","329537"
"MU.osexp","C:\Users\Public\Experiments\IDs\05-WMC\MU","Tr4_test2.png","1","339895","C:/Users/Public/Experiments/IDs/05-WMC/MU/MUsbj078.csv","test","0","4","78","330616","339896"
"MU.osexp","C:\Users\Public\Experiments\IDs\05-WMC\MU","Tr4_test3.png","1","343759","C:/Users/Public/Experiments/IDs/05-WMC/MU/MUsbj078.csv","test","0","4","78","341010","343760"
"MU.osexp","C:\Users\Public\Experiments\IDs\05-WMC\MU","Tr4_test4.png","5","347048","C:/Users/Public/Experiments/IDs/05-WMC/MU/MUsbj078.csv","test","0","4","78","344840","347049"
"MU.osexp","C:\Users\Public\Experiments\IDs\05-WMC\MU","wait.png","5","347048","C:/Users/Public/Experiments/IDs/05-WMC/MU/MUsbj078.csv","wait","5000","3","78","348119","347049"
"MU.osexp","C:\Users\Public\Experiments\IDs\05-WMC\MU","fixation.png","5","347048","C:/Users/Public/Experiments/IDs/05-WMC/MU/MUsbj078.csv","fix","1500","3","78","353188","347049"
"MU.osexp","C:\Users\Public\Experiments\IDs\05-WMC\MU","Tr5_study1.png","5","347048","C:/Users/Public/Experiments/IDs/05-WMC/MU/MUsbj078.csv","study","1000","3","78","354763","355763"
"MU.osexp","C:\Users\Public\Experiments\IDs\05-WMC\MU","Tr5_study2.png","5","347048","C:/Users/Public/Experiments/IDs/05-WMC/MU/MUsbj078.csv","study","1000","3","78","356090","357091"
"MU.osexp","C:\Users\Public\Experiments\IDs\05-WMC\MU","Tr5_study3.png","5","347048","C:/Users/Public/Experiments/IDs/05-WMC/MU/MUsbj078.csv","study","1000","3","78","357422","358423"
"MU.osexp","C:\Users\Public\Experiments\IDs\05-WMC\MU","Tr5_update1.png","5","347048","C:/Users/Public/Experiments/IDs/05-WMC/MU/MUsbj078.csv","update","1300","3","78","358761","360063"
"MU.osexp","C:\Users\Public\Experiments\IDs\05-WMC\MU","Tr5_update2.png","5","347048","C:/Users/Public/Experiments/IDs/05-WMC/MU/MUsbj078.csv","update","1300","3","78","360394","361694"
"MU.osexp","C:\Users\Public\Experiments\IDs\05-WMC\MU","Tr5_update3.png","5","347048","C:/Users/Public/Experiments/IDs/05-WMC/MU/MUsbj078.csv","update","1300","3","78","362006","363306"
"MU.osexp","C:\Users\Public\Experiments\IDs\05-WMC\MU","Tr5_update4.png","5","347048","C:/Users/Public/Experiments/IDs/05-WMC/MU/MUsbj078.csv","update","1300","3","78","363675","364977"
"MU.osexp","C:\Users\Public\Experiments\IDs\05-WMC\MU","Tr5_update5.png","5","347048","C:/Users/Public/Experiments/IDs/05-WMC/MU/MUsbj078.csv","update","1300","3","78","365287","366587"
"MU.osexp","C:\Users\Public\Experiments\IDs\05-WMC\MU","Tr5_update6.png","5","347048","C:/Users/Public/Experiments/IDs/05-WMC/MU/MUsbj078.csv","update","1300","3","78","366908","368209"
"MU.osexp","C:\Users\Public\Experiments\IDs\05-WMC\MU","Tr5_test1.png","2","372623","C:/Users/Public/Experiments/IDs/05-WMC/MU/MUsbj078.csv","test","0","3","78","368570","372624"
"MU.osexp","C:\Users\Public\Experiments\IDs\05-WMC\MU","Tr5_test2.png","8","378943","C:/Users/Public/Experiments/IDs/05-WMC/MU/MUsbj078.csv","test","0","3","78","373694","378944"
"MU.osexp","C:\Users\Public\Experiments\IDs\05-WMC\MU","Tr5_test3.png","5","383776","C:/Users/Public/Experiments/IDs/05-WMC/MU/MUsbj078.csv","test","0","3","78","380023","383777"
"MU.osexp","C:\Users\Public\Experiments\IDs\05-WMC\MU","wait.png","5","383776","C:/Users/Public/Experiments/IDs/05-WMC/MU/MUsbj078.csv","wait","5000","4","78","384844","383777"
"MU.osexp","C:\Users\Public\Experiments\IDs\05-WMC\MU","fixation.png","5","383776","C:/Users/Public/Experiments/IDs/05-WMC/MU/MUsbj078.csv","fix","1500","4","78","389925","383777"
"MU.osexp","C:\Users\Public\Experiments\IDs\05-WMC\MU","Tr6_study1.png","5","383776","C:/Users/Public/Experiments/IDs/05-WMC/MU/MUsbj078.csv","study","1000","4","78","391510","392511"
"MU.osexp","C:\Users\Public\Experiments\IDs\05-WMC\MU","Tr6_study2.png","5","383776","C:/Users/Public/Experiments/IDs/05-WMC/MU/MUsbj078.csv","study","1000","4","78","392822","393822"
"MU.osexp","C:\Users\Public\Experiments\IDs\05-WMC\MU","Tr6_study3.png","5","383776","C:/Users/Public/Experiments/IDs/05-WMC/MU/MUsbj078.csv","study","1000","4","78","394209","395209"
"MU.osexp","C:\Users\Public\Experiments\IDs\05-WMC\MU","Tr6_study4.png","5","383776","C:/Users/Public/Experiments/IDs/05-WMC/MU/MUsbj078.csv","study","1000","4","78","395667","396667"
"MU.osexp","C:\Users\Public\Experiments\IDs\05-WMC\MU","Tr6_update1.png","5","383776","C:/Users/Public/Experiments/IDs/05-WMC/MU/MUsbj078.csv","update","1300","4","78","396993","398295"
"MU.osexp","C:\Users\Public\Experiments\IDs\05-WMC\MU","Tr6_update2.png","5","383776","C:/Users/Public/Experiments/IDs/05-WMC/MU/MUsbj078.csv","update","1300","4","78","398652","399953"
"MU.osexp","C:\Users\Public\Experiments\IDs\05-WMC\MU","Tr6_update3.png","5","383776","C:/Users/Public/Experiments/IDs/05-WMC/MU/MUsbj078.csv","update","1300","4","78","400365","401667"
"MU.osexp","C:\Users\Public\Experiments\IDs\05-WMC\MU","Tr6_update4.png","5","383776","C:/Users/Public/Experiments/IDs/05-WMC/MU/MUsbj078.csv","update","1300","4","78","401995","403295"
"MU.osexp","C:\Users\Public\Experiments\IDs\05-WMC\MU","Tr6_update5.png","5","383776","C:/Users/Public/Experiments/IDs/05-WMC/MU/MUsbj078.csv","update","1300","4","78","403661","404961"
"MU.osexp","C:\Users\Public\Experiments\IDs\05-WMC\MU","Tr6_test1.png","6","407991","C:/Users/Public/Experiments/IDs/05-WMC/MU/MUsbj078.csv","test","0","4","78","405306","407992"
"MU.osexp","C:\Users\Public\Experiments\IDs\05-WMC\MU","Tr6_test2.png","1","412879","C:/Users/Public/Experiments/IDs/05-WMC/MU/MUsbj078.csv","test","0","4","78","409077","412880"
"MU.osexp","C:\Users\Public\Experiments\IDs\05-WMC\MU","Tr6_test3.png","7","416232","C:/Users/Public/Experiments/IDs/05-WMC/MU/MUsbj078.csv","test","0","4","78","413947","416233"
"MU.osexp","C:\Users\Public\Experiments\IDs\05-WMC\MU","Tr6_test4.png","6","420112","C:/Users/Public/Experiments/IDs/05-WMC/MU/MUsbj078.csv","test","0","4","78","417332","420113"
"MU.osexp","C:\Users\Public\Experiments\IDs\05-WMC\MU","wait.png","6","420112","C:/Users/Public/Experiments/IDs/05-WMC/MU/MUsbj078.csv","wait","5000","5","78","421187","420113"
"MU.osexp","C:\Users\Public\Experiments\IDs\05-WMC\MU","fixation.png","6","420112","C:/Users/Public/Experiments/IDs/05-WMC/MU/MUsbj078.csv","fix","1500","5","78","426255","420113"
"MU.osexp","C:\Users\Public\Experiments\IDs\05-WMC\MU","Tr7_study1.png","6","420112","C:/Users/Public/Experiments/IDs/05-WMC/MU/MUsbj078.csv","study","1000","5","78","427855","428856"
"MU.osexp","C:\Users\Public\Experiments\IDs\05-WMC\MU","Tr7_study2.png","6","420112","C:/Users/Public/Experiments/IDs/05-WMC/MU/MUsbj078.csv","study","1000","5","78","429185","430188"
"MU.osexp","C:\Users\Public\Experiments\IDs\05-WMC\MU","Tr7_study3.png","6","420112","C:/Users/Public/Experiments/IDs/05-WMC/MU/MUsbj078.csv","study","1000","5","78","430520","431521"
"MU.osexp","C:\Users\Public\Experiments\IDs\05-WMC\MU","Tr7_study4.png","6","420112","C:/Users/Public/Experiments/IDs/05-WMC/MU/MUsbj078.csv","study","1000","5","78","431854","432854"
"MU.osexp","C:\Users\Public\Experiments\IDs\05-WMC\MU","Tr7_study5.png","6","420112","C:/Users/Public/Experiments/IDs/05-WMC/MU/MUsbj078.csv","study","1000","5","78","433188","434188"
"MU.osexp","C:\Users\Public\Experiments\IDs\05-WMC\MU","Tr7_update1.png","6","420112","C:/Users/Public/Experiments/IDs/05-WMC/MU/MUsbj078.csv","update","1300","5","78","434513","435814"
"MU.osexp","C:\Users\Public\Experiments\IDs\05-WMC\MU","Tr7_update2.png","6","420112","C:/Users/Public/Experiments/IDs/05-WMC/MU/MUsbj078.csv","update","1300","5","78","436143","437443"
"MU.osexp","C:\Users\Public\Experiments\IDs\05-WMC\MU","Tr7_update3.png","6","420112","C:/Users/Public/Experiments/IDs/05-WMC/MU/MUsbj078.csv","update","1300","5","78","437771","439073"
"MU.osexp","C:\Users\Public\Experiments\IDs\05-WMC\MU","Tr7_update4.png","6","420112","C:/Users/Public/Experiments/IDs/05-WMC/MU/MUsbj078.csv","update","1300","5","78","439458","440760"
"MU.osexp","C:\Users\Public\Experiments\IDs\05-WMC\MU","Tr7_update5.png","6","420112","C:/Users/Public/Experiments/IDs/05-WMC/MU/MUsbj078.csv","update","1300","5","78","441149","442449"
"MU.osexp","C:\Users\Public\Experiments\IDs\05-WMC\MU","Tr7_test1.png","1","447487","C:/Users/Public/Experiments/IDs/05-WMC/MU/MUsbj078.csv","test","0","5","78","442785","447488"
"MU.osexp","C:\Users\Public\Experiments\IDs\05-WMC\MU","Tr7_test2.png","7","452320","C:/Users/Public/Experiments/IDs/05-WMC/MU/MUsbj078.csv","test","0","5","78","448579","452321"
"MU.osexp","C:\Users\Public\Experiments\IDs\05-WMC\MU","Tr7_test3.png","3","456248","C:/Users/Public/Experiments/IDs/05-WMC/MU/MUsbj078.csv","test","0","5","78","453389","456249"
"MU.osexp","C:\Users\Public\Experiments\IDs\05-WMC\MU","Tr7_test4.png","1","458296","C:/Users/Public/Experiments/IDs/05-WMC/MU/MUsbj078.csv","test","0","5","78","457352","458297"
"MU.osexp","C:\Users\Public\Experiments\IDs\05-WMC\MU","Tr7_test5.png","6","461551","C:/Users/Public/Experiments/IDs/05-WMC/MU/MUsbj078.csv","test","0","5","78","459389","461552"
"MU.osexp","C:\Users\Public\Experiments\IDs\05-WMC\MU","wait.png","6","461551","C:/Users/Public/Experiments/IDs/05-WMC/MU/MUsbj078.csv","wait","5000","4","78","462639","461552"
"MU.osexp","C:\Users\Public\Experiments\IDs\05-WMC\MU","fixation.png","6","461551","C:/Users/Public/Experiments/IDs/05-WMC/MU/MUsbj078.csv","fix","1500","4","78","467715","461552"
"MU.osexp","C:\Users\Public\Experiments\IDs\05-WMC\MU","Tr8_study1.png","6","461551","C:/Users/Public/Experiments/IDs/05-WMC/MU/MUsbj078.csv","study","1000","4","78","469299","470299"
"MU.osexp","C:\Users\Public\Experiments\IDs\05-WMC\MU","Tr8_study2.png","6","461551","C:/Users/Public/Experiments/IDs/05-WMC/MU/MUsbj078.csv","study","1000","4","78","470627","471627"
"MU.osexp","C:\Users\Public\Experiments\IDs\05-WMC\MU","Tr8_study3.png","6","461551","C:/Users/Public/Experiments/IDs/05-WMC/MU/MUsbj078.csv","study","1000","4","78","471954","472955"
"MU.osexp","C:\Users\Public\Experiments\IDs\05-WMC\MU","Tr8_study4.png","6","461551","C:/Users/Public/Experiments/IDs/05-WMC/MU/MUsbj078.csv","study","1000","4","78","473300","474302"
"MU.osexp","C:\Users\Public\Experiments\IDs\05-WMC\MU","Tr8_update1.png","6","461551","C:/Users/Public/Experiments/IDs/05-WMC/MU/MUsbj078.csv","update","1300","4","78","474619","475920"
"MU.osexp","C:\Users\Public\Experiments\IDs\05-WMC\MU","Tr8_update2.png","6","461551","C:/Users/Public/Experiments/IDs/05-WMC/MU/MUsbj078.csv","update","1300","4","78","476249","477551"
"MU.osexp","C:\Users\Public\Experiments\IDs\05-WMC\MU","Tr8_update3.png","6","461551","C:/Users/Public/Experiments/IDs/05-WMC/MU/MUsbj078.csv","update","1300","4","78","477874","479176"
"MU.osexp","C:\Users\Public\Experiments\IDs\05-WMC\MU","Tr8_test1.png","6","482775","C:/Users/Public/Experiments/IDs/05-WMC/MU/MUsbj078.csv","test","0","4","78","479515","482776"
"MU.osexp","C:\Users\Public\Experiments\IDs\05-WMC\MU","Tr8_test2.png","4","485207","C:/Users/Public/Experiments/IDs/05-WMC/MU/MUsbj078.csv","test","0","4","78","483870","485208"
"MU.osexp","C:\Users\Public\Experiments\IDs\05-WMC\MU","Tr8_test3.png","9","488160","C:/Users/Public/Experiments/IDs/05-WMC/MU/MUsbj078.csv","test","0","4","78","486397","488161"
"MU.osexp","C:\Users\Public\Experiments\IDs\05-WMC\MU","Tr8_test4.png","2","489944","C:/Users/Public/Experiments/IDs/05-WMC/MU/MUsbj078.csv","test","0","4","78","489250","489945"
"MU.osexp","C:\Users\Public\Experiments\IDs\05-WMC\MU","wait.png","2","489944","C:/Users/Public/Experiments/IDs/05-WMC/MU/MUsbj078.csv","wait","5000","5","78","491022","489945"
"MU.osexp","C:\Users\Public\Experiments\IDs\05-WMC\MU","fixation.png","2","489944","C:/Users/Public/Experiments/IDs/05-WMC/MU/MUsbj078.csv","fix","1500","5","78","496084","489945"
"MU.osexp","C:\Users\Public\Experiments\IDs\05-WMC\MU","Tr9_study1.png","2","489944","C:/Users/Public/Experiments/IDs/05-WMC/MU/MUsbj078.csv","study","1000","5","78","497662","498662"
"MU.osexp","C:\Users\Public\Experiments\IDs\05-WMC\MU","Tr9_study2.png","2","489944","C:/Users/Public/Experiments/IDs/05-WMC/MU/MUsbj078.csv","study","1000","5","78","498984","499986"
"MU.osexp","C:\Users\Public\Experiments\IDs\05-WMC\MU","Tr9_study3.png","2","489944","C:/Users/Public/Experiments/IDs/05-WMC/MU/MUsbj078.csv","study","1000","5","78","500304","501305"
"MU.osexp","C:\Users\Public\Experiments\IDs\05-WMC\MU","Tr9_study4.png","2","489944","C:/Users/Public/Experiments/IDs/05-WMC/MU/MUsbj078.csv","study","1000","5","78","501647","502649"
"MU.osexp","C:\Users\Public\Experiments\IDs\05-WMC\MU","Tr9_study5.png","2","489944","C:/Users/Public/Experiments/IDs/05-WMC/MU/MUsbj078.csv","study","1000","5","78","503006","504006"
"MU.osexp","C:\Users\Public\Experiments\IDs\05-WMC\MU","Tr9_update1.png","2","489944","C:/Users/Public/Experiments/IDs/05-WMC/MU/MUsbj078.csv","update","1300","5","78","504327","505628"
"MU.osexp","C:\Users\Public\Experiments\IDs\05-WMC\MU","Tr9_update2.png","2","489944","C:/Users/Public/Experiments/IDs/05-WMC/MU/MUsbj078.csv","update","1300","5","78","505957","507258"
"MU.osexp","C:\Users\Public\Experiments\IDs\05-WMC\MU","Tr9_test1.png","6","510704","C:/Users/Public/Experiments/IDs/05-WMC/MU/MUsbj078.csv","test","0","5","78","507589","510704"
"MU.osexp","C:\Users\Public\Experiments\IDs\05-WMC\MU","Tr9_test2.png","6","518095","C:/Users/Public/Experiments/IDs/05-WMC/MU/MUsbj078.csv","test","0","5","78","511789","518096"
"MU.osexp","C:\Users\Public\Experiments\IDs\05-WMC\MU","Tr9_test3.png","7","521512","C:/Users/Public/Experiments/IDs/05-WMC/MU/MUsbj078.csv","test","0","5","78","519187","521513"
"MU.osexp","C:\Users\Public\Experiments\IDs\05-WMC\MU","Tr9_test4.png","9","524688","C:/Users/Public/Experiments/IDs/05-WMC/MU/MUsbj078.csv","test","0","5","78","522590","524689"
"MU.osexp","C:\Users\Public\Experiments\IDs\05-WMC\MU","Tr9_test5.png","4","527664","C:/Users/Public/Experiments/IDs/05-WMC/MU/MUsbj078.csv","test","0","5","78","525774","527665"
"MU.osexp","C:\Users\Public\Experiments\IDs\05-WMC\MU","wait.png","4","527664","C:/Users/Public/Experiments/IDs/05-WMC/MU/MUsbj078.csv","wait","5000","3","78","528761","527665"
"MU.osexp","C:\Users\Public\Experiments\IDs\05-WMC\MU","fixation.png","4","527664","C:/Users/Public/Experiments/IDs/05-WMC/MU/MUsbj078.csv","fix","1500","3","78","533823","527665"
"MU.osexp","C:\Users\Public\Experiments\IDs\05-WMC\MU","Tr10_study1.png","4","527664","C:/Users/Public/Experiments/IDs/05-WMC/MU/MUsbj078.csv","study","1000","3","78","535405","536405"
"MU.osexp","C:\Users\Public\Experiments\IDs\05-WMC\MU","Tr10_study2.png","4","527664","C:/Users/Public/Experiments/IDs/05-WMC/MU/MUsbj078.csv","study","1000","3","78","536735","537735"
"MU.osexp","C:\Users\Public\Experiments\IDs\05-WMC\MU","Tr10_study3.png","4","527664","C:/Users/Public/Experiments/IDs/05-WMC/MU/MUsbj078.csv","study","1000","3","78","538069","539070"
"MU.osexp","C:\Users\Public\Experiments\IDs\05-WMC\MU","Tr10_update1.png","4","527664","C:/Users/Public/Experiments/IDs/05-WMC/MU/MUsbj078.csv","update","1300","3","78","539410","540712"
"MU.osexp","C:\Users\Public\Experiments\IDs\05-WMC\MU","Tr10_update2.png","4","527664","C:/Users/Public/Experiments/IDs/05-WMC/MU/MUsbj078.csv","update","1300","3","78","541041","542341"
"MU.osexp","C:\Users\Public\Experiments\IDs\05-WMC\MU","Tr10_test1.png","5","544272","C:/Users/Public/Experiments/IDs/05-WMC/MU/MUsbj078.csv","test","0","3","78","542670","544273"
"MU.osexp","C:\Users\Public\Experiments\IDs\05-WMC\MU","Tr10_test2.png","7","547664","C:/Users/Public/Experiments/IDs/05-WMC/MU/MUsbj078.csv","test","0","3","78","545371","547664"
"MU.osexp","C:\Users\Public\Experiments\IDs\05-WMC\MU","Tr10_test3.png","5","549607","C:/Users/Public/Experiments/IDs/05-WMC/MU/MUsbj078.csv","test","0","3","78","548756","549608"
"MU.osexp","C:\Users\Public\Experiments\IDs\05-WMC\MU","wait.png","5","549607","C:/Users/Public/Experiments/IDs/05-WMC/MU/MUsbj078.csv","wait","5000","5","78","550698","549608"
"MU.osexp","C:\Users\Public\Experiments\IDs\05-WMC\MU","fixation.png","5","549607","C:/Users/Public/Experiments/IDs/05-WMC/MU/MUsbj078.csv","fix","1500","5","78","555768","549608"
"MU.osexp","C:\Users\Public\Experiments\IDs\05-WMC\MU","Tr11_study1.png","5","549607","C:/Users/Public/Experiments/IDs/05-WMC/MU/MUsbj078.csv","study","1000","5","78","557355","558356"
"MU.osexp","C:\Users\Public\Experiments\IDs\05-WMC\MU","Tr11_study2.png","5","549607","C:/Users/Public/Experiments/IDs/05-WMC/MU/MUsbj078.csv","study","1000","5","78","558690","559691"
"MU.osexp","C:\Users\Public\Experiments\IDs\05-WMC\MU","Tr11_study3.png","5","549607","C:/Users/Public/Experiments/IDs/05-WMC/MU/MUsbj078.csv","study","1000","5","78","560020","561021"
"MU.osexp","C:\Users\Public\Experiments\IDs\05-WMC\MU","Tr11_study4.png","5","549607","C:/Users/Public/Experiments/IDs/05-WMC/MU/MUsbj078.csv","study","1000","5","78","561343","562344"
"MU.osexp","C:\Users\Public\Experiments\IDs\05-WMC\MU","Tr11_study5.png","5","549607","C:/Users/Public/Experiments/IDs/05-WMC/MU/MUsbj078.csv","study","1000","5","78","562669","563670"
"MU.osexp","C:\Users\Public\Experiments\IDs\05-WMC\MU","Tr11_update1.png","5","549607","C:/Users/Public/Experiments/IDs/05-WMC/MU/MUsbj078.csv","update","1300","5","78","564006","565308"
"MU.osexp","C:\Users\Public\Experiments\IDs\05-WMC\MU","Tr11_update2.png","5","549607","C:/Users/Public/Experiments/IDs/05-WMC/MU/MUsbj078.csv","update","1300","5","78","565657","566957"
"MU.osexp","C:\Users\Public\Experiments\IDs\05-WMC\MU","Tr11_update3.png","5","549607","C:/Users/Public/Experiments/IDs/05-WMC/MU/MUsbj078.csv","update","1300","5","78","567286","568587"
"MU.osexp","C:\Users\Public\Experiments\IDs\05-WMC\MU","Tr11_test1.png","1","574216","C:/Users/Public/Experiments/IDs/05-WMC/MU/MUsbj078.csv","test","0","5","78","568903","574217"
"MU.osexp","C:\Users\Public\Experiments\IDs\05-WMC\MU","Tr11_test2.png","2","576152","C:/Users/Public/Experiments/IDs/05-WMC/MU/MUsbj078.csv","test","0","5","78","575328","576153"
"MU.osexp","C:\Users\Public\Experiments\IDs\05-WMC\MU","Tr11_test3.png","1","580824","C:/Users/Public/Experiments/IDs/05-WMC/MU/MUsbj078.csv","test","0","5","78","577228","580825"
"MU.osexp","C:\Users\Public\Experiments\IDs\05-WMC\MU","Tr11_test4.png","5","583424","C:/Users/Public/Experiments/IDs/05-WMC/MU/MUsbj078.csv","test","0","5","78","581904","583424"
"MU.osexp","C:\Users\Public\Experiments\IDs\05-WMC\MU","Tr11_test5.png","6","585983","C:/Users/Public/Experiments/IDs/05-WMC/MU/MUsbj078.csv","test","0","5","78","584503","585984"
"MU.osexp","C:\Users\Public\Experiments\IDs\05-WMC\MU","wait.png","6","585983","C:/Users/Public/Experiments/IDs/05-WMC/MU/MUsbj078.csv","wait","5000","3","78","587062","585984"
"MU.osexp","C:\Users\Public\Experiments\IDs\05-WMC\MU","fixation.png","6","585983","C:/Users/Public/Experiments/IDs/05-WMC/MU/MUsbj078.csv","fix","1500","3","78","592143","585984"
"MU.osexp","C:\Users\Public\Experiments\IDs\05-WMC\MU","Tr12_study1.png","6","585983","C:/Users/Public/Experiments/IDs/05-WMC/MU/MUsbj078.csv","study","1000","3","78","593726","594726"
"MU.osexp","C:\Users\Public\Experiments\IDs\05-WMC\MU","Tr12_study2.png","6","585983","C:/Users/Public/Experiments/IDs/05-WMC/MU/MUsbj078.csv","study","1000","3","78","595062","596063"
"MU.osexp","C:\Users\Public\Experiments\IDs\05-WMC\MU","Tr12_study3.png","6","585983","C:/Users/Public/Experiments/IDs/05-WMC/MU/MUsbj078.csv","study","1000","3","78","596408","597409"
"MU.osexp","C:\Users\Public\Experiments\IDs\05-WMC\MU","Tr12_update1.png","6","585983","C:/Users/Public/Experiments/IDs/05-WMC/MU/MUsbj078.csv","update","1300","3","78","597750","599051"
"MU.osexp","C:\Users\Public\Experiments\IDs\05-WMC\MU","Tr12_update2.png","6","585983","C:/Users/Public/Experiments/IDs/05-WMC/MU/MUsbj078.csv","update","1300","3","78","599408","600710"
"MU.osexp","C:\Users\Public\Experiments\IDs\05-WMC\MU","Tr12_update3.png","6","585983","C:/Users/Public/Experiments/IDs/05-WMC/MU/MUsbj078.csv","update","1300","3","78","601084","602386"
"MU.osexp","C:\Users\Public\Experiments\IDs\05-WMC\MU","Tr12_update4.png","6","585983","C:/Users/Public/Experiments/IDs/05-WMC/MU/MUsbj078.csv","update","1300","3","78","602722","604023"
"MU.osexp","C:\Users\Public\Experiments\IDs\05-WMC\MU","Tr12_update5.png","6","585983","C:/Users/Public/Experiments/IDs/05-WMC/MU/MUsbj078.csv","update","1300","3","78","604349","605649"
"MU.osexp","C:\Users\Public\Experiments\IDs\05-WMC\MU","Tr12_test1.png","2","611264","C:/Users/Public/Experiments/IDs/05-WMC/MU/MUsbj078.csv","test","0","3","78","605964","611265"
"MU.osexp","C:\Users\Public\Experiments\IDs\05-WMC\MU","Tr12_test2.png","4","618728","C:/Users/Public/Experiments/IDs/05-WMC/MU/MUsbj078.csv","test","0","3","78","612341","618729"
"MU.osexp","C:\Users\Public\Experiments\IDs\05-WMC\MU","Tr12_test3.png","8","620591","C:/Users/Public/Experiments/IDs/05-WMC/MU/MUsbj078.csv","test","0","3","78","619823","620592"
"MU.osexp","C:\Users\Public\Experiments\IDs\05-WMC\MU","wait.png","8","620591","C:/Users/Public/Experiments/IDs/05-WMC/MU/MUsbj078.csv","wait","5000","3","78","621672","620592"
"MU.osexp","C:\Users\Public\Experiments\IDs\05-WMC\MU","fixation.png","8","620591","C:/Users/Public/Experiments/IDs/05-WMC/MU/MUsbj078.csv","fix","1500","3","78","626749","620592"
"MU.osexp","C:\Users\Public\Experiments\IDs\05-WMC\MU","Tr13_study1.png","8","620591","C:/Users/Public/Experiments/IDs/05-WMC/MU/MUsbj078.csv","study","1000","3","78","628333","629333"
"MU.osexp","C:\Users\Public\Experiments\IDs\05-WMC\MU","Tr13_study2.png","8","620591","C:/Users/Public/Experiments/IDs/05-WMC/MU/MUsbj078.csv","study","1000","3","78","629659","630661"
"MU.osexp","C:\Users\Public\Experiments\IDs\05-WMC\MU","Tr13_study3.png","8","620591","C:/Users/Public/Experiments/IDs/05-WMC/MU/MUsbj078.csv","study","1000","3","78","630979","631979"
"MU.osexp","C:\Users\Public\Experiments\IDs\05-WMC\MU","Tr13_update1.png","8","620591","C:/Users/Public/Experiments/IDs/05-WMC/MU/MUsbj078.csv","update","1300","3","78","632312","633612"
"MU.osexp","C:\Users\Public\Experiments\IDs\05-WMC\MU","Tr13_update2.png","8","620591","C:/Users/Public/Experiments/IDs/05-WMC/MU/MUsbj078.csv","update","1300","3","78","634000","635302"
"MU.osexp","C:\Users\Public\Experiments\IDs\05-WMC\MU","Tr13_update3.png","8","620591","C:/Users/Public/Experiments/IDs/05-WMC/MU/MUsbj078.csv","update","1300","3","78","635636","636936"
"MU.osexp","C:\Users\Public\Experiments\IDs\05-WMC\MU","Tr13_update4.png","8","620591","C:/Users/Public/Experiments/IDs/05-WMC/MU/MUsbj078.csv","update","1300","3","78","637267","638567"
"MU.osexp","C:\Users\Public\Experiments\IDs\05-WMC\MU","Tr13_test1.png","5","641391","C:/Users/Public/Experiments/IDs/05-WMC/MU/MUsbj078.csv","test","0","3","78","638910","641392"
"MU.osexp","C:\Users\Public\Experiments\IDs\05-WMC\MU","Tr13_test2.png","1","649368","C:/Users/Public/Experiments/IDs/05-WMC/MU/MUsbj078.csv","test","0","3","78","642499","649369"
"MU.osexp","C:\Users\Public\Experiments\IDs\05-WMC\MU","Tr13_test3.png","5","651640","C:/Users/Public/Experiments/IDs/05-WMC/MU/MUsbj078.csv","test","0","3","78","650452","651641"
"MU.osexp","C:\Users\Public\Experiments\IDs\05-WMC\MU","wait.png","5","651640","C:/Users/Public/Experiments/IDs/05-WMC/MU/MUsbj078.csv","wait","5000","5","78","652726","651641"
"MU.osexp","C:\Users\Public\Experiments\IDs\05-WMC\MU","fixation.png","5","651640","C:/Users/Public/Experiments/IDs/05-WMC/MU/MUsbj078.csv","fix","1500","5","78","657813","651641"
"MU.osexp","C:\Users\Public\Experiments\IDs\05-WMC\MU","Tr14_study1.png","5","651640","C:/Users/Public/Experiments/IDs/05-WMC/MU/MUsbj078.csv","study","1000","5","78","659375","660375"
"MU.osexp","C:\Users\Public\Experiments\IDs\05-WMC\MU","Tr14_study2.png","5","651640","C:/Users/Public/Experiments/IDs/05-WMC/MU/MUsbj078.csv","study","1000","5","78","660703","661705"
"MU.osexp","C:\Users\Public\Experiments\IDs\05-WMC\MU","Tr14_study3.png","5","651640","C:/Users/Public/Experiments/IDs/05-WMC/MU/MUsbj078.csv","study","1000","5","78","662051","663052"
"MU.osexp","C:\Users\Public\Experiments\IDs\05-WMC\MU","Tr14_study4.png","5","651640","C:/Users/Public/Experiments/IDs/05-WMC/MU/MUsbj078.csv","study","1000","5","78","663405","664405"
"MU.osexp","C:\Users\Public\Experiments\IDs\05-WMC\MU","Tr14_study5.png","5","651640","C:/Users/Public/Experiments/IDs/05-WMC/MU/MUsbj078.csv","study","1000","5","78","664742","665742"
"MU.osexp","C:\Users\Public\Experiments\IDs\05-WMC\MU","Tr14_update1.png","5","651640","C:/Users/Public/Experiments/IDs/05-WMC/MU/MUsbj078.csv","update","1300","5","78","666092","667393"
"MU.osexp","C:\Users\Public\Experiments\IDs\05-WMC\MU","Tr14_update2.png","5","651640","C:/Users/Public/Experiments/IDs/05-WMC/MU/MUsbj078.csv","update","1300","5","78","667720","669021"
"MU.osexp","C:\Users\Public\Experiments\IDs\05-WMC\MU","Tr14_update3.png","5","651640","C:/Users/Public/Experiments/IDs/05-WMC/MU/MUsbj078.csv","update","1300","5","78","669376","670678"
"MU.osexp","C:\Users\Public\Experiments\IDs\05-WMC\MU","Tr14_update4.png","5","651640","C:/Users/Public/Experiments/IDs/05-WMC/MU/MUsbj078.csv","update","1300","5","78","671001","672302"
"MU.osexp","C:\Users\Public\Experiments\IDs\05-WMC\MU","Tr14_test1.png","7","675519","C:/Users/Public/Experiments/IDs/05-WMC/MU/MUsbj078.csv","test","0","5","78","672646","675520"
"MU.osexp","C:\Users\Public\Experiments\IDs\05-WMC\MU","Tr14_test2.png","5","677807","C:/Users/Public/Experiments/IDs/05-WMC/MU/MUsbj078.csv","test","0","5","78","676595","677808"
"MU.osexp","C:\Users\Public\Experiments\IDs\05-WMC\MU","Tr14_test3.png","3","680464","C:/Users/Public/Experiments/IDs/05-WMC/MU/MUsbj078.csv","test","0","5","78","678917","680465"
"MU.osexp","C:\Users\Public\Experiments\IDs\05-WMC\MU","Tr14_test4.png","1","682712","C:/Users/Public/Experiments/IDs/05-WMC/MU/MUsbj078.csv","test","0","5","78","681545","682713"
"MU.osexp","C:\Users\Public\Experiments\IDs\05-WMC\MU","Tr14_test5.png","2","684664","C:/Users/Public/Experiments/IDs/05-WMC/MU/MUsbj078.csv","test","0","5","78","683785","684665"
"MU.osexp","C:\Users\Public\Experiments\IDs\05-WMC\MU","wait.png","2","684664","C:/Users/Public/Experiments/IDs/05-WMC/MU/MUsbj078.csv","wait","5000","4","78","685748","684665"
"MU.osexp","C:\Users\Public\Experiments\IDs\05-WMC\MU","fixation.png","2","684664","C:/Users/Public/Experiments/IDs/05-WMC/MU/MUsbj078.csv","fix","1500","4","78","690822","684665"
"MU.osexp","C:\Users\Public\Experiments\IDs\05-WMC\MU","Tr15_study1.png","2","684664","C:/Users/Public/Experiments/IDs/05-WMC/MU/MUsbj078.csv","study","1000","4","78","692406","693406"
"MU.osexp","C:\Users\Public\Experiments\IDs\05-WMC\MU","Tr15_study2.png","2","684664","C:/Users/Public/Experiments/IDs/05-WMC/MU/MUsbj078.csv","study","1000","4","78","693738","694738"
"MU.osexp","C:\Users\Public\Experiments\IDs\05-WMC\MU","Tr15_study3.png","2","684664","C:/Users/Public/Experiments/IDs/05-WMC/MU/MUsbj078.csv","study","1000","4","78","695054","696054"
"MU.osexp","C:\Users\Public\Experiments\IDs\05-WMC\MU","Tr15_study4.png","2","684664","C:/Users/Public/Experiments/IDs/05-WMC/MU/MUsbj078.csv","study","1000","4","78","696366","697368"
"MU.osexp","C:\Users\Public\Experiments\IDs\05-WMC\MU","Tr15_update1.png","2","684664","C:/Users/Public/Experiments/IDs/05-WMC/MU/MUsbj078.csv","update","1300","4","78","697693","698993"
"MU.osexp","C:\Users\Public\Experiments\IDs\05-WMC\MU","Tr15_update2.png","2","684664","C:/Users/Public/Experiments/IDs/05-WMC/MU/MUsbj078.csv","update","1300","4","78","699309","700611"
"MU.osexp","C:\Users\Public\Experiments\IDs\05-WMC\MU","Tr15_update3.png","2","684664","C:/Users/Public/Experiments/IDs/05-WMC/MU/MUsbj078.csv","update","1300","4","78","701030","702331"
"MU.osexp","C:\Users\Public\Experiments\IDs\05-WMC\MU","Tr15_update4.png","2","684664","C:/Users/Public/Experiments/IDs/05-WMC/MU/MUsbj078.csv","update","1300","4","78","702640","703942"
"MU.osexp","C:\Users\Public\Experiments\IDs\05-WMC\MU","Tr15_update5.png","2","684664","C:/Users/Public/Experiments/IDs/05-WMC/MU/MUsbj078.csv","update","1300","4","78","704274","705574"
"MU.osexp","C:\Users\Public\Experiments\IDs\05-WMC\MU","Tr15_update6.png","2","684664","C:/Users/Public/Experiments/IDs/05-WMC/MU/MUsbj078.csv","update","1300","4","78","705887","707189"
"MU.osexp","C:\Users\Public\Experiments\IDs\05-WMC\MU","Tr15_test1.png","8","709431","C:/Users/Public/Experiments/IDs/05-WMC/MU/MUsbj078.csv","test","0","4","78","707515","709432"
"MU.osexp","C:\Users\Public\Experiments\IDs\05-WMC\MU","Tr15_test2.png","1","711591","C:/Users/Public/Experiments/IDs/05-WMC/MU/MUsbj078.csv","test","0","4","78","710495","711592"
"MU.osexp","C:\Users\Public\Experiments\IDs\05-WMC\MU","Tr15_test3.png","8","715792","C:/Users/Public/Experiments/IDs/05-WMC/MU/MUsbj078.csv","test","0","4","78","712678","715793"
"MU.osexp","C:\Users\Public\Experiments\IDs\05-WMC\MU","Tr15_test4.png","1","717392","C:/Users/Public/Experiments/IDs/05-WMC/MU/MUsbj078.csv","test","0","4","78","716879","717393"
"MU.osexp","C:\Users\Public\Experiments\IDs\05-WMC\MU","wait.png","1","717392","C:/Users/Public/Experiments/IDs/05-WMC/MU/MUsbj078.csv","wait","5000","4","78","718468","717393"
"MU.osexp","C:\Users\Public\Experiments\IDs\05-WMC\MU","fixation.png","1","717392","C:/Users/Public/Experiments/IDs/05-WMC/MU/MUsbj078.csv","fix","1500","4","78","723711","717393"
"MU.osexp","C:\Users\Public\Experiments\IDs\05-WMC\MU","Tr16_study1.png","1","717392","C:/Users/Public/Experiments/IDs/05-WMC/MU/MUsbj078.csv","study","1000","4","78","725268","726269"
"MU.osexp","C:\Users\Public\Experiments\IDs\05-WMC\MU","Tr16_study2.png","1","717392","C:/Users/Public/Experiments/IDs/05-WMC/MU/MUsbj078.csv","study","1000","4","78","726596","727596"
"MU.osexp","C:\Users\Public\Experiments\IDs\05-WMC\MU","Tr16_study3.png","1","717392","C:/Users/Public/Experiments/IDs/05-WMC/MU/MUsbj078.csv","study","1000","4","78","727929","728930"
"MU.osexp","C:\Users\Public\Experiments\IDs\05-WMC\MU","Tr16_study4.png","1","717392","C:/Users/Public/Experiments/IDs/05-WMC/MU/MUsbj078.csv","study","1000","4","78","729248","730250"
"MU.osexp","C:\Users\Public\Experiments\IDs\05-WMC\MU","Tr16_update1.png","1","717392","C:/Users/Public/Experiments/IDs/05-WMC/MU/MUsbj078.csv","update","1300","4","78","730573","731873"
"MU.osexp","C:\Users\Public\Experiments\IDs\05-WMC\MU","Tr16_update2.png","1","717392","C:/Users/Public/Experiments/IDs/05-WMC/MU/MUsbj078.csv","update","1300","4","78","732194","733495"
"MU.osexp","C:\Users\Public\Experiments\IDs\05-WMC\MU","Tr16_test1.png","4","737520","C:/Users/Public/Experiments/IDs/05-WMC/MU/MUsbj078.csv","test","0","4","78","733821","737521"
"MU.osexp","C:\Users\Public\Experiments\IDs\05-WMC\MU","Tr16_test2.png","9","739896","C:/Users/Public/Experiments/IDs/05-WMC/MU/MUsbj078.csv","test","0","4","78","738610","739897"
"MU.osexp","C:\Users\Public\Experiments\IDs\05-WMC\MU","Tr16_test3.png","4","741312","C:/Users/Public/Experiments/IDs/05-WMC/MU/MUsbj078.csv","test","0","4","78","740976","741313"
"MU.osexp","C:\Users\Public\Experiments\IDs\05-WMC\MU","Tr16_test4.png","8","743232","C:/Users/Public/Experiments/IDs/05-WMC/MU/MUsbj078.csv","test","0","4","78","742391","743232"
"MU.osexp","C:\Users\Public\Experiments\IDs\05-WMC\MU","wait.png","8","743232","C:/Users/Public/Experiments/IDs/05-WMC/MU/MUsbj078.csv","wait","5000","5","78","744317","743232"
"MU.osexp","C:\Users\Public\Experiments\IDs\05-WMC\MU","fixation.png","8","743232","C:/Users/Public/Experiments/IDs/05-WMC/MU/MUsbj078.csv","fix","1500","5","78","749384","743232"
"MU.osexp","C:\Users\Public\Experiments\IDs\05-WMC\MU","Tr17_study1.png","8","743232","C:/Users/Public/Experiments/IDs/05-WMC/MU/MUsbj078.csv","study","1000","5","78","750970","751972"
"MU.osexp","C:\Users\Public\Experiments\IDs\05-WMC\MU","Tr17_study2.png","8","743232","C:/Users/Public/Experiments/IDs/05-WMC/MU/MUsbj078.csv","study","1000","5","78","752295","753297"
"MU.osexp","C:\Users\Public\Experiments\IDs\05-WMC\MU","Tr17_study3.png","8","743232","C:/Users/Public/Experiments/IDs/05-WMC/MU/MUsbj078.csv","study","1000","5","78","753629","754629"
"MU.osexp","C:\Users\Public\Experiments\IDs\05-WMC\MU","Tr17_study4.png","8","743232","C:/Users/Public/Experiments/IDs/05-WMC/MU/MUsbj078.csv","study","1000","5","78","754961","755962"
"MU.osexp","C:\Users\Public\Experiments\IDs\05-WMC\MU","Tr17_study5.png","8","743232","C:/Users/Public/Experiments/IDs/05-WMC/MU/MUsbj078.csv","study","1000","5","78","756284","757285"
"MU.osexp","C:\Users\Public\Experiments\IDs\05-WMC\MU","Tr17_update1.png","8","743232","C:/Users/Public/Experiments/IDs/05-WMC/MU/MUsbj078.csv","update","1300","5","78","757678","758978"
"MU.osexp","C:\Users\Public\Experiments\IDs\05-WMC\MU","Tr17_update2.png","8","743232","C:/Users/Public/Experiments/IDs/05-WMC/MU/MUsbj078.csv","update","1300","5","78","759302","760604"
"MU.osexp","C:\Users\Public\Experiments\IDs\05-WMC\MU","Tr17_update3.png","8","743232","C:/Users/Public/Experiments/IDs/05-WMC/MU/MUsbj078.csv","update","1300","5","78","760944","762245"
"MU.osexp","C:\Users\Public\Experiments\IDs\05-WMC\MU","Tr17_update4.png","8","743232","C:/Users/Public/Experiments/IDs/05-WMC/MU/MUsbj078.csv","update","1300","5","78","762571","763873"
"MU.osexp","C:\Users\Public\Experiments\IDs\05-WMC\MU","Tr17_update5.png","8","743232","C:/Users/Public/Experiments/IDs/05-WMC/MU/MUsbj078.csv","update","1300","5","78","764202","765504"
"MU.osexp","C:\Users\Public\Experiments\IDs\05-WMC\MU","Tr17_update6.png","8","743232","C:/Users/Public/Experiments/IDs/05-WMC/MU/MUsbj078.csv","update","1300","5","78","765831","767132"
"MU.osexp","C:\Users\Public\Experiments\IDs\05-WMC\MU","Tr17_test1.png","8","771104","C:/Users/Public/Experiments/IDs/05-WMC/MU/MUsbj078.csv","test","0","5","78","767455","771105"
"MU.osexp","C:\Users\Public\Experiments\IDs\05-WMC\MU","Tr17_test2.png","7","773712","C:/Users/Public/Experiments/IDs/05-WMC/MU/MUsbj078.csv","test","0","5","78","772193","773713"
"MU.osexp","C:\Users\Public\Experiments\IDs\05-WMC\MU","Tr17_test3.png","4","776568","C:/Users/Public/Experiments/IDs/05-WMC/MU/MUsbj078.csv","test","0","5","78","774785","776569"
"MU.osexp","C:\Users\Public\Experiments\IDs\05-WMC\MU","Tr17_test4.png","1","779096","C:/Users/Public/Experiments/IDs/05-WMC/MU/MUsbj078.csv","test","0","5","78","777643","779096"
"MU.osexp","C:\Users\Public\Experiments\IDs\05-WMC\MU","Tr17_test5.png","8","781527","C:/Users/Public/Experiments/IDs/05-WMC/MU/MUsbj078.csv","test","0","5","78","780179","781528"
