"experiment_file","experiment_path","image","key","key_time","logfile","phase","playtime","setSize","subject_nr","timestamp","waittime"
"MU.osexp","C:\Users\Public\Experiments\IDs\05-WMC\MU","ready1.png","NA","NA","C:/Users/Public/Experiments/IDs/05-WMC/MU/MU_SM01_results/MUsbj046.csv","pre","0","3","46","116077","NA"
"MU.osexp","C:\Users\Public\Experiments\IDs\05-WMC\MU","fixation.png","NA","NA","C:/Users/Public/Experiments/IDs/05-WMC/MU/MU_SM01_results/MUsbj046.csv","fix","1500","3","46","117777","NA"
"MU.osexp","C:\Users\Public\Experiments\IDs\05-WMC\MU","Tr1_study1.png","NA","NA","C:/Users/Public/Experiments/IDs/05-WMC/MU/MU_SM01_results/MUsbj046.csv","study","1000","3","46","119396","120398"
"MU.osexp","C:\Users\Public\Experiments\IDs\05-WMC\MU","Tr1_study2.png","NA","NA","C:/Users/Public/Experiments/IDs/05-WMC/MU/MU_SM01_results/MUsbj046.csv","study","1000","3","46","120859","121861"
"MU.osexp","C:\Users\Public\Experiments\IDs\05-WMC\MU","Tr1_study3.png","NA","NA","C:/Users/Public/Experiments/IDs/05-WMC/MU/MU_SM01_results/MUsbj046.csv","study","1000","3","46","122222","123224"
"MU.osexp","C:\Users\Public\Experiments\IDs\05-WMC\MU","Tr1_update1.png","NA","NA","C:/Users/Public/Experiments/IDs/05-WMC/MU/MU_SM01_results/MUsbj046.csv","update","1300","3","46","123555","124857"
"MU.osexp","C:\Users\Public\Experiments\IDs\05-WMC\MU","Tr1_update2.png","NA","NA","C:/Users/Public/Experiments/IDs/05-WMC/MU/MU_SM01_results/MUsbj046.csv","update","1300","3","46","125256","126558"
"MU.osexp","C:\Users\Public\Experiments\IDs\05-WMC\MU","Tr1_update3.png","NA","NA","C:/Users/Public/Experiments/IDs/05-WMC/MU/MU_SM01_results/MUsbj046.csv","update","1300","3","46","126932","128233"
"MU.osexp","C:\Users\Public\Experiments\IDs\05-WMC\MU","Tr1_test1.png","9","141073","C:/Users/Public/Experiments/IDs/05-WMC/MU/MU_SM01_results/MUsbj046.csv","test","0","3","46","128599","141074"
"MU.osexp","C:\Users\Public\Experiments\IDs\05-WMC\MU","Tr1_test2.png","8","161769","C:/Users/Public/Experiments/IDs/05-WMC/MU/MU_SM01_results/MUsbj046.csv","test","0","3","46","142195","161770"
"MU.osexp","C:\Users\Public\Experiments\IDs\05-WMC\MU","Tr1_test3.png","2","179073","C:/Users/Public/Experiments/IDs/05-WMC/MU/MU_SM01_results/MUsbj046.csv","test","0","3","46","162882","179074"
"MU.osexp","C:\Users\Public\Experiments\IDs\05-WMC\MU","wait.png","2","179073","C:/Users/Public/Experiments/IDs/05-WMC/MU/MU_SM01_results/MUsbj046.csv","wait","5000","3","46","180196","179074"
"MU.osexp","C:\Users\Public\Experiments\IDs\05-WMC\MU","fixation.png","2","179073","C:/Users/Public/Experiments/IDs/05-WMC/MU/MU_SM01_results/MUsbj046.csv","fix","1500","3","46","185331","179074"
"MU.osexp","C:\Users\Public\Experiments\IDs\05-WMC\MU","Tr2_study1.png","2","179073","C:/Users/Public/Experiments/IDs/05-WMC/MU/MU_SM01_results/MUsbj046.csv","study","1000","3","46","186957","187959"
"MU.osexp","C:\Users\Public\Experiments\IDs\05-WMC\MU","Tr2_study2.png","2","179073","C:/Users/Public/Experiments/IDs/05-WMC/MU/MU_SM01_results/MUsbj046.csv","study","1000","3","46","188331","189333"
"MU.osexp","C:\Users\Public\Experiments\IDs\05-WMC\MU","Tr2_study3.png","2","179073","C:/Users/Public/Experiments/IDs/05-WMC/MU/MU_SM01_results/MUsbj046.csv","study","1000","3","46","189714","190716"
"MU.osexp","C:\Users\Public\Experiments\IDs\05-WMC\MU","Tr2_update1.png","2","179073","C:/Users/Public/Experiments/IDs/05-WMC/MU/MU_SM01_results/MUsbj046.csv","update","1300","3","46","191095","192397"
"MU.osexp","C:\Users\Public\Experiments\IDs\05-WMC\MU","Tr2_update2.png","2","179073","C:/Users/Public/Experiments/IDs/05-WMC/MU/MU_SM01_results/MUsbj046.csv","update","1300","3","46","192776","194078"
"MU.osexp","C:\Users\Public\Experiments\IDs\05-WMC\MU","Tr2_update3.png","2","179073","C:/Users/Public/Experiments/IDs/05-WMC/MU/MU_SM01_results/MUsbj046.csv","update","1300","3","46","194408","195710"
"MU.osexp","C:\Users\Public\Experiments\IDs\05-WMC\MU","Tr2_test1.png","4","206730","C:/Users/Public/Experiments/IDs/05-WMC/MU/MU_SM01_results/MUsbj046.csv","test","0","3","46","196077","206731"
"MU.osexp","C:\Users\Public\Experiments\IDs\05-WMC\MU","Tr2_test2.png","6","212865","C:/Users/Public/Experiments/IDs/05-WMC/MU/MU_SM01_results/MUsbj046.csv","test","0","3","46","207824","212866"
"MU.osexp","C:\Users\Public\Experiments\IDs\05-WMC\MU","Tr2_test3.png","1","214889","C:/Users/Public/Experiments/IDs/05-WMC/MU/MU_SM01_results/MUsbj046.csv","test","0","3","46","213989","214890"
"MU.osexp","C:\Users\Public\Experiments\IDs\05-WMC\MU","ready2.png","1","214889","C:/Users/Public/Experiments/IDs/05-WMC/MU/MU_SM01_results/MUsbj046.csv","pre","0","3","46","224299","214890"
"MU.osexp","C:\Users\Public\Experiments\IDs\05-WMC\MU","fixation.png","1","214889","C:/Users/Public/Experiments/IDs/05-WMC/MU/MU_SM01_results/MUsbj046.csv","fix","1500","3","46","227745","214890"
"MU.osexp","C:\Users\Public\Experiments\IDs\05-WMC\MU","Tr3_study1.png","1","214889","C:/Users/Public/Experiments/IDs/05-WMC/MU/MU_SM01_results/MUsbj046.csv","study","1000","3","46","229374","230376"
"MU.osexp","C:\Users\Public\Experiments\IDs\05-WMC\MU","Tr3_study2.png","1","214889","C:/Users/Public/Experiments/IDs/05-WMC/MU/MU_SM01_results/MUsbj046.csv","study","1000","3","46","230730","231732"
"MU.osexp","C:\Users\Public\Experiments\IDs\05-WMC\MU","Tr3_study3.png","1","214889","C:/Users/Public/Experiments/IDs/05-WMC/MU/MU_SM01_results/MUsbj046.csv","study","1000","3","46","232098","233100"
"MU.osexp","C:\Users\Public\Experiments\IDs\05-WMC\MU","Tr3_update1.png","1","214889","C:/Users/Public/Experiments/IDs/05-WMC/MU/MU_SM01_results/MUsbj046.csv","update","1300","3","46","233443","234745"
"MU.osexp","C:\Users\Public\Experiments\IDs\05-WMC\MU","Tr3_update2.png","1","214889","C:/Users/Public/Experiments/IDs/05-WMC/MU/MU_SM01_results/MUsbj046.csv","update","1300","3","46","235110","236412"
"MU.osexp","C:\Users\Public\Experiments\IDs\05-WMC\MU","Tr3_update3.png","1","214889","C:/Users/Public/Experiments/IDs/05-WMC/MU/MU_SM01_results/MUsbj046.csv","update","1300","3","46","236798","238100"
"MU.osexp","C:\Users\Public\Experiments\IDs\05-WMC\MU","Tr3_test1.png","9","243146","C:/Users/Public/Experiments/IDs/05-WMC/MU/MU_SM01_results/MUsbj046.csv","test","0","3","46","238449","243146"
"MU.osexp","C:\Users\Public\Experiments\IDs\05-WMC\MU","Tr3_test2.png","7","251377","C:/Users/Public/Experiments/IDs/05-WMC/MU/MU_SM01_results/MUsbj046.csv","test","0","3","46","244317","251378"
"MU.osexp","C:\Users\Public\Experiments\IDs\05-WMC\MU","Tr3_test3.png","7","257818","C:/Users/Public/Experiments/IDs/05-WMC/MU/MU_SM01_results/MUsbj046.csv","test","0","3","46","252477","257819"
"MU.osexp","C:\Users\Public\Experiments\IDs\05-WMC\MU","wait.png","7","257818","C:/Users/Public/Experiments/IDs/05-WMC/MU/MU_SM01_results/MUsbj046.csv","wait","5000","4","46","258924","257819"
"MU.osexp","C:\Users\Public\Experiments\IDs\05-WMC\MU","fixation.png","7","257818","C:/Users/Public/Experiments/IDs/05-WMC/MU/MU_SM01_results/MUsbj046.csv","fix","1500","4","46","264034","257819"
"MU.osexp","C:\Users\Public\Experiments\IDs\05-WMC\MU","Tr4_study1.png","7","257818","C:/Users/Public/Experiments/IDs/05-WMC/MU/MU_SM01_results/MUsbj046.csv","study","1000","4","46","265672","266674"
"MU.osexp","C:\Users\Public\Experiments\IDs\05-WMC\MU","Tr4_study2.png","7","257818","C:/Users/Public/Experiments/IDs/05-WMC/MU/MU_SM01_results/MUsbj046.csv","study","1000","4","46","267050","268052"
"MU.osexp","C:\Users\Public\Experiments\IDs\05-WMC\MU","Tr4_study3.png","7","257818","C:/Users/Public/Experiments/IDs/05-WMC/MU/MU_SM01_results/MUsbj046.csv","study","1000","4","46","268412","269414"
"MU.osexp","C:\Users\Public\Experiments\IDs\05-WMC\MU","Tr4_study4.png","7","257818","C:/Users/Public/Experiments/IDs/05-WMC/MU/MU_SM01_results/MUsbj046.csv","study","1000","4","46","269779","270781"
"MU.osexp","C:\Users\Public\Experiments\IDs\05-WMC\MU","Tr4_update1.png","7","257818","C:/Users/Public/Experiments/IDs/05-WMC/MU/MU_SM01_results/MUsbj046.csv","update","1300","4","46","271163","272465"
"MU.osexp","C:\Users\Public\Experiments\IDs\05-WMC\MU","Tr4_update2.png","7","257818","C:/Users/Public/Experiments/IDs/05-WMC/MU/MU_SM01_results/MUsbj046.csv","update","1300","4","46","272834","274136"
"MU.osexp","C:\Users\Public\Experiments\IDs\05-WMC\MU","Tr4_update3.png","7","257818","C:/Users/Public/Experiments/IDs/05-WMC/MU/MU_SM01_results/MUsbj046.csv","update","1300","4","46","274467","275769"
"MU.osexp","C:\Users\Public\Experiments\IDs\05-WMC\MU","Tr4_update4.png","7","257818","C:/Users/Public/Experiments/IDs/05-WMC/MU/MU_SM01_results/MUsbj046.csv","update","1300","4","46","276155","277458"
"MU.osexp","C:\Users\Public\Experiments\IDs\05-WMC\MU","Tr4_test1.png","3","281537","C:/Users/Public/Experiments/IDs/05-WMC/MU/MU_SM01_results/MUsbj046.csv","test","0","4","46","277842","281538"
"MU.osexp","C:\Users\Public\Experiments\IDs\05-WMC\MU","Tr4_test2.png","6","286761","C:/Users/Public/Experiments/IDs/05-WMC/MU/MU_SM01_results/MUsbj046.csv","test","0","4","46","282625","286762"
"MU.osexp","C:\Users\Public\Experiments\IDs\05-WMC\MU","Tr4_test3.png","8","300433","C:/Users/Public/Experiments/IDs/05-WMC/MU/MU_SM01_results/MUsbj046.csv","test","0","4","46","287891","300434"
"MU.osexp","C:\Users\Public\Experiments\IDs\05-WMC\MU","Tr4_test4.png","4","304953","C:/Users/Public/Experiments/IDs/05-WMC/MU/MU_SM01_results/MUsbj046.csv","test","0","4","46","301543","304954"
"MU.osexp","C:\Users\Public\Experiments\IDs\05-WMC\MU","wait.png","4","304953","C:/Users/Public/Experiments/IDs/05-WMC/MU/MU_SM01_results/MUsbj046.csv","wait","5000","3","46","306083","304954"
"MU.osexp","C:\Users\Public\Experiments\IDs\05-WMC\MU","fixation.png","4","304953","C:/Users/Public/Experiments/IDs/05-WMC/MU/MU_SM01_results/MUsbj046.csv","fix","1500","3","46","311192","304954"
"MU.osexp","C:\Users\Public\Experiments\IDs\05-WMC\MU","Tr5_study1.png","4","304953","C:/Users/Public/Experiments/IDs/05-WMC/MU/MU_SM01_results/MUsbj046.csv","study","1000","3","46","312807","313809"
"MU.osexp","C:\Users\Public\Experiments\IDs\05-WMC\MU","Tr5_study2.png","4","304953","C:/Users/Public/Experiments/IDs/05-WMC/MU/MU_SM01_results/MUsbj046.csv","study","1000","3","46","314178","315180"
"MU.osexp","C:\Users\Public\Experiments\IDs\05-WMC\MU","Tr5_study3.png","4","304953","C:/Users/Public/Experiments/IDs/05-WMC/MU/MU_SM01_results/MUsbj046.csv","study","1000","3","46","315535","316537"
"MU.osexp","C:\Users\Public\Experiments\IDs\05-WMC\MU","Tr5_update1.png","4","304953","C:/Users/Public/Experiments/IDs/05-WMC/MU/MU_SM01_results/MUsbj046.csv","update","1300","3","46","317037","318339"
"MU.osexp","C:\Users\Public\Experiments\IDs\05-WMC\MU","Tr5_update2.png","4","304953","C:/Users/Public/Experiments/IDs/05-WMC/MU/MU_SM01_results/MUsbj046.csv","update","1300","3","46","318717","320019"
"MU.osexp","C:\Users\Public\Experiments\IDs\05-WMC\MU","Tr5_update3.png","4","304953","C:/Users/Public/Experiments/IDs/05-WMC/MU/MU_SM01_results/MUsbj046.csv","update","1300","3","46","320388","321690"
"MU.osexp","C:\Users\Public\Experiments\IDs\05-WMC\MU","Tr5_update4.png","4","304953","C:/Users/Public/Experiments/IDs/05-WMC/MU/MU_SM01_results/MUsbj046.csv","update","1300","3","46","322069","323371"
"MU.osexp","C:\Users\Public\Experiments\IDs\05-WMC\MU","Tr5_update5.png","4","304953","C:/Users/Public/Experiments/IDs/05-WMC/MU/MU_SM01_results/MUsbj046.csv","update","1300","3","46","323745","325047"
"MU.osexp","C:\Users\Public\Experiments\IDs\05-WMC\MU","Tr5_update6.png","4","304953","C:/Users/Public/Experiments/IDs/05-WMC/MU/MU_SM01_results/MUsbj046.csv","update","1300","3","46","325408","326710"
"MU.osexp","C:\Users\Public\Experiments\IDs\05-WMC\MU","Tr5_test1.png","3","345754","C:/Users/Public/Experiments/IDs/05-WMC/MU/MU_SM01_results/MUsbj046.csv","test","0","3","46","327070","345755"
"MU.osexp","C:\Users\Public\Experiments\IDs\05-WMC\MU","Tr5_test2.png","4","361474","C:/Users/Public/Experiments/IDs/05-WMC/MU/MU_SM01_results/MUsbj046.csv","test","0","3","46","346885","361475"
"MU.osexp","C:\Users\Public\Experiments\IDs\05-WMC\MU","Tr5_test3.png","8","367386","C:/Users/Public/Experiments/IDs/05-WMC/MU/MU_SM01_results/MUsbj046.csv","test","0","3","46","362576","367386"
"MU.osexp","C:\Users\Public\Experiments\IDs\05-WMC\MU","wait.png","8","367386","C:/Users/Public/Experiments/IDs/05-WMC/MU/MU_SM01_results/MUsbj046.csv","wait","5000","4","46","368496","367386"
"MU.osexp","C:\Users\Public\Experiments\IDs\05-WMC\MU","fixation.png","8","367386","C:/Users/Public/Experiments/IDs/05-WMC/MU/MU_SM01_results/MUsbj046.csv","fix","1500","4","46","373596","367386"
"MU.osexp","C:\Users\Public\Experiments\IDs\05-WMC\MU","Tr6_study1.png","8","367386","C:/Users/Public/Experiments/IDs/05-WMC/MU/MU_SM01_results/MUsbj046.csv","study","1000","4","46","375216","376218"
"MU.osexp","C:\Users\Public\Experiments\IDs\05-WMC\MU","Tr6_study2.png","8","367386","C:/Users/Public/Experiments/IDs/05-WMC/MU/MU_SM01_results/MUsbj046.csv","study","1000","4","46","376580","377582"
"MU.osexp","C:\Users\Public\Experiments\IDs\05-WMC\MU","Tr6_study3.png","8","367386","C:/Users/Public/Experiments/IDs/05-WMC/MU/MU_SM01_results/MUsbj046.csv","study","1000","4","46","377961","378963"
"MU.osexp","C:\Users\Public\Experiments\IDs\05-WMC\MU","Tr6_study4.png","8","367386","C:/Users/Public/Experiments/IDs/05-WMC/MU/MU_SM01_results/MUsbj046.csv","study","1000","4","46","379350","380352"
"MU.osexp","C:\Users\Public\Experiments\IDs\05-WMC\MU","Tr6_update1.png","8","367386","C:/Users/Public/Experiments/IDs/05-WMC/MU/MU_SM01_results/MUsbj046.csv","update","1300","4","46","380719","382021"
"MU.osexp","C:\Users\Public\Experiments\IDs\05-WMC\MU","Tr6_update2.png","8","367386","C:/Users/Public/Experiments/IDs/05-WMC/MU/MU_SM01_results/MUsbj046.csv","update","1300","4","46","382399","383701"
"MU.osexp","C:\Users\Public\Experiments\IDs\05-WMC\MU","Tr6_update3.png","8","367386","C:/Users/Public/Experiments/IDs/05-WMC/MU/MU_SM01_results/MUsbj046.csv","update","1300","4","46","384067","385369"
"MU.osexp","C:\Users\Public\Experiments\IDs\05-WMC\MU","Tr6_update4.png","8","367386","C:/Users/Public/Experiments/IDs/05-WMC/MU/MU_SM01_results/MUsbj046.csv","update","1300","4","46","385737","387039"
"MU.osexp","C:\Users\Public\Experiments\IDs\05-WMC\MU","Tr6_update5.png","8","367386","C:/Users/Public/Experiments/IDs/05-WMC/MU/MU_SM01_results/MUsbj046.csv","update","1300","4","46","387387","388689"
"MU.osexp","C:\Users\Public\Experiments\IDs\05-WMC\MU","Tr6_test1.png","2","392321","C:/Users/Public/Experiments/IDs/05-WMC/MU/MU_SM01_results/MUsbj046.csv","test","0","4","46","389053","392322"
"MU.osexp","C:\Users\Public\Experiments\IDs\05-WMC\MU","Tr6_test2.png","5","396594","C:/Users/Public/Experiments/IDs/05-WMC/MU/MU_SM01_results/MUsbj046.csv","test","0","4","46","393497","396595"
"MU.osexp","C:\Users\Public\Experiments\IDs\05-WMC\MU","Tr6_test3.png","6","399754","C:/Users/Public/Experiments/IDs/05-WMC/MU/MU_SM01_results/MUsbj046.csv","test","0","4","46","397691","399755"
"MU.osexp","C:\Users\Public\Experiments\IDs\05-WMC\MU","Tr6_test4.png","8","401986","C:/Users/Public/Experiments/IDs/05-WMC/MU/MU_SM01_results/MUsbj046.csv","test","0","4","46","400878","401986"
"MU.osexp","C:\Users\Public\Experiments\IDs\05-WMC\MU","wait.png","8","401986","C:/Users/Public/Experiments/IDs/05-WMC/MU/MU_SM01_results/MUsbj046.csv","wait","5000","5","46","403096","401986"
"MU.osexp","C:\Users\Public\Experiments\IDs\05-WMC\MU","fixation.png","8","401986","C:/Users/Public/Experiments/IDs/05-WMC/MU/MU_SM01_results/MUsbj046.csv","fix","1500","5","46","408209","401986"
"MU.osexp","C:\Users\Public\Experiments\IDs\05-WMC\MU","Tr7_study1.png","8","401986","C:/Users/Public/Experiments/IDs/05-WMC/MU/MU_SM01_results/MUsbj046.csv","study","1000","5","46","409823","410825"
"MU.osexp","C:\Users\Public\Experiments\IDs\05-WMC\MU","Tr7_study2.png","8","401986","C:/Users/Public/Experiments/IDs/05-WMC/MU/MU_SM01_results/MUsbj046.csv","study","1000","5","46","411175","412177"
"MU.osexp","C:\Users\Public\Experiments\IDs\05-WMC\MU","Tr7_study3.png","8","401986","C:/Users/Public/Experiments/IDs/05-WMC/MU/MU_SM01_results/MUsbj046.csv","study","1000","5","46","412554","413556"
"MU.osexp","C:\Users\Public\Experiments\IDs\05-WMC\MU","Tr7_study4.png","8","401986","C:/Users/Public/Experiments/IDs/05-WMC/MU/MU_SM01_results/MUsbj046.csv","study","1000","5","46","414027","415029"
"MU.osexp","C:\Users\Public\Experiments\IDs\05-WMC\MU","Tr7_study5.png","8","401986","C:/Users/Public/Experiments/IDs/05-WMC/MU/MU_SM01_results/MUsbj046.csv","study","1000","5","46","415489","416491"
"MU.osexp","C:\Users\Public\Experiments\IDs\05-WMC\MU","Tr7_update1.png","8","401986","C:/Users/Public/Experiments/IDs/05-WMC/MU/MU_SM01_results/MUsbj046.csv","update","1300","5","46","416845","418147"
"MU.osexp","C:\Users\Public\Experiments\IDs\05-WMC\MU","Tr7_update2.png","8","401986","C:/Users/Public/Experiments/IDs/05-WMC/MU/MU_SM01_results/MUsbj046.csv","update","1300","5","46","418525","419827"
"MU.osexp","C:\Users\Public\Experiments\IDs\05-WMC\MU","Tr7_update3.png","8","401986","C:/Users/Public/Experiments/IDs/05-WMC/MU/MU_SM01_results/MUsbj046.csv","update","1300","5","46","420188","421490"
"MU.osexp","C:\Users\Public\Experiments\IDs\05-WMC\MU","Tr7_update4.png","8","401986","C:/Users/Public/Experiments/IDs/05-WMC/MU/MU_SM01_results/MUsbj046.csv","update","1300","5","46","421872","423174"
"MU.osexp","C:\Users\Public\Experiments\IDs\05-WMC\MU","Tr7_update5.png","8","401986","C:/Users/Public/Experiments/IDs/05-WMC/MU/MU_SM01_results/MUsbj046.csv","update","1300","5","46","423555","424857"
"MU.osexp","C:\Users\Public\Experiments\IDs\05-WMC\MU","Tr7_test1.png","8","429849","C:/Users/Public/Experiments/IDs/05-WMC/MU/MU_SM01_results/MUsbj046.csv","test","0","5","46","425221","429850"
"MU.osexp","C:\Users\Public\Experiments\IDs\05-WMC\MU","Tr7_test2.png","5","432714","C:/Users/Public/Experiments/IDs/05-WMC/MU/MU_SM01_results/MUsbj046.csv","test","0","5","46","430976","432715"
"MU.osexp","C:\Users\Public\Experiments\IDs\05-WMC\MU","Tr7_test3.png","1","435058","C:/Users/Public/Experiments/IDs/05-WMC/MU/MU_SM01_results/MUsbj046.csv","test","0","5","46","433829","435059"
"MU.osexp","C:\Users\Public\Experiments\IDs\05-WMC\MU","Tr7_test4.png","8","441265","C:/Users/Public/Experiments/IDs/05-WMC/MU/MU_SM01_results/MUsbj046.csv","test","0","5","46","436166","441266"
"MU.osexp","C:\Users\Public\Experiments\IDs\05-WMC\MU","Tr7_test5.png","1","442585","C:/Users/Public/Experiments/IDs/05-WMC/MU/MU_SM01_results/MUsbj046.csv","test","0","5","46","442380","442586"
"MU.osexp","C:\Users\Public\Experiments\IDs\05-WMC\MU","wait.png","1","442585","C:/Users/Public/Experiments/IDs/05-WMC/MU/MU_SM01_results/MUsbj046.csv","wait","5000","4","46","443697","442586"
"MU.osexp","C:\Users\Public\Experiments\IDs\05-WMC\MU","fixation.png","1","442585","C:/Users/Public/Experiments/IDs/05-WMC/MU/MU_SM01_results/MUsbj046.csv","fix","1500","4","46","448805","442586"
"MU.osexp","C:\Users\Public\Experiments\IDs\05-WMC\MU","Tr8_study1.png","1","442585","C:/Users/Public/Experiments/IDs/05-WMC/MU/MU_SM01_results/MUsbj046.csv","study","1000","4","46","450417","451419"
"MU.osexp","C:\Users\Public\Experiments\IDs\05-WMC\MU","Tr8_study2.png","1","442585","C:/Users/Public/Experiments/IDs/05-WMC/MU/MU_SM01_results/MUsbj046.csv","study","1000","4","46","451781","452783"
"MU.osexp","C:\Users\Public\Experiments\IDs\05-WMC\MU","Tr8_study3.png","1","442585","C:/Users/Public/Experiments/IDs/05-WMC/MU/MU_SM01_results/MUsbj046.csv","study","1000","4","46","453124","454126"
"MU.osexp","C:\Users\Public\Experiments\IDs\05-WMC\MU","Tr8_study4.png","1","442585","C:/Users/Public/Experiments/IDs/05-WMC/MU/MU_SM01_results/MUsbj046.csv","study","1000","4","46","454455","455457"
"MU.osexp","C:\Users\Public\Experiments\IDs\05-WMC\MU","Tr8_update1.png","1","442585","C:/Users/Public/Experiments/IDs/05-WMC/MU/MU_SM01_results/MUsbj046.csv","update","1300","4","46","455820","457122"
"MU.osexp","C:\Users\Public\Experiments\IDs\05-WMC\MU","Tr8_update2.png","1","442585","C:/Users/Public/Experiments/IDs/05-WMC/MU/MU_SM01_results/MUsbj046.csv","update","1300","4","46","457499","458801"
"MU.osexp","C:\Users\Public\Experiments\IDs\05-WMC\MU","Tr8_update3.png","1","442585","C:/Users/Public/Experiments/IDs/05-WMC/MU/MU_SM01_results/MUsbj046.csv","update","1300","4","46","459152","460454"
"MU.osexp","C:\Users\Public\Experiments\IDs\05-WMC\MU","Tr8_test1.png","7","469354","C:/Users/Public/Experiments/IDs/05-WMC/MU/MU_SM01_results/MUsbj046.csv","test","0","4","46","460825","469355"
"MU.osexp","C:\Users\Public\Experiments\IDs\05-WMC\MU","Tr8_test2.png","4","472474","C:/Users/Public/Experiments/IDs/05-WMC/MU/MU_SM01_results/MUsbj046.csv","test","0","4","46","470474","472475"
"MU.osexp","C:\Users\Public\Experiments\IDs\05-WMC\MU","Tr8_test3.png","9","475977","C:/Users/Public/Experiments/IDs/05-WMC/MU/MU_SM01_results/MUsbj046.csv","test","0","4","46","473600","475978"
"MU.osexp","C:\Users\Public\Experiments\IDs\05-WMC\MU","Tr8_test4.png","4","478817","C:/Users/Public/Experiments/IDs/05-WMC/MU/MU_SM01_results/MUsbj046.csv","test","0","4","46","477127","478818"
"MU.osexp","C:\Users\Public\Experiments\IDs\05-WMC\MU","wait.png","4","478817","C:/Users/Public/Experiments/IDs/05-WMC/MU/MU_SM01_results/MUsbj046.csv","wait","5000","5","46","479936","478818"
"MU.osexp","C:\Users\Public\Experiments\IDs\05-WMC\MU","fixation.png","4","478817","C:/Users/Public/Experiments/IDs/05-WMC/MU/MU_SM01_results/MUsbj046.csv","fix","1500","5","46","485056","478818"
"MU.osexp","C:\Users\Public\Experiments\IDs\05-WMC\MU","Tr9_study1.png","4","478817","C:/Users/Public/Experiments/IDs/05-WMC/MU/MU_SM01_results/MUsbj046.csv","study","1000","5","46","486684","487685"
"MU.osexp","C:\Users\Public\Experiments\IDs\05-WMC\MU","Tr9_study2.png","4","478817","C:/Users/Public/Experiments/IDs/05-WMC/MU/MU_SM01_results/MUsbj046.csv","study","1000","5","46","488066","489068"
"MU.osexp","C:\Users\Public\Experiments\IDs\05-WMC\MU","Tr9_study3.png","4","478817","C:/Users/Public/Experiments/IDs/05-WMC/MU/MU_SM01_results/MUsbj046.csv","study","1000","5","46","489439","490441"
"MU.osexp","C:\Users\Public\Experiments\IDs\05-WMC\MU","Tr9_study4.png","4","478817","C:/Users/Public/Experiments/IDs/05-WMC/MU/MU_SM01_results/MUsbj046.csv","study","1000","5","46","490819","491821"
"MU.osexp","C:\Users\Public\Experiments\IDs\05-WMC\MU","Tr9_study5.png","4","478817","C:/Users/Public/Experiments/IDs/05-WMC/MU/MU_SM01_results/MUsbj046.csv","study","1000","5","46","492198","493200"
"MU.osexp","C:\Users\Public\Experiments\IDs\05-WMC\MU","Tr9_update1.png","4","478817","C:/Users/Public/Experiments/IDs/05-WMC/MU/MU_SM01_results/MUsbj046.csv","update","1300","5","46","493557","494859"
"MU.osexp","C:\Users\Public\Experiments\IDs\05-WMC\MU","Tr9_update2.png","4","478817","C:/Users/Public/Experiments/IDs/05-WMC/MU/MU_SM01_results/MUsbj046.csv","update","1300","5","46","495237","496539"
"MU.osexp","C:\Users\Public\Experiments\IDs\05-WMC\MU","Tr9_test1.png","4","501346","C:/Users/Public/Experiments/IDs/05-WMC/MU/MU_SM01_results/MUsbj046.csv","test","0","5","46","496916","501347"
"MU.osexp","C:\Users\Public\Experiments\IDs\05-WMC\MU","Tr9_test2.png","3","506618","C:/Users/Public/Experiments/IDs/05-WMC/MU/MU_SM01_results/MUsbj046.csv","test","0","5","46","502473","506619"
"MU.osexp","C:\Users\Public\Experiments\IDs\05-WMC\MU","Tr9_test3.png","1","513401","C:/Users/Public/Experiments/IDs/05-WMC/MU/MU_SM01_results/MUsbj046.csv","test","0","5","46","507710","513402"
"MU.osexp","C:\Users\Public\Experiments\IDs\05-WMC\MU","Tr9_test4.png","1","520050","C:/Users/Public/Experiments/IDs/05-WMC/MU/MU_SM01_results/MUsbj046.csv","test","0","5","46","514526","520051"
"MU.osexp","C:\Users\Public\Experiments\IDs\05-WMC\MU","Tr9_test5.png","1","531473","C:/Users/Public/Experiments/IDs/05-WMC/MU/MU_SM01_results/MUsbj046.csv","test","0","5","46","521137","531474"
"MU.osexp","C:\Users\Public\Experiments\IDs\05-WMC\MU","wait.png","1","531473","C:/Users/Public/Experiments/IDs/05-WMC/MU/MU_SM01_results/MUsbj046.csv","wait","5000","3","46","532589","531474"
"MU.osexp","C:\Users\Public\Experiments\IDs\05-WMC\MU","fixation.png","1","531473","C:/Users/Public/Experiments/IDs/05-WMC/MU/MU_SM01_results/MUsbj046.csv","fix","1500","3","46","537692","531474"
"MU.osexp","C:\Users\Public\Experiments\IDs\05-WMC\MU","Tr10_study1.png","1","531473","C:/Users/Public/Experiments/IDs/05-WMC/MU/MU_SM01_results/MUsbj046.csv","study","1000","3","46","539322","540324"
"MU.osexp","C:\Users\Public\Experiments\IDs\05-WMC\MU","Tr10_study2.png","1","531473","C:/Users/Public/Experiments/IDs/05-WMC/MU/MU_SM01_results/MUsbj046.csv","study","1000","3","46","540692","541694"
"MU.osexp","C:\Users\Public\Experiments\IDs\05-WMC\MU","Tr10_study3.png","1","531473","C:/Users/Public/Experiments/IDs/05-WMC/MU/MU_SM01_results/MUsbj046.csv","study","1000","3","46","542063","543065"
"MU.osexp","C:\Users\Public\Experiments\IDs\05-WMC\MU","Tr10_update1.png","1","531473","C:/Users/Public/Experiments/IDs/05-WMC/MU/MU_SM01_results/MUsbj046.csv","update","1300","3","46","543450","544752"
"MU.osexp","C:\Users\Public\Experiments\IDs\05-WMC\MU","Tr10_update2.png","1","531473","C:/Users/Public/Experiments/IDs/05-WMC/MU/MU_SM01_results/MUsbj046.csv","update","1300","3","46","545089","546391"
"MU.osexp","C:\Users\Public\Experiments\IDs\05-WMC\MU","Tr10_test1.png","5","548937","C:/Users/Public/Experiments/IDs/05-WMC/MU/MU_SM01_results/MUsbj046.csv","test","0","3","46","546769","548938"
"MU.osexp","C:\Users\Public\Experiments\IDs\05-WMC\MU","Tr10_test2.png","3","556306","C:/Users/Public/Experiments/IDs/05-WMC/MU/MU_SM01_results/MUsbj046.csv","test","0","3","46","550037","556307"
"MU.osexp","C:\Users\Public\Experiments\IDs\05-WMC\MU","Tr10_test3.png","5","558306","C:/Users/Public/Experiments/IDs/05-WMC/MU/MU_SM01_results/MUsbj046.csv","test","0","3","46","557485","558307"
"MU.osexp","C:\Users\Public\Experiments\IDs\05-WMC\MU","wait.png","5","558306","C:/Users/Public/Experiments/IDs/05-WMC/MU/MU_SM01_results/MUsbj046.csv","wait","5000","5","46","559416","558307"
"MU.osexp","C:\Users\Public\Experiments\IDs\05-WMC\MU","fixation.png","5","558306","C:/Users/Public/Experiments/IDs/05-WMC/MU/MU_SM01_results/MUsbj046.csv","fix","1500","5","46","564504","558307"
"MU.osexp","C:\Users\Public\Experiments\IDs\05-WMC\MU","Tr11_study1.png","5","558306","C:/Users/Public/Experiments/IDs/05-WMC/MU/MU_SM01_results/MUsbj046.csv","study","1000","5","46","566125","567127"
"MU.osexp","C:\Users\Public\Experiments\IDs\05-WMC\MU","Tr11_study2.png","5","558306","C:/Users/Public/Experiments/IDs/05-WMC/MU/MU_SM01_results/MUsbj046.csv","study","1000","5","46","567504","568506"
"MU.osexp","C:\Users\Public\Experiments\IDs\05-WMC\MU","Tr11_study3.png","5","558306","C:/Users/Public/Experiments/IDs/05-WMC/MU/MU_SM01_results/MUsbj046.csv","study","1000","5","46","568876","569878"
"MU.osexp","C:\Users\Public\Experiments\IDs\05-WMC\MU","Tr11_study4.png","5","558306","C:/Users/Public/Experiments/IDs/05-WMC/MU/MU_SM01_results/MUsbj046.csv","study","1000","5","46","570233","571235"
"MU.osexp","C:\Users\Public\Experiments\IDs\05-WMC\MU","Tr11_study5.png","5","558306","C:/Users/Public/Experiments/IDs/05-WMC/MU/MU_SM01_results/MUsbj046.csv","study","1000","5","46","571592","572594"
"MU.osexp","C:\Users\Public\Experiments\IDs\05-WMC\MU","Tr11_update1.png","5","558306","C:/Users/Public/Experiments/IDs/05-WMC/MU/MU_SM01_results/MUsbj046.csv","update","1300","5","46","572929","574231"
"MU.osexp","C:\Users\Public\Experiments\IDs\05-WMC\MU","Tr11_update2.png","5","558306","C:/Users/Public/Experiments/IDs/05-WMC/MU/MU_SM01_results/MUsbj046.csv","update","1300","5","46","574581","575883"
"MU.osexp","C:\Users\Public\Experiments\IDs\05-WMC\MU","Tr11_update3.png","5","558306","C:/Users/Public/Experiments/IDs/05-WMC/MU/MU_SM01_results/MUsbj046.csv","update","1300","5","46","576228","577530"
"MU.osexp","C:\Users\Public\Experiments\IDs\05-WMC\MU","Tr11_test1.png","1","582329","C:/Users/Public/Experiments/IDs/05-WMC/MU/MU_SM01_results/MUsbj046.csv","test","0","5","46","577897","582330"
"MU.osexp","C:\Users\Public\Experiments\IDs\05-WMC\MU","Tr11_test2.png","8","585929","C:/Users/Public/Experiments/IDs/05-WMC/MU/MU_SM01_results/MUsbj046.csv","test","0","5","46","583426","585930"
"MU.osexp","C:\Users\Public\Experiments\IDs\05-WMC\MU","Tr11_test3.png","5","590426","C:/Users/Public/Experiments/IDs/05-WMC/MU/MU_SM01_results/MUsbj046.csv","test","0","5","46","587046","590427"
"MU.osexp","C:\Users\Public\Experiments\IDs\05-WMC\MU","Tr11_test4.png","6","593282","C:/Users/Public/Experiments/IDs/05-WMC/MU/MU_SM01_results/MUsbj046.csv","test","0","5","46","591548","593283"
"MU.osexp","C:\Users\Public\Experiments\IDs\05-WMC\MU","Tr11_test5.png","4","596530","C:/Users/Public/Experiments/IDs/05-WMC/MU/MU_SM01_results/MUsbj046.csv","test","0","5","46","594392","596531"
"MU.osexp","C:\Users\Public\Experiments\IDs\05-WMC\MU","wait.png","4","596530","C:/Users/Public/Experiments/IDs/05-WMC/MU/MU_SM01_results/MUsbj046.csv","wait","5000","3","46","597643","596531"
"MU.osexp","C:\Users\Public\Experiments\IDs\05-WMC\MU","fixation.png","4","596530","C:/Users/Public/Experiments/IDs/05-WMC/MU/MU_SM01_results/MUsbj046.csv","fix","1500","3","46","602756","596531"
"MU.osexp","C:\Users\Public\Experiments\IDs\05-WMC\MU","Tr12_study1.png","4","596530","C:/Users/Public/Experiments/IDs/05-WMC/MU/MU_SM01_results/MUsbj046.csv","study","1000","3","46","604370","605372"
"MU.osexp","C:\Users\Public\Experiments\IDs\05-WMC\MU","Tr12_study2.png","4","596530","C:/Users/Public/Experiments/IDs/05-WMC/MU/MU_SM01_results/MUsbj046.csv","study","1000","3","46","605755","606757"
"MU.osexp","C:\Users\Public\Experiments\IDs\05-WMC\MU","Tr12_study3.png","4","596530","C:/Users/Public/Experiments/IDs/05-WMC/MU/MU_SM01_results/MUsbj046.csv","study","1000","3","46","607136","608137"
"MU.osexp","C:\Users\Public\Experiments\IDs\05-WMC\MU","Tr12_update1.png","4","596530","C:/Users/Public/Experiments/IDs/05-WMC/MU/MU_SM01_results/MUsbj046.csv","update","1300","3","46","608482","609784"
"MU.osexp","C:\Users\Public\Experiments\IDs\05-WMC\MU","Tr12_update2.png","4","596530","C:/Users/Public/Experiments/IDs/05-WMC/MU/MU_SM01_results/MUsbj046.csv","update","1300","3","46","610143","611445"
"MU.osexp","C:\Users\Public\Experiments\IDs\05-WMC\MU","Tr12_update3.png","4","596530","C:/Users/Public/Experiments/IDs/05-WMC/MU/MU_SM01_results/MUsbj046.csv","update","1300","3","46","611792","613094"
"MU.osexp","C:\Users\Public\Experiments\IDs\05-WMC\MU","Tr12_update4.png","4","596530","C:/Users/Public/Experiments/IDs/05-WMC/MU/MU_SM01_results/MUsbj046.csv","update","1300","3","46","613471","614773"
"MU.osexp","C:\Users\Public\Experiments\IDs\05-WMC\MU","Tr12_update5.png","4","596530","C:/Users/Public/Experiments/IDs/05-WMC/MU/MU_SM01_results/MUsbj046.csv","update","1300","3","46","615097","616399"
"MU.osexp","C:\Users\Public\Experiments\IDs\05-WMC\MU","Tr12_test1.png","4","622930","C:/Users/Public/Experiments/IDs/05-WMC/MU/MU_SM01_results/MUsbj046.csv","test","0","3","46","616781","622931"
"MU.osexp","C:\Users\Public\Experiments\IDs\05-WMC\MU","Tr12_test2.png","6","625466","C:/Users/Public/Experiments/IDs/05-WMC/MU/MU_SM01_results/MUsbj046.csv","test","0","3","46","624035","625467"
"MU.osexp","C:\Users\Public\Experiments\IDs\05-WMC\MU","Tr12_test3.png","7","635393","C:/Users/Public/Experiments/IDs/05-WMC/MU/MU_SM01_results/MUsbj046.csv","test","0","3","46","626694","635394"
"MU.osexp","C:\Users\Public\Experiments\IDs\05-WMC\MU","wait.png","7","635393","C:/Users/Public/Experiments/IDs/05-WMC/MU/MU_SM01_results/MUsbj046.csv","wait","5000","3","46","636508","635394"
"MU.osexp","C:\Users\Public\Experiments\IDs\05-WMC\MU","fixation.png","7","635393","C:/Users/Public/Experiments/IDs/05-WMC/MU/MU_SM01_results/MUsbj046.csv","fix","1500","3","46","641635","635394"
"MU.osexp","C:\Users\Public\Experiments\IDs\05-WMC\MU","Tr13_study1.png","7","635393","C:/Users/Public/Experiments/IDs/05-WMC/MU/MU_SM01_results/MUsbj046.csv","study","1000","3","46","643256","644258"
"MU.osexp","C:\Users\Public\Experiments\IDs\05-WMC\MU","Tr13_study2.png","7","635393","C:/Users/Public/Experiments/IDs/05-WMC/MU/MU_SM01_results/MUsbj046.csv","study","1000","3","46","644597","645599"
"MU.osexp","C:\Users\Public\Experiments\IDs\05-WMC\MU","Tr13_study3.png","7","635393","C:/Users/Public/Experiments/IDs/05-WMC/MU/MU_SM01_results/MUsbj046.csv","study","1000","3","46","645989","646991"
"MU.osexp","C:\Users\Public\Experiments\IDs\05-WMC\MU","Tr13_update1.png","7","635393","C:/Users/Public/Experiments/IDs/05-WMC/MU/MU_SM01_results/MUsbj046.csv","update","1300","3","46","647348","648650"
"MU.osexp","C:\Users\Public\Experiments\IDs\05-WMC\MU","Tr13_update2.png","7","635393","C:/Users/Public/Experiments/IDs/05-WMC/MU/MU_SM01_results/MUsbj046.csv","update","1300","3","46","649015","650317"
"MU.osexp","C:\Users\Public\Experiments\IDs\05-WMC\MU","Tr13_update3.png","7","635393","C:/Users/Public/Experiments/IDs/05-WMC/MU/MU_SM01_results/MUsbj046.csv","update","1300","3","46","650695","651997"
"MU.osexp","C:\Users\Public\Experiments\IDs\05-WMC\MU","Tr13_update4.png","7","635393","C:/Users/Public/Experiments/IDs/05-WMC/MU/MU_SM01_results/MUsbj046.csv","update","1300","3","46","652358","653660"
"MU.osexp","C:\Users\Public\Experiments\IDs\05-WMC\MU","Tr13_test1.png","3","656049","C:/Users/Public/Experiments/IDs/05-WMC/MU/MU_SM01_results/MUsbj046.csv","test","0","3","46","654027","656050"
"MU.osexp","C:\Users\Public\Experiments\IDs\05-WMC\MU","Tr13_test2.png","1","659626","C:/Users/Public/Experiments/IDs/05-WMC/MU/MU_SM01_results/MUsbj046.csv","test","0","3","46","657289","659627"
"MU.osexp","C:\Users\Public\Experiments\IDs\05-WMC\MU","Tr13_test3.png","5","663194","C:/Users/Public/Experiments/IDs/05-WMC/MU/MU_SM01_results/MUsbj046.csv","test","0","3","46","660724","663195"
"MU.osexp","C:\Users\Public\Experiments\IDs\05-WMC\MU","wait.png","5","663194","C:/Users/Public/Experiments/IDs/05-WMC/MU/MU_SM01_results/MUsbj046.csv","wait","5000","5","46","664316","663195"
"MU.osexp","C:\Users\Public\Experiments\IDs\05-WMC\MU","fixation.png","5","663194","C:/Users/Public/Experiments/IDs/05-WMC/MU/MU_SM01_results/MUsbj046.csv","fix","1500","5","46","669419","663195"
"MU.osexp","C:\Users\Public\Experiments\IDs\05-WMC\MU","Tr14_study1.png","5","663194","C:/Users/Public/Experiments/IDs/05-WMC/MU/MU_SM01_results/MUsbj046.csv","study","1000","5","46","671050","672052"
"MU.osexp","C:\Users\Public\Experiments\IDs\05-WMC\MU","Tr14_study2.png","5","663194","C:/Users/Public/Experiments/IDs/05-WMC/MU/MU_SM01_results/MUsbj046.csv","study","1000","5","46","672417","673419"
"MU.osexp","C:\Users\Public\Experiments\IDs\05-WMC\MU","Tr14_study3.png","5","663194","C:/Users/Public/Experiments/IDs/05-WMC/MU/MU_SM01_results/MUsbj046.csv","study","1000","5","46","673794","674796"
"MU.osexp","C:\Users\Public\Experiments\IDs\05-WMC\MU","Tr14_study4.png","5","663194","C:/Users/Public/Experiments/IDs/05-WMC/MU/MU_SM01_results/MUsbj046.csv","study","1000","5","46","675161","676163"
"MU.osexp","C:\Users\Public\Experiments\IDs\05-WMC\MU","Tr14_study5.png","5","663194","C:/Users/Public/Experiments/IDs/05-WMC/MU/MU_SM01_results/MUsbj046.csv","study","1000","5","46","676531","677533"
"MU.osexp","C:\Users\Public\Experiments\IDs\05-WMC\MU","Tr14_update1.png","5","663194","C:/Users/Public/Experiments/IDs/05-WMC/MU/MU_SM01_results/MUsbj046.csv","update","1300","5","46","677905","679207"
"MU.osexp","C:\Users\Public\Experiments\IDs\05-WMC\MU","Tr14_update2.png","5","663194","C:/Users/Public/Experiments/IDs/05-WMC/MU/MU_SM01_results/MUsbj046.csv","update","1300","5","46","679569","680871"
"MU.osexp","C:\Users\Public\Experiments\IDs\05-WMC\MU","Tr14_update3.png","5","663194","C:/Users/Public/Experiments/IDs/05-WMC/MU/MU_SM01_results/MUsbj046.csv","update","1300","5","46","681240","682541"
"MU.osexp","C:\Users\Public\Experiments\IDs\05-WMC\MU","Tr14_update4.png","5","663194","C:/Users/Public/Experiments/IDs/05-WMC/MU/MU_SM01_results/MUsbj046.csv","update","1300","5","46","682902","684204"
"MU.osexp","C:\Users\Public\Experiments\IDs\05-WMC\MU","Tr14_test1.png","4","694786","C:/Users/Public/Experiments/IDs/05-WMC/MU/MU_SM01_results/MUsbj046.csv","test","0","5","46","684568","694787"
"MU.osexp","C:\Users\Public\Experiments\IDs\05-WMC\MU","Tr14_test2.png","4","700082","C:/Users/Public/Experiments/IDs/05-WMC/MU/MU_SM01_results/MUsbj046.csv","test","0","5","46","695897","700083"
"MU.osexp","C:\Users\Public\Experiments\IDs\05-WMC\MU","Tr14_test3.png","6","705865","C:/Users/Public/Experiments/IDs/05-WMC/MU/MU_SM01_results/MUsbj046.csv","test","0","5","46","701191","705866"
"MU.osexp","C:\Users\Public\Experiments\IDs\05-WMC\MU","Tr14_test4.png","5","708873","C:/Users/Public/Experiments/IDs/05-WMC/MU/MU_SM01_results/MUsbj046.csv","test","0","5","46","706993","708874"
"MU.osexp","C:\Users\Public\Experiments\IDs\05-WMC\MU","Tr14_test5.png","8","711514","C:/Users/Public/Experiments/IDs/05-WMC/MU/MU_SM01_results/MUsbj046.csv","test","0","5","46","709999","711515"
"MU.osexp","C:\Users\Public\Experiments\IDs\05-WMC\MU","wait.png","8","711514","C:/Users/Public/Experiments/IDs/05-WMC/MU/MU_SM01_results/MUsbj046.csv","wait","5000","4","46","712635","711515"
"MU.osexp","C:\Users\Public\Experiments\IDs\05-WMC\MU","fixation.png","8","711514","C:/Users/Public/Experiments/IDs/05-WMC/MU/MU_SM01_results/MUsbj046.csv","fix","1500","4","46","717748","711515"
"MU.osexp","C:\Users\Public\Experiments\IDs\05-WMC\MU","Tr15_study1.png","8","711514","C:/Users/Public/Experiments/IDs/05-WMC/MU/MU_SM01_results/MUsbj046.csv","study","1000","4","46","719361","720363"
"MU.osexp","C:\Users\Public\Experiments\IDs\05-WMC\MU","Tr15_study2.png","8","711514","C:/Users/Public/Experiments/IDs/05-WMC/MU/MU_SM01_results/MUsbj046.csv","study","1000","4","46","720721","721723"
"MU.osexp","C:\Users\Public\Experiments\IDs\05-WMC\MU","Tr15_study3.png","8","711514","C:/Users/Public/Experiments/IDs/05-WMC/MU/MU_SM01_results/MUsbj046.csv","study","1000","4","46","722053","723055"
"MU.osexp","C:\Users\Public\Experiments\IDs\05-WMC\MU","Tr15_study4.png","8","711514","C:/Users/Public/Experiments/IDs/05-WMC/MU/MU_SM01_results/MUsbj046.csv","study","1000","4","46","723417","724419"
"MU.osexp","C:\Users\Public\Experiments\IDs\05-WMC\MU","Tr15_update1.png","8","711514","C:/Users/Public/Experiments/IDs/05-WMC/MU/MU_SM01_results/MUsbj046.csv","update","1300","4","46","724837","726140"
"MU.osexp","C:\Users\Public\Experiments\IDs\05-WMC\MU","Tr15_update2.png","8","711514","C:/Users/Public/Experiments/IDs/05-WMC/MU/MU_SM01_results/MUsbj046.csv","update","1300","4","46","726514","727816"
"MU.osexp","C:\Users\Public\Experiments\IDs\05-WMC\MU","Tr15_update3.png","8","711514","C:/Users/Public/Experiments/IDs/05-WMC/MU/MU_SM01_results/MUsbj046.csv","update","1300","4","46","728187","729489"
"MU.osexp","C:\Users\Public\Experiments\IDs\05-WMC\MU","Tr15_update4.png","8","711514","C:/Users/Public/Experiments/IDs/05-WMC/MU/MU_SM01_results/MUsbj046.csv","update","1300","4","46","729864","731166"
"MU.osexp","C:\Users\Public\Experiments\IDs\05-WMC\MU","Tr15_update5.png","8","711514","C:/Users/Public/Experiments/IDs/05-WMC/MU/MU_SM01_results/MUsbj046.csv","update","1300","4","46","731499","732801"
"MU.osexp","C:\Users\Public\Experiments\IDs\05-WMC\MU","Tr15_update6.png","8","711514","C:/Users/Public/Experiments/IDs/05-WMC/MU/MU_SM01_results/MUsbj046.csv","update","1300","4","46","733181","734483"
"MU.osexp","C:\Users\Public\Experiments\IDs\05-WMC\MU","Tr15_test1.png","5","741593","C:/Users/Public/Experiments/IDs/05-WMC/MU/MU_SM01_results/MUsbj046.csv","test","0","4","46","734835","741594"
"MU.osexp","C:\Users\Public\Experiments\IDs\05-WMC\MU","Tr15_test2.png","4","745618","C:/Users/Public/Experiments/IDs/05-WMC/MU/MU_SM01_results/MUsbj046.csv","test","0","4","46","742716","745619"
"MU.osexp","C:\Users\Public\Experiments\IDs\05-WMC\MU","Tr15_test3.png","8","748322","C:/Users/Public/Experiments/IDs/05-WMC/MU/MU_SM01_results/MUsbj046.csv","test","0","4","46","746749","748323"
"MU.osexp","C:\Users\Public\Experiments\IDs\05-WMC\MU","Tr15_test4.png","3","751138","C:/Users/Public/Experiments/IDs/05-WMC/MU/MU_SM01_results/MUsbj046.csv","test","0","4","46","749428","751139"
"MU.osexp","C:\Users\Public\Experiments\IDs\05-WMC\MU","wait.png","3","751138","C:/Users/Public/Experiments/IDs/05-WMC/MU/MU_SM01_results/MUsbj046.csv","wait","5000","4","46","752227","751139"
"MU.osexp","C:\Users\Public\Experiments\IDs\05-WMC\MU","fixation.png","3","751138","C:/Users/Public/Experiments/IDs/05-WMC/MU/MU_SM01_results/MUsbj046.csv","fix","1500","4","46","757346","751139"
"MU.osexp","C:\Users\Public\Experiments\IDs\05-WMC\MU","Tr16_study1.png","3","751138","C:/Users/Public/Experiments/IDs/05-WMC/MU/MU_SM01_results/MUsbj046.csv","study","1000","4","46","758958","759961"
"MU.osexp","C:\Users\Public\Experiments\IDs\05-WMC\MU","Tr16_study2.png","3","751138","C:/Users/Public/Experiments/IDs/05-WMC/MU/MU_SM01_results/MUsbj046.csv","study","1000","4","46","760324","761326"
"MU.osexp","C:\Users\Public\Experiments\IDs\05-WMC\MU","Tr16_study3.png","3","751138","C:/Users/Public/Experiments/IDs/05-WMC/MU/MU_SM01_results/MUsbj046.csv","study","1000","4","46","761675","762677"
"MU.osexp","C:\Users\Public\Experiments\IDs\05-WMC\MU","Tr16_study4.png","3","751138","C:/Users/Public/Experiments/IDs/05-WMC/MU/MU_SM01_results/MUsbj046.csv","study","1000","4","46","763030","764032"
"MU.osexp","C:\Users\Public\Experiments\IDs\05-WMC\MU","Tr16_update1.png","3","751138","C:/Users/Public/Experiments/IDs/05-WMC/MU/MU_SM01_results/MUsbj046.csv","update","1300","4","46","764448","765751"
"MU.osexp","C:\Users\Public\Experiments\IDs\05-WMC\MU","Tr16_update2.png","3","751138","C:/Users/Public/Experiments/IDs/05-WMC/MU/MU_SM01_results/MUsbj046.csv","update","1300","4","46","766095","767397"
"MU.osexp","C:\Users\Public\Experiments\IDs\05-WMC\MU","Tr16_test1.png","8","776377","C:/Users/Public/Experiments/IDs/05-WMC/MU/MU_SM01_results/MUsbj046.csv","test","0","4","46","767874","776378"
"MU.osexp","C:\Users\Public\Experiments\IDs\05-WMC\MU","Tr16_test2.png","7","780490","C:/Users/Public/Experiments/IDs/05-WMC/MU/MU_SM01_results/MUsbj046.csv","test","0","4","46","777492","780491"
"MU.osexp","C:\Users\Public\Experiments\IDs\05-WMC\MU","Tr16_test3.png","8","792330","C:/Users/Public/Experiments/IDs/05-WMC/MU/MU_SM01_results/MUsbj046.csv","test","0","4","46","781609","792330"
"MU.osexp","C:\Users\Public\Experiments\IDs\05-WMC\MU","Tr16_test4.png","6","794537","C:/Users/Public/Experiments/IDs/05-WMC/MU/MU_SM01_results/MUsbj046.csv","test","0","4","46","793467","794538"
"MU.osexp","C:\Users\Public\Experiments\IDs\05-WMC\MU","wait.png","6","794537","C:/Users/Public/Experiments/IDs/05-WMC/MU/MU_SM01_results/MUsbj046.csv","wait","5000","5","46","795656","794538"
"MU.osexp","C:\Users\Public\Experiments\IDs\05-WMC\MU","fixation.png","6","794537","C:/Users/Public/Experiments/IDs/05-WMC/MU/MU_SM01_results/MUsbj046.csv","fix","1500","5","46","800775","794538"
"MU.osexp","C:\Users\Public\Experiments\IDs\05-WMC\MU","Tr17_study1.png","6","794537","C:/Users/Public/Experiments/IDs/05-WMC/MU/MU_SM01_results/MUsbj046.csv","study","1000","5","46","802388","803390"
"MU.osexp","C:\Users\Public\Experiments\IDs\05-WMC\MU","Tr17_study2.png","6","794537","C:/Users/Public/Experiments/IDs/05-WMC/MU/MU_SM01_results/MUsbj046.csv","study","1000","5","46","803749","804751"
"MU.osexp","C:\Users\Public\Experiments\IDs\05-WMC\MU","Tr17_study3.png","6","794537","C:/Users/Public/Experiments/IDs/05-WMC/MU/MU_SM01_results/MUsbj046.csv","study","1000","5","46","805107","806109"
"MU.osexp","C:\Users\Public\Experiments\IDs\05-WMC\MU","Tr17_study4.png","6","794537","C:/Users/Public/Experiments/IDs/05-WMC/MU/MU_SM01_results/MUsbj046.csv","study","1000","5","46","806458","807460"
"MU.osexp","C:\Users\Public\Experiments\IDs\05-WMC\MU","Tr17_study5.png","6","794537","C:/Users/Public/Experiments/IDs/05-WMC/MU/MU_SM01_results/MUsbj046.csv","study","1000","5","46","807786","808788"
"MU.osexp","C:\Users\Public\Experiments\IDs\05-WMC\MU","Tr17_update1.png","6","794537","C:/Users/Public/Experiments/IDs/05-WMC/MU/MU_SM01_results/MUsbj046.csv","update","1300","5","46","809206","810508"
"MU.osexp","C:\Users\Public\Experiments\IDs\05-WMC\MU","Tr17_update2.png","6","794537","C:/Users/Public/Experiments/IDs/05-WMC/MU/MU_SM01_results/MUsbj046.csv","update","1300","5","46","810878","812180"
"MU.osexp","C:\Users\Public\Experiments\IDs\05-WMC\MU","Tr17_update3.png","6","794537","C:/Users/Public/Experiments/IDs/05-WMC/MU/MU_SM01_results/MUsbj046.csv","update","1300","5","46","812537","813839"
"MU.osexp","C:\Users\Public\Experiments\IDs\05-WMC\MU","Tr17_update4.png","6","794537","C:/Users/Public/Experiments/IDs/05-WMC/MU/MU_SM01_results/MUsbj046.csv","update","1300","5","46","814172","815474"
"MU.osexp","C:\Users\Public\Experiments\IDs\05-WMC\MU","Tr17_update5.png","6","794537","C:/Users/Public/Experiments/IDs/05-WMC/MU/MU_SM01_results/MUsbj046.csv","update","1300","5","46","815913","817215"
"MU.osexp","C:\Users\Public\Experiments\IDs\05-WMC\MU","Tr17_update6.png","6","794537","C:/Users/Public/Experiments/IDs/05-WMC/MU/MU_SM01_results/MUsbj046.csv","update","1300","5","46","817594","818896"
"MU.osexp","C:\Users\Public\Experiments\IDs\05-WMC\MU","Tr17_test1.png","6","822826","C:/Users/Public/Experiments/IDs/05-WMC/MU/MU_SM01_results/MUsbj046.csv","test","0","5","46","819219","822827"
"MU.osexp","C:\Users\Public\Experiments\IDs\05-WMC\MU","Tr17_test2.png","1","825826","C:/Users/Public/Experiments/IDs/05-WMC/MU/MU_SM01_results/MUsbj046.csv","test","0","5","46","823920","825827"
"MU.osexp","C:\Users\Public\Experiments\IDs\05-WMC\MU","Tr17_test3.png","8","828993","C:/Users/Public/Experiments/IDs/05-WMC/MU/MU_SM01_results/MUsbj046.csv","test","0","5","46","826981","828994"
"MU.osexp","C:\Users\Public\Experiments\IDs\05-WMC\MU","Tr17_test4.png","4","832410","C:/Users/Public/Experiments/IDs/05-WMC/MU/MU_SM01_results/MUsbj046.csv","test","0","5","46","830140","832411"
"MU.osexp","C:\Users\Public\Experiments\IDs\05-WMC\MU","Tr17_test5.png","9","834338","C:/Users/Public/Experiments/IDs/05-WMC/MU/MU_SM01_results/MUsbj046.csv","test","0","5","46","833523","834339"
