"experiment_file","experiment_path","image","key","key_time","logfile","phase","playtime","setSize","subject_nr","timestamp","waittime"
"MU.osexp","C:\Users\Public\Experiments\IDs\05-WMC\MU","ready1.png","NA","NA","C:/Users/Public/Experiments/IDs/05-WMC/MU/MU_SM01_results/MUsbj052.csv","pre","0","3","0","98921","NA"
"MU.osexp","C:\Users\Public\Experiments\IDs\05-WMC\MU","fixation.png","NA","NA","C:/Users/Public/Experiments/IDs/05-WMC/MU/MU_SM01_results/MUsbj052.csv","fix","1500","3","0","100558","NA"
"MU.osexp","C:\Users\Public\Experiments\IDs\05-WMC\MU","Tr1_study1.png","NA","NA","C:/Users/Public/Experiments/IDs/05-WMC/MU/MU_SM01_results/MUsbj052.csv","study","1000","3","0","102192","103194"
"MU.osexp","C:\Users\Public\Experiments\IDs\05-WMC\MU","Tr1_study2.png","NA","NA","C:/Users/Public/Experiments/IDs/05-WMC/MU/MU_SM01_results/MUsbj052.csv","study","1000","3","0","103564","104566"
"MU.osexp","C:\Users\Public\Experiments\IDs\05-WMC\MU","Tr1_study3.png","NA","NA","C:/Users/Public/Experiments/IDs/05-WMC/MU/MU_SM01_results/MUsbj052.csv","study","1000","3","0","104938","105940"
"MU.osexp","C:\Users\Public\Experiments\IDs\05-WMC\MU","Tr1_update1.png","NA","NA","C:/Users/Public/Experiments/IDs/05-WMC/MU/MU_SM01_results/MUsbj052.csv","update","1300","3","0","106273","107575"
"MU.osexp","C:\Users\Public\Experiments\IDs\05-WMC\MU","Tr1_update2.png","NA","NA","C:/Users/Public/Experiments/IDs/05-WMC/MU/MU_SM01_results/MUsbj052.csv","update","1300","3","0","107937","109239"
"MU.osexp","C:\Users\Public\Experiments\IDs\05-WMC\MU","Tr1_update3.png","NA","NA","C:/Users/Public/Experiments/IDs/05-WMC/MU/MU_SM01_results/MUsbj052.csv","update","1300","3","0","109596","110898"
"MU.osexp","C:\Users\Public\Experiments\IDs\05-WMC\MU","Tr1_test1.png","1","121686","C:/Users/Public/Experiments/IDs/05-WMC/MU/MU_SM01_results/MUsbj052.csv","test","0","3","0","111236","121687"
"MU.osexp","C:\Users\Public\Experiments\IDs\05-WMC\MU","Tr1_test2.png","7","137358","C:/Users/Public/Experiments/IDs/05-WMC/MU/MU_SM01_results/MUsbj052.csv","test","0","3","0","122818","137359"
"MU.osexp","C:\Users\Public\Experiments\IDs\05-WMC\MU","Tr1_test3.png","2","142846","C:/Users/Public/Experiments/IDs/05-WMC/MU/MU_SM01_results/MUsbj052.csv","test","0","3","0","138509","142847"
"MU.osexp","C:\Users\Public\Experiments\IDs\05-WMC\MU","wait.png","2","142846","C:/Users/Public/Experiments/IDs/05-WMC/MU/MU_SM01_results/MUsbj052.csv","wait","5000","3","0","143916","142847"
"MU.osexp","C:\Users\Public\Experiments\IDs\05-WMC\MU","fixation.png","2","142846","C:/Users/Public/Experiments/IDs/05-WMC/MU/MU_SM01_results/MUsbj052.csv","fix","1500","3","0","149036","142847"
"MU.osexp","C:\Users\Public\Experiments\IDs\05-WMC\MU","Tr2_study1.png","2","142846","C:/Users/Public/Experiments/IDs/05-WMC/MU/MU_SM01_results/MUsbj052.csv","study","1000","3","0","150659","151661"
"MU.osexp","C:\Users\Public\Experiments\IDs\05-WMC\MU","Tr2_study2.png","2","142846","C:/Users/Public/Experiments/IDs/05-WMC/MU/MU_SM01_results/MUsbj052.csv","study","1000","3","0","151997","152999"
"MU.osexp","C:\Users\Public\Experiments\IDs\05-WMC\MU","Tr2_study3.png","2","142846","C:/Users/Public/Experiments/IDs/05-WMC/MU/MU_SM01_results/MUsbj052.csv","study","1000","3","0","153361","154363"
"MU.osexp","C:\Users\Public\Experiments\IDs\05-WMC\MU","Tr2_update1.png","2","142846","C:/Users/Public/Experiments/IDs/05-WMC/MU/MU_SM01_results/MUsbj052.csv","update","1300","3","0","154738","156040"
"MU.osexp","C:\Users\Public\Experiments\IDs\05-WMC\MU","Tr2_update2.png","2","142846","C:/Users/Public/Experiments/IDs/05-WMC/MU/MU_SM01_results/MUsbj052.csv","update","1300","3","0","156510","157812"
"MU.osexp","C:\Users\Public\Experiments\IDs\05-WMC\MU","Tr2_update3.png","2","142846","C:/Users/Public/Experiments/IDs/05-WMC/MU/MU_SM01_results/MUsbj052.csv","update","1300","3","0","158162","159464"
"MU.osexp","C:\Users\Public\Experiments\IDs\05-WMC\MU","Tr2_test1.png","4","161750","C:/Users/Public/Experiments/IDs/05-WMC/MU/MU_SM01_results/MUsbj052.csv","test","0","3","0","159838","161751"
"MU.osexp","C:\Users\Public\Experiments\IDs\05-WMC\MU","Tr2_test2.png","8","164389","C:/Users/Public/Experiments/IDs/05-WMC/MU/MU_SM01_results/MUsbj052.csv","test","0","3","0","162869","164390"
"MU.osexp","C:\Users\Public\Experiments\IDs\05-WMC\MU","Tr2_test3.png","1","166541","C:/Users/Public/Experiments/IDs/05-WMC/MU/MU_SM01_results/MUsbj052.csv","test","0","3","0","165509","166542"
"MU.osexp","C:\Users\Public\Experiments\IDs\05-WMC\MU","ready2.png","1","166541","C:/Users/Public/Experiments/IDs/05-WMC/MU/MU_SM01_results/MUsbj052.csv","pre","0","3","0","179695","166542"
"MU.osexp","C:\Users\Public\Experiments\IDs\05-WMC\MU","fixation.png","1","166541","C:/Users/Public/Experiments/IDs/05-WMC/MU/MU_SM01_results/MUsbj052.csv","fix","1500","3","0","184318","166542"
"MU.osexp","C:\Users\Public\Experiments\IDs\05-WMC\MU","Tr3_study1.png","1","166541","C:/Users/Public/Experiments/IDs/05-WMC/MU/MU_SM01_results/MUsbj052.csv","study","1000","3","0","185942","186944"
"MU.osexp","C:\Users\Public\Experiments\IDs\05-WMC\MU","Tr3_study2.png","1","166541","C:/Users/Public/Experiments/IDs/05-WMC/MU/MU_SM01_results/MUsbj052.csv","study","1000","3","0","187311","188313"
"MU.osexp","C:\Users\Public\Experiments\IDs\05-WMC\MU","Tr3_study3.png","1","166541","C:/Users/Public/Experiments/IDs/05-WMC/MU/MU_SM01_results/MUsbj052.csv","study","1000","3","0","188674","189676"
"MU.osexp","C:\Users\Public\Experiments\IDs\05-WMC\MU","Tr3_update1.png","1","166541","C:/Users/Public/Experiments/IDs/05-WMC/MU/MU_SM01_results/MUsbj052.csv","update","1300","3","0","190064","191366"
"MU.osexp","C:\Users\Public\Experiments\IDs\05-WMC\MU","Tr3_update2.png","1","166541","C:/Users/Public/Experiments/IDs/05-WMC/MU/MU_SM01_results/MUsbj052.csv","update","1300","3","0","191732","193034"
"MU.osexp","C:\Users\Public\Experiments\IDs\05-WMC\MU","Tr3_update3.png","1","166541","C:/Users/Public/Experiments/IDs/05-WMC/MU/MU_SM01_results/MUsbj052.csv","update","1300","3","0","193398","194700"
"MU.osexp","C:\Users\Public\Experiments\IDs\05-WMC\MU","Tr3_test1.png","9","197830","C:/Users/Public/Experiments/IDs/05-WMC/MU/MU_SM01_results/MUsbj052.csv","test","0","3","0","195078","197831"
"MU.osexp","C:\Users\Public\Experiments\IDs\05-WMC\MU","Tr3_test2.png","7","200341","C:/Users/Public/Experiments/IDs/05-WMC/MU/MU_SM01_results/MUsbj052.csv","test","0","3","0","198956","200342"
"MU.osexp","C:\Users\Public\Experiments\IDs\05-WMC\MU","Tr3_test3.png","7","203646","C:/Users/Public/Experiments/IDs/05-WMC/MU/MU_SM01_results/MUsbj052.csv","test","0","3","0","201466","203647"
"MU.osexp","C:\Users\Public\Experiments\IDs\05-WMC\MU","wait.png","7","203646","C:/Users/Public/Experiments/IDs/05-WMC/MU/MU_SM01_results/MUsbj052.csv","wait","5000","4","0","204776","203647"
"MU.osexp","C:\Users\Public\Experiments\IDs\05-WMC\MU","fixation.png","7","203646","C:/Users/Public/Experiments/IDs/05-WMC/MU/MU_SM01_results/MUsbj052.csv","fix","1500","4","0","209887","203647"
"MU.osexp","C:\Users\Public\Experiments\IDs\05-WMC\MU","Tr4_study1.png","7","203646","C:/Users/Public/Experiments/IDs/05-WMC/MU/MU_SM01_results/MUsbj052.csv","study","1000","4","0","211517","212519"
"MU.osexp","C:\Users\Public\Experiments\IDs\05-WMC\MU","Tr4_study2.png","7","203646","C:/Users/Public/Experiments/IDs/05-WMC/MU/MU_SM01_results/MUsbj052.csv","study","1000","4","0","212903","213905"
"MU.osexp","C:\Users\Public\Experiments\IDs\05-WMC\MU","Tr4_study3.png","7","203646","C:/Users/Public/Experiments/IDs/05-WMC/MU/MU_SM01_results/MUsbj052.csv","study","1000","4","0","214263","215265"
"MU.osexp","C:\Users\Public\Experiments\IDs\05-WMC\MU","Tr4_study4.png","7","203646","C:/Users/Public/Experiments/IDs/05-WMC/MU/MU_SM01_results/MUsbj052.csv","study","1000","4","0","215630","216632"
"MU.osexp","C:\Users\Public\Experiments\IDs\05-WMC\MU","Tr4_update1.png","7","203646","C:/Users/Public/Experiments/IDs/05-WMC/MU/MU_SM01_results/MUsbj052.csv","update","1300","4","0","216988","218290"
"MU.osexp","C:\Users\Public\Experiments\IDs\05-WMC\MU","Tr4_update2.png","7","203646","C:/Users/Public/Experiments/IDs/05-WMC/MU/MU_SM01_results/MUsbj052.csv","update","1300","4","0","218622","219924"
"MU.osexp","C:\Users\Public\Experiments\IDs\05-WMC\MU","Tr4_update3.png","7","203646","C:/Users/Public/Experiments/IDs/05-WMC/MU/MU_SM01_results/MUsbj052.csv","update","1300","4","0","220283","221585"
"MU.osexp","C:\Users\Public\Experiments\IDs\05-WMC\MU","Tr4_update4.png","7","203646","C:/Users/Public/Experiments/IDs/05-WMC/MU/MU_SM01_results/MUsbj052.csv","update","1300","4","0","221979","223281"
"MU.osexp","C:\Users\Public\Experiments\IDs\05-WMC\MU","Tr4_test1.png","1","225014","C:/Users/Public/Experiments/IDs/05-WMC/MU/MU_SM01_results/MUsbj052.csv","test","0","4","0","223660","225015"
"MU.osexp","C:\Users\Public\Experiments\IDs\05-WMC\MU","Tr4_test2.png","3","227334","C:/Users/Public/Experiments/IDs/05-WMC/MU/MU_SM01_results/MUsbj052.csv","test","0","4","0","226320","227335"
"MU.osexp","C:\Users\Public\Experiments\IDs\05-WMC\MU","Tr4_test3.png","7","230662","C:/Users/Public/Experiments/IDs/05-WMC/MU/MU_SM01_results/MUsbj052.csv","test","0","4","0","228449","230663"
"MU.osexp","C:\Users\Public\Experiments\IDs\05-WMC\MU","Tr4_test4.png","1","233222","C:/Users/Public/Experiments/IDs/05-WMC/MU/MU_SM01_results/MUsbj052.csv","test","0","4","0","231780","233222"
"MU.osexp","C:\Users\Public\Experiments\IDs\05-WMC\MU","wait.png","1","233222","C:/Users/Public/Experiments/IDs/05-WMC/MU/MU_SM01_results/MUsbj052.csv","wait","5000","3","0","234328","233222"
"MU.osexp","C:\Users\Public\Experiments\IDs\05-WMC\MU","fixation.png","1","233222","C:/Users/Public/Experiments/IDs/05-WMC/MU/MU_SM01_results/MUsbj052.csv","fix","1500","3","0","239438","233222"
"MU.osexp","C:\Users\Public\Experiments\IDs\05-WMC\MU","Tr5_study1.png","1","233222","C:/Users/Public/Experiments/IDs/05-WMC/MU/MU_SM01_results/MUsbj052.csv","study","1000","3","0","241071","242073"
"MU.osexp","C:\Users\Public\Experiments\IDs\05-WMC\MU","Tr5_study2.png","1","233222","C:/Users/Public/Experiments/IDs/05-WMC/MU/MU_SM01_results/MUsbj052.csv","study","1000","3","0","242440","243442"
"MU.osexp","C:\Users\Public\Experiments\IDs\05-WMC\MU","Tr5_study3.png","1","233222","C:/Users/Public/Experiments/IDs/05-WMC/MU/MU_SM01_results/MUsbj052.csv","study","1000","3","0","243810","244812"
"MU.osexp","C:\Users\Public\Experiments\IDs\05-WMC\MU","Tr5_update1.png","1","233222","C:/Users/Public/Experiments/IDs/05-WMC/MU/MU_SM01_results/MUsbj052.csv","update","1300","3","0","245158","246460"
"MU.osexp","C:\Users\Public\Experiments\IDs\05-WMC\MU","Tr5_update2.png","1","233222","C:/Users/Public/Experiments/IDs/05-WMC/MU/MU_SM01_results/MUsbj052.csv","update","1300","3","0","246815","248117"
"MU.osexp","C:\Users\Public\Experiments\IDs\05-WMC\MU","Tr5_update3.png","1","233222","C:/Users/Public/Experiments/IDs/05-WMC/MU/MU_SM01_results/MUsbj052.csv","update","1300","3","0","248472","249774"
"MU.osexp","C:\Users\Public\Experiments\IDs\05-WMC\MU","Tr5_update4.png","1","233222","C:/Users/Public/Experiments/IDs/05-WMC/MU/MU_SM01_results/MUsbj052.csv","update","1300","3","0","250150","251452"
"MU.osexp","C:\Users\Public\Experiments\IDs\05-WMC\MU","Tr5_update5.png","1","233222","C:/Users/Public/Experiments/IDs/05-WMC/MU/MU_SM01_results/MUsbj052.csv","update","1300","3","0","251819","253121"
"MU.osexp","C:\Users\Public\Experiments\IDs\05-WMC\MU","Tr5_update6.png","1","233222","C:/Users/Public/Experiments/IDs/05-WMC/MU/MU_SM01_results/MUsbj052.csv","update","1300","3","0","253475","254777"
"MU.osexp","C:\Users\Public\Experiments\IDs\05-WMC\MU","Tr5_test1.png","8","258998","C:/Users/Public/Experiments/IDs/05-WMC/MU/MU_SM01_results/MUsbj052.csv","test","0","3","0","255148","258999"
"MU.osexp","C:\Users\Public\Experiments\IDs\05-WMC\MU","Tr5_test2.png","7","261830","C:/Users/Public/Experiments/IDs/05-WMC/MU/MU_SM01_results/MUsbj052.csv","test","0","3","0","260112","261831"
"MU.osexp","C:\Users\Public\Experiments\IDs\05-WMC\MU","Tr5_test3.png","1","264006","C:/Users/Public/Experiments/IDs/05-WMC/MU/MU_SM01_results/MUsbj052.csv","test","0","3","0","262964","264007"
"MU.osexp","C:\Users\Public\Experiments\IDs\05-WMC\MU","wait.png","1","264006","C:/Users/Public/Experiments/IDs/05-WMC/MU/MU_SM01_results/MUsbj052.csv","wait","5000","4","0","265109","264007"
"MU.osexp","C:\Users\Public\Experiments\IDs\05-WMC\MU","fixation.png","1","264006","C:/Users/Public/Experiments/IDs/05-WMC/MU/MU_SM01_results/MUsbj052.csv","fix","1500","4","0","270198","264007"
"MU.osexp","C:\Users\Public\Experiments\IDs\05-WMC\MU","Tr6_study1.png","1","264006","C:/Users/Public/Experiments/IDs/05-WMC/MU/MU_SM01_results/MUsbj052.csv","study","1000","4","0","271833","272835"
"MU.osexp","C:\Users\Public\Experiments\IDs\05-WMC\MU","Tr6_study2.png","1","264006","C:/Users/Public/Experiments/IDs/05-WMC/MU/MU_SM01_results/MUsbj052.csv","study","1000","4","0","273210","274212"
"MU.osexp","C:\Users\Public\Experiments\IDs\05-WMC\MU","Tr6_study3.png","1","264006","C:/Users/Public/Experiments/IDs/05-WMC/MU/MU_SM01_results/MUsbj052.csv","study","1000","4","0","274592","275594"
"MU.osexp","C:\Users\Public\Experiments\IDs\05-WMC\MU","Tr6_study4.png","1","264006","C:/Users/Public/Experiments/IDs/05-WMC/MU/MU_SM01_results/MUsbj052.csv","study","1000","4","0","275978","276980"
"MU.osexp","C:\Users\Public\Experiments\IDs\05-WMC\MU","Tr6_update1.png","1","264006","C:/Users/Public/Experiments/IDs/05-WMC/MU/MU_SM01_results/MUsbj052.csv","update","1300","4","0","277350","278652"
"MU.osexp","C:\Users\Public\Experiments\IDs\05-WMC\MU","Tr6_update2.png","1","264006","C:/Users/Public/Experiments/IDs/05-WMC/MU/MU_SM01_results/MUsbj052.csv","update","1300","4","0","279002","280305"
"MU.osexp","C:\Users\Public\Experiments\IDs\05-WMC\MU","Tr6_update3.png","1","264006","C:/Users/Public/Experiments/IDs/05-WMC/MU/MU_SM01_results/MUsbj052.csv","update","1300","4","0","280768","282070"
"MU.osexp","C:\Users\Public\Experiments\IDs\05-WMC\MU","Tr6_update4.png","1","264006","C:/Users/Public/Experiments/IDs/05-WMC/MU/MU_SM01_results/MUsbj052.csv","update","1300","4","0","282522","283824"
"MU.osexp","C:\Users\Public\Experiments\IDs\05-WMC\MU","Tr6_update5.png","1","264006","C:/Users/Public/Experiments/IDs/05-WMC/MU/MU_SM01_results/MUsbj052.csv","update","1300","4","0","284198","285500"
"MU.osexp","C:\Users\Public\Experiments\IDs\05-WMC\MU","Tr6_test1.png","7","289605","C:/Users/Public/Experiments/IDs/05-WMC/MU/MU_SM01_results/MUsbj052.csv","test","0","4","0","285893","289606"
"MU.osexp","C:\Users\Public\Experiments\IDs\05-WMC\MU","Tr6_test2.png","6","293302","C:/Users/Public/Experiments/IDs/05-WMC/MU/MU_SM01_results/MUsbj052.csv","test","0","4","0","290721","293303"
"MU.osexp","C:\Users\Public\Experiments\IDs\05-WMC\MU","Tr6_test3.png","9","295902","C:/Users/Public/Experiments/IDs/05-WMC/MU/MU_SM01_results/MUsbj052.csv","test","0","4","0","294420","295903"
"MU.osexp","C:\Users\Public\Experiments\IDs\05-WMC\MU","Tr6_test4.png","8","297694","C:/Users/Public/Experiments/IDs/05-WMC/MU/MU_SM01_results/MUsbj052.csv","test","0","4","0","296983","297695"
"MU.osexp","C:\Users\Public\Experiments\IDs\05-WMC\MU","wait.png","8","297694","C:/Users/Public/Experiments/IDs/05-WMC/MU/MU_SM01_results/MUsbj052.csv","wait","5000","5","0","298826","297695"
"MU.osexp","C:\Users\Public\Experiments\IDs\05-WMC\MU","fixation.png","8","297694","C:/Users/Public/Experiments/IDs/05-WMC/MU/MU_SM01_results/MUsbj052.csv","fix","1500","5","0","303937","297695"
"MU.osexp","C:\Users\Public\Experiments\IDs\05-WMC\MU","Tr7_study1.png","8","297694","C:/Users/Public/Experiments/IDs/05-WMC/MU/MU_SM01_results/MUsbj052.csv","study","1000","5","0","305576","306579"
"MU.osexp","C:\Users\Public\Experiments\IDs\05-WMC\MU","Tr7_study2.png","8","297694","C:/Users/Public/Experiments/IDs/05-WMC/MU/MU_SM01_results/MUsbj052.csv","study","1000","5","0","306947","307949"
"MU.osexp","C:\Users\Public\Experiments\IDs\05-WMC\MU","Tr7_study3.png","8","297694","C:/Users/Public/Experiments/IDs/05-WMC/MU/MU_SM01_results/MUsbj052.csv","study","1000","5","0","308309","309311"
"MU.osexp","C:\Users\Public\Experiments\IDs\05-WMC\MU","Tr7_study4.png","8","297694","C:/Users/Public/Experiments/IDs/05-WMC/MU/MU_SM01_results/MUsbj052.csv","study","1000","5","0","309687","310690"
"MU.osexp","C:\Users\Public\Experiments\IDs\05-WMC\MU","Tr7_study5.png","8","297694","C:/Users/Public/Experiments/IDs/05-WMC/MU/MU_SM01_results/MUsbj052.csv","study","1000","5","0","311022","312024"
"MU.osexp","C:\Users\Public\Experiments\IDs\05-WMC\MU","Tr7_update1.png","8","297694","C:/Users/Public/Experiments/IDs/05-WMC/MU/MU_SM01_results/MUsbj052.csv","update","1300","5","0","312417","313719"
"MU.osexp","C:\Users\Public\Experiments\IDs\05-WMC\MU","Tr7_update2.png","8","297694","C:/Users/Public/Experiments/IDs/05-WMC/MU/MU_SM01_results/MUsbj052.csv","update","1300","5","0","314086","315388"
"MU.osexp","C:\Users\Public\Experiments\IDs\05-WMC\MU","Tr7_update3.png","8","297694","C:/Users/Public/Experiments/IDs/05-WMC/MU/MU_SM01_results/MUsbj052.csv","update","1300","5","0","315739","317041"
"MU.osexp","C:\Users\Public\Experiments\IDs\05-WMC\MU","Tr7_update4.png","8","297694","C:/Users/Public/Experiments/IDs/05-WMC/MU/MU_SM01_results/MUsbj052.csv","update","1300","5","0","317418","318720"
"MU.osexp","C:\Users\Public\Experiments\IDs\05-WMC\MU","Tr7_update5.png","8","297694","C:/Users/Public/Experiments/IDs/05-WMC/MU/MU_SM01_results/MUsbj052.csv","update","1300","5","0","319093","320395"
"MU.osexp","C:\Users\Public\Experiments\IDs\05-WMC\MU","Tr7_test1.png","1","324397","C:/Users/Public/Experiments/IDs/05-WMC/MU/MU_SM01_results/MUsbj052.csv","test","0","5","0","320752","324398"
"MU.osexp","C:\Users\Public\Experiments\IDs\05-WMC\MU","Tr7_test2.png","9","329126","C:/Users/Public/Experiments/IDs/05-WMC/MU/MU_SM01_results/MUsbj052.csv","test","0","5","0","325537","329127"
"MU.osexp","C:\Users\Public\Experiments\IDs\05-WMC\MU","Tr7_test3.png","1","331030","C:/Users/Public/Experiments/IDs/05-WMC/MU/MU_SM01_results/MUsbj052.csv","test","0","5","0","330206","331031"
"MU.osexp","C:\Users\Public\Experiments\IDs\05-WMC\MU","Tr7_test4.png","6","334158","C:/Users/Public/Experiments/IDs/05-WMC/MU/MU_SM01_results/MUsbj052.csv","test","0","5","0","332116","334159"
"MU.osexp","C:\Users\Public\Experiments\IDs\05-WMC\MU","Tr7_test5.png","1","335878","C:/Users/Public/Experiments/IDs/05-WMC/MU/MU_SM01_results/MUsbj052.csv","test","0","5","0","335241","335879"
"MU.osexp","C:\Users\Public\Experiments\IDs\05-WMC\MU","wait.png","1","335878","C:/Users/Public/Experiments/IDs/05-WMC/MU/MU_SM01_results/MUsbj052.csv","wait","5000","4","0","337075","335879"
"MU.osexp","C:\Users\Public\Experiments\IDs\05-WMC\MU","fixation.png","1","335878","C:/Users/Public/Experiments/IDs/05-WMC/MU/MU_SM01_results/MUsbj052.csv","fix","1500","4","0","342151","335879"
"MU.osexp","C:\Users\Public\Experiments\IDs\05-WMC\MU","Tr8_study1.png","1","335878","C:/Users/Public/Experiments/IDs/05-WMC/MU/MU_SM01_results/MUsbj052.csv","study","1000","4","0","343717","344718"
"MU.osexp","C:\Users\Public\Experiments\IDs\05-WMC\MU","Tr8_study2.png","1","335878","C:/Users/Public/Experiments/IDs/05-WMC/MU/MU_SM01_results/MUsbj052.csv","study","1000","4","0","345035","346036"
"MU.osexp","C:\Users\Public\Experiments\IDs\05-WMC\MU","Tr8_study3.png","1","335878","C:/Users/Public/Experiments/IDs/05-WMC/MU/MU_SM01_results/MUsbj052.csv","study","1000","4","0","346482","347482"
"MU.osexp","C:\Users\Public\Experiments\IDs\05-WMC\MU","Tr8_study4.png","1","335878","C:/Users/Public/Experiments/IDs/05-WMC/MU/MU_SM01_results/MUsbj052.csv","study","1000","4","0","347809","348810"
"MU.osexp","C:\Users\Public\Experiments\IDs\05-WMC\MU","Tr8_update1.png","1","335878","C:/Users/Public/Experiments/IDs/05-WMC/MU/MU_SM01_results/MUsbj052.csv","update","1300","4","0","349158","350460"
"MU.osexp","C:\Users\Public\Experiments\IDs\05-WMC\MU","Tr8_update2.png","1","335878","C:/Users/Public/Experiments/IDs/05-WMC/MU/MU_SM01_results/MUsbj052.csv","update","1300","4","0","350841","352143"
"MU.osexp","C:\Users\Public\Experiments\IDs\05-WMC\MU","Tr8_update3.png","1","335878","C:/Users/Public/Experiments/IDs/05-WMC/MU/MU_SM01_results/MUsbj052.csv","update","1300","4","0","352502","353804"
"MU.osexp","C:\Users\Public\Experiments\IDs\05-WMC\MU","Tr8_test1.png","6","357854","C:/Users/Public/Experiments/IDs/05-WMC/MU/MU_SM01_results/MUsbj052.csv","test","0","4","0","354178","357854"
"MU.osexp","C:\Users\Public\Experiments\IDs\05-WMC\MU","Tr8_test2.png","7","361182","C:/Users/Public/Experiments/IDs/05-WMC/MU/MU_SM01_results/MUsbj052.csv","test","0","4","0","358978","361183"
"MU.osexp","C:\Users\Public\Experiments\IDs\05-WMC\MU","Tr8_test3.png","9","364222","C:/Users/Public/Experiments/IDs/05-WMC/MU/MU_SM01_results/MUsbj052.csv","test","0","4","0","362284","364223"
"MU.osexp","C:\Users\Public\Experiments\IDs\05-WMC\MU","Tr8_test4.png","4","367854","C:/Users/Public/Experiments/IDs/05-WMC/MU/MU_SM01_results/MUsbj052.csv","test","0","4","0","365338","367855"
"MU.osexp","C:\Users\Public\Experiments\IDs\05-WMC\MU","wait.png","4","367854","C:/Users/Public/Experiments/IDs/05-WMC/MU/MU_SM01_results/MUsbj052.csv","wait","5000","5","0","368972","367855"
"MU.osexp","C:\Users\Public\Experiments\IDs\05-WMC\MU","fixation.png","4","367854","C:/Users/Public/Experiments/IDs/05-WMC/MU/MU_SM01_results/MUsbj052.csv","fix","1500","5","0","374097","367855"
"MU.osexp","C:\Users\Public\Experiments\IDs\05-WMC\MU","Tr9_study1.png","4","367854","C:/Users/Public/Experiments/IDs/05-WMC/MU/MU_SM01_results/MUsbj052.csv","study","1000","5","0","375719","376721"
"MU.osexp","C:\Users\Public\Experiments\IDs\05-WMC\MU","Tr9_study2.png","4","367854","C:/Users/Public/Experiments/IDs/05-WMC/MU/MU_SM01_results/MUsbj052.csv","study","1000","5","0","377096","378098"
"MU.osexp","C:\Users\Public\Experiments\IDs\05-WMC\MU","Tr9_study3.png","4","367854","C:/Users/Public/Experiments/IDs/05-WMC/MU/MU_SM01_results/MUsbj052.csv","study","1000","5","0","378508","379510"
"MU.osexp","C:\Users\Public\Experiments\IDs\05-WMC\MU","Tr9_study4.png","4","367854","C:/Users/Public/Experiments/IDs/05-WMC/MU/MU_SM01_results/MUsbj052.csv","study","1000","5","0","379865","380867"
"MU.osexp","C:\Users\Public\Experiments\IDs\05-WMC\MU","Tr9_study5.png","4","367854","C:/Users/Public/Experiments/IDs/05-WMC/MU/MU_SM01_results/MUsbj052.csv","study","1000","5","0","381240","382242"
"MU.osexp","C:\Users\Public\Experiments\IDs\05-WMC\MU","Tr9_update1.png","4","367854","C:/Users/Public/Experiments/IDs/05-WMC/MU/MU_SM01_results/MUsbj052.csv","update","1300","5","0","382592","383894"
"MU.osexp","C:\Users\Public\Experiments\IDs\05-WMC\MU","Tr9_update2.png","4","367854","C:/Users/Public/Experiments/IDs/05-WMC/MU/MU_SM01_results/MUsbj052.csv","update","1300","5","0","384264","385566"
"MU.osexp","C:\Users\Public\Experiments\IDs\05-WMC\MU","Tr9_test1.png","4","389094","C:/Users/Public/Experiments/IDs/05-WMC/MU/MU_SM01_results/MUsbj052.csv","test","0","5","0","385923","389095"
"MU.osexp","C:\Users\Public\Experiments\IDs\05-WMC\MU","Tr9_test2.png","7","392214","C:/Users/Public/Experiments/IDs/05-WMC/MU/MU_SM01_results/MUsbj052.csv","test","0","5","0","390212","392214"
"MU.osexp","C:\Users\Public\Experiments\IDs\05-WMC\MU","Tr9_test3.png","4","396014","C:/Users/Public/Experiments/IDs/05-WMC/MU/MU_SM01_results/MUsbj052.csv","test","0","5","0","393311","396015"
"MU.osexp","C:\Users\Public\Experiments\IDs\05-WMC\MU","Tr9_test4.png","6","398966","C:/Users/Public/Experiments/IDs/05-WMC/MU/MU_SM01_results/MUsbj052.csv","test","0","5","0","397126","398967"
"MU.osexp","C:\Users\Public\Experiments\IDs\05-WMC\MU","Tr9_test5.png","7","402086","C:/Users/Public/Experiments/IDs/05-WMC/MU/MU_SM01_results/MUsbj052.csv","test","0","5","0","400101","402087"
"MU.osexp","C:\Users\Public\Experiments\IDs\05-WMC\MU","wait.png","7","402086","C:/Users/Public/Experiments/IDs/05-WMC/MU/MU_SM01_results/MUsbj052.csv","wait","5000","3","0","403185","402087"
"MU.osexp","C:\Users\Public\Experiments\IDs\05-WMC\MU","fixation.png","7","402086","C:/Users/Public/Experiments/IDs/05-WMC/MU/MU_SM01_results/MUsbj052.csv","fix","1500","3","0","408291","402087"
"MU.osexp","C:\Users\Public\Experiments\IDs\05-WMC\MU","Tr10_study1.png","7","402086","C:/Users/Public/Experiments/IDs/05-WMC/MU/MU_SM01_results/MUsbj052.csv","study","1000","3","0","409947","410949"
"MU.osexp","C:\Users\Public\Experiments\IDs\05-WMC\MU","Tr10_study2.png","7","402086","C:/Users/Public/Experiments/IDs/05-WMC/MU/MU_SM01_results/MUsbj052.csv","study","1000","3","0","411301","412303"
"MU.osexp","C:\Users\Public\Experiments\IDs\05-WMC\MU","Tr10_study3.png","7","402086","C:/Users/Public/Experiments/IDs/05-WMC/MU/MU_SM01_results/MUsbj052.csv","study","1000","3","0","412680","413682"
"MU.osexp","C:\Users\Public\Experiments\IDs\05-WMC\MU","Tr10_update1.png","7","402086","C:/Users/Public/Experiments/IDs/05-WMC/MU/MU_SM01_results/MUsbj052.csv","update","1300","3","0","414029","415332"
"MU.osexp","C:\Users\Public\Experiments\IDs\05-WMC\MU","Tr10_update2.png","7","402086","C:/Users/Public/Experiments/IDs/05-WMC/MU/MU_SM01_results/MUsbj052.csv","update","1300","3","0","415718","417020"
"MU.osexp","C:\Users\Public\Experiments\IDs\05-WMC\MU","Tr10_test1.png","5","419230","C:/Users/Public/Experiments/IDs/05-WMC/MU/MU_SM01_results/MUsbj052.csv","test","0","3","0","417395","419231"
"MU.osexp","C:\Users\Public\Experiments\IDs\05-WMC\MU","Tr10_test2.png","5","422862","C:/Users/Public/Experiments/IDs/05-WMC/MU/MU_SM01_results/MUsbj052.csv","test","0","3","0","420488","422863"
"MU.osexp","C:\Users\Public\Experiments\IDs\05-WMC\MU","Tr10_test3.png","5","424310","C:/Users/Public/Experiments/IDs/05-WMC/MU/MU_SM01_results/MUsbj052.csv","test","0","3","0","424039","424311"
"MU.osexp","C:\Users\Public\Experiments\IDs\05-WMC\MU","wait.png","5","424310","C:/Users/Public/Experiments/IDs/05-WMC/MU/MU_SM01_results/MUsbj052.csv","wait","5000","5","0","425423","424311"
"MU.osexp","C:\Users\Public\Experiments\IDs\05-WMC\MU","fixation.png","5","424310","C:/Users/Public/Experiments/IDs/05-WMC/MU/MU_SM01_results/MUsbj052.csv","fix","1500","5","0","430537","424311"
"MU.osexp","C:\Users\Public\Experiments\IDs\05-WMC\MU","Tr11_study1.png","5","424310","C:/Users/Public/Experiments/IDs/05-WMC/MU/MU_SM01_results/MUsbj052.csv","study","1000","5","0","432174","433177"
"MU.osexp","C:\Users\Public\Experiments\IDs\05-WMC\MU","Tr11_study2.png","5","424310","C:/Users/Public/Experiments/IDs/05-WMC/MU/MU_SM01_results/MUsbj052.csv","study","1000","5","0","433557","434559"
"MU.osexp","C:\Users\Public\Experiments\IDs\05-WMC\MU","Tr11_study3.png","5","424310","C:/Users/Public/Experiments/IDs/05-WMC/MU/MU_SM01_results/MUsbj052.csv","study","1000","5","0","434912","435914"
"MU.osexp","C:\Users\Public\Experiments\IDs\05-WMC\MU","Tr11_study4.png","5","424310","C:/Users/Public/Experiments/IDs/05-WMC/MU/MU_SM01_results/MUsbj052.csv","study","1000","5","0","436298","437300"
"MU.osexp","C:\Users\Public\Experiments\IDs\05-WMC\MU","Tr11_study5.png","5","424310","C:/Users/Public/Experiments/IDs/05-WMC/MU/MU_SM01_results/MUsbj052.csv","study","1000","5","0","437669","438671"
"MU.osexp","C:\Users\Public\Experiments\IDs\05-WMC\MU","Tr11_update1.png","5","424310","C:/Users/Public/Experiments/IDs/05-WMC/MU/MU_SM01_results/MUsbj052.csv","update","1300","5","0","438999","440301"
"MU.osexp","C:\Users\Public\Experiments\IDs\05-WMC\MU","Tr11_update2.png","5","424310","C:/Users/Public/Experiments/IDs/05-WMC/MU/MU_SM01_results/MUsbj052.csv","update","1300","5","0","440670","441972"
"MU.osexp","C:\Users\Public\Experiments\IDs\05-WMC\MU","Tr11_update3.png","5","424310","C:/Users/Public/Experiments/IDs/05-WMC/MU/MU_SM01_results/MUsbj052.csv","update","1300","5","0","442348","443650"
"MU.osexp","C:\Users\Public\Experiments\IDs\05-WMC\MU","Tr11_test1.png","1","447262","C:/Users/Public/Experiments/IDs/05-WMC/MU/MU_SM01_results/MUsbj052.csv","test","0","5","0","444030","447262"
"MU.osexp","C:\Users\Public\Experiments\IDs\05-WMC\MU","Tr11_test2.png","1","449758","C:/Users/Public/Experiments/IDs/05-WMC/MU/MU_SM01_results/MUsbj052.csv","test","0","5","0","448530","449759"
"MU.osexp","C:\Users\Public\Experiments\IDs\05-WMC\MU","Tr11_test3.png","5","452446","C:/Users/Public/Experiments/IDs/05-WMC/MU/MU_SM01_results/MUsbj052.csv","test","0","5","0","450891","452447"
"MU.osexp","C:\Users\Public\Experiments\IDs\05-WMC\MU","Tr11_test4.png","6","455254","C:/Users/Public/Experiments/IDs/05-WMC/MU/MU_SM01_results/MUsbj052.csv","test","0","5","0","453567","455255"
"MU.osexp","C:\Users\Public\Experiments\IDs\05-WMC\MU","Tr11_test5.png","8","456630","C:/Users/Public/Experiments/IDs/05-WMC/MU/MU_SM01_results/MUsbj052.csv","test","0","5","0","456350","456631"
"MU.osexp","C:\Users\Public\Experiments\IDs\05-WMC\MU","wait.png","8","456630","C:/Users/Public/Experiments/IDs/05-WMC/MU/MU_SM01_results/MUsbj052.csv","wait","5000","3","0","457733","456631"
"MU.osexp","C:\Users\Public\Experiments\IDs\05-WMC\MU","fixation.png","8","456630","C:/Users/Public/Experiments/IDs/05-WMC/MU/MU_SM01_results/MUsbj052.csv","fix","1500","3","0","462838","456631"
"MU.osexp","C:\Users\Public\Experiments\IDs\05-WMC\MU","Tr12_study1.png","8","456630","C:/Users/Public/Experiments/IDs/05-WMC/MU/MU_SM01_results/MUsbj052.csv","study","1000","3","0","464519","465521"
"MU.osexp","C:\Users\Public\Experiments\IDs\05-WMC\MU","Tr12_study2.png","8","456630","C:/Users/Public/Experiments/IDs/05-WMC/MU/MU_SM01_results/MUsbj052.csv","study","1000","3","0","465903","466905"
"MU.osexp","C:\Users\Public\Experiments\IDs\05-WMC\MU","Tr12_study3.png","8","456630","C:/Users/Public/Experiments/IDs/05-WMC/MU/MU_SM01_results/MUsbj052.csv","study","1000","3","0","467252","468254"
"MU.osexp","C:\Users\Public\Experiments\IDs\05-WMC\MU","Tr12_update1.png","8","456630","C:/Users/Public/Experiments/IDs/05-WMC/MU/MU_SM01_results/MUsbj052.csv","update","1300","3","0","468609","469911"
"MU.osexp","C:\Users\Public\Experiments\IDs\05-WMC\MU","Tr12_update2.png","8","456630","C:/Users/Public/Experiments/IDs/05-WMC/MU/MU_SM01_results/MUsbj052.csv","update","1300","3","0","470249","471551"
"MU.osexp","C:\Users\Public\Experiments\IDs\05-WMC\MU","Tr12_update3.png","8","456630","C:/Users/Public/Experiments/IDs/05-WMC/MU/MU_SM01_results/MUsbj052.csv","update","1300","3","0","471912","473214"
"MU.osexp","C:\Users\Public\Experiments\IDs\05-WMC\MU","Tr12_update4.png","8","456630","C:/Users/Public/Experiments/IDs/05-WMC/MU/MU_SM01_results/MUsbj052.csv","update","1300","3","0","473559","474861"
"MU.osexp","C:\Users\Public\Experiments\IDs\05-WMC\MU","Tr12_update5.png","8","456630","C:/Users/Public/Experiments/IDs/05-WMC/MU/MU_SM01_results/MUsbj052.csv","update","1300","3","0","475221","476523"
"MU.osexp","C:\Users\Public\Experiments\IDs\05-WMC\MU","Tr12_test1.png","4","477934","C:/Users/Public/Experiments/IDs/05-WMC/MU/MU_SM01_results/MUsbj052.csv","test","0","3","0","476880","477935"
"MU.osexp","C:\Users\Public\Experiments\IDs\05-WMC\MU","Tr12_test2.png","9","479702","C:/Users/Public/Experiments/IDs/05-WMC/MU/MU_SM01_results/MUsbj052.csv","test","0","3","0","479032","479703"
"MU.osexp","C:\Users\Public\Experiments\IDs\05-WMC\MU","Tr12_test3.png","3","483230","C:/Users/Public/Experiments/IDs/05-WMC/MU/MU_SM01_results/MUsbj052.csv","test","0","3","0","480820","483231"
"MU.osexp","C:\Users\Public\Experiments\IDs\05-WMC\MU","wait.png","3","483230","C:/Users/Public/Experiments/IDs/05-WMC/MU/MU_SM01_results/MUsbj052.csv","wait","5000","3","0","484326","483231"
"MU.osexp","C:\Users\Public\Experiments\IDs\05-WMC\MU","fixation.png","3","483230","C:/Users/Public/Experiments/IDs/05-WMC/MU/MU_SM01_results/MUsbj052.csv","fix","1500","3","0","489418","483231"
"MU.osexp","C:\Users\Public\Experiments\IDs\05-WMC\MU","Tr13_study1.png","3","483230","C:/Users/Public/Experiments/IDs/05-WMC/MU/MU_SM01_results/MUsbj052.csv","study","1000","3","0","491040","492043"
"MU.osexp","C:\Users\Public\Experiments\IDs\05-WMC\MU","Tr13_study2.png","3","483230","C:/Users/Public/Experiments/IDs/05-WMC/MU/MU_SM01_results/MUsbj052.csv","study","1000","3","0","492498","493500"
"MU.osexp","C:\Users\Public\Experiments\IDs\05-WMC\MU","Tr13_study3.png","3","483230","C:/Users/Public/Experiments/IDs/05-WMC/MU/MU_SM01_results/MUsbj052.csv","study","1000","3","0","493858","494859"
"MU.osexp","C:\Users\Public\Experiments\IDs\05-WMC\MU","Tr13_update1.png","3","483230","C:/Users/Public/Experiments/IDs/05-WMC/MU/MU_SM01_results/MUsbj052.csv","update","1300","3","0","495239","496541"
"MU.osexp","C:\Users\Public\Experiments\IDs\05-WMC\MU","Tr13_update2.png","3","483230","C:/Users/Public/Experiments/IDs/05-WMC/MU/MU_SM01_results/MUsbj052.csv","update","1300","3","0","496894","498196"
"MU.osexp","C:\Users\Public\Experiments\IDs\05-WMC\MU","Tr13_update3.png","3","483230","C:/Users/Public/Experiments/IDs/05-WMC/MU/MU_SM01_results/MUsbj052.csv","update","1300","3","0","498561","499863"
"MU.osexp","C:\Users\Public\Experiments\IDs\05-WMC\MU","Tr13_update4.png","3","483230","C:/Users/Public/Experiments/IDs/05-WMC/MU/MU_SM01_results/MUsbj052.csv","update","1300","3","0","500228","501530"
"MU.osexp","C:\Users\Public\Experiments\IDs\05-WMC\MU","Tr13_test1.png","3","503478","C:/Users/Public/Experiments/IDs/05-WMC/MU/MU_SM01_results/MUsbj052.csv","test","0","3","0","501929","503479"
"MU.osexp","C:\Users\Public\Experiments\IDs\05-WMC\MU","Tr13_test2.png","1","505454","C:/Users/Public/Experiments/IDs/05-WMC/MU/MU_SM01_results/MUsbj052.csv","test","0","3","0","504577","505455"
"MU.osexp","C:\Users\Public\Experiments\IDs\05-WMC\MU","Tr13_test3.png","5","509310","C:/Users/Public/Experiments/IDs/05-WMC/MU/MU_SM01_results/MUsbj052.csv","test","0","3","0","506539","509311"
"MU.osexp","C:\Users\Public\Experiments\IDs\05-WMC\MU","wait.png","5","509310","C:/Users/Public/Experiments/IDs/05-WMC/MU/MU_SM01_results/MUsbj052.csv","wait","5000","5","0","510507","509311"
"MU.osexp","C:\Users\Public\Experiments\IDs\05-WMC\MU","fixation.png","5","509310","C:/Users/Public/Experiments/IDs/05-WMC/MU/MU_SM01_results/MUsbj052.csv","fix","1500","5","0","515612","509311"
"MU.osexp","C:\Users\Public\Experiments\IDs\05-WMC\MU","Tr14_study1.png","5","509310","C:/Users/Public/Experiments/IDs/05-WMC/MU/MU_SM01_results/MUsbj052.csv","study","1000","5","0","517229","518231"
"MU.osexp","C:\Users\Public\Experiments\IDs\05-WMC\MU","Tr14_study2.png","5","509310","C:/Users/Public/Experiments/IDs/05-WMC/MU/MU_SM01_results/MUsbj052.csv","study","1000","5","0","518584","519586"
"MU.osexp","C:\Users\Public\Experiments\IDs\05-WMC\MU","Tr14_study3.png","5","509310","C:/Users/Public/Experiments/IDs/05-WMC/MU/MU_SM01_results/MUsbj052.csv","study","1000","5","0","519933","520935"
"MU.osexp","C:\Users\Public\Experiments\IDs\05-WMC\MU","Tr14_study4.png","5","509310","C:/Users/Public/Experiments/IDs/05-WMC/MU/MU_SM01_results/MUsbj052.csv","study","1000","5","0","521280","522282"
"MU.osexp","C:\Users\Public\Experiments\IDs\05-WMC\MU","Tr14_study5.png","5","509310","C:/Users/Public/Experiments/IDs/05-WMC/MU/MU_SM01_results/MUsbj052.csv","study","1000","5","0","522630","523632"
"MU.osexp","C:\Users\Public\Experiments\IDs\05-WMC\MU","Tr14_update1.png","5","509310","C:/Users/Public/Experiments/IDs/05-WMC/MU/MU_SM01_results/MUsbj052.csv","update","1300","5","0","523982","525284"
"MU.osexp","C:\Users\Public\Experiments\IDs\05-WMC\MU","Tr14_update2.png","5","509310","C:/Users/Public/Experiments/IDs/05-WMC/MU/MU_SM01_results/MUsbj052.csv","update","1300","5","0","525645","526947"
"MU.osexp","C:\Users\Public\Experiments\IDs\05-WMC\MU","Tr14_update3.png","5","509310","C:/Users/Public/Experiments/IDs/05-WMC/MU/MU_SM01_results/MUsbj052.csv","update","1300","5","0","527308","528609"
"MU.osexp","C:\Users\Public\Experiments\IDs\05-WMC\MU","Tr14_update4.png","5","509310","C:/Users/Public/Experiments/IDs/05-WMC/MU/MU_SM01_results/MUsbj052.csv","update","1300","5","0","528942","530244"
"MU.osexp","C:\Users\Public\Experiments\IDs\05-WMC\MU","Tr14_test1.png","9","532126","C:/Users/Public/Experiments/IDs/05-WMC/MU/MU_SM01_results/MUsbj052.csv","test","0","5","0","530616","532127"
"MU.osexp","C:\Users\Public\Experiments\IDs\05-WMC\MU","Tr14_test2.png","7","534638","C:/Users/Public/Experiments/IDs/05-WMC/MU/MU_SM01_results/MUsbj052.csv","test","0","5","0","533226","534638"
"MU.osexp","C:\Users\Public\Experiments\IDs\05-WMC\MU","Tr14_test3.png","6","536486","C:/Users/Public/Experiments/IDs/05-WMC/MU/MU_SM01_results/MUsbj052.csv","test","0","5","0","535718","536487"
"MU.osexp","C:\Users\Public\Experiments\IDs\05-WMC\MU","Tr14_test4.png","5","539246","C:/Users/Public/Experiments/IDs/05-WMC/MU/MU_SM01_results/MUsbj052.csv","test","0","5","0","537584","539247"
"MU.osexp","C:\Users\Public\Experiments\IDs\05-WMC\MU","Tr14_test5.png","3","540638","C:/Users/Public/Experiments/IDs/05-WMC/MU/MU_SM01_results/MUsbj052.csv","test","0","5","0","540357","540639"
"MU.osexp","C:\Users\Public\Experiments\IDs\05-WMC\MU","wait.png","3","540638","C:/Users/Public/Experiments/IDs/05-WMC/MU/MU_SM01_results/MUsbj052.csv","wait","5000","4","0","541768","540639"
"MU.osexp","C:\Users\Public\Experiments\IDs\05-WMC\MU","fixation.png","3","540638","C:/Users/Public/Experiments/IDs/05-WMC/MU/MU_SM01_results/MUsbj052.csv","fix","1500","4","0","546846","540639"
"MU.osexp","C:\Users\Public\Experiments\IDs\05-WMC\MU","Tr15_study1.png","3","540638","C:/Users/Public/Experiments/IDs/05-WMC/MU/MU_SM01_results/MUsbj052.csv","study","1000","4","0","548517","549519"
"MU.osexp","C:\Users\Public\Experiments\IDs\05-WMC\MU","Tr15_study2.png","3","540638","C:/Users/Public/Experiments/IDs/05-WMC/MU/MU_SM01_results/MUsbj052.csv","study","1000","4","0","549851","550853"
"MU.osexp","C:\Users\Public\Experiments\IDs\05-WMC\MU","Tr15_study3.png","3","540638","C:/Users/Public/Experiments/IDs/05-WMC/MU/MU_SM01_results/MUsbj052.csv","study","1000","4","0","551210","552212"
"MU.osexp","C:\Users\Public\Experiments\IDs\05-WMC\MU","Tr15_study4.png","3","540638","C:/Users/Public/Experiments/IDs/05-WMC/MU/MU_SM01_results/MUsbj052.csv","study","1000","4","0","552549","553551"
"MU.osexp","C:\Users\Public\Experiments\IDs\05-WMC\MU","Tr15_update1.png","3","540638","C:/Users/Public/Experiments/IDs/05-WMC/MU/MU_SM01_results/MUsbj052.csv","update","1300","4","0","553900","555202"
"MU.osexp","C:\Users\Public\Experiments\IDs\05-WMC\MU","Tr15_update2.png","3","540638","C:/Users/Public/Experiments/IDs/05-WMC/MU/MU_SM01_results/MUsbj052.csv","update","1300","4","0","555546","556848"
"MU.osexp","C:\Users\Public\Experiments\IDs\05-WMC\MU","Tr15_update3.png","3","540638","C:/Users/Public/Experiments/IDs/05-WMC/MU/MU_SM01_results/MUsbj052.csv","update","1300","4","0","557188","558490"
"MU.osexp","C:\Users\Public\Experiments\IDs\05-WMC\MU","Tr15_update4.png","3","540638","C:/Users/Public/Experiments/IDs/05-WMC/MU/MU_SM01_results/MUsbj052.csv","update","1300","4","0","558841","560143"
"MU.osexp","C:\Users\Public\Experiments\IDs\05-WMC\MU","Tr15_update5.png","3","540638","C:/Users/Public/Experiments/IDs/05-WMC/MU/MU_SM01_results/MUsbj052.csv","update","1300","4","0","560507","561809"
"MU.osexp","C:\Users\Public\Experiments\IDs\05-WMC\MU","Tr15_update6.png","3","540638","C:/Users/Public/Experiments/IDs/05-WMC/MU/MU_SM01_results/MUsbj052.csv","update","1300","4","0","562159","563461"
"MU.osexp","C:\Users\Public\Experiments\IDs\05-WMC\MU","Tr15_test1.png","9","566054","C:/Users/Public/Experiments/IDs/05-WMC/MU/MU_SM01_results/MUsbj052.csv","test","0","4","0","563841","566055"
"MU.osexp","C:\Users\Public\Experiments\IDs\05-WMC\MU","Tr15_test2.png","4","572046","C:/Users/Public/Experiments/IDs/05-WMC/MU/MU_SM01_results/MUsbj052.csv","test","0","4","0","567146","572047"
"MU.osexp","C:\Users\Public\Experiments\IDs\05-WMC\MU","Tr15_test3.png","8","575190","C:/Users/Public/Experiments/IDs/05-WMC/MU/MU_SM01_results/MUsbj052.csv","test","0","4","0","573166","575191"
"MU.osexp","C:\Users\Public\Experiments\IDs\05-WMC\MU","Tr15_test4.png","9","577198","C:/Users/Public/Experiments/IDs/05-WMC/MU/MU_SM01_results/MUsbj052.csv","test","0","4","0","576285","577199"
"MU.osexp","C:\Users\Public\Experiments\IDs\05-WMC\MU","wait.png","9","577198","C:/Users/Public/Experiments/IDs/05-WMC/MU/MU_SM01_results/MUsbj052.csv","wait","5000","4","0","578316","577199"
"MU.osexp","C:\Users\Public\Experiments\IDs\05-WMC\MU","fixation.png","9","577198","C:/Users/Public/Experiments/IDs/05-WMC/MU/MU_SM01_results/MUsbj052.csv","fix","1500","4","0","583410","577199"
"MU.osexp","C:\Users\Public\Experiments\IDs\05-WMC\MU","Tr16_study1.png","9","577198","C:/Users/Public/Experiments/IDs/05-WMC/MU/MU_SM01_results/MUsbj052.csv","study","1000","4","0","585029","586031"
"MU.osexp","C:\Users\Public\Experiments\IDs\05-WMC\MU","Tr16_study2.png","9","577198","C:/Users/Public/Experiments/IDs/05-WMC/MU/MU_SM01_results/MUsbj052.csv","study","1000","4","0","586389","587391"
"MU.osexp","C:\Users\Public\Experiments\IDs\05-WMC\MU","Tr16_study3.png","9","577198","C:/Users/Public/Experiments/IDs/05-WMC/MU/MU_SM01_results/MUsbj052.csv","study","1000","4","0","587719","588721"
"MU.osexp","C:\Users\Public\Experiments\IDs\05-WMC\MU","Tr16_study4.png","9","577198","C:/Users/Public/Experiments/IDs/05-WMC/MU/MU_SM01_results/MUsbj052.csv","study","1000","4","0","589063","590065"
"MU.osexp","C:\Users\Public\Experiments\IDs\05-WMC\MU","Tr16_update1.png","9","577198","C:/Users/Public/Experiments/IDs/05-WMC/MU/MU_SM01_results/MUsbj052.csv","update","1300","4","0","590426","591728"
"MU.osexp","C:\Users\Public\Experiments\IDs\05-WMC\MU","Tr16_update2.png","9","577198","C:/Users/Public/Experiments/IDs/05-WMC/MU/MU_SM01_results/MUsbj052.csv","update","1300","4","0","592099","593401"
"MU.osexp","C:\Users\Public\Experiments\IDs\05-WMC\MU","Tr16_test1.png","8","599742","C:/Users/Public/Experiments/IDs/05-WMC/MU/MU_SM01_results/MUsbj052.csv","test","0","4","0","593772","599743"
"MU.osexp","C:\Users\Public\Experiments\IDs\05-WMC\MU","Tr16_test2.png","7","601710","C:/Users/Public/Experiments/IDs/05-WMC/MU/MU_SM01_results/MUsbj052.csv","test","0","4","0","600843","601711"
"MU.osexp","C:\Users\Public\Experiments\IDs\05-WMC\MU","Tr16_test3.png","6","606191","C:/Users/Public/Experiments/IDs/05-WMC/MU/MU_SM01_results/MUsbj052.csv","test","0","4","0","602821","606192"
"MU.osexp","C:\Users\Public\Experiments\IDs\05-WMC\MU","Tr16_test4.png","6","607566","C:/Users/Public/Experiments/IDs/05-WMC/MU/MU_SM01_results/MUsbj052.csv","test","0","4","0","607308","607567"
"MU.osexp","C:\Users\Public\Experiments\IDs\05-WMC\MU","wait.png","6","607566","C:/Users/Public/Experiments/IDs/05-WMC/MU/MU_SM01_results/MUsbj052.csv","wait","5000","5","0","608759","607567"
"MU.osexp","C:\Users\Public\Experiments\IDs\05-WMC\MU","fixation.png","6","607566","C:/Users/Public/Experiments/IDs/05-WMC/MU/MU_SM01_results/MUsbj052.csv","fix","1500","5","0","613864","607567"
"MU.osexp","C:\Users\Public\Experiments\IDs\05-WMC\MU","Tr17_study1.png","6","607566","C:/Users/Public/Experiments/IDs/05-WMC/MU/MU_SM01_results/MUsbj052.csv","study","1000","5","0","615494","616496"
"MU.osexp","C:\Users\Public\Experiments\IDs\05-WMC\MU","Tr17_study2.png","6","607566","C:/Users/Public/Experiments/IDs/05-WMC/MU/MU_SM01_results/MUsbj052.csv","study","1000","5","0","616845","617847"
"MU.osexp","C:\Users\Public\Experiments\IDs\05-WMC\MU","Tr17_study3.png","6","607566","C:/Users/Public/Experiments/IDs/05-WMC/MU/MU_SM01_results/MUsbj052.csv","study","1000","5","0","618228","619230"
"MU.osexp","C:\Users\Public\Experiments\IDs\05-WMC\MU","Tr17_study4.png","6","607566","C:/Users/Public/Experiments/IDs/05-WMC/MU/MU_SM01_results/MUsbj052.csv","study","1000","5","0","619577","620579"
"MU.osexp","C:\Users\Public\Experiments\IDs\05-WMC\MU","Tr17_study5.png","6","607566","C:/Users/Public/Experiments/IDs/05-WMC/MU/MU_SM01_results/MUsbj052.csv","study","1000","5","0","620961","621963"
"MU.osexp","C:\Users\Public\Experiments\IDs\05-WMC\MU","Tr17_update1.png","6","607566","C:/Users/Public/Experiments/IDs/05-WMC/MU/MU_SM01_results/MUsbj052.csv","update","1300","5","0","622314","623616"
"MU.osexp","C:\Users\Public\Experiments\IDs\05-WMC\MU","Tr17_update2.png","6","607566","C:/Users/Public/Experiments/IDs/05-WMC/MU/MU_SM01_results/MUsbj052.csv","update","1300","5","0","624074","625376"
"MU.osexp","C:\Users\Public\Experiments\IDs\05-WMC\MU","Tr17_update3.png","6","607566","C:/Users/Public/Experiments/IDs/05-WMC/MU/MU_SM01_results/MUsbj052.csv","update","1300","5","0","625722","627024"
"MU.osexp","C:\Users\Public\Experiments\IDs\05-WMC\MU","Tr17_update4.png","6","607566","C:/Users/Public/Experiments/IDs/05-WMC/MU/MU_SM01_results/MUsbj052.csv","update","1300","5","0","627386","628688"
"MU.osexp","C:\Users\Public\Experiments\IDs\05-WMC\MU","Tr17_update5.png","6","607566","C:/Users/Public/Experiments/IDs/05-WMC/MU/MU_SM01_results/MUsbj052.csv","update","1300","5","0","629052","630354"
"MU.osexp","C:\Users\Public\Experiments\IDs\05-WMC\MU","Tr17_update6.png","6","607566","C:/Users/Public/Experiments/IDs/05-WMC/MU/MU_SM01_results/MUsbj052.csv","update","1300","5","0","630719","632021"
"MU.osexp","C:\Users\Public\Experiments\IDs\05-WMC\MU","Tr17_test1.png","5","636710","C:/Users/Public/Experiments/IDs/05-WMC/MU/MU_SM01_results/MUsbj052.csv","test","0","5","0","632517","636711"
"MU.osexp","C:\Users\Public\Experiments\IDs\05-WMC\MU","Tr17_test2.png","6","640671","C:/Users/Public/Experiments/IDs/05-WMC/MU/MU_SM01_results/MUsbj052.csv","test","0","5","0","637827","640672"
"MU.osexp","C:\Users\Public\Experiments\IDs\05-WMC\MU","Tr17_test3.png","8","642846","C:/Users/Public/Experiments/IDs/05-WMC/MU/MU_SM01_results/MUsbj052.csv","test","0","5","0","641769","642847"
"MU.osexp","C:\Users\Public\Experiments\IDs\05-WMC\MU","Tr17_test4.png","8","644286","C:/Users/Public/Experiments/IDs/05-WMC/MU/MU_SM01_results/MUsbj052.csv","test","0","5","0","643966","644287"
"MU.osexp","C:\Users\Public\Experiments\IDs\05-WMC\MU","Tr17_test5.png","7","646950","C:/Users/Public/Experiments/IDs/05-WMC/MU/MU_SM01_results/MUsbj052.csv","test","0","5","0","645386","646951"
