"experiment_file","experiment_path","image","key","key_time","logfile","phase","playtime","setSize","subject_nr","timestamp","waittime"
"MU.osexp","C:\Users\Public\Experiments\SM01\05-WMC\MU","ready1.png","NA","NA","C:/Users/Public/Experiments/SM01/05-WMC/MU/MU_results/MUsbj032.csv","pre","0","3","0","153551","NA"
"MU.osexp","C:\Users\Public\Experiments\SM01\05-WMC\MU","fixation.png","NA","NA","C:/Users/Public/Experiments/SM01/05-WMC/MU/MU_results/MUsbj032.csv","fix","1500","3","0","155971","NA"
"MU.osexp","C:\Users\Public\Experiments\SM01\05-WMC\MU","Tr1_study1.png","NA","NA","C:/Users/Public/Experiments/SM01/05-WMC/MU/MU_results/MUsbj032.csv","study","1000","3","0","157600","158602"
"MU.osexp","C:\Users\Public\Experiments\SM01\05-WMC\MU","Tr1_study2.png","NA","NA","C:/Users/Public/Experiments/SM01/05-WMC/MU/MU_results/MUsbj032.csv","study","1000","3","0","158960","159962"
"MU.osexp","C:\Users\Public\Experiments\SM01\05-WMC\MU","Tr1_study3.png","NA","NA","C:/Users/Public/Experiments/SM01/05-WMC/MU/MU_results/MUsbj032.csv","study","1000","3","0","160303","161305"
"MU.osexp","C:\Users\Public\Experiments\SM01\05-WMC\MU","Tr1_update1.png","NA","NA","C:/Users/Public/Experiments/SM01/05-WMC/MU/MU_results/MUsbj032.csv","update","1300","3","0","161659","162961"
"MU.osexp","C:\Users\Public\Experiments\SM01\05-WMC\MU","Tr1_update2.png","NA","NA","C:/Users/Public/Experiments/SM01/05-WMC/MU/MU_results/MUsbj032.csv","update","1300","3","0","163302","164604"
"MU.osexp","C:\Users\Public\Experiments\SM01\05-WMC\MU","Tr1_update3.png","NA","NA","C:/Users/Public/Experiments/SM01/05-WMC/MU/MU_results/MUsbj032.csv","update","1300","3","0","164951","166253"
"MU.osexp","C:\Users\Public\Experiments\SM01\05-WMC\MU","Tr1_test1.png","5","176507","C:/Users/Public/Experiments/SM01/05-WMC/MU/MU_results/MUsbj032.csv","test","0","3","0","166631","176508"
"MU.osexp","C:\Users\Public\Experiments\SM01\05-WMC\MU","Tr1_test2.png","9","184522","C:/Users/Public/Experiments/SM01/05-WMC/MU/MU_results/MUsbj032.csv","test","0","3","0","177632","184523"
"MU.osexp","C:\Users\Public\Experiments\SM01\05-WMC\MU","Tr1_test3.png","9","187995","C:/Users/Public/Experiments/SM01/05-WMC/MU/MU_results/MUsbj032.csv","test","0","3","0","185647","187996"
"MU.osexp","C:\Users\Public\Experiments\SM01\05-WMC\MU","wait.png","9","187995","C:/Users/Public/Experiments/SM01/05-WMC/MU/MU_results/MUsbj032.csv","wait","5000","3","0","189123","187996"
"MU.osexp","C:\Users\Public\Experiments\SM01\05-WMC\MU","fixation.png","9","187995","C:/Users/Public/Experiments/SM01/05-WMC/MU/MU_results/MUsbj032.csv","fix","1500","3","0","194235","187996"
"MU.osexp","C:\Users\Public\Experiments\SM01\05-WMC\MU","Tr2_study1.png","9","187995","C:/Users/Public/Experiments/SM01/05-WMC/MU/MU_results/MUsbj032.csv","study","1000","3","0","195850","196852"
"MU.osexp","C:\Users\Public\Experiments\SM01\05-WMC\MU","Tr2_study2.png","9","187995","C:/Users/Public/Experiments/SM01/05-WMC/MU/MU_results/MUsbj032.csv","study","1000","3","0","197226","198228"
"MU.osexp","C:\Users\Public\Experiments\SM01\05-WMC\MU","Tr2_study3.png","9","187995","C:/Users/Public/Experiments/SM01/05-WMC/MU/MU_results/MUsbj032.csv","study","1000","3","0","198589","199591"
"MU.osexp","C:\Users\Public\Experiments\SM01\05-WMC\MU","Tr2_update1.png","9","187995","C:/Users/Public/Experiments/SM01/05-WMC/MU/MU_results/MUsbj032.csv","update","1300","3","0","199969","201271"
"MU.osexp","C:\Users\Public\Experiments\SM01\05-WMC\MU","Tr2_update2.png","9","187995","C:/Users/Public/Experiments/SM01/05-WMC/MU/MU_results/MUsbj032.csv","update","1300","3","0","201597","202899"
"MU.osexp","C:\Users\Public\Experiments\SM01\05-WMC\MU","Tr2_update3.png","9","187995","C:/Users/Public/Experiments/SM01/05-WMC/MU/MU_results/MUsbj032.csv","update","1300","3","0","203259","204561"
"MU.osexp","C:\Users\Public\Experiments\SM01\05-WMC\MU","Tr2_test1.png","4","217418","C:/Users/Public/Experiments/SM01/05-WMC/MU/MU_results/MUsbj032.csv","test","0","3","0","204915","217419"
"MU.osexp","C:\Users\Public\Experiments\SM01\05-WMC\MU","Tr2_test2.png","2","224611","C:/Users/Public/Experiments/SM01/05-WMC/MU/MU_results/MUsbj032.csv","test","0","3","0","218549","224612"
"MU.osexp","C:\Users\Public\Experiments\SM01\05-WMC\MU","Tr2_test3.png","2","228731","C:/Users/Public/Experiments/SM01/05-WMC/MU/MU_results/MUsbj032.csv","test","0","3","0","225727","228732"
"MU.osexp","C:\Users\Public\Experiments\SM01\05-WMC\MU","ready2.png","2","228731","C:/Users/Public/Experiments/SM01/05-WMC/MU/MU_results/MUsbj032.csv","pre","0","3","0","241821","228732"
"MU.osexp","C:\Users\Public\Experiments\SM01\05-WMC\MU","fixation.png","2","228731","C:/Users/Public/Experiments/SM01/05-WMC/MU/MU_results/MUsbj032.csv","fix","1500","3","0","248660","228732"
"MU.osexp","C:\Users\Public\Experiments\SM01\05-WMC\MU","Tr3_study1.png","2","228731","C:/Users/Public/Experiments/SM01/05-WMC/MU/MU_results/MUsbj032.csv","study","1000","3","0","250288","251290"
"MU.osexp","C:\Users\Public\Experiments\SM01\05-WMC\MU","Tr3_study2.png","2","228731","C:/Users/Public/Experiments/SM01/05-WMC/MU/MU_results/MUsbj032.csv","study","1000","3","0","251647","252649"
"MU.osexp","C:\Users\Public\Experiments\SM01\05-WMC\MU","Tr3_study3.png","2","228731","C:/Users/Public/Experiments/SM01/05-WMC/MU/MU_results/MUsbj032.csv","study","1000","3","0","253026","254028"
"MU.osexp","C:\Users\Public\Experiments\SM01\05-WMC\MU","Tr3_update1.png","2","228731","C:/Users/Public/Experiments/SM01/05-WMC/MU/MU_results/MUsbj032.csv","update","1300","3","0","254402","255704"
"MU.osexp","C:\Users\Public\Experiments\SM01\05-WMC\MU","Tr3_update2.png","2","228731","C:/Users/Public/Experiments/SM01/05-WMC/MU/MU_results/MUsbj032.csv","update","1300","3","0","256058","257361"
"MU.osexp","C:\Users\Public\Experiments\SM01\05-WMC\MU","Tr3_update3.png","2","228731","C:/Users/Public/Experiments/SM01/05-WMC/MU/MU_results/MUsbj032.csv","update","1300","3","0","257692","258994"
"MU.osexp","C:\Users\Public\Experiments\SM01\05-WMC\MU","Tr3_test1.png","9","263099","C:/Users/Public/Experiments/SM01/05-WMC/MU/MU_results/MUsbj032.csv","test","0","3","0","259351","263100"
"MU.osexp","C:\Users\Public\Experiments\SM01\05-WMC\MU","Tr3_test2.png","7","265939","C:/Users/Public/Experiments/SM01/05-WMC/MU/MU_results/MUsbj032.csv","test","0","3","0","264233","265940"
"MU.osexp","C:\Users\Public\Experiments\SM01\05-WMC\MU","Tr3_test3.png","7","267466","C:/Users/Public/Experiments/SM01/05-WMC/MU/MU_results/MUsbj032.csv","test","0","3","0","267050","267467"
"MU.osexp","C:\Users\Public\Experiments\SM01\05-WMC\MU","wait.png","7","267466","C:/Users/Public/Experiments/SM01/05-WMC/MU/MU_results/MUsbj032.csv","wait","5000","4","0","268555","267467"
"MU.osexp","C:\Users\Public\Experiments\SM01\05-WMC\MU","fixation.png","7","267466","C:/Users/Public/Experiments/SM01/05-WMC/MU/MU_results/MUsbj032.csv","fix","1500","4","0","273650","267467"
"MU.osexp","C:\Users\Public\Experiments\SM01\05-WMC\MU","Tr4_study1.png","7","267466","C:/Users/Public/Experiments/SM01/05-WMC/MU/MU_results/MUsbj032.csv","study","1000","4","0","275270","276272"
"MU.osexp","C:\Users\Public\Experiments\SM01\05-WMC\MU","Tr4_study2.png","7","267466","C:/Users/Public/Experiments/SM01/05-WMC/MU/MU_results/MUsbj032.csv","study","1000","4","0","276642","277644"
"MU.osexp","C:\Users\Public\Experiments\SM01\05-WMC\MU","Tr4_study3.png","7","267466","C:/Users/Public/Experiments/SM01/05-WMC/MU/MU_results/MUsbj032.csv","study","1000","4","0","277993","278995"
"MU.osexp","C:\Users\Public\Experiments\SM01\05-WMC\MU","Tr4_study4.png","7","267466","C:/Users/Public/Experiments/SM01/05-WMC/MU/MU_results/MUsbj032.csv","study","1000","4","0","279367","280369"
"MU.osexp","C:\Users\Public\Experiments\SM01\05-WMC\MU","Tr4_update1.png","7","267466","C:/Users/Public/Experiments/SM01/05-WMC/MU/MU_results/MUsbj032.csv","update","1300","4","0","280701","282003"
"MU.osexp","C:\Users\Public\Experiments\SM01\05-WMC\MU","Tr4_update2.png","7","267466","C:/Users/Public/Experiments/SM01/05-WMC/MU/MU_results/MUsbj032.csv","update","1300","4","0","282373","283675"
"MU.osexp","C:\Users\Public\Experiments\SM01\05-WMC\MU","Tr4_update3.png","7","267466","C:/Users/Public/Experiments/SM01/05-WMC/MU/MU_results/MUsbj032.csv","update","1300","4","0","284065","285367"
"MU.osexp","C:\Users\Public\Experiments\SM01\05-WMC\MU","Tr4_update4.png","7","267466","C:/Users/Public/Experiments/SM01/05-WMC/MU/MU_results/MUsbj032.csv","update","1300","4","0","285728","287030"
"MU.osexp","C:\Users\Public\Experiments\SM01\05-WMC\MU","Tr4_test1.png","1","302035","C:/Users/Public/Experiments/SM01/05-WMC/MU/MU_results/MUsbj032.csv","test","0","4","0","287417","302036"
"MU.osexp","C:\Users\Public\Experiments\SM01\05-WMC\MU","Tr4_test2.png","1","307194","C:/Users/Public/Experiments/SM01/05-WMC/MU/MU_results/MUsbj032.csv","test","0","4","0","303140","307195"
"MU.osexp","C:\Users\Public\Experiments\SM01\05-WMC\MU","Tr4_test3.png","2","313059","C:/Users/Public/Experiments/SM01/05-WMC/MU/MU_results/MUsbj032.csv","test","0","4","0","308355","313060"
"MU.osexp","C:\Users\Public\Experiments\SM01\05-WMC\MU","Tr4_test4.png","5","314483","C:/Users/Public/Experiments/SM01/05-WMC/MU/MU_results/MUsbj032.csv","test","0","4","0","314166","314484"
"MU.osexp","C:\Users\Public\Experiments\SM01\05-WMC\MU","wait.png","5","314483","C:/Users/Public/Experiments/SM01/05-WMC/MU/MU_results/MUsbj032.csv","wait","5000","3","0","315604","314484"
"MU.osexp","C:\Users\Public\Experiments\SM01\05-WMC\MU","fixation.png","5","314483","C:/Users/Public/Experiments/SM01/05-WMC/MU/MU_results/MUsbj032.csv","fix","1500","3","0","320713","314484"
"MU.osexp","C:\Users\Public\Experiments\SM01\05-WMC\MU","Tr5_study1.png","5","314483","C:/Users/Public/Experiments/SM01/05-WMC/MU/MU_results/MUsbj032.csv","study","1000","3","0","322330","323332"
"MU.osexp","C:\Users\Public\Experiments\SM01\05-WMC\MU","Tr5_study2.png","5","314483","C:/Users/Public/Experiments/SM01/05-WMC/MU/MU_results/MUsbj032.csv","study","1000","3","0","323711","324713"
"MU.osexp","C:\Users\Public\Experiments\SM01\05-WMC\MU","Tr5_study3.png","5","314483","C:/Users/Public/Experiments/SM01/05-WMC/MU/MU_results/MUsbj032.csv","study","1000","3","0","325082","326084"
"MU.osexp","C:\Users\Public\Experiments\SM01\05-WMC\MU","Tr5_update1.png","5","314483","C:/Users/Public/Experiments/SM01/05-WMC/MU/MU_results/MUsbj032.csv","update","1300","3","0","326455","327757"
"MU.osexp","C:\Users\Public\Experiments\SM01\05-WMC\MU","Tr5_update2.png","5","314483","C:/Users/Public/Experiments/SM01/05-WMC/MU/MU_results/MUsbj032.csv","update","1300","3","0","328130","329432"
"MU.osexp","C:\Users\Public\Experiments\SM01\05-WMC\MU","Tr5_update3.png","5","314483","C:/Users/Public/Experiments/SM01/05-WMC/MU/MU_results/MUsbj032.csv","update","1300","3","0","329845","331147"
"MU.osexp","C:\Users\Public\Experiments\SM01\05-WMC\MU","Tr5_update4.png","5","314483","C:/Users/Public/Experiments/SM01/05-WMC/MU/MU_results/MUsbj032.csv","update","1300","3","0","331528","332830"
"MU.osexp","C:\Users\Public\Experiments\SM01\05-WMC\MU","Tr5_update5.png","5","314483","C:/Users/Public/Experiments/SM01/05-WMC/MU/MU_results/MUsbj032.csv","update","1300","3","0","333187","334489"
"MU.osexp","C:\Users\Public\Experiments\SM01\05-WMC\MU","Tr5_update6.png","5","314483","C:/Users/Public/Experiments/SM01/05-WMC/MU/MU_results/MUsbj032.csv","update","1300","3","0","334945","336247"
"MU.osexp","C:\Users\Public\Experiments\SM01\05-WMC\MU","Tr5_test1.png","4","344155","C:/Users/Public/Experiments/SM01/05-WMC/MU/MU_results/MUsbj032.csv","test","0","3","0","336606","344156"
"MU.osexp","C:\Users\Public\Experiments\SM01\05-WMC\MU","Tr5_test2.png","5","345915","C:/Users/Public/Experiments/SM01/05-WMC/MU/MU_results/MUsbj032.csv","test","0","3","0","345273","345916"
"MU.osexp","C:\Users\Public\Experiments\SM01\05-WMC\MU","Tr5_test3.png","7","347291","C:/Users/Public/Experiments/SM01/05-WMC/MU/MU_results/MUsbj032.csv","test","0","3","0","347024","347292"
"MU.osexp","C:\Users\Public\Experiments\SM01\05-WMC\MU","wait.png","7","347291","C:/Users/Public/Experiments/SM01/05-WMC/MU/MU_results/MUsbj032.csv","wait","5000","4","0","348403","347292"
"MU.osexp","C:\Users\Public\Experiments\SM01\05-WMC\MU","fixation.png","7","347291","C:/Users/Public/Experiments/SM01/05-WMC/MU/MU_results/MUsbj032.csv","fix","1500","4","0","353530","347292"
"MU.osexp","C:\Users\Public\Experiments\SM01\05-WMC\MU","Tr6_study1.png","7","347291","C:/Users/Public/Experiments/SM01/05-WMC/MU/MU_results/MUsbj032.csv","study","1000","4","0","355147","356149"
"MU.osexp","C:\Users\Public\Experiments\SM01\05-WMC\MU","Tr6_study2.png","7","347291","C:/Users/Public/Experiments/SM01/05-WMC/MU/MU_results/MUsbj032.csv","study","1000","4","0","356500","357502"
"MU.osexp","C:\Users\Public\Experiments\SM01\05-WMC\MU","Tr6_study3.png","7","347291","C:/Users/Public/Experiments/SM01/05-WMC/MU/MU_results/MUsbj032.csv","study","1000","4","0","357856","358858"
"MU.osexp","C:\Users\Public\Experiments\SM01\05-WMC\MU","Tr6_study4.png","7","347291","C:/Users/Public/Experiments/SM01/05-WMC/MU/MU_results/MUsbj032.csv","study","1000","4","0","359207","360209"
"MU.osexp","C:\Users\Public\Experiments\SM01\05-WMC\MU","Tr6_update1.png","7","347291","C:/Users/Public/Experiments/SM01/05-WMC/MU/MU_results/MUsbj032.csv","update","1300","4","0","360611","361913"
"MU.osexp","C:\Users\Public\Experiments\SM01\05-WMC\MU","Tr6_update2.png","7","347291","C:/Users/Public/Experiments/SM01/05-WMC/MU/MU_results/MUsbj032.csv","update","1300","4","0","362264","363566"
"MU.osexp","C:\Users\Public\Experiments\SM01\05-WMC\MU","Tr6_update3.png","7","347291","C:/Users/Public/Experiments/SM01/05-WMC/MU/MU_results/MUsbj032.csv","update","1300","4","0","363941","365243"
"MU.osexp","C:\Users\Public\Experiments\SM01\05-WMC\MU","Tr6_update4.png","7","347291","C:/Users/Public/Experiments/SM01/05-WMC/MU/MU_results/MUsbj032.csv","update","1300","4","0","365654","366956"
"MU.osexp","C:\Users\Public\Experiments\SM01\05-WMC\MU","Tr6_update5.png","7","347291","C:/Users/Public/Experiments/SM01/05-WMC/MU/MU_results/MUsbj032.csv","update","1300","4","0","367347","368649"
"MU.osexp","C:\Users\Public\Experiments\SM01\05-WMC\MU","Tr6_test1.png","6","371371","C:/Users/Public/Experiments/SM01/05-WMC/MU/MU_results/MUsbj032.csv","test","0","4","0","368998","371372"
"MU.osexp","C:\Users\Public\Experiments\SM01\05-WMC\MU","Tr6_test2.png","3","373994","C:/Users/Public/Experiments/SM01/05-WMC/MU/MU_results/MUsbj032.csv","test","0","4","0","372487","373995"
"MU.osexp","C:\Users\Public\Experiments\SM01\05-WMC\MU","Tr6_test3.png","3","378115","C:/Users/Public/Experiments/SM01/05-WMC/MU/MU_results/MUsbj032.csv","test","0","4","0","375126","378116"
"MU.osexp","C:\Users\Public\Experiments\SM01\05-WMC\MU","Tr6_test4.png","4","383243","C:/Users/Public/Experiments/SM01/05-WMC/MU/MU_results/MUsbj032.csv","test","0","4","0","379241","383244"
"MU.osexp","C:\Users\Public\Experiments\SM01\05-WMC\MU","wait.png","4","383243","C:/Users/Public/Experiments/SM01/05-WMC/MU/MU_results/MUsbj032.csv","wait","5000","5","0","384348","383244"
"MU.osexp","C:\Users\Public\Experiments\SM01\05-WMC\MU","fixation.png","4","383243","C:/Users/Public/Experiments/SM01/05-WMC/MU/MU_results/MUsbj032.csv","fix","1500","5","0","389477","383244"
"MU.osexp","C:\Users\Public\Experiments\SM01\05-WMC\MU","Tr7_study1.png","4","383243","C:/Users/Public/Experiments/SM01/05-WMC/MU/MU_results/MUsbj032.csv","study","1000","5","0","391085","392087"
"MU.osexp","C:\Users\Public\Experiments\SM01\05-WMC\MU","Tr7_study2.png","4","383243","C:/Users/Public/Experiments/SM01/05-WMC/MU/MU_results/MUsbj032.csv","study","1000","5","0","392464","393466"
"MU.osexp","C:\Users\Public\Experiments\SM01\05-WMC\MU","Tr7_study3.png","4","383243","C:/Users/Public/Experiments/SM01/05-WMC/MU/MU_results/MUsbj032.csv","study","1000","5","0","393837","394839"
"MU.osexp","C:\Users\Public\Experiments\SM01\05-WMC\MU","Tr7_study4.png","4","383243","C:/Users/Public/Experiments/SM01/05-WMC/MU/MU_results/MUsbj032.csv","study","1000","5","0","395205","396207"
"MU.osexp","C:\Users\Public\Experiments\SM01\05-WMC\MU","Tr7_study5.png","4","383243","C:/Users/Public/Experiments/SM01/05-WMC/MU/MU_results/MUsbj032.csv","study","1000","5","0","396553","397555"
"MU.osexp","C:\Users\Public\Experiments\SM01\05-WMC\MU","Tr7_update1.png","4","383243","C:/Users/Public/Experiments/SM01/05-WMC/MU/MU_results/MUsbj032.csv","update","1300","5","0","397909","399211"
"MU.osexp","C:\Users\Public\Experiments\SM01\05-WMC\MU","Tr7_update2.png","4","383243","C:/Users/Public/Experiments/SM01/05-WMC/MU/MU_results/MUsbj032.csv","update","1300","5","0","399586","400888"
"MU.osexp","C:\Users\Public\Experiments\SM01\05-WMC\MU","Tr7_update3.png","4","383243","C:/Users/Public/Experiments/SM01/05-WMC/MU/MU_results/MUsbj032.csv","update","1300","5","0","401235","402537"
"MU.osexp","C:\Users\Public\Experiments\SM01\05-WMC\MU","Tr7_update4.png","4","383243","C:/Users/Public/Experiments/SM01/05-WMC/MU/MU_results/MUsbj032.csv","update","1300","5","0","403043","404345"
"MU.osexp","C:\Users\Public\Experiments\SM01\05-WMC\MU","Tr7_update5.png","4","383243","C:/Users/Public/Experiments/SM01/05-WMC/MU/MU_results/MUsbj032.csv","update","1300","5","0","404690","405992"
"MU.osexp","C:\Users\Public\Experiments\SM01\05-WMC\MU","Tr7_test1.png","7","408299","C:/Users/Public/Experiments/SM01/05-WMC/MU/MU_results/MUsbj032.csv","test","0","5","0","406355","408299"
"MU.osexp","C:\Users\Public\Experiments\SM01\05-WMC\MU","Tr7_test2.png","8","409930","C:/Users/Public/Experiments/SM01/05-WMC/MU/MU_results/MUsbj032.csv","test","0","5","0","409416","409931"
"MU.osexp","C:\Users\Public\Experiments\SM01\05-WMC\MU","Tr7_test3.png","2","411682","C:/Users/Public/Experiments/SM01/05-WMC/MU/MU_results/MUsbj032.csv","test","0","5","0","411052","411683"
"MU.osexp","C:\Users\Public\Experiments\SM01\05-WMC\MU","Tr7_test4.png","3","413451","C:/Users/Public/Experiments/SM01/05-WMC/MU/MU_results/MUsbj032.csv","test","0","5","0","412865","413452"
"MU.osexp","C:\Users\Public\Experiments\SM01\05-WMC\MU","Tr7_test5.png","6","415195","C:/Users/Public/Experiments/SM01/05-WMC/MU/MU_results/MUsbj032.csv","test","0","5","0","414553","415196"
"MU.osexp","C:\Users\Public\Experiments\SM01\05-WMC\MU","wait.png","6","415195","C:/Users/Public/Experiments/SM01/05-WMC/MU/MU_results/MUsbj032.csv","wait","5000","4","0","416299","415196"
"MU.osexp","C:\Users\Public\Experiments\SM01\05-WMC\MU","fixation.png","6","415195","C:/Users/Public/Experiments/SM01/05-WMC/MU/MU_results/MUsbj032.csv","fix","1500","4","0","421422","415196"
"MU.osexp","C:\Users\Public\Experiments\SM01\05-WMC\MU","Tr8_study1.png","6","415195","C:/Users/Public/Experiments/SM01/05-WMC/MU/MU_results/MUsbj032.csv","study","1000","4","0","423056","424058"
"MU.osexp","C:\Users\Public\Experiments\SM01\05-WMC\MU","Tr8_study2.png","6","415195","C:/Users/Public/Experiments/SM01/05-WMC/MU/MU_results/MUsbj032.csv","study","1000","4","0","424424","425426"
"MU.osexp","C:\Users\Public\Experiments\SM01\05-WMC\MU","Tr8_study3.png","6","415195","C:/Users/Public/Experiments/SM01/05-WMC/MU/MU_results/MUsbj032.csv","study","1000","4","0","425797","426799"
"MU.osexp","C:\Users\Public\Experiments\SM01\05-WMC\MU","Tr8_study4.png","6","415195","C:/Users/Public/Experiments/SM01/05-WMC/MU/MU_results/MUsbj032.csv","study","1000","4","0","427170","428172"
"MU.osexp","C:\Users\Public\Experiments\SM01\05-WMC\MU","Tr8_update1.png","6","415195","C:/Users/Public/Experiments/SM01/05-WMC/MU/MU_results/MUsbj032.csv","update","1300","4","0","428544","429846"
"MU.osexp","C:\Users\Public\Experiments\SM01\05-WMC\MU","Tr8_update2.png","6","415195","C:/Users/Public/Experiments/SM01/05-WMC/MU/MU_results/MUsbj032.csv","update","1300","4","0","430211","431514"
"MU.osexp","C:\Users\Public\Experiments\SM01\05-WMC\MU","Tr8_update3.png","6","415195","C:/Users/Public/Experiments/SM01/05-WMC/MU/MU_results/MUsbj032.csv","update","1300","4","0","431864","433166"
"MU.osexp","C:\Users\Public\Experiments\SM01\05-WMC\MU","Tr8_test1.png","2","437659","C:/Users/Public/Experiments/SM01/05-WMC/MU/MU_results/MUsbj032.csv","test","0","4","0","433542","437660"
"MU.osexp","C:\Users\Public\Experiments\SM01\05-WMC\MU","Tr8_test2.png","5","440155","C:/Users/Public/Experiments/SM01/05-WMC/MU/MU_results/MUsbj032.csv","test","0","4","0","438806","440156"
"MU.osexp","C:\Users\Public\Experiments\SM01\05-WMC\MU","Tr8_test3.png","9","443179","C:/Users/Public/Experiments/SM01/05-WMC/MU/MU_results/MUsbj032.csv","test","0","4","0","441275","443179"
"MU.osexp","C:\Users\Public\Experiments\SM01\05-WMC\MU","Tr8_test4.png","2","445834","C:/Users/Public/Experiments/SM01/05-WMC/MU/MU_results/MUsbj032.csv","test","0","4","0","444278","445835"
"MU.osexp","C:\Users\Public\Experiments\SM01\05-WMC\MU","wait.png","2","445834","C:/Users/Public/Experiments/SM01/05-WMC/MU/MU_results/MUsbj032.csv","wait","5000","5","0","446946","445835"
"MU.osexp","C:\Users\Public\Experiments\SM01\05-WMC\MU","fixation.png","2","445834","C:/Users/Public/Experiments/SM01/05-WMC/MU/MU_results/MUsbj032.csv","fix","1500","5","0","452080","445835"
"MU.osexp","C:\Users\Public\Experiments\SM01\05-WMC\MU","Tr9_study1.png","2","445834","C:/Users/Public/Experiments/SM01/05-WMC/MU/MU_results/MUsbj032.csv","study","1000","5","0","453705","454707"
"MU.osexp","C:\Users\Public\Experiments\SM01\05-WMC\MU","Tr9_study2.png","2","445834","C:/Users/Public/Experiments/SM01/05-WMC/MU/MU_results/MUsbj032.csv","study","1000","5","0","455072","456074"
"MU.osexp","C:\Users\Public\Experiments\SM01\05-WMC\MU","Tr9_study3.png","2","445834","C:/Users/Public/Experiments/SM01/05-WMC/MU/MU_results/MUsbj032.csv","study","1000","5","0","456430","457432"
"MU.osexp","C:\Users\Public\Experiments\SM01\05-WMC\MU","Tr9_study4.png","2","445834","C:/Users/Public/Experiments/SM01/05-WMC/MU/MU_results/MUsbj032.csv","study","1000","5","0","457784","458786"
"MU.osexp","C:\Users\Public\Experiments\SM01\05-WMC\MU","Tr9_study5.png","2","445834","C:/Users/Public/Experiments/SM01/05-WMC/MU/MU_results/MUsbj032.csv","study","1000","5","0","459177","460179"
"MU.osexp","C:\Users\Public\Experiments\SM01\05-WMC\MU","Tr9_update1.png","2","445834","C:/Users/Public/Experiments/SM01/05-WMC/MU/MU_results/MUsbj032.csv","update","1300","5","0","460550","461852"
"MU.osexp","C:\Users\Public\Experiments\SM01\05-WMC\MU","Tr9_update2.png","2","445834","C:/Users/Public/Experiments/SM01/05-WMC/MU/MU_results/MUsbj032.csv","update","1300","5","0","462197","463499"
"MU.osexp","C:\Users\Public\Experiments\SM01\05-WMC\MU","Tr9_test1.png","4","466099","C:/Users/Public/Experiments/SM01/05-WMC/MU/MU_results/MUsbj032.csv","test","0","5","0","463855","466100"
"MU.osexp","C:\Users\Public\Experiments\SM01\05-WMC\MU","Tr9_test2.png","6","471659","C:/Users/Public/Experiments/SM01/05-WMC/MU/MU_results/MUsbj032.csv","test","0","5","0","467234","471660"
"MU.osexp","C:\Users\Public\Experiments\SM01\05-WMC\MU","Tr9_test3.png","1","474987","C:/Users/Public/Experiments/SM01/05-WMC/MU/MU_results/MUsbj032.csv","test","0","5","0","472918","474988"
"MU.osexp","C:\Users\Public\Experiments\SM01\05-WMC\MU","Tr9_test4.png","5","477427","C:/Users/Public/Experiments/SM01/05-WMC/MU/MU_results/MUsbj032.csv","test","0","5","0","476107","477428"
"MU.osexp","C:\Users\Public\Experiments\SM01\05-WMC\MU","Tr9_test5.png","6","478835","C:/Users/Public/Experiments/SM01/05-WMC/MU/MU_results/MUsbj032.csv","test","0","5","0","478542","478835"
"MU.osexp","C:\Users\Public\Experiments\SM01\05-WMC\MU","wait.png","6","478835","C:/Users/Public/Experiments/SM01/05-WMC/MU/MU_results/MUsbj032.csv","wait","5000","3","0","479953","478835"
"MU.osexp","C:\Users\Public\Experiments\SM01\05-WMC\MU","fixation.png","6","478835","C:/Users/Public/Experiments/SM01/05-WMC/MU/MU_results/MUsbj032.csv","fix","1500","3","0","485080","478835"
"MU.osexp","C:\Users\Public\Experiments\SM01\05-WMC\MU","Tr10_study1.png","6","478835","C:/Users/Public/Experiments/SM01/05-WMC/MU/MU_results/MUsbj032.csv","study","1000","3","0","486695","487695"
"MU.osexp","C:\Users\Public\Experiments\SM01\05-WMC\MU","Tr10_study2.png","6","478835","C:/Users/Public/Experiments/SM01/05-WMC/MU/MU_results/MUsbj032.csv","study","1000","3","0","488048","489050"
"MU.osexp","C:\Users\Public\Experiments\SM01\05-WMC\MU","Tr10_study3.png","6","478835","C:/Users/Public/Experiments/SM01/05-WMC/MU/MU_results/MUsbj032.csv","study","1000","3","0","489423","490425"
"MU.osexp","C:\Users\Public\Experiments\SM01\05-WMC\MU","Tr10_update1.png","6","478835","C:/Users/Public/Experiments/SM01/05-WMC/MU/MU_results/MUsbj032.csv","update","1300","3","0","490785","492087"
"MU.osexp","C:\Users\Public\Experiments\SM01\05-WMC\MU","Tr10_update2.png","6","478835","C:/Users/Public/Experiments/SM01/05-WMC/MU/MU_results/MUsbj032.csv","update","1300","3","0","492477","493779"
"MU.osexp","C:\Users\Public\Experiments\SM01\05-WMC\MU","Tr10_test1.png","5","496203","C:/Users/Public/Experiments/SM01/05-WMC/MU/MU_results/MUsbj032.csv","test","0","3","0","494123","496203"
"MU.osexp","C:\Users\Public\Experiments\SM01\05-WMC\MU","Tr10_test2.png","2","498210","C:/Users/Public/Experiments/SM01/05-WMC/MU/MU_results/MUsbj032.csv","test","0","3","0","497376","498211"
"MU.osexp","C:\Users\Public\Experiments\SM01\05-WMC\MU","Tr10_test3.png","5","499602","C:/Users/Public/Experiments/SM01/05-WMC/MU/MU_results/MUsbj032.csv","test","0","3","0","499308","499603"
"MU.osexp","C:\Users\Public\Experiments\SM01\05-WMC\MU","wait.png","5","499602","C:/Users/Public/Experiments/SM01/05-WMC/MU/MU_results/MUsbj032.csv","wait","5000","5","0","500707","499603"
"MU.osexp","C:\Users\Public\Experiments\SM01\05-WMC\MU","fixation.png","5","499602","C:/Users/Public/Experiments/SM01/05-WMC/MU/MU_results/MUsbj032.csv","fix","1500","5","0","505796","499603"
"MU.osexp","C:\Users\Public\Experiments\SM01\05-WMC\MU","Tr11_study1.png","5","499602","C:/Users/Public/Experiments/SM01/05-WMC/MU/MU_results/MUsbj032.csv","study","1000","5","0","507408","508410"
"MU.osexp","C:\Users\Public\Experiments\SM01\05-WMC\MU","Tr11_study2.png","5","499602","C:/Users/Public/Experiments/SM01/05-WMC/MU/MU_results/MUsbj032.csv","study","1000","5","0","508842","509844"
"MU.osexp","C:\Users\Public\Experiments\SM01\05-WMC\MU","Tr11_study3.png","5","499602","C:/Users/Public/Experiments/SM01/05-WMC/MU/MU_results/MUsbj032.csv","study","1000","5","0","510228","511230"
"MU.osexp","C:\Users\Public\Experiments\SM01\05-WMC\MU","Tr11_study4.png","5","499602","C:/Users/Public/Experiments/SM01/05-WMC/MU/MU_results/MUsbj032.csv","study","1000","5","0","511603","512605"
"MU.osexp","C:\Users\Public\Experiments\SM01\05-WMC\MU","Tr11_study5.png","5","499602","C:/Users/Public/Experiments/SM01/05-WMC/MU/MU_results/MUsbj032.csv","study","1000","5","0","512967","513969"
"MU.osexp","C:\Users\Public\Experiments\SM01\05-WMC\MU","Tr11_update1.png","5","499602","C:/Users/Public/Experiments/SM01/05-WMC/MU/MU_results/MUsbj032.csv","update","1300","5","0","514393","515695"
"MU.osexp","C:\Users\Public\Experiments\SM01\05-WMC\MU","Tr11_update2.png","5","499602","C:/Users/Public/Experiments/SM01/05-WMC/MU/MU_results/MUsbj032.csv","update","1300","5","0","516108","517410"
"MU.osexp","C:\Users\Public\Experiments\SM01\05-WMC\MU","Tr11_update3.png","5","499602","C:/Users/Public/Experiments/SM01/05-WMC/MU/MU_results/MUsbj032.csv","update","1300","5","0","517793","519095"
"MU.osexp","C:\Users\Public\Experiments\SM01\05-WMC\MU","Tr11_test1.png","1","522635","C:/Users/Public/Experiments/SM01/05-WMC/MU/MU_results/MUsbj032.csv","test","0","5","0","519479","522636"
"MU.osexp","C:\Users\Public\Experiments\SM01\05-WMC\MU","Tr11_test2.png","3","525947","C:/Users/Public/Experiments/SM01/05-WMC/MU/MU_results/MUsbj032.csv","test","0","5","0","523749","525948"
"MU.osexp","C:\Users\Public\Experiments\SM01\05-WMC\MU","Tr11_test3.png","3","531347","C:/Users/Public/Experiments/SM01/05-WMC/MU/MU_results/MUsbj032.csv","test","0","5","0","527067","531348"
"MU.osexp","C:\Users\Public\Experiments\SM01\05-WMC\MU","Tr11_test4.png","6","535083","C:/Users/Public/Experiments/SM01/05-WMC/MU/MU_results/MUsbj032.csv","test","0","5","0","532432","535084"
"MU.osexp","C:\Users\Public\Experiments\SM01\05-WMC\MU","Tr11_test5.png","1","539219","C:/Users/Public/Experiments/SM01/05-WMC/MU/MU_results/MUsbj032.csv","test","0","5","0","536205","539220"
"MU.osexp","C:\Users\Public\Experiments\SM01\05-WMC\MU","wait.png","1","539219","C:/Users/Public/Experiments/SM01/05-WMC/MU/MU_results/MUsbj032.csv","wait","5000","3","0","540290","539220"
"MU.osexp","C:\Users\Public\Experiments\SM01\05-WMC\MU","fixation.png","1","539219","C:/Users/Public/Experiments/SM01/05-WMC/MU/MU_results/MUsbj032.csv","fix","1500","3","0","545365","539220"
"MU.osexp","C:\Users\Public\Experiments\SM01\05-WMC\MU","Tr12_study1.png","1","539219","C:/Users/Public/Experiments/SM01/05-WMC/MU/MU_results/MUsbj032.csv","study","1000","3","0","546942","547942"
"MU.osexp","C:\Users\Public\Experiments\SM01\05-WMC\MU","Tr12_study2.png","1","539219","C:/Users/Public/Experiments/SM01/05-WMC/MU/MU_results/MUsbj032.csv","study","1000","3","0","548323","549324"
"MU.osexp","C:\Users\Public\Experiments\SM01\05-WMC\MU","Tr12_study3.png","1","539219","C:/Users/Public/Experiments/SM01/05-WMC/MU/MU_results/MUsbj032.csv","study","1000","3","0","549650","550651"
"MU.osexp","C:\Users\Public\Experiments\SM01\05-WMC\MU","Tr12_update1.png","1","539219","C:/Users/Public/Experiments/SM01/05-WMC/MU/MU_results/MUsbj032.csv","update","1300","3","0","550967","552267"
"MU.osexp","C:\Users\Public\Experiments\SM01\05-WMC\MU","Tr12_update2.png","1","539219","C:/Users/Public/Experiments/SM01/05-WMC/MU/MU_results/MUsbj032.csv","update","1300","3","0","552592","553893"
"MU.osexp","C:\Users\Public\Experiments\SM01\05-WMC\MU","Tr12_update3.png","1","539219","C:/Users/Public/Experiments/SM01/05-WMC/MU/MU_results/MUsbj032.csv","update","1300","3","0","554210","555511"
"MU.osexp","C:\Users\Public\Experiments\SM01\05-WMC\MU","Tr12_update4.png","1","539219","C:/Users/Public/Experiments/SM01/05-WMC/MU/MU_results/MUsbj032.csv","update","1300","3","0","555827","557128"
"MU.osexp","C:\Users\Public\Experiments\SM01\05-WMC\MU","Tr12_update5.png","1","539219","C:/Users/Public/Experiments/SM01/05-WMC/MU/MU_results/MUsbj032.csv","update","1300","3","0","557460","558761"
"MU.osexp","C:\Users\Public\Experiments\SM01\05-WMC\MU","Tr12_test1.png","4","561323","C:/Users/Public/Experiments/SM01/05-WMC/MU/MU_results/MUsbj032.csv","test","0","3","0","559095","561324"
"MU.osexp","C:\Users\Public\Experiments\SM01\05-WMC\MU","Tr12_test2.png","9","563859","C:/Users/Public/Experiments/SM01/05-WMC/MU/MU_results/MUsbj032.csv","test","0","3","0","562524","563860"
"MU.osexp","C:\Users\Public\Experiments\SM01\05-WMC\MU","Tr12_test3.png","7","565971","C:/Users/Public/Experiments/SM01/05-WMC/MU/MU_results/MUsbj032.csv","test","0","3","0","564975","565972"
"MU.osexp","C:\Users\Public\Experiments\SM01\05-WMC\MU","wait.png","7","565971","C:/Users/Public/Experiments/SM01/05-WMC/MU/MU_results/MUsbj032.csv","wait","5000","3","0","567081","565972"
"MU.osexp","C:\Users\Public\Experiments\SM01\05-WMC\MU","fixation.png","7","565971","C:/Users/Public/Experiments/SM01/05-WMC/MU/MU_results/MUsbj032.csv","fix","1500","3","0","572203","565972"
"MU.osexp","C:\Users\Public\Experiments\SM01\05-WMC\MU","Tr13_study1.png","7","565971","C:/Users/Public/Experiments/SM01/05-WMC/MU/MU_results/MUsbj032.csv","study","1000","3","0","573823","574825"
"MU.osexp","C:\Users\Public\Experiments\SM01\05-WMC\MU","Tr13_study2.png","7","565971","C:/Users/Public/Experiments/SM01/05-WMC/MU/MU_results/MUsbj032.csv","study","1000","3","0","575177","576178"
"MU.osexp","C:\Users\Public\Experiments\SM01\05-WMC\MU","Tr13_study3.png","7","565971","C:/Users/Public/Experiments/SM01/05-WMC/MU/MU_results/MUsbj032.csv","study","1000","3","0","576529","577531"
"MU.osexp","C:\Users\Public\Experiments\SM01\05-WMC\MU","Tr13_update1.png","7","565971","C:/Users/Public/Experiments/SM01/05-WMC/MU/MU_results/MUsbj032.csv","update","1300","3","0","577910","579212"
"MU.osexp","C:\Users\Public\Experiments\SM01\05-WMC\MU","Tr13_update2.png","7","565971","C:/Users/Public/Experiments/SM01/05-WMC/MU/MU_results/MUsbj032.csv","update","1300","3","0","579575","580877"
"MU.osexp","C:\Users\Public\Experiments\SM01\05-WMC\MU","Tr13_update3.png","7","565971","C:/Users/Public/Experiments/SM01/05-WMC/MU/MU_results/MUsbj032.csv","update","1300","3","0","581233","582535"
"MU.osexp","C:\Users\Public\Experiments\SM01\05-WMC\MU","Tr13_update4.png","7","565971","C:/Users/Public/Experiments/SM01/05-WMC/MU/MU_results/MUsbj032.csv","update","1300","3","0","582907","584209"
"MU.osexp","C:\Users\Public\Experiments\SM01\05-WMC\MU","Tr13_test1.png","7","587571","C:/Users/Public/Experiments/SM01/05-WMC/MU/MU_results/MUsbj032.csv","test","0","3","0","584548","587572"
"MU.osexp","C:\Users\Public\Experiments\SM01\05-WMC\MU","Tr13_test2.png","1","590371","C:/Users/Public/Experiments/SM01/05-WMC/MU/MU_results/MUsbj032.csv","test","0","3","0","588686","590372"
"MU.osexp","C:\Users\Public\Experiments\SM01\05-WMC\MU","Tr13_test3.png","9","592339","C:/Users/Public/Experiments/SM01/05-WMC/MU/MU_results/MUsbj032.csv","test","0","3","0","591470","592340"
"MU.osexp","C:\Users\Public\Experiments\SM01\05-WMC\MU","wait.png","9","592339","C:/Users/Public/Experiments/SM01/05-WMC/MU/MU_results/MUsbj032.csv","wait","5000","5","0","593447","592340"
"MU.osexp","C:\Users\Public\Experiments\SM01\05-WMC\MU","fixation.png","9","592339","C:/Users/Public/Experiments/SM01/05-WMC/MU/MU_results/MUsbj032.csv","fix","1500","5","0","598576","592340"
"MU.osexp","C:\Users\Public\Experiments\SM01\05-WMC\MU","Tr14_study1.png","9","592339","C:/Users/Public/Experiments/SM01/05-WMC/MU/MU_results/MUsbj032.csv","study","1000","5","0","600189","601191"
"MU.osexp","C:\Users\Public\Experiments\SM01\05-WMC\MU","Tr14_study2.png","9","592339","C:/Users/Public/Experiments/SM01/05-WMC/MU/MU_results/MUsbj032.csv","study","1000","5","0","601523","602525"
"MU.osexp","C:\Users\Public\Experiments\SM01\05-WMC\MU","Tr14_study3.png","9","592339","C:/Users/Public/Experiments/SM01/05-WMC/MU/MU_results/MUsbj032.csv","study","1000","5","0","602894","603896"
"MU.osexp","C:\Users\Public\Experiments\SM01\05-WMC\MU","Tr14_study4.png","9","592339","C:/Users/Public/Experiments/SM01/05-WMC/MU/MU_results/MUsbj032.csv","study","1000","5","0","604247","605249"
"MU.osexp","C:\Users\Public\Experiments\SM01\05-WMC\MU","Tr14_study5.png","9","592339","C:/Users/Public/Experiments/SM01/05-WMC/MU/MU_results/MUsbj032.csv","study","1000","5","0","605602","606604"
"MU.osexp","C:\Users\Public\Experiments\SM01\05-WMC\MU","Tr14_update1.png","9","592339","C:/Users/Public/Experiments/SM01/05-WMC/MU/MU_results/MUsbj032.csv","update","1300","5","0","606966","608268"
"MU.osexp","C:\Users\Public\Experiments\SM01\05-WMC\MU","Tr14_update2.png","9","592339","C:/Users/Public/Experiments/SM01/05-WMC/MU/MU_results/MUsbj032.csv","update","1300","5","0","608646","609948"
"MU.osexp","C:\Users\Public\Experiments\SM01\05-WMC\MU","Tr14_update3.png","9","592339","C:/Users/Public/Experiments/SM01/05-WMC/MU/MU_results/MUsbj032.csv","update","1300","5","0","610293","611595"
"MU.osexp","C:\Users\Public\Experiments\SM01\05-WMC\MU","Tr14_update4.png","9","592339","C:/Users/Public/Experiments/SM01/05-WMC/MU/MU_results/MUsbj032.csv","update","1300","5","0","611956","613258"
"MU.osexp","C:\Users\Public\Experiments\SM01\05-WMC\MU","Tr14_test1.png","5","615635","C:/Users/Public/Experiments/SM01/05-WMC/MU/MU_results/MUsbj032.csv","test","0","5","0","613633","615636"
"MU.osexp","C:\Users\Public\Experiments\SM01\05-WMC\MU","Tr14_test2.png","1","617139","C:/Users/Public/Experiments/SM01/05-WMC/MU/MU_results/MUsbj032.csv","test","0","5","0","616860","617140"
"MU.osexp","C:\Users\Public\Experiments\SM01\05-WMC\MU","Tr14_test3.png","3","618675","C:/Users/Public/Experiments/SM01/05-WMC/MU/MU_results/MUsbj032.csv","test","0","5","0","618254","618676"
"MU.osexp","C:\Users\Public\Experiments\SM01\05-WMC\MU","Tr14_test4.png","5","621099","C:/Users/Public/Experiments/SM01/05-WMC/MU/MU_results/MUsbj032.csv","test","0","5","0","619800","621099"
"MU.osexp","C:\Users\Public\Experiments\SM01\05-WMC\MU","Tr14_test5.png","8","622611","C:/Users/Public/Experiments/SM01/05-WMC/MU/MU_results/MUsbj032.csv","test","0","5","0","622226","622612"
"MU.osexp","C:\Users\Public\Experiments\SM01\05-WMC\MU","wait.png","8","622611","C:/Users/Public/Experiments/SM01/05-WMC/MU/MU_results/MUsbj032.csv","wait","5000","4","0","623720","622612"
"MU.osexp","C:\Users\Public\Experiments\SM01\05-WMC\MU","fixation.png","8","622611","C:/Users/Public/Experiments/SM01/05-WMC/MU/MU_results/MUsbj032.csv","fix","1500","4","0","628875","622612"
"MU.osexp","C:\Users\Public\Experiments\SM01\05-WMC\MU","Tr15_study1.png","8","622611","C:/Users/Public/Experiments/SM01/05-WMC/MU/MU_results/MUsbj032.csv","study","1000","4","0","630471","631473"
"MU.osexp","C:\Users\Public\Experiments\SM01\05-WMC\MU","Tr15_study2.png","8","622611","C:/Users/Public/Experiments/SM01/05-WMC/MU/MU_results/MUsbj032.csv","study","1000","4","0","631833","632835"
"MU.osexp","C:\Users\Public\Experiments\SM01\05-WMC\MU","Tr15_study3.png","8","622611","C:/Users/Public/Experiments/SM01/05-WMC/MU/MU_results/MUsbj032.csv","study","1000","4","0","633198","634200"
"MU.osexp","C:\Users\Public\Experiments\SM01\05-WMC\MU","Tr15_study4.png","8","622611","C:/Users/Public/Experiments/SM01/05-WMC/MU/MU_results/MUsbj032.csv","study","1000","4","0","634566","635568"
"MU.osexp","C:\Users\Public\Experiments\SM01\05-WMC\MU","Tr15_update1.png","8","622611","C:/Users/Public/Experiments/SM01/05-WMC/MU/MU_results/MUsbj032.csv","update","1300","4","0","635938","637240"
"MU.osexp","C:\Users\Public\Experiments\SM01\05-WMC\MU","Tr15_update2.png","8","622611","C:/Users/Public/Experiments/SM01/05-WMC/MU/MU_results/MUsbj032.csv","update","1300","4","0","637597","638899"
"MU.osexp","C:\Users\Public\Experiments\SM01\05-WMC\MU","Tr15_update3.png","8","622611","C:/Users/Public/Experiments/SM01/05-WMC/MU/MU_results/MUsbj032.csv","update","1300","4","0","639254","640556"
"MU.osexp","C:\Users\Public\Experiments\SM01\05-WMC\MU","Tr15_update4.png","8","622611","C:/Users/Public/Experiments/SM01/05-WMC/MU/MU_results/MUsbj032.csv","update","1300","4","0","640916","642218"
"MU.osexp","C:\Users\Public\Experiments\SM01\05-WMC\MU","Tr15_update5.png","8","622611","C:/Users/Public/Experiments/SM01/05-WMC/MU/MU_results/MUsbj032.csv","update","1300","4","0","642579","643881"
"MU.osexp","C:\Users\Public\Experiments\SM01\05-WMC\MU","Tr15_update6.png","8","622611","C:/Users/Public/Experiments/SM01/05-WMC/MU/MU_results/MUsbj032.csv","update","1300","4","0","644211","645513"
"MU.osexp","C:\Users\Public\Experiments\SM01\05-WMC\MU","Tr15_test1.png","9","647515","C:/Users/Public/Experiments/SM01/05-WMC/MU/MU_results/MUsbj032.csv","test","0","4","0","645876","647516"
"MU.osexp","C:\Users\Public\Experiments\SM01\05-WMC\MU","Tr15_test2.png","1","649395","C:/Users/Public/Experiments/SM01/05-WMC/MU/MU_results/MUsbj032.csv","test","0","4","0","648615","649396"
"MU.osexp","C:\Users\Public\Experiments\SM01\05-WMC\MU","Tr15_test3.png","3","651299","C:/Users/Public/Experiments/SM01/05-WMC/MU/MU_results/MUsbj032.csv","test","0","4","0","650508","651300"
"MU.osexp","C:\Users\Public\Experiments\SM01\05-WMC\MU","Tr15_test4.png","5","652651","C:/Users/Public/Experiments/SM01/05-WMC/MU/MU_results/MUsbj032.csv","test","0","4","0","652408","652652"
"MU.osexp","C:\Users\Public\Experiments\SM01\05-WMC\MU","wait.png","5","652651","C:/Users/Public/Experiments/SM01/05-WMC/MU/MU_results/MUsbj032.csv","wait","5000","4","0","653742","652652"
"MU.osexp","C:\Users\Public\Experiments\SM01\05-WMC\MU","fixation.png","5","652651","C:/Users/Public/Experiments/SM01/05-WMC/MU/MU_results/MUsbj032.csv","fix","1500","4","0","658846","652652"
"MU.osexp","C:\Users\Public\Experiments\SM01\05-WMC\MU","Tr16_study1.png","5","652651","C:/Users/Public/Experiments/SM01/05-WMC/MU/MU_results/MUsbj032.csv","study","1000","4","0","660475","661477"
"MU.osexp","C:\Users\Public\Experiments\SM01\05-WMC\MU","Tr16_study2.png","5","652651","C:/Users/Public/Experiments/SM01/05-WMC/MU/MU_results/MUsbj032.csv","study","1000","4","0","661843","662845"
"MU.osexp","C:\Users\Public\Experiments\SM01\05-WMC\MU","Tr16_study3.png","5","652651","C:/Users/Public/Experiments/SM01/05-WMC/MU/MU_results/MUsbj032.csv","study","1000","4","0","663222","664224"
"MU.osexp","C:\Users\Public\Experiments\SM01\05-WMC\MU","Tr16_study4.png","5","652651","C:/Users/Public/Experiments/SM01/05-WMC/MU/MU_results/MUsbj032.csv","study","1000","4","0","664565","665567"
"MU.osexp","C:\Users\Public\Experiments\SM01\05-WMC\MU","Tr16_update1.png","5","652651","C:/Users/Public/Experiments/SM01/05-WMC/MU/MU_results/MUsbj032.csv","update","1300","4","0","665936","667238"
"MU.osexp","C:\Users\Public\Experiments\SM01\05-WMC\MU","Tr16_update2.png","5","652651","C:/Users/Public/Experiments/SM01/05-WMC/MU/MU_results/MUsbj032.csv","update","1300","4","0","667603","668905"
"MU.osexp","C:\Users\Public\Experiments\SM01\05-WMC\MU","Tr16_test1.png","8","677987","C:/Users/Public/Experiments/SM01/05-WMC/MU/MU_results/MUsbj032.csv","test","0","4","0","669291","677988"
"MU.osexp","C:\Users\Public\Experiments\SM01\05-WMC\MU","Tr16_test2.png","5","679427","C:/Users/Public/Experiments/SM01/05-WMC/MU/MU_results/MUsbj032.csv","test","0","4","0","679114","679428"
"MU.osexp","C:\Users\Public\Experiments\SM01\05-WMC\MU","Tr16_test3.png","9","680827","C:/Users/Public/Experiments/SM01/05-WMC/MU/MU_results/MUsbj032.csv","test","0","4","0","680539","680828"
"MU.osexp","C:\Users\Public\Experiments\SM01\05-WMC\MU","Tr16_test4.png","6","682131","C:/Users/Public/Experiments/SM01/05-WMC/MU/MU_results/MUsbj032.csv","test","0","4","0","681944","682132"
"MU.osexp","C:\Users\Public\Experiments\SM01\05-WMC\MU","wait.png","6","682131","C:/Users/Public/Experiments/SM01/05-WMC/MU/MU_results/MUsbj032.csv","wait","5000","5","0","683216","682132"
"MU.osexp","C:\Users\Public\Experiments\SM01\05-WMC\MU","fixation.png","6","682131","C:/Users/Public/Experiments/SM01/05-WMC/MU/MU_results/MUsbj032.csv","fix","1500","5","0","688309","682132"
"MU.osexp","C:\Users\Public\Experiments\SM01\05-WMC\MU","Tr17_study1.png","6","682131","C:/Users/Public/Experiments/SM01/05-WMC/MU/MU_results/MUsbj032.csv","study","1000","5","0","689906","690909"
"MU.osexp","C:\Users\Public\Experiments\SM01\05-WMC\MU","Tr17_study2.png","6","682131","C:/Users/Public/Experiments/SM01/05-WMC/MU/MU_results/MUsbj032.csv","study","1000","5","0","691277","692279"
"MU.osexp","C:\Users\Public\Experiments\SM01\05-WMC\MU","Tr17_study3.png","6","682131","C:/Users/Public/Experiments/SM01/05-WMC/MU/MU_results/MUsbj032.csv","study","1000","5","0","692642","693644"
"MU.osexp","C:\Users\Public\Experiments\SM01\05-WMC\MU","Tr17_study4.png","6","682131","C:/Users/Public/Experiments/SM01/05-WMC/MU/MU_results/MUsbj032.csv","study","1000","5","0","693989","694991"
"MU.osexp","C:\Users\Public\Experiments\SM01\05-WMC\MU","Tr17_study5.png","6","682131","C:/Users/Public/Experiments/SM01/05-WMC/MU/MU_results/MUsbj032.csv","study","1000","5","0","695350","696352"
"MU.osexp","C:\Users\Public\Experiments\SM01\05-WMC\MU","Tr17_update1.png","6","682131","C:/Users/Public/Experiments/SM01/05-WMC/MU/MU_results/MUsbj032.csv","update","1300","5","0","696708","698010"
"MU.osexp","C:\Users\Public\Experiments\SM01\05-WMC\MU","Tr17_update2.png","6","682131","C:/Users/Public/Experiments/SM01/05-WMC/MU/MU_results/MUsbj032.csv","update","1300","5","0","698373","699675"
"MU.osexp","C:\Users\Public\Experiments\SM01\05-WMC\MU","Tr17_update3.png","6","682131","C:/Users/Public/Experiments/SM01/05-WMC/MU/MU_results/MUsbj032.csv","update","1300","5","0","700045","701347"
"MU.osexp","C:\Users\Public\Experiments\SM01\05-WMC\MU","Tr17_update4.png","6","682131","C:/Users/Public/Experiments/SM01/05-WMC/MU/MU_results/MUsbj032.csv","update","1300","5","0","701703","703005"
"MU.osexp","C:\Users\Public\Experiments\SM01\05-WMC\MU","Tr17_update5.png","6","682131","C:/Users/Public/Experiments/SM01/05-WMC/MU/MU_results/MUsbj032.csv","update","1300","5","0","703339","704641"
"MU.osexp","C:\Users\Public\Experiments\SM01\05-WMC\MU","Tr17_update6.png","6","682131","C:/Users/Public/Experiments/SM01/05-WMC/MU/MU_results/MUsbj032.csv","update","1300","5","0","705023","706325"
"MU.osexp","C:\Users\Public\Experiments\SM01\05-WMC\MU","Tr17_test1.png","4","714291","C:/Users/Public/Experiments/SM01/05-WMC/MU/MU_results/MUsbj032.csv","test","0","5","0","706672","714292"
"MU.osexp","C:\Users\Public\Experiments\SM01\05-WMC\MU","Tr17_test2.png","5","715851","C:/Users/Public/Experiments/SM01/05-WMC/MU/MU_results/MUsbj032.csv","test","0","5","0","715440","715852"
"MU.osexp","C:\Users\Public\Experiments\SM01\05-WMC\MU","Tr17_test3.png","2","719363","C:/Users/Public/Experiments/SM01/05-WMC/MU/MU_results/MUsbj032.csv","test","0","5","0","716974","719364"
"MU.osexp","C:\Users\Public\Experiments\SM01\05-WMC\MU","Tr17_test4.png","6","720819","C:/Users/Public/Experiments/SM01/05-WMC/MU/MU_results/MUsbj032.csv","test","0","5","0","720484","720820"
"MU.osexp","C:\Users\Public\Experiments\SM01\05-WMC\MU","Tr17_test5.png","3","722211","C:/Users/Public/Experiments/SM01/05-WMC/MU/MU_results/MUsbj032.csv","test","0","5","0","721919","722212"
