"experiment_file","experiment_path","image","key","key_time","logfile","phase","playtime","setSize","subject_nr","timestamp","waittime"
"MU.osexp","C:\Users\Public\Experiments\IDs\05-WMC\MU","ready1.png","NA","NA","C:/Users/Public/Experiments/IDs/05-WMC/MU/MUsbj061.csv","pre","0","3","61","146105","NA"
"MU.osexp","C:\Users\Public\Experiments\IDs\05-WMC\MU","fixation.png","NA","NA","C:/Users/Public/Experiments/IDs/05-WMC/MU/MUsbj061.csv","fix","1500","3","61","148982","NA"
"MU.osexp","C:\Users\Public\Experiments\IDs\05-WMC\MU","Tr1_study1.png","NA","NA","C:/Users/Public/Experiments/IDs/05-WMC/MU/MUsbj061.csv","study","1000","3","61","150574","151575"
"MU.osexp","C:\Users\Public\Experiments\IDs\05-WMC\MU","Tr1_study2.png","NA","NA","C:/Users/Public/Experiments/IDs/05-WMC/MU/MUsbj061.csv","study","1000","3","61","151921","152923"
"MU.osexp","C:\Users\Public\Experiments\IDs\05-WMC\MU","Tr1_study3.png","NA","NA","C:/Users/Public/Experiments/IDs/05-WMC/MU/MUsbj061.csv","study","1000","3","61","153295","154297"
"MU.osexp","C:\Users\Public\Experiments\IDs\05-WMC\MU","Tr1_update1.png","NA","NA","C:/Users/Public/Experiments/IDs/05-WMC/MU/MUsbj061.csv","update","1300","3","61","154655","155957"
"MU.osexp","C:\Users\Public\Experiments\IDs\05-WMC\MU","Tr1_update2.png","NA","NA","C:/Users/Public/Experiments/IDs/05-WMC/MU/MUsbj061.csv","update","1300","3","61","156311","157613"
"MU.osexp","C:\Users\Public\Experiments\IDs\05-WMC\MU","Tr1_update3.png","NA","NA","C:/Users/Public/Experiments/IDs/05-WMC/MU/MUsbj061.csv","update","1300","3","61","157960","159262"
"MU.osexp","C:\Users\Public\Experiments\IDs\05-WMC\MU","Tr1_test1.png","5","170724","C:/Users/Public/Experiments/IDs/05-WMC/MU/MUsbj061.csv","test","0","3","61","159600","170725"
"MU.osexp","C:\Users\Public\Experiments\IDs\05-WMC\MU","Tr1_test2.png","4","172997","C:/Users/Public/Experiments/IDs/05-WMC/MU/MUsbj061.csv","test","0","3","61","171851","172997"
"MU.osexp","C:\Users\Public\Experiments\IDs\05-WMC\MU","Tr1_test3.png","2","174509","C:/Users/Public/Experiments/IDs/05-WMC/MU/MUsbj061.csv","test","0","3","61","174091","174509"
"MU.osexp","C:\Users\Public\Experiments\IDs\05-WMC\MU","wait.png","2","174509","C:/Users/Public/Experiments/IDs/05-WMC/MU/MUsbj061.csv","wait","5000","3","61","175601","174509"
"MU.osexp","C:\Users\Public\Experiments\IDs\05-WMC\MU","fixation.png","2","174509","C:/Users/Public/Experiments/IDs/05-WMC/MU/MUsbj061.csv","fix","1500","3","61","180716","174509"
"MU.osexp","C:\Users\Public\Experiments\IDs\05-WMC\MU","Tr2_study1.png","2","174509","C:/Users/Public/Experiments/IDs/05-WMC/MU/MUsbj061.csv","study","1000","3","61","182329","183330"
"MU.osexp","C:\Users\Public\Experiments\IDs\05-WMC\MU","Tr2_study2.png","2","174509","C:/Users/Public/Experiments/IDs/05-WMC/MU/MUsbj061.csv","study","1000","3","61","183683","184685"
"MU.osexp","C:\Users\Public\Experiments\IDs\05-WMC\MU","Tr2_study3.png","2","174509","C:/Users/Public/Experiments/IDs/05-WMC/MU/MUsbj061.csv","study","1000","3","61","185020","186022"
"MU.osexp","C:\Users\Public\Experiments\IDs\05-WMC\MU","Tr2_update1.png","2","174509","C:/Users/Public/Experiments/IDs/05-WMC/MU/MUsbj061.csv","update","1300","3","61","186373","187675"
"MU.osexp","C:\Users\Public\Experiments\IDs\05-WMC\MU","Tr2_update2.png","2","174509","C:/Users/Public/Experiments/IDs/05-WMC/MU/MUsbj061.csv","update","1300","3","61","188034","189336"
"MU.osexp","C:\Users\Public\Experiments\IDs\05-WMC\MU","Tr2_update3.png","2","174509","C:/Users/Public/Experiments/IDs/05-WMC/MU/MUsbj061.csv","update","1300","3","61","189713","191015"
"MU.osexp","C:\Users\Public\Experiments\IDs\05-WMC\MU","Tr2_test1.png","4","192836","C:/Users/Public/Experiments/IDs/05-WMC/MU/MUsbj061.csv","test","0","3","61","191379","192837"
"MU.osexp","C:\Users\Public\Experiments\IDs\05-WMC\MU","Tr2_test2.png","0","195068","C:/Users/Public/Experiments/IDs/05-WMC/MU/MUsbj061.csv","test","0","3","61","193947","195069"
"MU.osexp","C:\Users\Public\Experiments\IDs\05-WMC\MU","Tr2_test3.png","1","202244","C:/Users/Public/Experiments/IDs/05-WMC/MU/MUsbj061.csv","test","0","3","61","196160","202245"
"MU.osexp","C:\Users\Public\Experiments\IDs\05-WMC\MU","ready2.png","1","202244","C:/Users/Public/Experiments/IDs/05-WMC/MU/MUsbj061.csv","pre","0","3","61","207306","202245"
"MU.osexp","C:\Users\Public\Experiments\IDs\05-WMC\MU","fixation.png","1","202244","C:/Users/Public/Experiments/IDs/05-WMC/MU/MUsbj061.csv","fix","1500","3","61","208507","202245"
"MU.osexp","C:\Users\Public\Experiments\IDs\05-WMC\MU","Tr3_study1.png","1","202244","C:/Users/Public/Experiments/IDs/05-WMC/MU/MUsbj061.csv","study","1000","3","61","210120","211122"
"MU.osexp","C:\Users\Public\Experiments\IDs\05-WMC\MU","Tr3_study2.png","1","202244","C:/Users/Public/Experiments/IDs/05-WMC/MU/MUsbj061.csv","study","1000","3","61","211463","212465"
"MU.osexp","C:\Users\Public\Experiments\IDs\05-WMC\MU","Tr3_study3.png","1","202244","C:/Users/Public/Experiments/IDs/05-WMC/MU/MUsbj061.csv","study","1000","3","61","212821","213822"
"MU.osexp","C:\Users\Public\Experiments\IDs\05-WMC\MU","Tr3_update1.png","1","202244","C:/Users/Public/Experiments/IDs/05-WMC/MU/MUsbj061.csv","update","1300","3","61","214169","215471"
"MU.osexp","C:\Users\Public\Experiments\IDs\05-WMC\MU","Tr3_update2.png","1","202244","C:/Users/Public/Experiments/IDs/05-WMC/MU/MUsbj061.csv","update","1300","3","61","215796","217098"
"MU.osexp","C:\Users\Public\Experiments\IDs\05-WMC\MU","Tr3_update3.png","1","202244","C:/Users/Public/Experiments/IDs/05-WMC/MU/MUsbj061.csv","update","1300","3","61","217450","218752"
"MU.osexp","C:\Users\Public\Experiments\IDs\05-WMC\MU","Tr3_test1.png","9","220524","C:/Users/Public/Experiments/IDs/05-WMC/MU/MUsbj061.csv","test","0","3","61","219095","220525"
"MU.osexp","C:\Users\Public\Experiments\IDs\05-WMC\MU","Tr3_test2.png","6","223044","C:/Users/Public/Experiments/IDs/05-WMC/MU/MUsbj061.csv","test","0","3","61","221612","223045"
"MU.osexp","C:\Users\Public\Experiments\IDs\05-WMC\MU","Tr3_test3.png","6","224869","C:/Users/Public/Experiments/IDs/05-WMC/MU/MUsbj061.csv","test","0","3","61","224138","224869"
"MU.osexp","C:\Users\Public\Experiments\IDs\05-WMC\MU","wait.png","6","224869","C:/Users/Public/Experiments/IDs/05-WMC/MU/MUsbj061.csv","wait","5000","4","61","225983","224869"
"MU.osexp","C:\Users\Public\Experiments\IDs\05-WMC\MU","fixation.png","6","224869","C:/Users/Public/Experiments/IDs/05-WMC/MU/MUsbj061.csv","fix","1500","4","61","231066","224869"
"MU.osexp","C:\Users\Public\Experiments\IDs\05-WMC\MU","Tr4_study1.png","6","224869","C:/Users/Public/Experiments/IDs/05-WMC/MU/MUsbj061.csv","study","1000","4","61","232648","233649"
"MU.osexp","C:\Users\Public\Experiments\IDs\05-WMC\MU","Tr4_study2.png","6","224869","C:/Users/Public/Experiments/IDs/05-WMC/MU/MUsbj061.csv","study","1000","4","61","233977","234979"
"MU.osexp","C:\Users\Public\Experiments\IDs\05-WMC\MU","Tr4_study3.png","6","224869","C:/Users/Public/Experiments/IDs/05-WMC/MU/MUsbj061.csv","study","1000","4","61","235337","236339"
"MU.osexp","C:\Users\Public\Experiments\IDs\05-WMC\MU","Tr4_study4.png","6","224869","C:/Users/Public/Experiments/IDs/05-WMC/MU/MUsbj061.csv","study","1000","4","61","236699","237701"
"MU.osexp","C:\Users\Public\Experiments\IDs\05-WMC\MU","Tr4_update1.png","6","224869","C:/Users/Public/Experiments/IDs/05-WMC/MU/MUsbj061.csv","update","1300","4","61","238048","239349"
"MU.osexp","C:\Users\Public\Experiments\IDs\05-WMC\MU","Tr4_update2.png","6","224869","C:/Users/Public/Experiments/IDs/05-WMC/MU/MUsbj061.csv","update","1300","4","61","239710","241012"
"MU.osexp","C:\Users\Public\Experiments\IDs\05-WMC\MU","Tr4_update3.png","6","224869","C:/Users/Public/Experiments/IDs/05-WMC/MU/MUsbj061.csv","update","1300","4","61","241369","242671"
"MU.osexp","C:\Users\Public\Experiments\IDs\05-WMC\MU","Tr4_update4.png","6","224869","C:/Users/Public/Experiments/IDs/05-WMC/MU/MUsbj061.csv","update","1300","4","61","243012","244314"
"MU.osexp","C:\Users\Public\Experiments\IDs\05-WMC\MU","Tr4_test1.png","2","247292","C:/Users/Public/Experiments/IDs/05-WMC/MU/MUsbj061.csv","test","0","4","61","244679","247293"
"MU.osexp","C:\Users\Public\Experiments\IDs\05-WMC\MU","Tr4_test2.png","9","249372","C:/Users/Public/Experiments/IDs/05-WMC/MU/MUsbj061.csv","test","0","4","61","248391","249373"
"MU.osexp","C:\Users\Public\Experiments\IDs\05-WMC\MU","Tr4_test3.png","8","252700","C:/Users/Public/Experiments/IDs/05-WMC/MU/MUsbj061.csv","test","0","4","61","250467","252701"
"MU.osexp","C:\Users\Public\Experiments\IDs\05-WMC\MU","Tr4_test4.png","7","254116","C:/Users/Public/Experiments/IDs/05-WMC/MU/MUsbj061.csv","test","0","4","61","253801","254117"
"MU.osexp","C:\Users\Public\Experiments\IDs\05-WMC\MU","wait.png","7","254116","C:/Users/Public/Experiments/IDs/05-WMC/MU/MUsbj061.csv","wait","5000","3","61","255212","254117"
"MU.osexp","C:\Users\Public\Experiments\IDs\05-WMC\MU","fixation.png","7","254116","C:/Users/Public/Experiments/IDs/05-WMC/MU/MUsbj061.csv","fix","1500","3","61","260297","254117"
"MU.osexp","C:\Users\Public\Experiments\IDs\05-WMC\MU","Tr5_study1.png","7","254116","C:/Users/Public/Experiments/IDs/05-WMC/MU/MUsbj061.csv","study","1000","3","61","261899","262900"
"MU.osexp","C:\Users\Public\Experiments\IDs\05-WMC\MU","Tr5_study2.png","7","254116","C:/Users/Public/Experiments/IDs/05-WMC/MU/MUsbj061.csv","study","1000","3","61","263259","264261"
"MU.osexp","C:\Users\Public\Experiments\IDs\05-WMC\MU","Tr5_study3.png","7","254116","C:/Users/Public/Experiments/IDs/05-WMC/MU/MUsbj061.csv","study","1000","3","61","264603","265603"
"MU.osexp","C:\Users\Public\Experiments\IDs\05-WMC\MU","Tr5_update1.png","7","254116","C:/Users/Public/Experiments/IDs/05-WMC/MU/MUsbj061.csv","update","1300","3","61","265939","267241"
"MU.osexp","C:\Users\Public\Experiments\IDs\05-WMC\MU","Tr5_update2.png","7","254116","C:/Users/Public/Experiments/IDs/05-WMC/MU/MUsbj061.csv","update","1300","3","61","267642","268944"
"MU.osexp","C:\Users\Public\Experiments\IDs\05-WMC\MU","Tr5_update3.png","7","254116","C:/Users/Public/Experiments/IDs/05-WMC/MU/MUsbj061.csv","update","1300","3","61","269278","270579"
"MU.osexp","C:\Users\Public\Experiments\IDs\05-WMC\MU","Tr5_update4.png","7","254116","C:/Users/Public/Experiments/IDs/05-WMC/MU/MUsbj061.csv","update","1300","3","61","270913","272215"
"MU.osexp","C:\Users\Public\Experiments\IDs\05-WMC\MU","Tr5_update5.png","7","254116","C:/Users/Public/Experiments/IDs/05-WMC/MU/MUsbj061.csv","update","1300","3","61","272563","273865"
"MU.osexp","C:\Users\Public\Experiments\IDs\05-WMC\MU","Tr5_update6.png","7","254116","C:/Users/Public/Experiments/IDs/05-WMC/MU/MUsbj061.csv","update","1300","3","61","274233","275535"
"MU.osexp","C:\Users\Public\Experiments\IDs\05-WMC\MU","Tr5_test1.png","5","277061","C:/Users/Public/Experiments/IDs/05-WMC/MU/MUsbj061.csv","test","0","3","61","275889","277062"
"MU.osexp","C:\Users\Public\Experiments\IDs\05-WMC\MU","Tr5_test2.png","4","278261","C:/Users/Public/Experiments/IDs/05-WMC/MU/MUsbj061.csv","test","0","3","61","278173","278261"
"MU.osexp","C:\Users\Public\Experiments\IDs\05-WMC\MU","Tr5_test3.png","6","279637","C:/Users/Public/Experiments/IDs/05-WMC/MU/MUsbj061.csv","test","0","3","61","279367","279637"
"MU.osexp","C:\Users\Public\Experiments\IDs\05-WMC\MU","wait.png","6","279637","C:/Users/Public/Experiments/IDs/05-WMC/MU/MUsbj061.csv","wait","5000","4","61","280739","279637"
"MU.osexp","C:\Users\Public\Experiments\IDs\05-WMC\MU","fixation.png","6","279637","C:/Users/Public/Experiments/IDs/05-WMC/MU/MUsbj061.csv","fix","1500","4","61","285825","279637"
"MU.osexp","C:\Users\Public\Experiments\IDs\05-WMC\MU","Tr6_study1.png","6","279637","C:/Users/Public/Experiments/IDs/05-WMC/MU/MUsbj061.csv","study","1000","4","61","287454","288455"
"MU.osexp","C:\Users\Public\Experiments\IDs\05-WMC\MU","Tr6_study2.png","6","279637","C:/Users/Public/Experiments/IDs/05-WMC/MU/MUsbj061.csv","study","1000","4","61","288789","289791"
"MU.osexp","C:\Users\Public\Experiments\IDs\05-WMC\MU","Tr6_study3.png","6","279637","C:/Users/Public/Experiments/IDs/05-WMC/MU/MUsbj061.csv","study","1000","4","61","290162","291164"
"MU.osexp","C:\Users\Public\Experiments\IDs\05-WMC\MU","Tr6_study4.png","6","279637","C:/Users/Public/Experiments/IDs/05-WMC/MU/MUsbj061.csv","study","1000","4","61","291504","292507"
"MU.osexp","C:\Users\Public\Experiments\IDs\05-WMC\MU","Tr6_update1.png","6","279637","C:/Users/Public/Experiments/IDs/05-WMC/MU/MUsbj061.csv","update","1300","4","61","292837","294139"
"MU.osexp","C:\Users\Public\Experiments\IDs\05-WMC\MU","Tr6_update2.png","6","279637","C:/Users/Public/Experiments/IDs/05-WMC/MU/MUsbj061.csv","update","1300","4","61","294489","295792"
"MU.osexp","C:\Users\Public\Experiments\IDs\05-WMC\MU","Tr6_update3.png","6","279637","C:/Users/Public/Experiments/IDs/05-WMC/MU/MUsbj061.csv","update","1300","4","61","296157","297459"
"MU.osexp","C:\Users\Public\Experiments\IDs\05-WMC\MU","Tr6_update4.png","6","279637","C:/Users/Public/Experiments/IDs/05-WMC/MU/MUsbj061.csv","update","1300","4","61","297810","299112"
"MU.osexp","C:\Users\Public\Experiments\IDs\05-WMC\MU","Tr6_update5.png","6","279637","C:/Users/Public/Experiments/IDs/05-WMC/MU/MUsbj061.csv","update","1300","4","61","299488","300790"
"MU.osexp","C:\Users\Public\Experiments\IDs\05-WMC\MU","Tr6_test1.png","4","304468","C:/Users/Public/Experiments/IDs/05-WMC/MU/MUsbj061.csv","test","0","4","61","301127","304469"
"MU.osexp","C:\Users\Public\Experiments\IDs\05-WMC\MU","Tr6_test2.png","2","306284","C:/Users/Public/Experiments/IDs/05-WMC/MU/MUsbj061.csv","test","0","4","61","305557","306285"
"MU.osexp","C:\Users\Public\Experiments\IDs\05-WMC\MU","Tr6_test3.png","9","308540","C:/Users/Public/Experiments/IDs/05-WMC/MU/MUsbj061.csv","test","0","4","61","307386","308541"
"MU.osexp","C:\Users\Public\Experiments\IDs\05-WMC\MU","Tr6_test4.png","1","310252","C:/Users/Public/Experiments/IDs/05-WMC/MU/MUsbj061.csv","test","0","4","61","309629","310253"
"MU.osexp","C:\Users\Public\Experiments\IDs\05-WMC\MU","wait.png","1","310252","C:/Users/Public/Experiments/IDs/05-WMC/MU/MUsbj061.csv","wait","5000","5","61","311343","310253"
"MU.osexp","C:\Users\Public\Experiments\IDs\05-WMC\MU","fixation.png","1","310252","C:/Users/Public/Experiments/IDs/05-WMC/MU/MUsbj061.csv","fix","1500","5","61","316432","310253"
"MU.osexp","C:\Users\Public\Experiments\IDs\05-WMC\MU","Tr7_study1.png","1","310252","C:/Users/Public/Experiments/IDs/05-WMC/MU/MUsbj061.csv","study","1000","5","61","318045","319046"
"MU.osexp","C:\Users\Public\Experiments\IDs\05-WMC\MU","Tr7_study2.png","1","310252","C:/Users/Public/Experiments/IDs/05-WMC/MU/MUsbj061.csv","study","1000","5","61","319412","320414"
"MU.osexp","C:\Users\Public\Experiments\IDs\05-WMC\MU","Tr7_study3.png","1","310252","C:/Users/Public/Experiments/IDs/05-WMC/MU/MUsbj061.csv","study","1000","5","61","320762","321763"
"MU.osexp","C:\Users\Public\Experiments\IDs\05-WMC\MU","Tr7_study4.png","1","310252","C:/Users/Public/Experiments/IDs/05-WMC/MU/MUsbj061.csv","study","1000","5","61","322108","323109"
"MU.osexp","C:\Users\Public\Experiments\IDs\05-WMC\MU","Tr7_study5.png","1","310252","C:/Users/Public/Experiments/IDs/05-WMC/MU/MUsbj061.csv","study","1000","5","61","323425","324425"
"MU.osexp","C:\Users\Public\Experiments\IDs\05-WMC\MU","Tr7_update1.png","1","310252","C:/Users/Public/Experiments/IDs/05-WMC/MU/MUsbj061.csv","update","1300","5","61","324745","326045"
"MU.osexp","C:\Users\Public\Experiments\IDs\05-WMC\MU","Tr7_update2.png","1","310252","C:/Users/Public/Experiments/IDs/05-WMC/MU/MUsbj061.csv","update","1300","5","61","326359","327660"
"MU.osexp","C:\Users\Public\Experiments\IDs\05-WMC\MU","Tr7_update3.png","1","310252","C:/Users/Public/Experiments/IDs/05-WMC/MU/MUsbj061.csv","update","1300","5","61","327986","329288"
"MU.osexp","C:\Users\Public\Experiments\IDs\05-WMC\MU","Tr7_update4.png","1","310252","C:/Users/Public/Experiments/IDs/05-WMC/MU/MUsbj061.csv","update","1300","5","61","329654","330956"
"MU.osexp","C:\Users\Public\Experiments\IDs\05-WMC\MU","Tr7_update5.png","1","310252","C:/Users/Public/Experiments/IDs/05-WMC/MU/MUsbj061.csv","update","1300","5","61","331335","332635"
"MU.osexp","C:\Users\Public\Experiments\IDs\05-WMC\MU","Tr7_test1.png","9","334013","C:/Users/Public/Experiments/IDs/05-WMC/MU/MUsbj061.csv","test","0","5","61","332980","334013"
"MU.osexp","C:\Users\Public\Experiments\IDs\05-WMC\MU","Tr7_test2.png","1","335620","C:/Users/Public/Experiments/IDs/05-WMC/MU/MUsbj061.csv","test","0","5","61","335136","335621"
"MU.osexp","C:\Users\Public\Experiments\IDs\05-WMC\MU","Tr7_test3.png","4","337292","C:/Users/Public/Experiments/IDs/05-WMC/MU/MUsbj061.csv","test","0","5","61","336698","337293"
"MU.osexp","C:\Users\Public\Experiments\IDs\05-WMC\MU","Tr7_test4.png","4","338916","C:/Users/Public/Experiments/IDs/05-WMC/MU/MUsbj061.csv","test","0","5","61","338382","338917"
"MU.osexp","C:\Users\Public\Experiments\IDs\05-WMC\MU","Tr7_test5.png","9","340356","C:/Users/Public/Experiments/IDs/05-WMC/MU/MUsbj061.csv","test","0","5","61","339999","340357"
"MU.osexp","C:\Users\Public\Experiments\IDs\05-WMC\MU","wait.png","9","340356","C:/Users/Public/Experiments/IDs/05-WMC/MU/MUsbj061.csv","wait","5000","4","61","341603","340357"
"MU.osexp","C:\Users\Public\Experiments\IDs\05-WMC\MU","fixation.png","9","340356","C:/Users/Public/Experiments/IDs/05-WMC/MU/MUsbj061.csv","fix","1500","4","61","346680","340357"
"MU.osexp","C:\Users\Public\Experiments\IDs\05-WMC\MU","Tr8_study1.png","9","340356","C:/Users/Public/Experiments/IDs/05-WMC/MU/MUsbj061.csv","study","1000","4","61","348263","349263"
"MU.osexp","C:\Users\Public\Experiments\IDs\05-WMC\MU","Tr8_study2.png","9","340356","C:/Users/Public/Experiments/IDs/05-WMC/MU/MUsbj061.csv","study","1000","4","61","349590","350590"
"MU.osexp","C:\Users\Public\Experiments\IDs\05-WMC\MU","Tr8_study3.png","9","340356","C:/Users/Public/Experiments/IDs/05-WMC/MU/MUsbj061.csv","study","1000","4","61","350925","351925"
"MU.osexp","C:\Users\Public\Experiments\IDs\05-WMC\MU","Tr8_study4.png","9","340356","C:/Users/Public/Experiments/IDs/05-WMC/MU/MUsbj061.csv","study","1000","4","61","352256","353257"
"MU.osexp","C:\Users\Public\Experiments\IDs\05-WMC\MU","Tr8_update1.png","9","340356","C:/Users/Public/Experiments/IDs/05-WMC/MU/MUsbj061.csv","update","1300","4","61","353581","354881"
"MU.osexp","C:\Users\Public\Experiments\IDs\05-WMC\MU","Tr8_update2.png","9","340356","C:/Users/Public/Experiments/IDs/05-WMC/MU/MUsbj061.csv","update","1300","4","61","355200","356500"
"MU.osexp","C:\Users\Public\Experiments\IDs\05-WMC\MU","Tr8_update3.png","9","340356","C:/Users/Public/Experiments/IDs/05-WMC/MU/MUsbj061.csv","update","1300","4","61","356834","358135"
"MU.osexp","C:\Users\Public\Experiments\IDs\05-WMC\MU","Tr8_test1.png","4","359444","C:/Users/Public/Experiments/IDs/05-WMC/MU/MUsbj061.csv","test","0","4","61","358465","359445"
"MU.osexp","C:\Users\Public\Experiments\IDs\05-WMC\MU","Tr8_test2.png","8","361140","C:/Users/Public/Experiments/IDs/05-WMC/MU/MUsbj061.csv","test","0","4","61","360526","361141"
"MU.osexp","C:\Users\Public\Experiments\IDs\05-WMC\MU","Tr8_test3.png","8","363789","C:/Users/Public/Experiments/IDs/05-WMC/MU/MUsbj061.csv","test","0","4","61","362216","363790"
"MU.osexp","C:\Users\Public\Experiments\IDs\05-WMC\MU","Tr8_test4.png","4","367837","C:/Users/Public/Experiments/IDs/05-WMC/MU/MUsbj061.csv","test","0","4","61","364866","367838"
"MU.osexp","C:\Users\Public\Experiments\IDs\05-WMC\MU","wait.png","4","367837","C:/Users/Public/Experiments/IDs/05-WMC/MU/MUsbj061.csv","wait","5000","5","61","368908","367838"
"MU.osexp","C:\Users\Public\Experiments\IDs\05-WMC\MU","fixation.png","4","367837","C:/Users/Public/Experiments/IDs/05-WMC/MU/MUsbj061.csv","fix","1500","5","61","373979","367838"
"MU.osexp","C:\Users\Public\Experiments\IDs\05-WMC\MU","Tr9_study1.png","4","367837","C:/Users/Public/Experiments/IDs/05-WMC/MU/MUsbj061.csv","study","1000","5","61","375575","376576"
"MU.osexp","C:\Users\Public\Experiments\IDs\05-WMC\MU","Tr9_study2.png","4","367837","C:/Users/Public/Experiments/IDs/05-WMC/MU/MUsbj061.csv","study","1000","5","61","376924","377925"
"MU.osexp","C:\Users\Public\Experiments\IDs\05-WMC\MU","Tr9_study3.png","4","367837","C:/Users/Public/Experiments/IDs/05-WMC/MU/MUsbj061.csv","study","1000","5","61","378288","379288"
"MU.osexp","C:\Users\Public\Experiments\IDs\05-WMC\MU","Tr9_study4.png","4","367837","C:/Users/Public/Experiments/IDs/05-WMC/MU/MUsbj061.csv","study","1000","5","61","379606","380606"
"MU.osexp","C:\Users\Public\Experiments\IDs\05-WMC\MU","Tr9_study5.png","4","367837","C:/Users/Public/Experiments/IDs/05-WMC/MU/MUsbj061.csv","study","1000","5","61","380931","381932"
"MU.osexp","C:\Users\Public\Experiments\IDs\05-WMC\MU","Tr9_update1.png","4","367837","C:/Users/Public/Experiments/IDs/05-WMC/MU/MUsbj061.csv","update","1300","5","61","382271","383573"
"MU.osexp","C:\Users\Public\Experiments\IDs\05-WMC\MU","Tr9_update2.png","4","367837","C:/Users/Public/Experiments/IDs/05-WMC/MU/MUsbj061.csv","update","1300","5","61","383950","385250"
"MU.osexp","C:\Users\Public\Experiments\IDs\05-WMC\MU","Tr9_test1.png","9","386397","C:/Users/Public/Experiments/IDs/05-WMC/MU/MUsbj061.csv","test","0","5","61","385660","386397"
"MU.osexp","C:\Users\Public\Experiments\IDs\05-WMC\MU","Tr9_test2.png","7","387516","C:/Users/Public/Experiments/IDs/05-WMC/MU/MUsbj061.csv","test","0","5","61","387459","387517"
"MU.osexp","C:\Users\Public\Experiments\IDs\05-WMC\MU","Tr9_test3.png","4","389452","C:/Users/Public/Experiments/IDs/05-WMC/MU/MUsbj061.csv","test","0","5","61","388591","389453"
"MU.osexp","C:\Users\Public\Experiments\IDs\05-WMC\MU","Tr9_test4.png","7","391364","C:/Users/Public/Experiments/IDs/05-WMC/MU/MUsbj061.csv","test","0","5","61","390535","391365"
"MU.osexp","C:\Users\Public\Experiments\IDs\05-WMC\MU","Tr9_test5.png","6","392940","C:/Users/Public/Experiments/IDs/05-WMC/MU/MUsbj061.csv","test","0","5","61","392438","392941"
"MU.osexp","C:\Users\Public\Experiments\IDs\05-WMC\MU","wait.png","6","392940","C:/Users/Public/Experiments/IDs/05-WMC/MU/MUsbj061.csv","wait","5000","3","61","394010","392941"
"MU.osexp","C:\Users\Public\Experiments\IDs\05-WMC\MU","fixation.png","6","392940","C:/Users/Public/Experiments/IDs/05-WMC/MU/MUsbj061.csv","fix","1500","3","61","399086","392941"
"MU.osexp","C:\Users\Public\Experiments\IDs\05-WMC\MU","Tr10_study1.png","6","392940","C:/Users/Public/Experiments/IDs/05-WMC/MU/MUsbj061.csv","study","1000","3","61","400678","401678"
"MU.osexp","C:\Users\Public\Experiments\IDs\05-WMC\MU","Tr10_study2.png","6","392940","C:/Users/Public/Experiments/IDs/05-WMC/MU/MUsbj061.csv","study","1000","3","61","402012","403012"
"MU.osexp","C:\Users\Public\Experiments\IDs\05-WMC\MU","Tr10_study3.png","6","392940","C:/Users/Public/Experiments/IDs/05-WMC/MU/MUsbj061.csv","study","1000","3","61","403334","404335"
"MU.osexp","C:\Users\Public\Experiments\IDs\05-WMC\MU","Tr10_update1.png","6","392940","C:/Users/Public/Experiments/IDs/05-WMC/MU/MUsbj061.csv","update","1300","3","61","404662","405964"
"MU.osexp","C:\Users\Public\Experiments\IDs\05-WMC\MU","Tr10_update2.png","6","392940","C:/Users/Public/Experiments/IDs/05-WMC/MU/MUsbj061.csv","update","1300","3","61","406293","407594"
"MU.osexp","C:\Users\Public\Experiments\IDs\05-WMC\MU","Tr10_test1.png","5","411412","C:/Users/Public/Experiments/IDs/05-WMC/MU/MUsbj061.csv","test","0","3","61","407926","411413"
"MU.osexp","C:\Users\Public\Experiments\IDs\05-WMC\MU","Tr10_test2.png","2","415100","C:/Users/Public/Experiments/IDs/05-WMC/MU/MUsbj061.csv","test","0","3","61","412477","415101"
"MU.osexp","C:\Users\Public\Experiments\IDs\05-WMC\MU","Tr10_test3.png","5","416517","C:/Users/Public/Experiments/IDs/05-WMC/MU/MUsbj061.csv","test","0","3","61","416176","416518"
"MU.osexp","C:\Users\Public\Experiments\IDs\05-WMC\MU","wait.png","5","416517","C:/Users/Public/Experiments/IDs/05-WMC/MU/MUsbj061.csv","wait","5000","5","61","417605","416518"
"MU.osexp","C:\Users\Public\Experiments\IDs\05-WMC\MU","fixation.png","5","416517","C:/Users/Public/Experiments/IDs/05-WMC/MU/MUsbj061.csv","fix","1500","5","61","422688","416518"
"MU.osexp","C:\Users\Public\Experiments\IDs\05-WMC\MU","Tr11_study1.png","5","416517","C:/Users/Public/Experiments/IDs/05-WMC/MU/MUsbj061.csv","study","1000","5","61","424373","425375"
"MU.osexp","C:\Users\Public\Experiments\IDs\05-WMC\MU","Tr11_study2.png","5","416517","C:/Users/Public/Experiments/IDs/05-WMC/MU/MUsbj061.csv","study","1000","5","61","425688","426688"
"MU.osexp","C:\Users\Public\Experiments\IDs\05-WMC\MU","Tr11_study3.png","5","416517","C:/Users/Public/Experiments/IDs/05-WMC/MU/MUsbj061.csv","study","1000","5","61","427017","428018"
"MU.osexp","C:\Users\Public\Experiments\IDs\05-WMC\MU","Tr11_study4.png","5","416517","C:/Users/Public/Experiments/IDs/05-WMC/MU/MUsbj061.csv","study","1000","5","61","428363","429364"
"MU.osexp","C:\Users\Public\Experiments\IDs\05-WMC\MU","Tr11_study5.png","5","416517","C:/Users/Public/Experiments/IDs/05-WMC/MU/MUsbj061.csv","study","1000","5","61","429695","430695"
"MU.osexp","C:\Users\Public\Experiments\IDs\05-WMC\MU","Tr11_update1.png","5","416517","C:/Users/Public/Experiments/IDs/05-WMC/MU/MUsbj061.csv","update","1300","5","61","431022","432323"
"MU.osexp","C:\Users\Public\Experiments\IDs\05-WMC\MU","Tr11_update2.png","5","416517","C:/Users/Public/Experiments/IDs/05-WMC/MU/MUsbj061.csv","update","1300","5","61","432673","433975"
"MU.osexp","C:\Users\Public\Experiments\IDs\05-WMC\MU","Tr11_update3.png","5","416517","C:/Users/Public/Experiments/IDs/05-WMC/MU/MUsbj061.csv","update","1300","5","61","434298","435599"
"MU.osexp","C:\Users\Public\Experiments\IDs\05-WMC\MU","Tr11_test1.png","1","437893","C:/Users/Public/Experiments/IDs/05-WMC/MU/MUsbj061.csv","test","0","5","61","435912","437893"
"MU.osexp","C:\Users\Public\Experiments\IDs\05-WMC\MU","Tr11_test2.png","2","439925","C:/Users/Public/Experiments/IDs/05-WMC/MU/MUsbj061.csv","test","0","5","61","438965","439925"
"MU.osexp","C:\Users\Public\Experiments\IDs\05-WMC\MU","Tr11_test3.png","1","441876","C:/Users/Public/Experiments/IDs/05-WMC/MU/MUsbj061.csv","test","0","5","61","441009","441877"
"MU.osexp","C:\Users\Public\Experiments\IDs\05-WMC\MU","Tr11_test4.png","8","444340","C:/Users/Public/Experiments/IDs/05-WMC/MU/MUsbj061.csv","test","0","5","61","442960","444341"
"MU.osexp","C:\Users\Public\Experiments\IDs\05-WMC\MU","Tr11_test5.png","5","445844","C:/Users/Public/Experiments/IDs/05-WMC/MU/MUsbj061.csv","test","0","5","61","445425","445845"
"MU.osexp","C:\Users\Public\Experiments\IDs\05-WMC\MU","wait.png","5","445844","C:/Users/Public/Experiments/IDs/05-WMC/MU/MUsbj061.csv","wait","5000","3","61","446966","445845"
"MU.osexp","C:\Users\Public\Experiments\IDs\05-WMC\MU","fixation.png","5","445844","C:/Users/Public/Experiments/IDs/05-WMC/MU/MUsbj061.csv","fix","1500","3","61","452058","445845"
"MU.osexp","C:\Users\Public\Experiments\IDs\05-WMC\MU","Tr12_study1.png","5","445844","C:/Users/Public/Experiments/IDs/05-WMC/MU/MUsbj061.csv","study","1000","3","61","453652","454653"
"MU.osexp","C:\Users\Public\Experiments\IDs\05-WMC\MU","Tr12_study2.png","5","445844","C:/Users/Public/Experiments/IDs/05-WMC/MU/MUsbj061.csv","study","1000","3","61","454987","455987"
"MU.osexp","C:\Users\Public\Experiments\IDs\05-WMC\MU","Tr12_study3.png","5","445844","C:/Users/Public/Experiments/IDs/05-WMC/MU/MUsbj061.csv","study","1000","3","61","456327","457327"
"MU.osexp","C:\Users\Public\Experiments\IDs\05-WMC\MU","Tr12_update1.png","5","445844","C:/Users/Public/Experiments/IDs/05-WMC/MU/MUsbj061.csv","update","1300","3","61","457654","458955"
"MU.osexp","C:\Users\Public\Experiments\IDs\05-WMC\MU","Tr12_update2.png","5","445844","C:/Users/Public/Experiments/IDs/05-WMC/MU/MUsbj061.csv","update","1300","3","61","459286","460588"
"MU.osexp","C:\Users\Public\Experiments\IDs\05-WMC\MU","Tr12_update3.png","5","445844","C:/Users/Public/Experiments/IDs/05-WMC/MU/MUsbj061.csv","update","1300","3","61","460914","462215"
"MU.osexp","C:\Users\Public\Experiments\IDs\05-WMC\MU","Tr12_update4.png","5","445844","C:/Users/Public/Experiments/IDs/05-WMC/MU/MUsbj061.csv","update","1300","3","61","462610","463911"
"MU.osexp","C:\Users\Public\Experiments\IDs\05-WMC\MU","Tr12_update5.png","5","445844","C:/Users/Public/Experiments/IDs/05-WMC/MU/MUsbj061.csv","update","1300","3","61","464238","465538"
"MU.osexp","C:\Users\Public\Experiments\IDs\05-WMC\MU","Tr12_test1.png","5","468004","C:/Users/Public/Experiments/IDs/05-WMC/MU/MUsbj061.csv","test","0","3","61","465880","468005"
"MU.osexp","C:\Users\Public\Experiments\IDs\05-WMC\MU","Tr12_test2.png","3","469445","C:/Users/Public/Experiments/IDs/05-WMC/MU/MUsbj061.csv","test","0","3","61","469085","469446"
"MU.osexp","C:\Users\Public\Experiments\IDs\05-WMC\MU","Tr12_test3.png","4","471269","C:/Users/Public/Experiments/IDs/05-WMC/MU/MUsbj061.csv","test","0","3","61","470548","471270"
"MU.osexp","C:\Users\Public\Experiments\IDs\05-WMC\MU","wait.png","4","471269","C:/Users/Public/Experiments/IDs/05-WMC/MU/MUsbj061.csv","wait","5000","3","61","472375","471270"
"MU.osexp","C:\Users\Public\Experiments\IDs\05-WMC\MU","fixation.png","4","471269","C:/Users/Public/Experiments/IDs/05-WMC/MU/MUsbj061.csv","fix","1500","3","61","477455","471270"
"MU.osexp","C:\Users\Public\Experiments\IDs\05-WMC\MU","Tr13_study1.png","4","471269","C:/Users/Public/Experiments/IDs/05-WMC/MU/MUsbj061.csv","study","1000","3","61","479085","480085"
"MU.osexp","C:\Users\Public\Experiments\IDs\05-WMC\MU","Tr13_study2.png","4","471269","C:/Users/Public/Experiments/IDs/05-WMC/MU/MUsbj061.csv","study","1000","3","61","480420","481421"
"MU.osexp","C:\Users\Public\Experiments\IDs\05-WMC\MU","Tr13_study3.png","4","471269","C:/Users/Public/Experiments/IDs/05-WMC/MU/MUsbj061.csv","study","1000","3","61","481747","482748"
"MU.osexp","C:\Users\Public\Experiments\IDs\05-WMC\MU","Tr13_update1.png","4","471269","C:/Users/Public/Experiments/IDs/05-WMC/MU/MUsbj061.csv","update","1300","3","61","483065","484365"
"MU.osexp","C:\Users\Public\Experiments\IDs\05-WMC\MU","Tr13_update2.png","4","471269","C:/Users/Public/Experiments/IDs/05-WMC/MU/MUsbj061.csv","update","1300","3","61","484737","486037"
"MU.osexp","C:\Users\Public\Experiments\IDs\05-WMC\MU","Tr13_update3.png","4","471269","C:/Users/Public/Experiments/IDs/05-WMC/MU/MUsbj061.csv","update","1300","3","61","486376","487678"
"MU.osexp","C:\Users\Public\Experiments\IDs\05-WMC\MU","Tr13_update4.png","4","471269","C:/Users/Public/Experiments/IDs/05-WMC/MU/MUsbj061.csv","update","1300","3","61","488042","489342"
"MU.osexp","C:\Users\Public\Experiments\IDs\05-WMC\MU","Tr13_test1.png","4","491477","C:/Users/Public/Experiments/IDs/05-WMC/MU/MUsbj061.csv","test","0","3","61","489665","491477"
"MU.osexp","C:\Users\Public\Experiments\IDs\05-WMC\MU","Tr13_test2.png","4","493805","C:/Users/Public/Experiments/IDs/05-WMC/MU/MUsbj061.csv","test","0","3","61","492558","493805"
"MU.osexp","C:\Users\Public\Experiments\IDs\05-WMC\MU","Tr13_test3.png","7","495764","C:/Users/Public/Experiments/IDs/05-WMC/MU/MUsbj061.csv","test","0","3","61","494887","495765"
"MU.osexp","C:\Users\Public\Experiments\IDs\05-WMC\MU","wait.png","7","495764","C:/Users/Public/Experiments/IDs/05-WMC/MU/MUsbj061.csv","wait","5000","5","61","496865","495765"
"MU.osexp","C:\Users\Public\Experiments\IDs\05-WMC\MU","fixation.png","7","495764","C:/Users/Public/Experiments/IDs/05-WMC/MU/MUsbj061.csv","fix","1500","5","61","501946","495765"
"MU.osexp","C:\Users\Public\Experiments\IDs\05-WMC\MU","Tr14_study1.png","7","495764","C:/Users/Public/Experiments/IDs/05-WMC/MU/MUsbj061.csv","study","1000","5","61","503686","504688"
"MU.osexp","C:\Users\Public\Experiments\IDs\05-WMC\MU","Tr14_study2.png","7","495764","C:/Users/Public/Experiments/IDs/05-WMC/MU/MUsbj061.csv","study","1000","5","61","505009","506011"
"MU.osexp","C:\Users\Public\Experiments\IDs\05-WMC\MU","Tr14_study3.png","7","495764","C:/Users/Public/Experiments/IDs/05-WMC/MU/MUsbj061.csv","study","1000","5","61","506365","507366"
"MU.osexp","C:\Users\Public\Experiments\IDs\05-WMC\MU","Tr14_study4.png","7","495764","C:/Users/Public/Experiments/IDs/05-WMC/MU/MUsbj061.csv","study","1000","5","61","507693","508694"
"MU.osexp","C:\Users\Public\Experiments\IDs\05-WMC\MU","Tr14_study5.png","7","495764","C:/Users/Public/Experiments/IDs/05-WMC/MU/MUsbj061.csv","study","1000","5","61","509048","510049"
"MU.osexp","C:\Users\Public\Experiments\IDs\05-WMC\MU","Tr14_update1.png","7","495764","C:/Users/Public/Experiments/IDs/05-WMC/MU/MUsbj061.csv","update","1300","5","61","510404","511706"
"MU.osexp","C:\Users\Public\Experiments\IDs\05-WMC\MU","Tr14_update2.png","7","495764","C:/Users/Public/Experiments/IDs/05-WMC/MU/MUsbj061.csv","update","1300","5","61","512101","513403"
"MU.osexp","C:\Users\Public\Experiments\IDs\05-WMC\MU","Tr14_update3.png","7","495764","C:/Users/Public/Experiments/IDs/05-WMC/MU/MUsbj061.csv","update","1300","5","61","513768","515070"
"MU.osexp","C:\Users\Public\Experiments\IDs\05-WMC\MU","Tr14_update4.png","7","495764","C:/Users/Public/Experiments/IDs/05-WMC/MU/MUsbj061.csv","update","1300","5","61","515415","516717"
"MU.osexp","C:\Users\Public\Experiments\IDs\05-WMC\MU","Tr14_test1.png","8","518916","C:/Users/Public/Experiments/IDs/05-WMC/MU/MUsbj061.csv","test","0","5","61","517076","518917"
"MU.osexp","C:\Users\Public\Experiments\IDs\05-WMC\MU","Tr14_test2.png","5","521021","C:/Users/Public/Experiments/IDs/05-WMC/MU/MUsbj061.csv","test","0","5","61","519995","521022"
"MU.osexp","C:\Users\Public\Experiments\IDs\05-WMC\MU","Tr14_test3.png","4","524709","C:/Users/Public/Experiments/IDs/05-WMC/MU/MUsbj061.csv","test","0","5","61","522133","524710"
"MU.osexp","C:\Users\Public\Experiments\IDs\05-WMC\MU","Tr14_test4.png","1","526373","C:/Users/Public/Experiments/IDs/05-WMC/MU/MUsbj061.csv","test","0","5","61","525820","526374"
"MU.osexp","C:\Users\Public\Experiments\IDs\05-WMC\MU","Tr14_test5.png","5","527981","C:/Users/Public/Experiments/IDs/05-WMC/MU/MUsbj061.csv","test","0","5","61","527485","527981"
"MU.osexp","C:\Users\Public\Experiments\IDs\05-WMC\MU","wait.png","5","527981","C:/Users/Public/Experiments/IDs/05-WMC/MU/MUsbj061.csv","wait","5000","4","61","529082","527981"
"MU.osexp","C:\Users\Public\Experiments\IDs\05-WMC\MU","fixation.png","5","527981","C:/Users/Public/Experiments/IDs/05-WMC/MU/MUsbj061.csv","fix","1500","4","61","534186","527981"
"MU.osexp","C:\Users\Public\Experiments\IDs\05-WMC\MU","Tr15_study1.png","5","527981","C:/Users/Public/Experiments/IDs/05-WMC/MU/MUsbj061.csv","study","1000","4","61","535787","536787"
"MU.osexp","C:\Users\Public\Experiments\IDs\05-WMC\MU","Tr15_study2.png","5","527981","C:/Users/Public/Experiments/IDs/05-WMC/MU/MUsbj061.csv","study","1000","4","61","537137","538139"
"MU.osexp","C:\Users\Public\Experiments\IDs\05-WMC\MU","Tr15_study3.png","5","527981","C:/Users/Public/Experiments/IDs/05-WMC/MU/MUsbj061.csv","study","1000","4","61","538644","539646"
"MU.osexp","C:\Users\Public\Experiments\IDs\05-WMC\MU","Tr15_study4.png","5","527981","C:/Users/Public/Experiments/IDs/05-WMC/MU/MUsbj061.csv","study","1000","4","61","539997","541000"
"MU.osexp","C:\Users\Public\Experiments\IDs\05-WMC\MU","Tr15_update1.png","5","527981","C:/Users/Public/Experiments/IDs/05-WMC/MU/MUsbj061.csv","update","1300","4","61","541350","542652"
"MU.osexp","C:\Users\Public\Experiments\IDs\05-WMC\MU","Tr15_update2.png","5","527981","C:/Users/Public/Experiments/IDs/05-WMC/MU/MUsbj061.csv","update","1300","4","61","543002","544304"
"MU.osexp","C:\Users\Public\Experiments\IDs\05-WMC\MU","Tr15_update3.png","5","527981","C:/Users/Public/Experiments/IDs/05-WMC/MU/MUsbj061.csv","update","1300","4","61","544656","545958"
"MU.osexp","C:\Users\Public\Experiments\IDs\05-WMC\MU","Tr15_update4.png","5","527981","C:/Users/Public/Experiments/IDs/05-WMC/MU/MUsbj061.csv","update","1300","4","61","546301","547603"
"MU.osexp","C:\Users\Public\Experiments\IDs\05-WMC\MU","Tr15_update5.png","5","527981","C:/Users/Public/Experiments/IDs/05-WMC/MU/MUsbj061.csv","update","1300","4","61","547952","549254"
"MU.osexp","C:\Users\Public\Experiments\IDs\05-WMC\MU","Tr15_update6.png","5","527981","C:/Users/Public/Experiments/IDs/05-WMC/MU/MUsbj061.csv","update","1300","4","61","549596","550898"
"MU.osexp","C:\Users\Public\Experiments\IDs\05-WMC\MU","Tr15_test1.png","8","555220","C:/Users/Public/Experiments/IDs/05-WMC/MU/MUsbj061.csv","test","0","4","61","551252","555221"
"MU.osexp","C:\Users\Public\Experiments\IDs\05-WMC\MU","Tr15_test2.png","8","559613","C:/Users/Public/Experiments/IDs/05-WMC/MU/MUsbj061.csv","test","0","4","61","556327","559614"
"MU.osexp","C:\Users\Public\Experiments\IDs\05-WMC\MU","Tr15_test3.png","3","562341","C:/Users/Public/Experiments/IDs/05-WMC/MU/MUsbj061.csv","test","0","4","61","560708","562341"
"MU.osexp","C:\Users\Public\Experiments\IDs\05-WMC\MU","Tr15_test4.png","4","563949","C:/Users/Public/Experiments/IDs/05-WMC/MU/MUsbj061.csv","test","0","4","61","563437","563949"
"MU.osexp","C:\Users\Public\Experiments\IDs\05-WMC\MU","wait.png","4","563949","C:/Users/Public/Experiments/IDs/05-WMC/MU/MUsbj061.csv","wait","5000","4","61","565054","563949"
"MU.osexp","C:\Users\Public\Experiments\IDs\05-WMC\MU","fixation.png","4","563949","C:/Users/Public/Experiments/IDs/05-WMC/MU/MUsbj061.csv","fix","1500","4","61","570156","563949"
"MU.osexp","C:\Users\Public\Experiments\IDs\05-WMC\MU","Tr16_study1.png","4","563949","C:/Users/Public/Experiments/IDs/05-WMC/MU/MUsbj061.csv","study","1000","4","61","571766","572768"
"MU.osexp","C:\Users\Public\Experiments\IDs\05-WMC\MU","Tr16_study2.png","4","563949","C:/Users/Public/Experiments/IDs/05-WMC/MU/MUsbj061.csv","study","1000","4","61","573110","574112"
"MU.osexp","C:\Users\Public\Experiments\IDs\05-WMC\MU","Tr16_study3.png","4","563949","C:/Users/Public/Experiments/IDs/05-WMC/MU/MUsbj061.csv","study","1000","4","61","574443","575444"
"MU.osexp","C:\Users\Public\Experiments\IDs\05-WMC\MU","Tr16_study4.png","4","563949","C:/Users/Public/Experiments/IDs/05-WMC/MU/MUsbj061.csv","study","1000","4","61","575809","576809"
"MU.osexp","C:\Users\Public\Experiments\IDs\05-WMC\MU","Tr16_update1.png","4","563949","C:/Users/Public/Experiments/IDs/05-WMC/MU/MUsbj061.csv","update","1300","4","61","577154","578456"
"MU.osexp","C:\Users\Public\Experiments\IDs\05-WMC\MU","Tr16_update2.png","4","563949","C:/Users/Public/Experiments/IDs/05-WMC/MU/MUsbj061.csv","update","1300","4","61","578813","580115"
"MU.osexp","C:\Users\Public\Experiments\IDs\05-WMC\MU","Tr16_test1.png","8","585436","C:/Users/Public/Experiments/IDs/05-WMC/MU/MUsbj061.csv","test","0","4","61","580464","585437"
"MU.osexp","C:\Users\Public\Experiments\IDs\05-WMC\MU","Tr16_test2.png","6","588140","C:/Users/Public/Experiments/IDs/05-WMC/MU/MUsbj061.csv","test","0","4","61","586549","588141"
"MU.osexp","C:\Users\Public\Experiments\IDs\05-WMC\MU","Tr16_test3.png","9","590276","C:/Users/Public/Experiments/IDs/05-WMC/MU/MUsbj061.csv","test","0","4","61","589236","590277"
"MU.osexp","C:\Users\Public\Experiments\IDs\05-WMC\MU","Tr16_test4.png","7","591693","C:/Users/Public/Experiments/IDs/05-WMC/MU/MUsbj061.csv","test","0","4","61","591366","591694"
"MU.osexp","C:\Users\Public\Experiments\IDs\05-WMC\MU","wait.png","7","591693","C:/Users/Public/Experiments/IDs/05-WMC/MU/MUsbj061.csv","wait","5000","5","61","592791","591694"
"MU.osexp","C:\Users\Public\Experiments\IDs\05-WMC\MU","fixation.png","7","591693","C:/Users/Public/Experiments/IDs/05-WMC/MU/MUsbj061.csv","fix","1500","5","61","597901","591694"
"MU.osexp","C:\Users\Public\Experiments\IDs\05-WMC\MU","Tr17_study1.png","7","591693","C:/Users/Public/Experiments/IDs/05-WMC/MU/MUsbj061.csv","study","1000","5","61","599511","600512"
"MU.osexp","C:\Users\Public\Experiments\IDs\05-WMC\MU","Tr17_study2.png","7","591693","C:/Users/Public/Experiments/IDs/05-WMC/MU/MUsbj061.csv","study","1000","5","61","600886","601888"
"MU.osexp","C:\Users\Public\Experiments\IDs\05-WMC\MU","Tr17_study3.png","7","591693","C:/Users/Public/Experiments/IDs/05-WMC/MU/MUsbj061.csv","study","1000","5","61","602239","603239"
"MU.osexp","C:\Users\Public\Experiments\IDs\05-WMC\MU","Tr17_study4.png","7","591693","C:/Users/Public/Experiments/IDs/05-WMC/MU/MUsbj061.csv","study","1000","5","61","603573","604575"
"MU.osexp","C:\Users\Public\Experiments\IDs\05-WMC\MU","Tr17_study5.png","7","591693","C:/Users/Public/Experiments/IDs/05-WMC/MU/MUsbj061.csv","study","1000","5","61","604924","605925"
"MU.osexp","C:\Users\Public\Experiments\IDs\05-WMC\MU","Tr17_update1.png","7","591693","C:/Users/Public/Experiments/IDs/05-WMC/MU/MUsbj061.csv","update","1300","5","61","606288","607590"
"MU.osexp","C:\Users\Public\Experiments\IDs\05-WMC\MU","Tr17_update2.png","7","591693","C:/Users/Public/Experiments/IDs/05-WMC/MU/MUsbj061.csv","update","1300","5","61","607933","609235"
"MU.osexp","C:\Users\Public\Experiments\IDs\05-WMC\MU","Tr17_update3.png","7","591693","C:/Users/Public/Experiments/IDs/05-WMC/MU/MUsbj061.csv","update","1300","5","61","609718","611020"
"MU.osexp","C:\Users\Public\Experiments\IDs\05-WMC\MU","Tr17_update4.png","7","591693","C:/Users/Public/Experiments/IDs/05-WMC/MU/MUsbj061.csv","update","1300","5","61","611368","612670"
"MU.osexp","C:\Users\Public\Experiments\IDs\05-WMC\MU","Tr17_update5.png","7","591693","C:/Users/Public/Experiments/IDs/05-WMC/MU/MUsbj061.csv","update","1300","5","61","613019","614321"
"MU.osexp","C:\Users\Public\Experiments\IDs\05-WMC\MU","Tr17_update6.png","7","591693","C:/Users/Public/Experiments/IDs/05-WMC/MU/MUsbj061.csv","update","1300","5","61","614686","615988"
"MU.osexp","C:\Users\Public\Experiments\IDs\05-WMC\MU","Tr17_test1.png","5","617949","C:/Users/Public/Experiments/IDs/05-WMC/MU/MUsbj061.csv","test","0","5","61","616333","617949"
"MU.osexp","C:\Users\Public\Experiments\IDs\05-WMC\MU","Tr17_test2.png","1","621692","C:/Users/Public/Experiments/IDs/05-WMC/MU/MUsbj061.csv","test","0","5","61","619114","621693"
"MU.osexp","C:\Users\Public\Experiments\IDs\05-WMC\MU","Tr17_test3.png","5","623668","C:/Users/Public/Experiments/IDs/05-WMC/MU/MUsbj061.csv","test","0","5","61","622794","623669"
"MU.osexp","C:\Users\Public\Experiments\IDs\05-WMC\MU","Tr17_test4.png","9","625604","C:/Users/Public/Experiments/IDs/05-WMC/MU/MUsbj061.csv","test","0","5","61","624794","625605"
"MU.osexp","C:\Users\Public\Experiments\IDs\05-WMC\MU","Tr17_test5.png","4","627109","C:/Users/Public/Experiments/IDs/05-WMC/MU/MUsbj061.csv","test","0","5","61","626747","627110"
