"experiment_file","experiment_path","image","key","key_time","logfile","phase","playtime","setSize","subject_nr","timestamp","waittime"
"MU.osexp","C:\Users\Public\Experiments\IDs\05-WMC\MU","ready1.png","NA","NA","C:/Users/Public/Experiments/IDs/05-WMC/MU/MUsbj036.csv","pre","0","3","36","371566","NA"
"MU.osexp","C:\Users\Public\Experiments\IDs\05-WMC\MU","fixation.png","NA","NA","C:/Users/Public/Experiments/IDs/05-WMC/MU/MUsbj036.csv","fix","1500","3","36","374380","NA"
"MU.osexp","C:\Users\Public\Experiments\IDs\05-WMC\MU","Tr1_study1.png","NA","NA","C:/Users/Public/Experiments/IDs/05-WMC/MU/MUsbj036.csv","study","1000","3","36","375965","376965"
"MU.osexp","C:\Users\Public\Experiments\IDs\05-WMC\MU","Tr1_study2.png","NA","NA","C:/Users/Public/Experiments/IDs/05-WMC/MU/MUsbj036.csv","study","1000","3","36","377291","378291"
"MU.osexp","C:\Users\Public\Experiments\IDs\05-WMC\MU","Tr1_study3.png","NA","NA","C:/Users/Public/Experiments/IDs/05-WMC/MU/MUsbj036.csv","study","1000","3","36","378619","379619"
"MU.osexp","C:\Users\Public\Experiments\IDs\05-WMC\MU","Tr1_update1.png","NA","NA","C:/Users/Public/Experiments/IDs/05-WMC/MU/MUsbj036.csv","update","1300","3","36","379943","381243"
"MU.osexp","C:\Users\Public\Experiments\IDs\05-WMC\MU","Tr1_update2.png","NA","NA","C:/Users/Public/Experiments/IDs/05-WMC/MU/MUsbj036.csv","update","1300","3","36","381576","382876"
"MU.osexp","C:\Users\Public\Experiments\IDs\05-WMC\MU","Tr1_update3.png","NA","NA","C:/Users/Public/Experiments/IDs/05-WMC/MU/MUsbj036.csv","update","1300","3","36","383201","384501"
"MU.osexp","C:\Users\Public\Experiments\IDs\05-WMC\MU","Tr1_test1.png","9","391200","C:/Users/Public/Experiments/IDs/05-WMC/MU/MUsbj036.csv","test","0","3","36","384830","391201"
"MU.osexp","C:\Users\Public\Experiments\IDs\05-WMC\MU","Tr1_test2.png","5","394160","C:/Users/Public/Experiments/IDs/05-WMC/MU/MUsbj036.csv","test","0","3","36","392278","394161"
"MU.osexp","C:\Users\Public\Experiments\IDs\05-WMC\MU","Tr1_test3.png","0","397208","C:/Users/Public/Experiments/IDs/05-WMC/MU/MUsbj036.csv","test","0","3","36","395245","397209"
"MU.osexp","C:\Users\Public\Experiments\IDs\05-WMC\MU","wait.png","0","397208","C:/Users/Public/Experiments/IDs/05-WMC/MU/MUsbj036.csv","wait","5000","3","36","398394","397209"
"MU.osexp","C:\Users\Public\Experiments\IDs\05-WMC\MU","fixation.png","0","397208","C:/Users/Public/Experiments/IDs/05-WMC/MU/MUsbj036.csv","fix","1500","3","36","403459","397209"
"MU.osexp","C:\Users\Public\Experiments\IDs\05-WMC\MU","Tr2_study1.png","0","397208","C:/Users/Public/Experiments/IDs/05-WMC/MU/MUsbj036.csv","study","1000","3","36","405067","406067"
"MU.osexp","C:\Users\Public\Experiments\IDs\05-WMC\MU","Tr2_study2.png","0","397208","C:/Users/Public/Experiments/IDs/05-WMC/MU/MUsbj036.csv","study","1000","3","36","406396","407398"
"MU.osexp","C:\Users\Public\Experiments\IDs\05-WMC\MU","Tr2_study3.png","0","397208","C:/Users/Public/Experiments/IDs/05-WMC/MU/MUsbj036.csv","study","1000","3","36","407766","408767"
"MU.osexp","C:\Users\Public\Experiments\IDs\05-WMC\MU","Tr2_update1.png","0","397208","C:/Users/Public/Experiments/IDs/05-WMC/MU/MUsbj036.csv","update","1300","3","36","409114","410415"
"MU.osexp","C:\Users\Public\Experiments\IDs\05-WMC\MU","Tr2_update2.png","0","397208","C:/Users/Public/Experiments/IDs/05-WMC/MU/MUsbj036.csv","update","1300","3","36","410752","412054"
"MU.osexp","C:\Users\Public\Experiments\IDs\05-WMC\MU","Tr2_update3.png","0","397208","C:/Users/Public/Experiments/IDs/05-WMC/MU/MUsbj036.csv","update","1300","3","36","412392","413693"
"MU.osexp","C:\Users\Public\Experiments\IDs\05-WMC\MU","Tr2_test1.png","4","420344","C:/Users/Public/Experiments/IDs/05-WMC/MU/MUsbj036.csv","test","0","3","36","414067","420345"
"MU.osexp","C:\Users\Public\Experiments\IDs\05-WMC\MU","Tr2_test2.png","6","430448","C:/Users/Public/Experiments/IDs/05-WMC/MU/MUsbj036.csv","test","0","3","36","421435","430449"
"MU.osexp","C:\Users\Public\Experiments\IDs\05-WMC\MU","Tr2_test3.png","0","436072","C:/Users/Public/Experiments/IDs/05-WMC/MU/MUsbj036.csv","test","0","3","36","431539","436073"
"MU.osexp","C:\Users\Public\Experiments\IDs\05-WMC\MU","ready2.png","0","436072","C:/Users/Public/Experiments/IDs/05-WMC/MU/MUsbj036.csv","pre","0","3","36","455371","436073"
"MU.osexp","C:\Users\Public\Experiments\IDs\05-WMC\MU","fixation.png","0","436072","C:/Users/Public/Experiments/IDs/05-WMC/MU/MUsbj036.csv","fix","1500","3","36","462755","436073"
"MU.osexp","C:\Users\Public\Experiments\IDs\05-WMC\MU","Tr3_study1.png","0","436072","C:/Users/Public/Experiments/IDs/05-WMC/MU/MUsbj036.csv","study","1000","3","36","464437","465438"
"MU.osexp","C:\Users\Public\Experiments\IDs\05-WMC\MU","Tr3_study2.png","0","436072","C:/Users/Public/Experiments/IDs/05-WMC/MU/MUsbj036.csv","study","1000","3","36","465785","466786"
"MU.osexp","C:\Users\Public\Experiments\IDs\05-WMC\MU","Tr3_study3.png","0","436072","C:/Users/Public/Experiments/IDs/05-WMC/MU/MUsbj036.csv","study","1000","3","36","467119","468119"
"MU.osexp","C:\Users\Public\Experiments\IDs\05-WMC\MU","Tr3_update1.png","0","436072","C:/Users/Public/Experiments/IDs/05-WMC/MU/MUsbj036.csv","update","1300","3","36","468452","469754"
"MU.osexp","C:\Users\Public\Experiments\IDs\05-WMC\MU","Tr3_update2.png","0","436072","C:/Users/Public/Experiments/IDs/05-WMC/MU/MUsbj036.csv","update","1300","3","36","470170","471472"
"MU.osexp","C:\Users\Public\Experiments\IDs\05-WMC\MU","Tr3_update3.png","0","436072","C:/Users/Public/Experiments/IDs/05-WMC/MU/MUsbj036.csv","update","1300","3","36","471807","473107"
"MU.osexp","C:\Users\Public\Experiments\IDs\05-WMC\MU","Tr3_test1.png","9","479968","C:/Users/Public/Experiments/IDs/05-WMC/MU/MUsbj036.csv","test","0","3","36","473439","479969"
"MU.osexp","C:\Users\Public\Experiments\IDs\05-WMC\MU","Tr3_test2.png","7","482272","C:/Users/Public/Experiments/IDs/05-WMC/MU/MUsbj036.csv","test","0","3","36","481059","482273"
"MU.osexp","C:\Users\Public\Experiments\IDs\05-WMC\MU","Tr3_test3.png","7","483768","C:/Users/Public/Experiments/IDs/05-WMC/MU/MUsbj036.csv","test","0","3","36","483361","483769"
"MU.osexp","C:\Users\Public\Experiments\IDs\05-WMC\MU","wait.png","7","483768","C:/Users/Public/Experiments/IDs/05-WMC/MU/MUsbj036.csv","wait","5000","4","36","484863","483769"
"MU.osexp","C:\Users\Public\Experiments\IDs\05-WMC\MU","fixation.png","7","483768","C:/Users/Public/Experiments/IDs/05-WMC/MU/MUsbj036.csv","fix","1500","4","36","489934","483769"
"MU.osexp","C:\Users\Public\Experiments\IDs\05-WMC\MU","Tr4_study1.png","7","483768","C:/Users/Public/Experiments/IDs/05-WMC/MU/MUsbj036.csv","study","1000","4","36","491547","492548"
"MU.osexp","C:\Users\Public\Experiments\IDs\05-WMC\MU","Tr4_study2.png","7","483768","C:/Users/Public/Experiments/IDs/05-WMC/MU/MUsbj036.csv","study","1000","4","36","492870","493871"
"MU.osexp","C:\Users\Public\Experiments\IDs\05-WMC\MU","Tr4_study3.png","7","483768","C:/Users/Public/Experiments/IDs/05-WMC/MU/MUsbj036.csv","study","1000","4","36","494242","495244"
"MU.osexp","C:\Users\Public\Experiments\IDs\05-WMC\MU","Tr4_study4.png","7","483768","C:/Users/Public/Experiments/IDs/05-WMC/MU/MUsbj036.csv","study","1000","4","36","495560","496561"
"MU.osexp","C:\Users\Public\Experiments\IDs\05-WMC\MU","Tr4_update1.png","7","483768","C:/Users/Public/Experiments/IDs/05-WMC/MU/MUsbj036.csv","update","1300","4","36","496906","498208"
"MU.osexp","C:\Users\Public\Experiments\IDs\05-WMC\MU","Tr4_update2.png","7","483768","C:/Users/Public/Experiments/IDs/05-WMC/MU/MUsbj036.csv","update","1300","4","36","498544","499844"
"MU.osexp","C:\Users\Public\Experiments\IDs\05-WMC\MU","Tr4_update3.png","7","483768","C:/Users/Public/Experiments/IDs/05-WMC/MU/MUsbj036.csv","update","1300","4","36","500195","501495"
"MU.osexp","C:\Users\Public\Experiments\IDs\05-WMC\MU","Tr4_update4.png","7","483768","C:/Users/Public/Experiments/IDs/05-WMC/MU/MUsbj036.csv","update","1300","4","36","501876","503179"
"MU.osexp","C:\Users\Public\Experiments\IDs\05-WMC\MU","Tr4_test1.png","1","506432","C:/Users/Public/Experiments/IDs/05-WMC/MU/MUsbj036.csv","test","0","4","36","503501","506433"
"MU.osexp","C:\Users\Public\Experiments\IDs\05-WMC\MU","Tr4_test2.png","6","514200","C:/Users/Public/Experiments/IDs/05-WMC/MU/MUsbj036.csv","test","0","4","36","507521","514201"
"MU.osexp","C:\Users\Public\Experiments\IDs\05-WMC\MU","Tr4_test3.png","1","516256","C:/Users/Public/Experiments/IDs/05-WMC/MU/MUsbj036.csv","test","0","4","36","515285","516257"
"MU.osexp","C:\Users\Public\Experiments\IDs\05-WMC\MU","Tr4_test4.png","1","520496","C:/Users/Public/Experiments/IDs/05-WMC/MU/MUsbj036.csv","test","0","4","36","517335","520497"
"MU.osexp","C:\Users\Public\Experiments\IDs\05-WMC\MU","wait.png","1","520496","C:/Users/Public/Experiments/IDs/05-WMC/MU/MUsbj036.csv","wait","5000","3","36","521576","520497"
"MU.osexp","C:\Users\Public\Experiments\IDs\05-WMC\MU","fixation.png","1","520496","C:/Users/Public/Experiments/IDs/05-WMC/MU/MUsbj036.csv","fix","1500","3","36","526661","520497"
"MU.osexp","C:\Users\Public\Experiments\IDs\05-WMC\MU","Tr5_study1.png","1","520496","C:/Users/Public/Experiments/IDs/05-WMC/MU/MUsbj036.csv","study","1000","3","36","528248","529249"
"MU.osexp","C:\Users\Public\Experiments\IDs\05-WMC\MU","Tr5_study2.png","1","520496","C:/Users/Public/Experiments/IDs/05-WMC/MU/MUsbj036.csv","study","1000","3","36","529575","530576"
"MU.osexp","C:\Users\Public\Experiments\IDs\05-WMC\MU","Tr5_study3.png","1","520496","C:/Users/Public/Experiments/IDs/05-WMC/MU/MUsbj036.csv","study","1000","3","36","530900","531901"
"MU.osexp","C:\Users\Public\Experiments\IDs\05-WMC\MU","Tr5_update1.png","1","520496","C:/Users/Public/Experiments/IDs/05-WMC/MU/MUsbj036.csv","update","1300","3","36","532238","533538"
"MU.osexp","C:\Users\Public\Experiments\IDs\05-WMC\MU","Tr5_update2.png","1","520496","C:/Users/Public/Experiments/IDs/05-WMC/MU/MUsbj036.csv","update","1300","3","36","533870","535170"
"MU.osexp","C:\Users\Public\Experiments\IDs\05-WMC\MU","Tr5_update3.png","1","520496","C:/Users/Public/Experiments/IDs/05-WMC/MU/MUsbj036.csv","update","1300","3","36","535482","536784"
"MU.osexp","C:\Users\Public\Experiments\IDs\05-WMC\MU","Tr5_update4.png","1","520496","C:/Users/Public/Experiments/IDs/05-WMC/MU/MUsbj036.csv","update","1300","3","36","537119","538421"
"MU.osexp","C:\Users\Public\Experiments\IDs\05-WMC\MU","Tr5_update5.png","1","520496","C:/Users/Public/Experiments/IDs/05-WMC/MU/MUsbj036.csv","update","1300","3","36","538752","540054"
"MU.osexp","C:\Users\Public\Experiments\IDs\05-WMC\MU","Tr5_update6.png","1","520496","C:/Users/Public/Experiments/IDs/05-WMC/MU/MUsbj036.csv","update","1300","3","36","540388","541688"
"MU.osexp","C:\Users\Public\Experiments\IDs\05-WMC\MU","Tr5_test1.png","2","560760","C:/Users/Public/Experiments/IDs/05-WMC/MU/MUsbj036.csv","test","0","3","36","542018","560761"
"MU.osexp","C:\Users\Public\Experiments\IDs\05-WMC\MU","Tr5_test2.png","4","562440","C:/Users/Public/Experiments/IDs/05-WMC/MU/MUsbj036.csv","test","0","3","36","561849","562441"
"MU.osexp","C:\Users\Public\Experiments\IDs\05-WMC\MU","Tr5_test3.png","6","564377","C:/Users/Public/Experiments/IDs/05-WMC/MU/MUsbj036.csv","test","0","3","36","563548","564377"
"MU.osexp","C:\Users\Public\Experiments\IDs\05-WMC\MU","wait.png","6","564377","C:/Users/Public/Experiments/IDs/05-WMC/MU/MUsbj036.csv","wait","5000","4","36","565452","564377"
"MU.osexp","C:\Users\Public\Experiments\IDs\05-WMC\MU","fixation.png","6","564377","C:/Users/Public/Experiments/IDs/05-WMC/MU/MUsbj036.csv","fix","1500","4","36","570537","564377"
"MU.osexp","C:\Users\Public\Experiments\IDs\05-WMC\MU","Tr6_study1.png","6","564377","C:/Users/Public/Experiments/IDs/05-WMC/MU/MUsbj036.csv","study","1000","4","36","572110","573110"
"MU.osexp","C:\Users\Public\Experiments\IDs\05-WMC\MU","Tr6_study2.png","6","564377","C:/Users/Public/Experiments/IDs/05-WMC/MU/MUsbj036.csv","study","1000","4","36","573447","574447"
"MU.osexp","C:\Users\Public\Experiments\IDs\05-WMC\MU","Tr6_study3.png","6","564377","C:/Users/Public/Experiments/IDs/05-WMC/MU/MUsbj036.csv","study","1000","4","36","574788","575789"
"MU.osexp","C:\Users\Public\Experiments\IDs\05-WMC\MU","Tr6_study4.png","6","564377","C:/Users/Public/Experiments/IDs/05-WMC/MU/MUsbj036.csv","study","1000","4","36","576110","577111"
"MU.osexp","C:\Users\Public\Experiments\IDs\05-WMC\MU","Tr6_update1.png","6","564377","C:/Users/Public/Experiments/IDs/05-WMC/MU/MUsbj036.csv","update","1300","4","36","577427","578729"
"MU.osexp","C:\Users\Public\Experiments\IDs\05-WMC\MU","Tr6_update2.png","6","564377","C:/Users/Public/Experiments/IDs/05-WMC/MU/MUsbj036.csv","update","1300","4","36","579067","580368"
"MU.osexp","C:\Users\Public\Experiments\IDs\05-WMC\MU","Tr6_update3.png","6","564377","C:/Users/Public/Experiments/IDs/05-WMC/MU/MUsbj036.csv","update","1300","4","36","580688","581989"
"MU.osexp","C:\Users\Public\Experiments\IDs\05-WMC\MU","Tr6_update4.png","6","564377","C:/Users/Public/Experiments/IDs/05-WMC/MU/MUsbj036.csv","update","1300","4","36","582306","583606"
"MU.osexp","C:\Users\Public\Experiments\IDs\05-WMC\MU","Tr6_update5.png","6","564377","C:/Users/Public/Experiments/IDs/05-WMC/MU/MUsbj036.csv","update","1300","4","36","583928","585229"
"MU.osexp","C:\Users\Public\Experiments\IDs\05-WMC\MU","Tr6_test1.png","6","590232","C:/Users/Public/Experiments/IDs/05-WMC/MU/MUsbj036.csv","test","0","4","36","585567","590233"
"MU.osexp","C:\Users\Public\Experiments\IDs\05-WMC\MU","Tr6_test2.png","1","594120","C:/Users/Public/Experiments/IDs/05-WMC/MU/MUsbj036.csv","test","0","4","36","591323","594121"
"MU.osexp","C:\Users\Public\Experiments\IDs\05-WMC\MU","Tr6_test3.png","3","598273","C:/Users/Public/Experiments/IDs/05-WMC/MU/MUsbj036.csv","test","0","4","36","595189","598273"
"MU.osexp","C:\Users\Public\Experiments\IDs\05-WMC\MU","Tr6_test4.png","4","600441","C:/Users/Public/Experiments/IDs/05-WMC/MU/MUsbj036.csv","test","0","4","36","599346","600441"
"MU.osexp","C:\Users\Public\Experiments\IDs\05-WMC\MU","wait.png","4","600441","C:/Users/Public/Experiments/IDs/05-WMC/MU/MUsbj036.csv","wait","5000","5","36","601544","600441"
"MU.osexp","C:\Users\Public\Experiments\IDs\05-WMC\MU","fixation.png","4","600441","C:/Users/Public/Experiments/IDs/05-WMC/MU/MUsbj036.csv","fix","1500","5","36","606642","600441"
"MU.osexp","C:\Users\Public\Experiments\IDs\05-WMC\MU","Tr7_study1.png","4","600441","C:/Users/Public/Experiments/IDs/05-WMC/MU/MUsbj036.csv","study","1000","5","36","608248","609249"
"MU.osexp","C:\Users\Public\Experiments\IDs\05-WMC\MU","Tr7_study2.png","4","600441","C:/Users/Public/Experiments/IDs/05-WMC/MU/MUsbj036.csv","study","1000","5","36","609574","610576"
"MU.osexp","C:\Users\Public\Experiments\IDs\05-WMC\MU","Tr7_study3.png","4","600441","C:/Users/Public/Experiments/IDs/05-WMC/MU/MUsbj036.csv","study","1000","5","36","610916","611917"
"MU.osexp","C:\Users\Public\Experiments\IDs\05-WMC\MU","Tr7_study4.png","4","600441","C:/Users/Public/Experiments/IDs/05-WMC/MU/MUsbj036.csv","study","1000","5","36","612248","613250"
"MU.osexp","C:\Users\Public\Experiments\IDs\05-WMC\MU","Tr7_study5.png","4","600441","C:/Users/Public/Experiments/IDs/05-WMC/MU/MUsbj036.csv","study","1000","5","36","613585","614586"
"MU.osexp","C:\Users\Public\Experiments\IDs\05-WMC\MU","Tr7_update1.png","4","600441","C:/Users/Public/Experiments/IDs/05-WMC/MU/MUsbj036.csv","update","1300","5","36","614908","616208"
"MU.osexp","C:\Users\Public\Experiments\IDs\05-WMC\MU","Tr7_update2.png","4","600441","C:/Users/Public/Experiments/IDs/05-WMC/MU/MUsbj036.csv","update","1300","5","36","616608","617910"
"MU.osexp","C:\Users\Public\Experiments\IDs\05-WMC\MU","Tr7_update3.png","4","600441","C:/Users/Public/Experiments/IDs/05-WMC/MU/MUsbj036.csv","update","1300","5","36","618224","619526"
"MU.osexp","C:\Users\Public\Experiments\IDs\05-WMC\MU","Tr7_update4.png","4","600441","C:/Users/Public/Experiments/IDs/05-WMC/MU/MUsbj036.csv","update","1300","5","36","619847","621147"
"MU.osexp","C:\Users\Public\Experiments\IDs\05-WMC\MU","Tr7_update5.png","4","600441","C:/Users/Public/Experiments/IDs/05-WMC/MU/MUsbj036.csv","update","1300","5","36","621484","622784"
"MU.osexp","C:\Users\Public\Experiments\IDs\05-WMC\MU","Tr7_test1.png","3","628352","C:/Users/Public/Experiments/IDs/05-WMC/MU/MUsbj036.csv","test","0","5","36","623108","628353"
"MU.osexp","C:\Users\Public\Experiments\IDs\05-WMC\MU","Tr7_test2.png","6","632072","C:/Users/Public/Experiments/IDs/05-WMC/MU/MUsbj036.csv","test","0","5","36","629433","632073"
"MU.osexp","C:\Users\Public\Experiments\IDs\05-WMC\MU","Tr7_test3.png","3","636601","C:/Users/Public/Experiments/IDs/05-WMC/MU/MUsbj036.csv","test","0","5","36","633168","636602"
"MU.osexp","C:\Users\Public\Experiments\IDs\05-WMC\MU","Tr7_test4.png","1","639024","C:/Users/Public/Experiments/IDs/05-WMC/MU/MUsbj036.csv","test","0","5","36","637677","639025"
"MU.osexp","C:\Users\Public\Experiments\IDs\05-WMC\MU","Tr7_test5.png","5","640848","C:/Users/Public/Experiments/IDs/05-WMC/MU/MUsbj036.csv","test","0","5","36","640105","640849"
"MU.osexp","C:\Users\Public\Experiments\IDs\05-WMC\MU","wait.png","5","640848","C:/Users/Public/Experiments/IDs/05-WMC/MU/MUsbj036.csv","wait","5000","4","36","641923","640849"
"MU.osexp","C:\Users\Public\Experiments\IDs\05-WMC\MU","fixation.png","5","640848","C:/Users/Public/Experiments/IDs/05-WMC/MU/MUsbj036.csv","fix","1500","4","36","647013","640849"
"MU.osexp","C:\Users\Public\Experiments\IDs\05-WMC\MU","Tr8_study1.png","5","640848","C:/Users/Public/Experiments/IDs/05-WMC/MU/MUsbj036.csv","study","1000","4","36","648606","649607"
"MU.osexp","C:\Users\Public\Experiments\IDs\05-WMC\MU","Tr8_study2.png","5","640848","C:/Users/Public/Experiments/IDs/05-WMC/MU/MUsbj036.csv","study","1000","4","36","649943","650944"
"MU.osexp","C:\Users\Public\Experiments\IDs\05-WMC\MU","Tr8_study3.png","5","640848","C:/Users/Public/Experiments/IDs/05-WMC/MU/MUsbj036.csv","study","1000","4","36","651274","652274"
"MU.osexp","C:\Users\Public\Experiments\IDs\05-WMC\MU","Tr8_study4.png","5","640848","C:/Users/Public/Experiments/IDs/05-WMC/MU/MUsbj036.csv","study","1000","4","36","652609","653609"
"MU.osexp","C:\Users\Public\Experiments\IDs\05-WMC\MU","Tr8_update1.png","5","640848","C:/Users/Public/Experiments/IDs/05-WMC/MU/MUsbj036.csv","update","1300","4","36","653938","655238"
"MU.osexp","C:\Users\Public\Experiments\IDs\05-WMC\MU","Tr8_update2.png","5","640848","C:/Users/Public/Experiments/IDs/05-WMC/MU/MUsbj036.csv","update","1300","4","36","655572","656872"
"MU.osexp","C:\Users\Public\Experiments\IDs\05-WMC\MU","Tr8_update3.png","5","640848","C:/Users/Public/Experiments/IDs/05-WMC/MU/MUsbj036.csv","update","1300","4","36","657203","658504"
"MU.osexp","C:\Users\Public\Experiments\IDs\05-WMC\MU","Tr8_test1.png","5","663304","C:/Users/Public/Experiments/IDs/05-WMC/MU/MUsbj036.csv","test","0","4","36","658857","663305"
"MU.osexp","C:\Users\Public\Experiments\IDs\05-WMC\MU","Tr8_test2.png","2","667008","C:/Users/Public/Experiments/IDs/05-WMC/MU/MUsbj036.csv","test","0","4","36","664372","667009"
"MU.osexp","C:\Users\Public\Experiments\IDs\05-WMC\MU","Tr8_test3.png","9","670745","C:/Users/Public/Experiments/IDs/05-WMC/MU/MUsbj036.csv","test","0","4","36","668074","670746"
"MU.osexp","C:\Users\Public\Experiments\IDs\05-WMC\MU","Tr8_test4.png","2","672529","C:/Users/Public/Experiments/IDs/05-WMC/MU/MUsbj036.csv","test","0","4","36","671815","672530"
"MU.osexp","C:\Users\Public\Experiments\IDs\05-WMC\MU","wait.png","2","672529","C:/Users/Public/Experiments/IDs/05-WMC/MU/MUsbj036.csv","wait","5000","5","36","673608","672530"
"MU.osexp","C:\Users\Public\Experiments\IDs\05-WMC\MU","fixation.png","2","672529","C:/Users/Public/Experiments/IDs/05-WMC/MU/MUsbj036.csv","fix","1500","5","36","678672","672530"
"MU.osexp","C:\Users\Public\Experiments\IDs\05-WMC\MU","Tr9_study1.png","2","672529","C:/Users/Public/Experiments/IDs/05-WMC/MU/MUsbj036.csv","study","1000","5","36","680240","681240"
"MU.osexp","C:\Users\Public\Experiments\IDs\05-WMC\MU","Tr9_study2.png","2","672529","C:/Users/Public/Experiments/IDs/05-WMC/MU/MUsbj036.csv","study","1000","5","36","681575","682575"
"MU.osexp","C:\Users\Public\Experiments\IDs\05-WMC\MU","Tr9_study3.png","2","672529","C:/Users/Public/Experiments/IDs/05-WMC/MU/MUsbj036.csv","study","1000","5","36","682908","683908"
"MU.osexp","C:\Users\Public\Experiments\IDs\05-WMC\MU","Tr9_study4.png","2","672529","C:/Users/Public/Experiments/IDs/05-WMC/MU/MUsbj036.csv","study","1000","5","36","684226","685226"
"MU.osexp","C:\Users\Public\Experiments\IDs\05-WMC\MU","Tr9_study5.png","2","672529","C:/Users/Public/Experiments/IDs/05-WMC/MU/MUsbj036.csv","study","1000","5","36","685559","686559"
"MU.osexp","C:\Users\Public\Experiments\IDs\05-WMC\MU","Tr9_update1.png","2","672529","C:/Users/Public/Experiments/IDs/05-WMC/MU/MUsbj036.csv","update","1300","5","36","686891","688191"
"MU.osexp","C:\Users\Public\Experiments\IDs\05-WMC\MU","Tr9_update2.png","2","672529","C:/Users/Public/Experiments/IDs/05-WMC/MU/MUsbj036.csv","update","1300","5","36","688593","689893"
"MU.osexp","C:\Users\Public\Experiments\IDs\05-WMC\MU","Tr9_test1.png","7","695000","C:/Users/Public/Experiments/IDs/05-WMC/MU/MUsbj036.csv","test","0","5","36","690210","695001"
"MU.osexp","C:\Users\Public\Experiments\IDs\05-WMC\MU","Tr9_test2.png","3","705265","C:/Users/Public/Experiments/IDs/05-WMC/MU/MUsbj036.csv","test","0","5","36","696086","705266"
"MU.osexp","C:\Users\Public\Experiments\IDs\05-WMC\MU","Tr9_test3.png","1","709456","C:/Users/Public/Experiments/IDs/05-WMC/MU/MUsbj036.csv","test","0","5","36","706344","709457"
"MU.osexp","C:\Users\Public\Experiments\IDs\05-WMC\MU","Tr9_test4.png","3","712688","C:/Users/Public/Experiments/IDs/05-WMC/MU/MUsbj036.csv","test","0","5","36","710551","712689"
"MU.osexp","C:\Users\Public\Experiments\IDs\05-WMC\MU","Tr9_test5.png","5","714592","C:/Users/Public/Experiments/IDs/05-WMC/MU/MUsbj036.csv","test","0","5","36","713788","714593"
"MU.osexp","C:\Users\Public\Experiments\IDs\05-WMC\MU","wait.png","5","714592","C:/Users/Public/Experiments/IDs/05-WMC/MU/MUsbj036.csv","wait","5000","3","36","715706","714593"
"MU.osexp","C:\Users\Public\Experiments\IDs\05-WMC\MU","fixation.png","5","714592","C:/Users/Public/Experiments/IDs/05-WMC/MU/MUsbj036.csv","fix","1500","3","36","720769","714593"
"MU.osexp","C:\Users\Public\Experiments\IDs\05-WMC\MU","Tr10_study1.png","5","714592","C:/Users/Public/Experiments/IDs/05-WMC/MU/MUsbj036.csv","study","1000","3","36","722333","723334"
"MU.osexp","C:\Users\Public\Experiments\IDs\05-WMC\MU","Tr10_study2.png","5","714592","C:/Users/Public/Experiments/IDs/05-WMC/MU/MUsbj036.csv","study","1000","3","36","723666","724667"
"MU.osexp","C:\Users\Public\Experiments\IDs\05-WMC\MU","Tr10_study3.png","5","714592","C:/Users/Public/Experiments/IDs/05-WMC/MU/MUsbj036.csv","study","1000","3","36","724993","725993"
"MU.osexp","C:\Users\Public\Experiments\IDs\05-WMC\MU","Tr10_update1.png","5","714592","C:/Users/Public/Experiments/IDs/05-WMC/MU/MUsbj036.csv","update","1300","3","36","726312","727614"
"MU.osexp","C:\Users\Public\Experiments\IDs\05-WMC\MU","Tr10_update2.png","5","714592","C:/Users/Public/Experiments/IDs/05-WMC/MU/MUsbj036.csv","update","1300","3","36","727934","729234"
"MU.osexp","C:\Users\Public\Experiments\IDs\05-WMC\MU","Tr10_test1.png","5","731736","C:/Users/Public/Experiments/IDs/05-WMC/MU/MUsbj036.csv","test","0","3","36","729569","731737"
"MU.osexp","C:\Users\Public\Experiments\IDs\05-WMC\MU","Tr10_test2.png","7","733720","C:/Users/Public/Experiments/IDs/05-WMC/MU/MUsbj036.csv","test","0","3","36","732826","733721"
"MU.osexp","C:\Users\Public\Experiments\IDs\05-WMC\MU","Tr10_test3.png","5","735584","C:/Users/Public/Experiments/IDs/05-WMC/MU/MUsbj036.csv","test","0","3","36","734815","735585"
"MU.osexp","C:\Users\Public\Experiments\IDs\05-WMC\MU","wait.png","5","735584","C:/Users/Public/Experiments/IDs/05-WMC/MU/MUsbj036.csv","wait","5000","5","36","736694","735585"
"MU.osexp","C:\Users\Public\Experiments\IDs\05-WMC\MU","fixation.png","5","735584","C:/Users/Public/Experiments/IDs/05-WMC/MU/MUsbj036.csv","fix","1500","5","36","741855","735585"
"MU.osexp","C:\Users\Public\Experiments\IDs\05-WMC\MU","Tr11_study1.png","5","735584","C:/Users/Public/Experiments/IDs/05-WMC/MU/MUsbj036.csv","study","1000","5","36","743447","744447"
"MU.osexp","C:\Users\Public\Experiments\IDs\05-WMC\MU","Tr11_study2.png","5","735584","C:/Users/Public/Experiments/IDs/05-WMC/MU/MUsbj036.csv","study","1000","5","36","744774","745776"
"MU.osexp","C:\Users\Public\Experiments\IDs\05-WMC\MU","Tr11_study3.png","5","735584","C:/Users/Public/Experiments/IDs/05-WMC/MU/MUsbj036.csv","study","1000","5","36","746106","747106"
"MU.osexp","C:\Users\Public\Experiments\IDs\05-WMC\MU","Tr11_study4.png","5","735584","C:/Users/Public/Experiments/IDs/05-WMC/MU/MUsbj036.csv","study","1000","5","36","747436","748437"
"MU.osexp","C:\Users\Public\Experiments\IDs\05-WMC\MU","Tr11_study5.png","5","735584","C:/Users/Public/Experiments/IDs/05-WMC/MU/MUsbj036.csv","study","1000","5","36","748778","749779"
"MU.osexp","C:\Users\Public\Experiments\IDs\05-WMC\MU","Tr11_update1.png","5","735584","C:/Users/Public/Experiments/IDs/05-WMC/MU/MUsbj036.csv","update","1300","5","36","750105","751407"
"MU.osexp","C:\Users\Public\Experiments\IDs\05-WMC\MU","Tr11_update2.png","5","735584","C:/Users/Public/Experiments/IDs/05-WMC/MU/MUsbj036.csv","update","1300","5","36","751734","753036"
"MU.osexp","C:\Users\Public\Experiments\IDs\05-WMC\MU","Tr11_update3.png","5","735584","C:/Users/Public/Experiments/IDs/05-WMC/MU/MUsbj036.csv","update","1300","5","36","753384","754686"
"MU.osexp","C:\Users\Public\Experiments\IDs\05-WMC\MU","Tr11_test1.png","1","761976","C:/Users/Public/Experiments/IDs/05-WMC/MU/MUsbj036.csv","test","0","5","36","755008","761977"
"MU.osexp","C:\Users\Public\Experiments\IDs\05-WMC\MU","Tr11_test2.png","9","764136","C:/Users/Public/Experiments/IDs/05-WMC/MU/MUsbj036.csv","test","0","5","36","763065","764137"
"MU.osexp","C:\Users\Public\Experiments\IDs\05-WMC\MU","Tr11_test3.png","3","767040","C:/Users/Public/Experiments/IDs/05-WMC/MU/MUsbj036.csv","test","0","5","36","765224","767041"
"MU.osexp","C:\Users\Public\Experiments\IDs\05-WMC\MU","Tr11_test4.png","6","770320","C:/Users/Public/Experiments/IDs/05-WMC/MU/MUsbj036.csv","test","0","5","36","768114","770321"
"MU.osexp","C:\Users\Public\Experiments\IDs\05-WMC\MU","Tr11_test5.png","5","772384","C:/Users/Public/Experiments/IDs/05-WMC/MU/MUsbj036.csv","test","0","5","36","771422","772385"
"MU.osexp","C:\Users\Public\Experiments\IDs\05-WMC\MU","wait.png","5","772384","C:/Users/Public/Experiments/IDs/05-WMC/MU/MUsbj036.csv","wait","5000","3","36","773519","772385"
"MU.osexp","C:\Users\Public\Experiments\IDs\05-WMC\MU","fixation.png","5","772384","C:/Users/Public/Experiments/IDs/05-WMC/MU/MUsbj036.csv","fix","1500","3","36","778632","772385"
"MU.osexp","C:\Users\Public\Experiments\IDs\05-WMC\MU","Tr12_study1.png","5","772384","C:/Users/Public/Experiments/IDs/05-WMC/MU/MUsbj036.csv","study","1000","3","36","780232","781232"
"MU.osexp","C:\Users\Public\Experiments\IDs\05-WMC\MU","Tr12_study2.png","5","772384","C:/Users/Public/Experiments/IDs/05-WMC/MU/MUsbj036.csv","study","1000","3","36","781555","782557"
"MU.osexp","C:\Users\Public\Experiments\IDs\05-WMC\MU","Tr12_study3.png","5","772384","C:/Users/Public/Experiments/IDs/05-WMC/MU/MUsbj036.csv","study","1000","3","36","782875","783876"
"MU.osexp","C:\Users\Public\Experiments\IDs\05-WMC\MU","Tr12_update1.png","5","772384","C:/Users/Public/Experiments/IDs/05-WMC/MU/MUsbj036.csv","update","1300","3","36","784198","785500"
"MU.osexp","C:\Users\Public\Experiments\IDs\05-WMC\MU","Tr12_update2.png","5","772384","C:/Users/Public/Experiments/IDs/05-WMC/MU/MUsbj036.csv","update","1300","3","36","785845","787145"
"MU.osexp","C:\Users\Public\Experiments\IDs\05-WMC\MU","Tr12_update3.png","5","772384","C:/Users/Public/Experiments/IDs/05-WMC/MU/MUsbj036.csv","update","1300","3","36","787491","788793"
"MU.osexp","C:\Users\Public\Experiments\IDs\05-WMC\MU","Tr12_update4.png","5","772384","C:/Users/Public/Experiments/IDs/05-WMC/MU/MUsbj036.csv","update","1300","3","36","789132","790432"
"MU.osexp","C:\Users\Public\Experiments\IDs\05-WMC\MU","Tr12_update5.png","5","772384","C:/Users/Public/Experiments/IDs/05-WMC/MU/MUsbj036.csv","update","1300","3","36","790783","792083"
"MU.osexp","C:\Users\Public\Experiments\IDs\05-WMC\MU","Tr12_test1.png","4","796888","C:/Users/Public/Experiments/IDs/05-WMC/MU/MUsbj036.csv","test","0","3","36","792450","796889"
"MU.osexp","C:\Users\Public\Experiments\IDs\05-WMC\MU","Tr12_test2.png","1","798816","C:/Users/Public/Experiments/IDs/05-WMC/MU/MUsbj036.csv","test","0","3","36","797975","798817"
"MU.osexp","C:\Users\Public\Experiments\IDs\05-WMC\MU","Tr12_test3.png","3","800640","C:/Users/Public/Experiments/IDs/05-WMC/MU/MUsbj036.csv","test","0","3","36","799916","800641"
"MU.osexp","C:\Users\Public\Experiments\IDs\05-WMC\MU","wait.png","3","800640","C:/Users/Public/Experiments/IDs/05-WMC/MU/MUsbj036.csv","wait","5000","3","36","801729","800641"
"MU.osexp","C:\Users\Public\Experiments\IDs\05-WMC\MU","fixation.png","3","800640","C:/Users/Public/Experiments/IDs/05-WMC/MU/MUsbj036.csv","fix","1500","3","36","806821","800641"
"MU.osexp","C:\Users\Public\Experiments\IDs\05-WMC\MU","Tr13_study1.png","3","800640","C:/Users/Public/Experiments/IDs/05-WMC/MU/MUsbj036.csv","study","1000","3","36","808409","809409"
"MU.osexp","C:\Users\Public\Experiments\IDs\05-WMC\MU","Tr13_study2.png","3","800640","C:/Users/Public/Experiments/IDs/05-WMC/MU/MUsbj036.csv","study","1000","3","36","809736","810737"
"MU.osexp","C:\Users\Public\Experiments\IDs\05-WMC\MU","Tr13_study3.png","3","800640","C:/Users/Public/Experiments/IDs/05-WMC/MU/MUsbj036.csv","study","1000","3","36","811066","812067"
"MU.osexp","C:\Users\Public\Experiments\IDs\05-WMC\MU","Tr13_update1.png","3","800640","C:/Users/Public/Experiments/IDs/05-WMC/MU/MUsbj036.csv","update","1300","3","36","812393","813695"
"MU.osexp","C:\Users\Public\Experiments\IDs\05-WMC\MU","Tr13_update2.png","3","800640","C:/Users/Public/Experiments/IDs/05-WMC/MU/MUsbj036.csv","update","1300","3","36","814025","815327"
"MU.osexp","C:\Users\Public\Experiments\IDs\05-WMC\MU","Tr13_update3.png","3","800640","C:/Users/Public/Experiments/IDs/05-WMC/MU/MUsbj036.csv","update","1300","3","36","815673","816974"
"MU.osexp","C:\Users\Public\Experiments\IDs\05-WMC\MU","Tr13_update4.png","3","800640","C:/Users/Public/Experiments/IDs/05-WMC/MU/MUsbj036.csv","update","1300","3","36","817300","818602"
"MU.osexp","C:\Users\Public\Experiments\IDs\05-WMC\MU","Tr13_test1.png","9","821744","C:/Users/Public/Experiments/IDs/05-WMC/MU/MUsbj036.csv","test","0","3","36","818928","821745"
"MU.osexp","C:\Users\Public\Experiments\IDs\05-WMC\MU","Tr13_test2.png","5","823800","C:/Users/Public/Experiments/IDs/05-WMC/MU/MUsbj036.csv","test","0","3","36","822837","823801"
"MU.osexp","C:\Users\Public\Experiments\IDs\05-WMC\MU","Tr13_test3.png","1","826353","C:/Users/Public/Experiments/IDs/05-WMC/MU/MUsbj036.csv","test","0","3","36","824876","826354"
"MU.osexp","C:\Users\Public\Experiments\IDs\05-WMC\MU","wait.png","1","826353","C:/Users/Public/Experiments/IDs/05-WMC/MU/MUsbj036.csv","wait","5000","5","36","827450","826354"
"MU.osexp","C:\Users\Public\Experiments\IDs\05-WMC\MU","fixation.png","1","826353","C:/Users/Public/Experiments/IDs/05-WMC/MU/MUsbj036.csv","fix","1500","5","36","832621","826354"
"MU.osexp","C:\Users\Public\Experiments\IDs\05-WMC\MU","Tr14_study1.png","1","826353","C:/Users/Public/Experiments/IDs/05-WMC/MU/MUsbj036.csv","study","1000","5","36","834207","835207"
"MU.osexp","C:\Users\Public\Experiments\IDs\05-WMC\MU","Tr14_study2.png","1","826353","C:/Users/Public/Experiments/IDs/05-WMC/MU/MUsbj036.csv","study","1000","5","36","835544","836546"
"MU.osexp","C:\Users\Public\Experiments\IDs\05-WMC\MU","Tr14_study3.png","1","826353","C:/Users/Public/Experiments/IDs/05-WMC/MU/MUsbj036.csv","study","1000","5","36","836892","837893"
"MU.osexp","C:\Users\Public\Experiments\IDs\05-WMC\MU","Tr14_study4.png","1","826353","C:/Users/Public/Experiments/IDs/05-WMC/MU/MUsbj036.csv","study","1000","5","36","838249","839251"
"MU.osexp","C:\Users\Public\Experiments\IDs\05-WMC\MU","Tr14_study5.png","1","826353","C:/Users/Public/Experiments/IDs/05-WMC/MU/MUsbj036.csv","study","1000","5","36","839591","840592"
"MU.osexp","C:\Users\Public\Experiments\IDs\05-WMC\MU","Tr14_update1.png","1","826353","C:/Users/Public/Experiments/IDs/05-WMC/MU/MUsbj036.csv","update","1300","5","36","840935","842236"
"MU.osexp","C:\Users\Public\Experiments\IDs\05-WMC\MU","Tr14_update2.png","1","826353","C:/Users/Public/Experiments/IDs/05-WMC/MU/MUsbj036.csv","update","1300","5","36","842583","843883"
"MU.osexp","C:\Users\Public\Experiments\IDs\05-WMC\MU","Tr14_update3.png","1","826353","C:/Users/Public/Experiments/IDs/05-WMC/MU/MUsbj036.csv","update","1300","5","36","844230","845530"
"MU.osexp","C:\Users\Public\Experiments\IDs\05-WMC\MU","Tr14_update4.png","1","826353","C:/Users/Public/Experiments/IDs/05-WMC/MU/MUsbj036.csv","update","1300","5","36","845866","847167"
"MU.osexp","C:\Users\Public\Experiments\IDs\05-WMC\MU","Tr14_test1.png","5","852144","C:/Users/Public/Experiments/IDs/05-WMC/MU/MUsbj036.csv","test","0","5","36","847501","852145"
"MU.osexp","C:\Users\Public\Experiments\IDs\05-WMC\MU","Tr14_test2.png","5","854128","C:/Users/Public/Experiments/IDs/05-WMC/MU/MUsbj036.csv","test","0","5","36","853256","854129"
"MU.osexp","C:\Users\Public\Experiments\IDs\05-WMC\MU","Tr14_test3.png","2","856512","C:/Users/Public/Experiments/IDs/05-WMC/MU/MUsbj036.csv","test","0","5","36","855212","856513"
"MU.osexp","C:\Users\Public\Experiments\IDs\05-WMC\MU","Tr14_test4.png","5","858632","C:/Users/Public/Experiments/IDs/05-WMC/MU/MUsbj036.csv","test","0","5","36","857596","858633"
"MU.osexp","C:\Users\Public\Experiments\IDs\05-WMC\MU","Tr14_test5.png","4","861705","C:/Users/Public/Experiments/IDs/05-WMC/MU/MUsbj036.csv","test","0","5","36","859714","861706"
"MU.osexp","C:\Users\Public\Experiments\IDs\05-WMC\MU","wait.png","4","861705","C:/Users/Public/Experiments/IDs/05-WMC/MU/MUsbj036.csv","wait","5000","4","36","862936","861706"
"MU.osexp","C:\Users\Public\Experiments\IDs\05-WMC\MU","fixation.png","4","861705","C:/Users/Public/Experiments/IDs/05-WMC/MU/MUsbj036.csv","fix","1500","4","36","868028","861706"
"MU.osexp","C:\Users\Public\Experiments\IDs\05-WMC\MU","Tr15_study1.png","4","861705","C:/Users/Public/Experiments/IDs/05-WMC/MU/MUsbj036.csv","study","1000","4","36","869597","870598"
"MU.osexp","C:\Users\Public\Experiments\IDs\05-WMC\MU","Tr15_study2.png","4","861705","C:/Users/Public/Experiments/IDs/05-WMC/MU/MUsbj036.csv","study","1000","4","36","870933","871934"
"MU.osexp","C:\Users\Public\Experiments\IDs\05-WMC\MU","Tr15_study3.png","4","861705","C:/Users/Public/Experiments/IDs/05-WMC/MU/MUsbj036.csv","study","1000","4","36","872276","873276"
"MU.osexp","C:\Users\Public\Experiments\IDs\05-WMC\MU","Tr15_study4.png","4","861705","C:/Users/Public/Experiments/IDs/05-WMC/MU/MUsbj036.csv","study","1000","4","36","873607","874607"
"MU.osexp","C:\Users\Public\Experiments\IDs\05-WMC\MU","Tr15_update1.png","4","861705","C:/Users/Public/Experiments/IDs/05-WMC/MU/MUsbj036.csv","update","1300","4","36","874949","876249"
"MU.osexp","C:\Users\Public\Experiments\IDs\05-WMC\MU","Tr15_update2.png","4","861705","C:/Users/Public/Experiments/IDs/05-WMC/MU/MUsbj036.csv","update","1300","4","36","876587","877889"
"MU.osexp","C:\Users\Public\Experiments\IDs\05-WMC\MU","Tr15_update3.png","4","861705","C:/Users/Public/Experiments/IDs/05-WMC/MU/MUsbj036.csv","update","1300","4","36","878230","879532"
"MU.osexp","C:\Users\Public\Experiments\IDs\05-WMC\MU","Tr15_update4.png","4","861705","C:/Users/Public/Experiments/IDs/05-WMC/MU/MUsbj036.csv","update","1300","4","36","879931","881231"
"MU.osexp","C:\Users\Public\Experiments\IDs\05-WMC\MU","Tr15_update5.png","4","861705","C:/Users/Public/Experiments/IDs/05-WMC/MU/MUsbj036.csv","update","1300","4","36","881565","882866"
"MU.osexp","C:\Users\Public\Experiments\IDs\05-WMC\MU","Tr15_update6.png","4","861705","C:/Users/Public/Experiments/IDs/05-WMC/MU/MUsbj036.csv","update","1300","4","36","883198","884500"
"MU.osexp","C:\Users\Public\Experiments\IDs\05-WMC\MU","Tr15_test1.png","6","893592","C:/Users/Public/Experiments/IDs/05-WMC/MU/MUsbj036.csv","test","0","4","36","884825","893593"
"MU.osexp","C:\Users\Public\Experiments\IDs\05-WMC\MU","Tr15_test2.png","5","895577","C:/Users/Public/Experiments/IDs/05-WMC/MU/MUsbj036.csv","test","0","4","36","894681","895578"
"MU.osexp","C:\Users\Public\Experiments\IDs\05-WMC\MU","Tr15_test3.png","5","897161","C:/Users/Public/Experiments/IDs/05-WMC/MU/MUsbj036.csv","test","0","4","36","896662","897162"
"MU.osexp","C:\Users\Public\Experiments\IDs\05-WMC\MU","Tr15_test4.png","6","899273","C:/Users/Public/Experiments/IDs/05-WMC/MU/MUsbj036.csv","test","0","4","36","898253","899274"
"MU.osexp","C:\Users\Public\Experiments\IDs\05-WMC\MU","wait.png","6","899273","C:/Users/Public/Experiments/IDs/05-WMC/MU/MUsbj036.csv","wait","5000","4","36","900360","899274"
"MU.osexp","C:\Users\Public\Experiments\IDs\05-WMC\MU","fixation.png","6","899273","C:/Users/Public/Experiments/IDs/05-WMC/MU/MUsbj036.csv","fix","1500","4","36","905432","899274"
"MU.osexp","C:\Users\Public\Experiments\IDs\05-WMC\MU","Tr16_study1.png","6","899273","C:/Users/Public/Experiments/IDs/05-WMC/MU/MUsbj036.csv","study","1000","4","36","907054","908056"
"MU.osexp","C:\Users\Public\Experiments\IDs\05-WMC\MU","Tr16_study2.png","6","899273","C:/Users/Public/Experiments/IDs/05-WMC/MU/MUsbj036.csv","study","1000","4","36","908389","909389"
"MU.osexp","C:\Users\Public\Experiments\IDs\05-WMC\MU","Tr16_study3.png","6","899273","C:/Users/Public/Experiments/IDs/05-WMC/MU/MUsbj036.csv","study","1000","4","36","909737","910739"
"MU.osexp","C:\Users\Public\Experiments\IDs\05-WMC\MU","Tr16_study4.png","6","899273","C:/Users/Public/Experiments/IDs/05-WMC/MU/MUsbj036.csv","study","1000","4","36","911083","912084"
"MU.osexp","C:\Users\Public\Experiments\IDs\05-WMC\MU","Tr16_update1.png","6","899273","C:/Users/Public/Experiments/IDs/05-WMC/MU/MUsbj036.csv","update","1300","4","36","912416","913718"
"MU.osexp","C:\Users\Public\Experiments\IDs\05-WMC\MU","Tr16_update2.png","6","899273","C:/Users/Public/Experiments/IDs/05-WMC/MU/MUsbj036.csv","update","1300","4","36","914053","915355"
"MU.osexp","C:\Users\Public\Experiments\IDs\05-WMC\MU","Tr16_test1.png","6","918345","C:/Users/Public/Experiments/IDs/05-WMC/MU/MUsbj036.csv","test","0","4","36","915691","918346"
"MU.osexp","C:\Users\Public\Experiments\IDs\05-WMC\MU","Tr16_test2.png","8","921856","C:/Users/Public/Experiments/IDs/05-WMC/MU/MUsbj036.csv","test","0","4","36","919462","921857"
"MU.osexp","C:\Users\Public\Experiments\IDs\05-WMC\MU","Tr16_test3.png","9","923968","C:/Users/Public/Experiments/IDs/05-WMC/MU/MUsbj036.csv","test","0","4","36","922964","923969"
"MU.osexp","C:\Users\Public\Experiments\IDs\05-WMC\MU","Tr16_test4.png","5","925440","C:/Users/Public/Experiments/IDs/05-WMC/MU/MUsbj036.csv","test","0","4","36","925077","925441"
"MU.osexp","C:\Users\Public\Experiments\IDs\05-WMC\MU","wait.png","5","925440","C:/Users/Public/Experiments/IDs/05-WMC/MU/MUsbj036.csv","wait","5000","5","36","926607","925441"
"MU.osexp","C:\Users\Public\Experiments\IDs\05-WMC\MU","fixation.png","5","925440","C:/Users/Public/Experiments/IDs/05-WMC/MU/MUsbj036.csv","fix","1500","5","36","931685","925441"
"MU.osexp","C:\Users\Public\Experiments\IDs\05-WMC\MU","Tr17_study1.png","5","925440","C:/Users/Public/Experiments/IDs/05-WMC/MU/MUsbj036.csv","study","1000","5","36","933306","934306"
"MU.osexp","C:\Users\Public\Experiments\IDs\05-WMC\MU","Tr17_study2.png","5","925440","C:/Users/Public/Experiments/IDs/05-WMC/MU/MUsbj036.csv","study","1000","5","36","934636","935637"
"MU.osexp","C:\Users\Public\Experiments\IDs\05-WMC\MU","Tr17_study3.png","5","925440","C:/Users/Public/Experiments/IDs/05-WMC/MU/MUsbj036.csv","study","1000","5","36","936007","937008"
"MU.osexp","C:\Users\Public\Experiments\IDs\05-WMC\MU","Tr17_study4.png","5","925440","C:/Users/Public/Experiments/IDs/05-WMC/MU/MUsbj036.csv","study","1000","5","36","937460","938460"
"MU.osexp","C:\Users\Public\Experiments\IDs\05-WMC\MU","Tr17_study5.png","5","925440","C:/Users/Public/Experiments/IDs/05-WMC/MU/MUsbj036.csv","study","1000","5","36","938801","939802"
"MU.osexp","C:\Users\Public\Experiments\IDs\05-WMC\MU","Tr17_update1.png","5","925440","C:/Users/Public/Experiments/IDs/05-WMC/MU/MUsbj036.csv","update","1300","5","36","940139","941441"
"MU.osexp","C:\Users\Public\Experiments\IDs\05-WMC\MU","Tr17_update2.png","5","925440","C:/Users/Public/Experiments/IDs/05-WMC/MU/MUsbj036.csv","update","1300","5","36","941773","943074"
"MU.osexp","C:\Users\Public\Experiments\IDs\05-WMC\MU","Tr17_update3.png","5","925440","C:/Users/Public/Experiments/IDs/05-WMC/MU/MUsbj036.csv","update","1300","5","36","943403","944704"
"MU.osexp","C:\Users\Public\Experiments\IDs\05-WMC\MU","Tr17_update4.png","5","925440","C:/Users/Public/Experiments/IDs/05-WMC/MU/MUsbj036.csv","update","1300","5","36","945035","946335"
"MU.osexp","C:\Users\Public\Experiments\IDs\05-WMC\MU","Tr17_update5.png","5","925440","C:/Users/Public/Experiments/IDs/05-WMC/MU/MUsbj036.csv","update","1300","5","36","946663","947964"
"MU.osexp","C:\Users\Public\Experiments\IDs\05-WMC\MU","Tr17_update6.png","5","925440","C:/Users/Public/Experiments/IDs/05-WMC/MU/MUsbj036.csv","update","1300","5","36","948302","949604"
"MU.osexp","C:\Users\Public\Experiments\IDs\05-WMC\MU","Tr17_test1.png","4","955657","C:/Users/Public/Experiments/IDs/05-WMC/MU/MUsbj036.csv","test","0","5","36","949938","955657"
"MU.osexp","C:\Users\Public\Experiments\IDs\05-WMC\MU","Tr17_test2.png","5","957600","C:/Users/Public/Experiments/IDs/05-WMC/MU/MUsbj036.csv","test","0","5","36","956739","957601"
"MU.osexp","C:\Users\Public\Experiments\IDs\05-WMC\MU","Tr17_test3.png","6","959336","C:/Users/Public/Experiments/IDs/05-WMC/MU/MUsbj036.csv","test","0","5","36","958682","959337"
"MU.osexp","C:\Users\Public\Experiments\IDs\05-WMC\MU","Tr17_test4.png","9","960816","C:/Users/Public/Experiments/IDs/05-WMC/MU/MUsbj036.csv","test","0","5","36","960469","960817"
"MU.osexp","C:\Users\Public\Experiments\IDs\05-WMC\MU","Tr17_test5.png","2","962224","C:/Users/Public/Experiments/IDs/05-WMC/MU/MUsbj036.csv","test","0","5","36","961897","962225"
