"experiment_file","experiment_path","image","key","key_time","logfile","phase","playtime","setSize","subject_nr","timestamp","waittime"
"MU.osexp","C:\Users\Public\Experiments\IDs\05-WMC\MU","ready1.png","NA","NA","C:/Users/Public/Experiments/IDs/05-WMC/MU/MUsbj077.csv","pre","0","3","77","149989","NA"
"MU.osexp","C:\Users\Public\Experiments\IDs\05-WMC\MU","fixation.png","NA","NA","C:/Users/Public/Experiments/IDs/05-WMC/MU/MUsbj077.csv","fix","1500","3","77","151828","NA"
"MU.osexp","C:\Users\Public\Experiments\IDs\05-WMC\MU","Tr1_study1.png","NA","NA","C:/Users/Public/Experiments/IDs/05-WMC/MU/MUsbj077.csv","study","1000","3","77","153532","154532"
"MU.osexp","C:\Users\Public\Experiments\IDs\05-WMC\MU","Tr1_study2.png","NA","NA","C:/Users/Public/Experiments/IDs/05-WMC/MU/MUsbj077.csv","study","1000","3","77","154914","155914"
"MU.osexp","C:\Users\Public\Experiments\IDs\05-WMC\MU","Tr1_study3.png","NA","NA","C:/Users/Public/Experiments/IDs/05-WMC/MU/MUsbj077.csv","study","1000","3","77","156291","157291"
"MU.osexp","C:\Users\Public\Experiments\IDs\05-WMC\MU","Tr1_update1.png","NA","NA","C:/Users/Public/Experiments/IDs/05-WMC/MU/MUsbj077.csv","update","1300","3","77","157637","158939"
"MU.osexp","C:\Users\Public\Experiments\IDs\05-WMC\MU","Tr1_update2.png","NA","NA","C:/Users/Public/Experiments/IDs/05-WMC/MU/MUsbj077.csv","update","1300","3","77","159314","160615"
"MU.osexp","C:\Users\Public\Experiments\IDs\05-WMC\MU","Tr1_update3.png","NA","NA","C:/Users/Public/Experiments/IDs/05-WMC/MU/MUsbj077.csv","update","1300","3","77","160957","162257"
"MU.osexp","C:\Users\Public\Experiments\IDs\05-WMC\MU","Tr1_test1.png","9","170421","C:/Users/Public/Experiments/IDs/05-WMC/MU/MUsbj077.csv","test","0","3","77","162611","170421"
"MU.osexp","C:\Users\Public\Experiments\IDs\05-WMC\MU","Tr1_test2.png","8","178788","C:/Users/Public/Experiments/IDs/05-WMC/MU/MUsbj077.csv","test","0","3","77","171530","178789"
"MU.osexp","C:\Users\Public\Experiments\IDs\05-WMC\MU","Tr1_test3.png","0","184684","C:/Users/Public/Experiments/IDs/05-WMC/MU/MUsbj077.csv","test","0","3","77","179883","184685"
"MU.osexp","C:\Users\Public\Experiments\IDs\05-WMC\MU","wait.png","0","184684","C:/Users/Public/Experiments/IDs/05-WMC/MU/MUsbj077.csv","wait","5000","3","77","185785","184685"
"MU.osexp","C:\Users\Public\Experiments\IDs\05-WMC\MU","fixation.png","0","184684","C:/Users/Public/Experiments/IDs/05-WMC/MU/MUsbj077.csv","fix","1500","3","77","190885","184685"
"MU.osexp","C:\Users\Public\Experiments\IDs\05-WMC\MU","Tr2_study1.png","0","184684","C:/Users/Public/Experiments/IDs/05-WMC/MU/MUsbj077.csv","study","1000","3","77","192476","193476"
"MU.osexp","C:\Users\Public\Experiments\IDs\05-WMC\MU","Tr2_study2.png","0","184684","C:/Users/Public/Experiments/IDs/05-WMC/MU/MUsbj077.csv","study","1000","3","77","193844","194844"
"MU.osexp","C:\Users\Public\Experiments\IDs\05-WMC\MU","Tr2_study3.png","0","184684","C:/Users/Public/Experiments/IDs/05-WMC/MU/MUsbj077.csv","study","1000","3","77","195169","196170"
"MU.osexp","C:\Users\Public\Experiments\IDs\05-WMC\MU","Tr2_update1.png","0","184684","C:/Users/Public/Experiments/IDs/05-WMC/MU/MUsbj077.csv","update","1300","3","77","196507","197809"
"MU.osexp","C:\Users\Public\Experiments\IDs\05-WMC\MU","Tr2_update2.png","0","184684","C:/Users/Public/Experiments/IDs/05-WMC/MU/MUsbj077.csv","update","1300","3","77","198131","199431"
"MU.osexp","C:\Users\Public\Experiments\IDs\05-WMC\MU","Tr2_update3.png","0","184684","C:/Users/Public/Experiments/IDs/05-WMC/MU/MUsbj077.csv","update","1300","3","77","199789","201089"
"MU.osexp","C:\Users\Public\Experiments\IDs\05-WMC\MU","Tr2_test1.png","4","208988","C:/Users/Public/Experiments/IDs/05-WMC/MU/MUsbj077.csv","test","0","3","77","201494","208989"
"MU.osexp","C:\Users\Public\Experiments\IDs\05-WMC\MU","Tr2_test2.png","6","215380","C:/Users/Public/Experiments/IDs/05-WMC/MU/MUsbj077.csv","test","0","3","77","210089","215381"
"MU.osexp","C:\Users\Public\Experiments\IDs\05-WMC\MU","Tr2_test3.png","1","218564","C:/Users/Public/Experiments/IDs/05-WMC/MU/MUsbj077.csv","test","0","3","77","216472","218565"
"MU.osexp","C:\Users\Public\Experiments\IDs\05-WMC\MU","ready2.png","1","218564","C:/Users/Public/Experiments/IDs/05-WMC/MU/MUsbj077.csv","pre","0","3","77","222320","218565"
"MU.osexp","C:\Users\Public\Experiments\IDs\05-WMC\MU","fixation.png","1","218564","C:/Users/Public/Experiments/IDs/05-WMC/MU/MUsbj077.csv","fix","1500","3","77","224362","218565"
"MU.osexp","C:\Users\Public\Experiments\IDs\05-WMC\MU","Tr3_study1.png","1","218564","C:/Users/Public/Experiments/IDs/05-WMC/MU/MUsbj077.csv","study","1000","3","77","225954","226955"
"MU.osexp","C:\Users\Public\Experiments\IDs\05-WMC\MU","Tr3_study2.png","1","218564","C:/Users/Public/Experiments/IDs/05-WMC/MU/MUsbj077.csv","study","1000","3","77","227297","228297"
"MU.osexp","C:\Users\Public\Experiments\IDs\05-WMC\MU","Tr3_study3.png","1","218564","C:/Users/Public/Experiments/IDs/05-WMC/MU/MUsbj077.csv","study","1000","3","77","228663","229663"
"MU.osexp","C:\Users\Public\Experiments\IDs\05-WMC\MU","Tr3_update1.png","1","218564","C:/Users/Public/Experiments/IDs/05-WMC/MU/MUsbj077.csv","update","1300","3","77","230011","231312"
"MU.osexp","C:\Users\Public\Experiments\IDs\05-WMC\MU","Tr3_update2.png","1","218564","C:/Users/Public/Experiments/IDs/05-WMC/MU/MUsbj077.csv","update","1300","3","77","231654","232955"
"MU.osexp","C:\Users\Public\Experiments\IDs\05-WMC\MU","Tr3_update3.png","1","218564","C:/Users/Public/Experiments/IDs/05-WMC/MU/MUsbj077.csv","update","1300","3","77","233315","234617"
"MU.osexp","C:\Users\Public\Experiments\IDs\05-WMC\MU","Tr3_test1.png","9","237572","C:/Users/Public/Experiments/IDs/05-WMC/MU/MUsbj077.csv","test","0","3","77","234938","237573"
"MU.osexp","C:\Users\Public\Experiments\IDs\05-WMC\MU","Tr3_test2.png","3","243804","C:/Users/Public/Experiments/IDs/05-WMC/MU/MUsbj077.csv","test","0","3","77","238696","243805"
"MU.osexp","C:\Users\Public\Experiments\IDs\05-WMC\MU","Tr3_test3.png","9","252868","C:/Users/Public/Experiments/IDs/05-WMC/MU/MUsbj077.csv","test","0","3","77","244892","252869"
"MU.osexp","C:\Users\Public\Experiments\IDs\05-WMC\MU","wait.png","9","252868","C:/Users/Public/Experiments/IDs/05-WMC/MU/MUsbj077.csv","wait","5000","4","77","253959","252869"
"MU.osexp","C:\Users\Public\Experiments\IDs\05-WMC\MU","fixation.png","9","252868","C:/Users/Public/Experiments/IDs/05-WMC/MU/MUsbj077.csv","fix","1500","4","77","259050","252869"
"MU.osexp","C:\Users\Public\Experiments\IDs\05-WMC\MU","Tr4_study1.png","9","252868","C:/Users/Public/Experiments/IDs/05-WMC/MU/MUsbj077.csv","study","1000","4","77","260658","261658"
"MU.osexp","C:\Users\Public\Experiments\IDs\05-WMC\MU","Tr4_study2.png","9","252868","C:/Users/Public/Experiments/IDs/05-WMC/MU/MUsbj077.csv","study","1000","4","77","262034","263034"
"MU.osexp","C:\Users\Public\Experiments\IDs\05-WMC\MU","Tr4_study3.png","9","252868","C:/Users/Public/Experiments/IDs/05-WMC/MU/MUsbj077.csv","study","1000","4","77","263406","264406"
"MU.osexp","C:\Users\Public\Experiments\IDs\05-WMC\MU","Tr4_study4.png","9","252868","C:/Users/Public/Experiments/IDs/05-WMC/MU/MUsbj077.csv","study","1000","4","77","264742","265744"
"MU.osexp","C:\Users\Public\Experiments\IDs\05-WMC\MU","Tr4_update1.png","9","252868","C:/Users/Public/Experiments/IDs/05-WMC/MU/MUsbj077.csv","update","1300","4","77","266091","267393"
"MU.osexp","C:\Users\Public\Experiments\IDs\05-WMC\MU","Tr4_update2.png","9","252868","C:/Users/Public/Experiments/IDs/05-WMC/MU/MUsbj077.csv","update","1300","4","77","267766","269066"
"MU.osexp","C:\Users\Public\Experiments\IDs\05-WMC\MU","Tr4_update3.png","9","252868","C:/Users/Public/Experiments/IDs/05-WMC/MU/MUsbj077.csv","update","1300","4","77","269473","270774"
"MU.osexp","C:\Users\Public\Experiments\IDs\05-WMC\MU","Tr4_update4.png","9","252868","C:/Users/Public/Experiments/IDs/05-WMC/MU/MUsbj077.csv","update","1300","4","77","271153","272453"
"MU.osexp","C:\Users\Public\Experiments\IDs\05-WMC\MU","Tr4_test1.png","3","278012","C:/Users/Public/Experiments/IDs/05-WMC/MU/MUsbj077.csv","test","0","4","77","272793","278013"
"MU.osexp","C:\Users\Public\Experiments\IDs\05-WMC\MU","Tr4_test2.png","7","284412","C:/Users/Public/Experiments/IDs/05-WMC/MU/MUsbj077.csv","test","0","4","77","279137","284413"
"MU.osexp","C:\Users\Public\Experiments\IDs\05-WMC\MU","Tr4_test3.png","5","291485","C:/Users/Public/Experiments/IDs/05-WMC/MU/MUsbj077.csv","test","0","4","77","285593","291486"
"MU.osexp","C:\Users\Public\Experiments\IDs\05-WMC\MU","Tr4_test4.png","1","295525","C:/Users/Public/Experiments/IDs/05-WMC/MU/MUsbj077.csv","test","0","4","77","292582","295525"
"MU.osexp","C:\Users\Public\Experiments\IDs\05-WMC\MU","wait.png","1","295525","C:/Users/Public/Experiments/IDs/05-WMC/MU/MUsbj077.csv","wait","5000","3","77","296609","295525"
"MU.osexp","C:\Users\Public\Experiments\IDs\05-WMC\MU","fixation.png","1","295525","C:/Users/Public/Experiments/IDs/05-WMC/MU/MUsbj077.csv","fix","1500","3","77","301726","295525"
"MU.osexp","C:\Users\Public\Experiments\IDs\05-WMC\MU","Tr5_study1.png","1","295525","C:/Users/Public/Experiments/IDs/05-WMC/MU/MUsbj077.csv","study","1000","3","77","303339","304339"
"MU.osexp","C:\Users\Public\Experiments\IDs\05-WMC\MU","Tr5_study2.png","1","295525","C:/Users/Public/Experiments/IDs/05-WMC/MU/MUsbj077.csv","study","1000","3","77","304695","305697"
"MU.osexp","C:\Users\Public\Experiments\IDs\05-WMC\MU","Tr5_study3.png","1","295525","C:/Users/Public/Experiments/IDs/05-WMC/MU/MUsbj077.csv","study","1000","3","77","306078","307080"
"MU.osexp","C:\Users\Public\Experiments\IDs\05-WMC\MU","Tr5_update1.png","1","295525","C:/Users/Public/Experiments/IDs/05-WMC/MU/MUsbj077.csv","update","1300","3","77","307419","308720"
"MU.osexp","C:\Users\Public\Experiments\IDs\05-WMC\MU","Tr5_update2.png","1","295525","C:/Users/Public/Experiments/IDs/05-WMC/MU/MUsbj077.csv","update","1300","3","77","309061","310361"
"MU.osexp","C:\Users\Public\Experiments\IDs\05-WMC\MU","Tr5_update3.png","1","295525","C:/Users/Public/Experiments/IDs/05-WMC/MU/MUsbj077.csv","update","1300","3","77","310712","312014"
"MU.osexp","C:\Users\Public\Experiments\IDs\05-WMC\MU","Tr5_update4.png","1","295525","C:/Users/Public/Experiments/IDs/05-WMC/MU/MUsbj077.csv","update","1300","3","77","312357","313658"
"MU.osexp","C:\Users\Public\Experiments\IDs\05-WMC\MU","Tr5_update5.png","1","295525","C:/Users/Public/Experiments/IDs/05-WMC/MU/MUsbj077.csv","update","1300","3","77","313979","315282"
"MU.osexp","C:\Users\Public\Experiments\IDs\05-WMC\MU","Tr5_update6.png","1","295525","C:/Users/Public/Experiments/IDs/05-WMC/MU/MUsbj077.csv","update","1300","3","77","315619","316920"
"MU.osexp","C:\Users\Public\Experiments\IDs\05-WMC\MU","Tr5_test1.png","9","320732","C:/Users/Public/Experiments/IDs/05-WMC/MU/MUsbj077.csv","test","0","3","77","317245","320733"
"MU.osexp","C:\Users\Public\Experiments\IDs\05-WMC\MU","Tr5_test2.png","2","323284","C:/Users/Public/Experiments/IDs/05-WMC/MU/MUsbj077.csv","test","0","3","77","321949","323285"
"MU.osexp","C:\Users\Public\Experiments\IDs\05-WMC\MU","Tr5_test3.png","4","325301","C:/Users/Public/Experiments/IDs/05-WMC/MU/MUsbj077.csv","test","0","3","77","324387","325302"
"MU.osexp","C:\Users\Public\Experiments\IDs\05-WMC\MU","wait.png","4","325301","C:/Users/Public/Experiments/IDs/05-WMC/MU/MUsbj077.csv","wait","5000","4","77","326393","325302"
"MU.osexp","C:\Users\Public\Experiments\IDs\05-WMC\MU","fixation.png","4","325301","C:/Users/Public/Experiments/IDs/05-WMC/MU/MUsbj077.csv","fix","1500","4","77","331472","325302"
"MU.osexp","C:\Users\Public\Experiments\IDs\05-WMC\MU","Tr6_study1.png","4","325301","C:/Users/Public/Experiments/IDs/05-WMC/MU/MUsbj077.csv","study","1000","4","77","333047","334047"
"MU.osexp","C:\Users\Public\Experiments\IDs\05-WMC\MU","Tr6_study2.png","4","325301","C:/Users/Public/Experiments/IDs/05-WMC/MU/MUsbj077.csv","study","1000","4","77","334406","335408"
"MU.osexp","C:\Users\Public\Experiments\IDs\05-WMC\MU","Tr6_study3.png","4","325301","C:/Users/Public/Experiments/IDs/05-WMC/MU/MUsbj077.csv","study","1000","4","77","335748","336748"
"MU.osexp","C:\Users\Public\Experiments\IDs\05-WMC\MU","Tr6_study4.png","4","325301","C:/Users/Public/Experiments/IDs/05-WMC/MU/MUsbj077.csv","study","1000","4","77","337122","338123"
"MU.osexp","C:\Users\Public\Experiments\IDs\05-WMC\MU","Tr6_update1.png","4","325301","C:/Users/Public/Experiments/IDs/05-WMC/MU/MUsbj077.csv","update","1300","4","77","338539","339839"
"MU.osexp","C:\Users\Public\Experiments\IDs\05-WMC\MU","Tr6_update2.png","4","325301","C:/Users/Public/Experiments/IDs/05-WMC/MU/MUsbj077.csv","update","1300","4","77","340165","341466"
"MU.osexp","C:\Users\Public\Experiments\IDs\05-WMC\MU","Tr6_update3.png","4","325301","C:/Users/Public/Experiments/IDs/05-WMC/MU/MUsbj077.csv","update","1300","4","77","341798","343100"
"MU.osexp","C:\Users\Public\Experiments\IDs\05-WMC\MU","Tr6_update4.png","4","325301","C:/Users/Public/Experiments/IDs/05-WMC/MU/MUsbj077.csv","update","1300","4","77","343441","344743"
"MU.osexp","C:\Users\Public\Experiments\IDs\05-WMC\MU","Tr6_update5.png","4","325301","C:/Users/Public/Experiments/IDs/05-WMC/MU/MUsbj077.csv","update","1300","4","77","345117","346419"
"MU.osexp","C:\Users\Public\Experiments\IDs\05-WMC\MU","Tr6_test1.png","6","350956","C:/Users/Public/Experiments/IDs/05-WMC/MU/MUsbj077.csv","test","0","4","77","346818","350957"
"MU.osexp","C:\Users\Public\Experiments\IDs\05-WMC\MU","Tr6_test2.png","1","353596","C:/Users/Public/Experiments/IDs/05-WMC/MU/MUsbj077.csv","test","0","4","77","352043","353597"
"MU.osexp","C:\Users\Public\Experiments\IDs\05-WMC\MU","Tr6_test3.png","6","356300","C:/Users/Public/Experiments/IDs/05-WMC/MU/MUsbj077.csv","test","0","4","77","354708","356301"
"MU.osexp","C:\Users\Public\Experiments\IDs\05-WMC\MU","Tr6_test4.png","8","358396","C:/Users/Public/Experiments/IDs/05-WMC/MU/MUsbj077.csv","test","0","4","77","357390","358397"
"MU.osexp","C:\Users\Public\Experiments\IDs\05-WMC\MU","wait.png","8","358396","C:/Users/Public/Experiments/IDs/05-WMC/MU/MUsbj077.csv","wait","5000","5","77","359482","358397"
"MU.osexp","C:\Users\Public\Experiments\IDs\05-WMC\MU","fixation.png","8","358396","C:/Users/Public/Experiments/IDs/05-WMC/MU/MUsbj077.csv","fix","1500","5","77","364582","358397"
"MU.osexp","C:\Users\Public\Experiments\IDs\05-WMC\MU","Tr7_study1.png","8","358396","C:/Users/Public/Experiments/IDs/05-WMC/MU/MUsbj077.csv","study","1000","5","77","366179","367179"
"MU.osexp","C:\Users\Public\Experiments\IDs\05-WMC\MU","Tr7_study2.png","8","358396","C:/Users/Public/Experiments/IDs/05-WMC/MU/MUsbj077.csv","study","1000","5","77","367559","368559"
"MU.osexp","C:\Users\Public\Experiments\IDs\05-WMC\MU","Tr7_study3.png","8","358396","C:/Users/Public/Experiments/IDs/05-WMC/MU/MUsbj077.csv","study","1000","5","77","368888","369889"
"MU.osexp","C:\Users\Public\Experiments\IDs\05-WMC\MU","Tr7_study4.png","8","358396","C:/Users/Public/Experiments/IDs/05-WMC/MU/MUsbj077.csv","study","1000","5","77","370216","371216"
"MU.osexp","C:\Users\Public\Experiments\IDs\05-WMC\MU","Tr7_study5.png","8","358396","C:/Users/Public/Experiments/IDs/05-WMC/MU/MUsbj077.csv","study","1000","5","77","371591","372592"
"MU.osexp","C:\Users\Public\Experiments\IDs\05-WMC\MU","Tr7_update1.png","8","358396","C:/Users/Public/Experiments/IDs/05-WMC/MU/MUsbj077.csv","update","1300","5","77","372926","374226"
"MU.osexp","C:\Users\Public\Experiments\IDs\05-WMC\MU","Tr7_update2.png","8","358396","C:/Users/Public/Experiments/IDs/05-WMC/MU/MUsbj077.csv","update","1300","5","77","374598","375898"
"MU.osexp","C:\Users\Public\Experiments\IDs\05-WMC\MU","Tr7_update3.png","8","358396","C:/Users/Public/Experiments/IDs/05-WMC/MU/MUsbj077.csv","update","1300","5","77","376236","377536"
"MU.osexp","C:\Users\Public\Experiments\IDs\05-WMC\MU","Tr7_update4.png","8","358396","C:/Users/Public/Experiments/IDs/05-WMC/MU/MUsbj077.csv","update","1300","5","77","377887","379189"
"MU.osexp","C:\Users\Public\Experiments\IDs\05-WMC\MU","Tr7_update5.png","8","358396","C:/Users/Public/Experiments/IDs/05-WMC/MU/MUsbj077.csv","update","1300","5","77","379521","380823"
"MU.osexp","C:\Users\Public\Experiments\IDs\05-WMC\MU","Tr7_test1.png","7","384061","C:/Users/Public/Experiments/IDs/05-WMC/MU/MUsbj077.csv","test","0","5","77","381183","384061"
"MU.osexp","C:\Users\Public\Experiments\IDs\05-WMC\MU","Tr7_test2.png","5","386452","C:/Users/Public/Experiments/IDs/05-WMC/MU/MUsbj077.csv","test","0","5","77","385143","386453"
"MU.osexp","C:\Users\Public\Experiments\IDs\05-WMC\MU","Tr7_test3.png","1","390412","C:/Users/Public/Experiments/IDs/05-WMC/MU/MUsbj077.csv","test","0","5","77","387553","390413"
"MU.osexp","C:\Users\Public\Experiments\IDs\05-WMC\MU","Tr7_test4.png","6","392980","C:/Users/Public/Experiments/IDs/05-WMC/MU/MUsbj077.csv","test","0","5","77","391514","392981"
"MU.osexp","C:\Users\Public\Experiments\IDs\05-WMC\MU","Tr7_test5.png","1","394372","C:/Users/Public/Experiments/IDs/05-WMC/MU/MUsbj077.csv","test","0","5","77","394078","394373"
"MU.osexp","C:\Users\Public\Experiments\IDs\05-WMC\MU","wait.png","1","394372","C:/Users/Public/Experiments/IDs/05-WMC/MU/MUsbj077.csv","wait","5000","4","77","395470","394373"
"MU.osexp","C:\Users\Public\Experiments\IDs\05-WMC\MU","fixation.png","1","394372","C:/Users/Public/Experiments/IDs/05-WMC/MU/MUsbj077.csv","fix","1500","4","77","400564","394373"
"MU.osexp","C:\Users\Public\Experiments\IDs\05-WMC\MU","Tr8_study1.png","1","394372","C:/Users/Public/Experiments/IDs/05-WMC/MU/MUsbj077.csv","study","1000","4","77","402155","403156"
"MU.osexp","C:\Users\Public\Experiments\IDs\05-WMC\MU","Tr8_study2.png","1","394372","C:/Users/Public/Experiments/IDs/05-WMC/MU/MUsbj077.csv","study","1000","4","77","403510","404511"
"MU.osexp","C:\Users\Public\Experiments\IDs\05-WMC\MU","Tr8_study3.png","1","394372","C:/Users/Public/Experiments/IDs/05-WMC/MU/MUsbj077.csv","study","1000","4","77","404855","405856"
"MU.osexp","C:\Users\Public\Experiments\IDs\05-WMC\MU","Tr8_study4.png","1","394372","C:/Users/Public/Experiments/IDs/05-WMC/MU/MUsbj077.csv","study","1000","4","77","406197","407200"
"MU.osexp","C:\Users\Public\Experiments\IDs\05-WMC\MU","Tr8_update1.png","1","394372","C:/Users/Public/Experiments/IDs/05-WMC/MU/MUsbj077.csv","update","1300","4","77","407523","408823"
"MU.osexp","C:\Users\Public\Experiments\IDs\05-WMC\MU","Tr8_update2.png","1","394372","C:/Users/Public/Experiments/IDs/05-WMC/MU/MUsbj077.csv","update","1300","4","77","409204","410504"
"MU.osexp","C:\Users\Public\Experiments\IDs\05-WMC\MU","Tr8_update3.png","1","394372","C:/Users/Public/Experiments/IDs/05-WMC/MU/MUsbj077.csv","update","1300","4","77","410849","412150"
"MU.osexp","C:\Users\Public\Experiments\IDs\05-WMC\MU","Tr8_test1.png","2","416253","C:/Users/Public/Experiments/IDs/05-WMC/MU/MUsbj077.csv","test","0","4","77","412525","416254"
"MU.osexp","C:\Users\Public\Experiments\IDs\05-WMC\MU","Tr8_test2.png","5","420900","C:/Users/Public/Experiments/IDs/05-WMC/MU/MUsbj077.csv","test","0","4","77","417474","420901"
"MU.osexp","C:\Users\Public\Experiments\IDs\05-WMC\MU","Tr8_test3.png","9","423300","C:/Users/Public/Experiments/IDs/05-WMC/MU/MUsbj077.csv","test","0","4","77","421997","423301"
"MU.osexp","C:\Users\Public\Experiments\IDs\05-WMC\MU","Tr8_test4.png","2","425188","C:/Users/Public/Experiments/IDs/05-WMC/MU/MUsbj077.csv","test","0","4","77","424391","425189"
"MU.osexp","C:\Users\Public\Experiments\IDs\05-WMC\MU","wait.png","2","425188","C:/Users/Public/Experiments/IDs/05-WMC/MU/MUsbj077.csv","wait","5000","5","77","426282","425189"
"MU.osexp","C:\Users\Public\Experiments\IDs\05-WMC\MU","fixation.png","2","425188","C:/Users/Public/Experiments/IDs/05-WMC/MU/MUsbj077.csv","fix","1500","5","77","431465","425189"
"MU.osexp","C:\Users\Public\Experiments\IDs\05-WMC\MU","Tr9_study1.png","2","425188","C:/Users/Public/Experiments/IDs/05-WMC/MU/MUsbj077.csv","study","1000","5","77","433060","434061"
"MU.osexp","C:\Users\Public\Experiments\IDs\05-WMC\MU","Tr9_study2.png","2","425188","C:/Users/Public/Experiments/IDs/05-WMC/MU/MUsbj077.csv","study","1000","5","77","434416","435418"
"MU.osexp","C:\Users\Public\Experiments\IDs\05-WMC\MU","Tr9_study3.png","2","425188","C:/Users/Public/Experiments/IDs/05-WMC/MU/MUsbj077.csv","study","1000","5","77","435793","436794"
"MU.osexp","C:\Users\Public\Experiments\IDs\05-WMC\MU","Tr9_study4.png","2","425188","C:/Users/Public/Experiments/IDs/05-WMC/MU/MUsbj077.csv","study","1000","5","77","437165","438168"
"MU.osexp","C:\Users\Public\Experiments\IDs\05-WMC\MU","Tr9_study5.png","2","425188","C:/Users/Public/Experiments/IDs/05-WMC/MU/MUsbj077.csv","study","1000","5","77","438572","439573"
"MU.osexp","C:\Users\Public\Experiments\IDs\05-WMC\MU","Tr9_update1.png","2","425188","C:/Users/Public/Experiments/IDs/05-WMC/MU/MUsbj077.csv","update","1300","5","77","439965","441267"
"MU.osexp","C:\Users\Public\Experiments\IDs\05-WMC\MU","Tr9_update2.png","2","425188","C:/Users/Public/Experiments/IDs/05-WMC/MU/MUsbj077.csv","update","1300","5","77","441652","442954"
"MU.osexp","C:\Users\Public\Experiments\IDs\05-WMC\MU","Tr9_test1.png","4","446276","C:/Users/Public/Experiments/IDs/05-WMC/MU/MUsbj077.csv","test","0","5","77","443323","446277"
"MU.osexp","C:\Users\Public\Experiments\IDs\05-WMC\MU","Tr9_test2.png","7","450173","C:/Users/Public/Experiments/IDs/05-WMC/MU/MUsbj077.csv","test","0","5","77","447513","450174"
"MU.osexp","C:\Users\Public\Experiments\IDs\05-WMC\MU","Tr9_test3.png","1","452005","C:/Users/Public/Experiments/IDs/05-WMC/MU/MUsbj077.csv","test","0","5","77","451281","452005"
"MU.osexp","C:\Users\Public\Experiments\IDs\05-WMC\MU","Tr9_test4.png","5","453965","C:/Users/Public/Experiments/IDs/05-WMC/MU/MUsbj077.csv","test","0","5","77","453135","453965"
"MU.osexp","C:\Users\Public\Experiments\IDs\05-WMC\MU","Tr9_test5.png","7","456164","C:/Users/Public/Experiments/IDs/05-WMC/MU/MUsbj077.csv","test","0","5","77","455049","456165"
"MU.osexp","C:\Users\Public\Experiments\IDs\05-WMC\MU","wait.png","7","456164","C:/Users/Public/Experiments/IDs/05-WMC/MU/MUsbj077.csv","wait","5000","3","77","457273","456165"
"MU.osexp","C:\Users\Public\Experiments\IDs\05-WMC\MU","fixation.png","7","456164","C:/Users/Public/Experiments/IDs/05-WMC/MU/MUsbj077.csv","fix","1500","3","77","462361","456165"
"MU.osexp","C:\Users\Public\Experiments\IDs\05-WMC\MU","Tr10_study1.png","7","456164","C:/Users/Public/Experiments/IDs/05-WMC/MU/MUsbj077.csv","study","1000","3","77","463974","464974"
"MU.osexp","C:\Users\Public\Experiments\IDs\05-WMC\MU","Tr10_study2.png","7","456164","C:/Users/Public/Experiments/IDs/05-WMC/MU/MUsbj077.csv","study","1000","3","77","465344","466346"
"MU.osexp","C:\Users\Public\Experiments\IDs\05-WMC\MU","Tr10_study3.png","7","456164","C:/Users/Public/Experiments/IDs/05-WMC/MU/MUsbj077.csv","study","1000","3","77","466695","467697"
"MU.osexp","C:\Users\Public\Experiments\IDs\05-WMC\MU","Tr10_update1.png","7","456164","C:/Users/Public/Experiments/IDs/05-WMC/MU/MUsbj077.csv","update","1300","3","77","468045","469345"
"MU.osexp","C:\Users\Public\Experiments\IDs\05-WMC\MU","Tr10_update2.png","7","456164","C:/Users/Public/Experiments/IDs/05-WMC/MU/MUsbj077.csv","update","1300","3","77","469682","470982"
"MU.osexp","C:\Users\Public\Experiments\IDs\05-WMC\MU","Tr10_test1.png","5","473868","C:/Users/Public/Experiments/IDs/05-WMC/MU/MUsbj077.csv","test","0","3","77","471319","473869"
"MU.osexp","C:\Users\Public\Experiments\IDs\05-WMC\MU","Tr10_test2.png","2","475908","C:/Users/Public/Experiments/IDs/05-WMC/MU/MUsbj077.csv","test","0","3","77","474953","475909"
"MU.osexp","C:\Users\Public\Experiments\IDs\05-WMC\MU","Tr10_test3.png","5","477572","C:/Users/Public/Experiments/IDs/05-WMC/MU/MUsbj077.csv","test","0","3","77","476986","477573"
"MU.osexp","C:\Users\Public\Experiments\IDs\05-WMC\MU","wait.png","5","477572","C:/Users/Public/Experiments/IDs/05-WMC/MU/MUsbj077.csv","wait","5000","5","77","478668","477573"
"MU.osexp","C:\Users\Public\Experiments\IDs\05-WMC\MU","fixation.png","5","477572","C:/Users/Public/Experiments/IDs/05-WMC/MU/MUsbj077.csv","fix","1500","5","77","483769","477573"
"MU.osexp","C:\Users\Public\Experiments\IDs\05-WMC\MU","Tr11_study1.png","5","477572","C:/Users/Public/Experiments/IDs/05-WMC/MU/MUsbj077.csv","study","1000","5","77","485482","486482"
"MU.osexp","C:\Users\Public\Experiments\IDs\05-WMC\MU","Tr11_study2.png","5","477572","C:/Users/Public/Experiments/IDs/05-WMC/MU/MUsbj077.csv","study","1000","5","77","486802","487803"
"MU.osexp","C:\Users\Public\Experiments\IDs\05-WMC\MU","Tr11_study3.png","5","477572","C:/Users/Public/Experiments/IDs/05-WMC/MU/MUsbj077.csv","study","1000","5","77","488178","489180"
"MU.osexp","C:\Users\Public\Experiments\IDs\05-WMC\MU","Tr11_study4.png","5","477572","C:/Users/Public/Experiments/IDs/05-WMC/MU/MUsbj077.csv","study","1000","5","77","489510","490512"
"MU.osexp","C:\Users\Public\Experiments\IDs\05-WMC\MU","Tr11_study5.png","5","477572","C:/Users/Public/Experiments/IDs/05-WMC/MU/MUsbj077.csv","study","1000","5","77","490854","491854"
"MU.osexp","C:\Users\Public\Experiments\IDs\05-WMC\MU","Tr11_update1.png","5","477572","C:/Users/Public/Experiments/IDs/05-WMC/MU/MUsbj077.csv","update","1300","5","77","492196","493497"
"MU.osexp","C:\Users\Public\Experiments\IDs\05-WMC\MU","Tr11_update2.png","5","477572","C:/Users/Public/Experiments/IDs/05-WMC/MU/MUsbj077.csv","update","1300","5","77","493855","495155"
"MU.osexp","C:\Users\Public\Experiments\IDs\05-WMC\MU","Tr11_update3.png","5","477572","C:/Users/Public/Experiments/IDs/05-WMC/MU/MUsbj077.csv","update","1300","5","77","495483","496784"
"MU.osexp","C:\Users\Public\Experiments\IDs\05-WMC\MU","Tr11_test1.png","6","499284","C:/Users/Public/Experiments/IDs/05-WMC/MU/MUsbj077.csv","test","0","5","77","497104","499285"
"MU.osexp","C:\Users\Public\Experiments\IDs\05-WMC\MU","Tr11_test2.png","0","501677","C:/Users/Public/Experiments/IDs/05-WMC/MU/MUsbj077.csv","test","0","5","77","500362","501678"
"MU.osexp","C:\Users\Public\Experiments\IDs\05-WMC\MU","Tr11_test3.png","5","504917","C:/Users/Public/Experiments/IDs/05-WMC/MU/MUsbj077.csv","test","0","5","77","502765","504918"
"MU.osexp","C:\Users\Public\Experiments\IDs\05-WMC\MU","Tr11_test4.png","6","507781","C:/Users/Public/Experiments/IDs/05-WMC/MU/MUsbj077.csv","test","0","5","77","506005","507781"
"MU.osexp","C:\Users\Public\Experiments\IDs\05-WMC\MU","Tr11_test5.png","1","510980","C:/Users/Public/Experiments/IDs/05-WMC/MU/MUsbj077.csv","test","0","5","77","508878","510981"
"MU.osexp","C:\Users\Public\Experiments\IDs\05-WMC\MU","wait.png","1","510980","C:/Users/Public/Experiments/IDs/05-WMC/MU/MUsbj077.csv","wait","5000","3","77","512063","510981"
"MU.osexp","C:\Users\Public\Experiments\IDs\05-WMC\MU","fixation.png","1","510980","C:/Users/Public/Experiments/IDs/05-WMC/MU/MUsbj077.csv","fix","1500","3","77","517186","510981"
"MU.osexp","C:\Users\Public\Experiments\IDs\05-WMC\MU","Tr12_study1.png","1","510980","C:/Users/Public/Experiments/IDs/05-WMC/MU/MUsbj077.csv","study","1000","3","77","518793","519793"
"MU.osexp","C:\Users\Public\Experiments\IDs\05-WMC\MU","Tr12_study2.png","1","510980","C:/Users/Public/Experiments/IDs/05-WMC/MU/MUsbj077.csv","study","1000","3","77","520152","521153"
"MU.osexp","C:\Users\Public\Experiments\IDs\05-WMC\MU","Tr12_study3.png","1","510980","C:/Users/Public/Experiments/IDs/05-WMC/MU/MUsbj077.csv","study","1000","3","77","521488","522488"
"MU.osexp","C:\Users\Public\Experiments\IDs\05-WMC\MU","Tr12_update1.png","1","510980","C:/Users/Public/Experiments/IDs/05-WMC/MU/MUsbj077.csv","update","1300","3","77","522839","524139"
"MU.osexp","C:\Users\Public\Experiments\IDs\05-WMC\MU","Tr12_update2.png","1","510980","C:/Users/Public/Experiments/IDs/05-WMC/MU/MUsbj077.csv","update","1300","3","77","524513","525813"
"MU.osexp","C:\Users\Public\Experiments\IDs\05-WMC\MU","Tr12_update3.png","1","510980","C:/Users/Public/Experiments/IDs/05-WMC/MU/MUsbj077.csv","update","1300","3","77","526141","527442"
"MU.osexp","C:\Users\Public\Experiments\IDs\05-WMC\MU","Tr12_update4.png","1","510980","C:/Users/Public/Experiments/IDs/05-WMC/MU/MUsbj077.csv","update","1300","3","77","527782","529082"
"MU.osexp","C:\Users\Public\Experiments\IDs\05-WMC\MU","Tr12_update5.png","1","510980","C:/Users/Public/Experiments/IDs/05-WMC/MU/MUsbj077.csv","update","1300","3","77","529467","530767"
"MU.osexp","C:\Users\Public\Experiments\IDs\05-WMC\MU","Tr12_test1.png","4","532660","C:/Users/Public/Experiments/IDs/05-WMC/MU/MUsbj077.csv","test","0","3","77","531148","532661"
"MU.osexp","C:\Users\Public\Experiments\IDs\05-WMC\MU","Tr12_test2.png","2","535717","C:/Users/Public/Experiments/IDs/05-WMC/MU/MUsbj077.csv","test","0","3","77","533751","535718"
"MU.osexp","C:\Users\Public\Experiments\IDs\05-WMC\MU","Tr12_test3.png","6","537765","C:/Users/Public/Experiments/IDs/05-WMC/MU/MUsbj077.csv","test","0","3","77","536817","537766"
"MU.osexp","C:\Users\Public\Experiments\IDs\05-WMC\MU","wait.png","6","537765","C:/Users/Public/Experiments/IDs/05-WMC/MU/MUsbj077.csv","wait","5000","3","77","538865","537766"
"MU.osexp","C:\Users\Public\Experiments\IDs\05-WMC\MU","fixation.png","6","537765","C:/Users/Public/Experiments/IDs/05-WMC/MU/MUsbj077.csv","fix","1500","3","77","543964","537766"
"MU.osexp","C:\Users\Public\Experiments\IDs\05-WMC\MU","Tr13_study1.png","6","537765","C:/Users/Public/Experiments/IDs/05-WMC/MU/MUsbj077.csv","study","1000","3","77","545578","546578"
"MU.osexp","C:\Users\Public\Experiments\IDs\05-WMC\MU","Tr13_study2.png","6","537765","C:/Users/Public/Experiments/IDs/05-WMC/MU/MUsbj077.csv","study","1000","3","77","546900","547901"
"MU.osexp","C:\Users\Public\Experiments\IDs\05-WMC\MU","Tr13_study3.png","6","537765","C:/Users/Public/Experiments/IDs/05-WMC/MU/MUsbj077.csv","study","1000","3","77","548350","549350"
"MU.osexp","C:\Users\Public\Experiments\IDs\05-WMC\MU","Tr13_update1.png","6","537765","C:/Users/Public/Experiments/IDs/05-WMC/MU/MUsbj077.csv","update","1300","3","77","549724","551024"
"MU.osexp","C:\Users\Public\Experiments\IDs\05-WMC\MU","Tr13_update2.png","6","537765","C:/Users/Public/Experiments/IDs/05-WMC/MU/MUsbj077.csv","update","1300","3","77","551369","552669"
"MU.osexp","C:\Users\Public\Experiments\IDs\05-WMC\MU","Tr13_update3.png","6","537765","C:/Users/Public/Experiments/IDs/05-WMC/MU/MUsbj077.csv","update","1300","3","77","553016","554316"
"MU.osexp","C:\Users\Public\Experiments\IDs\05-WMC\MU","Tr13_update4.png","6","537765","C:/Users/Public/Experiments/IDs/05-WMC/MU/MUsbj077.csv","update","1300","3","77","554660","555960"
"MU.osexp","C:\Users\Public\Experiments\IDs\05-WMC\MU","Tr13_test1.png","9","558325","C:/Users/Public/Experiments/IDs/05-WMC/MU/MUsbj077.csv","test","0","3","77","556355","558325"
"MU.osexp","C:\Users\Public\Experiments\IDs\05-WMC\MU","Tr13_test2.png","1","560405","C:/Users/Public/Experiments/IDs/05-WMC/MU/MUsbj077.csv","test","0","3","77","559487","560405"
"MU.osexp","C:\Users\Public\Experiments\IDs\05-WMC\MU","Tr13_test3.png","5","561788","C:/Users/Public/Experiments/IDs/05-WMC/MU/MUsbj077.csv","test","0","3","77","561494","561789"
"MU.osexp","C:\Users\Public\Experiments\IDs\05-WMC\MU","wait.png","5","561788","C:/Users/Public/Experiments/IDs/05-WMC/MU/MUsbj077.csv","wait","5000","5","77","562858","561789"
"MU.osexp","C:\Users\Public\Experiments\IDs\05-WMC\MU","fixation.png","5","561788","C:/Users/Public/Experiments/IDs/05-WMC/MU/MUsbj077.csv","fix","1500","5","77","567998","561789"
"MU.osexp","C:\Users\Public\Experiments\IDs\05-WMC\MU","Tr14_study1.png","5","561788","C:/Users/Public/Experiments/IDs/05-WMC/MU/MUsbj077.csv","study","1000","5","77","569599","570599"
"MU.osexp","C:\Users\Public\Experiments\IDs\05-WMC\MU","Tr14_study2.png","5","561788","C:/Users/Public/Experiments/IDs/05-WMC/MU/MUsbj077.csv","study","1000","5","77","570948","571950"
"MU.osexp","C:\Users\Public\Experiments\IDs\05-WMC\MU","Tr14_study3.png","5","561788","C:/Users/Public/Experiments/IDs/05-WMC/MU/MUsbj077.csv","study","1000","5","77","572305","573306"
"MU.osexp","C:\Users\Public\Experiments\IDs\05-WMC\MU","Tr14_study4.png","5","561788","C:/Users/Public/Experiments/IDs/05-WMC/MU/MUsbj077.csv","study","1000","5","77","573655","574656"
"MU.osexp","C:\Users\Public\Experiments\IDs\05-WMC\MU","Tr14_study5.png","5","561788","C:/Users/Public/Experiments/IDs/05-WMC/MU/MUsbj077.csv","study","1000","5","77","575000","576000"
"MU.osexp","C:\Users\Public\Experiments\IDs\05-WMC\MU","Tr14_update1.png","5","561788","C:/Users/Public/Experiments/IDs/05-WMC/MU/MUsbj077.csv","update","1300","5","77","576363","577664"
"MU.osexp","C:\Users\Public\Experiments\IDs\05-WMC\MU","Tr14_update2.png","5","561788","C:/Users/Public/Experiments/IDs/05-WMC/MU/MUsbj077.csv","update","1300","5","77","578017","579319"
"MU.osexp","C:\Users\Public\Experiments\IDs\05-WMC\MU","Tr14_update3.png","5","561788","C:/Users/Public/Experiments/IDs/05-WMC/MU/MUsbj077.csv","update","1300","5","77","579670","580972"
"MU.osexp","C:\Users\Public\Experiments\IDs\05-WMC\MU","Tr14_update4.png","5","561788","C:/Users/Public/Experiments/IDs/05-WMC/MU/MUsbj077.csv","update","1300","5","77","581300","582601"
"MU.osexp","C:\Users\Public\Experiments\IDs\05-WMC\MU","Tr14_test1.png","8","584692","C:/Users/Public/Experiments/IDs/05-WMC/MU/MUsbj077.csv","test","0","5","77","582977","584693"
"MU.osexp","C:\Users\Public\Experiments\IDs\05-WMC\MU","Tr14_test2.png","7","586972","C:/Users/Public/Experiments/IDs/05-WMC/MU/MUsbj077.csv","test","0","5","77","585778","586973"
"MU.osexp","C:\Users\Public\Experiments\IDs\05-WMC\MU","Tr14_test3.png","4","590885","C:/Users/Public/Experiments/IDs/05-WMC/MU/MUsbj077.csv","test","0","5","77","588091","590886"
"MU.osexp","C:\Users\Public\Experiments\IDs\05-WMC\MU","Tr14_test4.png","7","596005","C:/Users/Public/Experiments/IDs/05-WMC/MU/MUsbj077.csv","test","0","5","77","591991","596005"
"MU.osexp","C:\Users\Public\Experiments\IDs\05-WMC\MU","Tr14_test5.png","8","598492","C:/Users/Public/Experiments/IDs/05-WMC/MU/MUsbj077.csv","test","0","5","77","597081","598493"
"MU.osexp","C:\Users\Public\Experiments\IDs\05-WMC\MU","wait.png","8","598492","C:/Users/Public/Experiments/IDs/05-WMC/MU/MUsbj077.csv","wait","5000","4","77","599591","598493"
"MU.osexp","C:\Users\Public\Experiments\IDs\05-WMC\MU","fixation.png","8","598492","C:/Users/Public/Experiments/IDs/05-WMC/MU/MUsbj077.csv","fix","1500","4","77","604689","598493"
"MU.osexp","C:\Users\Public\Experiments\IDs\05-WMC\MU","Tr15_study1.png","8","598492","C:/Users/Public/Experiments/IDs/05-WMC/MU/MUsbj077.csv","study","1000","4","77","606313","607313"
"MU.osexp","C:\Users\Public\Experiments\IDs\05-WMC\MU","Tr15_study2.png","8","598492","C:/Users/Public/Experiments/IDs/05-WMC/MU/MUsbj077.csv","study","1000","4","77","607669","608670"
"MU.osexp","C:\Users\Public\Experiments\IDs\05-WMC\MU","Tr15_study3.png","8","598492","C:/Users/Public/Experiments/IDs/05-WMC/MU/MUsbj077.csv","study","1000","4","77","609009","610009"
"MU.osexp","C:\Users\Public\Experiments\IDs\05-WMC\MU","Tr15_study4.png","8","598492","C:/Users/Public/Experiments/IDs/05-WMC/MU/MUsbj077.csv","study","1000","4","77","610338","611340"
"MU.osexp","C:\Users\Public\Experiments\IDs\05-WMC\MU","Tr15_update1.png","8","598492","C:/Users/Public/Experiments/IDs/05-WMC/MU/MUsbj077.csv","update","1300","4","77","611747","613048"
"MU.osexp","C:\Users\Public\Experiments\IDs\05-WMC\MU","Tr15_update2.png","8","598492","C:/Users/Public/Experiments/IDs/05-WMC/MU/MUsbj077.csv","update","1300","4","77","613377","614677"
"MU.osexp","C:\Users\Public\Experiments\IDs\05-WMC\MU","Tr15_update3.png","8","598492","C:/Users/Public/Experiments/IDs/05-WMC/MU/MUsbj077.csv","update","1300","4","77","615045","616345"
"MU.osexp","C:\Users\Public\Experiments\IDs\05-WMC\MU","Tr15_update4.png","8","598492","C:/Users/Public/Experiments/IDs/05-WMC/MU/MUsbj077.csv","update","1300","4","77","616698","617998"
"MU.osexp","C:\Users\Public\Experiments\IDs\05-WMC\MU","Tr15_update5.png","8","598492","C:/Users/Public/Experiments/IDs/05-WMC/MU/MUsbj077.csv","update","1300","4","77","618336","619638"
"MU.osexp","C:\Users\Public\Experiments\IDs\05-WMC\MU","Tr15_update6.png","8","598492","C:/Users/Public/Experiments/IDs/05-WMC/MU/MUsbj077.csv","update","1300","4","77","619982","621283"
"MU.osexp","C:\Users\Public\Experiments\IDs\05-WMC\MU","Tr15_test1.png","7","624677","C:/Users/Public/Experiments/IDs/05-WMC/MU/MUsbj077.csv","test","0","4","77","621648","624678"
"MU.osexp","C:\Users\Public\Experiments\IDs\05-WMC\MU","Tr15_test2.png","9","627613","C:/Users/Public/Experiments/IDs/05-WMC/MU/MUsbj077.csv","test","0","4","77","625803","627614"
"MU.osexp","C:\Users\Public\Experiments\IDs\05-WMC\MU","Tr15_test3.png","3","630597","C:/Users/Public/Experiments/IDs/05-WMC/MU/MUsbj077.csv","test","0","4","77","628700","630598"
"MU.osexp","C:\Users\Public\Experiments\IDs\05-WMC\MU","Tr15_test4.png","9","632525","C:/Users/Public/Experiments/IDs/05-WMC/MU/MUsbj077.csv","test","0","4","77","631775","632525"
"MU.osexp","C:\Users\Public\Experiments\IDs\05-WMC\MU","wait.png","9","632525","C:/Users/Public/Experiments/IDs/05-WMC/MU/MUsbj077.csv","wait","5000","4","77","633599","632525"
"MU.osexp","C:\Users\Public\Experiments\IDs\05-WMC\MU","fixation.png","9","632525","C:/Users/Public/Experiments/IDs/05-WMC/MU/MUsbj077.csv","fix","1500","4","77","638699","632525"
"MU.osexp","C:\Users\Public\Experiments\IDs\05-WMC\MU","Tr16_study1.png","9","632525","C:/Users/Public/Experiments/IDs/05-WMC/MU/MUsbj077.csv","study","1000","4","77","640306","641306"
"MU.osexp","C:\Users\Public\Experiments\IDs\05-WMC\MU","Tr16_study2.png","9","632525","C:/Users/Public/Experiments/IDs/05-WMC/MU/MUsbj077.csv","study","1000","4","77","641643","642643"
"MU.osexp","C:\Users\Public\Experiments\IDs\05-WMC\MU","Tr16_study3.png","9","632525","C:/Users/Public/Experiments/IDs/05-WMC/MU/MUsbj077.csv","study","1000","4","77","643005","644006"
"MU.osexp","C:\Users\Public\Experiments\IDs\05-WMC\MU","Tr16_study4.png","9","632525","C:/Users/Public/Experiments/IDs/05-WMC/MU/MUsbj077.csv","study","1000","4","77","644345","645346"
"MU.osexp","C:\Users\Public\Experiments\IDs\05-WMC\MU","Tr16_update1.png","9","632525","C:/Users/Public/Experiments/IDs/05-WMC/MU/MUsbj077.csv","update","1300","4","77","645698","646998"
"MU.osexp","C:\Users\Public\Experiments\IDs\05-WMC\MU","Tr16_update2.png","9","632525","C:/Users/Public/Experiments/IDs/05-WMC/MU/MUsbj077.csv","update","1300","4","77","647335","648637"
"MU.osexp","C:\Users\Public\Experiments\IDs\05-WMC\MU","Tr16_test1.png","9","655100","C:/Users/Public/Experiments/IDs/05-WMC/MU/MUsbj077.csv","test","0","4","77","648974","655101"
"MU.osexp","C:\Users\Public\Experiments\IDs\05-WMC\MU","Tr16_test2.png","7","659077","C:/Users/Public/Experiments/IDs/05-WMC/MU/MUsbj077.csv","test","0","4","77","656208","659078"
"MU.osexp","C:\Users\Public\Experiments\IDs\05-WMC\MU","Tr16_test3.png","5","662077","C:/Users/Public/Experiments/IDs/05-WMC/MU/MUsbj077.csv","test","0","4","77","660154","662078"
"MU.osexp","C:\Users\Public\Experiments\IDs\05-WMC\MU","Tr16_test4.png","6","664157","C:/Users/Public/Experiments/IDs/05-WMC/MU/MUsbj077.csv","test","0","4","77","663170","664158"
"MU.osexp","C:\Users\Public\Experiments\IDs\05-WMC\MU","wait.png","6","664157","C:/Users/Public/Experiments/IDs/05-WMC/MU/MUsbj077.csv","wait","5000","5","77","665255","664158"
"MU.osexp","C:\Users\Public\Experiments\IDs\05-WMC\MU","fixation.png","6","664157","C:/Users/Public/Experiments/IDs/05-WMC/MU/MUsbj077.csv","fix","1500","5","77","670327","664158"
"MU.osexp","C:\Users\Public\Experiments\IDs\05-WMC\MU","Tr17_study1.png","6","664157","C:/Users/Public/Experiments/IDs/05-WMC/MU/MUsbj077.csv","study","1000","5","77","671947","672947"
"MU.osexp","C:\Users\Public\Experiments\IDs\05-WMC\MU","Tr17_study2.png","6","664157","C:/Users/Public/Experiments/IDs/05-WMC/MU/MUsbj077.csv","study","1000","5","77","673286","674288"
"MU.osexp","C:\Users\Public\Experiments\IDs\05-WMC\MU","Tr17_study3.png","6","664157","C:/Users/Public/Experiments/IDs/05-WMC/MU/MUsbj077.csv","study","1000","5","77","674623","675625"
"MU.osexp","C:\Users\Public\Experiments\IDs\05-WMC\MU","Tr17_study4.png","6","664157","C:/Users/Public/Experiments/IDs/05-WMC/MU/MUsbj077.csv","study","1000","5","77","675971","676972"
"MU.osexp","C:\Users\Public\Experiments\IDs\05-WMC\MU","Tr17_study5.png","6","664157","C:/Users/Public/Experiments/IDs/05-WMC/MU/MUsbj077.csv","study","1000","5","77","677294","678294"
"MU.osexp","C:\Users\Public\Experiments\IDs\05-WMC\MU","Tr17_update1.png","6","664157","C:/Users/Public/Experiments/IDs/05-WMC/MU/MUsbj077.csv","update","1300","5","77","678660","679962"
"MU.osexp","C:\Users\Public\Experiments\IDs\05-WMC\MU","Tr17_update2.png","6","664157","C:/Users/Public/Experiments/IDs/05-WMC/MU/MUsbj077.csv","update","1300","5","77","680319","681620"
"MU.osexp","C:\Users\Public\Experiments\IDs\05-WMC\MU","Tr17_update3.png","6","664157","C:/Users/Public/Experiments/IDs/05-WMC/MU/MUsbj077.csv","update","1300","5","77","681973","683275"
"MU.osexp","C:\Users\Public\Experiments\IDs\05-WMC\MU","Tr17_update4.png","6","664157","C:/Users/Public/Experiments/IDs/05-WMC/MU/MUsbj077.csv","update","1300","5","77","683616","684917"
"MU.osexp","C:\Users\Public\Experiments\IDs\05-WMC\MU","Tr17_update5.png","6","664157","C:/Users/Public/Experiments/IDs/05-WMC/MU/MUsbj077.csv","update","1300","5","77","685272","686574"
"MU.osexp","C:\Users\Public\Experiments\IDs\05-WMC\MU","Tr17_update6.png","6","664157","C:/Users/Public/Experiments/IDs/05-WMC/MU/MUsbj077.csv","update","1300","5","77","686913","688215"
"MU.osexp","C:\Users\Public\Experiments\IDs\05-WMC\MU","Tr17_test1.png","4","692108","C:/Users/Public/Experiments/IDs/05-WMC/MU/MUsbj077.csv","test","0","5","77","688555","692109"
"MU.osexp","C:\Users\Public\Experiments\IDs\05-WMC\MU","Tr17_test2.png","6","694485","C:/Users/Public/Experiments/IDs/05-WMC/MU/MUsbj077.csv","test","0","5","77","693225","694486"
"MU.osexp","C:\Users\Public\Experiments\IDs\05-WMC\MU","Tr17_test3.png","8","696733","C:/Users/Public/Experiments/IDs/05-WMC/MU/MUsbj077.csv","test","0","5","77","695572","696734"
"MU.osexp","C:\Users\Public\Experiments\IDs\05-WMC\MU","Tr17_test4.png","9","698877","C:/Users/Public/Experiments/IDs/05-WMC/MU/MUsbj077.csv","test","0","5","77","697822","698878"
"MU.osexp","C:\Users\Public\Experiments\IDs\05-WMC\MU","Tr17_test5.png","4","702997","C:/Users/Public/Experiments/IDs/05-WMC/MU/MUsbj077.csv","test","0","5","77","699994","702997"
