"experiment_file","experiment_path","image","key","key_time","logfile","phase","playtime","setSize","subject_nr","timestamp","waittime"
"MU.osexp","C:\Users\Public\Experiments\SM01\05-WMC\MU","ready1.png","NA","NA","C:/Users/Public/Experiments/SM01/05-WMC/MU/MU_results/MUsbj033.csv","pre","0","3","33","99618","NA"
"MU.osexp","C:\Users\Public\Experiments\SM01\05-WMC\MU","fixation.png","NA","NA","C:/Users/Public/Experiments/SM01/05-WMC/MU/MU_results/MUsbj033.csv","fix","1500","3","33","100798","NA"
"MU.osexp","C:\Users\Public\Experiments\SM01\05-WMC\MU","Tr1_study1.png","NA","NA","C:/Users/Public/Experiments/SM01/05-WMC/MU/MU_results/MUsbj033.csv","study","1000","3","33","102373","103373"
"MU.osexp","C:\Users\Public\Experiments\SM01\05-WMC\MU","Tr1_study2.png","NA","NA","C:/Users/Public/Experiments/SM01/05-WMC/MU/MU_results/MUsbj033.csv","study","1000","3","33","103699","104699"
"MU.osexp","C:\Users\Public\Experiments\SM01\05-WMC\MU","Tr1_study3.png","NA","NA","C:/Users/Public/Experiments/SM01/05-WMC/MU/MU_results/MUsbj033.csv","study","1000","3","33","105024","106025"
"MU.osexp","C:\Users\Public\Experiments\SM01\05-WMC\MU","Tr1_update1.png","NA","NA","C:/Users/Public/Experiments/SM01/05-WMC/MU/MU_results/MUsbj033.csv","update","1300","3","33","106343","107645"
"MU.osexp","C:\Users\Public\Experiments\SM01\05-WMC\MU","Tr1_update2.png","NA","NA","C:/Users/Public/Experiments/SM01/05-WMC/MU/MU_results/MUsbj033.csv","update","1300","3","33","108001","109303"
"MU.osexp","C:\Users\Public\Experiments\SM01\05-WMC\MU","Tr1_update3.png","NA","NA","C:/Users/Public/Experiments/SM01/05-WMC/MU/MU_results/MUsbj033.csv","update","1300","3","33","109671","110973"
"MU.osexp","C:\Users\Public\Experiments\SM01\05-WMC\MU","Tr1_test1.png","space","115653","C:/Users/Public/Experiments/SM01/05-WMC/MU/MU_results/MUsbj033.csv","test","0","3","33","111356","115654"
"MU.osexp","C:\Users\Public\Experiments\SM01\05-WMC\MU","Tr1_test2.png","1","120741","C:/Users/Public/Experiments/SM01/05-WMC/MU/MU_results/MUsbj033.csv","test","0","3","33","116744","120742"
"MU.osexp","C:\Users\Public\Experiments\SM01\05-WMC\MU","Tr1_test3.png","2","124461","C:/Users/Public/Experiments/SM01/05-WMC/MU/MU_results/MUsbj033.csv","test","0","3","33","121852","124462"
"MU.osexp","C:\Users\Public\Experiments\SM01\05-WMC\MU","wait.png","2","124461","C:/Users/Public/Experiments/SM01/05-WMC/MU/MU_results/MUsbj033.csv","wait","5000","3","33","125567","124462"
"MU.osexp","C:\Users\Public\Experiments\SM01\05-WMC\MU","fixation.png","2","124461","C:/Users/Public/Experiments/SM01/05-WMC/MU/MU_results/MUsbj033.csv","fix","1500","3","33","130695","124462"
"MU.osexp","C:\Users\Public\Experiments\SM01\05-WMC\MU","Tr2_study1.png","2","124461","C:/Users/Public/Experiments/SM01/05-WMC/MU/MU_results/MUsbj033.csv","study","1000","3","33","132330","133332"
"MU.osexp","C:\Users\Public\Experiments\SM01\05-WMC\MU","Tr2_study2.png","2","124461","C:/Users/Public/Experiments/SM01/05-WMC/MU/MU_results/MUsbj033.csv","study","1000","3","33","133715","134717"
"MU.osexp","C:\Users\Public\Experiments\SM01\05-WMC\MU","Tr2_study3.png","2","124461","C:/Users/Public/Experiments/SM01/05-WMC/MU/MU_results/MUsbj033.csv","study","1000","3","33","135076","136078"
"MU.osexp","C:\Users\Public\Experiments\SM01\05-WMC\MU","Tr2_update1.png","2","124461","C:/Users/Public/Experiments/SM01/05-WMC/MU/MU_results/MUsbj033.csv","update","1300","3","33","136431","137733"
"MU.osexp","C:\Users\Public\Experiments\SM01\05-WMC\MU","Tr2_update2.png","2","124461","C:/Users/Public/Experiments/SM01/05-WMC/MU/MU_results/MUsbj033.csv","update","1300","3","33","138094","139396"
"MU.osexp","C:\Users\Public\Experiments\SM01\05-WMC\MU","Tr2_update3.png","2","124461","C:/Users/Public/Experiments/SM01/05-WMC/MU/MU_results/MUsbj033.csv","update","1300","3","33","139756","141058"
"MU.osexp","C:\Users\Public\Experiments\SM01\05-WMC\MU","Tr2_test1.png","4","146885","C:/Users/Public/Experiments/SM01/05-WMC/MU/MU_results/MUsbj033.csv","test","0","3","33","141406","146886"
"MU.osexp","C:\Users\Public\Experiments\SM01\05-WMC\MU","Tr2_test2.png","6","149508","C:/Users/Public/Experiments/SM01/05-WMC/MU/MU_results/MUsbj033.csv","test","0","3","33","147993","149509"
"MU.osexp","C:\Users\Public\Experiments\SM01\05-WMC\MU","Tr2_test3.png","1","151221","C:/Users/Public/Experiments/SM01/05-WMC/MU/MU_results/MUsbj033.csv","test","0","3","33","150636","151222"
"MU.osexp","C:\Users\Public\Experiments\SM01\05-WMC\MU","ready2.png","1","151221","C:/Users/Public/Experiments/SM01/05-WMC/MU/MU_results/MUsbj033.csv","pre","0","3","33","154863","151222"
"MU.osexp","C:\Users\Public\Experiments\SM01\05-WMC\MU","fixation.png","1","151221","C:/Users/Public/Experiments/SM01/05-WMC/MU/MU_results/MUsbj033.csv","fix","1500","3","33","156084","151222"
"MU.osexp","C:\Users\Public\Experiments\SM01\05-WMC\MU","Tr3_study1.png","1","151221","C:/Users/Public/Experiments/SM01/05-WMC/MU/MU_results/MUsbj033.csv","study","1000","3","33","157701","158703"
"MU.osexp","C:\Users\Public\Experiments\SM01\05-WMC\MU","Tr3_study2.png","1","151221","C:/Users/Public/Experiments/SM01/05-WMC/MU/MU_results/MUsbj033.csv","study","1000","3","33","159074","160076"
"MU.osexp","C:\Users\Public\Experiments\SM01\05-WMC\MU","Tr3_study3.png","1","151221","C:/Users/Public/Experiments/SM01/05-WMC/MU/MU_results/MUsbj033.csv","study","1000","3","33","160430","161432"
"MU.osexp","C:\Users\Public\Experiments\SM01\05-WMC\MU","Tr3_update1.png","1","151221","C:/Users/Public/Experiments/SM01/05-WMC/MU/MU_results/MUsbj033.csv","update","1300","3","33","161761","163063"
"MU.osexp","C:\Users\Public\Experiments\SM01\05-WMC\MU","Tr3_update2.png","1","151221","C:/Users/Public/Experiments/SM01/05-WMC/MU/MU_results/MUsbj033.csv","update","1300","3","33","163431","164733"
"MU.osexp","C:\Users\Public\Experiments\SM01\05-WMC\MU","Tr3_update3.png","1","151221","C:/Users/Public/Experiments/SM01/05-WMC/MU/MU_results/MUsbj033.csv","update","1300","3","33","165099","166401"
"MU.osexp","C:\Users\Public\Experiments\SM01\05-WMC\MU","Tr3_test1.png","9","168621","C:/Users/Public/Experiments/SM01/05-WMC/MU/MU_results/MUsbj033.csv","test","0","3","33","166760","168622"
"MU.osexp","C:\Users\Public\Experiments\SM01\05-WMC\MU","Tr3_test2.png","7","170517","C:/Users/Public/Experiments/SM01/05-WMC/MU/MU_results/MUsbj033.csv","test","0","3","33","169727","170518"
"MU.osexp","C:\Users\Public\Experiments\SM01\05-WMC\MU","Tr3_test3.png","7","171965","C:/Users/Public/Experiments/SM01/05-WMC/MU/MU_results/MUsbj033.csv","test","0","3","33","171627","171966"
"MU.osexp","C:\Users\Public\Experiments\SM01\05-WMC\MU","wait.png","7","171965","C:/Users/Public/Experiments/SM01/05-WMC/MU/MU_results/MUsbj033.csv","wait","5000","4","33","173079","171966"
"MU.osexp","C:\Users\Public\Experiments\SM01\05-WMC\MU","fixation.png","7","171965","C:/Users/Public/Experiments/SM01/05-WMC/MU/MU_results/MUsbj033.csv","fix","1500","4","33","178183","171966"
"MU.osexp","C:\Users\Public\Experiments\SM01\05-WMC\MU","Tr4_study1.png","7","171965","C:/Users/Public/Experiments/SM01/05-WMC/MU/MU_results/MUsbj033.csv","study","1000","4","33","179809","180811"
"MU.osexp","C:\Users\Public\Experiments\SM01\05-WMC\MU","Tr4_study2.png","7","171965","C:/Users/Public/Experiments/SM01/05-WMC/MU/MU_results/MUsbj033.csv","study","1000","4","33","181151","182153"
"MU.osexp","C:\Users\Public\Experiments\SM01\05-WMC\MU","Tr4_study3.png","7","171965","C:/Users/Public/Experiments/SM01/05-WMC/MU/MU_results/MUsbj033.csv","study","1000","4","33","182529","183531"
"MU.osexp","C:\Users\Public\Experiments\SM01\05-WMC\MU","Tr4_study4.png","7","171965","C:/Users/Public/Experiments/SM01/05-WMC/MU/MU_results/MUsbj033.csv","study","1000","4","33","183902","184904"
"MU.osexp","C:\Users\Public\Experiments\SM01\05-WMC\MU","Tr4_update1.png","7","171965","C:/Users/Public/Experiments/SM01/05-WMC/MU/MU_results/MUsbj033.csv","update","1300","4","33","185269","186572"
"MU.osexp","C:\Users\Public\Experiments\SM01\05-WMC\MU","Tr4_update2.png","7","171965","C:/Users/Public/Experiments/SM01/05-WMC/MU/MU_results/MUsbj033.csv","update","1300","4","33","186927","188228"
"MU.osexp","C:\Users\Public\Experiments\SM01\05-WMC\MU","Tr4_update3.png","7","171965","C:/Users/Public/Experiments/SM01/05-WMC/MU/MU_results/MUsbj033.csv","update","1300","4","33","188592","189894"
"MU.osexp","C:\Users\Public\Experiments\SM01\05-WMC\MU","Tr4_update4.png","7","171965","C:/Users/Public/Experiments/SM01/05-WMC/MU/MU_results/MUsbj033.csv","update","1300","4","33","190263","191565"
"MU.osexp","C:\Users\Public\Experiments\SM01\05-WMC\MU","Tr4_test1.png","3","194565","C:/Users/Public/Experiments/SM01/05-WMC/MU/MU_results/MUsbj033.csv","test","0","4","33","191932","194566"
"MU.osexp","C:\Users\Public\Experiments\SM01\05-WMC\MU","Tr4_test2.png","9","196813","C:/Users/Public/Experiments/SM01/05-WMC/MU/MU_results/MUsbj033.csv","test","0","4","33","195683","196814"
"MU.osexp","C:\Users\Public\Experiments\SM01\05-WMC\MU","Tr4_test3.png","7","199157","C:/Users/Public/Experiments/SM01/05-WMC/MU/MU_results/MUsbj033.csv","test","0","4","33","197920","199158"
"MU.osexp","C:\Users\Public\Experiments\SM01\05-WMC\MU","Tr4_test4.png","3","201093","C:/Users/Public/Experiments/SM01/05-WMC/MU/MU_results/MUsbj033.csv","test","0","4","33","200273","201093"
"MU.osexp","C:\Users\Public\Experiments\SM01\05-WMC\MU","wait.png","3","201093","C:/Users/Public/Experiments/SM01/05-WMC/MU/MU_results/MUsbj033.csv","wait","5000","3","33","202207","201093"
"MU.osexp","C:\Users\Public\Experiments\SM01\05-WMC\MU","fixation.png","3","201093","C:/Users/Public/Experiments/SM01/05-WMC/MU/MU_results/MUsbj033.csv","fix","1500","3","33","207314","201093"
"MU.osexp","C:\Users\Public\Experiments\SM01\05-WMC\MU","Tr5_study1.png","3","201093","C:/Users/Public/Experiments/SM01/05-WMC/MU/MU_results/MUsbj033.csv","study","1000","3","33","208940","209942"
"MU.osexp","C:\Users\Public\Experiments\SM01\05-WMC\MU","Tr5_study2.png","3","201093","C:/Users/Public/Experiments/SM01/05-WMC/MU/MU_results/MUsbj033.csv","study","1000","3","33","210319","211321"
"MU.osexp","C:\Users\Public\Experiments\SM01\05-WMC\MU","Tr5_study3.png","3","201093","C:/Users/Public/Experiments/SM01/05-WMC/MU/MU_results/MUsbj033.csv","study","1000","3","33","211703","212705"
"MU.osexp","C:\Users\Public\Experiments\SM01\05-WMC\MU","Tr5_update1.png","3","201093","C:/Users/Public/Experiments/SM01/05-WMC/MU/MU_results/MUsbj033.csv","update","1300","3","33","213036","214338"
"MU.osexp","C:\Users\Public\Experiments\SM01\05-WMC\MU","Tr5_update2.png","3","201093","C:/Users/Public/Experiments/SM01/05-WMC/MU/MU_results/MUsbj033.csv","update","1300","3","33","214793","216095"
"MU.osexp","C:\Users\Public\Experiments\SM01\05-WMC\MU","Tr5_update3.png","3","201093","C:/Users/Public/Experiments/SM01/05-WMC/MU/MU_results/MUsbj033.csv","update","1300","3","33","216472","217773"
"MU.osexp","C:\Users\Public\Experiments\SM01\05-WMC\MU","Tr5_update4.png","3","201093","C:/Users/Public/Experiments/SM01/05-WMC/MU/MU_results/MUsbj033.csv","update","1300","3","33","218109","219410"
"MU.osexp","C:\Users\Public\Experiments\SM01\05-WMC\MU","Tr5_update5.png","3","201093","C:/Users/Public/Experiments/SM01/05-WMC/MU/MU_results/MUsbj033.csv","update","1300","3","33","219764","221066"
"MU.osexp","C:\Users\Public\Experiments\SM01\05-WMC\MU","Tr5_update6.png","3","201093","C:/Users/Public/Experiments/SM01/05-WMC/MU/MU_results/MUsbj033.csv","update","1300","3","33","221426","222728"
"MU.osexp","C:\Users\Public\Experiments\SM01\05-WMC\MU","Tr5_test1.png","7","225301","C:/Users/Public/Experiments/SM01/05-WMC/MU/MU_results/MUsbj033.csv","test","0","3","33","223101","225302"
"MU.osexp","C:\Users\Public\Experiments\SM01\05-WMC\MU","Tr5_test2.png","9","227685","C:/Users/Public/Experiments/SM01/05-WMC/MU/MU_results/MUsbj033.csv","test","0","3","33","226419","227686"
"MU.osexp","C:\Users\Public\Experiments\SM01\05-WMC\MU","Tr5_test3.png","2","229277","C:/Users/Public/Experiments/SM01/05-WMC/MU/MU_results/MUsbj033.csv","test","0","3","33","228777","229278"
"MU.osexp","C:\Users\Public\Experiments\SM01\05-WMC\MU","wait.png","2","229277","C:/Users/Public/Experiments/SM01/05-WMC/MU/MU_results/MUsbj033.csv","wait","5000","4","33","230398","229278"
"MU.osexp","C:\Users\Public\Experiments\SM01\05-WMC\MU","fixation.png","2","229277","C:/Users/Public/Experiments/SM01/05-WMC/MU/MU_results/MUsbj033.csv","fix","1500","4","33","235509","229278"
"MU.osexp","C:\Users\Public\Experiments\SM01\05-WMC\MU","Tr6_study1.png","2","229277","C:/Users/Public/Experiments/SM01/05-WMC/MU/MU_results/MUsbj033.csv","study","1000","4","33","237111","238113"
"MU.osexp","C:\Users\Public\Experiments\SM01\05-WMC\MU","Tr6_study2.png","2","229277","C:/Users/Public/Experiments/SM01/05-WMC/MU/MU_results/MUsbj033.csv","study","1000","4","33","238633","239635"
"MU.osexp","C:\Users\Public\Experiments\SM01\05-WMC\MU","Tr6_study3.png","2","229277","C:/Users/Public/Experiments/SM01/05-WMC/MU/MU_results/MUsbj033.csv","study","1000","4","33","239995","240997"
"MU.osexp","C:\Users\Public\Experiments\SM01\05-WMC\MU","Tr6_study4.png","2","229277","C:/Users/Public/Experiments/SM01/05-WMC/MU/MU_results/MUsbj033.csv","study","1000","4","33","241330","242332"
"MU.osexp","C:\Users\Public\Experiments\SM01\05-WMC\MU","Tr6_update1.png","2","229277","C:/Users/Public/Experiments/SM01/05-WMC/MU/MU_results/MUsbj033.csv","update","1300","4","33","242721","244023"
"MU.osexp","C:\Users\Public\Experiments\SM01\05-WMC\MU","Tr6_update2.png","2","229277","C:/Users/Public/Experiments/SM01/05-WMC/MU/MU_results/MUsbj033.csv","update","1300","4","33","244383","245685"
"MU.osexp","C:\Users\Public\Experiments\SM01\05-WMC\MU","Tr6_update3.png","2","229277","C:/Users/Public/Experiments/SM01/05-WMC/MU/MU_results/MUsbj033.csv","update","1300","4","33","246044","247346"
"MU.osexp","C:\Users\Public\Experiments\SM01\05-WMC\MU","Tr6_update4.png","2","229277","C:/Users/Public/Experiments/SM01/05-WMC/MU/MU_results/MUsbj033.csv","update","1300","4","33","247695","248997"
"MU.osexp","C:\Users\Public\Experiments\SM01\05-WMC\MU","Tr6_update5.png","2","229277","C:/Users/Public/Experiments/SM01/05-WMC/MU/MU_results/MUsbj033.csv","update","1300","4","33","249410","250712"
"MU.osexp","C:\Users\Public\Experiments\SM01\05-WMC\MU","Tr6_test1.png","6","253437","C:/Users/Public/Experiments/SM01/05-WMC/MU/MU_results/MUsbj033.csv","test","0","4","33","251061","253438"
"MU.osexp","C:\Users\Public\Experiments\SM01\05-WMC\MU","Tr6_test2.png","1","254605","C:/Users/Public/Experiments/SM01/05-WMC/MU/MU_results/MUsbj033.csv","test","0","4","33","254566","254606"
"MU.osexp","C:\Users\Public\Experiments\SM01\05-WMC\MU","Tr6_test3.png","6","256845","C:/Users/Public/Experiments/SM01/05-WMC/MU/MU_results/MUsbj033.csv","test","0","4","33","255709","256846"
"MU.osexp","C:\Users\Public\Experiments\SM01\05-WMC\MU","Tr6_test4.png","8","258509","C:/Users/Public/Experiments/SM01/05-WMC/MU/MU_results/MUsbj033.csv","test","0","4","33","257939","258510"
"MU.osexp","C:\Users\Public\Experiments\SM01\05-WMC\MU","wait.png","8","258509","C:/Users/Public/Experiments/SM01/05-WMC/MU/MU_results/MUsbj033.csv","wait","5000","5","33","259618","258510"
"MU.osexp","C:\Users\Public\Experiments\SM01\05-WMC\MU","fixation.png","8","258509","C:/Users/Public/Experiments/SM01/05-WMC/MU/MU_results/MUsbj033.csv","fix","1500","5","33","264783","258510"
"MU.osexp","C:\Users\Public\Experiments\SM01\05-WMC\MU","Tr7_study1.png","8","258509","C:/Users/Public/Experiments/SM01/05-WMC/MU/MU_results/MUsbj033.csv","study","1000","5","33","266403","267405"
"MU.osexp","C:\Users\Public\Experiments\SM01\05-WMC\MU","Tr7_study2.png","8","258509","C:/Users/Public/Experiments/SM01/05-WMC/MU/MU_results/MUsbj033.csv","study","1000","5","33","267754","268756"
"MU.osexp","C:\Users\Public\Experiments\SM01\05-WMC\MU","Tr7_study3.png","8","258509","C:/Users/Public/Experiments/SM01/05-WMC/MU/MU_results/MUsbj033.csv","study","1000","5","33","269115","270117"
"MU.osexp","C:\Users\Public\Experiments\SM01\05-WMC\MU","Tr7_study4.png","8","258509","C:/Users/Public/Experiments/SM01/05-WMC/MU/MU_results/MUsbj033.csv","study","1000","5","33","270476","271478"
"MU.osexp","C:\Users\Public\Experiments\SM01\05-WMC\MU","Tr7_study5.png","8","258509","C:/Users/Public/Experiments/SM01/05-WMC/MU/MU_results/MUsbj033.csv","study","1000","5","33","271843","272845"
"MU.osexp","C:\Users\Public\Experiments\SM01\05-WMC\MU","Tr7_update1.png","8","258509","C:/Users/Public/Experiments/SM01/05-WMC/MU/MU_results/MUsbj033.csv","update","1300","5","33","273308","274610"
"MU.osexp","C:\Users\Public\Experiments\SM01\05-WMC\MU","Tr7_update2.png","8","258509","C:/Users/Public/Experiments/SM01/05-WMC/MU/MU_results/MUsbj033.csv","update","1300","5","33","275073","276375"
"MU.osexp","C:\Users\Public\Experiments\SM01\05-WMC\MU","Tr7_update3.png","8","258509","C:/Users/Public/Experiments/SM01/05-WMC/MU/MU_results/MUsbj033.csv","update","1300","5","33","276734","278036"
"MU.osexp","C:\Users\Public\Experiments\SM01\05-WMC\MU","Tr7_update4.png","8","258509","C:/Users/Public/Experiments/SM01/05-WMC/MU/MU_results/MUsbj033.csv","update","1300","5","33","278397","279699"
"MU.osexp","C:\Users\Public\Experiments\SM01\05-WMC\MU","Tr7_update5.png","8","258509","C:/Users/Public/Experiments/SM01/05-WMC/MU/MU_results/MUsbj033.csv","update","1300","5","33","280107","281409"
"MU.osexp","C:\Users\Public\Experiments\SM01\05-WMC\MU","Tr7_test1.png","3","283485","C:/Users/Public/Experiments/SM01/05-WMC/MU/MU_results/MUsbj033.csv","test","0","5","33","281771","283486"
"MU.osexp","C:\Users\Public\Experiments\SM01\05-WMC\MU","Tr7_test2.png","6","285733","C:/Users/Public/Experiments/SM01/05-WMC/MU/MU_results/MUsbj033.csv","test","0","5","33","284579","285734"
"MU.osexp","C:\Users\Public\Experiments\SM01\05-WMC\MU","Tr7_test3.png","6","288333","C:/Users/Public/Experiments/SM01/05-WMC/MU/MU_results/MUsbj033.csv","test","0","5","33","286836","288334"
"MU.osexp","C:\Users\Public\Experiments\SM01\05-WMC\MU","Tr7_test4.png","7","290494","C:/Users/Public/Experiments/SM01/05-WMC/MU/MU_results/MUsbj033.csv","test","0","5","33","289438","290494"
"MU.osexp","C:\Users\Public\Experiments\SM01\05-WMC\MU","Tr7_test5.png","3","292205","C:/Users/Public/Experiments/SM01/05-WMC/MU/MU_results/MUsbj033.csv","test","0","5","33","291592","292206"
"MU.osexp","C:\Users\Public\Experiments\SM01\05-WMC\MU","wait.png","3","292205","C:/Users/Public/Experiments/SM01/05-WMC/MU/MU_results/MUsbj033.csv","wait","5000","4","33","293309","292206"
"MU.osexp","C:\Users\Public\Experiments\SM01\05-WMC\MU","fixation.png","3","292205","C:/Users/Public/Experiments/SM01/05-WMC/MU/MU_results/MUsbj033.csv","fix","1500","4","33","298419","292206"
"MU.osexp","C:\Users\Public\Experiments\SM01\05-WMC\MU","Tr8_study1.png","3","292205","C:/Users/Public/Experiments/SM01/05-WMC/MU/MU_results/MUsbj033.csv","study","1000","4","33","300021","301024"
"MU.osexp","C:\Users\Public\Experiments\SM01\05-WMC\MU","Tr8_study2.png","3","292205","C:/Users/Public/Experiments/SM01/05-WMC/MU/MU_results/MUsbj033.csv","study","1000","4","33","301386","302388"
"MU.osexp","C:\Users\Public\Experiments\SM01\05-WMC\MU","Tr8_study3.png","3","292205","C:/Users/Public/Experiments/SM01/05-WMC/MU/MU_results/MUsbj033.csv","study","1000","4","33","302753","303755"
"MU.osexp","C:\Users\Public\Experiments\SM01\05-WMC\MU","Tr8_study4.png","3","292205","C:/Users/Public/Experiments/SM01/05-WMC/MU/MU_results/MUsbj033.csv","study","1000","4","33","304117","305119"
"MU.osexp","C:\Users\Public\Experiments\SM01\05-WMC\MU","Tr8_update1.png","3","292205","C:/Users/Public/Experiments/SM01/05-WMC/MU/MU_results/MUsbj033.csv","update","1300","4","33","305472","306774"
"MU.osexp","C:\Users\Public\Experiments\SM01\05-WMC\MU","Tr8_update2.png","3","292205","C:/Users/Public/Experiments/SM01/05-WMC/MU/MU_results/MUsbj033.csv","update","1300","4","33","307112","308414"
"MU.osexp","C:\Users\Public\Experiments\SM01\05-WMC\MU","Tr8_update3.png","3","292205","C:/Users/Public/Experiments/SM01/05-WMC/MU/MU_results/MUsbj033.csv","update","1300","4","33","308782","310084"
"MU.osexp","C:\Users\Public\Experiments\SM01\05-WMC\MU","Tr8_test1.png","7","313565","C:/Users/Public/Experiments/SM01/05-WMC/MU/MU_results/MUsbj033.csv","test","0","4","33","310443","313566"
"MU.osexp","C:\Users\Public\Experiments\SM01\05-WMC\MU","Tr8_test2.png","2","315829","C:/Users/Public/Experiments/SM01/05-WMC/MU/MU_results/MUsbj033.csv","test","0","4","33","314674","315830"
"MU.osexp","C:\Users\Public\Experiments\SM01\05-WMC\MU","Tr8_test3.png","9","317725","C:/Users/Public/Experiments/SM01/05-WMC/MU/MU_results/MUsbj033.csv","test","0","4","33","316941","317726"
"MU.osexp","C:\Users\Public\Experiments\SM01\05-WMC\MU","Tr8_test4.png","2","319477","C:/Users/Public/Experiments/SM01/05-WMC/MU/MU_results/MUsbj033.csv","test","0","4","33","318820","319478"
"MU.osexp","C:\Users\Public\Experiments\SM01\05-WMC\MU","wait.png","2","319477","C:/Users/Public/Experiments/SM01/05-WMC/MU/MU_results/MUsbj033.csv","wait","5000","5","33","320572","319478"
"MU.osexp","C:\Users\Public\Experiments\SM01\05-WMC\MU","fixation.png","2","319477","C:/Users/Public/Experiments/SM01/05-WMC/MU/MU_results/MUsbj033.csv","fix","1500","5","33","325694","319478"
"MU.osexp","C:\Users\Public\Experiments\SM01\05-WMC\MU","Tr9_study1.png","2","319477","C:/Users/Public/Experiments/SM01/05-WMC/MU/MU_results/MUsbj033.csv","study","1000","5","33","327302","328304"
"MU.osexp","C:\Users\Public\Experiments\SM01\05-WMC\MU","Tr9_study2.png","2","319477","C:/Users/Public/Experiments/SM01/05-WMC/MU/MU_results/MUsbj033.csv","study","1000","5","33","328666","329668"
"MU.osexp","C:\Users\Public\Experiments\SM01\05-WMC\MU","Tr9_study3.png","2","319477","C:/Users/Public/Experiments/SM01/05-WMC/MU/MU_results/MUsbj033.csv","study","1000","5","33","330025","331027"
"MU.osexp","C:\Users\Public\Experiments\SM01\05-WMC\MU","Tr9_study4.png","2","319477","C:/Users/Public/Experiments/SM01/05-WMC/MU/MU_results/MUsbj033.csv","study","1000","5","33","331378","332380"
"MU.osexp","C:\Users\Public\Experiments\SM01\05-WMC\MU","Tr9_study5.png","2","319477","C:/Users/Public/Experiments/SM01/05-WMC/MU/MU_results/MUsbj033.csv","study","1000","5","33","332708","333710"
"MU.osexp","C:\Users\Public\Experiments\SM01\05-WMC\MU","Tr9_update1.png","2","319477","C:/Users/Public/Experiments/SM01/05-WMC/MU/MU_results/MUsbj033.csv","update","1300","5","33","334063","335365"
"MU.osexp","C:\Users\Public\Experiments\SM01\05-WMC\MU","Tr9_update2.png","2","319477","C:/Users/Public/Experiments/SM01/05-WMC/MU/MU_results/MUsbj033.csv","update","1300","5","33","335743","337045"
"MU.osexp","C:\Users\Public\Experiments\SM01\05-WMC\MU","Tr9_test1.png","4","339109","C:/Users/Public/Experiments/SM01/05-WMC/MU/MU_results/MUsbj033.csv","test","0","5","33","337402","339110"
"MU.osexp","C:\Users\Public\Experiments\SM01\05-WMC\MU","Tr9_test2.png","5","342774","C:/Users/Public/Experiments/SM01/05-WMC/MU/MU_results/MUsbj033.csv","test","0","5","33","340211","342774"
"MU.osexp","C:\Users\Public\Experiments\SM01\05-WMC\MU","Tr9_test3.png","7","344981","C:/Users/Public/Experiments/SM01/05-WMC/MU/MU_results/MUsbj033.csv","test","0","5","33","343878","344982"
"MU.osexp","C:\Users\Public\Experiments\SM01\05-WMC\MU","Tr9_test4.png","6","347061","C:/Users/Public/Experiments/SM01/05-WMC/MU/MU_results/MUsbj033.csv","test","0","5","33","346086","347062"
"MU.osexp","C:\Users\Public\Experiments\SM01\05-WMC\MU","Tr9_test5.png","1","348789","C:/Users/Public/Experiments/SM01/05-WMC/MU/MU_results/MUsbj033.csv","test","0","5","33","348172","348790"
"MU.osexp","C:\Users\Public\Experiments\SM01\05-WMC\MU","wait.png","1","348789","C:/Users/Public/Experiments/SM01/05-WMC/MU/MU_results/MUsbj033.csv","wait","5000","3","33","349903","348790"
"MU.osexp","C:\Users\Public\Experiments\SM01\05-WMC\MU","fixation.png","1","348789","C:/Users/Public/Experiments/SM01/05-WMC/MU/MU_results/MUsbj033.csv","fix","1500","3","33","354991","348790"
"MU.osexp","C:\Users\Public\Experiments\SM01\05-WMC\MU","Tr10_study1.png","1","348789","C:/Users/Public/Experiments/SM01/05-WMC/MU/MU_results/MUsbj033.csv","study","1000","3","33","356602","357604"
"MU.osexp","C:\Users\Public\Experiments\SM01\05-WMC\MU","Tr10_study2.png","1","348789","C:/Users/Public/Experiments/SM01/05-WMC/MU/MU_results/MUsbj033.csv","study","1000","3","33","357956","358958"
"MU.osexp","C:\Users\Public\Experiments\SM01\05-WMC\MU","Tr10_study3.png","1","348789","C:/Users/Public/Experiments/SM01/05-WMC/MU/MU_results/MUsbj033.csv","study","1000","3","33","359329","360331"
"MU.osexp","C:\Users\Public\Experiments\SM01\05-WMC\MU","Tr10_update1.png","1","348789","C:/Users/Public/Experiments/SM01/05-WMC/MU/MU_results/MUsbj033.csv","update","1300","3","33","360678","361980"
"MU.osexp","C:\Users\Public\Experiments\SM01\05-WMC\MU","Tr10_update2.png","1","348789","C:/Users/Public/Experiments/SM01/05-WMC/MU/MU_results/MUsbj033.csv","update","1300","3","33","362335","363637"
"MU.osexp","C:\Users\Public\Experiments\SM01\05-WMC\MU","Tr10_test1.png","5","365565","C:/Users/Public/Experiments/SM01/05-WMC/MU/MU_results/MUsbj033.csv","test","0","3","33","363984","365566"
"MU.osexp","C:\Users\Public\Experiments\SM01\05-WMC\MU","Tr10_test2.png","5","366845","C:/Users/Public/Experiments/SM01/05-WMC/MU/MU_results/MUsbj033.csv","test","0","3","33","366731","366846"
"MU.osexp","C:\Users\Public\Experiments\SM01\05-WMC\MU","Tr10_test3.png","5","368205","C:/Users/Public/Experiments/SM01/05-WMC/MU/MU_results/MUsbj033.csv","test","0","3","33","367955","368206"
"MU.osexp","C:\Users\Public\Experiments\SM01\05-WMC\MU","wait.png","5","368205","C:/Users/Public/Experiments/SM01/05-WMC/MU/MU_results/MUsbj033.csv","wait","5000","5","33","369296","368206"
"MU.osexp","C:\Users\Public\Experiments\SM01\05-WMC\MU","fixation.png","5","368205","C:/Users/Public/Experiments/SM01/05-WMC/MU/MU_results/MUsbj033.csv","fix","1500","5","33","374380","368206"
"MU.osexp","C:\Users\Public\Experiments\SM01\05-WMC\MU","Tr11_study1.png","5","368205","C:/Users/Public/Experiments/SM01/05-WMC/MU/MU_results/MUsbj033.csv","study","1000","5","33","375986","376988"
"MU.osexp","C:\Users\Public\Experiments\SM01\05-WMC\MU","Tr11_study2.png","5","368205","C:/Users/Public/Experiments/SM01/05-WMC/MU/MU_results/MUsbj033.csv","study","1000","5","33","377319","378321"
"MU.osexp","C:\Users\Public\Experiments\SM01\05-WMC\MU","Tr11_study3.png","5","368205","C:/Users/Public/Experiments/SM01/05-WMC/MU/MU_results/MUsbj033.csv","study","1000","5","33","378743","379745"
"MU.osexp","C:\Users\Public\Experiments\SM01\05-WMC\MU","Tr11_study4.png","5","368205","C:/Users/Public/Experiments/SM01/05-WMC/MU/MU_results/MUsbj033.csv","study","1000","5","33","380098","381100"
"MU.osexp","C:\Users\Public\Experiments\SM01\05-WMC\MU","Tr11_study5.png","5","368205","C:/Users/Public/Experiments/SM01/05-WMC/MU/MU_results/MUsbj033.csv","study","1000","5","33","381441","382443"
"MU.osexp","C:\Users\Public\Experiments\SM01\05-WMC\MU","Tr11_update1.png","5","368205","C:/Users/Public/Experiments/SM01/05-WMC/MU/MU_results/MUsbj033.csv","update","1300","5","33","382779","384081"
"MU.osexp","C:\Users\Public\Experiments\SM01\05-WMC\MU","Tr11_update2.png","5","368205","C:/Users/Public/Experiments/SM01/05-WMC/MU/MU_results/MUsbj033.csv","update","1300","5","33","384420","385722"
"MU.osexp","C:\Users\Public\Experiments\SM01\05-WMC\MU","Tr11_update3.png","5","368205","C:/Users/Public/Experiments/SM01/05-WMC/MU/MU_results/MUsbj033.csv","update","1300","5","33","386077","387380"
"MU.osexp","C:\Users\Public\Experiments\SM01\05-WMC\MU","Tr11_test1.png","8","389565","C:/Users/Public/Experiments/SM01/05-WMC/MU/MU_results/MUsbj033.csv","test","0","5","33","387734","389566"
"MU.osexp","C:\Users\Public\Experiments\SM01\05-WMC\MU","Tr11_test2.png","5","391845","C:/Users/Public/Experiments/SM01/05-WMC/MU/MU_results/MUsbj033.csv","test","0","5","33","390670","391846"
"MU.osexp","C:\Users\Public\Experiments\SM01\05-WMC\MU","Tr11_test3.png","1","394085","C:/Users/Public/Experiments/SM01/05-WMC/MU/MU_results/MUsbj033.csv","test","0","5","33","392950","394086"
"MU.osexp","C:\Users\Public\Experiments\SM01\05-WMC\MU","Tr11_test4.png","6","396254","C:/Users/Public/Experiments/SM01/05-WMC/MU/MU_results/MUsbj033.csv","test","0","5","33","395301","396255"
"MU.osexp","C:\Users\Public\Experiments\SM01\05-WMC\MU","Tr11_test5.png","5","398629","C:/Users/Public/Experiments/SM01/05-WMC/MU/MU_results/MUsbj033.csv","test","0","5","33","397351","398630"
"MU.osexp","C:\Users\Public\Experiments\SM01\05-WMC\MU","wait.png","5","398629","C:/Users/Public/Experiments/SM01/05-WMC/MU/MU_results/MUsbj033.csv","wait","5000","3","33","399709","398630"
"MU.osexp","C:\Users\Public\Experiments\SM01\05-WMC\MU","fixation.png","5","398629","C:/Users/Public/Experiments/SM01/05-WMC/MU/MU_results/MUsbj033.csv","fix","1500","3","33","404800","398630"
"MU.osexp","C:\Users\Public\Experiments\SM01\05-WMC\MU","Tr12_study1.png","5","398629","C:/Users/Public/Experiments/SM01/05-WMC/MU/MU_results/MUsbj033.csv","study","1000","3","33","406400","407402"
"MU.osexp","C:\Users\Public\Experiments\SM01\05-WMC\MU","Tr12_study2.png","5","398629","C:/Users/Public/Experiments/SM01/05-WMC/MU/MU_results/MUsbj033.csv","study","1000","3","33","407754","408756"
"MU.osexp","C:\Users\Public\Experiments\SM01\05-WMC\MU","Tr12_study3.png","5","398629","C:/Users/Public/Experiments/SM01/05-WMC/MU/MU_results/MUsbj033.csv","study","1000","3","33","409103","410105"
"MU.osexp","C:\Users\Public\Experiments\SM01\05-WMC\MU","Tr12_update1.png","5","398629","C:/Users/Public/Experiments/SM01/05-WMC/MU/MU_results/MUsbj033.csv","update","1300","3","33","410467","411769"
"MU.osexp","C:\Users\Public\Experiments\SM01\05-WMC\MU","Tr12_update2.png","5","398629","C:/Users/Public/Experiments/SM01/05-WMC/MU/MU_results/MUsbj033.csv","update","1300","3","33","412155","413457"
"MU.osexp","C:\Users\Public\Experiments\SM01\05-WMC\MU","Tr12_update3.png","5","398629","C:/Users/Public/Experiments/SM01/05-WMC/MU/MU_results/MUsbj033.csv","update","1300","3","33","413793","415095"
"MU.osexp","C:\Users\Public\Experiments\SM01\05-WMC\MU","Tr12_update4.png","5","398629","C:/Users/Public/Experiments/SM01/05-WMC/MU/MU_results/MUsbj033.csv","update","1300","3","33","415462","416764"
"MU.osexp","C:\Users\Public\Experiments\SM01\05-WMC\MU","Tr12_update5.png","5","398629","C:/Users/Public/Experiments/SM01/05-WMC/MU/MU_results/MUsbj033.csv","update","1300","3","33","417098","418400"
"MU.osexp","C:\Users\Public\Experiments\SM01\05-WMC\MU","Tr12_test1.png","4","420005","C:/Users/Public/Experiments/SM01/05-WMC/MU/MU_results/MUsbj033.csv","test","0","3","33","418762","420006"
"MU.osexp","C:\Users\Public\Experiments\SM01\05-WMC\MU","Tr12_test2.png","7","421365","C:/Users/Public/Experiments/SM01/05-WMC/MU/MU_results/MUsbj033.csv","test","0","3","33","421128","421366"
"MU.osexp","C:\Users\Public\Experiments\SM01\05-WMC\MU","Tr12_test3.png","4","422789","C:/Users/Public/Experiments/SM01/05-WMC/MU/MU_results/MUsbj033.csv","test","0","3","33","422500","422790"
"MU.osexp","C:\Users\Public\Experiments\SM01\05-WMC\MU","wait.png","4","422789","C:/Users/Public/Experiments/SM01/05-WMC/MU/MU_results/MUsbj033.csv","wait","5000","3","33","423897","422790"
"MU.osexp","C:\Users\Public\Experiments\SM01\05-WMC\MU","fixation.png","4","422789","C:/Users/Public/Experiments/SM01/05-WMC/MU/MU_results/MUsbj033.csv","fix","1500","3","33","429019","422790"
"MU.osexp","C:\Users\Public\Experiments\SM01\05-WMC\MU","Tr13_study1.png","4","422789","C:/Users/Public/Experiments/SM01/05-WMC/MU/MU_results/MUsbj033.csv","study","1000","3","33","430635","431637"
"MU.osexp","C:\Users\Public\Experiments\SM01\05-WMC\MU","Tr13_study2.png","4","422789","C:/Users/Public/Experiments/SM01/05-WMC/MU/MU_results/MUsbj033.csv","study","1000","3","33","432004","433006"
"MU.osexp","C:\Users\Public\Experiments\SM01\05-WMC\MU","Tr13_study3.png","4","422789","C:/Users/Public/Experiments/SM01/05-WMC/MU/MU_results/MUsbj033.csv","study","1000","3","33","433378","434380"
"MU.osexp","C:\Users\Public\Experiments\SM01\05-WMC\MU","Tr13_update1.png","4","422789","C:/Users/Public/Experiments/SM01/05-WMC/MU/MU_results/MUsbj033.csv","update","1300","3","33","434739","436041"
"MU.osexp","C:\Users\Public\Experiments\SM01\05-WMC\MU","Tr13_update2.png","4","422789","C:/Users/Public/Experiments/SM01/05-WMC/MU/MU_results/MUsbj033.csv","update","1300","3","33","436427","437729"
"MU.osexp","C:\Users\Public\Experiments\SM01\05-WMC\MU","Tr13_update3.png","4","422789","C:/Users/Public/Experiments/SM01/05-WMC/MU/MU_results/MUsbj033.csv","update","1300","3","33","438088","439390"
"MU.osexp","C:\Users\Public\Experiments\SM01\05-WMC\MU","Tr13_update4.png","4","422789","C:/Users/Public/Experiments/SM01/05-WMC/MU/MU_results/MUsbj033.csv","update","1300","3","33","439761","441063"
"MU.osexp","C:\Users\Public\Experiments\SM01\05-WMC\MU","Tr13_test1.png","3","442949","C:/Users/Public/Experiments/SM01/05-WMC/MU/MU_results/MUsbj033.csv","test","0","3","33","441444","442950"
"MU.osexp","C:\Users\Public\Experiments\SM01\05-WMC\MU","Tr13_test2.png","1","444957","C:/Users/Public/Experiments/SM01/05-WMC/MU/MU_results/MUsbj033.csv","test","0","3","33","444094","444958"
"MU.osexp","C:\Users\Public\Experiments\SM01\05-WMC\MU","Tr13_test3.png","5","446933","C:/Users/Public/Experiments/SM01/05-WMC/MU/MU_results/MUsbj033.csv","test","0","3","33","446083","446934"
"MU.osexp","C:\Users\Public\Experiments\SM01\05-WMC\MU","wait.png","5","446933","C:/Users/Public/Experiments/SM01/05-WMC/MU/MU_results/MUsbj033.csv","wait","5000","5","33","448039","446934"
"MU.osexp","C:\Users\Public\Experiments\SM01\05-WMC\MU","fixation.png","5","446933","C:/Users/Public/Experiments/SM01/05-WMC/MU/MU_results/MUsbj033.csv","fix","1500","5","33","453125","446934"
"MU.osexp","C:\Users\Public\Experiments\SM01\05-WMC\MU","Tr14_study1.png","5","446933","C:/Users/Public/Experiments/SM01/05-WMC/MU/MU_results/MUsbj033.csv","study","1000","5","33","454748","455750"
"MU.osexp","C:\Users\Public\Experiments\SM01\05-WMC\MU","Tr14_study2.png","5","446933","C:/Users/Public/Experiments/SM01/05-WMC/MU/MU_results/MUsbj033.csv","study","1000","5","33","456103","457105"
"MU.osexp","C:\Users\Public\Experiments\SM01\05-WMC\MU","Tr14_study3.png","5","446933","C:/Users/Public/Experiments/SM01/05-WMC/MU/MU_results/MUsbj033.csv","study","1000","5","33","457457","458459"
"MU.osexp","C:\Users\Public\Experiments\SM01\05-WMC\MU","Tr14_study4.png","5","446933","C:/Users/Public/Experiments/SM01/05-WMC/MU/MU_results/MUsbj033.csv","study","1000","5","33","458825","459827"
"MU.osexp","C:\Users\Public\Experiments\SM01\05-WMC\MU","Tr14_study5.png","5","446933","C:/Users/Public/Experiments/SM01/05-WMC/MU/MU_results/MUsbj033.csv","study","1000","5","33","460192","461194"
"MU.osexp","C:\Users\Public\Experiments\SM01\05-WMC\MU","Tr14_update1.png","5","446933","C:/Users/Public/Experiments/SM01/05-WMC/MU/MU_results/MUsbj033.csv","update","1300","5","33","461545","462847"
"MU.osexp","C:\Users\Public\Experiments\SM01\05-WMC\MU","Tr14_update2.png","5","446933","C:/Users/Public/Experiments/SM01/05-WMC/MU/MU_results/MUsbj033.csv","update","1300","5","33","463304","464606"
"MU.osexp","C:\Users\Public\Experiments\SM01\05-WMC\MU","Tr14_update3.png","5","446933","C:/Users/Public/Experiments/SM01/05-WMC/MU/MU_results/MUsbj033.csv","update","1300","5","33","464966","466268"
"MU.osexp","C:\Users\Public\Experiments\SM01\05-WMC\MU","Tr14_update4.png","5","446933","C:/Users/Public/Experiments/SM01/05-WMC/MU/MU_results/MUsbj033.csv","update","1300","5","33","466639","467941"
"MU.osexp","C:\Users\Public\Experiments\SM01\05-WMC\MU","Tr14_test1.png","4","470045","C:/Users/Public/Experiments/SM01/05-WMC/MU/MU_results/MUsbj033.csv","test","0","5","33","468283","470046"
"MU.osexp","C:\Users\Public\Experiments\SM01\05-WMC\MU","Tr14_test2.png","2","472293","C:/Users/Public/Experiments/SM01/05-WMC/MU/MU_results/MUsbj033.csv","test","0","5","33","471159","472294"
"MU.osexp","C:\Users\Public\Experiments\SM01\05-WMC\MU","Tr14_test3.png","8","474557","C:/Users/Public/Experiments/SM01/05-WMC/MU/MU_results/MUsbj033.csv","test","0","5","33","473408","474558"
"MU.osexp","C:\Users\Public\Experiments\SM01\05-WMC\MU","Tr14_test4.png","5","476389","C:/Users/Public/Experiments/SM01/05-WMC/MU/MU_results/MUsbj033.csv","test","0","5","33","475658","476390"
"MU.osexp","C:\Users\Public\Experiments\SM01\05-WMC\MU","Tr14_test5.png","4","478637","C:/Users/Public/Experiments/SM01/05-WMC/MU/MU_results/MUsbj033.csv","test","0","5","33","477501","478638"
"MU.osexp","C:\Users\Public\Experiments\SM01\05-WMC\MU","wait.png","4","478637","C:/Users/Public/Experiments/SM01/05-WMC/MU/MU_results/MUsbj033.csv","wait","5000","4","33","479726","478638"
"MU.osexp","C:\Users\Public\Experiments\SM01\05-WMC\MU","fixation.png","4","478637","C:/Users/Public/Experiments/SM01/05-WMC/MU/MU_results/MUsbj033.csv","fix","1500","4","33","484827","478638"
"MU.osexp","C:\Users\Public\Experiments\SM01\05-WMC\MU","Tr15_study1.png","4","478637","C:/Users/Public/Experiments/SM01/05-WMC/MU/MU_results/MUsbj033.csv","study","1000","4","33","486444","487446"
"MU.osexp","C:\Users\Public\Experiments\SM01\05-WMC\MU","Tr15_study2.png","4","478637","C:/Users/Public/Experiments/SM01/05-WMC/MU/MU_results/MUsbj033.csv","study","1000","4","33","487801","488803"
"MU.osexp","C:\Users\Public\Experiments\SM01\05-WMC\MU","Tr15_study3.png","4","478637","C:/Users/Public/Experiments/SM01/05-WMC/MU/MU_results/MUsbj033.csv","study","1000","4","33","489155","490157"
"MU.osexp","C:\Users\Public\Experiments\SM01\05-WMC\MU","Tr15_study4.png","4","478637","C:/Users/Public/Experiments/SM01/05-WMC/MU/MU_results/MUsbj033.csv","study","1000","4","33","490612","491614"
"MU.osexp","C:\Users\Public\Experiments\SM01\05-WMC\MU","Tr15_update1.png","4","478637","C:/Users/Public/Experiments/SM01/05-WMC/MU/MU_results/MUsbj033.csv","update","1300","4","33","491939","493241"
"MU.osexp","C:\Users\Public\Experiments\SM01\05-WMC\MU","Tr15_update2.png","4","478637","C:/Users/Public/Experiments/SM01/05-WMC/MU/MU_results/MUsbj033.csv","update","1300","4","33","493588","494890"
"MU.osexp","C:\Users\Public\Experiments\SM01\05-WMC\MU","Tr15_update3.png","4","478637","C:/Users/Public/Experiments/SM01/05-WMC/MU/MU_results/MUsbj033.csv","update","1300","4","33","495255","496557"
"MU.osexp","C:\Users\Public\Experiments\SM01\05-WMC\MU","Tr15_update4.png","4","478637","C:/Users/Public/Experiments/SM01/05-WMC/MU/MU_results/MUsbj033.csv","update","1300","4","33","496910","498212"
"MU.osexp","C:\Users\Public\Experiments\SM01\05-WMC\MU","Tr15_update5.png","4","478637","C:/Users/Public/Experiments/SM01/05-WMC/MU/MU_results/MUsbj033.csv","update","1300","4","33","498563","499865"
"MU.osexp","C:\Users\Public\Experiments\SM01\05-WMC\MU","Tr15_update6.png","4","478637","C:/Users/Public/Experiments/SM01/05-WMC/MU/MU_results/MUsbj033.csv","update","1300","4","33","500224","501526"
"MU.osexp","C:\Users\Public\Experiments\SM01\05-WMC\MU","Tr15_test1.png","9","503342","C:/Users/Public/Experiments/SM01/05-WMC/MU/MU_results/MUsbj033.csv","test","0","4","33","501885","503343"
"MU.osexp","C:\Users\Public\Experiments\SM01\05-WMC\MU","Tr15_test2.png","7","505317","C:/Users/Public/Experiments/SM01/05-WMC/MU/MU_results/MUsbj033.csv","test","0","4","33","504443","505318"
"MU.osexp","C:\Users\Public\Experiments\SM01\05-WMC\MU","Tr15_test3.png","8","507309","C:/Users/Public/Experiments/SM01/05-WMC/MU/MU_results/MUsbj033.csv","test","0","4","33","506426","507310"
"MU.osexp","C:\Users\Public\Experiments\SM01\05-WMC\MU","Tr15_test4.png","4","509341","C:/Users/Public/Experiments/SM01/05-WMC/MU/MU_results/MUsbj033.csv","test","0","4","33","508417","509342"
"MU.osexp","C:\Users\Public\Experiments\SM01\05-WMC\MU","wait.png","4","509341","C:/Users/Public/Experiments/SM01/05-WMC/MU/MU_results/MUsbj033.csv","wait","5000","4","33","510444","509342"
"MU.osexp","C:\Users\Public\Experiments\SM01\05-WMC\MU","fixation.png","4","509341","C:/Users/Public/Experiments/SM01/05-WMC/MU/MU_results/MUsbj033.csv","fix","1500","4","33","515563","509342"
"MU.osexp","C:\Users\Public\Experiments\SM01\05-WMC\MU","Tr16_study1.png","4","509341","C:/Users/Public/Experiments/SM01/05-WMC/MU/MU_results/MUsbj033.csv","study","1000","4","33","517189","518191"
"MU.osexp","C:\Users\Public\Experiments\SM01\05-WMC\MU","Tr16_study2.png","4","509341","C:/Users/Public/Experiments/SM01/05-WMC/MU/MU_results/MUsbj033.csv","study","1000","4","33","518562","519564"
"MU.osexp","C:\Users\Public\Experiments\SM01\05-WMC\MU","Tr16_study3.png","4","509341","C:/Users/Public/Experiments/SM01/05-WMC/MU/MU_results/MUsbj033.csv","study","1000","4","33","519931","520933"
"MU.osexp","C:\Users\Public\Experiments\SM01\05-WMC\MU","Tr16_study4.png","4","509341","C:/Users/Public/Experiments/SM01/05-WMC/MU/MU_results/MUsbj033.csv","study","1000","4","33","521397","522399"
"MU.osexp","C:\Users\Public\Experiments\SM01\05-WMC\MU","Tr16_update1.png","4","509341","C:/Users/Public/Experiments/SM01/05-WMC/MU/MU_results/MUsbj033.csv","update","1300","4","33","522757","524059"
"MU.osexp","C:\Users\Public\Experiments\SM01\05-WMC\MU","Tr16_update2.png","4","509341","C:/Users/Public/Experiments/SM01/05-WMC/MU/MU_results/MUsbj033.csv","update","1300","4","33","524399","525701"
"MU.osexp","C:\Users\Public\Experiments\SM01\05-WMC\MU","Tr16_test1.png","8","528229","C:/Users/Public/Experiments/SM01/05-WMC/MU/MU_results/MUsbj033.csv","test","0","4","33","526055","528230"
"MU.osexp","C:\Users\Public\Experiments\SM01\05-WMC\MU","Tr16_test2.png","7","530309","C:/Users/Public/Experiments/SM01/05-WMC/MU/MU_results/MUsbj033.csv","test","0","4","33","529331","530310"
"MU.osexp","C:\Users\Public\Experiments\SM01\05-WMC\MU","Tr16_test3.png","0","532205","C:/Users/Public/Experiments/SM01/05-WMC/MU/MU_results/MUsbj033.csv","test","0","4","33","531410","532206"
"MU.osexp","C:\Users\Public\Experiments\SM01\05-WMC\MU","Tr16_test4.png","6","533885","C:/Users/Public/Experiments/SM01/05-WMC/MU/MU_results/MUsbj033.csv","test","0","4","33","533319","533886"
"MU.osexp","C:\Users\Public\Experiments\SM01\05-WMC\MU","wait.png","6","533885","C:/Users/Public/Experiments/SM01/05-WMC/MU/MU_results/MUsbj033.csv","wait","5000","5","33","534980","533886"
"MU.osexp","C:\Users\Public\Experiments\SM01\05-WMC\MU","fixation.png","6","533885","C:/Users/Public/Experiments/SM01/05-WMC/MU/MU_results/MUsbj033.csv","fix","1500","5","33","540079","533886"
"MU.osexp","C:\Users\Public\Experiments\SM01\05-WMC\MU","Tr17_study1.png","6","533885","C:/Users/Public/Experiments/SM01/05-WMC/MU/MU_results/MUsbj033.csv","study","1000","5","33","541677","542677"
"MU.osexp","C:\Users\Public\Experiments\SM01\05-WMC\MU","Tr17_study2.png","6","533885","C:/Users/Public/Experiments/SM01/05-WMC/MU/MU_results/MUsbj033.csv","study","1000","5","33","543006","544008"
"MU.osexp","C:\Users\Public\Experiments\SM01\05-WMC\MU","Tr17_study3.png","6","533885","C:/Users/Public/Experiments/SM01/05-WMC/MU/MU_results/MUsbj033.csv","study","1000","5","33","544366","545368"
"MU.osexp","C:\Users\Public\Experiments\SM01\05-WMC\MU","Tr17_study4.png","6","533885","C:/Users/Public/Experiments/SM01/05-WMC/MU/MU_results/MUsbj033.csv","study","1000","5","33","545706","546708"
"MU.osexp","C:\Users\Public\Experiments\SM01\05-WMC\MU","Tr17_study5.png","6","533885","C:/Users/Public/Experiments/SM01/05-WMC/MU/MU_results/MUsbj033.csv","study","1000","5","33","547055","548057"
"MU.osexp","C:\Users\Public\Experiments\SM01\05-WMC\MU","Tr17_update1.png","6","533885","C:/Users/Public/Experiments/SM01/05-WMC/MU/MU_results/MUsbj033.csv","update","1300","5","33","548399","549700"
"MU.osexp","C:\Users\Public\Experiments\SM01\05-WMC\MU","Tr17_update2.png","6","533885","C:/Users/Public/Experiments/SM01/05-WMC/MU/MU_results/MUsbj033.csv","update","1300","5","33","550068","551370"
"MU.osexp","C:\Users\Public\Experiments\SM01\05-WMC\MU","Tr17_update3.png","6","533885","C:/Users/Public/Experiments/SM01/05-WMC/MU/MU_results/MUsbj033.csv","update","1300","5","33","551723","553026"
"MU.osexp","C:\Users\Public\Experiments\SM01\05-WMC\MU","Tr17_update4.png","6","533885","C:/Users/Public/Experiments/SM01/05-WMC/MU/MU_results/MUsbj033.csv","update","1300","5","33","553382","554684"
"MU.osexp","C:\Users\Public\Experiments\SM01\05-WMC\MU","Tr17_update5.png","6","533885","C:/Users/Public/Experiments/SM01/05-WMC/MU/MU_results/MUsbj033.csv","update","1300","5","33","555026","556328"
"MU.osexp","C:\Users\Public\Experiments\SM01\05-WMC\MU","Tr17_update6.png","6","533885","C:/Users/Public/Experiments/SM01/05-WMC/MU/MU_results/MUsbj033.csv","update","1300","5","33","556677","557977"
"MU.osexp","C:\Users\Public\Experiments\SM01\05-WMC\MU","Tr17_test1.png","6","559949","C:/Users/Public/Experiments/SM01/05-WMC/MU/MU_results/MUsbj033.csv","test","0","5","33","558302","559950"
"MU.osexp","C:\Users\Public\Experiments\SM01\05-WMC\MU","Tr17_test2.png","1","563285","C:/Users/Public/Experiments/SM01/05-WMC/MU/MU_results/MUsbj033.csv","test","0","5","33","561047","563286"
"MU.osexp","C:\Users\Public\Experiments\SM01\05-WMC\MU","Tr17_test3.png","5","565629","C:/Users/Public/Experiments/SM01/05-WMC/MU/MU_results/MUsbj033.csv","test","0","5","33","564383","565630"
"MU.osexp","C:\Users\Public\Experiments\SM01\05-WMC\MU","Tr17_test4.png","4","567445","C:/Users/Public/Experiments/SM01/05-WMC/MU/MU_results/MUsbj033.csv","test","0","5","33","566726","567446"
"MU.osexp","C:\Users\Public\Experiments\SM01\05-WMC\MU","Tr17_test5.png","9","569021","C:/Users/Public/Experiments/SM01/05-WMC/MU/MU_results/MUsbj033.csv","test","0","5","33","568699","569022"
