"experiment_file","experiment_path","image","key","key_time","logfile","phase","playtime","setSize","subject_nr","timestamp","waittime"
"MU.osexp","C:\Users\Public\Experiments\SM01\05-WMC\MU","ready1.png","NA","NA","C:/Users/Public/Experiments/SM01/05-WMC/MU/MU_results/MUsbj020.csv","pre","0","3","0","136010","NA"
"MU.osexp","C:\Users\Public\Experiments\SM01\05-WMC\MU","fixation.png","NA","NA","C:/Users/Public/Experiments/SM01/05-WMC/MU/MU_results/MUsbj020.csv","fix","1500","3","0","137499","NA"
"MU.osexp","C:\Users\Public\Experiments\SM01\05-WMC\MU","Tr1_study1.png","NA","NA","C:/Users/Public/Experiments/SM01/05-WMC/MU/MU_results/MUsbj020.csv","study","1000","3","0","139145","140147"
"MU.osexp","C:\Users\Public\Experiments\SM01\05-WMC\MU","Tr1_study2.png","NA","NA","C:/Users/Public/Experiments/SM01/05-WMC/MU/MU_results/MUsbj020.csv","study","1000","3","0","140514","141516"
"MU.osexp","C:\Users\Public\Experiments\SM01\05-WMC\MU","Tr1_study3.png","NA","NA","C:/Users/Public/Experiments/SM01/05-WMC/MU/MU_results/MUsbj020.csv","study","1000","3","0","141884","142886"
"MU.osexp","C:\Users\Public\Experiments\SM01\05-WMC\MU","Tr1_update1.png","NA","NA","C:/Users/Public/Experiments/SM01/05-WMC/MU/MU_results/MUsbj020.csv","update","1300","3","0","143238","144540"
"MU.osexp","C:\Users\Public\Experiments\SM01\05-WMC\MU","Tr1_update2.png","NA","NA","C:/Users/Public/Experiments/SM01/05-WMC/MU/MU_results/MUsbj020.csv","update","1300","3","0","144909","146211"
"MU.osexp","C:\Users\Public\Experiments\SM01\05-WMC\MU","Tr1_update3.png","NA","NA","C:/Users/Public/Experiments/SM01/05-WMC/MU/MU_results/MUsbj020.csv","update","1300","3","0","146580","147882"
"MU.osexp","C:\Users\Public\Experiments\SM01\05-WMC\MU","Tr1_test1.png","9","150779","C:/Users/Public/Experiments/SM01/05-WMC/MU/MU_results/MUsbj020.csv","test","0","3","0","148249","150780"
"MU.osexp","C:\Users\Public\Experiments\SM01\05-WMC\MU","Tr1_test2.png","5","153986","C:/Users/Public/Experiments/SM01/05-WMC/MU/MU_results/MUsbj020.csv","test","0","3","0","151898","153987"
"MU.osexp","C:\Users\Public\Experiments\SM01\05-WMC\MU","Tr1_test3.png","0","157370","C:/Users/Public/Experiments/SM01/05-WMC/MU/MU_results/MUsbj020.csv","test","0","3","0","155100","157371"
"MU.osexp","C:\Users\Public\Experiments\SM01\05-WMC\MU","wait.png","0","157370","C:/Users/Public/Experiments/SM01/05-WMC/MU/MU_results/MUsbj020.csv","wait","5000","3","0","158471","157371"
"MU.osexp","C:\Users\Public\Experiments\SM01\05-WMC\MU","fixation.png","0","157370","C:/Users/Public/Experiments/SM01/05-WMC/MU/MU_results/MUsbj020.csv","fix","1500","3","0","163685","157371"
"MU.osexp","C:\Users\Public\Experiments\SM01\05-WMC\MU","Tr2_study1.png","0","157370","C:/Users/Public/Experiments/SM01/05-WMC/MU/MU_results/MUsbj020.csv","study","1000","3","0","165314","166316"
"MU.osexp","C:\Users\Public\Experiments\SM01\05-WMC\MU","Tr2_study2.png","0","157370","C:/Users/Public/Experiments/SM01/05-WMC/MU/MU_results/MUsbj020.csv","study","1000","3","0","166665","167667"
"MU.osexp","C:\Users\Public\Experiments\SM01\05-WMC\MU","Tr2_study3.png","0","157370","C:/Users/Public/Experiments/SM01/05-WMC/MU/MU_results/MUsbj020.csv","study","1000","3","0","168046","169048"
"MU.osexp","C:\Users\Public\Experiments\SM01\05-WMC\MU","Tr2_update1.png","0","157370","C:/Users/Public/Experiments/SM01/05-WMC/MU/MU_results/MUsbj020.csv","update","1300","3","0","169403","170705"
"MU.osexp","C:\Users\Public\Experiments\SM01\05-WMC\MU","Tr2_update2.png","0","157370","C:/Users/Public/Experiments/SM01/05-WMC/MU/MU_results/MUsbj020.csv","update","1300","3","0","171083","172385"
"MU.osexp","C:\Users\Public\Experiments\SM01\05-WMC\MU","Tr2_update3.png","0","157370","C:/Users/Public/Experiments/SM01/05-WMC/MU/MU_results/MUsbj020.csv","update","1300","3","0","172741","174043"
"MU.osexp","C:\Users\Public\Experiments\SM01\05-WMC\MU","Tr2_test1.png","4","176186","C:/Users/Public/Experiments/SM01/05-WMC/MU/MU_results/MUsbj020.csv","test","0","3","0","174398","176187"
"MU.osexp","C:\Users\Public\Experiments\SM01\05-WMC\MU","Tr2_test2.png","3","179634","C:/Users/Public/Experiments/SM01/05-WMC/MU/MU_results/MUsbj020.csv","test","0","3","0","177291","179635"
"MU.osexp","C:\Users\Public\Experiments\SM01\05-WMC\MU","Tr2_test3.png","5","183106","C:/Users/Public/Experiments/SM01/05-WMC/MU/MU_results/MUsbj020.csv","test","0","3","0","180744","183107"
"MU.osexp","C:\Users\Public\Experiments\SM01\05-WMC\MU","ready2.png","5","183106","C:/Users/Public/Experiments/SM01/05-WMC/MU/MU_results/MUsbj020.csv","pre","0","3","0","192948","183107"
"MU.osexp","C:\Users\Public\Experiments\SM01\05-WMC\MU","fixation.png","5","183106","C:/Users/Public/Experiments/SM01/05-WMC/MU/MU_results/MUsbj020.csv","fix","1500","3","0","195200","183107"
"MU.osexp","C:\Users\Public\Experiments\SM01\05-WMC\MU","Tr3_study1.png","5","183106","C:/Users/Public/Experiments/SM01/05-WMC/MU/MU_results/MUsbj020.csv","study","1000","3","0","196840","197842"
"MU.osexp","C:\Users\Public\Experiments\SM01\05-WMC\MU","Tr3_study2.png","5","183106","C:/Users/Public/Experiments/SM01/05-WMC/MU/MU_results/MUsbj020.csv","study","1000","3","0","198208","199210"
"MU.osexp","C:\Users\Public\Experiments\SM01\05-WMC\MU","Tr3_study3.png","5","183106","C:/Users/Public/Experiments/SM01/05-WMC/MU/MU_results/MUsbj020.csv","study","1000","3","0","199576","200579"
"MU.osexp","C:\Users\Public\Experiments\SM01\05-WMC\MU","Tr3_update1.png","5","183106","C:/Users/Public/Experiments/SM01/05-WMC/MU/MU_results/MUsbj020.csv","update","1300","3","0","200931","202233"
"MU.osexp","C:\Users\Public\Experiments\SM01\05-WMC\MU","Tr3_update2.png","5","183106","C:/Users/Public/Experiments/SM01/05-WMC/MU/MU_results/MUsbj020.csv","update","1300","3","0","202606","203908"
"MU.osexp","C:\Users\Public\Experiments\SM01\05-WMC\MU","Tr3_update3.png","5","183106","C:/Users/Public/Experiments/SM01/05-WMC/MU/MU_results/MUsbj020.csv","update","1300","3","0","204246","205548"
"MU.osexp","C:\Users\Public\Experiments\SM01\05-WMC\MU","Tr3_test1.png","9","208130","C:/Users/Public/Experiments/SM01/05-WMC/MU/MU_results/MUsbj020.csv","test","0","3","0","205927","208131"
"MU.osexp","C:\Users\Public\Experiments\SM01\05-WMC\MU","Tr3_test2.png","7","210650","C:/Users/Public/Experiments/SM01/05-WMC/MU/MU_results/MUsbj020.csv","test","0","3","0","209246","210651"
"MU.osexp","C:\Users\Public\Experiments\SM01\05-WMC\MU","Tr3_test3.png","7","212770","C:/Users/Public/Experiments/SM01/05-WMC/MU/MU_results/MUsbj020.csv","test","0","3","0","211757","212771"
"MU.osexp","C:\Users\Public\Experiments\SM01\05-WMC\MU","wait.png","7","212770","C:/Users/Public/Experiments/SM01/05-WMC/MU/MU_results/MUsbj020.csv","wait","5000","4","0","213867","212771"
"MU.osexp","C:\Users\Public\Experiments\SM01\05-WMC\MU","fixation.png","7","212770","C:/Users/Public/Experiments/SM01/05-WMC/MU/MU_results/MUsbj020.csv","fix","1500","4","0","218963","212771"
"MU.osexp","C:\Users\Public\Experiments\SM01\05-WMC\MU","Tr4_study1.png","7","212770","C:/Users/Public/Experiments/SM01/05-WMC/MU/MU_results/MUsbj020.csv","study","1000","4","0","220559","221561"
"MU.osexp","C:\Users\Public\Experiments\SM01\05-WMC\MU","Tr4_study2.png","7","212770","C:/Users/Public/Experiments/SM01/05-WMC/MU/MU_results/MUsbj020.csv","study","1000","4","0","221908","222910"
"MU.osexp","C:\Users\Public\Experiments\SM01\05-WMC\MU","Tr4_study3.png","7","212770","C:/Users/Public/Experiments/SM01/05-WMC/MU/MU_results/MUsbj020.csv","study","1000","4","0","223282","224284"
"MU.osexp","C:\Users\Public\Experiments\SM01\05-WMC\MU","Tr4_study4.png","7","212770","C:/Users/Public/Experiments/SM01/05-WMC/MU/MU_results/MUsbj020.csv","study","1000","4","0","224637","225639"
"MU.osexp","C:\Users\Public\Experiments\SM01\05-WMC\MU","Tr4_update1.png","7","212770","C:/Users/Public/Experiments/SM01/05-WMC/MU/MU_results/MUsbj020.csv","update","1300","4","0","226042","227344"
"MU.osexp","C:\Users\Public\Experiments\SM01\05-WMC\MU","Tr4_update2.png","7","212770","C:/Users/Public/Experiments/SM01/05-WMC/MU/MU_results/MUsbj020.csv","update","1300","4","0","227692","228993"
"MU.osexp","C:\Users\Public\Experiments\SM01\05-WMC\MU","Tr4_update3.png","7","212770","C:/Users/Public/Experiments/SM01/05-WMC/MU/MU_results/MUsbj020.csv","update","1300","4","0","229365","230667"
"MU.osexp","C:\Users\Public\Experiments\SM01\05-WMC\MU","Tr4_update4.png","7","212770","C:/Users/Public/Experiments/SM01/05-WMC/MU/MU_results/MUsbj020.csv","update","1300","4","0","231031","232333"
"MU.osexp","C:\Users\Public\Experiments\SM01\05-WMC\MU","Tr4_test1.png","3","234802","C:/Users/Public/Experiments/SM01/05-WMC/MU/MU_results/MUsbj020.csv","test","0","4","0","232699","234803"
"MU.osexp","C:\Users\Public\Experiments\SM01\05-WMC\MU","Tr4_test2.png","9","237674","C:/Users/Public/Experiments/SM01/05-WMC/MU/MU_results/MUsbj020.csv","test","0","4","0","235893","237675"
"MU.osexp","C:\Users\Public\Experiments\SM01\05-WMC\MU","Tr4_test3.png","1","239914","C:/Users/Public/Experiments/SM01/05-WMC/MU/MU_results/MUsbj020.csv","test","0","4","0","238789","239915"
"MU.osexp","C:\Users\Public\Experiments\SM01\05-WMC\MU","Tr4_test4.png","4","241658","C:/Users/Public/Experiments/SM01/05-WMC/MU/MU_results/MUsbj020.csv","test","0","4","0","241023","241659"
"MU.osexp","C:\Users\Public\Experiments\SM01\05-WMC\MU","wait.png","4","241658","C:/Users/Public/Experiments/SM01/05-WMC/MU/MU_results/MUsbj020.csv","wait","5000","3","0","242803","241659"
"MU.osexp","C:\Users\Public\Experiments\SM01\05-WMC\MU","fixation.png","4","241658","C:/Users/Public/Experiments/SM01/05-WMC/MU/MU_results/MUsbj020.csv","fix","1500","3","0","247905","241659"
"MU.osexp","C:\Users\Public\Experiments\SM01\05-WMC\MU","Tr5_study1.png","4","241658","C:/Users/Public/Experiments/SM01/05-WMC/MU/MU_results/MUsbj020.csv","study","1000","3","0","249531","250533"
"MU.osexp","C:\Users\Public\Experiments\SM01\05-WMC\MU","Tr5_study2.png","4","241658","C:/Users/Public/Experiments/SM01/05-WMC/MU/MU_results/MUsbj020.csv","study","1000","3","0","250894","251896"
"MU.osexp","C:\Users\Public\Experiments\SM01\05-WMC\MU","Tr5_study3.png","4","241658","C:/Users/Public/Experiments/SM01/05-WMC/MU/MU_results/MUsbj020.csv","study","1000","3","0","252250","253252"
"MU.osexp","C:\Users\Public\Experiments\SM01\05-WMC\MU","Tr5_update1.png","4","241658","C:/Users/Public/Experiments/SM01/05-WMC/MU/MU_results/MUsbj020.csv","update","1300","3","0","253727","255029"
"MU.osexp","C:\Users\Public\Experiments\SM01\05-WMC\MU","Tr5_update2.png","4","241658","C:/Users/Public/Experiments/SM01/05-WMC/MU/MU_results/MUsbj020.csv","update","1300","3","0","255408","256710"
"MU.osexp","C:\Users\Public\Experiments\SM01\05-WMC\MU","Tr5_update3.png","4","241658","C:/Users/Public/Experiments/SM01/05-WMC/MU/MU_results/MUsbj020.csv","update","1300","3","0","257070","258372"
"MU.osexp","C:\Users\Public\Experiments\SM01\05-WMC\MU","Tr5_update4.png","4","241658","C:/Users/Public/Experiments/SM01/05-WMC/MU/MU_results/MUsbj020.csv","update","1300","3","0","258712","260014"
"MU.osexp","C:\Users\Public\Experiments\SM01\05-WMC\MU","Tr5_update5.png","4","241658","C:/Users/Public/Experiments/SM01/05-WMC/MU/MU_results/MUsbj020.csv","update","1300","3","0","260374","261676"
"MU.osexp","C:\Users\Public\Experiments\SM01\05-WMC\MU","Tr5_update6.png","4","241658","C:/Users/Public/Experiments/SM01/05-WMC/MU/MU_results/MUsbj020.csv","update","1300","3","0","262066","263368"
"MU.osexp","C:\Users\Public\Experiments\SM01\05-WMC\MU","Tr5_test1.png","5","265498","C:/Users/Public/Experiments/SM01/05-WMC/MU/MU_results/MUsbj020.csv","test","0","3","0","263741","265499"
"MU.osexp","C:\Users\Public\Experiments\SM01\05-WMC\MU","Tr5_test2.png","1","267690","C:/Users/Public/Experiments/SM01/05-WMC/MU/MU_results/MUsbj020.csv","test","0","3","0","266600","267691"
"MU.osexp","C:\Users\Public\Experiments\SM01\05-WMC\MU","Tr5_test3.png","3","269554","C:/Users/Public/Experiments/SM01/05-WMC/MU/MU_results/MUsbj020.csv","test","0","3","0","268796","269555"
"MU.osexp","C:\Users\Public\Experiments\SM01\05-WMC\MU","wait.png","3","269554","C:/Users/Public/Experiments/SM01/05-WMC/MU/MU_results/MUsbj020.csv","wait","5000","4","0","270669","269555"
"MU.osexp","C:\Users\Public\Experiments\SM01\05-WMC\MU","fixation.png","3","269554","C:/Users/Public/Experiments/SM01/05-WMC/MU/MU_results/MUsbj020.csv","fix","1500","4","0","275783","269555"
"MU.osexp","C:\Users\Public\Experiments\SM01\05-WMC\MU","Tr6_study1.png","3","269554","C:/Users/Public/Experiments/SM01/05-WMC/MU/MU_results/MUsbj020.csv","study","1000","4","0","277400","278402"
"MU.osexp","C:\Users\Public\Experiments\SM01\05-WMC\MU","Tr6_study2.png","3","269554","C:/Users/Public/Experiments/SM01/05-WMC/MU/MU_results/MUsbj020.csv","study","1000","4","0","278756","279758"
"MU.osexp","C:\Users\Public\Experiments\SM01\05-WMC\MU","Tr6_study3.png","3","269554","C:/Users/Public/Experiments/SM01/05-WMC/MU/MU_results/MUsbj020.csv","study","1000","4","0","280120","281122"
"MU.osexp","C:\Users\Public\Experiments\SM01\05-WMC\MU","Tr6_study4.png","3","269554","C:/Users/Public/Experiments/SM01/05-WMC/MU/MU_results/MUsbj020.csv","study","1000","4","0","281462","282464"
"MU.osexp","C:\Users\Public\Experiments\SM01\05-WMC\MU","Tr6_update1.png","3","269554","C:/Users/Public/Experiments/SM01/05-WMC/MU/MU_results/MUsbj020.csv","update","1300","4","0","282829","284132"
"MU.osexp","C:\Users\Public\Experiments\SM01\05-WMC\MU","Tr6_update2.png","3","269554","C:/Users/Public/Experiments/SM01/05-WMC/MU/MU_results/MUsbj020.csv","update","1300","4","0","284481","285783"
"MU.osexp","C:\Users\Public\Experiments\SM01\05-WMC\MU","Tr6_update3.png","3","269554","C:/Users/Public/Experiments/SM01/05-WMC/MU/MU_results/MUsbj020.csv","update","1300","4","0","286140","287442"
"MU.osexp","C:\Users\Public\Experiments\SM01\05-WMC\MU","Tr6_update4.png","3","269554","C:/Users/Public/Experiments/SM01/05-WMC/MU/MU_results/MUsbj020.csv","update","1300","4","0","287790","289092"
"MU.osexp","C:\Users\Public\Experiments\SM01\05-WMC\MU","Tr6_update5.png","3","269554","C:/Users/Public/Experiments/SM01/05-WMC/MU/MU_results/MUsbj020.csv","update","1300","4","0","289459","290761"
"MU.osexp","C:\Users\Public\Experiments\SM01\05-WMC\MU","Tr6_test1.png","4","294354","C:/Users/Public/Experiments/SM01/05-WMC/MU/MU_results/MUsbj020.csv","test","0","4","0","291111","294355"
"MU.osexp","C:\Users\Public\Experiments\SM01\05-WMC\MU","Tr6_test2.png","1","296626","C:/Users/Public/Experiments/SM01/05-WMC/MU/MU_results/MUsbj020.csv","test","0","4","0","295467","296627"
"MU.osexp","C:\Users\Public\Experiments\SM01\05-WMC\MU","Tr6_test3.png","6","298378","C:/Users/Public/Experiments/SM01/05-WMC/MU/MU_results/MUsbj020.csv","test","0","4","0","297829","298379"
"MU.osexp","C:\Users\Public\Experiments\SM01\05-WMC\MU","Tr6_test4.png","1","299866","C:/Users/Public/Experiments/SM01/05-WMC/MU/MU_results/MUsbj020.csv","test","0","4","0","299487","299867"
"MU.osexp","C:\Users\Public\Experiments\SM01\05-WMC\MU","wait.png","1","299866","C:/Users/Public/Experiments/SM01/05-WMC/MU/MU_results/MUsbj020.csv","wait","5000","5","0","301000","299867"
"MU.osexp","C:\Users\Public\Experiments\SM01\05-WMC\MU","fixation.png","1","299866","C:/Users/Public/Experiments/SM01/05-WMC/MU/MU_results/MUsbj020.csv","fix","1500","5","0","306110","299867"
"MU.osexp","C:\Users\Public\Experiments\SM01\05-WMC\MU","Tr7_study1.png","1","299866","C:/Users/Public/Experiments/SM01/05-WMC/MU/MU_results/MUsbj020.csv","study","1000","5","0","307720","308722"
"MU.osexp","C:\Users\Public\Experiments\SM01\05-WMC\MU","Tr7_study2.png","1","299866","C:/Users/Public/Experiments/SM01/05-WMC/MU/MU_results/MUsbj020.csv","study","1000","5","0","309101","310103"
"MU.osexp","C:\Users\Public\Experiments\SM01\05-WMC\MU","Tr7_study3.png","1","299866","C:/Users/Public/Experiments/SM01/05-WMC/MU/MU_results/MUsbj020.csv","study","1000","5","0","310481","311483"
"MU.osexp","C:\Users\Public\Experiments\SM01\05-WMC\MU","Tr7_study4.png","1","299866","C:/Users/Public/Experiments/SM01/05-WMC/MU/MU_results/MUsbj020.csv","study","1000","5","0","311849","312851"
"MU.osexp","C:\Users\Public\Experiments\SM01\05-WMC\MU","Tr7_study5.png","1","299866","C:/Users/Public/Experiments/SM01/05-WMC/MU/MU_results/MUsbj020.csv","study","1000","5","0","313214","314216"
"MU.osexp","C:\Users\Public\Experiments\SM01\05-WMC\MU","Tr7_update1.png","1","299866","C:/Users/Public/Experiments/SM01/05-WMC/MU/MU_results/MUsbj020.csv","update","1300","5","0","314590","315892"
"MU.osexp","C:\Users\Public\Experiments\SM01\05-WMC\MU","Tr7_update2.png","1","299866","C:/Users/Public/Experiments/SM01/05-WMC/MU/MU_results/MUsbj020.csv","update","1300","5","0","316300","317602"
"MU.osexp","C:\Users\Public\Experiments\SM01\05-WMC\MU","Tr7_update3.png","1","299866","C:/Users/Public/Experiments/SM01/05-WMC/MU/MU_results/MUsbj020.csv","update","1300","5","0","317974","319276"
"MU.osexp","C:\Users\Public\Experiments\SM01\05-WMC\MU","Tr7_update4.png","1","299866","C:/Users/Public/Experiments/SM01/05-WMC/MU/MU_results/MUsbj020.csv","update","1300","5","0","319635","320937"
"MU.osexp","C:\Users\Public\Experiments\SM01\05-WMC\MU","Tr7_update5.png","1","299866","C:/Users/Public/Experiments/SM01/05-WMC/MU/MU_results/MUsbj020.csv","update","1300","5","0","321296","322598"
"MU.osexp","C:\Users\Public\Experiments\SM01\05-WMC\MU","Tr7_test1.png","6","323874","C:/Users/Public/Experiments/SM01/05-WMC/MU/MU_results/MUsbj020.csv","test","0","5","0","322957","323875"
"MU.osexp","C:\Users\Public\Experiments\SM01\05-WMC\MU","Tr7_test2.png","4","326083","C:/Users/Public/Experiments/SM01/05-WMC/MU/MU_results/MUsbj020.csv","test","0","5","0","325001","326084"
"MU.osexp","C:\Users\Public\Experiments\SM01\05-WMC\MU","Tr7_test3.png","1","327843","C:/Users/Public/Experiments/SM01/05-WMC/MU/MU_results/MUsbj020.csv","test","0","5","0","327189","327843"
"MU.osexp","C:\Users\Public\Experiments\SM01\05-WMC\MU","Tr7_test4.png","5","329642","C:/Users/Public/Experiments/SM01/05-WMC/MU/MU_results/MUsbj020.csv","test","0","5","0","328990","329643"
"MU.osexp","C:\Users\Public\Experiments\SM01\05-WMC\MU","Tr7_test5.png","8","331066","C:/Users/Public/Experiments/SM01/05-WMC/MU/MU_results/MUsbj020.csv","test","0","5","0","330742","331067"
"MU.osexp","C:\Users\Public\Experiments\SM01\05-WMC\MU","wait.png","8","331066","C:/Users/Public/Experiments/SM01/05-WMC/MU/MU_results/MUsbj020.csv","wait","5000","4","0","332179","331067"
"MU.osexp","C:\Users\Public\Experiments\SM01\05-WMC\MU","fixation.png","8","331066","C:/Users/Public/Experiments/SM01/05-WMC/MU/MU_results/MUsbj020.csv","fix","1500","4","0","337430","331067"
"MU.osexp","C:\Users\Public\Experiments\SM01\05-WMC\MU","Tr8_study1.png","8","331066","C:/Users/Public/Experiments/SM01/05-WMC/MU/MU_results/MUsbj020.csv","study","1000","4","0","339051","340053"
"MU.osexp","C:\Users\Public\Experiments\SM01\05-WMC\MU","Tr8_study2.png","8","331066","C:/Users/Public/Experiments/SM01/05-WMC/MU/MU_results/MUsbj020.csv","study","1000","4","0","340406","341408"
"MU.osexp","C:\Users\Public\Experiments\SM01\05-WMC\MU","Tr8_study3.png","8","331066","C:/Users/Public/Experiments/SM01/05-WMC/MU/MU_results/MUsbj020.csv","study","1000","4","0","341766","342768"
"MU.osexp","C:\Users\Public\Experiments\SM01\05-WMC\MU","Tr8_study4.png","8","331066","C:/Users/Public/Experiments/SM01/05-WMC/MU/MU_results/MUsbj020.csv","study","1000","4","0","343106","344108"
"MU.osexp","C:\Users\Public\Experiments\SM01\05-WMC\MU","Tr8_update1.png","8","331066","C:/Users/Public/Experiments/SM01/05-WMC/MU/MU_results/MUsbj020.csv","update","1300","4","0","344477","345779"
"MU.osexp","C:\Users\Public\Experiments\SM01\05-WMC\MU","Tr8_update2.png","8","331066","C:/Users/Public/Experiments/SM01/05-WMC/MU/MU_results/MUsbj020.csv","update","1300","4","0","346146","347448"
"MU.osexp","C:\Users\Public\Experiments\SM01\05-WMC\MU","Tr8_update3.png","8","331066","C:/Users/Public/Experiments/SM01/05-WMC/MU/MU_results/MUsbj020.csv","update","1300","4","0","347920","349222"
"MU.osexp","C:\Users\Public\Experiments\SM01\05-WMC\MU","Tr8_test1.png","2","351354","C:/Users/Public/Experiments/SM01/05-WMC/MU/MU_results/MUsbj020.csv","test","0","4","0","349590","351355"
"MU.osexp","C:\Users\Public\Experiments\SM01\05-WMC\MU","Tr8_test2.png","4","353490","C:/Users/Public/Experiments/SM01/05-WMC/MU/MU_results/MUsbj020.csv","test","0","4","0","352485","353491"
"MU.osexp","C:\Users\Public\Experiments\SM01\05-WMC\MU","Tr8_test3.png","9","355298","C:/Users/Public/Experiments/SM01/05-WMC/MU/MU_results/MUsbj020.csv","test","0","4","0","354598","355299"
"MU.osexp","C:\Users\Public\Experiments\SM01\05-WMC\MU","Tr8_test4.png","2","357682","C:/Users/Public/Experiments/SM01/05-WMC/MU/MU_results/MUsbj020.csv","test","0","4","0","356416","357683"
"MU.osexp","C:\Users\Public\Experiments\SM01\05-WMC\MU","wait.png","2","357682","C:/Users/Public/Experiments/SM01/05-WMC/MU/MU_results/MUsbj020.csv","wait","5000","5","0","358779","357683"
"MU.osexp","C:\Users\Public\Experiments\SM01\05-WMC\MU","fixation.png","2","357682","C:/Users/Public/Experiments/SM01/05-WMC/MU/MU_results/MUsbj020.csv","fix","1500","5","0","363893","357683"
"MU.osexp","C:\Users\Public\Experiments\SM01\05-WMC\MU","Tr9_study1.png","2","357682","C:/Users/Public/Experiments/SM01/05-WMC/MU/MU_results/MUsbj020.csv","study","1000","5","0","365519","366522"
"MU.osexp","C:\Users\Public\Experiments\SM01\05-WMC\MU","Tr9_study2.png","2","357682","C:/Users/Public/Experiments/SM01/05-WMC/MU/MU_results/MUsbj020.csv","study","1000","5","0","366932","367934"
"MU.osexp","C:\Users\Public\Experiments\SM01\05-WMC\MU","Tr9_study3.png","2","357682","C:/Users/Public/Experiments/SM01/05-WMC/MU/MU_results/MUsbj020.csv","study","1000","5","0","368279","369281"
"MU.osexp","C:\Users\Public\Experiments\SM01\05-WMC\MU","Tr9_study4.png","2","357682","C:/Users/Public/Experiments/SM01/05-WMC/MU/MU_results/MUsbj020.csv","study","1000","5","0","369629","370631"
"MU.osexp","C:\Users\Public\Experiments\SM01\05-WMC\MU","Tr9_study5.png","2","357682","C:/Users/Public/Experiments/SM01/05-WMC/MU/MU_results/MUsbj020.csv","study","1000","5","0","370995","371997"
"MU.osexp","C:\Users\Public\Experiments\SM01\05-WMC\MU","Tr9_update1.png","2","357682","C:/Users/Public/Experiments/SM01/05-WMC/MU/MU_results/MUsbj020.csv","update","1300","5","0","372357","373659"
"MU.osexp","C:\Users\Public\Experiments\SM01\05-WMC\MU","Tr9_update2.png","2","357682","C:/Users/Public/Experiments/SM01/05-WMC/MU/MU_results/MUsbj020.csv","update","1300","5","0","374047","375349"
"MU.osexp","C:\Users\Public\Experiments\SM01\05-WMC\MU","Tr9_test1.png","4","377146","C:/Users/Public/Experiments/SM01/05-WMC/MU/MU_results/MUsbj020.csv","test","0","5","0","375726","377147"
"MU.osexp","C:\Users\Public\Experiments\SM01\05-WMC\MU","Tr9_test2.png","6","379587","C:/Users/Public/Experiments/SM01/05-WMC/MU/MU_results/MUsbj020.csv","test","0","5","0","378278","379588"
"MU.osexp","C:\Users\Public\Experiments\SM01\05-WMC\MU","Tr9_test3.png","2","381467","C:/Users/Public/Experiments/SM01/05-WMC/MU/MU_results/MUsbj020.csv","test","0","5","0","380696","381468"
"MU.osexp","C:\Users\Public\Experiments\SM01\05-WMC\MU","Tr9_test4.png","5","382882","C:/Users/Public/Experiments/SM01/05-WMC/MU/MU_results/MUsbj020.csv","test","0","5","0","382589","382883"
"MU.osexp","C:\Users\Public\Experiments\SM01\05-WMC\MU","Tr9_test5.png","9","384266","C:/Users/Public/Experiments/SM01/05-WMC/MU/MU_results/MUsbj020.csv","test","0","5","0","384029","384267"
"MU.osexp","C:\Users\Public\Experiments\SM01\05-WMC\MU","wait.png","9","384266","C:/Users/Public/Experiments/SM01/05-WMC/MU/MU_results/MUsbj020.csv","wait","5000","3","0","385384","384267"
"MU.osexp","C:\Users\Public\Experiments\SM01\05-WMC\MU","fixation.png","9","384266","C:/Users/Public/Experiments/SM01/05-WMC/MU/MU_results/MUsbj020.csv","fix","1500","3","0","390475","384267"
"MU.osexp","C:\Users\Public\Experiments\SM01\05-WMC\MU","Tr10_study1.png","9","384266","C:/Users/Public/Experiments/SM01/05-WMC/MU/MU_results/MUsbj020.csv","study","1000","3","0","392050","393052"
"MU.osexp","C:\Users\Public\Experiments\SM01\05-WMC\MU","Tr10_study2.png","9","384266","C:/Users/Public/Experiments/SM01/05-WMC/MU/MU_results/MUsbj020.csv","study","1000","3","0","393386","394388"
"MU.osexp","C:\Users\Public\Experiments\SM01\05-WMC\MU","Tr10_study3.png","9","384266","C:/Users/Public/Experiments/SM01/05-WMC/MU/MU_results/MUsbj020.csv","study","1000","3","0","394777","395779"
"MU.osexp","C:\Users\Public\Experiments\SM01\05-WMC\MU","Tr10_update1.png","9","384266","C:/Users/Public/Experiments/SM01/05-WMC/MU/MU_results/MUsbj020.csv","update","1300","3","0","396135","397437"
"MU.osexp","C:\Users\Public\Experiments\SM01\05-WMC\MU","Tr10_update2.png","9","384266","C:/Users/Public/Experiments/SM01/05-WMC/MU/MU_results/MUsbj020.csv","update","1300","3","0","397799","399101"
"MU.osexp","C:\Users\Public\Experiments\SM01\05-WMC\MU","Tr10_test1.png","5","400650","C:/Users/Public/Experiments/SM01/05-WMC/MU/MU_results/MUsbj020.csv","test","0","3","0","399457","400651"
"MU.osexp","C:\Users\Public\Experiments\SM01\05-WMC\MU","Tr10_test2.png","3","403714","C:/Users/Public/Experiments/SM01/05-WMC/MU/MU_results/MUsbj020.csv","test","0","3","0","401741","403715"
"MU.osexp","C:\Users\Public\Experiments\SM01\05-WMC\MU","Tr10_test3.png","5","405834","C:/Users/Public/Experiments/SM01/05-WMC/MU/MU_results/MUsbj020.csv","test","0","3","0","404837","405835"
"MU.osexp","C:\Users\Public\Experiments\SM01\05-WMC\MU","wait.png","5","405834","C:/Users/Public/Experiments/SM01/05-WMC/MU/MU_results/MUsbj020.csv","wait","5000","5","0","406947","405835"
"MU.osexp","C:\Users\Public\Experiments\SM01\05-WMC\MU","fixation.png","5","405834","C:/Users/Public/Experiments/SM01/05-WMC/MU/MU_results/MUsbj020.csv","fix","1500","5","0","412048","405835"
"MU.osexp","C:\Users\Public\Experiments\SM01\05-WMC\MU","Tr11_study1.png","5","405834","C:/Users/Public/Experiments/SM01/05-WMC/MU/MU_results/MUsbj020.csv","study","1000","5","0","413681","414683"
"MU.osexp","C:\Users\Public\Experiments\SM01\05-WMC\MU","Tr11_study2.png","5","405834","C:/Users/Public/Experiments/SM01/05-WMC/MU/MU_results/MUsbj020.csv","study","1000","5","0","415036","416039"
"MU.osexp","C:\Users\Public\Experiments\SM01\05-WMC\MU","Tr11_study3.png","5","405834","C:/Users/Public/Experiments/SM01/05-WMC/MU/MU_results/MUsbj020.csv","study","1000","5","0","416415","417417"
"MU.osexp","C:\Users\Public\Experiments\SM01\05-WMC\MU","Tr11_study4.png","5","405834","C:/Users/Public/Experiments/SM01/05-WMC/MU/MU_results/MUsbj020.csv","study","1000","5","0","417781","418783"
"MU.osexp","C:\Users\Public\Experiments\SM01\05-WMC\MU","Tr11_study5.png","5","405834","C:/Users/Public/Experiments/SM01/05-WMC/MU/MU_results/MUsbj020.csv","study","1000","5","0","419151","420153"
"MU.osexp","C:\Users\Public\Experiments\SM01\05-WMC\MU","Tr11_update1.png","5","405834","C:/Users/Public/Experiments/SM01/05-WMC/MU/MU_results/MUsbj020.csv","update","1300","5","0","420500","421802"
"MU.osexp","C:\Users\Public\Experiments\SM01\05-WMC\MU","Tr11_update2.png","5","405834","C:/Users/Public/Experiments/SM01/05-WMC/MU/MU_results/MUsbj020.csv","update","1300","5","0","422178","423480"
"MU.osexp","C:\Users\Public\Experiments\SM01\05-WMC\MU","Tr11_update3.png","5","405834","C:/Users/Public/Experiments/SM01/05-WMC/MU/MU_results/MUsbj020.csv","update","1300","5","0","423814","425116"
"MU.osexp","C:\Users\Public\Experiments\SM01\05-WMC\MU","Tr11_test1.png","1","426762","C:/Users/Public/Experiments/SM01/05-WMC/MU/MU_results/MUsbj020.csv","test","0","5","0","425616","426763"
"MU.osexp","C:\Users\Public\Experiments\SM01\05-WMC\MU","Tr11_test2.png","2","428530","C:/Users/Public/Experiments/SM01/05-WMC/MU/MU_results/MUsbj020.csv","test","0","5","0","427861","428531"
"MU.osexp","C:\Users\Public\Experiments\SM01\05-WMC\MU","Tr11_test3.png","5","430795","C:/Users/Public/Experiments/SM01/05-WMC/MU/MU_results/MUsbj020.csv","test","0","5","0","429712","430796"
"MU.osexp","C:\Users\Public\Experiments\SM01\05-WMC\MU","Tr11_test4.png","6","433379","C:/Users/Public/Experiments/SM01/05-WMC/MU/MU_results/MUsbj020.csv","test","0","5","0","431902","433380"
"MU.osexp","C:\Users\Public\Experiments\SM01\05-WMC\MU","Tr11_test5.png","7","434794","C:/Users/Public/Experiments/SM01/05-WMC/MU/MU_results/MUsbj020.csv","test","0","5","0","434493","434795"
"MU.osexp","C:\Users\Public\Experiments\SM01\05-WMC\MU","wait.png","7","434794","C:/Users/Public/Experiments/SM01/05-WMC/MU/MU_results/MUsbj020.csv","wait","5000","3","0","435891","434795"
"MU.osexp","C:\Users\Public\Experiments\SM01\05-WMC\MU","fixation.png","7","434794","C:/Users/Public/Experiments/SM01/05-WMC/MU/MU_results/MUsbj020.csv","fix","1500","3","0","440987","434795"
"MU.osexp","C:\Users\Public\Experiments\SM01\05-WMC\MU","Tr12_study1.png","7","434794","C:/Users/Public/Experiments/SM01/05-WMC/MU/MU_results/MUsbj020.csv","study","1000","3","0","442623","443625"
"MU.osexp","C:\Users\Public\Experiments\SM01\05-WMC\MU","Tr12_study2.png","7","434794","C:/Users/Public/Experiments/SM01/05-WMC/MU/MU_results/MUsbj020.csv","study","1000","3","0","443986","444988"
"MU.osexp","C:\Users\Public\Experiments\SM01\05-WMC\MU","Tr12_study3.png","7","434794","C:/Users/Public/Experiments/SM01/05-WMC/MU/MU_results/MUsbj020.csv","study","1000","3","0","445358","446360"
"MU.osexp","C:\Users\Public\Experiments\SM01\05-WMC\MU","Tr12_update1.png","7","434794","C:/Users/Public/Experiments/SM01/05-WMC/MU/MU_results/MUsbj020.csv","update","1300","3","0","446721","448023"
"MU.osexp","C:\Users\Public\Experiments\SM01\05-WMC\MU","Tr12_update2.png","7","434794","C:/Users/Public/Experiments/SM01/05-WMC/MU/MU_results/MUsbj020.csv","update","1300","3","0","448390","449692"
"MU.osexp","C:\Users\Public\Experiments\SM01\05-WMC\MU","Tr12_update3.png","7","434794","C:/Users/Public/Experiments/SM01/05-WMC/MU/MU_results/MUsbj020.csv","update","1300","3","0","450058","451360"
"MU.osexp","C:\Users\Public\Experiments\SM01\05-WMC\MU","Tr12_update4.png","7","434794","C:/Users/Public/Experiments/SM01/05-WMC/MU/MU_results/MUsbj020.csv","update","1300","3","0","451727","453029"
"MU.osexp","C:\Users\Public\Experiments\SM01\05-WMC\MU","Tr12_update5.png","7","434794","C:/Users/Public/Experiments/SM01/05-WMC/MU/MU_results/MUsbj020.csv","update","1300","3","0","453397","454699"
"MU.osexp","C:\Users\Public\Experiments\SM01\05-WMC\MU","Tr12_test1.png","4","456794","C:/Users/Public/Experiments/SM01/05-WMC/MU/MU_results/MUsbj020.csv","test","0","3","0","455057","456795"
"MU.osexp","C:\Users\Public\Experiments\SM01\05-WMC\MU","Tr12_test2.png","7","458810","C:/Users/Public/Experiments/SM01/05-WMC/MU/MU_results/MUsbj020.csv","test","0","3","0","457894","458811"
"MU.osexp","C:\Users\Public\Experiments\SM01\05-WMC\MU","Tr12_test3.png","9","460106","C:/Users/Public/Experiments/SM01/05-WMC/MU/MU_results/MUsbj020.csv","test","0","3","0","459920","460107"
"MU.osexp","C:\Users\Public\Experiments\SM01\05-WMC\MU","wait.png","9","460106","C:/Users/Public/Experiments/SM01/05-WMC/MU/MU_results/MUsbj020.csv","wait","5000","3","0","461195","460107"
"MU.osexp","C:\Users\Public\Experiments\SM01\05-WMC\MU","fixation.png","9","460106","C:/Users/Public/Experiments/SM01/05-WMC/MU/MU_results/MUsbj020.csv","fix","1500","3","0","466315","460107"
"MU.osexp","C:\Users\Public\Experiments\SM01\05-WMC\MU","Tr13_study1.png","9","460106","C:/Users/Public/Experiments/SM01/05-WMC/MU/MU_results/MUsbj020.csv","study","1000","3","0","467943","468945"
"MU.osexp","C:\Users\Public\Experiments\SM01\05-WMC\MU","Tr13_study2.png","9","460106","C:/Users/Public/Experiments/SM01/05-WMC/MU/MU_results/MUsbj020.csv","study","1000","3","0","469302","470304"
"MU.osexp","C:\Users\Public\Experiments\SM01\05-WMC\MU","Tr13_study3.png","9","460106","C:/Users/Public/Experiments/SM01/05-WMC/MU/MU_results/MUsbj020.csv","study","1000","3","0","470677","471679"
"MU.osexp","C:\Users\Public\Experiments\SM01\05-WMC\MU","Tr13_update1.png","9","460106","C:/Users/Public/Experiments/SM01/05-WMC/MU/MU_results/MUsbj020.csv","update","1300","3","0","472143","473445"
"MU.osexp","C:\Users\Public\Experiments\SM01\05-WMC\MU","Tr13_update2.png","9","460106","C:/Users/Public/Experiments/SM01/05-WMC/MU/MU_results/MUsbj020.csv","update","1300","3","0","473799","475101"
"MU.osexp","C:\Users\Public\Experiments\SM01\05-WMC\MU","Tr13_update3.png","9","460106","C:/Users/Public/Experiments/SM01/05-WMC/MU/MU_results/MUsbj020.csv","update","1300","3","0","475470","476772"
"MU.osexp","C:\Users\Public\Experiments\SM01\05-WMC\MU","Tr13_update4.png","9","460106","C:/Users/Public/Experiments/SM01/05-WMC/MU/MU_results/MUsbj020.csv","update","1300","3","0","477115","478417"
"MU.osexp","C:\Users\Public\Experiments\SM01\05-WMC\MU","Tr13_test1.png","3","479978","C:/Users/Public/Experiments/SM01/05-WMC/MU/MU_results/MUsbj020.csv","test","0","3","0","478788","479979"
"MU.osexp","C:\Users\Public\Experiments\SM01\05-WMC\MU","Tr13_test2.png","1","481386","C:/Users/Public/Experiments/SM01/05-WMC/MU/MU_results/MUsbj020.csv","test","0","3","0","481101","481387"
"MU.osexp","C:\Users\Public\Experiments\SM01\05-WMC\MU","Tr13_test3.png","7","483435","C:/Users/Public/Experiments/SM01/05-WMC/MU/MU_results/MUsbj020.csv","test","0","3","0","482496","483436"
"MU.osexp","C:\Users\Public\Experiments\SM01\05-WMC\MU","wait.png","7","483435","C:/Users/Public/Experiments/SM01/05-WMC/MU/MU_results/MUsbj020.csv","wait","5000","5","0","484525","483436"
"MU.osexp","C:\Users\Public\Experiments\SM01\05-WMC\MU","fixation.png","7","483435","C:/Users/Public/Experiments/SM01/05-WMC/MU/MU_results/MUsbj020.csv","fix","1500","5","0","489734","483436"
"MU.osexp","C:\Users\Public\Experiments\SM01\05-WMC\MU","Tr14_study1.png","7","483435","C:/Users/Public/Experiments/SM01/05-WMC/MU/MU_results/MUsbj020.csv","study","1000","5","0","491441","492443"
"MU.osexp","C:\Users\Public\Experiments\SM01\05-WMC\MU","Tr14_study2.png","7","483435","C:/Users/Public/Experiments/SM01/05-WMC/MU/MU_results/MUsbj020.csv","study","1000","5","0","492791","493793"
"MU.osexp","C:\Users\Public\Experiments\SM01\05-WMC\MU","Tr14_study3.png","7","483435","C:/Users/Public/Experiments/SM01/05-WMC/MU/MU_results/MUsbj020.csv","study","1000","5","0","494140","495142"
"MU.osexp","C:\Users\Public\Experiments\SM01\05-WMC\MU","Tr14_study4.png","7","483435","C:/Users/Public/Experiments/SM01/05-WMC/MU/MU_results/MUsbj020.csv","study","1000","5","0","495494","496496"
"MU.osexp","C:\Users\Public\Experiments\SM01\05-WMC\MU","Tr14_study5.png","7","483435","C:/Users/Public/Experiments/SM01/05-WMC/MU/MU_results/MUsbj020.csv","study","1000","5","0","496875","497877"
"MU.osexp","C:\Users\Public\Experiments\SM01\05-WMC\MU","Tr14_update1.png","7","483435","C:/Users/Public/Experiments/SM01/05-WMC/MU/MU_results/MUsbj020.csv","update","1300","5","0","498232","499534"
"MU.osexp","C:\Users\Public\Experiments\SM01\05-WMC\MU","Tr14_update2.png","7","483435","C:/Users/Public/Experiments/SM01/05-WMC/MU/MU_results/MUsbj020.csv","update","1300","5","0","499933","501235"
"MU.osexp","C:\Users\Public\Experiments\SM01\05-WMC\MU","Tr14_update3.png","7","483435","C:/Users/Public/Experiments/SM01/05-WMC/MU/MU_results/MUsbj020.csv","update","1300","5","0","501717","503019"
"MU.osexp","C:\Users\Public\Experiments\SM01\05-WMC\MU","Tr14_update4.png","7","483435","C:/Users/Public/Experiments/SM01/05-WMC/MU/MU_results/MUsbj020.csv","update","1300","5","0","503372","504674"
"MU.osexp","C:\Users\Public\Experiments\SM01\05-WMC\MU","Tr14_test1.png","9","506634","C:/Users/Public/Experiments/SM01/05-WMC/MU/MU_results/MUsbj020.csv","test","0","5","0","505034","506635"
"MU.osexp","C:\Users\Public\Experiments\SM01\05-WMC\MU","Tr14_test2.png","5","508610","C:/Users/Public/Experiments/SM01/05-WMC/MU/MU_results/MUsbj020.csv","test","0","5","0","507709","508611"
"MU.osexp","C:\Users\Public\Experiments\SM01\05-WMC\MU","Tr14_test3.png","3","509954","C:/Users/Public/Experiments/SM01/05-WMC/MU/MU_results/MUsbj020.csv","test","0","5","0","509740","509955"
"MU.osexp","C:\Users\Public\Experiments\SM01\05-WMC\MU","Tr14_test4.png","1","512002","C:/Users/Public/Experiments/SM01/05-WMC/MU/MU_results/MUsbj020.csv","test","0","5","0","511076","512003"
"MU.osexp","C:\Users\Public\Experiments\SM01\05-WMC\MU","Tr14_test5.png","8","513594","C:/Users/Public/Experiments/SM01/05-WMC/MU/MU_results/MUsbj020.csv","test","0","5","0","513158","513595"
"MU.osexp","C:\Users\Public\Experiments\SM01\05-WMC\MU","wait.png","8","513594","C:/Users/Public/Experiments/SM01/05-WMC/MU/MU_results/MUsbj020.csv","wait","5000","4","0","514717","513595"
"MU.osexp","C:\Users\Public\Experiments\SM01\05-WMC\MU","fixation.png","8","513594","C:/Users/Public/Experiments/SM01/05-WMC/MU/MU_results/MUsbj020.csv","fix","1500","4","0","519817","513595"
"MU.osexp","C:\Users\Public\Experiments\SM01\05-WMC\MU","Tr15_study1.png","8","513594","C:/Users/Public/Experiments/SM01/05-WMC/MU/MU_results/MUsbj020.csv","study","1000","4","0","521432","522434"
"MU.osexp","C:\Users\Public\Experiments\SM01\05-WMC\MU","Tr15_study2.png","8","513594","C:/Users/Public/Experiments/SM01/05-WMC/MU/MU_results/MUsbj020.csv","study","1000","4","0","522787","523789"
"MU.osexp","C:\Users\Public\Experiments\SM01\05-WMC\MU","Tr15_study3.png","8","513594","C:/Users/Public/Experiments/SM01/05-WMC/MU/MU_results/MUsbj020.csv","study","1000","4","0","524163","525165"
"MU.osexp","C:\Users\Public\Experiments\SM01\05-WMC\MU","Tr15_study4.png","8","513594","C:/Users/Public/Experiments/SM01/05-WMC/MU/MU_results/MUsbj020.csv","study","1000","4","0","525499","526501"
"MU.osexp","C:\Users\Public\Experiments\SM01\05-WMC\MU","Tr15_update1.png","8","513594","C:/Users/Public/Experiments/SM01/05-WMC/MU/MU_results/MUsbj020.csv","update","1300","4","0","526864","528166"
"MU.osexp","C:\Users\Public\Experiments\SM01\05-WMC\MU","Tr15_update2.png","8","513594","C:/Users/Public/Experiments/SM01/05-WMC/MU/MU_results/MUsbj020.csv","update","1300","4","0","528506","529808"
"MU.osexp","C:\Users\Public\Experiments\SM01\05-WMC\MU","Tr15_update3.png","8","513594","C:/Users/Public/Experiments/SM01/05-WMC/MU/MU_results/MUsbj020.csv","update","1300","4","0","530193","531495"
"MU.osexp","C:\Users\Public\Experiments\SM01\05-WMC\MU","Tr15_update4.png","8","513594","C:/Users/Public/Experiments/SM01/05-WMC/MU/MU_results/MUsbj020.csv","update","1300","4","0","531867","533169"
"MU.osexp","C:\Users\Public\Experiments\SM01\05-WMC\MU","Tr15_update5.png","8","513594","C:/Users/Public/Experiments/SM01/05-WMC/MU/MU_results/MUsbj020.csv","update","1300","4","0","533512","534814"
"MU.osexp","C:\Users\Public\Experiments\SM01\05-WMC\MU","Tr15_update6.png","8","513594","C:/Users/Public/Experiments/SM01/05-WMC/MU/MU_results/MUsbj020.csv","update","1300","4","0","535157","536459"
"MU.osexp","C:\Users\Public\Experiments\SM01\05-WMC\MU","Tr15_test1.png","6","538835","C:/Users/Public/Experiments/SM01/05-WMC/MU/MU_results/MUsbj020.csv","test","0","4","0","536830","538836"
"MU.osexp","C:\Users\Public\Experiments\SM01\05-WMC\MU","Tr15_test2.png","1","540619","C:/Users/Public/Experiments/SM01/05-WMC/MU/MU_results/MUsbj020.csv","test","0","4","0","539957","540619"
"MU.osexp","C:\Users\Public\Experiments\SM01\05-WMC\MU","Tr15_test3.png","4","542162","C:/Users/Public/Experiments/SM01/05-WMC/MU/MU_results/MUsbj020.csv","test","0","4","0","541745","542163"
"MU.osexp","C:\Users\Public\Experiments\SM01\05-WMC\MU","Tr15_test4.png","8","543570","C:/Users/Public/Experiments/SM01/05-WMC/MU/MU_results/MUsbj020.csv","test","0","4","0","543308","543571"
"MU.osexp","C:\Users\Public\Experiments\SM01\05-WMC\MU","wait.png","8","543570","C:/Users/Public/Experiments/SM01/05-WMC/MU/MU_results/MUsbj020.csv","wait","5000","4","0","544690","543571"
"MU.osexp","C:\Users\Public\Experiments\SM01\05-WMC\MU","fixation.png","8","543570","C:/Users/Public/Experiments/SM01/05-WMC/MU/MU_results/MUsbj020.csv","fix","1500","4","0","549807","543571"
"MU.osexp","C:\Users\Public\Experiments\SM01\05-WMC\MU","Tr16_study1.png","8","543570","C:/Users/Public/Experiments/SM01/05-WMC/MU/MU_results/MUsbj020.csv","study","1000","4","0","551441","552443"
"MU.osexp","C:\Users\Public\Experiments\SM01\05-WMC\MU","Tr16_study2.png","8","543570","C:/Users/Public/Experiments/SM01/05-WMC/MU/MU_results/MUsbj020.csv","study","1000","4","0","552820","553822"
"MU.osexp","C:\Users\Public\Experiments\SM01\05-WMC\MU","Tr16_study3.png","8","543570","C:/Users/Public/Experiments/SM01/05-WMC/MU/MU_results/MUsbj020.csv","study","1000","4","0","554200","555202"
"MU.osexp","C:\Users\Public\Experiments\SM01\05-WMC\MU","Tr16_study4.png","8","543570","C:/Users/Public/Experiments/SM01/05-WMC/MU/MU_results/MUsbj020.csv","study","1000","4","0","555543","556545"
"MU.osexp","C:\Users\Public\Experiments\SM01\05-WMC\MU","Tr16_update1.png","8","543570","C:/Users/Public/Experiments/SM01/05-WMC/MU/MU_results/MUsbj020.csv","update","1300","4","0","556908","558210"
"MU.osexp","C:\Users\Public\Experiments\SM01\05-WMC\MU","Tr16_update2.png","8","543570","C:/Users/Public/Experiments/SM01/05-WMC/MU/MU_results/MUsbj020.csv","update","1300","4","0","558563","559865"
"MU.osexp","C:\Users\Public\Experiments\SM01\05-WMC\MU","Tr16_test1.png","3","562634","C:/Users/Public/Experiments/SM01/05-WMC/MU/MU_results/MUsbj020.csv","test","0","4","0","560238","562635"
"MU.osexp","C:\Users\Public\Experiments\SM01\05-WMC\MU","Tr16_test2.png","2","565826","C:/Users/Public/Experiments/SM01/05-WMC/MU/MU_results/MUsbj020.csv","test","0","4","0","563890","565827"
"MU.osexp","C:\Users\Public\Experiments\SM01\05-WMC\MU","Tr16_test3.png","6","568122","C:/Users/Public/Experiments/SM01/05-WMC/MU/MU_results/MUsbj020.csv","test","0","4","0","566921","568123"
"MU.osexp","C:\Users\Public\Experiments\SM01\05-WMC\MU","Tr16_test4.png","7","570227","C:/Users/Public/Experiments/SM01/05-WMC/MU/MU_results/MUsbj020.csv","test","0","4","0","569234","570228"
"MU.osexp","C:\Users\Public\Experiments\SM01\05-WMC\MU","wait.png","7","570227","C:/Users/Public/Experiments/SM01/05-WMC/MU/MU_results/MUsbj020.csv","wait","5000","5","0","571329","570228"
"MU.osexp","C:\Users\Public\Experiments\SM01\05-WMC\MU","fixation.png","7","570227","C:/Users/Public/Experiments/SM01/05-WMC/MU/MU_results/MUsbj020.csv","fix","1500","5","0","576433","570228"
"MU.osexp","C:\Users\Public\Experiments\SM01\05-WMC\MU","Tr17_study1.png","7","570227","C:/Users/Public/Experiments/SM01/05-WMC/MU/MU_results/MUsbj020.csv","study","1000","5","0","578060","579062"
"MU.osexp","C:\Users\Public\Experiments\SM01\05-WMC\MU","Tr17_study2.png","7","570227","C:/Users/Public/Experiments/SM01/05-WMC/MU/MU_results/MUsbj020.csv","study","1000","5","0","579409","580411"
"MU.osexp","C:\Users\Public\Experiments\SM01\05-WMC\MU","Tr17_study3.png","7","570227","C:/Users/Public/Experiments/SM01/05-WMC/MU/MU_results/MUsbj020.csv","study","1000","5","0","580762","581764"
"MU.osexp","C:\Users\Public\Experiments\SM01\05-WMC\MU","Tr17_study4.png","7","570227","C:/Users/Public/Experiments/SM01/05-WMC/MU/MU_results/MUsbj020.csv","study","1000","5","0","582122","583122"
"MU.osexp","C:\Users\Public\Experiments\SM01\05-WMC\MU","Tr17_study5.png","7","570227","C:/Users/Public/Experiments/SM01/05-WMC/MU/MU_results/MUsbj020.csv","study","1000","5","0","583461","584463"
"MU.osexp","C:\Users\Public\Experiments\SM01\05-WMC\MU","Tr17_update1.png","7","570227","C:/Users/Public/Experiments/SM01/05-WMC/MU/MU_results/MUsbj020.csv","update","1300","5","0","584821","586123"
"MU.osexp","C:\Users\Public\Experiments\SM01\05-WMC\MU","Tr17_update2.png","7","570227","C:/Users/Public/Experiments/SM01/05-WMC/MU/MU_results/MUsbj020.csv","update","1300","5","0","586491","587793"
"MU.osexp","C:\Users\Public\Experiments\SM01\05-WMC\MU","Tr17_update3.png","7","570227","C:/Users/Public/Experiments/SM01/05-WMC/MU/MU_results/MUsbj020.csv","update","1300","5","0","588143","589445"
"MU.osexp","C:\Users\Public\Experiments\SM01\05-WMC\MU","Tr17_update4.png","7","570227","C:/Users/Public/Experiments/SM01/05-WMC/MU/MU_results/MUsbj020.csv","update","1300","5","0","589810","591112"
"MU.osexp","C:\Users\Public\Experiments\SM01\05-WMC\MU","Tr17_update5.png","7","570227","C:/Users/Public/Experiments/SM01/05-WMC/MU/MU_results/MUsbj020.csv","update","1300","5","0","591474","592776"
"MU.osexp","C:\Users\Public\Experiments\SM01\05-WMC\MU","Tr17_update6.png","7","570227","C:/Users/Public/Experiments/SM01/05-WMC/MU/MU_results/MUsbj020.csv","update","1300","5","0","593141","594443"
"MU.osexp","C:\Users\Public\Experiments\SM01\05-WMC\MU","Tr17_test1.png","2","597682","C:/Users/Public/Experiments/SM01/05-WMC/MU/MU_results/MUsbj020.csv","test","0","5","0","594811","597683"
"MU.osexp","C:\Users\Public\Experiments\SM01\05-WMC\MU","Tr17_test2.png","1","599794","C:/Users/Public/Experiments/SM01/05-WMC/MU/MU_results/MUsbj020.csv","test","0","5","0","598813","599795"
"MU.osexp","C:\Users\Public\Experiments\SM01\05-WMC\MU","Tr17_test3.png","8","602426","C:/Users/Public/Experiments/SM01/05-WMC/MU/MU_results/MUsbj020.csv","test","0","5","0","600911","602427"
"MU.osexp","C:\Users\Public\Experiments\SM01\05-WMC\MU","Tr17_test4.png","4","604514","C:/Users/Public/Experiments/SM01/05-WMC/MU/MU_results/MUsbj020.csv","test","0","5","0","603530","604515"
"MU.osexp","C:\Users\Public\Experiments\SM01\05-WMC\MU","Tr17_test5.png","9","606307","C:/Users/Public/Experiments/SM01/05-WMC/MU/MU_results/MUsbj020.csv","test","0","5","0","605604","606308"
