"experiment_file","experiment_path","image","key","key_time","logfile","phase","playtime","setSize","subject_nr","timestamp","waittime"
"MU.osexp","C:\Users\Public\Experiments\IDs\05-WMC\MU","ready1.png","NA","NA","C:/Users/Public/Experiments/IDs/05-WMC/MU/MUsbj097.csv","pre","0","3","97","61203","NA"
"MU.osexp","C:\Users\Public\Experiments\IDs\05-WMC\MU","fixation.png","NA","NA","C:/Users/Public/Experiments/IDs/05-WMC/MU/MUsbj097.csv","fix","1500","3","97","62314","NA"
"MU.osexp","C:\Users\Public\Experiments\IDs\05-WMC\MU","Tr1_study1.png","NA","NA","C:/Users/Public/Experiments/IDs/05-WMC/MU/MUsbj097.csv","study","1000","3","97","63919","64920"
"MU.osexp","C:\Users\Public\Experiments\IDs\05-WMC\MU","Tr1_study2.png","NA","NA","C:/Users/Public/Experiments/IDs/05-WMC/MU/MUsbj097.csv","study","1000","3","97","65320","66321"
"MU.osexp","C:\Users\Public\Experiments\IDs\05-WMC\MU","Tr1_study3.png","NA","NA","C:/Users/Public/Experiments/IDs/05-WMC/MU/MUsbj097.csv","study","1000","3","97","66751","67752"
"MU.osexp","C:\Users\Public\Experiments\IDs\05-WMC\MU","Tr1_update1.png","NA","NA","C:/Users/Public/Experiments/IDs/05-WMC/MU/MUsbj097.csv","update","1300","3","97","68121","69423"
"MU.osexp","C:\Users\Public\Experiments\IDs\05-WMC\MU","Tr1_update2.png","NA","NA","C:/Users/Public/Experiments/IDs/05-WMC/MU/MUsbj097.csv","update","1300","3","97","69888","71189"
"MU.osexp","C:\Users\Public\Experiments\IDs\05-WMC\MU","Tr1_update3.png","NA","NA","C:/Users/Public/Experiments/IDs/05-WMC/MU/MUsbj097.csv","update","1300","3","97","71549","72851"
"MU.osexp","C:\Users\Public\Experiments\IDs\05-WMC\MU","Tr1_test1.png","9","83479","C:/Users/Public/Experiments/IDs/05-WMC/MU/MUsbj097.csv","test","0","3","97","73206","83479"
"MU.osexp","C:\Users\Public\Experiments\IDs\05-WMC\MU","Tr1_test2.png","7","89679","C:/Users/Public/Experiments/IDs/05-WMC/MU/MUsbj097.csv","test","0","3","97","84562","89680"
"MU.osexp","C:\Users\Public\Experiments\IDs\05-WMC\MU","Tr1_test3.png","2","92735","C:/Users/Public/Experiments/IDs/05-WMC/MU/MUsbj097.csv","test","0","3","97","90787","92736"
"MU.osexp","C:\Users\Public\Experiments\IDs\05-WMC\MU","wait.png","2","92735","C:/Users/Public/Experiments/IDs/05-WMC/MU/MUsbj097.csv","wait","5000","3","97","93829","92736"
"MU.osexp","C:\Users\Public\Experiments\IDs\05-WMC\MU","fixation.png","2","92735","C:/Users/Public/Experiments/IDs/05-WMC/MU/MUsbj097.csv","fix","1500","3","97","99016","92736"
"MU.osexp","C:\Users\Public\Experiments\IDs\05-WMC\MU","Tr2_study1.png","2","92735","C:/Users/Public/Experiments/IDs/05-WMC/MU/MUsbj097.csv","study","1000","3","97","100597","101597"
"MU.osexp","C:\Users\Public\Experiments\IDs\05-WMC\MU","Tr2_study2.png","2","92735","C:/Users/Public/Experiments/IDs/05-WMC/MU/MUsbj097.csv","study","1000","3","97","101931","102931"
"MU.osexp","C:\Users\Public\Experiments\IDs\05-WMC\MU","Tr2_study3.png","2","92735","C:/Users/Public/Experiments/IDs/05-WMC/MU/MUsbj097.csv","study","1000","3","97","103273","104273"
"MU.osexp","C:\Users\Public\Experiments\IDs\05-WMC\MU","Tr2_update1.png","2","92735","C:/Users/Public/Experiments/IDs/05-WMC/MU/MUsbj097.csv","update","1300","3","97","104600","105902"
"MU.osexp","C:\Users\Public\Experiments\IDs\05-WMC\MU","Tr2_update2.png","2","92735","C:/Users/Public/Experiments/IDs/05-WMC/MU/MUsbj097.csv","update","1300","3","97","106233","107533"
"MU.osexp","C:\Users\Public\Experiments\IDs\05-WMC\MU","Tr2_update3.png","2","92735","C:/Users/Public/Experiments/IDs/05-WMC/MU/MUsbj097.csv","update","1300","3","97","107880","109181"
"MU.osexp","C:\Users\Public\Experiments\IDs\05-WMC\MU","Tr2_test1.png","6","118751","C:/Users/Public/Experiments/IDs/05-WMC/MU/MUsbj097.csv","test","0","3","97","109510","118752"
"MU.osexp","C:\Users\Public\Experiments\IDs\05-WMC\MU","Tr2_test2.png","6","123175","C:/Users/Public/Experiments/IDs/05-WMC/MU/MUsbj097.csv","test","0","3","97","119834","123176"
"MU.osexp","C:\Users\Public\Experiments\IDs\05-WMC\MU","Tr2_test3.png","1","125159","C:/Users/Public/Experiments/IDs/05-WMC/MU/MUsbj097.csv","test","0","3","97","124283","125160"
"MU.osexp","C:\Users\Public\Experiments\IDs\05-WMC\MU","ready2.png","1","125159","C:/Users/Public/Experiments/IDs/05-WMC/MU/MUsbj097.csv","pre","0","3","97","129216","125160"
"MU.osexp","C:\Users\Public\Experiments\IDs\05-WMC\MU","fixation.png","1","125159","C:/Users/Public/Experiments/IDs/05-WMC/MU/MUsbj097.csv","fix","1500","3","97","130663","125160"
"MU.osexp","C:\Users\Public\Experiments\IDs\05-WMC\MU","Tr3_study1.png","1","125159","C:/Users/Public/Experiments/IDs/05-WMC/MU/MUsbj097.csv","study","1000","3","97","132259","133259"
"MU.osexp","C:\Users\Public\Experiments\IDs\05-WMC\MU","Tr3_study2.png","1","125159","C:/Users/Public/Experiments/IDs/05-WMC/MU/MUsbj097.csv","study","1000","3","97","133603","134603"
"MU.osexp","C:\Users\Public\Experiments\IDs\05-WMC\MU","Tr3_study3.png","1","125159","C:/Users/Public/Experiments/IDs/05-WMC/MU/MUsbj097.csv","study","1000","3","97","134940","135941"
"MU.osexp","C:\Users\Public\Experiments\IDs\05-WMC\MU","Tr3_update1.png","1","125159","C:/Users/Public/Experiments/IDs/05-WMC/MU/MUsbj097.csv","update","1300","3","97","136310","137610"
"MU.osexp","C:\Users\Public\Experiments\IDs\05-WMC\MU","Tr3_update2.png","1","125159","C:/Users/Public/Experiments/IDs/05-WMC/MU/MUsbj097.csv","update","1300","3","97","137952","139254"
"MU.osexp","C:\Users\Public\Experiments\IDs\05-WMC\MU","Tr3_update3.png","1","125159","C:/Users/Public/Experiments/IDs/05-WMC/MU/MUsbj097.csv","update","1300","3","97","139594","140896"
"MU.osexp","C:\Users\Public\Experiments\IDs\05-WMC\MU","Tr3_test1.png","9","144511","C:/Users/Public/Experiments/IDs/05-WMC/MU/MUsbj097.csv","test","0","3","97","141239","144512"
"MU.osexp","C:\Users\Public\Experiments\IDs\05-WMC\MU","Tr3_test2.png","5","148623","C:/Users/Public/Experiments/IDs/05-WMC/MU/MUsbj097.csv","test","0","3","97","145599","148624"
"MU.osexp","C:\Users\Public\Experiments\IDs\05-WMC\MU","Tr3_test3.png","7","150423","C:/Users/Public/Experiments/IDs/05-WMC/MU/MUsbj097.csv","test","0","3","97","149700","150424"
"MU.osexp","C:\Users\Public\Experiments\IDs\05-WMC\MU","wait.png","7","150423","C:/Users/Public/Experiments/IDs/05-WMC/MU/MUsbj097.csv","wait","5000","4","97","151509","150424"
"MU.osexp","C:\Users\Public\Experiments\IDs\05-WMC\MU","fixation.png","7","150423","C:/Users/Public/Experiments/IDs/05-WMC/MU/MUsbj097.csv","fix","1500","4","97","156598","150424"
"MU.osexp","C:\Users\Public\Experiments\IDs\05-WMC\MU","Tr4_study1.png","7","150423","C:/Users/Public/Experiments/IDs/05-WMC/MU/MUsbj097.csv","study","1000","4","97","158237","159237"
"MU.osexp","C:\Users\Public\Experiments\IDs\05-WMC\MU","Tr4_study2.png","7","150423","C:/Users/Public/Experiments/IDs/05-WMC/MU/MUsbj097.csv","study","1000","4","97","159558","160559"
"MU.osexp","C:\Users\Public\Experiments\IDs\05-WMC\MU","Tr4_study3.png","7","150423","C:/Users/Public/Experiments/IDs/05-WMC/MU/MUsbj097.csv","study","1000","4","97","160901","161901"
"MU.osexp","C:\Users\Public\Experiments\IDs\05-WMC\MU","Tr4_study4.png","7","150423","C:/Users/Public/Experiments/IDs/05-WMC/MU/MUsbj097.csv","study","1000","4","97","162257","163258"
"MU.osexp","C:\Users\Public\Experiments\IDs\05-WMC\MU","Tr4_update1.png","7","150423","C:/Users/Public/Experiments/IDs/05-WMC/MU/MUsbj097.csv","update","1300","4","97","163604","164904"
"MU.osexp","C:\Users\Public\Experiments\IDs\05-WMC\MU","Tr4_update2.png","7","150423","C:/Users/Public/Experiments/IDs/05-WMC/MU/MUsbj097.csv","update","1300","4","97","165253","166554"
"MU.osexp","C:\Users\Public\Experiments\IDs\05-WMC\MU","Tr4_update3.png","7","150423","C:/Users/Public/Experiments/IDs/05-WMC/MU/MUsbj097.csv","update","1300","4","97","166908","168210"
"MU.osexp","C:\Users\Public\Experiments\IDs\05-WMC\MU","Tr4_update4.png","7","150423","C:/Users/Public/Experiments/IDs/05-WMC/MU/MUsbj097.csv","update","1300","4","97","168547","169847"
"MU.osexp","C:\Users\Public\Experiments\IDs\05-WMC\MU","Tr4_test1.png","3","173126","C:/Users/Public/Experiments/IDs/05-WMC/MU/MUsbj097.csv","test","0","4","97","170222","173127"
"MU.osexp","C:\Users\Public\Experiments\IDs\05-WMC\MU","Tr4_test2.png","9","177039","C:/Users/Public/Experiments/IDs/05-WMC/MU/MUsbj097.csv","test","0","4","97","174241","177040"
"MU.osexp","C:\Users\Public\Experiments\IDs\05-WMC\MU","Tr4_test3.png","1","179159","C:/Users/Public/Experiments/IDs/05-WMC/MU/MUsbj097.csv","test","0","4","97","178174","179160"
"MU.osexp","C:\Users\Public\Experiments\IDs\05-WMC\MU","Tr4_test4.png","7","180599","C:/Users/Public/Experiments/IDs/05-WMC/MU/MUsbj097.csv","test","0","4","97","180302","180600"
"MU.osexp","C:\Users\Public\Experiments\IDs\05-WMC\MU","wait.png","7","180599","C:/Users/Public/Experiments/IDs/05-WMC/MU/MUsbj097.csv","wait","5000","3","97","181684","180600"
"MU.osexp","C:\Users\Public\Experiments\IDs\05-WMC\MU","fixation.png","7","180599","C:/Users/Public/Experiments/IDs/05-WMC/MU/MUsbj097.csv","fix","1500","3","97","186774","180600"
"MU.osexp","C:\Users\Public\Experiments\IDs\05-WMC\MU","Tr5_study1.png","7","180599","C:/Users/Public/Experiments/IDs/05-WMC/MU/MUsbj097.csv","study","1000","3","97","188390","189392"
"MU.osexp","C:\Users\Public\Experiments\IDs\05-WMC\MU","Tr5_study2.png","7","180599","C:/Users/Public/Experiments/IDs/05-WMC/MU/MUsbj097.csv","study","1000","3","97","189724","190725"
"MU.osexp","C:\Users\Public\Experiments\IDs\05-WMC\MU","Tr5_study3.png","7","180599","C:/Users/Public/Experiments/IDs/05-WMC/MU/MUsbj097.csv","study","1000","3","97","191065","192066"
"MU.osexp","C:\Users\Public\Experiments\IDs\05-WMC\MU","Tr5_update1.png","7","180599","C:/Users/Public/Experiments/IDs/05-WMC/MU/MUsbj097.csv","update","1300","3","97","192404","193705"
"MU.osexp","C:\Users\Public\Experiments\IDs\05-WMC\MU","Tr5_update2.png","7","180599","C:/Users/Public/Experiments/IDs/05-WMC/MU/MUsbj097.csv","update","1300","3","97","194022","195324"
"MU.osexp","C:\Users\Public\Experiments\IDs\05-WMC\MU","Tr5_update3.png","7","180599","C:/Users/Public/Experiments/IDs/05-WMC/MU/MUsbj097.csv","update","1300","3","97","195772","197074"
"MU.osexp","C:\Users\Public\Experiments\IDs\05-WMC\MU","Tr5_update4.png","7","180599","C:/Users/Public/Experiments/IDs/05-WMC/MU/MUsbj097.csv","update","1300","3","97","197417","198717"
"MU.osexp","C:\Users\Public\Experiments\IDs\05-WMC\MU","Tr5_update5.png","7","180599","C:/Users/Public/Experiments/IDs/05-WMC/MU/MUsbj097.csv","update","1300","3","97","199063","200363"
"MU.osexp","C:\Users\Public\Experiments\IDs\05-WMC\MU","Tr5_update6.png","7","180599","C:/Users/Public/Experiments/IDs/05-WMC/MU/MUsbj097.csv","update","1300","3","97","200794","202094"
"MU.osexp","C:\Users\Public\Experiments\IDs\05-WMC\MU","Tr5_test1.png","3","206327","C:/Users/Public/Experiments/IDs/05-WMC/MU/MUsbj097.csv","test","0","3","97","202428","206327"
"MU.osexp","C:\Users\Public\Experiments\IDs\05-WMC\MU","Tr5_test2.png","5","209775","C:/Users/Public/Experiments/IDs/05-WMC/MU/MUsbj097.csv","test","0","3","97","207497","209776"
"MU.osexp","C:\Users\Public\Experiments\IDs\05-WMC\MU","Tr5_test3.png","1","211935","C:/Users/Public/Experiments/IDs/05-WMC/MU/MUsbj097.csv","test","0","3","97","210851","211936"
"MU.osexp","C:\Users\Public\Experiments\IDs\05-WMC\MU","wait.png","1","211935","C:/Users/Public/Experiments/IDs/05-WMC/MU/MUsbj097.csv","wait","5000","4","97","213068","211936"
"MU.osexp","C:\Users\Public\Experiments\IDs\05-WMC\MU","fixation.png","1","211935","C:/Users/Public/Experiments/IDs/05-WMC/MU/MUsbj097.csv","fix","1500","4","97","218251","211936"
"MU.osexp","C:\Users\Public\Experiments\IDs\05-WMC\MU","Tr6_study1.png","1","211935","C:/Users/Public/Experiments/IDs/05-WMC/MU/MUsbj097.csv","study","1000","4","97","219926","220926"
"MU.osexp","C:\Users\Public\Experiments\IDs\05-WMC\MU","Tr6_study2.png","1","211935","C:/Users/Public/Experiments/IDs/05-WMC/MU/MUsbj097.csv","study","1000","4","97","221296","222298"
"MU.osexp","C:\Users\Public\Experiments\IDs\05-WMC\MU","Tr6_study3.png","1","211935","C:/Users/Public/Experiments/IDs/05-WMC/MU/MUsbj097.csv","study","1000","4","97","222634","223635"
"MU.osexp","C:\Users\Public\Experiments\IDs\05-WMC\MU","Tr6_study4.png","1","211935","C:/Users/Public/Experiments/IDs/05-WMC/MU/MUsbj097.csv","study","1000","4","97","224009","225009"
"MU.osexp","C:\Users\Public\Experiments\IDs\05-WMC\MU","Tr6_update1.png","1","211935","C:/Users/Public/Experiments/IDs/05-WMC/MU/MUsbj097.csv","update","1300","4","97","225336","226636"
"MU.osexp","C:\Users\Public\Experiments\IDs\05-WMC\MU","Tr6_update2.png","1","211935","C:/Users/Public/Experiments/IDs/05-WMC/MU/MUsbj097.csv","update","1300","4","97","226970","228273"
"MU.osexp","C:\Users\Public\Experiments\IDs\05-WMC\MU","Tr6_update3.png","1","211935","C:/Users/Public/Experiments/IDs/05-WMC/MU/MUsbj097.csv","update","1300","4","97","228606","229906"
"MU.osexp","C:\Users\Public\Experiments\IDs\05-WMC\MU","Tr6_update4.png","1","211935","C:/Users/Public/Experiments/IDs/05-WMC/MU/MUsbj097.csv","update","1300","4","97","230277","231579"
"MU.osexp","C:\Users\Public\Experiments\IDs\05-WMC\MU","Tr6_update5.png","1","211935","C:/Users/Public/Experiments/IDs/05-WMC/MU/MUsbj097.csv","update","1300","4","97","231918","233218"
"MU.osexp","C:\Users\Public\Experiments\IDs\05-WMC\MU","Tr6_test1.png","1","237487","C:/Users/Public/Experiments/IDs/05-WMC/MU/MUsbj097.csv","test","0","4","97","233553","237488"
"MU.osexp","C:\Users\Public\Experiments\IDs\05-WMC\MU","Tr6_test2.png","5","252343","C:/Users/Public/Experiments/IDs/05-WMC/MU/MUsbj097.csv","test","0","4","97","238610","252344"
"MU.osexp","C:\Users\Public\Experiments\IDs\05-WMC\MU","Tr6_test3.png","3","256327","C:/Users/Public/Experiments/IDs/05-WMC/MU/MUsbj097.csv","test","0","4","97","253439","256328"
"MU.osexp","C:\Users\Public\Experiments\IDs\05-WMC\MU","Tr6_test4.png","1","257759","C:/Users/Public/Experiments/IDs/05-WMC/MU/MUsbj097.csv","test","0","4","97","257405","257760"
"MU.osexp","C:\Users\Public\Experiments\IDs\05-WMC\MU","wait.png","1","257759","C:/Users/Public/Experiments/IDs/05-WMC/MU/MUsbj097.csv","wait","5000","5","97","258835","257760"
"MU.osexp","C:\Users\Public\Experiments\IDs\05-WMC\MU","fixation.png","1","257759","C:/Users/Public/Experiments/IDs/05-WMC/MU/MUsbj097.csv","fix","1500","5","97","263931","257760"
"MU.osexp","C:\Users\Public\Experiments\IDs\05-WMC\MU","Tr7_study1.png","1","257759","C:/Users/Public/Experiments/IDs/05-WMC/MU/MUsbj097.csv","study","1000","5","97","265514","266516"
"MU.osexp","C:\Users\Public\Experiments\IDs\05-WMC\MU","Tr7_study2.png","1","257759","C:/Users/Public/Experiments/IDs/05-WMC/MU/MUsbj097.csv","study","1000","5","97","266867","267868"
"MU.osexp","C:\Users\Public\Experiments\IDs\05-WMC\MU","Tr7_study3.png","1","257759","C:/Users/Public/Experiments/IDs/05-WMC/MU/MUsbj097.csv","study","1000","5","97","268202","269203"
"MU.osexp","C:\Users\Public\Experiments\IDs\05-WMC\MU","Tr7_study4.png","1","257759","C:/Users/Public/Experiments/IDs/05-WMC/MU/MUsbj097.csv","study","1000","5","97","269592","270593"
"MU.osexp","C:\Users\Public\Experiments\IDs\05-WMC\MU","Tr7_study5.png","1","257759","C:/Users/Public/Experiments/IDs/05-WMC/MU/MUsbj097.csv","study","1000","5","97","271008","272008"
"MU.osexp","C:\Users\Public\Experiments\IDs\05-WMC\MU","Tr7_update1.png","1","257759","C:/Users/Public/Experiments/IDs/05-WMC/MU/MUsbj097.csv","update","1300","5","97","272357","273658"
"MU.osexp","C:\Users\Public\Experiments\IDs\05-WMC\MU","Tr7_update2.png","1","257759","C:/Users/Public/Experiments/IDs/05-WMC/MU/MUsbj097.csv","update","1300","5","97","273995","275297"
"MU.osexp","C:\Users\Public\Experiments\IDs\05-WMC\MU","Tr7_update3.png","1","257759","C:/Users/Public/Experiments/IDs/05-WMC/MU/MUsbj097.csv","update","1300","5","97","275633","276934"
"MU.osexp","C:\Users\Public\Experiments\IDs\05-WMC\MU","Tr7_update4.png","1","257759","C:/Users/Public/Experiments/IDs/05-WMC/MU/MUsbj097.csv","update","1300","5","97","277269","278570"
"MU.osexp","C:\Users\Public\Experiments\IDs\05-WMC\MU","Tr7_update5.png","1","257759","C:/Users/Public/Experiments/IDs/05-WMC/MU/MUsbj097.csv","update","1300","5","97","279023","280324"
"MU.osexp","C:\Users\Public\Experiments\IDs\05-WMC\MU","Tr7_test1.png","6","287559","C:/Users/Public/Experiments/IDs/05-WMC/MU/MUsbj097.csv","test","0","5","97","280683","287560"
"MU.osexp","C:\Users\Public\Experiments\IDs\05-WMC\MU","Tr7_test2.png","5","289991","C:/Users/Public/Experiments/IDs/05-WMC/MU/MUsbj097.csv","test","0","5","97","288658","289992"
"MU.osexp","C:\Users\Public\Experiments\IDs\05-WMC\MU","Tr7_test3.png","1","294439","C:/Users/Public/Experiments/IDs/05-WMC/MU/MUsbj097.csv","test","0","5","97","291084","294440"
"MU.osexp","C:\Users\Public\Experiments\IDs\05-WMC\MU","Tr7_test4.png","4","297047","C:/Users/Public/Experiments/IDs/05-WMC/MU/MUsbj097.csv","test","0","5","97","295531","297048"
"MU.osexp","C:\Users\Public\Experiments\IDs\05-WMC\MU","Tr7_test5.png","3","299879","C:/Users/Public/Experiments/IDs/05-WMC/MU/MUsbj097.csv","test","0","5","97","298159","299880"
"MU.osexp","C:\Users\Public\Experiments\IDs\05-WMC\MU","wait.png","3","299879","C:/Users/Public/Experiments/IDs/05-WMC/MU/MUsbj097.csv","wait","5000","4","97","300989","299880"
"MU.osexp","C:\Users\Public\Experiments\IDs\05-WMC\MU","fixation.png","3","299879","C:/Users/Public/Experiments/IDs/05-WMC/MU/MUsbj097.csv","fix","1500","4","97","306081","299880"
"MU.osexp","C:\Users\Public\Experiments\IDs\05-WMC\MU","Tr8_study1.png","3","299879","C:/Users/Public/Experiments/IDs/05-WMC/MU/MUsbj097.csv","study","1000","4","97","307682","308682"
"MU.osexp","C:\Users\Public\Experiments\IDs\05-WMC\MU","Tr8_study2.png","3","299879","C:/Users/Public/Experiments/IDs/05-WMC/MU/MUsbj097.csv","study","1000","4","97","309013","310015"
"MU.osexp","C:\Users\Public\Experiments\IDs\05-WMC\MU","Tr8_study3.png","3","299879","C:/Users/Public/Experiments/IDs/05-WMC/MU/MUsbj097.csv","study","1000","4","97","310347","311347"
"MU.osexp","C:\Users\Public\Experiments\IDs\05-WMC\MU","Tr8_study4.png","3","299879","C:/Users/Public/Experiments/IDs/05-WMC/MU/MUsbj097.csv","study","1000","4","97","311690","312691"
"MU.osexp","C:\Users\Public\Experiments\IDs\05-WMC\MU","Tr8_update1.png","3","299879","C:/Users/Public/Experiments/IDs/05-WMC/MU/MUsbj097.csv","update","1300","4","97","313038","314340"
"MU.osexp","C:\Users\Public\Experiments\IDs\05-WMC\MU","Tr8_update2.png","3","299879","C:/Users/Public/Experiments/IDs/05-WMC/MU/MUsbj097.csv","update","1300","4","97","314668","315968"
"MU.osexp","C:\Users\Public\Experiments\IDs\05-WMC\MU","Tr8_update3.png","3","299879","C:/Users/Public/Experiments/IDs/05-WMC/MU/MUsbj097.csv","update","1300","4","97","316313","317614"
"MU.osexp","C:\Users\Public\Experiments\IDs\05-WMC\MU","Tr8_test1.png","2","320975","C:/Users/Public/Experiments/IDs/05-WMC/MU/MUsbj097.csv","test","0","4","97","317956","320976"
"MU.osexp","C:\Users\Public\Experiments\IDs\05-WMC\MU","Tr8_test2.png","4","323103","C:/Users/Public/Experiments/IDs/05-WMC/MU/MUsbj097.csv","test","0","4","97","322058","323104"
"MU.osexp","C:\Users\Public\Experiments\IDs\05-WMC\MU","Tr8_test3.png","9","325247","C:/Users/Public/Experiments/IDs/05-WMC/MU/MUsbj097.csv","test","0","4","97","324194","325248"
"MU.osexp","C:\Users\Public\Experiments\IDs\05-WMC\MU","Tr8_test4.png","2","327279","C:/Users/Public/Experiments/IDs/05-WMC/MU/MUsbj097.csv","test","0","4","97","326382","327280"
"MU.osexp","C:\Users\Public\Experiments\IDs\05-WMC\MU","wait.png","2","327279","C:/Users/Public/Experiments/IDs/05-WMC/MU/MUsbj097.csv","wait","5000","5","97","328357","327280"
"MU.osexp","C:\Users\Public\Experiments\IDs\05-WMC\MU","fixation.png","2","327279","C:/Users/Public/Experiments/IDs/05-WMC/MU/MUsbj097.csv","fix","1500","5","97","333433","327280"
"MU.osexp","C:\Users\Public\Experiments\IDs\05-WMC\MU","Tr9_study1.png","2","327279","C:/Users/Public/Experiments/IDs/05-WMC/MU/MUsbj097.csv","study","1000","5","97","335057","336058"
"MU.osexp","C:\Users\Public\Experiments\IDs\05-WMC\MU","Tr9_study2.png","2","327279","C:/Users/Public/Experiments/IDs/05-WMC/MU/MUsbj097.csv","study","1000","5","97","336400","337402"
"MU.osexp","C:\Users\Public\Experiments\IDs\05-WMC\MU","Tr9_study3.png","2","327279","C:/Users/Public/Experiments/IDs/05-WMC/MU/MUsbj097.csv","study","1000","5","97","337743","338744"
"MU.osexp","C:\Users\Public\Experiments\IDs\05-WMC\MU","Tr9_study4.png","2","327279","C:/Users/Public/Experiments/IDs/05-WMC/MU/MUsbj097.csv","study","1000","5","97","339085","340085"
"MU.osexp","C:\Users\Public\Experiments\IDs\05-WMC\MU","Tr9_study5.png","2","327279","C:/Users/Public/Experiments/IDs/05-WMC/MU/MUsbj097.csv","study","1000","5","97","340409","341410"
"MU.osexp","C:\Users\Public\Experiments\IDs\05-WMC\MU","Tr9_update1.png","2","327279","C:/Users/Public/Experiments/IDs/05-WMC/MU/MUsbj097.csv","update","1300","5","97","341731","343032"
"MU.osexp","C:\Users\Public\Experiments\IDs\05-WMC\MU","Tr9_update2.png","2","327279","C:/Users/Public/Experiments/IDs/05-WMC/MU/MUsbj097.csv","update","1300","5","97","343388","344690"
"MU.osexp","C:\Users\Public\Experiments\IDs\05-WMC\MU","Tr9_test1.png","4","348047","C:/Users/Public/Experiments/IDs/05-WMC/MU/MUsbj097.csv","test","0","5","97","345028","348047"
"MU.osexp","C:\Users\Public\Experiments\IDs\05-WMC\MU","Tr9_test2.png","4","351855","C:/Users/Public/Experiments/IDs/05-WMC/MU/MUsbj097.csv","test","0","5","97","349118","351856"
"MU.osexp","C:\Users\Public\Experiments\IDs\05-WMC\MU","Tr9_test3.png","5","354263","C:/Users/Public/Experiments/IDs/05-WMC/MU/MUsbj097.csv","test","0","5","97","352941","354264"
"MU.osexp","C:\Users\Public\Experiments\IDs\05-WMC\MU","Tr9_test4.png","4","356679","C:/Users/Public/Experiments/IDs/05-WMC/MU/MUsbj097.csv","test","0","5","97","355360","356680"
"MU.osexp","C:\Users\Public\Experiments\IDs\05-WMC\MU","Tr9_test5.png","9","358607","C:/Users/Public/Experiments/IDs/05-WMC/MU/MUsbj097.csv","test","0","5","97","357752","358608"
"MU.osexp","C:\Users\Public\Experiments\IDs\05-WMC\MU","wait.png","9","358607","C:/Users/Public/Experiments/IDs/05-WMC/MU/MUsbj097.csv","wait","5000","3","97","359797","358608"
"MU.osexp","C:\Users\Public\Experiments\IDs\05-WMC\MU","fixation.png","9","358607","C:/Users/Public/Experiments/IDs/05-WMC/MU/MUsbj097.csv","fix","1500","3","97","364892","358608"
"MU.osexp","C:\Users\Public\Experiments\IDs\05-WMC\MU","Tr10_study1.png","9","358607","C:/Users/Public/Experiments/IDs/05-WMC/MU/MUsbj097.csv","study","1000","3","97","366497","367497"
"MU.osexp","C:\Users\Public\Experiments\IDs\05-WMC\MU","Tr10_study2.png","9","358607","C:/Users/Public/Experiments/IDs/05-WMC/MU/MUsbj097.csv","study","1000","3","97","367835","368836"
"MU.osexp","C:\Users\Public\Experiments\IDs\05-WMC\MU","Tr10_study3.png","9","358607","C:/Users/Public/Experiments/IDs/05-WMC/MU/MUsbj097.csv","study","1000","3","97","369191","370192"
"MU.osexp","C:\Users\Public\Experiments\IDs\05-WMC\MU","Tr10_update1.png","9","358607","C:/Users/Public/Experiments/IDs/05-WMC/MU/MUsbj097.csv","update","1300","3","97","370524","371824"
"MU.osexp","C:\Users\Public\Experiments\IDs\05-WMC\MU","Tr10_update2.png","9","358607","C:/Users/Public/Experiments/IDs/05-WMC/MU/MUsbj097.csv","update","1300","3","97","372145","373445"
"MU.osexp","C:\Users\Public\Experiments\IDs\05-WMC\MU","Tr10_test1.png","5","375407","C:/Users/Public/Experiments/IDs/05-WMC/MU/MUsbj097.csv","test","0","3","97","373890","375408"
"MU.osexp","C:\Users\Public\Experiments\IDs\05-WMC\MU","Tr10_test2.png","5","380391","C:/Users/Public/Experiments/IDs/05-WMC/MU/MUsbj097.csv","test","0","3","97","376483","380392"
"MU.osexp","C:\Users\Public\Experiments\IDs\05-WMC\MU","Tr10_test3.png","5","382191","C:/Users/Public/Experiments/IDs/05-WMC/MU/MUsbj097.csv","test","0","3","97","381462","382192"
"MU.osexp","C:\Users\Public\Experiments\IDs\05-WMC\MU","wait.png","5","382191","C:/Users/Public/Experiments/IDs/05-WMC/MU/MUsbj097.csv","wait","5000","5","97","383287","382192"
"MU.osexp","C:\Users\Public\Experiments\IDs\05-WMC\MU","fixation.png","5","382191","C:/Users/Public/Experiments/IDs/05-WMC/MU/MUsbj097.csv","fix","1500","5","97","388362","382192"
"MU.osexp","C:\Users\Public\Experiments\IDs\05-WMC\MU","Tr11_study1.png","5","382191","C:/Users/Public/Experiments/IDs/05-WMC/MU/MUsbj097.csv","study","1000","5","97","389940","390940"
"MU.osexp","C:\Users\Public\Experiments\IDs\05-WMC\MU","Tr11_study2.png","5","382191","C:/Users/Public/Experiments/IDs/05-WMC/MU/MUsbj097.csv","study","1000","5","97","391274","392274"
"MU.osexp","C:\Users\Public\Experiments\IDs\05-WMC\MU","Tr11_study3.png","5","382191","C:/Users/Public/Experiments/IDs/05-WMC/MU/MUsbj097.csv","study","1000","5","97","392603","393604"
"MU.osexp","C:\Users\Public\Experiments\IDs\05-WMC\MU","Tr11_study4.png","5","382191","C:/Users/Public/Experiments/IDs/05-WMC/MU/MUsbj097.csv","study","1000","5","97","393938","394938"
"MU.osexp","C:\Users\Public\Experiments\IDs\05-WMC\MU","Tr11_study5.png","5","382191","C:/Users/Public/Experiments/IDs/05-WMC/MU/MUsbj097.csv","study","1000","5","97","395264","396264"
"MU.osexp","C:\Users\Public\Experiments\IDs\05-WMC\MU","Tr11_update1.png","5","382191","C:/Users/Public/Experiments/IDs/05-WMC/MU/MUsbj097.csv","update","1300","5","97","396591","397892"
"MU.osexp","C:\Users\Public\Experiments\IDs\05-WMC\MU","Tr11_update2.png","5","382191","C:/Users/Public/Experiments/IDs/05-WMC/MU/MUsbj097.csv","update","1300","5","97","398222","399524"
"MU.osexp","C:\Users\Public\Experiments\IDs\05-WMC\MU","Tr11_update3.png","5","382191","C:/Users/Public/Experiments/IDs/05-WMC/MU/MUsbj097.csv","update","1300","5","97","399857","401159"
"MU.osexp","C:\Users\Public\Experiments\IDs\05-WMC\MU","Tr11_test1.png","1","405687","C:/Users/Public/Experiments/IDs/05-WMC/MU/MUsbj097.csv","test","0","5","97","401525","405688"
"MU.osexp","C:\Users\Public\Experiments\IDs\05-WMC\MU","Tr11_test2.png","4","407087","C:/Users/Public/Experiments/IDs/05-WMC/MU/MUsbj097.csv","test","0","5","97","406817","407088"
"MU.osexp","C:\Users\Public\Experiments\IDs\05-WMC\MU","Tr11_test3.png","5","409127","C:/Users/Public/Experiments/IDs/05-WMC/MU/MUsbj097.csv","test","0","5","97","408187","409128"
"MU.osexp","C:\Users\Public\Experiments\IDs\05-WMC\MU","Tr11_test4.png","6","411639","C:/Users/Public/Experiments/IDs/05-WMC/MU/MUsbj097.csv","test","0","5","97","410220","411640"
"MU.osexp","C:\Users\Public\Experiments\IDs\05-WMC\MU","Tr11_test5.png","9","414903","C:/Users/Public/Experiments/IDs/05-WMC/MU/MUsbj097.csv","test","0","5","97","412714","414904"
"MU.osexp","C:\Users\Public\Experiments\IDs\05-WMC\MU","wait.png","9","414903","C:/Users/Public/Experiments/IDs/05-WMC/MU/MUsbj097.csv","wait","5000","3","97","415982","414904"
"MU.osexp","C:\Users\Public\Experiments\IDs\05-WMC\MU","fixation.png","9","414903","C:/Users/Public/Experiments/IDs/05-WMC/MU/MUsbj097.csv","fix","1500","3","97","421060","414904"
"MU.osexp","C:\Users\Public\Experiments\IDs\05-WMC\MU","Tr12_study1.png","9","414903","C:/Users/Public/Experiments/IDs/05-WMC/MU/MUsbj097.csv","study","1000","3","97","422635","423636"
"MU.osexp","C:\Users\Public\Experiments\IDs\05-WMC\MU","Tr12_study2.png","9","414903","C:/Users/Public/Experiments/IDs/05-WMC/MU/MUsbj097.csv","study","1000","3","97","423960","424960"
"MU.osexp","C:\Users\Public\Experiments\IDs\05-WMC\MU","Tr12_study3.png","9","414903","C:/Users/Public/Experiments/IDs/05-WMC/MU/MUsbj097.csv","study","1000","3","97","425291","426291"
"MU.osexp","C:\Users\Public\Experiments\IDs\05-WMC\MU","Tr12_update1.png","9","414903","C:/Users/Public/Experiments/IDs/05-WMC/MU/MUsbj097.csv","update","1300","3","97","426628","427930"
"MU.osexp","C:\Users\Public\Experiments\IDs\05-WMC\MU","Tr12_update2.png","9","414903","C:/Users/Public/Experiments/IDs/05-WMC/MU/MUsbj097.csv","update","1300","3","97","428277","429577"
"MU.osexp","C:\Users\Public\Experiments\IDs\05-WMC\MU","Tr12_update3.png","9","414903","C:/Users/Public/Experiments/IDs/05-WMC/MU/MUsbj097.csv","update","1300","3","97","429902","431202"
"MU.osexp","C:\Users\Public\Experiments\IDs\05-WMC\MU","Tr12_update4.png","9","414903","C:/Users/Public/Experiments/IDs/05-WMC/MU/MUsbj097.csv","update","1300","3","97","431539","432841"
"MU.osexp","C:\Users\Public\Experiments\IDs\05-WMC\MU","Tr12_update5.png","9","414903","C:/Users/Public/Experiments/IDs/05-WMC/MU/MUsbj097.csv","update","1300","3","97","433166","434468"
"MU.osexp","C:\Users\Public\Experiments\IDs\05-WMC\MU","Tr12_test1.png","4","436832","C:/Users/Public/Experiments/IDs/05-WMC/MU/MUsbj097.csv","test","0","3","97","434811","436833"
"MU.osexp","C:\Users\Public\Experiments\IDs\05-WMC\MU","Tr12_test2.png","3","438416","C:/Users/Public/Experiments/IDs/05-WMC/MU/MUsbj097.csv","test","0","3","97","437935","438416"
"MU.osexp","C:\Users\Public\Experiments\IDs\05-WMC\MU","Tr12_test3.png","1","441207","C:/Users/Public/Experiments/IDs/05-WMC/MU/MUsbj097.csv","test","0","3","97","439496","441208"
"MU.osexp","C:\Users\Public\Experiments\IDs\05-WMC\MU","wait.png","1","441207","C:/Users/Public/Experiments/IDs/05-WMC/MU/MUsbj097.csv","wait","5000","3","97","442308","441208"
"MU.osexp","C:\Users\Public\Experiments\IDs\05-WMC\MU","fixation.png","1","441207","C:/Users/Public/Experiments/IDs/05-WMC/MU/MUsbj097.csv","fix","1500","3","97","447394","441208"
"MU.osexp","C:\Users\Public\Experiments\IDs\05-WMC\MU","Tr13_study1.png","1","441207","C:/Users/Public/Experiments/IDs/05-WMC/MU/MUsbj097.csv","study","1000","3","97","448979","449979"
"MU.osexp","C:\Users\Public\Experiments\IDs\05-WMC\MU","Tr13_study2.png","1","441207","C:/Users/Public/Experiments/IDs/05-WMC/MU/MUsbj097.csv","study","1000","3","97","450317","451318"
"MU.osexp","C:\Users\Public\Experiments\IDs\05-WMC\MU","Tr13_study3.png","1","441207","C:/Users/Public/Experiments/IDs/05-WMC/MU/MUsbj097.csv","study","1000","3","97","451783","452785"
"MU.osexp","C:\Users\Public\Experiments\IDs\05-WMC\MU","Tr13_update1.png","1","441207","C:/Users/Public/Experiments/IDs/05-WMC/MU/MUsbj097.csv","update","1300","3","97","453143","454445"
"MU.osexp","C:\Users\Public\Experiments\IDs\05-WMC\MU","Tr13_update2.png","1","441207","C:/Users/Public/Experiments/IDs/05-WMC/MU/MUsbj097.csv","update","1300","3","97","454779","456081"
"MU.osexp","C:\Users\Public\Experiments\IDs\05-WMC\MU","Tr13_update3.png","1","441207","C:/Users/Public/Experiments/IDs/05-WMC/MU/MUsbj097.csv","update","1300","3","97","456417","457718"
"MU.osexp","C:\Users\Public\Experiments\IDs\05-WMC\MU","Tr13_update4.png","1","441207","C:/Users/Public/Experiments/IDs/05-WMC/MU/MUsbj097.csv","update","1300","3","97","458082","459382"
"MU.osexp","C:\Users\Public\Experiments\IDs\05-WMC\MU","Tr13_test1.png","1","462911","C:/Users/Public/Experiments/IDs/05-WMC/MU/MUsbj097.csv","test","0","3","97","459725","462912"
"MU.osexp","C:\Users\Public\Experiments\IDs\05-WMC\MU","Tr13_test2.png","3","464799","C:/Users/Public/Experiments/IDs/05-WMC/MU/MUsbj097.csv","test","0","3","97","464012","464800"
"MU.osexp","C:\Users\Public\Experiments\IDs\05-WMC\MU","Tr13_test3.png","5","466175","C:/Users/Public/Experiments/IDs/05-WMC/MU/MUsbj097.csv","test","0","3","97","465888","466176"
"MU.osexp","C:\Users\Public\Experiments\IDs\05-WMC\MU","wait.png","5","466175","C:/Users/Public/Experiments/IDs/05-WMC/MU/MUsbj097.csv","wait","5000","5","97","467339","466176"
"MU.osexp","C:\Users\Public\Experiments\IDs\05-WMC\MU","fixation.png","5","466175","C:/Users/Public/Experiments/IDs/05-WMC/MU/MUsbj097.csv","fix","1500","5","97","472511","466176"
"MU.osexp","C:\Users\Public\Experiments\IDs\05-WMC\MU","Tr14_study1.png","5","466175","C:/Users/Public/Experiments/IDs/05-WMC/MU/MUsbj097.csv","study","1000","5","97","474098","475099"
"MU.osexp","C:\Users\Public\Experiments\IDs\05-WMC\MU","Tr14_study2.png","5","466175","C:/Users/Public/Experiments/IDs/05-WMC/MU/MUsbj097.csv","study","1000","5","97","475430","476431"
"MU.osexp","C:\Users\Public\Experiments\IDs\05-WMC\MU","Tr14_study3.png","5","466175","C:/Users/Public/Experiments/IDs/05-WMC/MU/MUsbj097.csv","study","1000","5","97","476793","477793"
"MU.osexp","C:\Users\Public\Experiments\IDs\05-WMC\MU","Tr14_study4.png","5","466175","C:/Users/Public/Experiments/IDs/05-WMC/MU/MUsbj097.csv","study","1000","5","97","478139","479141"
"MU.osexp","C:\Users\Public\Experiments\IDs\05-WMC\MU","Tr14_study5.png","5","466175","C:/Users/Public/Experiments/IDs/05-WMC/MU/MUsbj097.csv","study","1000","5","97","479494","480494"
"MU.osexp","C:\Users\Public\Experiments\IDs\05-WMC\MU","Tr14_update1.png","5","466175","C:/Users/Public/Experiments/IDs/05-WMC/MU/MUsbj097.csv","update","1300","5","97","480821","482121"
"MU.osexp","C:\Users\Public\Experiments\IDs\05-WMC\MU","Tr14_update2.png","5","466175","C:/Users/Public/Experiments/IDs/05-WMC/MU/MUsbj097.csv","update","1300","5","97","482459","483761"
"MU.osexp","C:\Users\Public\Experiments\IDs\05-WMC\MU","Tr14_update3.png","5","466175","C:/Users/Public/Experiments/IDs/05-WMC/MU/MUsbj097.csv","update","1300","5","97","484127","485430"
"MU.osexp","C:\Users\Public\Experiments\IDs\05-WMC\MU","Tr14_update4.png","5","466175","C:/Users/Public/Experiments/IDs/05-WMC/MU/MUsbj097.csv","update","1300","5","97","485777","487078"
"MU.osexp","C:\Users\Public\Experiments\IDs\05-WMC\MU","Tr14_test1.png","6","497263","C:/Users/Public/Experiments/IDs/05-WMC/MU/MUsbj097.csv","test","0","5","97","487430","497264"
"MU.osexp","C:\Users\Public\Experiments\IDs\05-WMC\MU","Tr14_test2.png","5","500775","C:/Users/Public/Experiments/IDs/05-WMC/MU/MUsbj097.csv","test","0","5","97","498354","500776"
"MU.osexp","C:\Users\Public\Experiments\IDs\05-WMC\MU","Tr14_test3.png","4","503087","C:/Users/Public/Experiments/IDs/05-WMC/MU/MUsbj097.csv","test","0","5","97","501865","503088"
"MU.osexp","C:\Users\Public\Experiments\IDs\05-WMC\MU","Tr14_test4.png","5","505047","C:/Users/Public/Experiments/IDs/05-WMC/MU/MUsbj097.csv","test","0","5","97","504164","505048"
"MU.osexp","C:\Users\Public\Experiments\IDs\05-WMC\MU","Tr14_test5.png","8","506408","C:/Users/Public/Experiments/IDs/05-WMC/MU/MUsbj097.csv","test","0","5","97","506132","506409"
"MU.osexp","C:\Users\Public\Experiments\IDs\05-WMC\MU","wait.png","8","506408","C:/Users/Public/Experiments/IDs/05-WMC/MU/MUsbj097.csv","wait","5000","4","97","507479","506409"
"MU.osexp","C:\Users\Public\Experiments\IDs\05-WMC\MU","fixation.png","8","506408","C:/Users/Public/Experiments/IDs/05-WMC/MU/MUsbj097.csv","fix","1500","4","97","512551","506409"
"MU.osexp","C:\Users\Public\Experiments\IDs\05-WMC\MU","Tr15_study1.png","8","506408","C:/Users/Public/Experiments/IDs/05-WMC/MU/MUsbj097.csv","study","1000","4","97","514125","515127"
"MU.osexp","C:\Users\Public\Experiments\IDs\05-WMC\MU","Tr15_study2.png","8","506408","C:/Users/Public/Experiments/IDs/05-WMC/MU/MUsbj097.csv","study","1000","4","97","515461","516462"
"MU.osexp","C:\Users\Public\Experiments\IDs\05-WMC\MU","Tr15_study3.png","8","506408","C:/Users/Public/Experiments/IDs/05-WMC/MU/MUsbj097.csv","study","1000","4","97","516784","517784"
"MU.osexp","C:\Users\Public\Experiments\IDs\05-WMC\MU","Tr15_study4.png","8","506408","C:/Users/Public/Experiments/IDs/05-WMC/MU/MUsbj097.csv","study","1000","4","97","518105","519105"
"MU.osexp","C:\Users\Public\Experiments\IDs\05-WMC\MU","Tr15_update1.png","8","506408","C:/Users/Public/Experiments/IDs/05-WMC/MU/MUsbj097.csv","update","1300","4","97","519433","520733"
"MU.osexp","C:\Users\Public\Experiments\IDs\05-WMC\MU","Tr15_update2.png","8","506408","C:/Users/Public/Experiments/IDs/05-WMC/MU/MUsbj097.csv","update","1300","4","97","521066","522368"
"MU.osexp","C:\Users\Public\Experiments\IDs\05-WMC\MU","Tr15_update3.png","8","506408","C:/Users/Public/Experiments/IDs/05-WMC/MU/MUsbj097.csv","update","1300","4","97","522697","523999"
"MU.osexp","C:\Users\Public\Experiments\IDs\05-WMC\MU","Tr15_update4.png","8","506408","C:/Users/Public/Experiments/IDs/05-WMC/MU/MUsbj097.csv","update","1300","4","97","524328","525628"
"MU.osexp","C:\Users\Public\Experiments\IDs\05-WMC\MU","Tr15_update5.png","8","506408","C:/Users/Public/Experiments/IDs/05-WMC/MU/MUsbj097.csv","update","1300","4","97","525982","527283"
"MU.osexp","C:\Users\Public\Experiments\IDs\05-WMC\MU","Tr15_update6.png","8","506408","C:/Users/Public/Experiments/IDs/05-WMC/MU/MUsbj097.csv","update","1300","4","97","527617","528918"
"MU.osexp","C:\Users\Public\Experiments\IDs\05-WMC\MU","Tr15_test1.png","9","531391","C:/Users/Public/Experiments/IDs/05-WMC/MU/MUsbj097.csv","test","0","4","97","529264","531392"
"MU.osexp","C:\Users\Public\Experiments\IDs\05-WMC\MU","Tr15_test2.png","8","534983","C:/Users/Public/Experiments/IDs/05-WMC/MU/MUsbj097.csv","test","0","4","97","532487","534984"
"MU.osexp","C:\Users\Public\Experiments\IDs\05-WMC\MU","Tr15_test3.png","8","536423","C:/Users/Public/Experiments/IDs/05-WMC/MU/MUsbj097.csv","test","0","4","97","536059","536424"
"MU.osexp","C:\Users\Public\Experiments\IDs\05-WMC\MU","Tr15_test4.png","2","538783","C:/Users/Public/Experiments/IDs/05-WMC/MU/MUsbj097.csv","test","0","4","97","537504","538784"
"MU.osexp","C:\Users\Public\Experiments\IDs\05-WMC\MU","wait.png","2","538783","C:/Users/Public/Experiments/IDs/05-WMC/MU/MUsbj097.csv","wait","5000","4","97","539877","538784"
"MU.osexp","C:\Users\Public\Experiments\IDs\05-WMC\MU","fixation.png","2","538783","C:/Users/Public/Experiments/IDs/05-WMC/MU/MUsbj097.csv","fix","1500","4","97","544961","538784"
"MU.osexp","C:\Users\Public\Experiments\IDs\05-WMC\MU","Tr16_study1.png","2","538783","C:/Users/Public/Experiments/IDs/05-WMC/MU/MUsbj097.csv","study","1000","4","97","546542","547542"
"MU.osexp","C:\Users\Public\Experiments\IDs\05-WMC\MU","Tr16_study2.png","2","538783","C:/Users/Public/Experiments/IDs/05-WMC/MU/MUsbj097.csv","study","1000","4","97","547860","548861"
"MU.osexp","C:\Users\Public\Experiments\IDs\05-WMC\MU","Tr16_study3.png","2","538783","C:/Users/Public/Experiments/IDs/05-WMC/MU/MUsbj097.csv","study","1000","4","97","549338","550340"
"MU.osexp","C:\Users\Public\Experiments\IDs\05-WMC\MU","Tr16_study4.png","2","538783","C:/Users/Public/Experiments/IDs/05-WMC/MU/MUsbj097.csv","study","1000","4","97","550686","551687"
"MU.osexp","C:\Users\Public\Experiments\IDs\05-WMC\MU","Tr16_update1.png","2","538783","C:/Users/Public/Experiments/IDs/05-WMC/MU/MUsbj097.csv","update","1300","4","97","552034","553334"
"MU.osexp","C:\Users\Public\Experiments\IDs\05-WMC\MU","Tr16_update2.png","2","538783","C:/Users/Public/Experiments/IDs/05-WMC/MU/MUsbj097.csv","update","1300","4","97","553652","554954"
"MU.osexp","C:\Users\Public\Experiments\IDs\05-WMC\MU","Tr16_test1.png","8","557175","C:/Users/Public/Experiments/IDs/05-WMC/MU/MUsbj097.csv","test","0","4","97","555278","557176"
"MU.osexp","C:\Users\Public\Experiments\IDs\05-WMC\MU","Tr16_test2.png","7","559128","C:/Users/Public/Experiments/IDs/05-WMC/MU/MUsbj097.csv","test","0","4","97","558267","559129"
"MU.osexp","C:\Users\Public\Experiments\IDs\05-WMC\MU","Tr16_test3.png","8","563072","C:/Users/Public/Experiments/IDs/05-WMC/MU/MUsbj097.csv","test","0","4","97","560201","563072"
"MU.osexp","C:\Users\Public\Experiments\IDs\05-WMC\MU","Tr16_test4.png","6","564527","C:/Users/Public/Experiments/IDs/05-WMC/MU/MUsbj097.csv","test","0","4","97","564278","564528"
"MU.osexp","C:\Users\Public\Experiments\IDs\05-WMC\MU","wait.png","6","564527","C:/Users/Public/Experiments/IDs/05-WMC/MU/MUsbj097.csv","wait","5000","5","97","565607","564528"
"MU.osexp","C:\Users\Public\Experiments\IDs\05-WMC\MU","fixation.png","6","564527","C:/Users/Public/Experiments/IDs/05-WMC/MU/MUsbj097.csv","fix","1500","5","97","570688","564528"
"MU.osexp","C:\Users\Public\Experiments\IDs\05-WMC\MU","Tr17_study1.png","6","564527","C:/Users/Public/Experiments/IDs/05-WMC/MU/MUsbj097.csv","study","1000","5","97","572269","573271"
"MU.osexp","C:\Users\Public\Experiments\IDs\05-WMC\MU","Tr17_study2.png","6","564527","C:/Users/Public/Experiments/IDs/05-WMC/MU/MUsbj097.csv","study","1000","5","97","573604","574605"
"MU.osexp","C:\Users\Public\Experiments\IDs\05-WMC\MU","Tr17_study3.png","6","564527","C:/Users/Public/Experiments/IDs/05-WMC/MU/MUsbj097.csv","study","1000","5","97","575039","576039"
"MU.osexp","C:\Users\Public\Experiments\IDs\05-WMC\MU","Tr17_study4.png","6","564527","C:/Users/Public/Experiments/IDs/05-WMC/MU/MUsbj097.csv","study","1000","5","97","576362","577364"
"MU.osexp","C:\Users\Public\Experiments\IDs\05-WMC\MU","Tr17_study5.png","6","564527","C:/Users/Public/Experiments/IDs/05-WMC/MU/MUsbj097.csv","study","1000","5","97","577732","578734"
"MU.osexp","C:\Users\Public\Experiments\IDs\05-WMC\MU","Tr17_update1.png","6","564527","C:/Users/Public/Experiments/IDs/05-WMC/MU/MUsbj097.csv","update","1300","5","97","579078","580380"
"MU.osexp","C:\Users\Public\Experiments\IDs\05-WMC\MU","Tr17_update2.png","6","564527","C:/Users/Public/Experiments/IDs/05-WMC/MU/MUsbj097.csv","update","1300","5","97","580703","582005"
"MU.osexp","C:\Users\Public\Experiments\IDs\05-WMC\MU","Tr17_update3.png","6","564527","C:/Users/Public/Experiments/IDs/05-WMC/MU/MUsbj097.csv","update","1300","5","97","582341","583642"
"MU.osexp","C:\Users\Public\Experiments\IDs\05-WMC\MU","Tr17_update4.png","6","564527","C:/Users/Public/Experiments/IDs/05-WMC/MU/MUsbj097.csv","update","1300","5","97","583987","585289"
"MU.osexp","C:\Users\Public\Experiments\IDs\05-WMC\MU","Tr17_update5.png","6","564527","C:/Users/Public/Experiments/IDs/05-WMC/MU/MUsbj097.csv","update","1300","5","97","585627","586928"
"MU.osexp","C:\Users\Public\Experiments\IDs\05-WMC\MU","Tr17_update6.png","6","564527","C:/Users/Public/Experiments/IDs/05-WMC/MU/MUsbj097.csv","update","1300","5","97","587271","588572"
"MU.osexp","C:\Users\Public\Experiments\IDs\05-WMC\MU","Tr17_test1.png","1","591471","C:/Users/Public/Experiments/IDs/05-WMC/MU/MUsbj097.csv","test","0","5","97","589031","591472"
"MU.osexp","C:\Users\Public\Experiments\IDs\05-WMC\MU","Tr17_test2.png","1","596120","C:/Users/Public/Experiments/IDs/05-WMC/MU/MUsbj097.csv","test","0","5","97","592551","596120"
"MU.osexp","C:\Users\Public\Experiments\IDs\05-WMC\MU","Tr17_test3.png","3","598591","C:/Users/Public/Experiments/IDs/05-WMC/MU/MUsbj097.csv","test","0","5","97","597201","598592"
"MU.osexp","C:\Users\Public\Experiments\IDs\05-WMC\MU","Tr17_test4.png","8","600519","C:/Users/Public/Experiments/IDs/05-WMC/MU/MUsbj097.csv","test","0","5","97","599674","600520"
"MU.osexp","C:\Users\Public\Experiments\IDs\05-WMC\MU","Tr17_test5.png","9","601631","C:/Users/Public/Experiments/IDs/05-WMC/MU/MUsbj097.csv","test","0","5","97","601617","601632"
