"experiment_file","experiment_path","image","key","key_time","logfile","phase","playtime","setSize","subject_nr","timestamp","waittime"
"MU.osexp","C:\Users\Public\Experiments\IDs\05-WMC\MU","ready1.png","NA","NA","C:/Users/Public/Experiments/IDs/05-WMC/MU/MU_SM01_results/MUsbj055.csv","pre","0","3","55","95540","NA"
"MU.osexp","C:\Users\Public\Experiments\IDs\05-WMC\MU","fixation.png","NA","NA","C:/Users/Public/Experiments/IDs/05-WMC/MU/MU_SM01_results/MUsbj055.csv","fix","1500","3","55","96646","NA"
"MU.osexp","C:\Users\Public\Experiments\IDs\05-WMC\MU","Tr1_study1.png","NA","NA","C:/Users/Public/Experiments/IDs/05-WMC/MU/MU_SM01_results/MUsbj055.csv","study","1000","3","55","98270","99272"
"MU.osexp","C:\Users\Public\Experiments\IDs\05-WMC\MU","Tr1_study2.png","NA","NA","C:/Users/Public/Experiments/IDs/05-WMC/MU/MU_SM01_results/MUsbj055.csv","study","1000","3","55","99641","100643"
"MU.osexp","C:\Users\Public\Experiments\IDs\05-WMC\MU","Tr1_study3.png","NA","NA","C:/Users/Public/Experiments/IDs/05-WMC/MU/MU_SM01_results/MUsbj055.csv","study","1000","3","55","101111","102113"
"MU.osexp","C:\Users\Public\Experiments\IDs\05-WMC\MU","Tr1_update1.png","NA","NA","C:/Users/Public/Experiments/IDs/05-WMC/MU/MU_SM01_results/MUsbj055.csv","update","1300","3","55","102480","103782"
"MU.osexp","C:\Users\Public\Experiments\IDs\05-WMC\MU","Tr1_update2.png","NA","NA","C:/Users/Public/Experiments/IDs/05-WMC/MU/MU_SM01_results/MUsbj055.csv","update","1300","3","55","104139","105441"
"MU.osexp","C:\Users\Public\Experiments\IDs\05-WMC\MU","Tr1_update3.png","NA","NA","C:/Users/Public/Experiments/IDs/05-WMC/MU/MU_SM01_results/MUsbj055.csv","update","1300","3","55","105811","107113"
"MU.osexp","C:\Users\Public\Experiments\IDs\05-WMC\MU","Tr1_test1.png","9","126270","C:/Users/Public/Experiments/IDs/05-WMC/MU/MU_SM01_results/MUsbj055.csv","test","0","3","55","107472","126271"
"MU.osexp","C:\Users\Public\Experiments\IDs\05-WMC\MU","Tr1_test2.png","8","129637","C:/Users/Public/Experiments/IDs/05-WMC/MU/MU_SM01_results/MUsbj055.csv","test","0","3","55","127380","129638"
"MU.osexp","C:\Users\Public\Experiments\IDs\05-WMC\MU","Tr1_test3.png","2","132701","C:/Users/Public/Experiments/IDs/05-WMC/MU/MU_SM01_results/MUsbj055.csv","test","0","3","55","130741","132702"
"MU.osexp","C:\Users\Public\Experiments\IDs\05-WMC\MU","wait.png","2","132701","C:/Users/Public/Experiments/IDs/05-WMC/MU/MU_SM01_results/MUsbj055.csv","wait","5000","3","55","133819","132702"
"MU.osexp","C:\Users\Public\Experiments\IDs\05-WMC\MU","fixation.png","2","132701","C:/Users/Public/Experiments/IDs/05-WMC/MU/MU_SM01_results/MUsbj055.csv","fix","1500","3","55","138922","132702"
"MU.osexp","C:\Users\Public\Experiments\IDs\05-WMC\MU","Tr2_study1.png","2","132701","C:/Users/Public/Experiments/IDs/05-WMC/MU/MU_SM01_results/MUsbj055.csv","study","1000","3","55","140548","141550"
"MU.osexp","C:\Users\Public\Experiments\IDs\05-WMC\MU","Tr2_study2.png","2","132701","C:/Users/Public/Experiments/IDs/05-WMC/MU/MU_SM01_results/MUsbj055.csv","study","1000","3","55","141890","142892"
"MU.osexp","C:\Users\Public\Experiments\IDs\05-WMC\MU","Tr2_study3.png","2","132701","C:/Users/Public/Experiments/IDs/05-WMC/MU/MU_SM01_results/MUsbj055.csv","study","1000","3","55","143259","144261"
"MU.osexp","C:\Users\Public\Experiments\IDs\05-WMC\MU","Tr2_update1.png","2","132701","C:/Users/Public/Experiments/IDs/05-WMC/MU/MU_SM01_results/MUsbj055.csv","update","1300","3","55","144608","145910"
"MU.osexp","C:\Users\Public\Experiments\IDs\05-WMC\MU","Tr2_update2.png","2","132701","C:/Users/Public/Experiments/IDs/05-WMC/MU/MU_SM01_results/MUsbj055.csv","update","1300","3","55","146273","147575"
"MU.osexp","C:\Users\Public\Experiments\IDs\05-WMC\MU","Tr2_update3.png","2","132701","C:/Users/Public/Experiments/IDs/05-WMC/MU/MU_SM01_results/MUsbj055.csv","update","1300","3","55","147913","149215"
"MU.osexp","C:\Users\Public\Experiments\IDs\05-WMC\MU","Tr2_test1.png","4","154573","C:/Users/Public/Experiments/IDs/05-WMC/MU/MU_SM01_results/MUsbj055.csv","test","0","3","55","149561","154574"
"MU.osexp","C:\Users\Public\Experiments\IDs\05-WMC\MU","Tr2_test2.png","9","160118","C:/Users/Public/Experiments/IDs/05-WMC/MU/MU_SM01_results/MUsbj055.csv","test","0","3","55","155679","160118"
"MU.osexp","C:\Users\Public\Experiments\IDs\05-WMC\MU","Tr2_test3.png","1","162605","C:/Users/Public/Experiments/IDs/05-WMC/MU/MU_SM01_results/MUsbj055.csv","test","0","3","55","161205","162606"
"MU.osexp","C:\Users\Public\Experiments\IDs\05-WMC\MU","ready2.png","1","162605","C:/Users/Public/Experiments/IDs/05-WMC/MU/MU_SM01_results/MUsbj055.csv","pre","0","3","55","186703","162606"
"MU.osexp","C:\Users\Public\Experiments\IDs\05-WMC\MU","fixation.png","1","162605","C:/Users/Public/Experiments/IDs/05-WMC/MU/MU_SM01_results/MUsbj055.csv","fix","1500","3","55","189198","162606"
"MU.osexp","C:\Users\Public\Experiments\IDs\05-WMC\MU","Tr3_study1.png","1","162605","C:/Users/Public/Experiments/IDs/05-WMC/MU/MU_SM01_results/MUsbj055.csv","study","1000","3","55","190809","191811"
"MU.osexp","C:\Users\Public\Experiments\IDs\05-WMC\MU","Tr3_study2.png","1","162605","C:/Users/Public/Experiments/IDs/05-WMC/MU/MU_SM01_results/MUsbj055.csv","study","1000","3","55","192143","193145"
"MU.osexp","C:\Users\Public\Experiments\IDs\05-WMC\MU","Tr3_study3.png","1","162605","C:/Users/Public/Experiments/IDs/05-WMC/MU/MU_SM01_results/MUsbj055.csv","study","1000","3","55","193527","194529"
"MU.osexp","C:\Users\Public\Experiments\IDs\05-WMC\MU","Tr3_update1.png","1","162605","C:/Users/Public/Experiments/IDs/05-WMC/MU/MU_SM01_results/MUsbj055.csv","update","1300","3","55","194866","196168"
"MU.osexp","C:\Users\Public\Experiments\IDs\05-WMC\MU","Tr3_update2.png","1","162605","C:/Users/Public/Experiments/IDs/05-WMC/MU/MU_SM01_results/MUsbj055.csv","update","1300","3","55","196556","197858"
"MU.osexp","C:\Users\Public\Experiments\IDs\05-WMC\MU","Tr3_update3.png","1","162605","C:/Users/Public/Experiments/IDs/05-WMC/MU/MU_SM01_results/MUsbj055.csv","update","1300","3","55","198200","199502"
"MU.osexp","C:\Users\Public\Experiments\IDs\05-WMC\MU","Tr3_test1.png","6","202973","C:/Users/Public/Experiments/IDs/05-WMC/MU/MU_SM01_results/MUsbj055.csv","test","0","3","55","199883","202974"
"MU.osexp","C:\Users\Public\Experiments\IDs\05-WMC\MU","Tr3_test2.png","4","205637","C:/Users/Public/Experiments/IDs/05-WMC/MU/MU_SM01_results/MUsbj055.csv","test","0","3","55","204097","205638"
"MU.osexp","C:\Users\Public\Experiments\IDs\05-WMC\MU","Tr3_test3.png","8","207869","C:/Users/Public/Experiments/IDs/05-WMC/MU/MU_SM01_results/MUsbj055.csv","test","0","3","55","206743","207870"
"MU.osexp","C:\Users\Public\Experiments\IDs\05-WMC\MU","wait.png","8","207869","C:/Users/Public/Experiments/IDs/05-WMC/MU/MU_SM01_results/MUsbj055.csv","wait","5000","4","55","208963","207870"
"MU.osexp","C:\Users\Public\Experiments\IDs\05-WMC\MU","fixation.png","8","207869","C:/Users/Public/Experiments/IDs/05-WMC/MU/MU_SM01_results/MUsbj055.csv","fix","1500","4","55","214061","207870"
"MU.osexp","C:\Users\Public\Experiments\IDs\05-WMC\MU","Tr4_study1.png","8","207869","C:/Users/Public/Experiments/IDs/05-WMC/MU/MU_SM01_results/MUsbj055.csv","study","1000","4","55","215679","216681"
"MU.osexp","C:\Users\Public\Experiments\IDs\05-WMC\MU","Tr4_study2.png","8","207869","C:/Users/Public/Experiments/IDs/05-WMC/MU/MU_SM01_results/MUsbj055.csv","study","1000","4","55","217034","218036"
"MU.osexp","C:\Users\Public\Experiments\IDs\05-WMC\MU","Tr4_study3.png","8","207869","C:/Users/Public/Experiments/IDs/05-WMC/MU/MU_SM01_results/MUsbj055.csv","study","1000","4","55","218409","219411"
"MU.osexp","C:\Users\Public\Experiments\IDs\05-WMC\MU","Tr4_study4.png","8","207869","C:/Users/Public/Experiments/IDs/05-WMC/MU/MU_SM01_results/MUsbj055.csv","study","1000","4","55","219768","220770"
"MU.osexp","C:\Users\Public\Experiments\IDs\05-WMC\MU","Tr4_update1.png","8","207869","C:/Users/Public/Experiments/IDs/05-WMC/MU/MU_SM01_results/MUsbj055.csv","update","1300","4","55","221131","222433"
"MU.osexp","C:\Users\Public\Experiments\IDs\05-WMC\MU","Tr4_update2.png","8","207869","C:/Users/Public/Experiments/IDs/05-WMC/MU/MU_SM01_results/MUsbj055.csv","update","1300","4","55","222798","224100"
"MU.osexp","C:\Users\Public\Experiments\IDs\05-WMC\MU","Tr4_update3.png","8","207869","C:/Users/Public/Experiments/IDs/05-WMC/MU/MU_SM01_results/MUsbj055.csv","update","1300","4","55","224470","225772"
"MU.osexp","C:\Users\Public\Experiments\IDs\05-WMC\MU","Tr4_update4.png","8","207869","C:/Users/Public/Experiments/IDs/05-WMC/MU/MU_SM01_results/MUsbj055.csv","update","1300","4","55","226137","227439"
"MU.osexp","C:\Users\Public\Experiments\IDs\05-WMC\MU","Tr4_test1.png","3","229126","C:/Users/Public/Experiments/IDs/05-WMC/MU/MU_SM01_results/MUsbj055.csv","test","0","4","55","227802","229127"
"MU.osexp","C:\Users\Public\Experiments\IDs\05-WMC\MU","Tr4_test2.png","4","231558","C:/Users/Public/Experiments/IDs/05-WMC/MU/MU_SM01_results/MUsbj055.csv","test","0","4","55","230235","231558"
"MU.osexp","C:\Users\Public\Experiments\IDs\05-WMC\MU","Tr4_test3.png","5","232990","C:/Users/Public/Experiments/IDs/05-WMC/MU/MU_SM01_results/MUsbj055.csv","test","0","4","55","232664","232990"
"MU.osexp","C:\Users\Public\Experiments\IDs\05-WMC\MU","Tr4_test4.png","1","234581","C:/Users/Public/Experiments/IDs/05-WMC/MU/MU_SM01_results/MUsbj055.csv","test","0","4","55","234190","234582"
"MU.osexp","C:\Users\Public\Experiments\IDs\05-WMC\MU","wait.png","1","234581","C:/Users/Public/Experiments/IDs/05-WMC/MU/MU_SM01_results/MUsbj055.csv","wait","5000","3","55","235672","234582"
"MU.osexp","C:\Users\Public\Experiments\IDs\05-WMC\MU","fixation.png","1","234581","C:/Users/Public/Experiments/IDs/05-WMC/MU/MU_SM01_results/MUsbj055.csv","fix","1500","3","55","240768","234582"
"MU.osexp","C:\Users\Public\Experiments\IDs\05-WMC\MU","Tr5_study1.png","1","234581","C:/Users/Public/Experiments/IDs/05-WMC/MU/MU_SM01_results/MUsbj055.csv","study","1000","3","55","242387","243389"
"MU.osexp","C:\Users\Public\Experiments\IDs\05-WMC\MU","Tr5_study2.png","1","234581","C:/Users/Public/Experiments/IDs/05-WMC/MU/MU_SM01_results/MUsbj055.csv","study","1000","3","55","243721","244723"
"MU.osexp","C:\Users\Public\Experiments\IDs\05-WMC\MU","Tr5_study3.png","1","234581","C:/Users/Public/Experiments/IDs/05-WMC/MU/MU_SM01_results/MUsbj055.csv","study","1000","3","55","245073","246076"
"MU.osexp","C:\Users\Public\Experiments\IDs\05-WMC\MU","Tr5_update1.png","1","234581","C:/Users/Public/Experiments/IDs/05-WMC/MU/MU_SM01_results/MUsbj055.csv","update","1300","3","55","246441","247743"
"MU.osexp","C:\Users\Public\Experiments\IDs\05-WMC\MU","Tr5_update2.png","1","234581","C:/Users/Public/Experiments/IDs/05-WMC/MU/MU_SM01_results/MUsbj055.csv","update","1300","3","55","248109","249411"
"MU.osexp","C:\Users\Public\Experiments\IDs\05-WMC\MU","Tr5_update3.png","1","234581","C:/Users/Public/Experiments/IDs/05-WMC/MU/MU_SM01_results/MUsbj055.csv","update","1300","3","55","249739","251041"
"MU.osexp","C:\Users\Public\Experiments\IDs\05-WMC\MU","Tr5_update4.png","1","234581","C:/Users/Public/Experiments/IDs/05-WMC/MU/MU_SM01_results/MUsbj055.csv","update","1300","3","55","251428","252730"
"MU.osexp","C:\Users\Public\Experiments\IDs\05-WMC\MU","Tr5_update5.png","1","234581","C:/Users/Public/Experiments/IDs/05-WMC/MU/MU_SM01_results/MUsbj055.csv","update","1300","3","55","253070","254372"
"MU.osexp","C:\Users\Public\Experiments\IDs\05-WMC\MU","Tr5_update6.png","1","234581","C:/Users/Public/Experiments/IDs/05-WMC/MU/MU_SM01_results/MUsbj055.csv","update","1300","3","55","254733","256035"
"MU.osexp","C:\Users\Public\Experiments\IDs\05-WMC\MU","Tr5_test1.png","5","256997","C:/Users/Public/Experiments/IDs/05-WMC/MU/MU_SM01_results/MUsbj055.csv","test","0","3","55","256471","256998"
"MU.osexp","C:\Users\Public\Experiments\IDs\05-WMC\MU","Tr5_test2.png","1","258413","C:/Users/Public/Experiments/IDs/05-WMC/MU/MU_SM01_results/MUsbj055.csv","test","0","3","55","258094","258414"
"MU.osexp","C:\Users\Public\Experiments\IDs\05-WMC\MU","Tr5_test3.png","6","259797","C:/Users/Public/Experiments/IDs/05-WMC/MU/MU_SM01_results/MUsbj055.csv","test","0","3","55","259527","259798"
"MU.osexp","C:\Users\Public\Experiments\IDs\05-WMC\MU","wait.png","6","259797","C:/Users/Public/Experiments/IDs/05-WMC/MU/MU_SM01_results/MUsbj055.csv","wait","5000","4","55","260916","259798"
"MU.osexp","C:\Users\Public\Experiments\IDs\05-WMC\MU","fixation.png","6","259797","C:/Users/Public/Experiments/IDs/05-WMC/MU/MU_SM01_results/MUsbj055.csv","fix","1500","4","55","266138","259798"
"MU.osexp","C:\Users\Public\Experiments\IDs\05-WMC\MU","Tr6_study1.png","6","259797","C:/Users/Public/Experiments/IDs/05-WMC/MU/MU_SM01_results/MUsbj055.csv","study","1000","4","55","267770","268772"
"MU.osexp","C:\Users\Public\Experiments\IDs\05-WMC\MU","Tr6_study2.png","6","259797","C:/Users/Public/Experiments/IDs/05-WMC/MU/MU_SM01_results/MUsbj055.csv","study","1000","4","55","269108","270110"
"MU.osexp","C:\Users\Public\Experiments\IDs\05-WMC\MU","Tr6_study3.png","6","259797","C:/Users/Public/Experiments/IDs/05-WMC/MU/MU_SM01_results/MUsbj055.csv","study","1000","4","55","270569","271571"
"MU.osexp","C:\Users\Public\Experiments\IDs\05-WMC\MU","Tr6_study4.png","6","259797","C:/Users/Public/Experiments/IDs/05-WMC/MU/MU_SM01_results/MUsbj055.csv","study","1000","4","55","271929","272931"
"MU.osexp","C:\Users\Public\Experiments\IDs\05-WMC\MU","Tr6_update1.png","6","259797","C:/Users/Public/Experiments/IDs/05-WMC/MU/MU_SM01_results/MUsbj055.csv","update","1300","4","55","273306","274608"
"MU.osexp","C:\Users\Public\Experiments\IDs\05-WMC\MU","Tr6_update2.png","6","259797","C:/Users/Public/Experiments/IDs/05-WMC/MU/MU_SM01_results/MUsbj055.csv","update","1300","4","55","274957","276259"
"MU.osexp","C:\Users\Public\Experiments\IDs\05-WMC\MU","Tr6_update3.png","6","259797","C:/Users/Public/Experiments/IDs/05-WMC/MU/MU_SM01_results/MUsbj055.csv","update","1300","4","55","276619","277921"
"MU.osexp","C:\Users\Public\Experiments\IDs\05-WMC\MU","Tr6_update4.png","6","259797","C:/Users/Public/Experiments/IDs/05-WMC/MU/MU_SM01_results/MUsbj055.csv","update","1300","4","55","278280","279582"
"MU.osexp","C:\Users\Public\Experiments\IDs\05-WMC\MU","Tr6_update5.png","6","259797","C:/Users/Public/Experiments/IDs/05-WMC/MU/MU_SM01_results/MUsbj055.csv","update","1300","4","55","279943","281245"
"MU.osexp","C:\Users\Public\Experiments\IDs\05-WMC\MU","Tr6_test1.png","5","282790","C:/Users/Public/Experiments/IDs/05-WMC/MU/MU_SM01_results/MUsbj055.csv","test","0","4","55","281594","282791"
"MU.osexp","C:\Users\Public\Experiments\IDs\05-WMC\MU","Tr6_test2.png","1","284526","C:/Users/Public/Experiments/IDs/05-WMC/MU/MU_SM01_results/MUsbj055.csv","test","0","4","55","283908","284526"
"MU.osexp","C:\Users\Public\Experiments\IDs\05-WMC\MU","Tr6_test3.png","6","286238","C:/Users/Public/Experiments/IDs/05-WMC/MU/MU_SM01_results/MUsbj055.csv","test","0","4","55","285637","286238"
"MU.osexp","C:\Users\Public\Experiments\IDs\05-WMC\MU","Tr6_test4.png","5","288197","C:/Users/Public/Experiments/IDs/05-WMC/MU/MU_SM01_results/MUsbj055.csv","test","0","4","55","287333","288198"
"MU.osexp","C:\Users\Public\Experiments\IDs\05-WMC\MU","wait.png","5","288197","C:/Users/Public/Experiments/IDs/05-WMC/MU/MU_SM01_results/MUsbj055.csv","wait","5000","5","55","289302","288198"
"MU.osexp","C:\Users\Public\Experiments\IDs\05-WMC\MU","fixation.png","5","288197","C:/Users/Public/Experiments/IDs/05-WMC/MU/MU_SM01_results/MUsbj055.csv","fix","1500","5","55","294428","288198"
"MU.osexp","C:\Users\Public\Experiments\IDs\05-WMC\MU","Tr7_study1.png","5","288197","C:/Users/Public/Experiments/IDs/05-WMC/MU/MU_SM01_results/MUsbj055.csv","study","1000","5","55","296048","297050"
"MU.osexp","C:\Users\Public\Experiments\IDs\05-WMC\MU","Tr7_study2.png","5","288197","C:/Users/Public/Experiments/IDs/05-WMC/MU/MU_SM01_results/MUsbj055.csv","study","1000","5","55","297402","298404"
"MU.osexp","C:\Users\Public\Experiments\IDs\05-WMC\MU","Tr7_study3.png","5","288197","C:/Users/Public/Experiments/IDs/05-WMC/MU/MU_SM01_results/MUsbj055.csv","study","1000","5","55","298761","299763"
"MU.osexp","C:\Users\Public\Experiments\IDs\05-WMC\MU","Tr7_study4.png","5","288197","C:/Users/Public/Experiments/IDs/05-WMC/MU/MU_SM01_results/MUsbj055.csv","study","1000","5","55","300106","301108"
"MU.osexp","C:\Users\Public\Experiments\IDs\05-WMC\MU","Tr7_study5.png","5","288197","C:/Users/Public/Experiments/IDs/05-WMC/MU/MU_SM01_results/MUsbj055.csv","study","1000","5","55","301471","302473"
"MU.osexp","C:\Users\Public\Experiments\IDs\05-WMC\MU","Tr7_update1.png","5","288197","C:/Users/Public/Experiments/IDs/05-WMC/MU/MU_SM01_results/MUsbj055.csv","update","1300","5","55","302820","304122"
"MU.osexp","C:\Users\Public\Experiments\IDs\05-WMC\MU","Tr7_update2.png","5","288197","C:/Users/Public/Experiments/IDs/05-WMC/MU/MU_SM01_results/MUsbj055.csv","update","1300","5","55","304490","305792"
"MU.osexp","C:\Users\Public\Experiments\IDs\05-WMC\MU","Tr7_update3.png","5","288197","C:/Users/Public/Experiments/IDs/05-WMC/MU/MU_SM01_results/MUsbj055.csv","update","1300","5","55","306144","307446"
"MU.osexp","C:\Users\Public\Experiments\IDs\05-WMC\MU","Tr7_update4.png","5","288197","C:/Users/Public/Experiments/IDs/05-WMC/MU/MU_SM01_results/MUsbj055.csv","update","1300","5","55","307809","309111"
"MU.osexp","C:\Users\Public\Experiments\IDs\05-WMC\MU","Tr7_update5.png","5","288197","C:/Users/Public/Experiments/IDs/05-WMC/MU/MU_SM01_results/MUsbj055.csv","update","1300","5","55","309462","310764"
"MU.osexp","C:\Users\Public\Experiments\IDs\05-WMC\MU","Tr7_test1.png","2","311829","C:/Users/Public/Experiments/IDs/05-WMC/MU/MU_SM01_results/MUsbj055.csv","test","0","5","55","311111","311830"
"MU.osexp","C:\Users\Public\Experiments\IDs\05-WMC\MU","Tr7_test2.png","1","313189","C:/Users/Public/Experiments/IDs/05-WMC/MU/MU_SM01_results/MUsbj055.csv","test","0","5","55","312936","313190"
"MU.osexp","C:\Users\Public\Experiments\IDs\05-WMC\MU","Tr7_test3.png","6","314758","C:/Users/Public/Experiments/IDs/05-WMC/MU/MU_SM01_results/MUsbj055.csv","test","0","5","55","314316","314759"
"MU.osexp","C:\Users\Public\Experiments\IDs\05-WMC\MU","Tr7_test4.png","4","316406","C:/Users/Public/Experiments/IDs/05-WMC/MU/MU_SM01_results/MUsbj055.csv","test","0","5","55","315855","316407"
"MU.osexp","C:\Users\Public\Experiments\IDs\05-WMC\MU","Tr7_test5.png","2","317702","C:/Users/Public/Experiments/IDs/05-WMC/MU/MU_SM01_results/MUsbj055.csv","test","0","5","55","317520","317702"
"MU.osexp","C:\Users\Public\Experiments\IDs\05-WMC\MU","wait.png","2","317702","C:/Users/Public/Experiments/IDs/05-WMC/MU/MU_SM01_results/MUsbj055.csv","wait","5000","4","55","318801","317702"
"MU.osexp","C:\Users\Public\Experiments\IDs\05-WMC\MU","fixation.png","2","317702","C:/Users/Public/Experiments/IDs/05-WMC/MU/MU_SM01_results/MUsbj055.csv","fix","1500","4","55","323912","317702"
"MU.osexp","C:\Users\Public\Experiments\IDs\05-WMC\MU","Tr8_study1.png","2","317702","C:/Users/Public/Experiments/IDs/05-WMC/MU/MU_SM01_results/MUsbj055.csv","study","1000","4","55","325531","326533"
"MU.osexp","C:\Users\Public\Experiments\IDs\05-WMC\MU","Tr8_study2.png","2","317702","C:/Users/Public/Experiments/IDs/05-WMC/MU/MU_SM01_results/MUsbj055.csv","study","1000","4","55","326970","327972"
"MU.osexp","C:\Users\Public\Experiments\IDs\05-WMC\MU","Tr8_study3.png","2","317702","C:/Users/Public/Experiments/IDs/05-WMC/MU/MU_SM01_results/MUsbj055.csv","study","1000","4","55","328330","329332"
"MU.osexp","C:\Users\Public\Experiments\IDs\05-WMC\MU","Tr8_study4.png","2","317702","C:/Users/Public/Experiments/IDs/05-WMC/MU/MU_SM01_results/MUsbj055.csv","study","1000","4","55","329676","330678"
"MU.osexp","C:\Users\Public\Experiments\IDs\05-WMC\MU","Tr8_update1.png","2","317702","C:/Users/Public/Experiments/IDs/05-WMC/MU/MU_SM01_results/MUsbj055.csv","update","1300","4","55","331055","332357"
"MU.osexp","C:\Users\Public\Experiments\IDs\05-WMC\MU","Tr8_update2.png","2","317702","C:/Users/Public/Experiments/IDs/05-WMC/MU/MU_SM01_results/MUsbj055.csv","update","1300","4","55","332697","333999"
"MU.osexp","C:\Users\Public\Experiments\IDs\05-WMC\MU","Tr8_update3.png","2","317702","C:/Users/Public/Experiments/IDs/05-WMC/MU/MU_SM01_results/MUsbj055.csv","update","1300","4","55","334477","335779"
"MU.osexp","C:\Users\Public\Experiments\IDs\05-WMC\MU","Tr8_test1.png","1","337166","C:/Users/Public/Experiments/IDs/05-WMC/MU/MU_SM01_results/MUsbj055.csv","test","0","4","55","336118","337166"
"MU.osexp","C:\Users\Public\Experiments\IDs\05-WMC\MU","Tr8_test2.png","2","338870","C:/Users/Public/Experiments/IDs/05-WMC/MU/MU_SM01_results/MUsbj055.csv","test","0","4","55","338307","338870"
"MU.osexp","C:\Users\Public\Experiments\IDs\05-WMC\MU","Tr8_test3.png","1","340789","C:/Users/Public/Experiments/IDs/05-WMC/MU/MU_SM01_results/MUsbj055.csv","test","0","4","55","340002","340790"
"MU.osexp","C:\Users\Public\Experiments\IDs\05-WMC\MU","Tr8_test4.png","5","342197","C:/Users/Public/Experiments/IDs/05-WMC/MU/MU_SM01_results/MUsbj055.csv","test","0","4","55","341890","342198"
"MU.osexp","C:\Users\Public\Experiments\IDs\05-WMC\MU","wait.png","5","342197","C:/Users/Public/Experiments/IDs/05-WMC/MU/MU_SM01_results/MUsbj055.csv","wait","5000","5","55","343300","342198"
"MU.osexp","C:\Users\Public\Experiments\IDs\05-WMC\MU","fixation.png","5","342197","C:/Users/Public/Experiments/IDs/05-WMC/MU/MU_SM01_results/MUsbj055.csv","fix","1500","5","55","348395","342198"
"MU.osexp","C:\Users\Public\Experiments\IDs\05-WMC\MU","Tr9_study1.png","5","342197","C:/Users/Public/Experiments/IDs/05-WMC/MU/MU_SM01_results/MUsbj055.csv","study","1000","5","55","350016","351018"
"MU.osexp","C:\Users\Public\Experiments\IDs\05-WMC\MU","Tr9_study2.png","5","342197","C:/Users/Public/Experiments/IDs/05-WMC/MU/MU_SM01_results/MUsbj055.csv","study","1000","5","55","351345","352347"
"MU.osexp","C:\Users\Public\Experiments\IDs\05-WMC\MU","Tr9_study3.png","5","342197","C:/Users/Public/Experiments/IDs/05-WMC/MU/MU_SM01_results/MUsbj055.csv","study","1000","5","55","352711","353713"
"MU.osexp","C:\Users\Public\Experiments\IDs\05-WMC\MU","Tr9_study4.png","5","342197","C:/Users/Public/Experiments/IDs/05-WMC/MU/MU_SM01_results/MUsbj055.csv","study","1000","5","55","354052","355054"
"MU.osexp","C:\Users\Public\Experiments\IDs\05-WMC\MU","Tr9_study5.png","5","342197","C:/Users/Public/Experiments/IDs/05-WMC/MU/MU_SM01_results/MUsbj055.csv","study","1000","5","55","355413","356415"
"MU.osexp","C:\Users\Public\Experiments\IDs\05-WMC\MU","Tr9_update1.png","5","342197","C:/Users/Public/Experiments/IDs/05-WMC/MU/MU_SM01_results/MUsbj055.csv","update","1300","5","55","356780","358082"
"MU.osexp","C:\Users\Public\Experiments\IDs\05-WMC\MU","Tr9_update2.png","5","342197","C:/Users/Public/Experiments/IDs/05-WMC/MU/MU_SM01_results/MUsbj055.csv","update","1300","5","55","358461","359763"
"MU.osexp","C:\Users\Public\Experiments\IDs\05-WMC\MU","Tr9_test1.png","2","360941","C:/Users/Public/Experiments/IDs/05-WMC/MU/MU_SM01_results/MUsbj055.csv","test","0","5","55","360110","360942"
"MU.osexp","C:\Users\Public\Experiments\IDs\05-WMC\MU","Tr9_test2.png","4","362437","C:/Users/Public/Experiments/IDs/05-WMC/MU/MU_SM01_results/MUsbj055.csv","test","0","5","55","362129","362438"
"MU.osexp","C:\Users\Public\Experiments\IDs\05-WMC\MU","Tr9_test3.png","3","363877","C:/Users/Public/Experiments/IDs/05-WMC/MU/MU_SM01_results/MUsbj055.csv","test","0","5","55","363544","363878"
"MU.osexp","C:\Users\Public\Experiments\IDs\05-WMC\MU","Tr9_test4.png","8","365621","C:/Users/Public/Experiments/IDs/05-WMC/MU/MU_SM01_results/MUsbj055.csv","test","0","5","55","364991","365622"
"MU.osexp","C:\Users\Public\Experiments\IDs\05-WMC\MU","Tr9_test5.png","4","367462","C:/Users/Public/Experiments/IDs/05-WMC/MU/MU_SM01_results/MUsbj055.csv","test","0","5","55","366733","367463"
"MU.osexp","C:\Users\Public\Experiments\IDs\05-WMC\MU","wait.png","4","367462","C:/Users/Public/Experiments/IDs/05-WMC/MU/MU_SM01_results/MUsbj055.csv","wait","5000","3","55","368553","367463"
"MU.osexp","C:\Users\Public\Experiments\IDs\05-WMC\MU","fixation.png","4","367462","C:/Users/Public/Experiments/IDs/05-WMC/MU/MU_SM01_results/MUsbj055.csv","fix","1500","3","55","373644","367463"
"MU.osexp","C:\Users\Public\Experiments\IDs\05-WMC\MU","Tr10_study1.png","4","367462","C:/Users/Public/Experiments/IDs/05-WMC/MU/MU_SM01_results/MUsbj055.csv","study","1000","3","55","375264","376266"
"MU.osexp","C:\Users\Public\Experiments\IDs\05-WMC\MU","Tr10_study2.png","4","367462","C:/Users/Public/Experiments/IDs/05-WMC/MU/MU_SM01_results/MUsbj055.csv","study","1000","3","55","376606","377608"
"MU.osexp","C:\Users\Public\Experiments\IDs\05-WMC\MU","Tr10_study3.png","4","367462","C:/Users/Public/Experiments/IDs/05-WMC/MU/MU_SM01_results/MUsbj055.csv","study","1000","3","55","377951","378953"
"MU.osexp","C:\Users\Public\Experiments\IDs\05-WMC\MU","Tr10_update1.png","4","367462","C:/Users/Public/Experiments/IDs/05-WMC/MU/MU_SM01_results/MUsbj055.csv","update","1300","3","55","379305","380607"
"MU.osexp","C:\Users\Public\Experiments\IDs\05-WMC\MU","Tr10_update2.png","4","367462","C:/Users/Public/Experiments/IDs/05-WMC/MU/MU_SM01_results/MUsbj055.csv","update","1300","3","55","380970","382272"
"MU.osexp","C:\Users\Public\Experiments\IDs\05-WMC\MU","Tr10_test1.png","4","383909","C:/Users/Public/Experiments/IDs/05-WMC/MU/MU_SM01_results/MUsbj055.csv","test","0","3","55","382650","383910"
"MU.osexp","C:\Users\Public\Experiments\IDs\05-WMC\MU","Tr10_test2.png","6","385534","C:/Users/Public/Experiments/IDs/05-WMC/MU/MU_SM01_results/MUsbj055.csv","test","0","3","55","385004","385535"
"MU.osexp","C:\Users\Public\Experiments\IDs\05-WMC\MU","Tr10_test3.png","5","386918","C:/Users/Public/Experiments/IDs/05-WMC/MU/MU_SM01_results/MUsbj055.csv","test","0","3","55","386649","386919"
"MU.osexp","C:\Users\Public\Experiments\IDs\05-WMC\MU","wait.png","5","386918","C:/Users/Public/Experiments/IDs/05-WMC/MU/MU_SM01_results/MUsbj055.csv","wait","5000","5","55","388024","386919"
"MU.osexp","C:\Users\Public\Experiments\IDs\05-WMC\MU","fixation.png","5","386918","C:/Users/Public/Experiments/IDs/05-WMC/MU/MU_SM01_results/MUsbj055.csv","fix","1500","5","55","393108","386919"
"MU.osexp","C:\Users\Public\Experiments\IDs\05-WMC\MU","Tr11_study1.png","5","386918","C:/Users/Public/Experiments/IDs/05-WMC/MU/MU_SM01_results/MUsbj055.csv","study","1000","5","55","394721","395723"
"MU.osexp","C:\Users\Public\Experiments\IDs\05-WMC\MU","Tr11_study2.png","5","386918","C:/Users/Public/Experiments/IDs/05-WMC/MU/MU_SM01_results/MUsbj055.csv","study","1000","5","55","396088","397090"
"MU.osexp","C:\Users\Public\Experiments\IDs\05-WMC\MU","Tr11_study3.png","5","386918","C:/Users/Public/Experiments/IDs/05-WMC/MU/MU_SM01_results/MUsbj055.csv","study","1000","5","55","397452","398454"
"MU.osexp","C:\Users\Public\Experiments\IDs\05-WMC\MU","Tr11_study4.png","5","386918","C:/Users/Public/Experiments/IDs/05-WMC/MU/MU_SM01_results/MUsbj055.csv","study","1000","5","55","398799","399802"
"MU.osexp","C:\Users\Public\Experiments\IDs\05-WMC\MU","Tr11_study5.png","5","386918","C:/Users/Public/Experiments/IDs/05-WMC/MU/MU_SM01_results/MUsbj055.csv","study","1000","5","55","400151","401153"
"MU.osexp","C:\Users\Public\Experiments\IDs\05-WMC\MU","Tr11_update1.png","5","386918","C:/Users/Public/Experiments/IDs/05-WMC/MU/MU_SM01_results/MUsbj055.csv","update","1300","5","55","401516","402818"
"MU.osexp","C:\Users\Public\Experiments\IDs\05-WMC\MU","Tr11_update2.png","5","386918","C:/Users/Public/Experiments/IDs/05-WMC/MU/MU_SM01_results/MUsbj055.csv","update","1300","5","55","403176","404478"
"MU.osexp","C:\Users\Public\Experiments\IDs\05-WMC\MU","Tr11_update3.png","5","386918","C:/Users/Public/Experiments/IDs/05-WMC/MU/MU_SM01_results/MUsbj055.csv","update","1300","5","55","404817","406119"
"MU.osexp","C:\Users\Public\Experiments\IDs\05-WMC\MU","Tr11_test1.png","4","408054","C:/Users/Public/Experiments/IDs/05-WMC/MU/MU_SM01_results/MUsbj055.csv","test","0","5","55","406505","408054"
"MU.osexp","C:\Users\Public\Experiments\IDs\05-WMC\MU","Tr11_test2.png","4","409974","C:/Users/Public/Experiments/IDs/05-WMC/MU/MU_SM01_results/MUsbj055.csv","test","0","5","55","409142","409974"
"MU.osexp","C:\Users\Public\Experiments\IDs\05-WMC\MU","Tr11_test3.png","5","411421","C:/Users/Public/Experiments/IDs/05-WMC/MU/MU_SM01_results/MUsbj055.csv","test","0","5","55","411086","411422"
"MU.osexp","C:\Users\Public\Experiments\IDs\05-WMC\MU","Tr11_test4.png","3","413069","C:/Users/Public/Experiments/IDs/05-WMC/MU/MU_SM01_results/MUsbj055.csv","test","0","5","55","412523","413070"
"MU.osexp","C:\Users\Public\Experiments\IDs\05-WMC\MU","Tr11_test5.png","4","416589","C:/Users/Public/Experiments/IDs/05-WMC/MU/MU_SM01_results/MUsbj055.csv","test","0","5","55","414188","416590"
"MU.osexp","C:\Users\Public\Experiments\IDs\05-WMC\MU","wait.png","4","416589","C:/Users/Public/Experiments/IDs/05-WMC/MU/MU_SM01_results/MUsbj055.csv","wait","5000","3","55","417698","416590"
"MU.osexp","C:\Users\Public\Experiments\IDs\05-WMC\MU","fixation.png","4","416589","C:/Users/Public/Experiments/IDs/05-WMC/MU/MU_SM01_results/MUsbj055.csv","fix","1500","3","55","422803","416590"
"MU.osexp","C:\Users\Public\Experiments\IDs\05-WMC\MU","Tr12_study1.png","4","416589","C:/Users/Public/Experiments/IDs/05-WMC/MU/MU_SM01_results/MUsbj055.csv","study","1000","3","55","424419","425421"
"MU.osexp","C:\Users\Public\Experiments\IDs\05-WMC\MU","Tr12_study2.png","4","416589","C:/Users/Public/Experiments/IDs/05-WMC/MU/MU_SM01_results/MUsbj055.csv","study","1000","3","55","425787","426789"
"MU.osexp","C:\Users\Public\Experiments\IDs\05-WMC\MU","Tr12_study3.png","4","416589","C:/Users/Public/Experiments/IDs/05-WMC/MU/MU_SM01_results/MUsbj055.csv","study","1000","3","55","427146","428148"
"MU.osexp","C:\Users\Public\Experiments\IDs\05-WMC\MU","Tr12_update1.png","4","416589","C:/Users/Public/Experiments/IDs/05-WMC/MU/MU_SM01_results/MUsbj055.csv","update","1300","3","55","428490","429792"
"MU.osexp","C:\Users\Public\Experiments\IDs\05-WMC\MU","Tr12_update2.png","4","416589","C:/Users/Public/Experiments/IDs/05-WMC/MU/MU_SM01_results/MUsbj055.csv","update","1300","3","55","430171","431473"
"MU.osexp","C:\Users\Public\Experiments\IDs\05-WMC\MU","Tr12_update3.png","4","416589","C:/Users/Public/Experiments/IDs/05-WMC/MU/MU_SM01_results/MUsbj055.csv","update","1300","3","55","431833","433135"
"MU.osexp","C:\Users\Public\Experiments\IDs\05-WMC\MU","Tr12_update4.png","4","416589","C:/Users/Public/Experiments/IDs/05-WMC/MU/MU_SM01_results/MUsbj055.csv","update","1300","3","55","433506","434808"
"MU.osexp","C:\Users\Public\Experiments\IDs\05-WMC\MU","Tr12_update5.png","4","416589","C:/Users/Public/Experiments/IDs/05-WMC/MU/MU_SM01_results/MUsbj055.csv","update","1300","3","55","435151","436453"
"MU.osexp","C:\Users\Public\Experiments\IDs\05-WMC\MU","Tr12_test1.png","7","438726","C:/Users/Public/Experiments/IDs/05-WMC/MU/MU_SM01_results/MUsbj055.csv","test","0","3","55","436819","438727"
"MU.osexp","C:\Users\Public\Experiments\IDs\05-WMC\MU","Tr12_test2.png","5","440486","C:/Users/Public/Experiments/IDs/05-WMC/MU/MU_SM01_results/MUsbj055.csv","test","0","3","55","439835","440487"
"MU.osexp","C:\Users\Public\Experiments\IDs\05-WMC\MU","Tr12_test3.png","4","441870","C:/Users/Public/Experiments/IDs/05-WMC/MU/MU_SM01_results/MUsbj055.csv","test","0","3","55","441576","441870"
"MU.osexp","C:\Users\Public\Experiments\IDs\05-WMC\MU","wait.png","4","441870","C:/Users/Public/Experiments/IDs/05-WMC/MU/MU_SM01_results/MUsbj055.csv","wait","5000","3","55","442965","441870"
"MU.osexp","C:\Users\Public\Experiments\IDs\05-WMC\MU","fixation.png","4","441870","C:/Users/Public/Experiments/IDs/05-WMC/MU/MU_SM01_results/MUsbj055.csv","fix","1500","3","55","448263","441870"
"MU.osexp","C:\Users\Public\Experiments\IDs\05-WMC\MU","Tr13_study1.png","4","441870","C:/Users/Public/Experiments/IDs/05-WMC/MU/MU_SM01_results/MUsbj055.csv","study","1000","3","55","449971","450973"
"MU.osexp","C:\Users\Public\Experiments\IDs\05-WMC\MU","Tr13_study2.png","4","441870","C:/Users/Public/Experiments/IDs/05-WMC/MU/MU_SM01_results/MUsbj055.csv","study","1000","3","55","451311","452313"
"MU.osexp","C:\Users\Public\Experiments\IDs\05-WMC\MU","Tr13_study3.png","4","441870","C:/Users/Public/Experiments/IDs/05-WMC/MU/MU_SM01_results/MUsbj055.csv","study","1000","3","55","452658","453659"
"MU.osexp","C:\Users\Public\Experiments\IDs\05-WMC\MU","Tr13_update1.png","4","441870","C:/Users/Public/Experiments/IDs/05-WMC/MU/MU_SM01_results/MUsbj055.csv","update","1300","3","55","453977","455277"
"MU.osexp","C:\Users\Public\Experiments\IDs\05-WMC\MU","Tr13_update2.png","4","441870","C:/Users/Public/Experiments/IDs/05-WMC/MU/MU_SM01_results/MUsbj055.csv","update","1300","3","55","455602","456902"
"MU.osexp","C:\Users\Public\Experiments\IDs\05-WMC\MU","Tr13_update3.png","4","441870","C:/Users/Public/Experiments/IDs/05-WMC/MU/MU_SM01_results/MUsbj055.csv","update","1300","3","55","457231","458531"
"MU.osexp","C:\Users\Public\Experiments\IDs\05-WMC\MU","Tr13_update4.png","4","441870","C:/Users/Public/Experiments/IDs/05-WMC/MU/MU_SM01_results/MUsbj055.csv","update","1300","3","55","458857","460157"
"MU.osexp","C:\Users\Public\Experiments\IDs\05-WMC\MU","Tr13_test1.png","5","460966","C:/Users/Public/Experiments/IDs/05-WMC/MU/MU_SM01_results/MUsbj055.csv","test","0","3","55","460482","460967"
"MU.osexp","C:\Users\Public\Experiments\IDs\05-WMC\MU","Tr13_test2.png","3","463134","C:/Users/Public/Experiments/IDs/05-WMC/MU/MU_SM01_results/MUsbj055.csv","test","0","3","55","462049","463135"
"MU.osexp","C:\Users\Public\Experiments\IDs\05-WMC\MU","Tr13_test3.png","1","464445","C:/Users/Public/Experiments/IDs/05-WMC/MU/MU_SM01_results/MUsbj055.csv","test","0","3","55","464199","464446"
"MU.osexp","C:\Users\Public\Experiments\IDs\05-WMC\MU","wait.png","1","464445","C:/Users/Public/Experiments/IDs/05-WMC/MU/MU_SM01_results/MUsbj055.csv","wait","5000","5","55","465517","464446"
"MU.osexp","C:\Users\Public\Experiments\IDs\05-WMC\MU","fixation.png","1","464445","C:/Users/Public/Experiments/IDs/05-WMC/MU/MU_SM01_results/MUsbj055.csv","fix","1500","5","55","470656","464446"
"MU.osexp","C:\Users\Public\Experiments\IDs\05-WMC\MU","Tr14_study1.png","1","464445","C:/Users/Public/Experiments/IDs/05-WMC/MU/MU_SM01_results/MUsbj055.csv","study","1000","5","55","472220","473220"
"MU.osexp","C:\Users\Public\Experiments\IDs\05-WMC\MU","Tr14_study2.png","1","464445","C:/Users/Public/Experiments/IDs/05-WMC/MU/MU_SM01_results/MUsbj055.csv","study","1000","5","55","473540","474540"
"MU.osexp","C:\Users\Public\Experiments\IDs\05-WMC\MU","Tr14_study3.png","1","464445","C:/Users/Public/Experiments/IDs/05-WMC/MU/MU_SM01_results/MUsbj055.csv","study","1000","5","55","474863","475863"
"MU.osexp","C:\Users\Public\Experiments\IDs\05-WMC\MU","Tr14_study4.png","1","464445","C:/Users/Public/Experiments/IDs/05-WMC/MU/MU_SM01_results/MUsbj055.csv","study","1000","5","55","476217","477219"
"MU.osexp","C:\Users\Public\Experiments\IDs\05-WMC\MU","Tr14_study5.png","1","464445","C:/Users/Public/Experiments/IDs/05-WMC/MU/MU_SM01_results/MUsbj055.csv","study","1000","5","55","477572","478574"
"MU.osexp","C:\Users\Public\Experiments\IDs\05-WMC\MU","Tr14_update1.png","1","464445","C:/Users/Public/Experiments/IDs/05-WMC/MU/MU_SM01_results/MUsbj055.csv","update","1300","5","55","478895","480197"
"MU.osexp","C:\Users\Public\Experiments\IDs\05-WMC\MU","Tr14_update2.png","1","464445","C:/Users/Public/Experiments/IDs/05-WMC/MU/MU_SM01_results/MUsbj055.csv","update","1300","5","55","480549","481851"
"MU.osexp","C:\Users\Public\Experiments\IDs\05-WMC\MU","Tr14_update3.png","1","464445","C:/Users/Public/Experiments/IDs/05-WMC/MU/MU_SM01_results/MUsbj055.csv","update","1300","5","55","482204","483506"
"MU.osexp","C:\Users\Public\Experiments\IDs\05-WMC\MU","Tr14_update4.png","1","464445","C:/Users/Public/Experiments/IDs/05-WMC/MU/MU_SM01_results/MUsbj055.csv","update","1300","5","55","483877","485179"
"MU.osexp","C:\Users\Public\Experiments\IDs\05-WMC\MU","Tr14_test1.png","5","486461","C:/Users/Public/Experiments/IDs/05-WMC/MU/MU_SM01_results/MUsbj055.csv","test","0","5","55","485523","486462"
"MU.osexp","C:\Users\Public\Experiments\IDs\05-WMC\MU","Tr14_test2.png","4","488517","C:/Users/Public/Experiments/IDs/05-WMC/MU/MU_SM01_results/MUsbj055.csv","test","0","5","55","487558","488518"
"MU.osexp","C:\Users\Public\Experiments\IDs\05-WMC\MU","Tr14_test3.png","6","490358","C:/Users/Public/Experiments/IDs/05-WMC/MU/MU_SM01_results/MUsbj055.csv","test","0","5","55","489606","490359"
"MU.osexp","C:\Users\Public\Experiments\IDs\05-WMC\MU","Tr14_test4.png","1","492078","C:/Users/Public/Experiments/IDs/05-WMC/MU/MU_SM01_results/MUsbj055.csv","test","0","5","55","491469","492079"
"MU.osexp","C:\Users\Public\Experiments\IDs\05-WMC\MU","Tr14_test5.png","6","493462","C:/Users/Public/Experiments/IDs/05-WMC/MU/MU_SM01_results/MUsbj055.csv","test","0","5","55","493177","493463"
"MU.osexp","C:\Users\Public\Experiments\IDs\05-WMC\MU","wait.png","6","493462","C:/Users/Public/Experiments/IDs/05-WMC/MU/MU_SM01_results/MUsbj055.csv","wait","5000","4","55","494543","493463"
"MU.osexp","C:\Users\Public\Experiments\IDs\05-WMC\MU","fixation.png","6","493462","C:/Users/Public/Experiments/IDs/05-WMC/MU/MU_SM01_results/MUsbj055.csv","fix","1500","4","55","499637","493463"
"MU.osexp","C:\Users\Public\Experiments\IDs\05-WMC\MU","Tr15_study1.png","6","493462","C:/Users/Public/Experiments/IDs/05-WMC/MU/MU_SM01_results/MUsbj055.csv","study","1000","4","55","501228","502230"
"MU.osexp","C:\Users\Public\Experiments\IDs\05-WMC\MU","Tr15_study2.png","6","493462","C:/Users/Public/Experiments/IDs/05-WMC/MU/MU_SM01_results/MUsbj055.csv","study","1000","4","55","502583","503585"
"MU.osexp","C:\Users\Public\Experiments\IDs\05-WMC\MU","Tr15_study3.png","6","493462","C:/Users/Public/Experiments/IDs/05-WMC/MU/MU_SM01_results/MUsbj055.csv","study","1000","4","55","503939","504941"
"MU.osexp","C:\Users\Public\Experiments\IDs\05-WMC\MU","Tr15_study4.png","6","493462","C:/Users/Public/Experiments/IDs/05-WMC/MU/MU_SM01_results/MUsbj055.csv","study","1000","4","55","505311","506313"
"MU.osexp","C:\Users\Public\Experiments\IDs\05-WMC\MU","Tr15_update1.png","6","493462","C:/Users/Public/Experiments/IDs/05-WMC/MU/MU_SM01_results/MUsbj055.csv","update","1300","4","55","506670","507972"
"MU.osexp","C:\Users\Public\Experiments\IDs\05-WMC\MU","Tr15_update2.png","6","493462","C:/Users/Public/Experiments/IDs/05-WMC/MU/MU_SM01_results/MUsbj055.csv","update","1300","4","55","508308","509610"
"MU.osexp","C:\Users\Public\Experiments\IDs\05-WMC\MU","Tr15_update3.png","6","493462","C:/Users/Public/Experiments/IDs/05-WMC/MU/MU_SM01_results/MUsbj055.csv","update","1300","4","55","509971","511273"
"MU.osexp","C:\Users\Public\Experiments\IDs\05-WMC\MU","Tr15_update4.png","6","493462","C:/Users/Public/Experiments/IDs/05-WMC/MU/MU_SM01_results/MUsbj055.csv","update","1300","4","55","511614","512916"
"MU.osexp","C:\Users\Public\Experiments\IDs\05-WMC\MU","Tr15_update5.png","6","493462","C:/Users/Public/Experiments/IDs/05-WMC/MU/MU_SM01_results/MUsbj055.csv","update","1300","4","55","513264","514566"
"MU.osexp","C:\Users\Public\Experiments\IDs\05-WMC\MU","Tr15_update6.png","6","493462","C:/Users/Public/Experiments/IDs/05-WMC/MU/MU_SM01_results/MUsbj055.csv","update","1300","4","55","514925","516227"
"MU.osexp","C:\Users\Public\Experiments\IDs\05-WMC\MU","Tr15_test1.png","5","517206","C:/Users/Public/Experiments/IDs/05-WMC/MU/MU_SM01_results/MUsbj055.csv","test","0","4","55","516569","517206"
"MU.osexp","C:\Users\Public\Experiments\IDs\05-WMC\MU","Tr15_test2.png","6","519005","C:/Users/Public/Experiments/IDs/05-WMC/MU/MU_SM01_results/MUsbj055.csv","test","0","4","55","518305","519006"
"MU.osexp","C:\Users\Public\Experiments\IDs\05-WMC\MU","Tr15_test3.png","2","520197","C:/Users/Public/Experiments/IDs/05-WMC/MU/MU_SM01_results/MUsbj055.csv","test","0","4","55","520137","520198"
"MU.osexp","C:\Users\Public\Experiments\IDs\05-WMC\MU","Tr15_test4.png","7","522541","C:/Users/Public/Experiments/IDs/05-WMC/MU/MU_SM01_results/MUsbj055.csv","test","0","4","55","521305","522542"
"MU.osexp","C:\Users\Public\Experiments\IDs\05-WMC\MU","wait.png","7","522541","C:/Users/Public/Experiments/IDs/05-WMC/MU/MU_SM01_results/MUsbj055.csv","wait","5000","4","55","523639","522542"
"MU.osexp","C:\Users\Public\Experiments\IDs\05-WMC\MU","fixation.png","7","522541","C:/Users/Public/Experiments/IDs/05-WMC/MU/MU_SM01_results/MUsbj055.csv","fix","1500","4","55","528733","522542"
"MU.osexp","C:\Users\Public\Experiments\IDs\05-WMC\MU","Tr16_study1.png","7","522541","C:/Users/Public/Experiments/IDs/05-WMC/MU/MU_SM01_results/MUsbj055.csv","study","1000","4","55","530348","531350"
"MU.osexp","C:\Users\Public\Experiments\IDs\05-WMC\MU","Tr16_study2.png","7","522541","C:/Users/Public/Experiments/IDs/05-WMC/MU/MU_SM01_results/MUsbj055.csv","study","1000","4","55","531681","532683"
"MU.osexp","C:\Users\Public\Experiments\IDs\05-WMC\MU","Tr16_study3.png","7","522541","C:/Users/Public/Experiments/IDs/05-WMC/MU/MU_SM01_results/MUsbj055.csv","study","1000","4","55","533049","534051"
"MU.osexp","C:\Users\Public\Experiments\IDs\05-WMC\MU","Tr16_study4.png","7","522541","C:/Users/Public/Experiments/IDs/05-WMC/MU/MU_SM01_results/MUsbj055.csv","study","1000","4","55","534399","535401"
"MU.osexp","C:\Users\Public\Experiments\IDs\05-WMC\MU","Tr16_update1.png","7","522541","C:/Users/Public/Experiments/IDs/05-WMC/MU/MU_SM01_results/MUsbj055.csv","update","1300","4","55","535753","537055"
"MU.osexp","C:\Users\Public\Experiments\IDs\05-WMC\MU","Tr16_update2.png","7","522541","C:/Users/Public/Experiments/IDs/05-WMC/MU/MU_SM01_results/MUsbj055.csv","update","1300","4","55","537398","538700"
"MU.osexp","C:\Users\Public\Experiments\IDs\05-WMC\MU","Tr16_test1.png","5","542190","C:/Users/Public/Experiments/IDs/05-WMC/MU/MU_SM01_results/MUsbj055.csv","test","0","4","55","539047","542191"
"MU.osexp","C:\Users\Public\Experiments\IDs\05-WMC\MU","Tr16_test2.png","5","543854","C:/Users/Public/Experiments/IDs/05-WMC/MU/MU_SM01_results/MUsbj055.csv","test","0","4","55","543290","543855"
"MU.osexp","C:\Users\Public\Experiments\IDs\05-WMC\MU","Tr16_test3.png","2","545302","C:/Users/Public/Experiments/IDs/05-WMC/MU/MU_SM01_results/MUsbj055.csv","test","0","4","55","544950","545303"
"MU.osexp","C:\Users\Public\Experiments\IDs\05-WMC\MU","Tr16_test4.png","4","547366","C:/Users/Public/Experiments/IDs/05-WMC/MU/MU_SM01_results/MUsbj055.csv","test","0","4","55","546424","547367"
"MU.osexp","C:\Users\Public\Experiments\IDs\05-WMC\MU","wait.png","4","547366","C:/Users/Public/Experiments/IDs/05-WMC/MU/MU_SM01_results/MUsbj055.csv","wait","5000","5","55","548442","547367"
"MU.osexp","C:\Users\Public\Experiments\IDs\05-WMC\MU","fixation.png","4","547366","C:/Users/Public/Experiments/IDs/05-WMC/MU/MU_SM01_results/MUsbj055.csv","fix","1500","5","55","553527","547367"
"MU.osexp","C:\Users\Public\Experiments\IDs\05-WMC\MU","Tr17_study1.png","4","547366","C:/Users/Public/Experiments/IDs/05-WMC/MU/MU_SM01_results/MUsbj055.csv","study","1000","5","55","555141","556143"
"MU.osexp","C:\Users\Public\Experiments\IDs\05-WMC\MU","Tr17_study2.png","4","547366","C:/Users/Public/Experiments/IDs/05-WMC/MU/MU_SM01_results/MUsbj055.csv","study","1000","5","55","556479","557481"
"MU.osexp","C:\Users\Public\Experiments\IDs\05-WMC\MU","Tr17_study3.png","4","547366","C:/Users/Public/Experiments/IDs/05-WMC/MU/MU_SM01_results/MUsbj055.csv","study","1000","5","55","557827","558829"
"MU.osexp","C:\Users\Public\Experiments\IDs\05-WMC\MU","Tr17_study4.png","4","547366","C:/Users/Public/Experiments/IDs/05-WMC/MU/MU_SM01_results/MUsbj055.csv","study","1000","5","55","559164","560166"
"MU.osexp","C:\Users\Public\Experiments\IDs\05-WMC\MU","Tr17_study5.png","4","547366","C:/Users/Public/Experiments/IDs/05-WMC/MU/MU_SM01_results/MUsbj055.csv","study","1000","5","55","560504","561506"
"MU.osexp","C:\Users\Public\Experiments\IDs\05-WMC\MU","Tr17_update1.png","4","547366","C:/Users/Public/Experiments/IDs/05-WMC/MU/MU_SM01_results/MUsbj055.csv","update","1300","5","55","561836","563138"
"MU.osexp","C:\Users\Public\Experiments\IDs\05-WMC\MU","Tr17_update2.png","4","547366","C:/Users/Public/Experiments/IDs/05-WMC/MU/MU_SM01_results/MUsbj055.csv","update","1300","5","55","563500","564802"
"MU.osexp","C:\Users\Public\Experiments\IDs\05-WMC\MU","Tr17_update3.png","4","547366","C:/Users/Public/Experiments/IDs/05-WMC/MU/MU_SM01_results/MUsbj055.csv","update","1300","5","55","565127","566429"
"MU.osexp","C:\Users\Public\Experiments\IDs\05-WMC\MU","Tr17_update4.png","4","547366","C:/Users/Public/Experiments/IDs/05-WMC/MU/MU_SM01_results/MUsbj055.csv","update","1300","5","55","566766","568068"
"MU.osexp","C:\Users\Public\Experiments\IDs\05-WMC\MU","Tr17_update5.png","4","547366","C:/Users/Public/Experiments/IDs/05-WMC/MU/MU_SM01_results/MUsbj055.csv","update","1300","5","55","568430","569732"
"MU.osexp","C:\Users\Public\Experiments\IDs\05-WMC\MU","Tr17_update6.png","4","547366","C:/Users/Public/Experiments/IDs/05-WMC/MU/MU_SM01_results/MUsbj055.csv","update","1300","5","55","570097","571399"
"MU.osexp","C:\Users\Public\Experiments\IDs\05-WMC\MU","Tr17_test1.png","4","572253","C:/Users/Public/Experiments/IDs/05-WMC/MU/MU_SM01_results/MUsbj055.csv","test","0","5","55","571750","572254"
"MU.osexp","C:\Users\Public\Experiments\IDs\05-WMC\MU","Tr17_test2.png","3","573589","C:/Users/Public/Experiments/IDs/05-WMC/MU/MU_SM01_results/MUsbj055.csv","test","0","5","55","573355","573590"
"MU.osexp","C:\Users\Public\Experiments\IDs\05-WMC\MU","Tr17_test3.png","2","574973","C:/Users/Public/Experiments/IDs/05-WMC/MU/MU_SM01_results/MUsbj055.csv","test","0","5","55","574691","574974"
"MU.osexp","C:\Users\Public\Experiments\IDs\05-WMC\MU","Tr17_test4.png","5","576261","C:/Users/Public/Experiments/IDs/05-WMC/MU/MU_SM01_results/MUsbj055.csv","test","0","5","55","576114","576262"
"MU.osexp","C:\Users\Public\Experiments\IDs\05-WMC\MU","Tr17_test5.png","1","577766","C:/Users/Public/Experiments/IDs/05-WMC/MU/MU_SM01_results/MUsbj055.csv","test","0","5","55","577354","577767"
