"experiment_file","experiment_path","image","key","key_time","logfile","phase","playtime","setSize","subject_nr","timestamp","waittime"
"MU.osexp","C:\Users\Public\Experiments\SM01\05-WMC\MU","ready1.png","NA","NA","C:/Users/Public/Experiments/SM01/05-WMC/MU/MU_results/MUsbj010.csv","pre","0","3","10","148364","NA"
"MU.osexp","C:\Users\Public\Experiments\SM01\05-WMC\MU","fixation.png","NA","NA","C:/Users/Public/Experiments/SM01/05-WMC/MU/MU_results/MUsbj010.csv","fix","1500","3","10","150243","NA"
"MU.osexp","C:\Users\Public\Experiments\SM01\05-WMC\MU","Tr1_study1.png","NA","NA","C:/Users/Public/Experiments/SM01/05-WMC/MU/MU_results/MUsbj010.csv","study","1000","3","10","151856","152858"
"MU.osexp","C:\Users\Public\Experiments\SM01\05-WMC\MU","Tr1_study2.png","NA","NA","C:/Users/Public/Experiments/SM01/05-WMC/MU/MU_results/MUsbj010.csv","study","1000","3","10","153242","154244"
"MU.osexp","C:\Users\Public\Experiments\SM01\05-WMC\MU","Tr1_study3.png","NA","NA","C:/Users/Public/Experiments/SM01/05-WMC/MU/MU_results/MUsbj010.csv","study","1000","3","10","154593","155595"
"MU.osexp","C:\Users\Public\Experiments\SM01\05-WMC\MU","Tr1_update1.png","NA","NA","C:/Users/Public/Experiments/SM01/05-WMC/MU/MU_results/MUsbj010.csv","update","1300","3","10","155944","157246"
"MU.osexp","C:\Users\Public\Experiments\SM01\05-WMC\MU","Tr1_update2.png","NA","NA","C:/Users/Public/Experiments/SM01/05-WMC/MU/MU_results/MUsbj010.csv","update","1300","3","10","157597","158899"
"MU.osexp","C:\Users\Public\Experiments\SM01\05-WMC\MU","Tr1_update3.png","NA","NA","C:/Users/Public/Experiments/SM01/05-WMC/MU/MU_results/MUsbj010.csv","update","1300","3","10","159274","160576"
"MU.osexp","C:\Users\Public\Experiments\SM01\05-WMC\MU","Tr1_test1.png","9","165169","C:/Users/Public/Experiments/SM01/05-WMC/MU/MU_results/MUsbj010.csv","test","0","3","10","160924","165170"
"MU.osexp","C:\Users\Public\Experiments\SM01\05-WMC\MU","Tr1_test2.png","8","173186","C:/Users/Public/Experiments/SM01/05-WMC/MU/MU_results/MUsbj010.csv","test","0","3","10","166291","173187"
"MU.osexp","C:\Users\Public\Experiments\SM01\05-WMC\MU","Tr1_test3.png","4","176970","C:/Users/Public/Experiments/SM01/05-WMC/MU/MU_results/MUsbj010.csv","test","0","3","10","174301","176971"
"MU.osexp","C:\Users\Public\Experiments\SM01\05-WMC\MU","wait.png","4","176970","C:/Users/Public/Experiments/SM01/05-WMC/MU/MU_results/MUsbj010.csv","wait","5000","3","10","178084","176971"
"MU.osexp","C:\Users\Public\Experiments\SM01\05-WMC\MU","fixation.png","4","176970","C:/Users/Public/Experiments/SM01/05-WMC/MU/MU_results/MUsbj010.csv","fix","1500","3","10","183212","176971"
"MU.osexp","C:\Users\Public\Experiments\SM01\05-WMC\MU","Tr2_study1.png","4","176970","C:/Users/Public/Experiments/SM01/05-WMC/MU/MU_results/MUsbj010.csv","study","1000","3","10","184832","185834"
"MU.osexp","C:\Users\Public\Experiments\SM01\05-WMC\MU","Tr2_study2.png","4","176970","C:/Users/Public/Experiments/SM01/05-WMC/MU/MU_results/MUsbj010.csv","study","1000","3","10","186212","187214"
"MU.osexp","C:\Users\Public\Experiments\SM01\05-WMC\MU","Tr2_study3.png","4","176970","C:/Users/Public/Experiments/SM01/05-WMC/MU/MU_results/MUsbj010.csv","study","1000","3","10","187563","188565"
"MU.osexp","C:\Users\Public\Experiments\SM01\05-WMC\MU","Tr2_update1.png","4","176970","C:/Users/Public/Experiments/SM01/05-WMC/MU/MU_results/MUsbj010.csv","update","1300","3","10","188940","190242"
"MU.osexp","C:\Users\Public\Experiments\SM01\05-WMC\MU","Tr2_update2.png","4","176970","C:/Users/Public/Experiments/SM01/05-WMC/MU/MU_results/MUsbj010.csv","update","1300","3","10","190622","191924"
"MU.osexp","C:\Users\Public\Experiments\SM01\05-WMC\MU","Tr2_update3.png","4","176970","C:/Users/Public/Experiments/SM01/05-WMC/MU/MU_results/MUsbj010.csv","update","1300","3","10","192272","193574"
"MU.osexp","C:\Users\Public\Experiments\SM01\05-WMC\MU","Tr2_test1.png","4","196522","C:/Users/Public/Experiments/SM01/05-WMC/MU/MU_results/MUsbj010.csv","test","0","3","10","193930","196522"
"MU.osexp","C:\Users\Public\Experiments\SM01\05-WMC\MU","Tr2_test2.png","6","200121","C:/Users/Public/Experiments/SM01/05-WMC/MU/MU_results/MUsbj010.csv","test","0","3","10","197615","200122"
"MU.osexp","C:\Users\Public\Experiments\SM01\05-WMC\MU","Tr2_test3.png","1","202193","C:/Users/Public/Experiments/SM01/05-WMC/MU/MU_results/MUsbj010.csv","test","0","3","10","201211","202194"
"MU.osexp","C:\Users\Public\Experiments\SM01\05-WMC\MU","ready2.png","1","202193","C:/Users/Public/Experiments/SM01/05-WMC/MU/MU_results/MUsbj010.csv","pre","0","3","10","207699","202194"
"MU.osexp","C:\Users\Public\Experiments\SM01\05-WMC\MU","fixation.png","1","202193","C:/Users/Public/Experiments/SM01/05-WMC/MU/MU_results/MUsbj010.csv","fix","1500","3","10","209473","202194"
"MU.osexp","C:\Users\Public\Experiments\SM01\05-WMC\MU","Tr3_study1.png","1","202193","C:/Users/Public/Experiments/SM01/05-WMC/MU/MU_results/MUsbj010.csv","study","1000","3","10","211061","212063"
"MU.osexp","C:\Users\Public\Experiments\SM01\05-WMC\MU","Tr3_study2.png","1","202193","C:/Users/Public/Experiments/SM01/05-WMC/MU/MU_results/MUsbj010.csv","study","1000","3","10","212416","213418"
"MU.osexp","C:\Users\Public\Experiments\SM01\05-WMC\MU","Tr3_study3.png","1","202193","C:/Users/Public/Experiments/SM01/05-WMC/MU/MU_results/MUsbj010.csv","study","1000","3","10","213777","214779"
"MU.osexp","C:\Users\Public\Experiments\SM01\05-WMC\MU","Tr3_update1.png","1","202193","C:/Users/Public/Experiments/SM01/05-WMC/MU/MU_results/MUsbj010.csv","update","1300","3","10","215112","216414"
"MU.osexp","C:\Users\Public\Experiments\SM01\05-WMC\MU","Tr3_update2.png","1","202193","C:/Users/Public/Experiments/SM01/05-WMC/MU/MU_results/MUsbj010.csv","update","1300","3","10","216783","218085"
"MU.osexp","C:\Users\Public\Experiments\SM01\05-WMC\MU","Tr3_update3.png","1","202193","C:/Users/Public/Experiments/SM01/05-WMC/MU/MU_results/MUsbj010.csv","update","1300","3","10","218460","219762"
"MU.osexp","C:\Users\Public\Experiments\SM01\05-WMC\MU","Tr3_test1.png","4","226826","C:/Users/Public/Experiments/SM01/05-WMC/MU/MU_results/MUsbj010.csv","test","0","3","10","220125","226827"
"MU.osexp","C:\Users\Public\Experiments\SM01\05-WMC\MU","Tr3_test2.png","1","229778","C:/Users/Public/Experiments/SM01/05-WMC/MU/MU_results/MUsbj010.csv","test","0","3","10","227944","229779"
"MU.osexp","C:\Users\Public\Experiments\SM01\05-WMC\MU","Tr3_test3.png","6","233833","C:/Users/Public/Experiments/SM01/05-WMC/MU/MU_results/MUsbj010.csv","test","0","3","10","230889","233834"
"MU.osexp","C:\Users\Public\Experiments\SM01\05-WMC\MU","wait.png","6","233833","C:/Users/Public/Experiments/SM01/05-WMC/MU/MU_results/MUsbj010.csv","wait","5000","4","10","234960","233834"
"MU.osexp","C:\Users\Public\Experiments\SM01\05-WMC\MU","fixation.png","6","233833","C:/Users/Public/Experiments/SM01/05-WMC/MU/MU_results/MUsbj010.csv","fix","1500","4","10","240090","233834"
"MU.osexp","C:\Users\Public\Experiments\SM01\05-WMC\MU","Tr4_study1.png","6","233833","C:/Users/Public/Experiments/SM01/05-WMC/MU/MU_results/MUsbj010.csv","study","1000","4","10","241712","242714"
"MU.osexp","C:\Users\Public\Experiments\SM01\05-WMC\MU","Tr4_study2.png","6","233833","C:/Users/Public/Experiments/SM01/05-WMC/MU/MU_results/MUsbj010.csv","study","1000","4","10","243092","244094"
"MU.osexp","C:\Users\Public\Experiments\SM01\05-WMC\MU","Tr4_study3.png","6","233833","C:/Users/Public/Experiments/SM01/05-WMC/MU/MU_results/MUsbj010.csv","study","1000","4","10","244471","245473"
"MU.osexp","C:\Users\Public\Experiments\SM01\05-WMC\MU","Tr4_study4.png","6","233833","C:/Users/Public/Experiments/SM01/05-WMC/MU/MU_results/MUsbj010.csv","study","1000","4","10","245821","246823"
"MU.osexp","C:\Users\Public\Experiments\SM01\05-WMC\MU","Tr4_update1.png","6","233833","C:/Users/Public/Experiments/SM01/05-WMC/MU/MU_results/MUsbj010.csv","update","1300","4","10","247150","248452"
"MU.osexp","C:\Users\Public\Experiments\SM01\05-WMC\MU","Tr4_update2.png","6","233833","C:/Users/Public/Experiments/SM01/05-WMC/MU/MU_results/MUsbj010.csv","update","1300","4","10","248802","250104"
"MU.osexp","C:\Users\Public\Experiments\SM01\05-WMC\MU","Tr4_update3.png","6","233833","C:/Users/Public/Experiments/SM01/05-WMC/MU/MU_results/MUsbj010.csv","update","1300","4","10","250454","251757"
"MU.osexp","C:\Users\Public\Experiments\SM01\05-WMC\MU","Tr4_update4.png","6","233833","C:/Users/Public/Experiments/SM01/05-WMC/MU/MU_results/MUsbj010.csv","update","1300","4","10","252122","253424"
"MU.osexp","C:\Users\Public\Experiments\SM01\05-WMC\MU","Tr4_test1.png","2","255322","C:/Users/Public/Experiments/SM01/05-WMC/MU/MU_results/MUsbj010.csv","test","0","4","10","253801","255323"
"MU.osexp","C:\Users\Public\Experiments\SM01\05-WMC\MU","Tr4_test2.png","6","258562","C:/Users/Public/Experiments/SM01/05-WMC/MU/MU_results/MUsbj010.csv","test","0","4","10","256442","258563"
"MU.osexp","C:\Users\Public\Experiments\SM01\05-WMC\MU","Tr4_test3.png","2","261938","C:/Users/Public/Experiments/SM01/05-WMC/MU/MU_results/MUsbj010.csv","test","0","4","10","259683","261939"
"MU.osexp","C:\Users\Public\Experiments\SM01\05-WMC\MU","Tr4_test4.png","7","267370","C:/Users/Public/Experiments/SM01/05-WMC/MU/MU_results/MUsbj010.csv","test","0","4","10","263022","267370"
"MU.osexp","C:\Users\Public\Experiments\SM01\05-WMC\MU","wait.png","7","267370","C:/Users/Public/Experiments/SM01/05-WMC/MU/MU_results/MUsbj010.csv","wait","5000","3","10","268477","267370"
"MU.osexp","C:\Users\Public\Experiments\SM01\05-WMC\MU","fixation.png","7","267370","C:/Users/Public/Experiments/SM01/05-WMC/MU/MU_results/MUsbj010.csv","fix","1500","3","10","273608","267370"
"MU.osexp","C:\Users\Public\Experiments\SM01\05-WMC\MU","Tr5_study1.png","7","267370","C:/Users/Public/Experiments/SM01/05-WMC/MU/MU_results/MUsbj010.csv","study","1000","3","10","275293","276295"
"MU.osexp","C:\Users\Public\Experiments\SM01\05-WMC\MU","Tr5_study2.png","7","267370","C:/Users/Public/Experiments/SM01/05-WMC/MU/MU_results/MUsbj010.csv","study","1000","3","10","276664","277666"
"MU.osexp","C:\Users\Public\Experiments\SM01\05-WMC\MU","Tr5_study3.png","7","267370","C:/Users/Public/Experiments/SM01/05-WMC/MU/MU_results/MUsbj010.csv","study","1000","3","10","277992","278994"
"MU.osexp","C:\Users\Public\Experiments\SM01\05-WMC\MU","Tr5_update1.png","7","267370","C:/Users/Public/Experiments/SM01/05-WMC/MU/MU_results/MUsbj010.csv","update","1300","3","10","279364","280666"
"MU.osexp","C:\Users\Public\Experiments\SM01\05-WMC\MU","Tr5_update2.png","7","267370","C:/Users/Public/Experiments/SM01/05-WMC/MU/MU_results/MUsbj010.csv","update","1300","3","10","281041","282343"
"MU.osexp","C:\Users\Public\Experiments\SM01\05-WMC\MU","Tr5_update3.png","7","267370","C:/Users/Public/Experiments/SM01/05-WMC/MU/MU_results/MUsbj010.csv","update","1300","3","10","282703","284005"
"MU.osexp","C:\Users\Public\Experiments\SM01\05-WMC\MU","Tr5_update4.png","7","267370","C:/Users/Public/Experiments/SM01/05-WMC/MU/MU_results/MUsbj010.csv","update","1300","3","10","284356","285658"
"MU.osexp","C:\Users\Public\Experiments\SM01\05-WMC\MU","Tr5_update5.png","7","267370","C:/Users/Public/Experiments/SM01/05-WMC/MU/MU_results/MUsbj010.csv","update","1300","3","10","286023","287325"
"MU.osexp","C:\Users\Public\Experiments\SM01\05-WMC\MU","Tr5_update6.png","7","267370","C:/Users/Public/Experiments/SM01/05-WMC/MU/MU_results/MUsbj010.csv","update","1300","3","10","287700","289002"
"MU.osexp","C:\Users\Public\Experiments\SM01\05-WMC\MU","Tr5_test1.png","4","291722","C:/Users/Public/Experiments/SM01/05-WMC/MU/MU_results/MUsbj010.csv","test","0","3","10","289362","291723"
"MU.osexp","C:\Users\Public\Experiments\SM01\05-WMC\MU","Tr5_test2.png","7","295826","C:/Users/Public/Experiments/SM01/05-WMC/MU/MU_results/MUsbj010.csv","test","0","3","10","292814","295827"
"MU.osexp","C:\Users\Public\Experiments\SM01\05-WMC\MU","Tr5_test3.png","2","297258","C:/Users/Public/Experiments/SM01/05-WMC/MU/MU_results/MUsbj010.csv","test","0","3","10","296920","297259"
"MU.osexp","C:\Users\Public\Experiments\SM01\05-WMC\MU","wait.png","2","297258","C:/Users/Public/Experiments/SM01/05-WMC/MU/MU_results/MUsbj010.csv","wait","5000","4","10","298346","297259"
"MU.osexp","C:\Users\Public\Experiments\SM01\05-WMC\MU","fixation.png","2","297258","C:/Users/Public/Experiments/SM01/05-WMC/MU/MU_results/MUsbj010.csv","fix","1500","4","10","303453","297259"
"MU.osexp","C:\Users\Public\Experiments\SM01\05-WMC\MU","Tr6_study1.png","2","297258","C:/Users/Public/Experiments/SM01/05-WMC/MU/MU_results/MUsbj010.csv","study","1000","4","10","305071","306073"
"MU.osexp","C:\Users\Public\Experiments\SM01\05-WMC\MU","Tr6_study2.png","2","297258","C:/Users/Public/Experiments/SM01/05-WMC/MU/MU_results/MUsbj010.csv","study","1000","4","10","306424","307426"
"MU.osexp","C:\Users\Public\Experiments\SM01\05-WMC\MU","Tr6_study3.png","2","297258","C:/Users/Public/Experiments/SM01/05-WMC/MU/MU_results/MUsbj010.csv","study","1000","4","10","307801","308803"
"MU.osexp","C:\Users\Public\Experiments\SM01\05-WMC\MU","Tr6_study4.png","2","297258","C:/Users/Public/Experiments/SM01/05-WMC/MU/MU_results/MUsbj010.csv","study","1000","4","10","309130","310132"
"MU.osexp","C:\Users\Public\Experiments\SM01\05-WMC\MU","Tr6_update1.png","2","297258","C:/Users/Public/Experiments/SM01/05-WMC/MU/MU_results/MUsbj010.csv","update","1300","4","10","310482","311784"
"MU.osexp","C:\Users\Public\Experiments\SM01\05-WMC\MU","Tr6_update2.png","2","297258","C:/Users/Public/Experiments/SM01/05-WMC/MU/MU_results/MUsbj010.csv","update","1300","4","10","312153","313455"
"MU.osexp","C:\Users\Public\Experiments\SM01\05-WMC\MU","Tr6_update3.png","2","297258","C:/Users/Public/Experiments/SM01/05-WMC/MU/MU_results/MUsbj010.csv","update","1300","4","10","313784","315086"
"MU.osexp","C:\Users\Public\Experiments\SM01\05-WMC\MU","Tr6_update4.png","2","297258","C:/Users/Public/Experiments/SM01/05-WMC/MU/MU_results/MUsbj010.csv","update","1300","4","10","315455","316757"
"MU.osexp","C:\Users\Public\Experiments\SM01\05-WMC\MU","Tr6_update5.png","2","297258","C:/Users/Public/Experiments/SM01/05-WMC/MU/MU_results/MUsbj010.csv","update","1300","4","10","317085","318387"
"MU.osexp","C:\Users\Public\Experiments\SM01\05-WMC\MU","Tr6_test1.png","6","322305","C:/Users/Public/Experiments/SM01/05-WMC/MU/MU_results/MUsbj010.csv","test","0","4","10","318729","322306"
"MU.osexp","C:\Users\Public\Experiments\SM01\05-WMC\MU","Tr6_test2.png","7","326274","C:/Users/Public/Experiments/SM01/05-WMC/MU/MU_results/MUsbj010.csv","test","0","4","10","323466","326275"
"MU.osexp","C:\Users\Public\Experiments\SM01\05-WMC\MU","Tr6_test3.png","6","328506","C:/Users/Public/Experiments/SM01/05-WMC/MU/MU_results/MUsbj010.csv","test","0","4","10","327377","328507"
"MU.osexp","C:\Users\Public\Experiments\SM01\05-WMC\MU","Tr6_test4.png","8","330746","C:/Users/Public/Experiments/SM01/05-WMC/MU/MU_results/MUsbj010.csv","test","0","4","10","329617","330747"
"MU.osexp","C:\Users\Public\Experiments\SM01\05-WMC\MU","wait.png","8","330746","C:/Users/Public/Experiments/SM01/05-WMC/MU/MU_results/MUsbj010.csv","wait","5000","5","10","331874","330747"
"MU.osexp","C:\Users\Public\Experiments\SM01\05-WMC\MU","fixation.png","8","330746","C:/Users/Public/Experiments/SM01/05-WMC/MU/MU_results/MUsbj010.csv","fix","1500","5","10","336958","330747"
"MU.osexp","C:\Users\Public\Experiments\SM01\05-WMC\MU","Tr7_study1.png","8","330746","C:/Users/Public/Experiments/SM01/05-WMC/MU/MU_results/MUsbj010.csv","study","1000","5","10","338583","339585"
"MU.osexp","C:\Users\Public\Experiments\SM01\05-WMC\MU","Tr7_study2.png","8","330746","C:/Users/Public/Experiments/SM01/05-WMC/MU/MU_results/MUsbj010.csv","study","1000","5","10","339948","340950"
"MU.osexp","C:\Users\Public\Experiments\SM01\05-WMC\MU","Tr7_study3.png","8","330746","C:/Users/Public/Experiments/SM01/05-WMC/MU/MU_results/MUsbj010.csv","study","1000","5","10","341313","342315"
"MU.osexp","C:\Users\Public\Experiments\SM01\05-WMC\MU","Tr7_study4.png","8","330746","C:/Users/Public/Experiments/SM01/05-WMC/MU/MU_results/MUsbj010.csv","study","1000","5","10","342692","343694"
"MU.osexp","C:\Users\Public\Experiments\SM01\05-WMC\MU","Tr7_study5.png","8","330746","C:/Users/Public/Experiments/SM01/05-WMC/MU/MU_results/MUsbj010.csv","study","1000","5","10","344071","345073"
"MU.osexp","C:\Users\Public\Experiments\SM01\05-WMC\MU","Tr7_update1.png","8","330746","C:/Users/Public/Experiments/SM01/05-WMC/MU/MU_results/MUsbj010.csv","update","1300","5","10","345483","346785"
"MU.osexp","C:\Users\Public\Experiments\SM01\05-WMC\MU","Tr7_update2.png","8","330746","C:/Users/Public/Experiments/SM01/05-WMC/MU/MU_results/MUsbj010.csv","update","1300","5","10","347162","348464"
"MU.osexp","C:\Users\Public\Experiments\SM01\05-WMC\MU","Tr7_update3.png","8","330746","C:/Users/Public/Experiments/SM01/05-WMC/MU/MU_results/MUsbj010.csv","update","1300","5","10","348835","350137"
"MU.osexp","C:\Users\Public\Experiments\SM01\05-WMC\MU","Tr7_update4.png","8","330746","C:/Users/Public/Experiments/SM01/05-WMC/MU/MU_results/MUsbj010.csv","update","1300","5","10","350499","351801"
"MU.osexp","C:\Users\Public\Experiments\SM01\05-WMC\MU","Tr7_update5.png","8","330746","C:/Users/Public/Experiments/SM01/05-WMC/MU/MU_results/MUsbj010.csv","update","1300","5","10","352173","353475"
"MU.osexp","C:\Users\Public\Experiments\SM01\05-WMC\MU","Tr7_test1.png","7","355658","C:/Users/Public/Experiments/SM01/05-WMC/MU/MU_results/MUsbj010.csv","test","0","5","10","353977","355658"
"MU.osexp","C:\Users\Public\Experiments\SM01\05-WMC\MU","Tr7_test2.png","5","357993","C:/Users/Public/Experiments/SM01/05-WMC/MU/MU_results/MUsbj010.csv","test","0","5","10","356765","357994"
"MU.osexp","C:\Users\Public\Experiments\SM01\05-WMC\MU","Tr7_test3.png","1","360658","C:/Users/Public/Experiments/SM01/05-WMC/MU/MU_results/MUsbj010.csv","test","0","5","10","359105","360659"
"MU.osexp","C:\Users\Public\Experiments\SM01\05-WMC\MU","Tr7_test4.png","8","362802","C:/Users/Public/Experiments/SM01/05-WMC/MU/MU_results/MUsbj010.csv","test","0","5","10","361777","362803"
"MU.osexp","C:\Users\Public\Experiments\SM01\05-WMC\MU","Tr7_test5.png","4","365378","C:/Users/Public/Experiments/SM01/05-WMC/MU/MU_results/MUsbj010.csv","test","0","5","10","363924","365379"
"MU.osexp","C:\Users\Public\Experiments\SM01\05-WMC\MU","wait.png","4","365378","C:/Users/Public/Experiments/SM01/05-WMC/MU/MU_results/MUsbj010.csv","wait","5000","4","10","366482","365379"
"MU.osexp","C:\Users\Public\Experiments\SM01\05-WMC\MU","fixation.png","4","365378","C:/Users/Public/Experiments/SM01/05-WMC/MU/MU_results/MUsbj010.csv","fix","1500","4","10","371579","365379"
"MU.osexp","C:\Users\Public\Experiments\SM01\05-WMC\MU","Tr8_study1.png","4","365378","C:/Users/Public/Experiments/SM01/05-WMC/MU/MU_results/MUsbj010.csv","study","1000","4","10","373202","374204"
"MU.osexp","C:\Users\Public\Experiments\SM01\05-WMC\MU","Tr8_study2.png","4","365378","C:/Users/Public/Experiments/SM01/05-WMC/MU/MU_results/MUsbj010.csv","study","1000","4","10","374573","375575"
"MU.osexp","C:\Users\Public\Experiments\SM01\05-WMC\MU","Tr8_study3.png","4","365378","C:/Users/Public/Experiments/SM01/05-WMC/MU/MU_results/MUsbj010.csv","study","1000","4","10","375931","376933"
"MU.osexp","C:\Users\Public\Experiments\SM01\05-WMC\MU","Tr8_study4.png","4","365378","C:/Users/Public/Experiments/SM01/05-WMC/MU/MU_results/MUsbj010.csv","study","1000","4","10","377261","378263"
"MU.osexp","C:\Users\Public\Experiments\SM01\05-WMC\MU","Tr8_update1.png","4","365378","C:/Users/Public/Experiments/SM01/05-WMC/MU/MU_results/MUsbj010.csv","update","1300","4","10","378633","379935"
"MU.osexp","C:\Users\Public\Experiments\SM01\05-WMC\MU","Tr8_update2.png","4","365378","C:/Users/Public/Experiments/SM01/05-WMC/MU/MU_results/MUsbj010.csv","update","1300","4","10","380244","381547"
"MU.osexp","C:\Users\Public\Experiments\SM01\05-WMC\MU","Tr8_update3.png","4","365378","C:/Users/Public/Experiments/SM01/05-WMC/MU/MU_results/MUsbj010.csv","update","1300","4","10","381885","383187"
"MU.osexp","C:\Users\Public\Experiments\SM01\05-WMC\MU","Tr8_test1.png","4","385258","C:/Users/Public/Experiments/SM01/05-WMC/MU/MU_results/MUsbj010.csv","test","0","4","10","383556","385259"
"MU.osexp","C:\Users\Public\Experiments\SM01\05-WMC\MU","Tr8_test2.png","4","387874","C:/Users/Public/Experiments/SM01/05-WMC/MU/MU_results/MUsbj010.csv","test","0","4","10","386374","387875"
"MU.osexp","C:\Users\Public\Experiments\SM01\05-WMC\MU","Tr8_test3.png","9","390226","C:/Users/Public/Experiments/SM01/05-WMC/MU/MU_results/MUsbj010.csv","test","0","4","10","388988","390227"
"MU.osexp","C:\Users\Public\Experiments\SM01\05-WMC\MU","Tr8_test4.png","3","391801","C:/Users/Public/Experiments/SM01/05-WMC/MU/MU_results/MUsbj010.csv","test","0","4","10","391353","391802"
"MU.osexp","C:\Users\Public\Experiments\SM01\05-WMC\MU","wait.png","3","391801","C:/Users/Public/Experiments/SM01/05-WMC/MU/MU_results/MUsbj010.csv","wait","5000","5","10","392911","391802"
"MU.osexp","C:\Users\Public\Experiments\SM01\05-WMC\MU","fixation.png","3","391801","C:/Users/Public/Experiments/SM01/05-WMC/MU/MU_results/MUsbj010.csv","fix","1500","5","10","398041","391802"
"MU.osexp","C:\Users\Public\Experiments\SM01\05-WMC\MU","Tr9_study1.png","3","391801","C:/Users/Public/Experiments/SM01/05-WMC/MU/MU_results/MUsbj010.csv","study","1000","5","10","399663","400665"
"MU.osexp","C:\Users\Public\Experiments\SM01\05-WMC\MU","Tr9_study2.png","3","391801","C:/Users/Public/Experiments/SM01/05-WMC/MU/MU_results/MUsbj010.csv","study","1000","5","10","401014","402016"
"MU.osexp","C:\Users\Public\Experiments\SM01\05-WMC\MU","Tr9_study3.png","3","391801","C:/Users/Public/Experiments/SM01/05-WMC/MU/MU_results/MUsbj010.csv","study","1000","5","10","402391","403394"
"MU.osexp","C:\Users\Public\Experiments\SM01\05-WMC\MU","Tr9_study4.png","3","391801","C:/Users/Public/Experiments/SM01/05-WMC/MU/MU_results/MUsbj010.csv","study","1000","5","10","403754","404756"
"MU.osexp","C:\Users\Public\Experiments\SM01\05-WMC\MU","Tr9_study5.png","3","391801","C:/Users/Public/Experiments/SM01/05-WMC/MU/MU_results/MUsbj010.csv","study","1000","5","10","405100","406102"
"MU.osexp","C:\Users\Public\Experiments\SM01\05-WMC\MU","Tr9_update1.png","3","391801","C:/Users/Public/Experiments/SM01/05-WMC/MU/MU_results/MUsbj010.csv","update","1300","5","10","406468","407770"
"MU.osexp","C:\Users\Public\Experiments\SM01\05-WMC\MU","Tr9_update2.png","3","391801","C:/Users/Public/Experiments/SM01/05-WMC/MU/MU_results/MUsbj010.csv","update","1300","5","10","408124","409426"
"MU.osexp","C:\Users\Public\Experiments\SM01\05-WMC\MU","Tr9_test1.png","4","411209","C:/Users/Public/Experiments/SM01/05-WMC/MU/MU_results/MUsbj010.csv","test","0","5","10","409800","411210"
"MU.osexp","C:\Users\Public\Experiments\SM01\05-WMC\MU","Tr9_test2.png","6","413354","C:/Users/Public/Experiments/SM01/05-WMC/MU/MU_results/MUsbj010.csv","test","0","5","10","412323","413355"
"MU.osexp","C:\Users\Public\Experiments\SM01\05-WMC\MU","Tr9_test3.png","9","416562","C:/Users/Public/Experiments/SM01/05-WMC/MU/MU_results/MUsbj010.csv","test","0","5","10","414482","416563"
"MU.osexp","C:\Users\Public\Experiments\SM01\05-WMC\MU","Tr9_test4.png","3","418386","C:/Users/Public/Experiments/SM01/05-WMC/MU/MU_results/MUsbj010.csv","test","0","5","10","417687","418387"
"MU.osexp","C:\Users\Public\Experiments\SM01\05-WMC\MU","Tr9_test5.png","6","420674","C:/Users/Public/Experiments/SM01/05-WMC/MU/MU_results/MUsbj010.csv","test","0","5","10","419497","420675"
"MU.osexp","C:\Users\Public\Experiments\SM01\05-WMC\MU","wait.png","6","420674","C:/Users/Public/Experiments/SM01/05-WMC/MU/MU_results/MUsbj010.csv","wait","5000","3","10","421778","420675"
"MU.osexp","C:\Users\Public\Experiments\SM01\05-WMC\MU","fixation.png","6","420674","C:/Users/Public/Experiments/SM01/05-WMC/MU/MU_results/MUsbj010.csv","fix","1500","3","10","426962","420675"
"MU.osexp","C:\Users\Public\Experiments\SM01\05-WMC\MU","Tr10_study1.png","6","420674","C:/Users/Public/Experiments/SM01/05-WMC/MU/MU_results/MUsbj010.csv","study","1000","3","10","428583","429585"
"MU.osexp","C:\Users\Public\Experiments\SM01\05-WMC\MU","Tr10_study2.png","6","420674","C:/Users/Public/Experiments/SM01/05-WMC/MU/MU_results/MUsbj010.csv","study","1000","3","10","429949","430951"
"MU.osexp","C:\Users\Public\Experiments\SM01\05-WMC\MU","Tr10_study3.png","6","420674","C:/Users/Public/Experiments/SM01/05-WMC/MU/MU_results/MUsbj010.csv","study","1000","3","10","431294","432296"
"MU.osexp","C:\Users\Public\Experiments\SM01\05-WMC\MU","Tr10_update1.png","6","420674","C:/Users/Public/Experiments/SM01/05-WMC/MU/MU_results/MUsbj010.csv","update","1300","3","10","432663","433965"
"MU.osexp","C:\Users\Public\Experiments\SM01\05-WMC\MU","Tr10_update2.png","6","420674","C:/Users/Public/Experiments/SM01/05-WMC/MU/MU_results/MUsbj010.csv","update","1300","3","10","434330","435632"
"MU.osexp","C:\Users\Public\Experiments\SM01\05-WMC\MU","Tr10_test1.png","5","438314","C:/Users/Public/Experiments/SM01/05-WMC/MU/MU_results/MUsbj010.csv","test","0","3","10","435992","438315"
"MU.osexp","C:\Users\Public\Experiments\SM01\05-WMC\MU","Tr10_test2.png","5","441314","C:/Users/Public/Experiments/SM01/05-WMC/MU/MU_results/MUsbj010.csv","test","0","3","10","439420","441315"
"MU.osexp","C:\Users\Public\Experiments\SM01\05-WMC\MU","Tr10_test3.png","5","443210","C:/Users/Public/Experiments/SM01/05-WMC/MU/MU_results/MUsbj010.csv","test","0","3","10","442435","443211"
"MU.osexp","C:\Users\Public\Experiments\SM01\05-WMC\MU","wait.png","5","443210","C:/Users/Public/Experiments/SM01/05-WMC/MU/MU_results/MUsbj010.csv","wait","5000","5","10","444325","443211"
"MU.osexp","C:\Users\Public\Experiments\SM01\05-WMC\MU","fixation.png","5","443210","C:/Users/Public/Experiments/SM01/05-WMC/MU/MU_results/MUsbj010.csv","fix","1500","5","10","449461","443211"
"MU.osexp","C:\Users\Public\Experiments\SM01\05-WMC\MU","Tr11_study1.png","5","443210","C:/Users/Public/Experiments/SM01/05-WMC/MU/MU_results/MUsbj010.csv","study","1000","5","10","451053","452055"
"MU.osexp","C:\Users\Public\Experiments\SM01\05-WMC\MU","Tr11_study2.png","5","443210","C:/Users/Public/Experiments/SM01/05-WMC/MU/MU_results/MUsbj010.csv","study","1000","5","10","452381","453383"
"MU.osexp","C:\Users\Public\Experiments\SM01\05-WMC\MU","Tr11_study3.png","5","443210","C:/Users/Public/Experiments/SM01/05-WMC/MU/MU_results/MUsbj010.csv","study","1000","5","10","453754","454756"
"MU.osexp","C:\Users\Public\Experiments\SM01\05-WMC\MU","Tr11_study4.png","5","443210","C:/Users/Public/Experiments/SM01/05-WMC/MU/MU_results/MUsbj010.csv","study","1000","5","10","455107","456109"
"MU.osexp","C:\Users\Public\Experiments\SM01\05-WMC\MU","Tr11_study5.png","5","443210","C:/Users/Public/Experiments/SM01/05-WMC/MU/MU_results/MUsbj010.csv","study","1000","5","10","456455","457457"
"MU.osexp","C:\Users\Public\Experiments\SM01\05-WMC\MU","Tr11_update1.png","5","443210","C:/Users/Public/Experiments/SM01/05-WMC/MU/MU_results/MUsbj010.csv","update","1300","5","10","457782","459084"
"MU.osexp","C:\Users\Public\Experiments\SM01\05-WMC\MU","Tr11_update2.png","5","443210","C:/Users/Public/Experiments/SM01/05-WMC/MU/MU_results/MUsbj010.csv","update","1300","5","10","459475","460777"
"MU.osexp","C:\Users\Public\Experiments\SM01\05-WMC\MU","Tr11_update3.png","5","443210","C:/Users/Public/Experiments/SM01/05-WMC/MU/MU_results/MUsbj010.csv","update","1300","5","10","461112","462414"
"MU.osexp","C:\Users\Public\Experiments\SM01\05-WMC\MU","Tr11_test1.png","1","464089","C:/Users/Public/Experiments/SM01/05-WMC/MU/MU_results/MUsbj010.csv","test","0","5","10","462760","464090"
"MU.osexp","C:\Users\Public\Experiments\SM01\05-WMC\MU","Tr11_test2.png","3","466618","C:/Users/Public/Experiments/SM01/05-WMC/MU/MU_results/MUsbj010.csv","test","0","5","10","465212","466619"
"MU.osexp","C:\Users\Public\Experiments\SM01\05-WMC\MU","Tr11_test3.png","7","468426","C:/Users/Public/Experiments/SM01/05-WMC/MU/MU_results/MUsbj010.csv","test","0","5","10","467735","468427"
"MU.osexp","C:\Users\Public\Experiments\SM01\05-WMC\MU","Tr11_test4.png","6","471082","C:/Users/Public/Experiments/SM01/05-WMC/MU/MU_results/MUsbj010.csv","test","0","5","10","469543","471083"
"MU.osexp","C:\Users\Public\Experiments\SM01\05-WMC\MU","Tr11_test5.png","4","472786","C:/Users/Public/Experiments/SM01/05-WMC/MU/MU_results/MUsbj010.csv","test","0","5","10","472202","472787"
"MU.osexp","C:\Users\Public\Experiments\SM01\05-WMC\MU","wait.png","4","472786","C:/Users/Public/Experiments/SM01/05-WMC/MU/MU_results/MUsbj010.csv","wait","5000","3","10","473883","472787"
"MU.osexp","C:\Users\Public\Experiments\SM01\05-WMC\MU","fixation.png","4","472786","C:/Users/Public/Experiments/SM01/05-WMC/MU/MU_results/MUsbj010.csv","fix","1500","3","10","478975","472787"
"MU.osexp","C:\Users\Public\Experiments\SM01\05-WMC\MU","Tr12_study1.png","4","472786","C:/Users/Public/Experiments/SM01/05-WMC/MU/MU_results/MUsbj010.csv","study","1000","3","10","480600","481602"
"MU.osexp","C:\Users\Public\Experiments\SM01\05-WMC\MU","Tr12_study2.png","4","472786","C:/Users/Public/Experiments/SM01/05-WMC/MU/MU_results/MUsbj010.csv","study","1000","3","10","481973","482975"
"MU.osexp","C:\Users\Public\Experiments\SM01\05-WMC\MU","Tr12_study3.png","4","472786","C:/Users/Public/Experiments/SM01/05-WMC/MU/MU_results/MUsbj010.csv","study","1000","3","10","483336","484338"
"MU.osexp","C:\Users\Public\Experiments\SM01\05-WMC\MU","Tr12_update1.png","4","472786","C:/Users/Public/Experiments/SM01/05-WMC/MU/MU_results/MUsbj010.csv","update","1300","3","10","484705","486007"
"MU.osexp","C:\Users\Public\Experiments\SM01\05-WMC\MU","Tr12_update2.png","4","472786","C:/Users/Public/Experiments/SM01/05-WMC/MU/MU_results/MUsbj010.csv","update","1300","3","10","486366","487668"
"MU.osexp","C:\Users\Public\Experiments\SM01\05-WMC\MU","Tr12_update3.png","4","472786","C:/Users/Public/Experiments/SM01/05-WMC/MU/MU_results/MUsbj010.csv","update","1300","3","10","487992","489294"
"MU.osexp","C:\Users\Public\Experiments\SM01\05-WMC\MU","Tr12_update4.png","4","472786","C:/Users/Public/Experiments/SM01/05-WMC/MU/MU_results/MUsbj010.csv","update","1300","3","10","489664","490966"
"MU.osexp","C:\Users\Public\Experiments\SM01\05-WMC\MU","Tr12_update5.png","4","472786","C:/Users/Public/Experiments/SM01/05-WMC/MU/MU_results/MUsbj010.csv","update","1300","3","10","491314","492616"
"MU.osexp","C:\Users\Public\Experiments\SM01\05-WMC\MU","Tr12_test1.png","4","496162","C:/Users/Public/Experiments/SM01/05-WMC/MU/MU_results/MUsbj010.csv","test","0","3","10","492944","496163"
"MU.osexp","C:\Users\Public\Experiments\SM01\05-WMC\MU","Tr12_test2.png","9","498425","C:/Users/Public/Experiments/SM01/05-WMC/MU/MU_results/MUsbj010.csv","test","0","3","10","497258","498426"
"MU.osexp","C:\Users\Public\Experiments\SM01\05-WMC\MU","Tr12_test3.png","4","501642","C:/Users/Public/Experiments/SM01/05-WMC/MU/MU_results/MUsbj010.csv","test","0","3","10","499536","501643"
"MU.osexp","C:\Users\Public\Experiments\SM01\05-WMC\MU","wait.png","4","501642","C:/Users/Public/Experiments/SM01/05-WMC/MU/MU_results/MUsbj010.csv","wait","5000","3","10","502741","501643"
"MU.osexp","C:\Users\Public\Experiments\SM01\05-WMC\MU","fixation.png","4","501642","C:/Users/Public/Experiments/SM01/05-WMC/MU/MU_results/MUsbj010.csv","fix","1500","3","10","507842","501643"
"MU.osexp","C:\Users\Public\Experiments\SM01\05-WMC\MU","Tr13_study1.png","4","501642","C:/Users/Public/Experiments/SM01/05-WMC/MU/MU_results/MUsbj010.csv","study","1000","3","10","509463","510465"
"MU.osexp","C:\Users\Public\Experiments\SM01\05-WMC\MU","Tr13_study2.png","4","501642","C:/Users/Public/Experiments/SM01/05-WMC/MU/MU_results/MUsbj010.csv","study","1000","3","10","510816","511818"
"MU.osexp","C:\Users\Public\Experiments\SM01\05-WMC\MU","Tr13_study3.png","4","501642","C:/Users/Public/Experiments/SM01/05-WMC/MU/MU_results/MUsbj010.csv","study","1000","3","10","512191","513193"
"MU.osexp","C:\Users\Public\Experiments\SM01\05-WMC\MU","Tr13_update1.png","4","501642","C:/Users/Public/Experiments/SM01/05-WMC/MU/MU_results/MUsbj010.csv","update","1300","3","10","513532","514834"
"MU.osexp","C:\Users\Public\Experiments\SM01\05-WMC\MU","Tr13_update2.png","4","501642","C:/Users/Public/Experiments/SM01/05-WMC/MU/MU_results/MUsbj010.csv","update","1300","3","10","515191","516493"
"MU.osexp","C:\Users\Public\Experiments\SM01\05-WMC\MU","Tr13_update3.png","4","501642","C:/Users/Public/Experiments/SM01/05-WMC/MU/MU_results/MUsbj010.csv","update","1300","3","10","516852","518154"
"MU.osexp","C:\Users\Public\Experiments\SM01\05-WMC\MU","Tr13_update4.png","4","501642","C:/Users/Public/Experiments/SM01/05-WMC/MU/MU_results/MUsbj010.csv","update","1300","3","10","518504","519806"
"MU.osexp","C:\Users\Public\Experiments\SM01\05-WMC\MU","Tr13_test1.png","5","522986","C:/Users/Public/Experiments/SM01/05-WMC/MU/MU_results/MUsbj010.csv","test","0","3","10","520170","522987"
"MU.osexp","C:\Users\Public\Experiments\SM01\05-WMC\MU","Tr13_test2.png","1","526538","C:/Users/Public/Experiments/SM01/05-WMC/MU/MU_results/MUsbj010.csv","test","0","3","10","524107","526539"
"MU.osexp","C:\Users\Public\Experiments\SM01\05-WMC\MU","Tr13_test3.png","7","531962","C:/Users/Public/Experiments/SM01/05-WMC/MU/MU_results/MUsbj010.csv","test","0","3","10","527661","531963"
"MU.osexp","C:\Users\Public\Experiments\SM01\05-WMC\MU","wait.png","7","531962","C:/Users/Public/Experiments/SM01/05-WMC/MU/MU_results/MUsbj010.csv","wait","5000","5","10","533074","531963"
"MU.osexp","C:\Users\Public\Experiments\SM01\05-WMC\MU","fixation.png","7","531962","C:/Users/Public/Experiments/SM01/05-WMC/MU/MU_results/MUsbj010.csv","fix","1500","5","10","538183","531963"
"MU.osexp","C:\Users\Public\Experiments\SM01\05-WMC\MU","Tr14_study1.png","7","531962","C:/Users/Public/Experiments/SM01/05-WMC/MU/MU_results/MUsbj010.csv","study","1000","5","10","539799","540801"
"MU.osexp","C:\Users\Public\Experiments\SM01\05-WMC\MU","Tr14_study2.png","7","531962","C:/Users/Public/Experiments/SM01/05-WMC/MU/MU_results/MUsbj010.csv","study","1000","5","10","541149","542151"
"MU.osexp","C:\Users\Public\Experiments\SM01\05-WMC\MU","Tr14_study3.png","7","531962","C:/Users/Public/Experiments/SM01/05-WMC/MU/MU_results/MUsbj010.csv","study","1000","5","10","542523","543525"
"MU.osexp","C:\Users\Public\Experiments\SM01\05-WMC\MU","Tr14_study4.png","7","531962","C:/Users/Public/Experiments/SM01/05-WMC/MU/MU_results/MUsbj010.csv","study","1000","5","10","543902","544904"
"MU.osexp","C:\Users\Public\Experiments\SM01\05-WMC\MU","Tr14_study5.png","7","531962","C:/Users/Public/Experiments/SM01/05-WMC/MU/MU_results/MUsbj010.csv","study","1000","5","10","545281","546283"
"MU.osexp","C:\Users\Public\Experiments\SM01\05-WMC\MU","Tr14_update1.png","7","531962","C:/Users/Public/Experiments/SM01/05-WMC/MU/MU_results/MUsbj010.csv","update","1300","5","10","546661","547963"
"MU.osexp","C:\Users\Public\Experiments\SM01\05-WMC\MU","Tr14_update2.png","7","531962","C:/Users/Public/Experiments/SM01/05-WMC/MU/MU_results/MUsbj010.csv","update","1300","5","10","548340","549642"
"MU.osexp","C:\Users\Public\Experiments\SM01\05-WMC\MU","Tr14_update3.png","7","531962","C:/Users/Public/Experiments/SM01/05-WMC/MU/MU_results/MUsbj010.csv","update","1300","5","10","550018","551320"
"MU.osexp","C:\Users\Public\Experiments\SM01\05-WMC\MU","Tr14_update4.png","7","531962","C:/Users/Public/Experiments/SM01/05-WMC/MU/MU_results/MUsbj010.csv","update","1300","5","10","551675","552977"
"MU.osexp","C:\Users\Public\Experiments\SM01\05-WMC\MU","Tr14_test1.png","8","554338","C:/Users/Public/Experiments/SM01/05-WMC/MU/MU_results/MUsbj010.csv","test","0","5","10","553328","554339"
"MU.osexp","C:\Users\Public\Experiments\SM01\05-WMC\MU","Tr14_test2.png","7","557130","C:/Users/Public/Experiments/SM01/05-WMC/MU/MU_results/MUsbj010.csv","test","0","5","10","555432","557131"
"MU.osexp","C:\Users\Public\Experiments\SM01\05-WMC\MU","Tr14_test3.png","5","559298","C:/Users/Public/Experiments/SM01/05-WMC/MU/MU_results/MUsbj010.csv","test","0","5","10","558249","559299"
"MU.osexp","C:\Users\Public\Experiments\SM01\05-WMC\MU","Tr14_test4.png","5","561634","C:/Users/Public/Experiments/SM01/05-WMC/MU/MU_results/MUsbj010.csv","test","0","5","10","560409","561635"
"MU.osexp","C:\Users\Public\Experiments\SM01\05-WMC\MU","Tr14_test5.png","3","564082","C:/Users/Public/Experiments/SM01/05-WMC/MU/MU_results/MUsbj010.csv","test","0","5","10","562743","564083"
"MU.osexp","C:\Users\Public\Experiments\SM01\05-WMC\MU","wait.png","3","564082","C:/Users/Public/Experiments/SM01/05-WMC/MU/MU_results/MUsbj010.csv","wait","5000","4","10","565204","564083"
"MU.osexp","C:\Users\Public\Experiments\SM01\05-WMC\MU","fixation.png","3","564082","C:/Users/Public/Experiments/SM01/05-WMC/MU/MU_results/MUsbj010.csv","fix","1500","4","10","570289","564083"
"MU.osexp","C:\Users\Public\Experiments\SM01\05-WMC\MU","Tr15_study1.png","3","564082","C:/Users/Public/Experiments/SM01/05-WMC/MU/MU_results/MUsbj010.csv","study","1000","4","10","571922","572924"
"MU.osexp","C:\Users\Public\Experiments\SM01\05-WMC\MU","Tr15_study2.png","3","564082","C:/Users/Public/Experiments/SM01/05-WMC/MU/MU_results/MUsbj010.csv","study","1000","4","10","573284","574286"
"MU.osexp","C:\Users\Public\Experiments\SM01\05-WMC\MU","Tr15_study3.png","3","564082","C:/Users/Public/Experiments/SM01/05-WMC/MU/MU_results/MUsbj010.csv","study","1000","4","10","574654","575656"
"MU.osexp","C:\Users\Public\Experiments\SM01\05-WMC\MU","Tr15_study4.png","3","564082","C:/Users/Public/Experiments/SM01/05-WMC/MU/MU_results/MUsbj010.csv","study","1000","4","10","576031","577033"
"MU.osexp","C:\Users\Public\Experiments\SM01\05-WMC\MU","Tr15_update1.png","3","564082","C:/Users/Public/Experiments/SM01/05-WMC/MU/MU_results/MUsbj010.csv","update","1300","4","10","577495","578797"
"MU.osexp","C:\Users\Public\Experiments\SM01\05-WMC\MU","Tr15_update2.png","3","564082","C:/Users/Public/Experiments/SM01/05-WMC/MU/MU_results/MUsbj010.csv","update","1300","4","10","579153","580455"
"MU.osexp","C:\Users\Public\Experiments\SM01\05-WMC\MU","Tr15_update3.png","3","564082","C:/Users/Public/Experiments/SM01/05-WMC/MU/MU_results/MUsbj010.csv","update","1300","4","10","580807","582109"
"MU.osexp","C:\Users\Public\Experiments\SM01\05-WMC\MU","Tr15_update4.png","3","564082","C:/Users/Public/Experiments/SM01/05-WMC/MU/MU_results/MUsbj010.csv","update","1300","4","10","582475","583777"
"MU.osexp","C:\Users\Public\Experiments\SM01\05-WMC\MU","Tr15_update5.png","3","564082","C:/Users/Public/Experiments/SM01/05-WMC/MU/MU_results/MUsbj010.csv","update","1300","4","10","584126","585429"
"MU.osexp","C:\Users\Public\Experiments\SM01\05-WMC\MU","Tr15_update6.png","3","564082","C:/Users/Public/Experiments/SM01/05-WMC/MU/MU_results/MUsbj010.csv","update","1300","4","10","585809","587111"
"MU.osexp","C:\Users\Public\Experiments\SM01\05-WMC\MU","Tr15_test1.png","6","592610","C:/Users/Public/Experiments/SM01/05-WMC/MU/MU_results/MUsbj010.csv","test","0","4","10","587469","592611"
"MU.osexp","C:\Users\Public\Experiments\SM01\05-WMC\MU","Tr15_test2.png","7","596186","C:/Users/Public/Experiments/SM01/05-WMC/MU/MU_results/MUsbj010.csv","test","0","4","10","593732","596187"
"MU.osexp","C:\Users\Public\Experiments\SM01\05-WMC\MU","Tr15_test3.png","8","598314","C:/Users/Public/Experiments/SM01/05-WMC/MU/MU_results/MUsbj010.csv","test","0","4","10","597303","598315"
"MU.osexp","C:\Users\Public\Experiments\SM01\05-WMC\MU","Tr15_test4.png","4","600642","C:/Users/Public/Experiments/SM01/05-WMC/MU/MU_results/MUsbj010.csv","test","0","4","10","599434","600643"
"MU.osexp","C:\Users\Public\Experiments\SM01\05-WMC\MU","wait.png","4","600642","C:/Users/Public/Experiments/SM01/05-WMC/MU/MU_results/MUsbj010.csv","wait","5000","4","10","601761","600643"
"MU.osexp","C:\Users\Public\Experiments\SM01\05-WMC\MU","fixation.png","4","600642","C:/Users/Public/Experiments/SM01/05-WMC/MU/MU_results/MUsbj010.csv","fix","1500","4","10","606868","600643"
"MU.osexp","C:\Users\Public\Experiments\SM01\05-WMC\MU","Tr16_study1.png","4","600642","C:/Users/Public/Experiments/SM01/05-WMC/MU/MU_results/MUsbj010.csv","study","1000","4","10","608492","609494"
"MU.osexp","C:\Users\Public\Experiments\SM01\05-WMC\MU","Tr16_study2.png","4","600642","C:/Users/Public/Experiments/SM01/05-WMC/MU/MU_results/MUsbj010.csv","study","1000","4","10","609856","610858"
"MU.osexp","C:\Users\Public\Experiments\SM01\05-WMC\MU","Tr16_study3.png","4","600642","C:/Users/Public/Experiments/SM01/05-WMC/MU/MU_results/MUsbj010.csv","study","1000","4","10","611224","612226"
"MU.osexp","C:\Users\Public\Experiments\SM01\05-WMC\MU","Tr16_study4.png","4","600642","C:/Users/Public/Experiments/SM01/05-WMC/MU/MU_results/MUsbj010.csv","study","1000","4","10","612605","613607"
"MU.osexp","C:\Users\Public\Experiments\SM01\05-WMC\MU","Tr16_update1.png","4","600642","C:/Users/Public/Experiments/SM01/05-WMC/MU/MU_results/MUsbj010.csv","update","1300","4","10","613976","615278"
"MU.osexp","C:\Users\Public\Experiments\SM01\05-WMC\MU","Tr16_update2.png","4","600642","C:/Users/Public/Experiments/SM01/05-WMC/MU/MU_results/MUsbj010.csv","update","1300","4","10","615636","616938"
"MU.osexp","C:\Users\Public\Experiments\SM01\05-WMC\MU","Tr16_test1.png","5","621650","C:/Users/Public/Experiments/SM01/05-WMC/MU/MU_results/MUsbj010.csv","test","0","4","10","617311","621651"
"MU.osexp","C:\Users\Public\Experiments\SM01\05-WMC\MU","Tr16_test2.png","7","623834","C:/Users/Public/Experiments/SM01/05-WMC/MU/MU_results/MUsbj010.csv","test","0","4","10","622766","623835"
"MU.osexp","C:\Users\Public\Experiments\SM01\05-WMC\MU","Tr16_test3.png","9","626002","C:/Users/Public/Experiments/SM01/05-WMC/MU/MU_results/MUsbj010.csv","test","0","4","10","624944","626003"
"MU.osexp","C:\Users\Public\Experiments\SM01\05-WMC\MU","Tr16_test4.png","6","628274","C:/Users/Public/Experiments/SM01/05-WMC/MU/MU_results/MUsbj010.csv","test","0","4","10","627123","628275"
"MU.osexp","C:\Users\Public\Experiments\SM01\05-WMC\MU","wait.png","6","628274","C:/Users/Public/Experiments/SM01/05-WMC/MU/MU_results/MUsbj010.csv","wait","5000","5","10","629465","628275"
"MU.osexp","C:\Users\Public\Experiments\SM01\05-WMC\MU","fixation.png","6","628274","C:/Users/Public/Experiments/SM01/05-WMC/MU/MU_results/MUsbj010.csv","fix","1500","5","10","634592","628275"
"MU.osexp","C:\Users\Public\Experiments\SM01\05-WMC\MU","Tr17_study1.png","6","628274","C:/Users/Public/Experiments/SM01/05-WMC/MU/MU_results/MUsbj010.csv","study","1000","5","10","636212","637215"
"MU.osexp","C:\Users\Public\Experiments\SM01\05-WMC\MU","Tr17_study2.png","6","628274","C:/Users/Public/Experiments/SM01/05-WMC/MU/MU_results/MUsbj010.csv","study","1000","5","10","637566","638568"
"MU.osexp","C:\Users\Public\Experiments\SM01\05-WMC\MU","Tr17_study3.png","6","628274","C:/Users/Public/Experiments/SM01/05-WMC/MU/MU_results/MUsbj010.csv","study","1000","5","10","638919","639921"
"MU.osexp","C:\Users\Public\Experiments\SM01\05-WMC\MU","Tr17_study4.png","6","628274","C:/Users/Public/Experiments/SM01/05-WMC/MU/MU_results/MUsbj010.csv","study","1000","5","10","640270","641272"
"MU.osexp","C:\Users\Public\Experiments\SM01\05-WMC\MU","Tr17_study5.png","6","628274","C:/Users/Public/Experiments/SM01/05-WMC/MU/MU_results/MUsbj010.csv","study","1000","5","10","641644","642646"
"MU.osexp","C:\Users\Public\Experiments\SM01\05-WMC\MU","Tr17_update1.png","6","628274","C:/Users/Public/Experiments/SM01/05-WMC/MU/MU_results/MUsbj010.csv","update","1300","5","10","642997","644299"
"MU.osexp","C:\Users\Public\Experiments\SM01\05-WMC\MU","Tr17_update2.png","6","628274","C:/Users/Public/Experiments/SM01/05-WMC/MU/MU_results/MUsbj010.csv","update","1300","5","10","644648","645950"
"MU.osexp","C:\Users\Public\Experiments\SM01\05-WMC\MU","Tr17_update3.png","6","628274","C:/Users/Public/Experiments/SM01/05-WMC/MU/MU_results/MUsbj010.csv","update","1300","5","10","646298","647600"
"MU.osexp","C:\Users\Public\Experiments\SM01\05-WMC\MU","Tr17_update4.png","6","628274","C:/Users/Public/Experiments/SM01/05-WMC/MU/MU_results/MUsbj010.csv","update","1300","5","10","647949","649251"
"MU.osexp","C:\Users\Public\Experiments\SM01\05-WMC\MU","Tr17_update5.png","6","628274","C:/Users/Public/Experiments/SM01/05-WMC/MU/MU_results/MUsbj010.csv","update","1300","5","10","649602","650904"
"MU.osexp","C:\Users\Public\Experiments\SM01\05-WMC\MU","Tr17_update6.png","6","628274","C:/Users/Public/Experiments/SM01/05-WMC/MU/MU_results/MUsbj010.csv","update","1300","5","10","651277","652579"
"MU.osexp","C:\Users\Public\Experiments\SM01\05-WMC\MU","Tr17_test1.png","3","655170","C:/Users/Public/Experiments/SM01/05-WMC/MU/MU_results/MUsbj010.csv","test","0","5","10","652907","655171"
"MU.osexp","C:\Users\Public\Experiments\SM01\05-WMC\MU","Tr17_test2.png","1","657786","C:/Users/Public/Experiments/SM01/05-WMC/MU/MU_results/MUsbj010.csv","test","0","5","10","656286","657787"
"MU.osexp","C:\Users\Public\Experiments\SM01\05-WMC\MU","Tr17_test3.png","5","661018","C:/Users/Public/Experiments/SM01/05-WMC/MU/MU_results/MUsbj010.csv","test","0","5","10","658893","661019"
"MU.osexp","C:\Users\Public\Experiments\SM01\05-WMC\MU","Tr17_test4.png","7","663842","C:/Users/Public/Experiments/SM01/05-WMC/MU/MU_results/MUsbj010.csv","test","0","5","10","662134","663843"
"MU.osexp","C:\Users\Public\Experiments\SM01\05-WMC\MU","Tr17_test5.png","9","665810","C:/Users/Public/Experiments/SM01/05-WMC/MU/MU_results/MUsbj010.csv","test","0","5","10","664954","665811"
