"experiment_file","experiment_path","image","key","key_time","logfile","phase","playtime","setSize","subject_nr","timestamp","waittime"
"MU.osexp","C:\Users\Public\Experiments\SM01\05-WMC\MU","ready1.png","NA","NA","C:/Users/Public/Experiments/SM01/05-WMC/MU/MU_results/MUsbj041.csv","pre","0","3","41","115538","NA"
"MU.osexp","C:\Users\Public\Experiments\SM01\05-WMC\MU","fixation.png","NA","NA","C:/Users/Public/Experiments/SM01/05-WMC/MU/MU_results/MUsbj041.csv","fix","1500","3","41","116850","NA"
"MU.osexp","C:\Users\Public\Experiments\SM01\05-WMC\MU","Tr1_study1.png","NA","NA","C:/Users/Public/Experiments/SM01/05-WMC/MU/MU_results/MUsbj041.csv","study","1000","3","41","118473","119475"
"MU.osexp","C:\Users\Public\Experiments\SM01\05-WMC\MU","Tr1_study2.png","NA","NA","C:/Users/Public/Experiments/SM01/05-WMC/MU/MU_results/MUsbj041.csv","study","1000","3","41","119848","120850"
"MU.osexp","C:\Users\Public\Experiments\SM01\05-WMC\MU","Tr1_study3.png","NA","NA","C:/Users/Public/Experiments/SM01/05-WMC/MU/MU_results/MUsbj041.csv","study","1000","3","41","121258","122260"
"MU.osexp","C:\Users\Public\Experiments\SM01\05-WMC\MU","Tr1_update1.png","NA","NA","C:/Users/Public/Experiments/SM01/05-WMC/MU/MU_results/MUsbj041.csv","update","1300","3","41","122627","123929"
"MU.osexp","C:\Users\Public\Experiments\SM01\05-WMC\MU","Tr1_update2.png","NA","NA","C:/Users/Public/Experiments/SM01/05-WMC/MU/MU_results/MUsbj041.csv","update","1300","3","41","124289","125591"
"MU.osexp","C:\Users\Public\Experiments\SM01\05-WMC\MU","Tr1_update3.png","NA","NA","C:/Users/Public/Experiments/SM01/05-WMC/MU/MU_results/MUsbj041.csv","update","1300","3","41","125960","127262"
"MU.osexp","C:\Users\Public\Experiments\SM01\05-WMC\MU","Tr1_test1.png","9","129992","C:/Users/Public/Experiments/SM01/05-WMC/MU/MU_results/MUsbj041.csv","test","0","3","41","127626","129993"
"MU.osexp","C:\Users\Public\Experiments\SM01\05-WMC\MU","Tr1_test2.png","8","134169","C:/Users/Public/Experiments/SM01/05-WMC/MU/MU_results/MUsbj041.csv","test","0","3","41","131118","134170"
"MU.osexp","C:\Users\Public\Experiments\SM01\05-WMC\MU","Tr1_test3.png","2","136289","C:/Users/Public/Experiments/SM01/05-WMC/MU/MU_results/MUsbj041.csv","test","0","3","41","135274","136290"
"MU.osexp","C:\Users\Public\Experiments\SM01\05-WMC\MU","wait.png","2","136289","C:/Users/Public/Experiments/SM01/05-WMC/MU/MU_results/MUsbj041.csv","wait","5000","3","41","137399","136290"
"MU.osexp","C:\Users\Public\Experiments\SM01\05-WMC\MU","fixation.png","2","136289","C:/Users/Public/Experiments/SM01/05-WMC/MU/MU_results/MUsbj041.csv","fix","1500","3","41","142495","136290"
"MU.osexp","C:\Users\Public\Experiments\SM01\05-WMC\MU","Tr2_study1.png","2","136289","C:/Users/Public/Experiments/SM01/05-WMC/MU/MU_results/MUsbj041.csv","study","1000","3","41","144118","145120"
"MU.osexp","C:\Users\Public\Experiments\SM01\05-WMC\MU","Tr2_study2.png","2","136289","C:/Users/Public/Experiments/SM01/05-WMC/MU/MU_results/MUsbj041.csv","study","1000","3","41","145474","146476"
"MU.osexp","C:\Users\Public\Experiments\SM01\05-WMC\MU","Tr2_study3.png","2","136289","C:/Users/Public/Experiments/SM01/05-WMC/MU/MU_results/MUsbj041.csv","study","1000","3","41","146854","147856"
"MU.osexp","C:\Users\Public\Experiments\SM01\05-WMC\MU","Tr2_update1.png","2","136289","C:/Users/Public/Experiments/SM01/05-WMC/MU/MU_results/MUsbj041.csv","update","1300","3","41","148228","149530"
"MU.osexp","C:\Users\Public\Experiments\SM01\05-WMC\MU","Tr2_update2.png","2","136289","C:/Users/Public/Experiments/SM01/05-WMC/MU/MU_results/MUsbj041.csv","update","1300","3","41","149878","151180"
"MU.osexp","C:\Users\Public\Experiments\SM01\05-WMC\MU","Tr2_update3.png","2","136289","C:/Users/Public/Experiments/SM01/05-WMC/MU/MU_results/MUsbj041.csv","update","1300","3","41","151555","152857"
"MU.osexp","C:\Users\Public\Experiments\SM01\05-WMC\MU","Tr2_test1.png","4","154761","C:/Users/Public/Experiments/SM01/05-WMC/MU/MU_results/MUsbj041.csv","test","0","3","41","153209","154762"
"MU.osexp","C:\Users\Public\Experiments\SM01\05-WMC\MU","Tr2_test2.png","6","156817","C:/Users/Public/Experiments/SM01/05-WMC/MU/MU_results/MUsbj041.csv","test","0","3","41","155878","156818"
"MU.osexp","C:\Users\Public\Experiments\SM01\05-WMC\MU","Tr2_test3.png","1","160257","C:/Users/Public/Experiments/SM01/05-WMC/MU/MU_results/MUsbj041.csv","test","0","3","41","157926","160257"
"MU.osexp","C:\Users\Public\Experiments\SM01\05-WMC\MU","ready2.png","1","160257","C:/Users/Public/Experiments/SM01/05-WMC/MU/MU_results/MUsbj041.csv","pre","0","3","41","175210","160257"
"MU.osexp","C:\Users\Public\Experiments\SM01\05-WMC\MU","fixation.png","1","160257","C:/Users/Public/Experiments/SM01/05-WMC/MU/MU_results/MUsbj041.csv","fix","1500","3","41","176883","160257"
"MU.osexp","C:\Users\Public\Experiments\SM01\05-WMC\MU","Tr3_study1.png","1","160257","C:/Users/Public/Experiments/SM01/05-WMC/MU/MU_results/MUsbj041.csv","study","1000","3","41","178538","179540"
"MU.osexp","C:\Users\Public\Experiments\SM01\05-WMC\MU","Tr3_study2.png","1","160257","C:/Users/Public/Experiments/SM01/05-WMC/MU/MU_results/MUsbj041.csv","study","1000","3","41","179907","180909"
"MU.osexp","C:\Users\Public\Experiments\SM01\05-WMC\MU","Tr3_study3.png","1","160257","C:/Users/Public/Experiments/SM01/05-WMC/MU/MU_results/MUsbj041.csv","study","1000","3","41","181264","182266"
"MU.osexp","C:\Users\Public\Experiments\SM01\05-WMC\MU","Tr3_update1.png","1","160257","C:/Users/Public/Experiments/SM01/05-WMC/MU/MU_results/MUsbj041.csv","update","1300","3","41","182621","183924"
"MU.osexp","C:\Users\Public\Experiments\SM01\05-WMC\MU","Tr3_update2.png","1","160257","C:/Users/Public/Experiments/SM01/05-WMC/MU/MU_results/MUsbj041.csv","update","1300","3","41","184296","185598"
"MU.osexp","C:\Users\Public\Experiments\SM01\05-WMC\MU","Tr3_update3.png","1","160257","C:/Users/Public/Experiments/SM01/05-WMC/MU/MU_results/MUsbj041.csv","update","1300","3","41","186085","187387"
"MU.osexp","C:\Users\Public\Experiments\SM01\05-WMC\MU","Tr3_test1.png","9","188873","C:/Users/Public/Experiments/SM01/05-WMC/MU/MU_results/MUsbj041.csv","test","0","3","41","187746","188874"
"MU.osexp","C:\Users\Public\Experiments\SM01\05-WMC\MU","Tr3_test2.png","7","190729","C:/Users/Public/Experiments/SM01/05-WMC/MU/MU_results/MUsbj041.csv","test","0","3","41","189997","190730"
"MU.osexp","C:\Users\Public\Experiments\SM01\05-WMC\MU","Tr3_test3.png","7","192129","C:/Users/Public/Experiments/SM01/05-WMC/MU/MU_results/MUsbj041.csv","test","0","3","41","191848","192130"
"MU.osexp","C:\Users\Public\Experiments\SM01\05-WMC\MU","wait.png","7","192129","C:/Users/Public/Experiments/SM01/05-WMC/MU/MU_results/MUsbj041.csv","wait","5000","4","41","193236","192130"
"MU.osexp","C:\Users\Public\Experiments\SM01\05-WMC\MU","fixation.png","7","192129","C:/Users/Public/Experiments/SM01/05-WMC/MU/MU_results/MUsbj041.csv","fix","1500","4","41","198362","192130"
"MU.osexp","C:\Users\Public\Experiments\SM01\05-WMC\MU","Tr4_study1.png","7","192129","C:/Users/Public/Experiments/SM01/05-WMC/MU/MU_results/MUsbj041.csv","study","1000","4","41","199986","200988"
"MU.osexp","C:\Users\Public\Experiments\SM01\05-WMC\MU","Tr4_study2.png","7","192129","C:/Users/Public/Experiments/SM01/05-WMC/MU/MU_results/MUsbj041.csv","study","1000","4","41","201440","202442"
"MU.osexp","C:\Users\Public\Experiments\SM01\05-WMC\MU","Tr4_study3.png","7","192129","C:/Users/Public/Experiments/SM01/05-WMC/MU/MU_results/MUsbj041.csv","study","1000","4","41","202808","203810"
"MU.osexp","C:\Users\Public\Experiments\SM01\05-WMC\MU","Tr4_study4.png","7","192129","C:/Users/Public/Experiments/SM01/05-WMC/MU/MU_results/MUsbj041.csv","study","1000","4","41","204158","205160"
"MU.osexp","C:\Users\Public\Experiments\SM01\05-WMC\MU","Tr4_update1.png","7","192129","C:/Users/Public/Experiments/SM01/05-WMC/MU/MU_results/MUsbj041.csv","update","1300","4","41","205520","206822"
"MU.osexp","C:\Users\Public\Experiments\SM01\05-WMC\MU","Tr4_update2.png","7","192129","C:/Users/Public/Experiments/SM01/05-WMC/MU/MU_results/MUsbj041.csv","update","1300","4","41","207208","208510"
"MU.osexp","C:\Users\Public\Experiments\SM01\05-WMC\MU","Tr4_update3.png","7","192129","C:/Users/Public/Experiments/SM01/05-WMC/MU/MU_results/MUsbj041.csv","update","1300","4","41","208873","210175"
"MU.osexp","C:\Users\Public\Experiments\SM01\05-WMC\MU","Tr4_update4.png","7","192129","C:/Users/Public/Experiments/SM01/05-WMC/MU/MU_results/MUsbj041.csv","update","1300","4","41","210537","211839"
"MU.osexp","C:\Users\Public\Experiments\SM01\05-WMC\MU","Tr4_test1.png","1","213505","C:/Users/Public/Experiments/SM01/05-WMC/MU/MU_results/MUsbj041.csv","test","0","4","41","212233","213506"
"MU.osexp","C:\Users\Public\Experiments\SM01\05-WMC\MU","Tr4_test2.png","7","219584","C:/Users/Public/Experiments/SM01/05-WMC/MU/MU_results/MUsbj041.csv","test","0","4","41","214613","219585"
"MU.osexp","C:\Users\Public\Experiments\SM01\05-WMC\MU","Tr4_test3.png","3","222121","C:/Users/Public/Experiments/SM01/05-WMC/MU/MU_results/MUsbj041.csv","test","0","4","41","220715","222122"
"MU.osexp","C:\Users\Public\Experiments\SM01\05-WMC\MU","Tr4_test4.png","7","225409","C:/Users/Public/Experiments/SM01/05-WMC/MU/MU_results/MUsbj041.csv","test","0","4","41","223242","225410"
"MU.osexp","C:\Users\Public\Experiments\SM01\05-WMC\MU","wait.png","7","225409","C:/Users/Public/Experiments/SM01/05-WMC/MU/MU_results/MUsbj041.csv","wait","5000","3","41","226500","225410"
"MU.osexp","C:\Users\Public\Experiments\SM01\05-WMC\MU","fixation.png","7","225409","C:/Users/Public/Experiments/SM01/05-WMC/MU/MU_results/MUsbj041.csv","fix","1500","3","41","231604","225410"
"MU.osexp","C:\Users\Public\Experiments\SM01\05-WMC\MU","Tr5_study1.png","7","225409","C:/Users/Public/Experiments/SM01/05-WMC/MU/MU_results/MUsbj041.csv","study","1000","3","41","233229","234231"
"MU.osexp","C:\Users\Public\Experiments\SM01\05-WMC\MU","Tr5_study2.png","7","225409","C:/Users/Public/Experiments/SM01/05-WMC/MU/MU_results/MUsbj041.csv","study","1000","3","41","234588","235590"
"MU.osexp","C:\Users\Public\Experiments\SM01\05-WMC\MU","Tr5_study3.png","7","225409","C:/Users/Public/Experiments/SM01/05-WMC/MU/MU_results/MUsbj041.csv","study","1000","3","41","235974","236976"
"MU.osexp","C:\Users\Public\Experiments\SM01\05-WMC\MU","Tr5_update1.png","7","225409","C:/Users/Public/Experiments/SM01/05-WMC/MU/MU_results/MUsbj041.csv","update","1300","3","41","237358","238661"
"MU.osexp","C:\Users\Public\Experiments\SM01\05-WMC\MU","Tr5_update2.png","7","225409","C:/Users/Public/Experiments/SM01/05-WMC/MU/MU_results/MUsbj041.csv","update","1300","3","41","239020","240322"
"MU.osexp","C:\Users\Public\Experiments\SM01\05-WMC\MU","Tr5_update3.png","7","225409","C:/Users/Public/Experiments/SM01/05-WMC/MU/MU_results/MUsbj041.csv","update","1300","3","41","240709","242011"
"MU.osexp","C:\Users\Public\Experiments\SM01\05-WMC\MU","Tr5_update4.png","7","225409","C:/Users/Public/Experiments/SM01/05-WMC/MU/MU_results/MUsbj041.csv","update","1300","3","41","242428","243730"
"MU.osexp","C:\Users\Public\Experiments\SM01\05-WMC\MU","Tr5_update5.png","7","225409","C:/Users/Public/Experiments/SM01/05-WMC/MU/MU_results/MUsbj041.csv","update","1300","3","41","244089","245391"
"MU.osexp","C:\Users\Public\Experiments\SM01\05-WMC\MU","Tr5_update6.png","7","225409","C:/Users/Public/Experiments/SM01/05-WMC/MU/MU_results/MUsbj041.csv","update","1300","3","41","245765","247067"
"MU.osexp","C:\Users\Public\Experiments\SM01\05-WMC\MU","Tr5_test1.png","4","249409","C:/Users/Public/Experiments/SM01/05-WMC/MU/MU_results/MUsbj041.csv","test","0","3","41","247419","249409"
"MU.osexp","C:\Users\Public\Experiments\SM01\05-WMC\MU","Tr5_test2.png","5","251976","C:/Users/Public/Experiments/SM01/05-WMC/MU/MU_results/MUsbj041.csv","test","0","3","41","250528","251977"
"MU.osexp","C:\Users\Public\Experiments\SM01\05-WMC\MU","Tr5_test3.png","3","253416","C:/Users/Public/Experiments/SM01/05-WMC/MU/MU_results/MUsbj041.csv","test","0","3","41","253096","253417"
"MU.osexp","C:\Users\Public\Experiments\SM01\05-WMC\MU","wait.png","3","253416","C:/Users/Public/Experiments/SM01/05-WMC/MU/MU_results/MUsbj041.csv","wait","5000","4","41","254535","253417"
"MU.osexp","C:\Users\Public\Experiments\SM01\05-WMC\MU","fixation.png","3","253416","C:/Users/Public/Experiments/SM01/05-WMC/MU/MU_results/MUsbj041.csv","fix","1500","4","41","259656","253417"
"MU.osexp","C:\Users\Public\Experiments\SM01\05-WMC\MU","Tr6_study1.png","3","253416","C:/Users/Public/Experiments/SM01/05-WMC/MU/MU_results/MUsbj041.csv","study","1000","4","41","261275","262277"
"MU.osexp","C:\Users\Public\Experiments\SM01\05-WMC\MU","Tr6_study2.png","3","253416","C:/Users/Public/Experiments/SM01/05-WMC/MU/MU_results/MUsbj041.csv","study","1000","4","41","262635","263638"
"MU.osexp","C:\Users\Public\Experiments\SM01\05-WMC\MU","Tr6_study3.png","3","253416","C:/Users/Public/Experiments/SM01/05-WMC/MU/MU_results/MUsbj041.csv","study","1000","4","41","264004","265006"
"MU.osexp","C:\Users\Public\Experiments\SM01\05-WMC\MU","Tr6_study4.png","3","253416","C:/Users/Public/Experiments/SM01/05-WMC/MU/MU_results/MUsbj041.csv","study","1000","4","41","265377","266379"
"MU.osexp","C:\Users\Public\Experiments\SM01\05-WMC\MU","Tr6_update1.png","3","253416","C:/Users/Public/Experiments/SM01/05-WMC/MU/MU_results/MUsbj041.csv","update","1300","4","41","266755","268057"
"MU.osexp","C:\Users\Public\Experiments\SM01\05-WMC\MU","Tr6_update2.png","3","253416","C:/Users/Public/Experiments/SM01/05-WMC/MU/MU_results/MUsbj041.csv","update","1300","4","41","268407","269709"
"MU.osexp","C:\Users\Public\Experiments\SM01\05-WMC\MU","Tr6_update3.png","3","253416","C:/Users/Public/Experiments/SM01/05-WMC/MU/MU_results/MUsbj041.csv","update","1300","4","41","270062","271365"
"MU.osexp","C:\Users\Public\Experiments\SM01\05-WMC\MU","Tr6_update4.png","3","253416","C:/Users/Public/Experiments/SM01/05-WMC/MU/MU_results/MUsbj041.csv","update","1300","4","41","271694","272996"
"MU.osexp","C:\Users\Public\Experiments\SM01\05-WMC\MU","Tr6_update5.png","3","253416","C:/Users/Public/Experiments/SM01/05-WMC/MU/MU_results/MUsbj041.csv","update","1300","4","41","273367","274669"
"MU.osexp","C:\Users\Public\Experiments\SM01\05-WMC\MU","Tr6_test1.png","6","276545","C:/Users/Public/Experiments/SM01/05-WMC/MU/MU_results/MUsbj041.csv","test","0","4","41","275022","276546"
"MU.osexp","C:\Users\Public\Experiments\SM01\05-WMC\MU","Tr6_test2.png","2","278633","C:/Users/Public/Experiments/SM01/05-WMC/MU/MU_results/MUsbj041.csv","test","0","4","41","277652","278634"
"MU.osexp","C:\Users\Public\Experiments\SM01\05-WMC\MU","Tr6_test3.png","6","281593","C:/Users/Public/Experiments/SM01/05-WMC/MU/MU_results/MUsbj041.csv","test","0","4","41","279756","281594"
"MU.osexp","C:\Users\Public\Experiments\SM01\05-WMC\MU","Tr6_test4.png","8","283305","C:/Users/Public/Experiments/SM01/05-WMC/MU/MU_results/MUsbj041.csv","test","0","4","41","282678","283306"
"MU.osexp","C:\Users\Public\Experiments\SM01\05-WMC\MU","wait.png","8","283305","C:/Users/Public/Experiments/SM01/05-WMC/MU/MU_results/MUsbj041.csv","wait","5000","5","41","284404","283306"
"MU.osexp","C:\Users\Public\Experiments\SM01\05-WMC\MU","fixation.png","8","283305","C:/Users/Public/Experiments/SM01/05-WMC/MU/MU_results/MUsbj041.csv","fix","1500","5","41","289486","283306"
"MU.osexp","C:\Users\Public\Experiments\SM01\05-WMC\MU","Tr7_study1.png","8","283305","C:/Users/Public/Experiments/SM01/05-WMC/MU/MU_results/MUsbj041.csv","study","1000","5","41","291102","292104"
"MU.osexp","C:\Users\Public\Experiments\SM01\05-WMC\MU","Tr7_study2.png","8","283305","C:/Users/Public/Experiments/SM01/05-WMC/MU/MU_results/MUsbj041.csv","study","1000","5","41","292470","293472"
"MU.osexp","C:\Users\Public\Experiments\SM01\05-WMC\MU","Tr7_study3.png","8","283305","C:/Users/Public/Experiments/SM01/05-WMC/MU/MU_results/MUsbj041.csv","study","1000","5","41","293855","294857"
"MU.osexp","C:\Users\Public\Experiments\SM01\05-WMC\MU","Tr7_study4.png","8","283305","C:/Users/Public/Experiments/SM01/05-WMC/MU/MU_results/MUsbj041.csv","study","1000","5","41","295245","296248"
"MU.osexp","C:\Users\Public\Experiments\SM01\05-WMC\MU","Tr7_study5.png","8","283305","C:/Users/Public/Experiments/SM01/05-WMC/MU/MU_results/MUsbj041.csv","study","1000","5","41","296624","297626"
"MU.osexp","C:\Users\Public\Experiments\SM01\05-WMC\MU","Tr7_update1.png","8","283305","C:/Users/Public/Experiments/SM01/05-WMC/MU/MU_results/MUsbj041.csv","update","1300","5","41","297985","299287"
"MU.osexp","C:\Users\Public\Experiments\SM01\05-WMC\MU","Tr7_update2.png","8","283305","C:/Users/Public/Experiments/SM01/05-WMC/MU/MU_results/MUsbj041.csv","update","1300","5","41","299668","300970"
"MU.osexp","C:\Users\Public\Experiments\SM01\05-WMC\MU","Tr7_update3.png","8","283305","C:/Users/Public/Experiments/SM01/05-WMC/MU/MU_results/MUsbj041.csv","update","1300","5","41","301301","302603"
"MU.osexp","C:\Users\Public\Experiments\SM01\05-WMC\MU","Tr7_update4.png","8","283305","C:/Users/Public/Experiments/SM01/05-WMC/MU/MU_results/MUsbj041.csv","update","1300","5","41","302966","304268"
"MU.osexp","C:\Users\Public\Experiments\SM01\05-WMC\MU","Tr7_update5.png","8","283305","C:/Users/Public/Experiments/SM01/05-WMC/MU/MU_results/MUsbj041.csv","update","1300","5","41","304639","305941"
"MU.osexp","C:\Users\Public\Experiments\SM01\05-WMC\MU","Tr7_test1.png","2","316057","C:/Users/Public/Experiments/SM01/05-WMC/MU/MU_results/MUsbj041.csv","test","0","5","41","306289","316058"
"MU.osexp","C:\Users\Public\Experiments\SM01\05-WMC\MU","Tr7_test2.png","3","318153","C:/Users/Public/Experiments/SM01/05-WMC/MU/MU_results/MUsbj041.csv","test","0","5","41","317160","318154"
"MU.osexp","C:\Users\Public\Experiments\SM01\05-WMC\MU","Tr7_test3.png","5","320665","C:/Users/Public/Experiments/SM01/05-WMC/MU/MU_results/MUsbj041.csv","test","0","5","41","319239","320665"
"MU.osexp","C:\Users\Public\Experiments\SM01\05-WMC\MU","Tr7_test4.png","1","322832","C:/Users/Public/Experiments/SM01/05-WMC/MU/MU_results/MUsbj041.csv","test","0","5","41","321793","322833"
"MU.osexp","C:\Users\Public\Experiments\SM01\05-WMC\MU","Tr7_test5.png","2","324536","C:/Users/Public/Experiments/SM01/05-WMC/MU/MU_results/MUsbj041.csv","test","0","5","41","323965","324537"
"MU.osexp","C:\Users\Public\Experiments\SM01\05-WMC\MU","wait.png","2","324536","C:/Users/Public/Experiments/SM01/05-WMC/MU/MU_results/MUsbj041.csv","wait","5000","4","41","325655","324537"
"MU.osexp","C:\Users\Public\Experiments\SM01\05-WMC\MU","fixation.png","2","324536","C:/Users/Public/Experiments/SM01/05-WMC/MU/MU_results/MUsbj041.csv","fix","1500","4","41","330775","324537"
"MU.osexp","C:\Users\Public\Experiments\SM01\05-WMC\MU","Tr8_study1.png","2","324536","C:/Users/Public/Experiments/SM01/05-WMC/MU/MU_results/MUsbj041.csv","study","1000","4","41","332382","333384"
"MU.osexp","C:\Users\Public\Experiments\SM01\05-WMC\MU","Tr8_study2.png","2","324536","C:/Users/Public/Experiments/SM01/05-WMC/MU/MU_results/MUsbj041.csv","study","1000","4","41","333761","334763"
"MU.osexp","C:\Users\Public\Experiments\SM01\05-WMC\MU","Tr8_study3.png","2","324536","C:/Users/Public/Experiments/SM01/05-WMC/MU/MU_results/MUsbj041.csv","study","1000","4","41","335138","336140"
"MU.osexp","C:\Users\Public\Experiments\SM01\05-WMC\MU","Tr8_study4.png","2","324536","C:/Users/Public/Experiments/SM01/05-WMC/MU/MU_results/MUsbj041.csv","study","1000","4","41","336526","337528"
"MU.osexp","C:\Users\Public\Experiments\SM01\05-WMC\MU","Tr8_update1.png","2","324536","C:/Users/Public/Experiments/SM01/05-WMC/MU/MU_results/MUsbj041.csv","update","1300","4","41","337930","339232"
"MU.osexp","C:\Users\Public\Experiments\SM01\05-WMC\MU","Tr8_update2.png","2","324536","C:/Users/Public/Experiments/SM01/05-WMC/MU/MU_results/MUsbj041.csv","update","1300","4","41","339566","340868"
"MU.osexp","C:\Users\Public\Experiments\SM01\05-WMC\MU","Tr8_update3.png","2","324536","C:/Users/Public/Experiments/SM01/05-WMC/MU/MU_results/MUsbj041.csv","update","1300","4","41","341200","342502"
"MU.osexp","C:\Users\Public\Experiments\SM01\05-WMC\MU","Tr8_test1.png","2","355665","C:/Users/Public/Experiments/SM01/05-WMC/MU/MU_results/MUsbj041.csv","test","0","4","41","342835","355666"
"MU.osexp","C:\Users\Public\Experiments\SM01\05-WMC\MU","Tr8_test2.png","4","359080","C:/Users/Public/Experiments/SM01/05-WMC/MU/MU_results/MUsbj041.csv","test","0","4","41","356793","359081"
"MU.osexp","C:\Users\Public\Experiments\SM01\05-WMC\MU","Tr8_test3.png","9","361017","C:/Users/Public/Experiments/SM01/05-WMC/MU/MU_results/MUsbj041.csv","test","0","4","41","360186","361018"
"MU.osexp","C:\Users\Public\Experiments\SM01\05-WMC\MU","Tr8_test4.png","2","362769","C:/Users/Public/Experiments/SM01/05-WMC/MU/MU_results/MUsbj041.csv","test","0","4","41","362135","362770"
"MU.osexp","C:\Users\Public\Experiments\SM01\05-WMC\MU","wait.png","2","362769","C:/Users/Public/Experiments/SM01/05-WMC/MU/MU_results/MUsbj041.csv","wait","5000","5","41","363873","362770"
"MU.osexp","C:\Users\Public\Experiments\SM01\05-WMC\MU","fixation.png","2","362769","C:/Users/Public/Experiments/SM01/05-WMC/MU/MU_results/MUsbj041.csv","fix","1500","5","41","368991","362770"
"MU.osexp","C:\Users\Public\Experiments\SM01\05-WMC\MU","Tr9_study1.png","2","362769","C:/Users/Public/Experiments/SM01/05-WMC/MU/MU_results/MUsbj041.csv","study","1000","5","41","370602","371604"
"MU.osexp","C:\Users\Public\Experiments\SM01\05-WMC\MU","Tr9_study2.png","2","362769","C:/Users/Public/Experiments/SM01/05-WMC/MU/MU_results/MUsbj041.csv","study","1000","5","41","372068","373070"
"MU.osexp","C:\Users\Public\Experiments\SM01\05-WMC\MU","Tr9_study3.png","2","362769","C:/Users/Public/Experiments/SM01/05-WMC/MU/MU_results/MUsbj041.csv","study","1000","5","41","373419","374422"
"MU.osexp","C:\Users\Public\Experiments\SM01\05-WMC\MU","Tr9_study4.png","2","362769","C:/Users/Public/Experiments/SM01/05-WMC/MU/MU_results/MUsbj041.csv","study","1000","5","41","374768","375770"
"MU.osexp","C:\Users\Public\Experiments\SM01\05-WMC\MU","Tr9_study5.png","2","362769","C:/Users/Public/Experiments/SM01/05-WMC/MU/MU_results/MUsbj041.csv","study","1000","5","41","376095","377097"
"MU.osexp","C:\Users\Public\Experiments\SM01\05-WMC\MU","Tr9_update1.png","2","362769","C:/Users/Public/Experiments/SM01/05-WMC/MU/MU_results/MUsbj041.csv","update","1300","5","41","377466","378768"
"MU.osexp","C:\Users\Public\Experiments\SM01\05-WMC\MU","Tr9_update2.png","2","362769","C:/Users/Public/Experiments/SM01/05-WMC/MU/MU_results/MUsbj041.csv","update","1300","5","41","379095","380397"
"MU.osexp","C:\Users\Public\Experiments\SM01\05-WMC\MU","Tr9_test1.png","2","392488","C:/Users/Public/Experiments/SM01/05-WMC/MU/MU_results/MUsbj041.csv","test","0","5","41","380775","392490"
"MU.osexp","C:\Users\Public\Experiments\SM01\05-WMC\MU","Tr9_test2.png","6","395169","C:/Users/Public/Experiments/SM01/05-WMC/MU/MU_results/MUsbj041.csv","test","0","5","41","393758","395170"
"MU.osexp","C:\Users\Public\Experiments\SM01\05-WMC\MU","Tr9_test3.png","5","397145","C:/Users/Public/Experiments/SM01/05-WMC/MU/MU_results/MUsbj041.csv","test","0","5","41","396360","397146"
"MU.osexp","C:\Users\Public\Experiments\SM01\05-WMC\MU","Tr9_test4.png","4","399065","C:/Users/Public/Experiments/SM01/05-WMC/MU/MU_results/MUsbj041.csv","test","0","5","41","398217","399066"
"MU.osexp","C:\Users\Public\Experiments\SM01\05-WMC\MU","Tr9_test5.png","5","405761","C:/Users/Public/Experiments/SM01/05-WMC/MU/MU_results/MUsbj041.csv","test","0","5","41","400481","405762"
"MU.osexp","C:\Users\Public\Experiments\SM01\05-WMC\MU","wait.png","5","405761","C:/Users/Public/Experiments/SM01/05-WMC/MU/MU_results/MUsbj041.csv","wait","5000","3","41","407309","405762"
"MU.osexp","C:\Users\Public\Experiments\SM01\05-WMC\MU","fixation.png","5","405761","C:/Users/Public/Experiments/SM01/05-WMC/MU/MU_results/MUsbj041.csv","fix","1500","3","41","412788","405762"
"MU.osexp","C:\Users\Public\Experiments\SM01\05-WMC\MU","Tr10_study1.png","5","405761","C:/Users/Public/Experiments/SM01/05-WMC/MU/MU_results/MUsbj041.csv","study","1000","3","41","414389","415389"
"MU.osexp","C:\Users\Public\Experiments\SM01\05-WMC\MU","Tr10_study2.png","5","405761","C:/Users/Public/Experiments/SM01/05-WMC/MU/MU_results/MUsbj041.csv","study","1000","3","41","415779","416779"
"MU.osexp","C:\Users\Public\Experiments\SM01\05-WMC\MU","Tr10_study3.png","5","405761","C:/Users/Public/Experiments/SM01/05-WMC/MU/MU_results/MUsbj041.csv","study","1000","3","41","417140","418141"
"MU.osexp","C:\Users\Public\Experiments\SM01\05-WMC\MU","Tr10_update1.png","5","405761","C:/Users/Public/Experiments/SM01/05-WMC/MU/MU_results/MUsbj041.csv","update","1300","3","41","418472","419773"
"MU.osexp","C:\Users\Public\Experiments\SM01\05-WMC\MU","Tr10_update2.png","5","405761","C:/Users/Public/Experiments/SM01/05-WMC/MU/MU_results/MUsbj041.csv","update","1300","3","41","420094","421394"
"MU.osexp","C:\Users\Public\Experiments\SM01\05-WMC\MU","Tr10_test1.png","5","422977","C:/Users/Public/Experiments/SM01/05-WMC/MU/MU_results/MUsbj041.csv","test","0","3","41","421803","422978"
"MU.osexp","C:\Users\Public\Experiments\SM01\05-WMC\MU","Tr10_test2.png","2","426161","C:/Users/Public/Experiments/SM01/05-WMC/MU/MU_results/MUsbj041.csv","test","0","3","41","424069","426161"
"MU.osexp","C:\Users\Public\Experiments\SM01\05-WMC\MU","Tr10_test3.png","4","427800","C:/Users/Public/Experiments/SM01/05-WMC/MU/MU_results/MUsbj041.csv","test","0","3","41","427517","427801"
"MU.osexp","C:\Users\Public\Experiments\SM01\05-WMC\MU","wait.png","4","427800","C:/Users/Public/Experiments/SM01/05-WMC/MU/MU_results/MUsbj041.csv","wait","5000","5","41","428868","427801"
"MU.osexp","C:\Users\Public\Experiments\SM01\05-WMC\MU","fixation.png","4","427800","C:/Users/Public/Experiments/SM01/05-WMC/MU/MU_results/MUsbj041.csv","fix","1500","5","41","433952","427801"
"MU.osexp","C:\Users\Public\Experiments\SM01\05-WMC\MU","Tr11_study1.png","4","427800","C:/Users/Public/Experiments/SM01/05-WMC/MU/MU_results/MUsbj041.csv","study","1000","5","41","435663","436663"
"MU.osexp","C:\Users\Public\Experiments\SM01\05-WMC\MU","Tr11_study2.png","4","427800","C:/Users/Public/Experiments/SM01/05-WMC/MU/MU_results/MUsbj041.csv","study","1000","5","41","436996","437996"
"MU.osexp","C:\Users\Public\Experiments\SM01\05-WMC\MU","Tr11_study3.png","4","427800","C:/Users/Public/Experiments/SM01/05-WMC/MU/MU_results/MUsbj041.csv","study","1000","5","41","438329","439329"
"MU.osexp","C:\Users\Public\Experiments\SM01\05-WMC\MU","Tr11_study4.png","4","427800","C:/Users/Public/Experiments/SM01/05-WMC/MU/MU_results/MUsbj041.csv","study","1000","5","41","439725","440725"
"MU.osexp","C:\Users\Public\Experiments\SM01\05-WMC\MU","Tr11_study5.png","4","427800","C:/Users/Public/Experiments/SM01/05-WMC/MU/MU_results/MUsbj041.csv","study","1000","5","41","441039","442039"
"MU.osexp","C:\Users\Public\Experiments\SM01\05-WMC\MU","Tr11_update1.png","4","427800","C:/Users/Public/Experiments/SM01/05-WMC/MU/MU_results/MUsbj041.csv","update","1300","5","41","442371","443671"
"MU.osexp","C:\Users\Public\Experiments\SM01\05-WMC\MU","Tr11_update2.png","4","427800","C:/Users/Public/Experiments/SM01/05-WMC/MU/MU_results/MUsbj041.csv","update","1300","5","41","444087","445388"
"MU.osexp","C:\Users\Public\Experiments\SM01\05-WMC\MU","Tr11_update3.png","4","427800","C:/Users/Public/Experiments/SM01/05-WMC/MU/MU_results/MUsbj041.csv","update","1300","5","41","445722","447024"
"MU.osexp","C:\Users\Public\Experiments\SM01\05-WMC\MU","Tr11_test1.png","1","452657","C:/Users/Public/Experiments/SM01/05-WMC/MU/MU_results/MUsbj041.csv","test","0","5","41","447637","452658"
"MU.osexp","C:\Users\Public\Experiments\SM01\05-WMC\MU","Tr11_test2.png","2","454697","C:/Users/Public/Experiments/SM01/05-WMC/MU/MU_results/MUsbj041.csv","test","0","5","41","453834","454698"
"MU.osexp","C:\Users\Public\Experiments\SM01\05-WMC\MU","Tr11_test3.png","5","457217","C:/Users/Public/Experiments/SM01/05-WMC/MU/MU_results/MUsbj041.csv","test","0","5","41","455873","457218"
"MU.osexp","C:\Users\Public\Experiments\SM01\05-WMC\MU","Tr11_test4.png","6","459641","C:/Users/Public/Experiments/SM01/05-WMC/MU/MU_results/MUsbj041.csv","test","0","5","41","458342","459642"
"MU.osexp","C:\Users\Public\Experiments\SM01\05-WMC\MU","Tr11_test5.png","4","464616","C:/Users/Public/Experiments/SM01/05-WMC/MU/MU_results/MUsbj041.csv","test","0","5","41","460766","464617"
"MU.osexp","C:\Users\Public\Experiments\SM01\05-WMC\MU","wait.png","4","464616","C:/Users/Public/Experiments/SM01/05-WMC/MU/MU_results/MUsbj041.csv","wait","5000","3","41","465727","464617"
"MU.osexp","C:\Users\Public\Experiments\SM01\05-WMC\MU","fixation.png","4","464616","C:/Users/Public/Experiments/SM01/05-WMC/MU/MU_results/MUsbj041.csv","fix","1500","3","41","470838","464617"
"MU.osexp","C:\Users\Public\Experiments\SM01\05-WMC\MU","Tr12_study1.png","4","464616","C:/Users/Public/Experiments/SM01/05-WMC/MU/MU_results/MUsbj041.csv","study","1000","3","41","472464","473466"
"MU.osexp","C:\Users\Public\Experiments\SM01\05-WMC\MU","Tr12_study2.png","4","464616","C:/Users/Public/Experiments/SM01/05-WMC/MU/MU_results/MUsbj041.csv","study","1000","3","41","473901","474904"
"MU.osexp","C:\Users\Public\Experiments\SM01\05-WMC\MU","Tr12_study3.png","4","464616","C:/Users/Public/Experiments/SM01/05-WMC/MU/MU_results/MUsbj041.csv","study","1000","3","41","475389","476391"
"MU.osexp","C:\Users\Public\Experiments\SM01\05-WMC\MU","Tr12_update1.png","4","464616","C:/Users/Public/Experiments/SM01/05-WMC/MU/MU_results/MUsbj041.csv","update","1300","3","41","476736","478038"
"MU.osexp","C:\Users\Public\Experiments\SM01\05-WMC\MU","Tr12_update2.png","4","464616","C:/Users/Public/Experiments/SM01/05-WMC/MU/MU_results/MUsbj041.csv","update","1300","3","41","478400","479702"
"MU.osexp","C:\Users\Public\Experiments\SM01\05-WMC\MU","Tr12_update3.png","4","464616","C:/Users/Public/Experiments/SM01/05-WMC/MU/MU_results/MUsbj041.csv","update","1300","3","41","480069","481371"
"MU.osexp","C:\Users\Public\Experiments\SM01\05-WMC\MU","Tr12_update4.png","4","464616","C:/Users/Public/Experiments/SM01/05-WMC/MU/MU_results/MUsbj041.csv","update","1300","3","41","481864","483166"
"MU.osexp","C:\Users\Public\Experiments\SM01\05-WMC\MU","Tr12_update5.png","4","464616","C:/Users/Public/Experiments/SM01/05-WMC/MU/MU_results/MUsbj041.csv","update","1300","3","41","483496","484798"
"MU.osexp","C:\Users\Public\Experiments\SM01\05-WMC\MU","Tr12_test1.png","4","486409","C:/Users/Public/Experiments/SM01/05-WMC/MU/MU_results/MUsbj041.csv","test","0","3","41","485167","486410"
"MU.osexp","C:\Users\Public\Experiments\SM01\05-WMC\MU","Tr12_test2.png","9","489265","C:/Users/Public/Experiments/SM01/05-WMC/MU/MU_results/MUsbj041.csv","test","0","3","41","487523","489266"
"MU.osexp","C:\Users\Public\Experiments\SM01\05-WMC\MU","Tr12_test3.png","5","495433","C:/Users/Public/Experiments/SM01/05-WMC/MU/MU_results/MUsbj041.csv","test","0","3","41","490398","495434"
"MU.osexp","C:\Users\Public\Experiments\SM01\05-WMC\MU","wait.png","5","495433","C:/Users/Public/Experiments/SM01/05-WMC/MU/MU_results/MUsbj041.csv","wait","5000","3","41","496565","495434"
"MU.osexp","C:\Users\Public\Experiments\SM01\05-WMC\MU","fixation.png","5","495433","C:/Users/Public/Experiments/SM01/05-WMC/MU/MU_results/MUsbj041.csv","fix","1500","3","41","501674","495434"
"MU.osexp","C:\Users\Public\Experiments\SM01\05-WMC\MU","Tr13_study1.png","5","495433","C:/Users/Public/Experiments/SM01/05-WMC/MU/MU_results/MUsbj041.csv","study","1000","3","41","503327","504329"
"MU.osexp","C:\Users\Public\Experiments\SM01\05-WMC\MU","Tr13_study2.png","5","495433","C:/Users/Public/Experiments/SM01/05-WMC/MU/MU_results/MUsbj041.csv","study","1000","3","41","504680","505682"
"MU.osexp","C:\Users\Public\Experiments\SM01\05-WMC\MU","Tr13_study3.png","5","495433","C:/Users/Public/Experiments/SM01/05-WMC/MU/MU_results/MUsbj041.csv","study","1000","3","41","506046","507048"
"MU.osexp","C:\Users\Public\Experiments\SM01\05-WMC\MU","Tr13_update1.png","5","495433","C:/Users/Public/Experiments/SM01/05-WMC/MU/MU_results/MUsbj041.csv","update","1300","3","41","507390","508692"
"MU.osexp","C:\Users\Public\Experiments\SM01\05-WMC\MU","Tr13_update2.png","5","495433","C:/Users/Public/Experiments/SM01/05-WMC/MU/MU_results/MUsbj041.csv","update","1300","3","41","509087","510389"
"MU.osexp","C:\Users\Public\Experiments\SM01\05-WMC\MU","Tr13_update3.png","5","495433","C:/Users/Public/Experiments/SM01/05-WMC/MU/MU_results/MUsbj041.csv","update","1300","3","41","510827","512129"
"MU.osexp","C:\Users\Public\Experiments\SM01\05-WMC\MU","Tr13_update4.png","5","495433","C:/Users/Public/Experiments/SM01/05-WMC/MU/MU_results/MUsbj041.csv","update","1300","3","41","512492","513794"
"MU.osexp","C:\Users\Public\Experiments\SM01\05-WMC\MU","Tr13_test1.png","3","515481","C:/Users/Public/Experiments/SM01/05-WMC/MU/MU_results/MUsbj041.csv","test","0","3","41","514159","515482"
"MU.osexp","C:\Users\Public\Experiments\SM01\05-WMC\MU","Tr13_test2.png","1","517320","C:/Users/Public/Experiments/SM01/05-WMC/MU/MU_results/MUsbj041.csv","test","0","3","41","516617","517321"
"MU.osexp","C:\Users\Public\Experiments\SM01\05-WMC\MU","Tr13_test3.png","5","518673","C:/Users/Public/Experiments/SM01/05-WMC/MU/MU_results/MUsbj041.csv","test","0","3","41","518418","518674"
"MU.osexp","C:\Users\Public\Experiments\SM01\05-WMC\MU","wait.png","5","518673","C:/Users/Public/Experiments/SM01/05-WMC/MU/MU_results/MUsbj041.csv","wait","5000","5","41","519783","518674"
"MU.osexp","C:\Users\Public\Experiments\SM01\05-WMC\MU","fixation.png","5","518673","C:/Users/Public/Experiments/SM01/05-WMC/MU/MU_results/MUsbj041.csv","fix","1500","5","41","524877","518674"
"MU.osexp","C:\Users\Public\Experiments\SM01\05-WMC\MU","Tr14_study1.png","5","518673","C:/Users/Public/Experiments/SM01/05-WMC/MU/MU_results/MUsbj041.csv","study","1000","5","41","526459","527461"
"MU.osexp","C:\Users\Public\Experiments\SM01\05-WMC\MU","Tr14_study2.png","5","518673","C:/Users/Public/Experiments/SM01/05-WMC/MU/MU_results/MUsbj041.csv","study","1000","5","41","527822","528824"
"MU.osexp","C:\Users\Public\Experiments\SM01\05-WMC\MU","Tr14_study3.png","5","518673","C:/Users/Public/Experiments/SM01/05-WMC/MU/MU_results/MUsbj041.csv","study","1000","5","41","529159","530161"
"MU.osexp","C:\Users\Public\Experiments\SM01\05-WMC\MU","Tr14_study4.png","5","518673","C:/Users/Public/Experiments/SM01/05-WMC/MU/MU_results/MUsbj041.csv","study","1000","5","41","530524","531526"
"MU.osexp","C:\Users\Public\Experiments\SM01\05-WMC\MU","Tr14_study5.png","5","518673","C:/Users/Public/Experiments/SM01/05-WMC/MU/MU_results/MUsbj041.csv","study","1000","5","41","531892","532894"
"MU.osexp","C:\Users\Public\Experiments\SM01\05-WMC\MU","Tr14_update1.png","5","518673","C:/Users/Public/Experiments/SM01/05-WMC/MU/MU_results/MUsbj041.csv","update","1300","5","41","533249","534551"
"MU.osexp","C:\Users\Public\Experiments\SM01\05-WMC\MU","Tr14_update2.png","5","518673","C:/Users/Public/Experiments/SM01/05-WMC/MU/MU_results/MUsbj041.csv","update","1300","5","41","534921","536223"
"MU.osexp","C:\Users\Public\Experiments\SM01\05-WMC\MU","Tr14_update3.png","5","518673","C:/Users/Public/Experiments/SM01/05-WMC/MU/MU_results/MUsbj041.csv","update","1300","5","41","536574","537876"
"MU.osexp","C:\Users\Public\Experiments\SM01\05-WMC\MU","Tr14_update4.png","5","518673","C:/Users/Public/Experiments/SM01/05-WMC/MU/MU_results/MUsbj041.csv","update","1300","5","41","538235","539537"
"MU.osexp","C:\Users\Public\Experiments\SM01\05-WMC\MU","Tr14_test1.png","8","541201","C:/Users/Public/Experiments/SM01/05-WMC/MU/MU_results/MUsbj041.csv","test","0","5","41","539888","541202"
"MU.osexp","C:\Users\Public\Experiments\SM01\05-WMC\MU","Tr14_test2.png","7","543417","C:/Users/Public/Experiments/SM01/05-WMC/MU/MU_results/MUsbj041.csv","test","0","5","41","542348","543418"
"MU.osexp","C:\Users\Public\Experiments\SM01\05-WMC\MU","Tr14_test3.png","3","545377","C:/Users/Public/Experiments/SM01/05-WMC/MU/MU_results/MUsbj041.csv","test","0","5","41","544520","545378"
"MU.osexp","C:\Users\Public\Experiments\SM01\05-WMC\MU","Tr14_test4.png","5","555441","C:/Users/Public/Experiments/SM01/05-WMC/MU/MU_results/MUsbj041.csv","test","0","5","41","546627","555442"
"MU.osexp","C:\Users\Public\Experiments\SM01\05-WMC\MU","Tr14_test5.png","8","556993","C:/Users/Public/Experiments/SM01/05-WMC/MU/MU_results/MUsbj041.csv","test","0","5","41","556593","556994"
"MU.osexp","C:\Users\Public\Experiments\SM01\05-WMC\MU","wait.png","8","556993","C:/Users/Public/Experiments/SM01/05-WMC/MU/MU_results/MUsbj041.csv","wait","5000","4","41","558095","556994"
"MU.osexp","C:\Users\Public\Experiments\SM01\05-WMC\MU","fixation.png","8","556993","C:/Users/Public/Experiments/SM01/05-WMC/MU/MU_results/MUsbj041.csv","fix","1500","4","41","563224","556994"
"MU.osexp","C:\Users\Public\Experiments\SM01\05-WMC\MU","Tr15_study1.png","8","556993","C:/Users/Public/Experiments/SM01/05-WMC/MU/MU_results/MUsbj041.csv","study","1000","4","41","564846","565848"
"MU.osexp","C:\Users\Public\Experiments\SM01\05-WMC\MU","Tr15_study2.png","8","556993","C:/Users/Public/Experiments/SM01/05-WMC/MU/MU_results/MUsbj041.csv","study","1000","4","41","566224","567226"
"MU.osexp","C:\Users\Public\Experiments\SM01\05-WMC\MU","Tr15_study3.png","8","556993","C:/Users/Public/Experiments/SM01/05-WMC/MU/MU_results/MUsbj041.csv","study","1000","4","41","567594","568597"
"MU.osexp","C:\Users\Public\Experiments\SM01\05-WMC\MU","Tr15_study4.png","8","556993","C:/Users/Public/Experiments/SM01/05-WMC/MU/MU_results/MUsbj041.csv","study","1000","4","41","568947","569949"
"MU.osexp","C:\Users\Public\Experiments\SM01\05-WMC\MU","Tr15_update1.png","8","556993","C:/Users/Public/Experiments/SM01/05-WMC/MU/MU_results/MUsbj041.csv","update","1300","4","41","570319","571621"
"MU.osexp","C:\Users\Public\Experiments\SM01\05-WMC\MU","Tr15_update2.png","8","556993","C:/Users/Public/Experiments/SM01/05-WMC/MU/MU_results/MUsbj041.csv","update","1300","4","41","571961","573263"
"MU.osexp","C:\Users\Public\Experiments\SM01\05-WMC\MU","Tr15_update3.png","8","556993","C:/Users/Public/Experiments/SM01/05-WMC/MU/MU_results/MUsbj041.csv","update","1300","4","41","573615","574917"
"MU.osexp","C:\Users\Public\Experiments\SM01\05-WMC\MU","Tr15_update4.png","8","556993","C:/Users/Public/Experiments/SM01/05-WMC/MU/MU_results/MUsbj041.csv","update","1300","4","41","575270","576572"
"MU.osexp","C:\Users\Public\Experiments\SM01\05-WMC\MU","Tr15_update5.png","8","556993","C:/Users/Public/Experiments/SM01/05-WMC/MU/MU_results/MUsbj041.csv","update","1300","4","41","576921","578223"
"MU.osexp","C:\Users\Public\Experiments\SM01\05-WMC\MU","Tr15_update6.png","8","556993","C:/Users/Public/Experiments/SM01/05-WMC/MU/MU_results/MUsbj041.csv","update","1300","4","41","578580","579882"
"MU.osexp","C:\Users\Public\Experiments\SM01\05-WMC\MU","Tr15_test1.png","9","582145","C:/Users/Public/Experiments/SM01/05-WMC/MU/MU_results/MUsbj041.csv","test","0","4","41","580254","582146"
"MU.osexp","C:\Users\Public\Experiments\SM01\05-WMC\MU","Tr15_test2.png","7","588905","C:/Users/Public/Experiments/SM01/05-WMC/MU/MU_results/MUsbj041.csv","test","0","4","41","583250","588906"
"MU.osexp","C:\Users\Public\Experiments\SM01\05-WMC\MU","Tr15_test3.png","8","590913","C:/Users/Public/Experiments/SM01/05-WMC/MU/MU_results/MUsbj041.csv","test","0","4","41","590039","590914"
"MU.osexp","C:\Users\Public\Experiments\SM01\05-WMC\MU","Tr15_test4.png","9","592297","C:/Users/Public/Experiments/SM01/05-WMC/MU/MU_results/MUsbj041.csv","test","0","4","41","592025","592298"
"MU.osexp","C:\Users\Public\Experiments\SM01\05-WMC\MU","wait.png","9","592297","C:/Users/Public/Experiments/SM01/05-WMC/MU/MU_results/MUsbj041.csv","wait","5000","4","41","593412","592298"
"MU.osexp","C:\Users\Public\Experiments\SM01\05-WMC\MU","fixation.png","9","592297","C:/Users/Public/Experiments/SM01/05-WMC/MU/MU_results/MUsbj041.csv","fix","1500","4","41","598497","592298"
"MU.osexp","C:\Users\Public\Experiments\SM01\05-WMC\MU","Tr16_study1.png","9","592297","C:/Users/Public/Experiments/SM01/05-WMC/MU/MU_results/MUsbj041.csv","study","1000","4","41","600107","601109"
"MU.osexp","C:\Users\Public\Experiments\SM01\05-WMC\MU","Tr16_study2.png","9","592297","C:/Users/Public/Experiments/SM01/05-WMC/MU/MU_results/MUsbj041.csv","study","1000","4","41","601475","602477"
"MU.osexp","C:\Users\Public\Experiments\SM01\05-WMC\MU","Tr16_study3.png","9","592297","C:/Users/Public/Experiments/SM01/05-WMC/MU/MU_results/MUsbj041.csv","study","1000","4","41","602828","603830"
"MU.osexp","C:\Users\Public\Experiments\SM01\05-WMC\MU","Tr16_study4.png","9","592297","C:/Users/Public/Experiments/SM01/05-WMC/MU/MU_results/MUsbj041.csv","study","1000","4","41","604203","605205"
"MU.osexp","C:\Users\Public\Experiments\SM01\05-WMC\MU","Tr16_update1.png","9","592297","C:/Users/Public/Experiments/SM01/05-WMC/MU/MU_results/MUsbj041.csv","update","1300","4","41","605577","606879"
"MU.osexp","C:\Users\Public\Experiments\SM01\05-WMC\MU","Tr16_update2.png","9","592297","C:/Users/Public/Experiments/SM01/05-WMC/MU/MU_results/MUsbj041.csv","update","1300","4","41","607212","608514"
"MU.osexp","C:\Users\Public\Experiments\SM01\05-WMC\MU","Tr16_test1.png","8","616409","C:/Users/Public/Experiments/SM01/05-WMC/MU/MU_results/MUsbj041.csv","test","0","4","41","608885","616410"
"MU.osexp","C:\Users\Public\Experiments\SM01\05-WMC\MU","Tr16_test2.png","7","620025","C:/Users/Public/Experiments/SM01/05-WMC/MU/MU_results/MUsbj041.csv","test","0","4","41","617530","620026"
"MU.osexp","C:\Users\Public\Experiments\SM01\05-WMC\MU","Tr16_test3.png","8","623353","C:/Users/Public/Experiments/SM01/05-WMC/MU/MU_results/MUsbj041.csv","test","0","4","41","621148","623354"
"MU.osexp","C:\Users\Public\Experiments\SM01\05-WMC\MU","Tr16_test4.png","6","625833","C:/Users/Public/Experiments/SM01/05-WMC/MU/MU_results/MUsbj041.csv","test","0","4","41","624494","625834"
"MU.osexp","C:\Users\Public\Experiments\SM01\05-WMC\MU","wait.png","6","625833","C:/Users/Public/Experiments/SM01/05-WMC/MU/MU_results/MUsbj041.csv","wait","5000","5","41","626924","625834"
"MU.osexp","C:\Users\Public\Experiments\SM01\05-WMC\MU","fixation.png","6","625833","C:/Users/Public/Experiments/SM01/05-WMC/MU/MU_results/MUsbj041.csv","fix","1500","5","41","632038","625834"
"MU.osexp","C:\Users\Public\Experiments\SM01\05-WMC\MU","Tr17_study1.png","6","625833","C:/Users/Public/Experiments/SM01/05-WMC/MU/MU_results/MUsbj041.csv","study","1000","5","41","633636","634639"
"MU.osexp","C:\Users\Public\Experiments\SM01\05-WMC\MU","Tr17_study2.png","6","625833","C:/Users/Public/Experiments/SM01/05-WMC/MU/MU_results/MUsbj041.csv","study","1000","5","41","634998","636001"
"MU.osexp","C:\Users\Public\Experiments\SM01\05-WMC\MU","Tr17_study3.png","6","625833","C:/Users/Public/Experiments/SM01/05-WMC/MU/MU_results/MUsbj041.csv","study","1000","5","41","636380","637382"
"MU.osexp","C:\Users\Public\Experiments\SM01\05-WMC\MU","Tr17_study4.png","6","625833","C:/Users/Public/Experiments/SM01/05-WMC/MU/MU_results/MUsbj041.csv","study","1000","5","41","637746","638748"
"MU.osexp","C:\Users\Public\Experiments\SM01\05-WMC\MU","Tr17_study5.png","6","625833","C:/Users/Public/Experiments/SM01/05-WMC/MU/MU_results/MUsbj041.csv","study","1000","5","41","639090","640092"
"MU.osexp","C:\Users\Public\Experiments\SM01\05-WMC\MU","Tr17_update1.png","6","625833","C:/Users/Public/Experiments/SM01/05-WMC/MU/MU_results/MUsbj041.csv","update","1300","5","41","640470","641772"
"MU.osexp","C:\Users\Public\Experiments\SM01\05-WMC\MU","Tr17_update2.png","6","625833","C:/Users/Public/Experiments/SM01/05-WMC/MU/MU_results/MUsbj041.csv","update","1300","5","41","642134","643436"
"MU.osexp","C:\Users\Public\Experiments\SM01\05-WMC\MU","Tr17_update3.png","6","625833","C:/Users/Public/Experiments/SM01/05-WMC/MU/MU_results/MUsbj041.csv","update","1300","5","41","643764","645066"
"MU.osexp","C:\Users\Public\Experiments\SM01\05-WMC\MU","Tr17_update4.png","6","625833","C:/Users/Public/Experiments/SM01/05-WMC/MU/MU_results/MUsbj041.csv","update","1300","5","41","645429","646731"
"MU.osexp","C:\Users\Public\Experiments\SM01\05-WMC\MU","Tr17_update5.png","6","625833","C:/Users/Public/Experiments/SM01/05-WMC/MU/MU_results/MUsbj041.csv","update","1300","5","41","647109","648411"
"MU.osexp","C:\Users\Public\Experiments\SM01\05-WMC\MU","Tr17_update6.png","6","625833","C:/Users/Public/Experiments/SM01/05-WMC/MU/MU_results/MUsbj041.csv","update","1300","5","41","648750","650052"
"MU.osexp","C:\Users\Public\Experiments\SM01\05-WMC\MU","Tr17_test1.png","2","655681","C:/Users/Public/Experiments/SM01/05-WMC/MU/MU_results/MUsbj041.csv","test","0","5","41","650410","655682"
"MU.osexp","C:\Users\Public\Experiments\SM01\05-WMC\MU","Tr17_test2.png","4","664073","C:/Users/Public/Experiments/SM01/05-WMC/MU/MU_results/MUsbj041.csv","test","0","5","41","656788","664074"
"MU.osexp","C:\Users\Public\Experiments\SM01\05-WMC\MU","Tr17_test3.png","2","668617","C:/Users/Public/Experiments/SM01/05-WMC/MU/MU_results/MUsbj041.csv","test","0","5","41","665189","668618"
"MU.osexp","C:\Users\Public\Experiments\SM01\05-WMC\MU","Tr17_test4.png","8","670081","C:/Users/Public/Experiments/SM01/05-WMC/MU/MU_results/MUsbj041.csv","test","0","5","41","669715","670082"
"MU.osexp","C:\Users\Public\Experiments\SM01\05-WMC\MU","Tr17_test5.png","9","672793","C:/Users/Public/Experiments/SM01/05-WMC/MU/MU_results/MUsbj041.csv","test","0","5","41","671219","672794"
