"experiment_file","experiment_path","image","key","key_time","logfile","phase","playtime","setSize","subject_nr","timestamp","waittime"
"MU.osexp","C:\Users\Public\Experiments\IDs\05-WMC\MU","ready1.png","NA","NA","C:/Users/Public/Experiments/IDs/05-WMC/MU/MU_SM01_results/MUsbj044.csv","pre","0","3","44","100765","NA"
"MU.osexp","C:\Users\Public\Experiments\IDs\05-WMC\MU","fixation.png","NA","NA","C:/Users/Public/Experiments/IDs/05-WMC/MU/MU_SM01_results/MUsbj044.csv","fix","1500","3","44","101717","NA"
"MU.osexp","C:\Users\Public\Experiments\IDs\05-WMC\MU","Tr1_study1.png","NA","NA","C:/Users/Public/Experiments/IDs/05-WMC/MU/MU_SM01_results/MUsbj044.csv","study","1000","3","44","103350","104352"
"MU.osexp","C:\Users\Public\Experiments\IDs\05-WMC\MU","Tr1_study2.png","NA","NA","C:/Users/Public/Experiments/IDs/05-WMC/MU/MU_SM01_results/MUsbj044.csv","study","1000","3","44","104710","105712"
"MU.osexp","C:\Users\Public\Experiments\IDs\05-WMC\MU","Tr1_study3.png","NA","NA","C:/Users/Public/Experiments/IDs/05-WMC/MU/MU_SM01_results/MUsbj044.csv","study","1000","3","44","106086","107088"
"MU.osexp","C:\Users\Public\Experiments\IDs\05-WMC\MU","Tr1_update1.png","NA","NA","C:/Users/Public/Experiments/IDs/05-WMC/MU/MU_SM01_results/MUsbj044.csv","update","1300","3","44","107429","108731"
"MU.osexp","C:\Users\Public\Experiments\IDs\05-WMC\MU","Tr1_update2.png","NA","NA","C:/Users/Public/Experiments/IDs/05-WMC/MU/MU_SM01_results/MUsbj044.csv","update","1300","3","44","109098","110400"
"MU.osexp","C:\Users\Public\Experiments\IDs\05-WMC\MU","Tr1_update3.png","NA","NA","C:/Users/Public/Experiments/IDs/05-WMC/MU/MU_SM01_results/MUsbj044.csv","update","1300","3","44","110751","112053"
"MU.osexp","C:\Users\Public\Experiments\IDs\05-WMC\MU","Tr1_test1.png","1","124520","C:/Users/Public/Experiments/IDs/05-WMC/MU/MU_SM01_results/MUsbj044.csv","test","0","3","44","112427","124521"
"MU.osexp","C:\Users\Public\Experiments\IDs\05-WMC\MU","Tr1_test2.png","8","128712","C:/Users/Public/Experiments/IDs/05-WMC/MU/MU_SM01_results/MUsbj044.csv","test","0","3","44","125611","128712"
"MU.osexp","C:\Users\Public\Experiments\IDs\05-WMC\MU","Tr1_test3.png","0","133120","C:/Users/Public/Experiments/IDs/05-WMC/MU/MU_SM01_results/MUsbj044.csv","test","0","3","44","129802","133121"
"MU.osexp","C:\Users\Public\Experiments\IDs\05-WMC\MU","wait.png","0","133120","C:/Users/Public/Experiments/IDs/05-WMC/MU/MU_SM01_results/MUsbj044.csv","wait","5000","3","44","134222","133121"
"MU.osexp","C:\Users\Public\Experiments\IDs\05-WMC\MU","fixation.png","0","133120","C:/Users/Public/Experiments/IDs/05-WMC/MU/MU_SM01_results/MUsbj044.csv","fix","1500","3","44","139316","133121"
"MU.osexp","C:\Users\Public\Experiments\IDs\05-WMC\MU","Tr2_study1.png","0","133120","C:/Users/Public/Experiments/IDs/05-WMC/MU/MU_SM01_results/MUsbj044.csv","study","1000","3","44","140931","141933"
"MU.osexp","C:\Users\Public\Experiments\IDs\05-WMC\MU","Tr2_study2.png","0","133120","C:/Users/Public/Experiments/IDs/05-WMC/MU/MU_SM01_results/MUsbj044.csv","study","1000","3","44","142300","143302"
"MU.osexp","C:\Users\Public\Experiments\IDs\05-WMC\MU","Tr2_study3.png","0","133120","C:/Users/Public/Experiments/IDs/05-WMC/MU/MU_SM01_results/MUsbj044.csv","study","1000","3","44","143638","144640"
"MU.osexp","C:\Users\Public\Experiments\IDs\05-WMC\MU","Tr2_update1.png","0","133120","C:/Users/Public/Experiments/IDs/05-WMC/MU/MU_SM01_results/MUsbj044.csv","update","1300","3","44","144999","146302"
"MU.osexp","C:\Users\Public\Experiments\IDs\05-WMC\MU","Tr2_update2.png","0","133120","C:/Users/Public/Experiments/IDs/05-WMC/MU/MU_SM01_results/MUsbj044.csv","update","1300","3","44","146680","147982"
"MU.osexp","C:\Users\Public\Experiments\IDs\05-WMC\MU","Tr2_update3.png","0","133120","C:/Users/Public/Experiments/IDs/05-WMC/MU/MU_SM01_results/MUsbj044.csv","update","1300","3","44","148352","149654"
"MU.osexp","C:\Users\Public\Experiments\IDs\05-WMC\MU","Tr2_test1.png","4","162928","C:/Users/Public/Experiments/IDs/05-WMC/MU/MU_SM01_results/MUsbj044.csv","test","0","3","44","150032","162929"
"MU.osexp","C:\Users\Public\Experiments\IDs\05-WMC\MU","Tr2_test2.png","8","166295","C:/Users/Public/Experiments/IDs/05-WMC/MU/MU_SM01_results/MUsbj044.csv","test","0","3","44","164049","166296"
"MU.osexp","C:\Users\Public\Experiments\IDs\05-WMC\MU","Tr2_test3.png","0","168952","C:/Users/Public/Experiments/IDs/05-WMC/MU/MU_SM01_results/MUsbj044.csv","test","0","3","44","167395","168953"
"MU.osexp","C:\Users\Public\Experiments\IDs\05-WMC\MU","ready2.png","0","168952","C:/Users/Public/Experiments/IDs/05-WMC/MU/MU_SM01_results/MUsbj044.csv","pre","0","3","44","179121","168953"
"MU.osexp","C:\Users\Public\Experiments\IDs\05-WMC\MU","fixation.png","0","168952","C:/Users/Public/Experiments/IDs/05-WMC/MU/MU_SM01_results/MUsbj044.csv","fix","1500","3","44","185060","168953"
"MU.osexp","C:\Users\Public\Experiments\IDs\05-WMC\MU","Tr3_study1.png","0","168952","C:/Users/Public/Experiments/IDs/05-WMC/MU/MU_SM01_results/MUsbj044.csv","study","1000","3","44","186661","187663"
"MU.osexp","C:\Users\Public\Experiments\IDs\05-WMC\MU","Tr3_study2.png","0","168952","C:/Users/Public/Experiments/IDs/05-WMC/MU/MU_SM01_results/MUsbj044.csv","study","1000","3","44","188029","189032"
"MU.osexp","C:\Users\Public\Experiments\IDs\05-WMC\MU","Tr3_study3.png","0","168952","C:/Users/Public/Experiments/IDs/05-WMC/MU/MU_SM01_results/MUsbj044.csv","study","1000","3","44","189422","190424"
"MU.osexp","C:\Users\Public\Experiments\IDs\05-WMC\MU","Tr3_update1.png","0","168952","C:/Users/Public/Experiments/IDs/05-WMC/MU/MU_SM01_results/MUsbj044.csv","update","1300","3","44","190765","192067"
"MU.osexp","C:\Users\Public\Experiments\IDs\05-WMC\MU","Tr3_update2.png","0","168952","C:/Users/Public/Experiments/IDs/05-WMC/MU/MU_SM01_results/MUsbj044.csv","update","1300","3","44","192410","193712"
"MU.osexp","C:\Users\Public\Experiments\IDs\05-WMC\MU","Tr3_update3.png","0","168952","C:/Users/Public/Experiments/IDs/05-WMC/MU/MU_SM01_results/MUsbj044.csv","update","1300","3","44","194098","195400"
"MU.osexp","C:\Users\Public\Experiments\IDs\05-WMC\MU","Tr3_test1.png","9","198568","C:/Users/Public/Experiments/IDs/05-WMC/MU/MU_SM01_results/MUsbj044.csv","test","0","3","44","195748","198568"
"MU.osexp","C:\Users\Public\Experiments\IDs\05-WMC\MU","Tr3_test2.png","5","202223","C:/Users/Public/Experiments/IDs/05-WMC/MU/MU_SM01_results/MUsbj044.csv","test","0","3","44","199668","202224"
"MU.osexp","C:\Users\Public\Experiments\IDs\05-WMC\MU","Tr3_test3.png","7","203904","C:/Users/Public/Experiments/IDs/05-WMC/MU/MU_SM01_results/MUsbj044.csv","test","0","3","44","203335","203905"
"MU.osexp","C:\Users\Public\Experiments\IDs\05-WMC\MU","wait.png","7","203904","C:/Users/Public/Experiments/IDs/05-WMC/MU/MU_SM01_results/MUsbj044.csv","wait","5000","4","44","205014","203905"
"MU.osexp","C:\Users\Public\Experiments\IDs\05-WMC\MU","fixation.png","7","203904","C:/Users/Public/Experiments/IDs/05-WMC/MU/MU_SM01_results/MUsbj044.csv","fix","1500","4","44","210110","203905"
"MU.osexp","C:\Users\Public\Experiments\IDs\05-WMC\MU","Tr4_study1.png","7","203904","C:/Users/Public/Experiments/IDs/05-WMC/MU/MU_SM01_results/MUsbj044.csv","study","1000","4","44","211747","212749"
"MU.osexp","C:\Users\Public\Experiments\IDs\05-WMC\MU","Tr4_study2.png","7","203904","C:/Users/Public/Experiments/IDs/05-WMC/MU/MU_SM01_results/MUsbj044.csv","study","1000","4","44","213092","214094"
"MU.osexp","C:\Users\Public\Experiments\IDs\05-WMC\MU","Tr4_study3.png","7","203904","C:/Users/Public/Experiments/IDs/05-WMC/MU/MU_SM01_results/MUsbj044.csv","study","1000","4","44","214472","215474"
"MU.osexp","C:\Users\Public\Experiments\IDs\05-WMC\MU","Tr4_study4.png","7","203904","C:/Users/Public/Experiments/IDs/05-WMC/MU/MU_SM01_results/MUsbj044.csv","study","1000","4","44","215821","216823"
"MU.osexp","C:\Users\Public\Experiments\IDs\05-WMC\MU","Tr4_update1.png","7","203904","C:/Users/Public/Experiments/IDs/05-WMC/MU/MU_SM01_results/MUsbj044.csv","update","1300","4","44","217187","218489"
"MU.osexp","C:\Users\Public\Experiments\IDs\05-WMC\MU","Tr4_update2.png","7","203904","C:/Users/Public/Experiments/IDs/05-WMC/MU/MU_SM01_results/MUsbj044.csv","update","1300","4","44","218834","220136"
"MU.osexp","C:\Users\Public\Experiments\IDs\05-WMC\MU","Tr4_update3.png","7","203904","C:/Users/Public/Experiments/IDs/05-WMC/MU/MU_SM01_results/MUsbj044.csv","update","1300","4","44","220546","221848"
"MU.osexp","C:\Users\Public\Experiments\IDs\05-WMC\MU","Tr4_update4.png","7","203904","C:/Users/Public/Experiments/IDs/05-WMC/MU/MU_SM01_results/MUsbj044.csv","update","1300","4","44","222205","223507"
"MU.osexp","C:\Users\Public\Experiments\IDs\05-WMC\MU","Tr4_test1.png","3","226408","C:/Users/Public/Experiments/IDs/05-WMC/MU/MU_SM01_results/MUsbj044.csv","test","0","4","44","223876","226409"
"MU.osexp","C:\Users\Public\Experiments\IDs\05-WMC\MU","Tr4_test2.png","9","228240","C:/Users/Public/Experiments/IDs/05-WMC/MU/MU_SM01_results/MUsbj044.csv","test","0","4","44","227491","228241"
"MU.osexp","C:\Users\Public\Experiments\IDs\05-WMC\MU","Tr4_test3.png","1","230408","C:/Users/Public/Experiments/IDs/05-WMC/MU/MU_SM01_results/MUsbj044.csv","test","0","4","44","229314","230409"
"MU.osexp","C:\Users\Public\Experiments\IDs\05-WMC\MU","Tr4_test4.png","9","232096","C:/Users/Public/Experiments/IDs/05-WMC/MU/MU_SM01_results/MUsbj044.csv","test","0","4","44","231492","232097"
"MU.osexp","C:\Users\Public\Experiments\IDs\05-WMC\MU","wait.png","9","232096","C:/Users/Public/Experiments/IDs/05-WMC/MU/MU_SM01_results/MUsbj044.csv","wait","5000","3","44","233173","232097"
"MU.osexp","C:\Users\Public\Experiments\IDs\05-WMC\MU","fixation.png","9","232096","C:/Users/Public/Experiments/IDs/05-WMC/MU/MU_SM01_results/MUsbj044.csv","fix","1500","3","44","238250","232097"
"MU.osexp","C:\Users\Public\Experiments\IDs\05-WMC\MU","Tr5_study1.png","9","232096","C:/Users/Public/Experiments/IDs/05-WMC/MU/MU_SM01_results/MUsbj044.csv","study","1000","3","44","239834","240835"
"MU.osexp","C:\Users\Public\Experiments\IDs\05-WMC\MU","Tr5_study2.png","9","232096","C:/Users/Public/Experiments/IDs/05-WMC/MU/MU_SM01_results/MUsbj044.csv","study","1000","3","44","241168","242168"
"MU.osexp","C:\Users\Public\Experiments\IDs\05-WMC\MU","Tr5_study3.png","9","232096","C:/Users/Public/Experiments/IDs/05-WMC/MU/MU_SM01_results/MUsbj044.csv","study","1000","3","44","242500","243501"
"MU.osexp","C:\Users\Public\Experiments\IDs\05-WMC\MU","Tr5_update1.png","9","232096","C:/Users/Public/Experiments/IDs/05-WMC/MU/MU_SM01_results/MUsbj044.csv","update","1300","3","44","243824","245124"
"MU.osexp","C:\Users\Public\Experiments\IDs\05-WMC\MU","Tr5_update2.png","9","232096","C:/Users/Public/Experiments/IDs/05-WMC/MU/MU_SM01_results/MUsbj044.csv","update","1300","3","44","245450","246752"
"MU.osexp","C:\Users\Public\Experiments\IDs\05-WMC\MU","Tr5_update3.png","9","232096","C:/Users/Public/Experiments/IDs/05-WMC/MU/MU_SM01_results/MUsbj044.csv","update","1300","3","44","247095","248397"
"MU.osexp","C:\Users\Public\Experiments\IDs\05-WMC\MU","Tr5_update4.png","9","232096","C:/Users/Public/Experiments/IDs/05-WMC/MU/MU_SM01_results/MUsbj044.csv","update","1300","3","44","248778","250080"
"MU.osexp","C:\Users\Public\Experiments\IDs\05-WMC\MU","Tr5_update5.png","9","232096","C:/Users/Public/Experiments/IDs/05-WMC/MU/MU_SM01_results/MUsbj044.csv","update","1300","3","44","250417","251719"
"MU.osexp","C:\Users\Public\Experiments\IDs\05-WMC\MU","Tr5_update6.png","9","232096","C:/Users/Public/Experiments/IDs/05-WMC/MU/MU_SM01_results/MUsbj044.csv","update","1300","3","44","252082","253384"
"MU.osexp","C:\Users\Public\Experiments\IDs\05-WMC\MU","Tr5_test1.png","8","256104","C:/Users/Public/Experiments/IDs/05-WMC/MU/MU_SM01_results/MUsbj044.csv","test","0","3","44","253734","256105"
"MU.osexp","C:\Users\Public\Experiments\IDs\05-WMC\MU","Tr5_test2.png","2","258616","C:/Users/Public/Experiments/IDs/05-WMC/MU/MU_SM01_results/MUsbj044.csv","test","0","3","44","257204","258617"
"MU.osexp","C:\Users\Public\Experiments\IDs\05-WMC\MU","Tr5_test3.png","3","260304","C:/Users/Public/Experiments/IDs/05-WMC/MU/MU_SM01_results/MUsbj044.csv","test","0","3","44","259740","260305"
"MU.osexp","C:\Users\Public\Experiments\IDs\05-WMC\MU","wait.png","3","260304","C:/Users/Public/Experiments/IDs/05-WMC/MU/MU_SM01_results/MUsbj044.csv","wait","5000","4","44","261384","260305"
"MU.osexp","C:\Users\Public\Experiments\IDs\05-WMC\MU","fixation.png","3","260304","C:/Users/Public/Experiments/IDs/05-WMC/MU/MU_SM01_results/MUsbj044.csv","fix","1500","4","44","266498","260305"
"MU.osexp","C:\Users\Public\Experiments\IDs\05-WMC\MU","Tr6_study1.png","3","260304","C:/Users/Public/Experiments/IDs/05-WMC/MU/MU_SM01_results/MUsbj044.csv","study","1000","4","44","268115","269118"
"MU.osexp","C:\Users\Public\Experiments\IDs\05-WMC\MU","Tr6_study2.png","3","260304","C:/Users/Public/Experiments/IDs/05-WMC/MU/MU_SM01_results/MUsbj044.csv","study","1000","4","44","269476","270478"
"MU.osexp","C:\Users\Public\Experiments\IDs\05-WMC\MU","Tr6_study3.png","3","260304","C:/Users/Public/Experiments/IDs/05-WMC/MU/MU_SM01_results/MUsbj044.csv","study","1000","4","44","270842","271844"
"MU.osexp","C:\Users\Public\Experiments\IDs\05-WMC\MU","Tr6_study4.png","3","260304","C:/Users/Public/Experiments/IDs/05-WMC/MU/MU_SM01_results/MUsbj044.csv","study","1000","4","44","272212","273214"
"MU.osexp","C:\Users\Public\Experiments\IDs\05-WMC\MU","Tr6_update1.png","3","260304","C:/Users/Public/Experiments/IDs/05-WMC/MU/MU_SM01_results/MUsbj044.csv","update","1300","4","44","273563","274865"
"MU.osexp","C:\Users\Public\Experiments\IDs\05-WMC\MU","Tr6_update2.png","3","260304","C:/Users/Public/Experiments/IDs/05-WMC/MU/MU_SM01_results/MUsbj044.csv","update","1300","4","44","275276","276578"
"MU.osexp","C:\Users\Public\Experiments\IDs\05-WMC\MU","Tr6_update3.png","3","260304","C:/Users/Public/Experiments/IDs/05-WMC/MU/MU_SM01_results/MUsbj044.csv","update","1300","4","44","276921","278223"
"MU.osexp","C:\Users\Public\Experiments\IDs\05-WMC\MU","Tr6_update4.png","3","260304","C:/Users/Public/Experiments/IDs/05-WMC/MU/MU_SM01_results/MUsbj044.csv","update","1300","4","44","278689","279991"
"MU.osexp","C:\Users\Public\Experiments\IDs\05-WMC\MU","Tr6_update5.png","3","260304","C:/Users/Public/Experiments/IDs/05-WMC/MU/MU_SM01_results/MUsbj044.csv","update","1300","4","44","280326","281628"
"MU.osexp","C:\Users\Public\Experiments\IDs\05-WMC\MU","Tr6_test1.png","6","284448","C:/Users/Public/Experiments/IDs/05-WMC/MU/MU_SM01_results/MUsbj044.csv","test","0","4","44","281972","284449"
"MU.osexp","C:\Users\Public\Experiments\IDs\05-WMC\MU","Tr6_test2.png","2","288168","C:/Users/Public/Experiments/IDs/05-WMC/MU/MU_SM01_results/MUsbj044.csv","test","0","4","44","285545","288169"
"MU.osexp","C:\Users\Public\Experiments\IDs\05-WMC\MU","Tr6_test3.png","3","290712","C:/Users/Public/Experiments/IDs/05-WMC/MU/MU_SM01_results/MUsbj044.csv","test","0","4","44","289256","290713"
"MU.osexp","C:\Users\Public\Experiments\IDs\05-WMC\MU","Tr6_test4.png","4","292576","C:/Users/Public/Experiments/IDs/05-WMC/MU/MU_SM01_results/MUsbj044.csv","test","0","4","44","291812","292577"
"MU.osexp","C:\Users\Public\Experiments\IDs\05-WMC\MU","wait.png","4","292576","C:/Users/Public/Experiments/IDs/05-WMC/MU/MU_SM01_results/MUsbj044.csv","wait","5000","5","44","293689","292577"
"MU.osexp","C:\Users\Public\Experiments\IDs\05-WMC\MU","fixation.png","4","292576","C:/Users/Public/Experiments/IDs/05-WMC/MU/MU_SM01_results/MUsbj044.csv","fix","1500","5","44","298792","292577"
"MU.osexp","C:\Users\Public\Experiments\IDs\05-WMC\MU","Tr7_study1.png","4","292576","C:/Users/Public/Experiments/IDs/05-WMC/MU/MU_SM01_results/MUsbj044.csv","study","1000","5","44","300381","301383"
"MU.osexp","C:\Users\Public\Experiments\IDs\05-WMC\MU","Tr7_study2.png","4","292576","C:/Users/Public/Experiments/IDs/05-WMC/MU/MU_SM01_results/MUsbj044.csv","study","1000","5","44","301729","302731"
"MU.osexp","C:\Users\Public\Experiments\IDs\05-WMC\MU","Tr7_study3.png","4","292576","C:/Users/Public/Experiments/IDs/05-WMC/MU/MU_SM01_results/MUsbj044.csv","study","1000","5","44","303104","304106"
"MU.osexp","C:\Users\Public\Experiments\IDs\05-WMC\MU","Tr7_study4.png","4","292576","C:/Users/Public/Experiments/IDs/05-WMC/MU/MU_SM01_results/MUsbj044.csv","study","1000","5","44","304457","305458"
"MU.osexp","C:\Users\Public\Experiments\IDs\05-WMC\MU","Tr7_study5.png","4","292576","C:/Users/Public/Experiments/IDs/05-WMC/MU/MU_SM01_results/MUsbj044.csv","study","1000","5","44","305847","306849"
"MU.osexp","C:\Users\Public\Experiments\IDs\05-WMC\MU","Tr7_update1.png","4","292576","C:/Users/Public/Experiments/IDs/05-WMC/MU/MU_SM01_results/MUsbj044.csv","update","1300","5","44","307197","308499"
"MU.osexp","C:\Users\Public\Experiments\IDs\05-WMC\MU","Tr7_update2.png","4","292576","C:/Users/Public/Experiments/IDs/05-WMC/MU/MU_SM01_results/MUsbj044.csv","update","1300","5","44","308861","310163"
"MU.osexp","C:\Users\Public\Experiments\IDs\05-WMC\MU","Tr7_update3.png","4","292576","C:/Users/Public/Experiments/IDs/05-WMC/MU/MU_SM01_results/MUsbj044.csv","update","1300","5","44","310522","311824"
"MU.osexp","C:\Users\Public\Experiments\IDs\05-WMC\MU","Tr7_update4.png","4","292576","C:/Users/Public/Experiments/IDs/05-WMC/MU/MU_SM01_results/MUsbj044.csv","update","1300","5","44","312197","313499"
"MU.osexp","C:\Users\Public\Experiments\IDs\05-WMC\MU","Tr7_update5.png","4","292576","C:/Users/Public/Experiments/IDs/05-WMC/MU/MU_SM01_results/MUsbj044.csv","update","1300","5","44","313849","315152"
"MU.osexp","C:\Users\Public\Experiments\IDs\05-WMC\MU","Tr7_test1.png","3","316768","C:/Users/Public/Experiments/IDs/05-WMC/MU/MU_SM01_results/MUsbj044.csv","test","0","5","44","315526","316769"
"MU.osexp","C:\Users\Public\Experiments\IDs\05-WMC\MU","Tr7_test2.png","5","318904","C:/Users/Public/Experiments/IDs/05-WMC/MU/MU_SM01_results/MUsbj044.csv","test","0","5","44","317862","318905"
"MU.osexp","C:\Users\Public\Experiments\IDs\05-WMC\MU","Tr7_test3.png","7","321016","C:/Users/Public/Experiments/IDs/05-WMC/MU/MU_SM01_results/MUsbj044.csv","test","0","5","44","319998","321017"
"MU.osexp","C:\Users\Public\Experiments\IDs\05-WMC\MU","Tr7_test4.png","6","323216","C:/Users/Public/Experiments/IDs/05-WMC/MU/MU_SM01_results/MUsbj044.csv","test","0","5","44","322116","323216"
"MU.osexp","C:\Users\Public\Experiments\IDs\05-WMC\MU","Tr7_test5.png","1","324919","C:/Users/Public/Experiments/IDs/05-WMC/MU/MU_SM01_results/MUsbj044.csv","test","0","5","44","324333","324920"
"MU.osexp","C:\Users\Public\Experiments\IDs\05-WMC\MU","wait.png","1","324919","C:/Users/Public/Experiments/IDs/05-WMC/MU/MU_SM01_results/MUsbj044.csv","wait","5000","4","44","326031","324920"
"MU.osexp","C:\Users\Public\Experiments\IDs\05-WMC\MU","fixation.png","1","324919","C:/Users/Public/Experiments/IDs/05-WMC/MU/MU_SM01_results/MUsbj044.csv","fix","1500","4","44","331123","324920"
"MU.osexp","C:\Users\Public\Experiments\IDs\05-WMC\MU","Tr8_study1.png","1","324919","C:/Users/Public/Experiments/IDs/05-WMC/MU/MU_SM01_results/MUsbj044.csv","study","1000","4","44","332730","333732"
"MU.osexp","C:\Users\Public\Experiments\IDs\05-WMC\MU","Tr8_study2.png","1","324919","C:/Users/Public/Experiments/IDs/05-WMC/MU/MU_SM01_results/MUsbj044.csv","study","1000","4","44","334077","335079"
"MU.osexp","C:\Users\Public\Experiments\IDs\05-WMC\MU","Tr8_study3.png","1","324919","C:/Users/Public/Experiments/IDs/05-WMC/MU/MU_SM01_results/MUsbj044.csv","study","1000","4","44","335446","336448"
"MU.osexp","C:\Users\Public\Experiments\IDs\05-WMC\MU","Tr8_study4.png","1","324919","C:/Users/Public/Experiments/IDs/05-WMC/MU/MU_SM01_results/MUsbj044.csv","study","1000","4","44","336795","337798"
"MU.osexp","C:\Users\Public\Experiments\IDs\05-WMC\MU","Tr8_update1.png","1","324919","C:/Users/Public/Experiments/IDs/05-WMC/MU/MU_SM01_results/MUsbj044.csv","update","1300","4","44","338178","339480"
"MU.osexp","C:\Users\Public\Experiments\IDs\05-WMC\MU","Tr8_update2.png","1","324919","C:/Users/Public/Experiments/IDs/05-WMC/MU/MU_SM01_results/MUsbj044.csv","update","1300","4","44","339831","341133"
"MU.osexp","C:\Users\Public\Experiments\IDs\05-WMC\MU","Tr8_update3.png","1","324919","C:/Users/Public/Experiments/IDs/05-WMC/MU/MU_SM01_results/MUsbj044.csv","update","1300","4","44","341507","342809"
"MU.osexp","C:\Users\Public\Experiments\IDs\05-WMC\MU","Tr8_test1.png","2","346392","C:/Users/Public/Experiments/IDs/05-WMC/MU/MU_SM01_results/MUsbj044.csv","test","0","4","44","343299","346393"
"MU.osexp","C:\Users\Public\Experiments\IDs\05-WMC\MU","Tr8_test2.png","6","349056","C:/Users/Public/Experiments/IDs/05-WMC/MU/MU_SM01_results/MUsbj044.csv","test","0","4","44","347487","349057"
"MU.osexp","C:\Users\Public\Experiments\IDs\05-WMC\MU","Tr8_test3.png","3","351104","C:/Users/Public/Experiments/IDs/05-WMC/MU/MU_SM01_results/MUsbj044.csv","test","0","4","44","350148","351105"
"MU.osexp","C:\Users\Public\Experiments\IDs\05-WMC\MU","Tr8_test4.png","2","352792","C:/Users/Public/Experiments/IDs/05-WMC/MU/MU_SM01_results/MUsbj044.csv","test","0","4","44","352215","352793"
"MU.osexp","C:\Users\Public\Experiments\IDs\05-WMC\MU","wait.png","2","352792","C:/Users/Public/Experiments/IDs/05-WMC/MU/MU_SM01_results/MUsbj044.csv","wait","5000","5","44","353907","352793"
"MU.osexp","C:\Users\Public\Experiments\IDs\05-WMC\MU","fixation.png","2","352792","C:/Users/Public/Experiments/IDs/05-WMC/MU/MU_SM01_results/MUsbj044.csv","fix","1500","5","44","359002","352793"
"MU.osexp","C:\Users\Public\Experiments\IDs\05-WMC\MU","Tr9_study1.png","2","352792","C:/Users/Public/Experiments/IDs/05-WMC/MU/MU_SM01_results/MUsbj044.csv","study","1000","5","44","360617","361619"
"MU.osexp","C:\Users\Public\Experiments\IDs\05-WMC\MU","Tr9_study2.png","2","352792","C:/Users/Public/Experiments/IDs/05-WMC/MU/MU_SM01_results/MUsbj044.csv","study","1000","5","44","361973","362975"
"MU.osexp","C:\Users\Public\Experiments\IDs\05-WMC\MU","Tr9_study3.png","2","352792","C:/Users/Public/Experiments/IDs/05-WMC/MU/MU_SM01_results/MUsbj044.csv","study","1000","5","44","363349","364351"
"MU.osexp","C:\Users\Public\Experiments\IDs\05-WMC\MU","Tr9_study4.png","2","352792","C:/Users/Public/Experiments/IDs/05-WMC/MU/MU_SM01_results/MUsbj044.csv","study","1000","5","44","364702","365704"
"MU.osexp","C:\Users\Public\Experiments\IDs\05-WMC\MU","Tr9_study5.png","2","352792","C:/Users/Public/Experiments/IDs/05-WMC/MU/MU_SM01_results/MUsbj044.csv","study","1000","5","44","366076","367078"
"MU.osexp","C:\Users\Public\Experiments\IDs\05-WMC\MU","Tr9_update1.png","2","352792","C:/Users/Public/Experiments/IDs/05-WMC/MU/MU_SM01_results/MUsbj044.csv","update","1300","5","44","367431","368733"
"MU.osexp","C:\Users\Public\Experiments\IDs\05-WMC\MU","Tr9_update2.png","2","352792","C:/Users/Public/Experiments/IDs/05-WMC/MU/MU_SM01_results/MUsbj044.csv","update","1300","5","44","369072","370374"
"MU.osexp","C:\Users\Public\Experiments\IDs\05-WMC\MU","Tr9_test1.png","6","374824","C:/Users/Public/Experiments/IDs/05-WMC/MU/MU_SM01_results/MUsbj044.csv","test","0","5","44","370724","374825"
"MU.osexp","C:\Users\Public\Experiments\IDs\05-WMC\MU","Tr9_test2.png","9","378872","C:/Users/Public/Experiments/IDs/05-WMC/MU/MU_SM01_results/MUsbj044.csv","test","0","5","44","375932","378873"
"MU.osexp","C:\Users\Public\Experiments\IDs\05-WMC\MU","Tr9_test3.png","3","380696","C:/Users/Public/Experiments/IDs/05-WMC/MU/MU_SM01_results/MUsbj044.csv","test","0","5","44","379968","380697"
"MU.osexp","C:\Users\Public\Experiments\IDs\05-WMC\MU","Tr9_test4.png","5","382576","C:/Users/Public/Experiments/IDs/05-WMC/MU/MU_SM01_results/MUsbj044.csv","test","0","5","44","381813","382577"
"MU.osexp","C:\Users\Public\Experiments\IDs\05-WMC\MU","Tr9_test5.png","6","383992","C:/Users/Public/Experiments/IDs/05-WMC/MU/MU_SM01_results/MUsbj044.csv","test","0","5","44","383741","383993"
"MU.osexp","C:\Users\Public\Experiments\IDs\05-WMC\MU","wait.png","6","383992","C:/Users/Public/Experiments/IDs/05-WMC/MU/MU_SM01_results/MUsbj044.csv","wait","5000","3","44","385102","383993"
"MU.osexp","C:\Users\Public\Experiments\IDs\05-WMC\MU","fixation.png","6","383992","C:/Users/Public/Experiments/IDs/05-WMC/MU/MU_SM01_results/MUsbj044.csv","fix","1500","3","44","390191","383993"
"MU.osexp","C:\Users\Public\Experiments\IDs\05-WMC\MU","Tr10_study1.png","6","383992","C:/Users/Public/Experiments/IDs/05-WMC/MU/MU_SM01_results/MUsbj044.csv","study","1000","3","44","391821","392823"
"MU.osexp","C:\Users\Public\Experiments\IDs\05-WMC\MU","Tr10_study2.png","6","383992","C:/Users/Public/Experiments/IDs/05-WMC/MU/MU_SM01_results/MUsbj044.csv","study","1000","3","44","393302","394304"
"MU.osexp","C:\Users\Public\Experiments\IDs\05-WMC\MU","Tr10_study3.png","6","383992","C:/Users/Public/Experiments/IDs/05-WMC/MU/MU_SM01_results/MUsbj044.csv","study","1000","3","44","394643","395645"
"MU.osexp","C:\Users\Public\Experiments\IDs\05-WMC\MU","Tr10_update1.png","6","383992","C:/Users/Public/Experiments/IDs/05-WMC/MU/MU_SM01_results/MUsbj044.csv","update","1300","3","44","396012","397314"
"MU.osexp","C:\Users\Public\Experiments\IDs\05-WMC\MU","Tr10_update2.png","6","383992","C:/Users/Public/Experiments/IDs/05-WMC/MU/MU_SM01_results/MUsbj044.csv","update","1300","3","44","397646","398948"
"MU.osexp","C:\Users\Public\Experiments\IDs\05-WMC\MU","Tr10_test1.png","5","400664","C:/Users/Public/Experiments/IDs/05-WMC/MU/MU_SM01_results/MUsbj044.csv","test","0","3","44","399318","400665"
"MU.osexp","C:\Users\Public\Experiments\IDs\05-WMC\MU","Tr10_test2.png","2","405944","C:/Users/Public/Experiments/IDs/05-WMC/MU/MU_SM01_results/MUsbj044.csv","test","0","3","44","401758","405945"
"MU.osexp","C:\Users\Public\Experiments\IDs\05-WMC\MU","Tr10_test3.png","7","407664","C:/Users/Public/Experiments/IDs/05-WMC/MU/MU_SM01_results/MUsbj044.csv","test","0","3","44","407047","407665"
"MU.osexp","C:\Users\Public\Experiments\IDs\05-WMC\MU","wait.png","7","407664","C:/Users/Public/Experiments/IDs/05-WMC/MU/MU_SM01_results/MUsbj044.csv","wait","5000","5","44","408767","407665"
"MU.osexp","C:\Users\Public\Experiments\IDs\05-WMC\MU","fixation.png","7","407664","C:/Users/Public/Experiments/IDs/05-WMC/MU/MU_SM01_results/MUsbj044.csv","fix","1500","5","44","413886","407665"
"MU.osexp","C:\Users\Public\Experiments\IDs\05-WMC\MU","Tr11_study1.png","7","407664","C:/Users/Public/Experiments/IDs/05-WMC/MU/MU_SM01_results/MUsbj044.csv","study","1000","5","44","415591","416594"
"MU.osexp","C:\Users\Public\Experiments\IDs\05-WMC\MU","Tr11_study2.png","7","407664","C:/Users/Public/Experiments/IDs/05-WMC/MU/MU_SM01_results/MUsbj044.csv","study","1000","5","44","416948","417950"
"MU.osexp","C:\Users\Public\Experiments\IDs\05-WMC\MU","Tr11_study3.png","7","407664","C:/Users/Public/Experiments/IDs/05-WMC/MU/MU_SM01_results/MUsbj044.csv","study","1000","5","44","418326","419328"
"MU.osexp","C:\Users\Public\Experiments\IDs\05-WMC\MU","Tr11_study4.png","7","407664","C:/Users/Public/Experiments/IDs/05-WMC/MU/MU_SM01_results/MUsbj044.csv","study","1000","5","44","419700","420702"
"MU.osexp","C:\Users\Public\Experiments\IDs\05-WMC\MU","Tr11_study5.png","7","407664","C:/Users/Public/Experiments/IDs/05-WMC/MU/MU_SM01_results/MUsbj044.csv","study","1000","5","44","421046","422048"
"MU.osexp","C:\Users\Public\Experiments\IDs\05-WMC\MU","Tr11_update1.png","7","407664","C:/Users/Public/Experiments/IDs/05-WMC/MU/MU_SM01_results/MUsbj044.csv","update","1300","5","44","422430","423732"
"MU.osexp","C:\Users\Public\Experiments\IDs\05-WMC\MU","Tr11_update2.png","7","407664","C:/Users/Public/Experiments/IDs/05-WMC/MU/MU_SM01_results/MUsbj044.csv","update","1300","5","44","424097","425399"
"MU.osexp","C:\Users\Public\Experiments\IDs\05-WMC\MU","Tr11_update3.png","7","407664","C:/Users/Public/Experiments/IDs/05-WMC/MU/MU_SM01_results/MUsbj044.csv","update","1300","5","44","425889","427191"
"MU.osexp","C:\Users\Public\Experiments\IDs\05-WMC\MU","Tr11_test1.png","4","433624","C:/Users/Public/Experiments/IDs/05-WMC/MU/MU_SM01_results/MUsbj044.csv","test","0","5","44","427566","433625"
"MU.osexp","C:\Users\Public\Experiments\IDs\05-WMC\MU","Tr11_test2.png","3","437704","C:/Users/Public/Experiments/IDs/05-WMC/MU/MU_SM01_results/MUsbj044.csv","test","0","5","44","434720","437705"
"MU.osexp","C:\Users\Public\Experiments\IDs\05-WMC\MU","Tr11_test3.png","1","439424","C:/Users/Public/Experiments/IDs/05-WMC/MU/MU_SM01_results/MUsbj044.csv","test","0","5","44","438797","439425"
"MU.osexp","C:\Users\Public\Experiments\IDs\05-WMC\MU","Tr11_test4.png","6","442736","C:/Users/Public/Experiments/IDs/05-WMC/MU/MU_SM01_results/MUsbj044.csv","test","0","5","44","440522","442737"
"MU.osexp","C:\Users\Public\Experiments\IDs\05-WMC\MU","Tr11_test5.png","9","447208","C:/Users/Public/Experiments/IDs/05-WMC/MU/MU_SM01_results/MUsbj044.csv","test","0","5","44","443843","447208"
"MU.osexp","C:\Users\Public\Experiments\IDs\05-WMC\MU","wait.png","9","447208","C:/Users/Public/Experiments/IDs/05-WMC/MU/MU_SM01_results/MUsbj044.csv","wait","5000","3","44","448297","447208"
"MU.osexp","C:\Users\Public\Experiments\IDs\05-WMC\MU","fixation.png","9","447208","C:/Users/Public/Experiments/IDs/05-WMC/MU/MU_SM01_results/MUsbj044.csv","fix","1500","3","44","453409","447208"
"MU.osexp","C:\Users\Public\Experiments\IDs\05-WMC\MU","Tr12_study1.png","9","447208","C:/Users/Public/Experiments/IDs/05-WMC/MU/MU_SM01_results/MUsbj044.csv","study","1000","3","44","455027","456029"
"MU.osexp","C:\Users\Public\Experiments\IDs\05-WMC\MU","Tr12_study2.png","9","447208","C:/Users/Public/Experiments/IDs/05-WMC/MU/MU_SM01_results/MUsbj044.csv","study","1000","3","44","456379","457381"
"MU.osexp","C:\Users\Public\Experiments\IDs\05-WMC\MU","Tr12_study3.png","9","447208","C:/Users/Public/Experiments/IDs/05-WMC/MU/MU_SM01_results/MUsbj044.csv","study","1000","3","44","457748","458750"
"MU.osexp","C:\Users\Public\Experiments\IDs\05-WMC\MU","Tr12_update1.png","9","447208","C:/Users/Public/Experiments/IDs/05-WMC/MU/MU_SM01_results/MUsbj044.csv","update","1300","3","44","459112","460414"
"MU.osexp","C:\Users\Public\Experiments\IDs\05-WMC\MU","Tr12_update2.png","9","447208","C:/Users/Public/Experiments/IDs/05-WMC/MU/MU_SM01_results/MUsbj044.csv","update","1300","3","44","460766","462068"
"MU.osexp","C:\Users\Public\Experiments\IDs\05-WMC\MU","Tr12_update3.png","9","447208","C:/Users/Public/Experiments/IDs/05-WMC/MU/MU_SM01_results/MUsbj044.csv","update","1300","3","44","462400","463702"
"MU.osexp","C:\Users\Public\Experiments\IDs\05-WMC\MU","Tr12_update4.png","9","447208","C:/Users/Public/Experiments/IDs/05-WMC/MU/MU_SM01_results/MUsbj044.csv","update","1300","3","44","464059","465361"
"MU.osexp","C:\Users\Public\Experiments\IDs\05-WMC\MU","Tr12_update5.png","9","447208","C:/Users/Public/Experiments/IDs/05-WMC/MU/MU_SM01_results/MUsbj044.csv","update","1300","3","44","465710","467012"
"MU.osexp","C:\Users\Public\Experiments\IDs\05-WMC\MU","Tr12_test1.png","6","475616","C:/Users/Public/Experiments/IDs/05-WMC/MU/MU_SM01_results/MUsbj044.csv","test","0","3","44","467363","475617"
"MU.osexp","C:\Users\Public\Experiments\IDs\05-WMC\MU","Tr12_test2.png","9","480072","C:/Users/Public/Experiments/IDs/05-WMC/MU/MU_SM01_results/MUsbj044.csv","test","0","3","44","476697","480073"
"MU.osexp","C:\Users\Public\Experiments\IDs\05-WMC\MU","Tr12_test3.png","9","482048","C:/Users/Public/Experiments/IDs/05-WMC/MU/MU_SM01_results/MUsbj044.csv","test","0","3","44","481188","482049"
"MU.osexp","C:\Users\Public\Experiments\IDs\05-WMC\MU","wait.png","9","482048","C:/Users/Public/Experiments/IDs/05-WMC/MU/MU_SM01_results/MUsbj044.csv","wait","5000","3","44","483168","482049"
"MU.osexp","C:\Users\Public\Experiments\IDs\05-WMC\MU","fixation.png","9","482048","C:/Users/Public/Experiments/IDs/05-WMC/MU/MU_SM01_results/MUsbj044.csv","fix","1500","3","44","488271","482049"
"MU.osexp","C:\Users\Public\Experiments\IDs\05-WMC\MU","Tr13_study1.png","9","482048","C:/Users/Public/Experiments/IDs/05-WMC/MU/MU_SM01_results/MUsbj044.csv","study","1000","3","44","489881","490883"
"MU.osexp","C:\Users\Public\Experiments\IDs\05-WMC\MU","Tr13_study2.png","9","482048","C:/Users/Public/Experiments/IDs/05-WMC/MU/MU_SM01_results/MUsbj044.csv","study","1000","3","44","491240","492242"
"MU.osexp","C:\Users\Public\Experiments\IDs\05-WMC\MU","Tr13_study3.png","9","482048","C:/Users/Public/Experiments/IDs/05-WMC/MU/MU_SM01_results/MUsbj044.csv","study","1000","3","44","492568","493570"
"MU.osexp","C:\Users\Public\Experiments\IDs\05-WMC\MU","Tr13_update1.png","9","482048","C:/Users/Public/Experiments/IDs/05-WMC/MU/MU_SM01_results/MUsbj044.csv","update","1300","3","44","493914","495216"
"MU.osexp","C:\Users\Public\Experiments\IDs\05-WMC\MU","Tr13_update2.png","9","482048","C:/Users/Public/Experiments/IDs/05-WMC/MU/MU_SM01_results/MUsbj044.csv","update","1300","3","44","495601","496903"
"MU.osexp","C:\Users\Public\Experiments\IDs\05-WMC\MU","Tr13_update3.png","9","482048","C:/Users/Public/Experiments/IDs/05-WMC/MU/MU_SM01_results/MUsbj044.csv","update","1300","3","44","497278","498580"
"MU.osexp","C:\Users\Public\Experiments\IDs\05-WMC\MU","Tr13_update4.png","9","482048","C:/Users/Public/Experiments/IDs/05-WMC/MU/MU_SM01_results/MUsbj044.csv","update","1300","3","44","498946","500248"
"MU.osexp","C:\Users\Public\Experiments\IDs\05-WMC\MU","Tr13_test1.png","3","501800","C:/Users/Public/Experiments/IDs/05-WMC/MU/MU_SM01_results/MUsbj044.csv","test","0","3","44","500585","501801"
"MU.osexp","C:\Users\Public\Experiments\IDs\05-WMC\MU","Tr13_test2.png","2","503656","C:/Users/Public/Experiments/IDs/05-WMC/MU/MU_SM01_results/MUsbj044.csv","test","0","3","44","502931","503657"
"MU.osexp","C:\Users\Public\Experiments\IDs\05-WMC\MU","Tr13_test3.png","7","505432","C:/Users/Public/Experiments/IDs/05-WMC/MU/MU_SM01_results/MUsbj044.csv","test","0","3","44","504755","505433"
"MU.osexp","C:\Users\Public\Experiments\IDs\05-WMC\MU","wait.png","7","505432","C:/Users/Public/Experiments/IDs/05-WMC/MU/MU_SM01_results/MUsbj044.csv","wait","5000","5","44","506574","505433"
"MU.osexp","C:\Users\Public\Experiments\IDs\05-WMC\MU","fixation.png","7","505432","C:/Users/Public/Experiments/IDs/05-WMC/MU/MU_SM01_results/MUsbj044.csv","fix","1500","5","44","511674","505433"
"MU.osexp","C:\Users\Public\Experiments\IDs\05-WMC\MU","Tr14_study1.png","7","505432","C:/Users/Public/Experiments/IDs/05-WMC/MU/MU_SM01_results/MUsbj044.csv","study","1000","5","44","513287","514289"
"MU.osexp","C:\Users\Public\Experiments\IDs\05-WMC\MU","Tr14_study2.png","7","505432","C:/Users/Public/Experiments/IDs/05-WMC/MU/MU_SM01_results/MUsbj044.csv","study","1000","5","44","514629","515631"
"MU.osexp","C:\Users\Public\Experiments\IDs\05-WMC\MU","Tr14_study3.png","7","505432","C:/Users/Public/Experiments/IDs/05-WMC/MU/MU_SM01_results/MUsbj044.csv","study","1000","5","44","515991","516993"
"MU.osexp","C:\Users\Public\Experiments\IDs\05-WMC\MU","Tr14_study4.png","7","505432","C:/Users/Public/Experiments/IDs/05-WMC/MU/MU_SM01_results/MUsbj044.csv","study","1000","5","44","517366","518368"
"MU.osexp","C:\Users\Public\Experiments\IDs\05-WMC\MU","Tr14_study5.png","7","505432","C:/Users/Public/Experiments/IDs/05-WMC/MU/MU_SM01_results/MUsbj044.csv","study","1000","5","44","518738","519740"
"MU.osexp","C:\Users\Public\Experiments\IDs\05-WMC\MU","Tr14_update1.png","7","505432","C:/Users/Public/Experiments/IDs/05-WMC/MU/MU_SM01_results/MUsbj044.csv","update","1300","5","44","520080","521382"
"MU.osexp","C:\Users\Public\Experiments\IDs\05-WMC\MU","Tr14_update2.png","7","505432","C:/Users/Public/Experiments/IDs/05-WMC/MU/MU_SM01_results/MUsbj044.csv","update","1300","5","44","521746","523048"
"MU.osexp","C:\Users\Public\Experiments\IDs\05-WMC\MU","Tr14_update3.png","7","505432","C:/Users/Public/Experiments/IDs/05-WMC/MU/MU_SM01_results/MUsbj044.csv","update","1300","5","44","523409","524712"
"MU.osexp","C:\Users\Public\Experiments\IDs\05-WMC\MU","Tr14_update4.png","7","505432","C:/Users/Public/Experiments/IDs/05-WMC/MU/MU_SM01_results/MUsbj044.csv","update","1300","5","44","525077","526379"
"MU.osexp","C:\Users\Public\Experiments\IDs\05-WMC\MU","Tr14_test1.png","5","530392","C:/Users/Public/Experiments/IDs/05-WMC/MU/MU_SM01_results/MUsbj044.csv","test","0","5","44","526733","530393"
"MU.osexp","C:\Users\Public\Experiments\IDs\05-WMC\MU","Tr14_test2.png","4","532848","C:/Users/Public/Experiments/IDs/05-WMC/MU/MU_SM01_results/MUsbj044.csv","test","0","5","44","531516","532849"
"MU.osexp","C:\Users\Public\Experiments\IDs\05-WMC\MU","Tr14_test3.png","5","536625","C:/Users/Public/Experiments/IDs/05-WMC/MU/MU_SM01_results/MUsbj044.csv","test","0","5","44","533959","536625"
"MU.osexp","C:\Users\Public\Experiments\IDs\05-WMC\MU","Tr14_test4.png","4","540064","C:/Users/Public/Experiments/IDs/05-WMC/MU/MU_SM01_results/MUsbj044.csv","test","0","5","44","537744","540065"
"MU.osexp","C:\Users\Public\Experiments\IDs\05-WMC\MU","Tr14_test5.png","2","544048","C:/Users/Public/Experiments/IDs/05-WMC/MU/MU_SM01_results/MUsbj044.csv","test","0","5","44","541181","544049"
"MU.osexp","C:\Users\Public\Experiments\IDs\05-WMC\MU","wait.png","2","544048","C:/Users/Public/Experiments/IDs/05-WMC/MU/MU_SM01_results/MUsbj044.csv","wait","5000","4","44","545146","544049"
"MU.osexp","C:\Users\Public\Experiments\IDs\05-WMC\MU","fixation.png","2","544048","C:/Users/Public/Experiments/IDs/05-WMC/MU/MU_SM01_results/MUsbj044.csv","fix","1500","4","44","550274","544049"
"MU.osexp","C:\Users\Public\Experiments\IDs\05-WMC\MU","Tr15_study1.png","2","544048","C:/Users/Public/Experiments/IDs/05-WMC/MU/MU_SM01_results/MUsbj044.csv","study","1000","4","44","551858","552860"
"MU.osexp","C:\Users\Public\Experiments\IDs\05-WMC\MU","Tr15_study2.png","2","544048","C:/Users/Public/Experiments/IDs/05-WMC/MU/MU_SM01_results/MUsbj044.csv","study","1000","4","44","553301","554303"
"MU.osexp","C:\Users\Public\Experiments\IDs\05-WMC\MU","Tr15_study3.png","2","544048","C:/Users/Public/Experiments/IDs/05-WMC/MU/MU_SM01_results/MUsbj044.csv","study","1000","4","44","554660","555662"
"MU.osexp","C:\Users\Public\Experiments\IDs\05-WMC\MU","Tr15_study4.png","2","544048","C:/Users/Public/Experiments/IDs/05-WMC/MU/MU_SM01_results/MUsbj044.csv","study","1000","4","44","556040","557042"
"MU.osexp","C:\Users\Public\Experiments\IDs\05-WMC\MU","Tr15_update1.png","2","544048","C:/Users/Public/Experiments/IDs/05-WMC/MU/MU_SM01_results/MUsbj044.csv","update","1300","4","44","557420","558722"
"MU.osexp","C:\Users\Public\Experiments\IDs\05-WMC\MU","Tr15_update2.png","2","544048","C:/Users/Public/Experiments/IDs/05-WMC/MU/MU_SM01_results/MUsbj044.csv","update","1300","4","44","559095","560397"
"MU.osexp","C:\Users\Public\Experiments\IDs\05-WMC\MU","Tr15_update3.png","2","544048","C:/Users/Public/Experiments/IDs/05-WMC/MU/MU_SM01_results/MUsbj044.csv","update","1300","4","44","560734","562036"
"MU.osexp","C:\Users\Public\Experiments\IDs\05-WMC\MU","Tr15_update4.png","2","544048","C:/Users/Public/Experiments/IDs/05-WMC/MU/MU_SM01_results/MUsbj044.csv","update","1300","4","44","562381","563683"
"MU.osexp","C:\Users\Public\Experiments\IDs\05-WMC\MU","Tr15_update5.png","2","544048","C:/Users/Public/Experiments/IDs/05-WMC/MU/MU_SM01_results/MUsbj044.csv","update","1300","4","44","564029","565331"
"MU.osexp","C:\Users\Public\Experiments\IDs\05-WMC\MU","Tr15_update6.png","2","544048","C:/Users/Public/Experiments/IDs/05-WMC/MU/MU_SM01_results/MUsbj044.csv","update","1300","4","44","565693","566995"
"MU.osexp","C:\Users\Public\Experiments\IDs\05-WMC\MU","Tr15_test1.png","7","568976","C:/Users/Public/Experiments/IDs/05-WMC/MU/MU_SM01_results/MUsbj044.csv","test","0","4","44","567370","568977"
"MU.osexp","C:\Users\Public\Experiments\IDs\05-WMC\MU","Tr15_test2.png","5","571209","C:/Users/Public/Experiments/IDs/05-WMC/MU/MU_SM01_results/MUsbj044.csv","test","0","4","44","570090","571210"
"MU.osexp","C:\Users\Public\Experiments\IDs\05-WMC\MU","Tr15_test3.png","6","573024","C:/Users/Public/Experiments/IDs/05-WMC/MU/MU_SM01_results/MUsbj044.csv","test","0","4","44","572323","573025"
"MU.osexp","C:\Users\Public\Experiments\IDs\05-WMC\MU","Tr15_test4.png","8","574384","C:/Users/Public/Experiments/IDs/05-WMC/MU/MU_SM01_results/MUsbj044.csv","test","0","4","44","574130","574385"
"MU.osexp","C:\Users\Public\Experiments\IDs\05-WMC\MU","wait.png","8","574384","C:/Users/Public/Experiments/IDs/05-WMC/MU/MU_SM01_results/MUsbj044.csv","wait","5000","4","44","575507","574385"
"MU.osexp","C:\Users\Public\Experiments\IDs\05-WMC\MU","fixation.png","8","574384","C:/Users/Public/Experiments/IDs/05-WMC/MU/MU_SM01_results/MUsbj044.csv","fix","1500","4","44","580628","574385"
"MU.osexp","C:\Users\Public\Experiments\IDs\05-WMC\MU","Tr16_study1.png","8","574384","C:/Users/Public/Experiments/IDs/05-WMC/MU/MU_SM01_results/MUsbj044.csv","study","1000","4","44","582231","583233"
"MU.osexp","C:\Users\Public\Experiments\IDs\05-WMC\MU","Tr16_study2.png","8","574384","C:/Users/Public/Experiments/IDs/05-WMC/MU/MU_SM01_results/MUsbj044.csv","study","1000","4","44","583597","584599"
"MU.osexp","C:\Users\Public\Experiments\IDs\05-WMC\MU","Tr16_study3.png","8","574384","C:/Users/Public/Experiments/IDs/05-WMC/MU/MU_SM01_results/MUsbj044.csv","study","1000","4","44","584947","585949"
"MU.osexp","C:\Users\Public\Experiments\IDs\05-WMC\MU","Tr16_study4.png","8","574384","C:/Users/Public/Experiments/IDs/05-WMC/MU/MU_SM01_results/MUsbj044.csv","study","1000","4","44","586330","587332"
"MU.osexp","C:\Users\Public\Experiments\IDs\05-WMC\MU","Tr16_update1.png","8","574384","C:/Users/Public/Experiments/IDs/05-WMC/MU/MU_SM01_results/MUsbj044.csv","update","1300","4","44","587667","588969"
"MU.osexp","C:\Users\Public\Experiments\IDs\05-WMC\MU","Tr16_update2.png","8","574384","C:/Users/Public/Experiments/IDs/05-WMC/MU/MU_SM01_results/MUsbj044.csv","update","1300","4","44","589310","590612"
"MU.osexp","C:\Users\Public\Experiments\IDs\05-WMC\MU","Tr16_test1.png","8","596008","C:/Users/Public/Experiments/IDs/05-WMC/MU/MU_SM01_results/MUsbj044.csv","test","0","4","44","590980","596009"
"MU.osexp","C:\Users\Public\Experiments\IDs\05-WMC\MU","Tr16_test2.png","7","599584","C:/Users/Public/Experiments/IDs/05-WMC/MU/MU_SM01_results/MUsbj044.csv","test","0","4","44","597111","599585"
"MU.osexp","C:\Users\Public\Experiments\IDs\05-WMC\MU","Tr16_test3.png","9","601456","C:/Users/Public/Experiments/IDs/05-WMC/MU/MU_SM01_results/MUsbj044.csv","test","0","4","44","600700","601457"
"MU.osexp","C:\Users\Public\Experiments\IDs\05-WMC\MU","Tr16_test4.png","6","603504","C:/Users/Public/Experiments/IDs/05-WMC/MU/MU_SM01_results/MUsbj044.csv","test","0","4","44","602576","603505"
"MU.osexp","C:\Users\Public\Experiments\IDs\05-WMC\MU","wait.png","6","603504","C:/Users/Public/Experiments/IDs/05-WMC/MU/MU_SM01_results/MUsbj044.csv","wait","5000","5","44","604614","603505"
"MU.osexp","C:\Users\Public\Experiments\IDs\05-WMC\MU","fixation.png","6","603504","C:/Users/Public/Experiments/IDs/05-WMC/MU/MU_SM01_results/MUsbj044.csv","fix","1500","5","44","609736","603505"
"MU.osexp","C:\Users\Public\Experiments\IDs\05-WMC\MU","Tr17_study1.png","6","603504","C:/Users/Public/Experiments/IDs/05-WMC/MU/MU_SM01_results/MUsbj044.csv","study","1000","5","44","611351","612353"
"MU.osexp","C:\Users\Public\Experiments\IDs\05-WMC\MU","Tr17_study2.png","6","603504","C:/Users/Public/Experiments/IDs/05-WMC/MU/MU_SM01_results/MUsbj044.csv","study","1000","5","44","612721","613723"
"MU.osexp","C:\Users\Public\Experiments\IDs\05-WMC\MU","Tr17_study3.png","6","603504","C:/Users/Public/Experiments/IDs/05-WMC/MU/MU_SM01_results/MUsbj044.csv","study","1000","5","44","614081","615083"
"MU.osexp","C:\Users\Public\Experiments\IDs\05-WMC\MU","Tr17_study4.png","6","603504","C:/Users/Public/Experiments/IDs/05-WMC/MU/MU_SM01_results/MUsbj044.csv","study","1000","5","44","615531","616533"
"MU.osexp","C:\Users\Public\Experiments\IDs\05-WMC\MU","Tr17_study5.png","6","603504","C:/Users/Public/Experiments/IDs/05-WMC/MU/MU_SM01_results/MUsbj044.csv","study","1000","5","44","616899","617901"
"MU.osexp","C:\Users\Public\Experiments\IDs\05-WMC\MU","Tr17_update1.png","6","603504","C:/Users/Public/Experiments/IDs/05-WMC/MU/MU_SM01_results/MUsbj044.csv","update","1300","5","44","618243","619545"
"MU.osexp","C:\Users\Public\Experiments\IDs\05-WMC\MU","Tr17_update2.png","6","603504","C:/Users/Public/Experiments/IDs/05-WMC/MU/MU_SM01_results/MUsbj044.csv","update","1300","5","44","619907","621209"
"MU.osexp","C:\Users\Public\Experiments\IDs\05-WMC\MU","Tr17_update3.png","6","603504","C:/Users/Public/Experiments/IDs/05-WMC/MU/MU_SM01_results/MUsbj044.csv","update","1300","5","44","621569","622871"
"MU.osexp","C:\Users\Public\Experiments\IDs\05-WMC\MU","Tr17_update4.png","6","603504","C:/Users/Public/Experiments/IDs/05-WMC/MU/MU_SM01_results/MUsbj044.csv","update","1300","5","44","623290","624592"
"MU.osexp","C:\Users\Public\Experiments\IDs\05-WMC\MU","Tr17_update5.png","6","603504","C:/Users/Public/Experiments/IDs/05-WMC/MU/MU_SM01_results/MUsbj044.csv","update","1300","5","44","624948","626250"
"MU.osexp","C:\Users\Public\Experiments\IDs\05-WMC\MU","Tr17_update6.png","6","603504","C:/Users/Public/Experiments/IDs/05-WMC/MU/MU_SM01_results/MUsbj044.csv","update","1300","5","44","626610","627912"
"MU.osexp","C:\Users\Public\Experiments\IDs\05-WMC\MU","Tr17_test1.png","5","629872","C:/Users/Public/Experiments/IDs/05-WMC/MU/MU_SM01_results/MUsbj044.csv","test","0","5","44","628279","629873"
"MU.osexp","C:\Users\Public\Experiments\IDs\05-WMC\MU","Tr17_test2.png","6","633632","C:/Users/Public/Experiments/IDs/05-WMC/MU/MU_SM01_results/MUsbj044.csv","test","0","5","44","630971","633633"
"MU.osexp","C:\Users\Public\Experiments\IDs\05-WMC\MU","Tr17_test3.png","9","639656","C:/Users/Public/Experiments/IDs/05-WMC/MU/MU_SM01_results/MUsbj044.csv","test","0","5","44","634748","639657"
"MU.osexp","C:\Users\Public\Experiments\IDs\05-WMC\MU","Tr17_test4.png","8","641321","C:/Users/Public/Experiments/IDs/05-WMC/MU/MU_SM01_results/MUsbj044.csv","test","0","5","44","640736","641322"
"MU.osexp","C:\Users\Public\Experiments\IDs\05-WMC\MU","Tr17_test5.png","9","643904","C:/Users/Public/Experiments/IDs/05-WMC/MU/MU_SM01_results/MUsbj044.csv","test","0","5","44","642440","643905"
