"experiment_file","experiment_path","image","key","key_time","logfile","phase","playtime","setSize","subject_nr","timestamp","waittime"
"MU.osexp","C:\Users\Public\Experiments\SM01\05-WMC\MU","ready1.png","NA","NA","C:/Users/Public/Experiments/SM01/05-WMC/MU/MU_results/MUsbj002.csv","pre","0","3","2","115716","NA"
"MU.osexp","C:\Users\Public\Experiments\SM01\05-WMC\MU","fixation.png","NA","NA","C:/Users/Public/Experiments/SM01/05-WMC/MU/MU_results/MUsbj002.csv","fix","1500","3","2","117294","NA"
"MU.osexp","C:\Users\Public\Experiments\SM01\05-WMC\MU","Tr1_study1.png","NA","NA","C:/Users/Public/Experiments/SM01/05-WMC/MU/MU_results/MUsbj002.csv","study","1000","3","2","118921","119923"
"MU.osexp","C:\Users\Public\Experiments\SM01\05-WMC\MU","Tr1_study2.png","NA","NA","C:/Users/Public/Experiments/SM01/05-WMC/MU/MU_results/MUsbj002.csv","study","1000","3","2","120276","121278"
"MU.osexp","C:\Users\Public\Experiments\SM01\05-WMC\MU","Tr1_study3.png","NA","NA","C:/Users/Public/Experiments/SM01/05-WMC/MU/MU_results/MUsbj002.csv","study","1000","3","2","121689","122691"
"MU.osexp","C:\Users\Public\Experiments\SM01\05-WMC\MU","Tr1_update1.png","NA","NA","C:/Users/Public/Experiments/SM01/05-WMC/MU/MU_results/MUsbj002.csv","update","1300","3","2","123040","124342"
"MU.osexp","C:\Users\Public\Experiments\SM01\05-WMC\MU","Tr1_update2.png","NA","NA","C:/Users/Public/Experiments/SM01/05-WMC/MU/MU_results/MUsbj002.csv","update","1300","3","2","124719","126021"
"MU.osexp","C:\Users\Public\Experiments\SM01\05-WMC\MU","Tr1_update3.png","NA","NA","C:/Users/Public/Experiments/SM01/05-WMC/MU/MU_results/MUsbj002.csv","update","1300","3","2","126370","127672"
"MU.osexp","C:\Users\Public\Experiments\SM01\05-WMC\MU","Tr1_test1.png","9","132402","C:/Users/Public/Experiments/SM01/05-WMC/MU/MU_results/MUsbj002.csv","test","0","3","2","128181","132403"
"MU.osexp","C:\Users\Public\Experiments\SM01\05-WMC\MU","Tr1_test2.png","8","142194","C:/Users/Public/Experiments/SM01/05-WMC/MU/MU_results/MUsbj002.csv","test","0","3","2","133510","142195"
"MU.osexp","C:\Users\Public\Experiments\SM01\05-WMC\MU","Tr1_test3.png","2","144618","C:/Users/Public/Experiments/SM01/05-WMC/MU/MU_results/MUsbj002.csv","test","0","3","2","143332","144619"
"MU.osexp","C:\Users\Public\Experiments\SM01\05-WMC\MU","wait.png","2","144618","C:/Users/Public/Experiments/SM01/05-WMC/MU/MU_results/MUsbj002.csv","wait","5000","3","2","145739","144619"
"MU.osexp","C:\Users\Public\Experiments\SM01\05-WMC\MU","fixation.png","2","144618","C:/Users/Public/Experiments/SM01/05-WMC/MU/MU_results/MUsbj002.csv","fix","1500","3","2","150853","144619"
"MU.osexp","C:\Users\Public\Experiments\SM01\05-WMC\MU","Tr2_study1.png","2","144618","C:/Users/Public/Experiments/SM01/05-WMC/MU/MU_results/MUsbj002.csv","study","1000","3","2","152465","153467"
"MU.osexp","C:\Users\Public\Experiments\SM01\05-WMC\MU","Tr2_study2.png","2","144618","C:/Users/Public/Experiments/SM01/05-WMC/MU/MU_results/MUsbj002.csv","study","1000","3","2","153977","154979"
"MU.osexp","C:\Users\Public\Experiments\SM01\05-WMC\MU","Tr2_study3.png","2","144618","C:/Users/Public/Experiments/SM01/05-WMC/MU/MU_results/MUsbj002.csv","study","1000","3","2","155344","156346"
"MU.osexp","C:\Users\Public\Experiments\SM01\05-WMC\MU","Tr2_update1.png","2","144618","C:/Users/Public/Experiments/SM01/05-WMC/MU/MU_results/MUsbj002.csv","update","1300","3","2","156710","158012"
"MU.osexp","C:\Users\Public\Experiments\SM01\05-WMC\MU","Tr2_update2.png","2","144618","C:/Users/Public/Experiments/SM01/05-WMC/MU/MU_results/MUsbj002.csv","update","1300","3","2","158390","159692"
"MU.osexp","C:\Users\Public\Experiments\SM01\05-WMC\MU","Tr2_update3.png","2","144618","C:/Users/Public/Experiments/SM01/05-WMC/MU/MU_results/MUsbj002.csv","update","1300","3","2","160050","161352"
"MU.osexp","C:\Users\Public\Experiments\SM01\05-WMC\MU","Tr2_test1.png","4","165258","C:/Users/Public/Experiments/SM01/05-WMC/MU/MU_results/MUsbj002.csv","test","0","3","2","161702","165259"
"MU.osexp","C:\Users\Public\Experiments\SM01\05-WMC\MU","Tr2_test2.png","6","167947","C:/Users/Public/Experiments/SM01/05-WMC/MU/MU_results/MUsbj002.csv","test","0","3","2","166378","167948"
"MU.osexp","C:\Users\Public\Experiments\SM01\05-WMC\MU","Tr2_test3.png","1","170970","C:/Users/Public/Experiments/SM01/05-WMC/MU/MU_results/MUsbj002.csv","test","0","3","2","169061","170971"
"MU.osexp","C:\Users\Public\Experiments\SM01\05-WMC\MU","ready2.png","1","170970","C:/Users/Public/Experiments/SM01/05-WMC/MU/MU_results/MUsbj002.csv","pre","0","3","2","218092","170971"
"MU.osexp","C:\Users\Public\Experiments\SM01\05-WMC\MU","fixation.png","1","170970","C:/Users/Public/Experiments/SM01/05-WMC/MU/MU_results/MUsbj002.csv","fix","1500","3","2","223007","170971"
"MU.osexp","C:\Users\Public\Experiments\SM01\05-WMC\MU","Tr3_study1.png","1","170970","C:/Users/Public/Experiments/SM01/05-WMC/MU/MU_results/MUsbj002.csv","study","1000","3","2","224638","225640"
"MU.osexp","C:\Users\Public\Experiments\SM01\05-WMC\MU","Tr3_study2.png","1","170970","C:/Users/Public/Experiments/SM01/05-WMC/MU/MU_results/MUsbj002.csv","study","1000","3","2","225998","227001"
"MU.osexp","C:\Users\Public\Experiments\SM01\05-WMC\MU","Tr3_study3.png","1","170970","C:/Users/Public/Experiments/SM01/05-WMC/MU/MU_results/MUsbj002.csv","study","1000","3","2","227371","228372"
"MU.osexp","C:\Users\Public\Experiments\SM01\05-WMC\MU","Tr3_update1.png","1","170970","C:/Users/Public/Experiments/SM01/05-WMC/MU/MU_results/MUsbj002.csv","update","1300","3","2","228845","230147"
"MU.osexp","C:\Users\Public\Experiments\SM01\05-WMC\MU","Tr3_update2.png","1","170970","C:/Users/Public/Experiments/SM01/05-WMC/MU/MU_results/MUsbj002.csv","update","1300","3","2","230514","231816"
"MU.osexp","C:\Users\Public\Experiments\SM01\05-WMC\MU","Tr3_update3.png","1","170970","C:/Users/Public/Experiments/SM01/05-WMC/MU/MU_results/MUsbj002.csv","update","1300","3","2","232189","233491"
"MU.osexp","C:\Users\Public\Experiments\SM01\05-WMC\MU","Tr3_test1.png","9","235842","C:/Users/Public/Experiments/SM01/05-WMC/MU/MU_results/MUsbj002.csv","test","0","3","2","233840","235843"
"MU.osexp","C:\Users\Public\Experiments\SM01\05-WMC\MU","Tr3_test2.png","7","239498","C:/Users/Public/Experiments/SM01/05-WMC/MU/MU_results/MUsbj002.csv","test","0","3","2","236946","239499"
"MU.osexp","C:\Users\Public\Experiments\SM01\05-WMC\MU","Tr3_test3.png","7","250522","C:/Users/Public/Experiments/SM01/05-WMC/MU/MU_results/MUsbj002.csv","test","0","3","2","240647","250523"
"MU.osexp","C:\Users\Public\Experiments\SM01\05-WMC\MU","wait.png","7","250522","C:/Users/Public/Experiments/SM01/05-WMC/MU/MU_results/MUsbj002.csv","wait","5000","4","2","251605","250523"
"MU.osexp","C:\Users\Public\Experiments\SM01\05-WMC\MU","fixation.png","7","250522","C:/Users/Public/Experiments/SM01/05-WMC/MU/MU_results/MUsbj002.csv","fix","1500","4","2","256715","250523"
"MU.osexp","C:\Users\Public\Experiments\SM01\05-WMC\MU","Tr4_study1.png","7","250522","C:/Users/Public/Experiments/SM01/05-WMC/MU/MU_results/MUsbj002.csv","study","1000","4","2","258356","259359"
"MU.osexp","C:\Users\Public\Experiments\SM01\05-WMC\MU","Tr4_study2.png","7","250522","C:/Users/Public/Experiments/SM01/05-WMC/MU/MU_results/MUsbj002.csv","study","1000","4","2","259721","260723"
"MU.osexp","C:\Users\Public\Experiments\SM01\05-WMC\MU","Tr4_study3.png","7","250522","C:/Users/Public/Experiments/SM01/05-WMC/MU/MU_results/MUsbj002.csv","study","1000","4","2","261194","262196"
"MU.osexp","C:\Users\Public\Experiments\SM01\05-WMC\MU","Tr4_study4.png","7","250522","C:/Users/Public/Experiments/SM01/05-WMC/MU/MU_results/MUsbj002.csv","study","1000","4","2","262549","263551"
"MU.osexp","C:\Users\Public\Experiments\SM01\05-WMC\MU","Tr4_update1.png","7","250522","C:/Users/Public/Experiments/SM01/05-WMC/MU/MU_results/MUsbj002.csv","update","1300","4","2","263937","265239"
"MU.osexp","C:\Users\Public\Experiments\SM01\05-WMC\MU","Tr4_update2.png","7","250522","C:/Users/Public/Experiments/SM01/05-WMC/MU/MU_results/MUsbj002.csv","update","1300","4","2","265585","266887"
"MU.osexp","C:\Users\Public\Experiments\SM01\05-WMC\MU","Tr4_update3.png","7","250522","C:/Users/Public/Experiments/SM01/05-WMC/MU/MU_results/MUsbj002.csv","update","1300","4","2","267267","268569"
"MU.osexp","C:\Users\Public\Experiments\SM01\05-WMC\MU","Tr4_update4.png","7","250522","C:/Users/Public/Experiments/SM01/05-WMC/MU/MU_results/MUsbj002.csv","update","1300","4","2","268936","270238"
"MU.osexp","C:\Users\Public\Experiments\SM01\05-WMC\MU","Tr4_test1.png","2","275266","C:/Users/Public/Experiments/SM01/05-WMC/MU/MU_results/MUsbj002.csv","test","0","4","2","270595","275267"
"MU.osexp","C:\Users\Public\Experiments\SM01\05-WMC\MU","Tr4_test2.png","9","277626","C:/Users/Public/Experiments/SM01/05-WMC/MU/MU_results/MUsbj002.csv","test","0","4","2","276367","277627"
"MU.osexp","C:\Users\Public\Experiments\SM01\05-WMC\MU","Tr4_test3.png","1","280930","C:/Users/Public/Experiments/SM01/05-WMC/MU/MU_results/MUsbj002.csv","test","0","4","2","278737","280931"
"MU.osexp","C:\Users\Public\Experiments\SM01\05-WMC\MU","Tr4_test4.png","8","295898","C:/Users/Public/Experiments/SM01/05-WMC/MU/MU_results/MUsbj002.csv","test","0","4","2","282035","295899"
"MU.osexp","C:\Users\Public\Experiments\SM01\05-WMC\MU","wait.png","8","295898","C:/Users/Public/Experiments/SM01/05-WMC/MU/MU_results/MUsbj002.csv","wait","5000","3","2","297004","295899"
"MU.osexp","C:\Users\Public\Experiments\SM01\05-WMC\MU","fixation.png","8","295898","C:/Users/Public/Experiments/SM01/05-WMC/MU/MU_results/MUsbj002.csv","fix","1500","3","2","302106","295899"
"MU.osexp","C:\Users\Public\Experiments\SM01\05-WMC\MU","Tr5_study1.png","8","295898","C:/Users/Public/Experiments/SM01/05-WMC/MU/MU_results/MUsbj002.csv","study","1000","3","2","303718","304720"
"MU.osexp","C:\Users\Public\Experiments\SM01\05-WMC\MU","Tr5_study2.png","8","295898","C:/Users/Public/Experiments/SM01/05-WMC/MU/MU_results/MUsbj002.csv","study","1000","3","2","305075","306077"
"MU.osexp","C:\Users\Public\Experiments\SM01\05-WMC\MU","Tr5_study3.png","8","295898","C:/Users/Public/Experiments/SM01/05-WMC/MU/MU_results/MUsbj002.csv","study","1000","3","2","306452","307454"
"MU.osexp","C:\Users\Public\Experiments\SM01\05-WMC\MU","Tr5_update1.png","8","295898","C:/Users/Public/Experiments/SM01/05-WMC/MU/MU_results/MUsbj002.csv","update","1300","3","2","307815","309117"
"MU.osexp","C:\Users\Public\Experiments\SM01\05-WMC\MU","Tr5_update2.png","8","295898","C:/Users/Public/Experiments/SM01/05-WMC/MU/MU_results/MUsbj002.csv","update","1300","3","2","309482","310784"
"MU.osexp","C:\Users\Public\Experiments\SM01\05-WMC\MU","Tr5_update3.png","8","295898","C:/Users/Public/Experiments/SM01/05-WMC/MU/MU_results/MUsbj002.csv","update","1300","3","2","311141","312443"
"MU.osexp","C:\Users\Public\Experiments\SM01\05-WMC\MU","Tr5_update4.png","8","295898","C:/Users/Public/Experiments/SM01/05-WMC/MU/MU_results/MUsbj002.csv","update","1300","3","2","312807","314109"
"MU.osexp","C:\Users\Public\Experiments\SM01\05-WMC\MU","Tr5_update5.png","8","295898","C:/Users/Public/Experiments/SM01/05-WMC/MU/MU_results/MUsbj002.csv","update","1300","3","2","314458","315760"
"MU.osexp","C:\Users\Public\Experiments\SM01\05-WMC\MU","Tr5_update6.png","8","295898","C:/Users/Public/Experiments/SM01/05-WMC/MU/MU_results/MUsbj002.csv","update","1300","3","2","316143","317445"
"MU.osexp","C:\Users\Public\Experiments\SM01\05-WMC\MU","Tr5_test1.png","2","327914","C:/Users/Public/Experiments/SM01/05-WMC/MU/MU_results/MUsbj002.csv","test","0","3","2","317798","327915"
"MU.osexp","C:\Users\Public\Experiments\SM01\05-WMC\MU","Tr5_test2.png","8","335962","C:/Users/Public/Experiments/SM01/05-WMC/MU/MU_results/MUsbj002.csv","test","0","3","2","329010","335963"
"MU.osexp","C:\Users\Public\Experiments\SM01\05-WMC\MU","Tr5_test3.png","6","337626","C:/Users/Public/Experiments/SM01/05-WMC/MU/MU_results/MUsbj002.csv","test","0","3","2","337169","337627"
"MU.osexp","C:\Users\Public\Experiments\SM01\05-WMC\MU","wait.png","6","337626","C:/Users/Public/Experiments/SM01/05-WMC/MU/MU_results/MUsbj002.csv","wait","5000","4","2","338728","337627"
"MU.osexp","C:\Users\Public\Experiments\SM01\05-WMC\MU","fixation.png","6","337626","C:/Users/Public/Experiments/SM01/05-WMC/MU/MU_results/MUsbj002.csv","fix","1500","4","2","343839","337627"
"MU.osexp","C:\Users\Public\Experiments\SM01\05-WMC\MU","Tr6_study1.png","6","337626","C:/Users/Public/Experiments/SM01/05-WMC/MU/MU_results/MUsbj002.csv","study","1000","4","2","345473","346475"
"MU.osexp","C:\Users\Public\Experiments\SM01\05-WMC\MU","Tr6_study2.png","6","337626","C:/Users/Public/Experiments/SM01/05-WMC/MU/MU_results/MUsbj002.csv","study","1000","4","2","346834","347836"
"MU.osexp","C:\Users\Public\Experiments\SM01\05-WMC\MU","Tr6_study3.png","6","337626","C:/Users/Public/Experiments/SM01/05-WMC/MU/MU_results/MUsbj002.csv","study","1000","4","2","348224","349226"
"MU.osexp","C:\Users\Public\Experiments\SM01\05-WMC\MU","Tr6_study4.png","6","337626","C:/Users/Public/Experiments/SM01/05-WMC/MU/MU_results/MUsbj002.csv","study","1000","4","2","349566","350568"
"MU.osexp","C:\Users\Public\Experiments\SM01\05-WMC\MU","Tr6_update1.png","6","337626","C:/Users/Public/Experiments/SM01/05-WMC/MU/MU_results/MUsbj002.csv","update","1300","4","2","350940","352242"
"MU.osexp","C:\Users\Public\Experiments\SM01\05-WMC\MU","Tr6_update2.png","6","337626","C:/Users/Public/Experiments/SM01/05-WMC/MU/MU_results/MUsbj002.csv","update","1300","4","2","352596","353898"
"MU.osexp","C:\Users\Public\Experiments\SM01\05-WMC\MU","Tr6_update3.png","6","337626","C:/Users/Public/Experiments/SM01/05-WMC/MU/MU_results/MUsbj002.csv","update","1300","4","2","354285","355587"
"MU.osexp","C:\Users\Public\Experiments\SM01\05-WMC\MU","Tr6_update4.png","6","337626","C:/Users/Public/Experiments/SM01/05-WMC/MU/MU_results/MUsbj002.csv","update","1300","4","2","355947","357249"
"MU.osexp","C:\Users\Public\Experiments\SM01\05-WMC\MU","Tr6_update5.png","6","337626","C:/Users/Public/Experiments/SM01/05-WMC/MU/MU_results/MUsbj002.csv","update","1300","4","2","357589","358891"
"MU.osexp","C:\Users\Public\Experiments\SM01\05-WMC\MU","Tr6_test1.png","6","363618","C:/Users/Public/Experiments/SM01/05-WMC/MU/MU_results/MUsbj002.csv","test","0","4","2","359252","363619"
"MU.osexp","C:\Users\Public\Experiments\SM01\05-WMC\MU","Tr6_test2.png","1","365826","C:/Users/Public/Experiments/SM01/05-WMC/MU/MU_results/MUsbj002.csv","test","0","4","2","364711","365827"
"MU.osexp","C:\Users\Public\Experiments\SM01\05-WMC\MU","Tr6_test3.png","6","369578","C:/Users/Public/Experiments/SM01/05-WMC/MU/MU_results/MUsbj002.csv","test","0","4","2","366924","369579"
"MU.osexp","C:\Users\Public\Experiments\SM01\05-WMC\MU","Tr6_test4.png","7","375842","C:/Users/Public/Experiments/SM01/05-WMC/MU/MU_results/MUsbj002.csv","test","0","4","2","370684","375843"
"MU.osexp","C:\Users\Public\Experiments\SM01\05-WMC\MU","wait.png","7","375842","C:/Users/Public/Experiments/SM01/05-WMC/MU/MU_results/MUsbj002.csv","wait","5000","5","2","376968","375843"
"MU.osexp","C:\Users\Public\Experiments\SM01\05-WMC\MU","fixation.png","7","375842","C:/Users/Public/Experiments/SM01/05-WMC/MU/MU_results/MUsbj002.csv","fix","1500","5","2","382090","375843"
"MU.osexp","C:\Users\Public\Experiments\SM01\05-WMC\MU","Tr7_study1.png","7","375842","C:/Users/Public/Experiments/SM01/05-WMC/MU/MU_results/MUsbj002.csv","study","1000","5","2","383699","384701"
"MU.osexp","C:\Users\Public\Experiments\SM01\05-WMC\MU","Tr7_study2.png","7","375842","C:/Users/Public/Experiments/SM01/05-WMC/MU/MU_results/MUsbj002.csv","study","1000","5","2","385071","386073"
"MU.osexp","C:\Users\Public\Experiments\SM01\05-WMC\MU","Tr7_study3.png","7","375842","C:/Users/Public/Experiments/SM01/05-WMC/MU/MU_results/MUsbj002.csv","study","1000","5","2","386456","387458"
"MU.osexp","C:\Users\Public\Experiments\SM01\05-WMC\MU","Tr7_study4.png","7","375842","C:/Users/Public/Experiments/SM01/05-WMC/MU/MU_results/MUsbj002.csv","study","1000","5","2","387816","388818"
"MU.osexp","C:\Users\Public\Experiments\SM01\05-WMC\MU","Tr7_study5.png","7","375842","C:/Users/Public/Experiments/SM01/05-WMC/MU/MU_results/MUsbj002.csv","study","1000","5","2","389188","390191"
"MU.osexp","C:\Users\Public\Experiments\SM01\05-WMC\MU","Tr7_update1.png","7","375842","C:/Users/Public/Experiments/SM01/05-WMC/MU/MU_results/MUsbj002.csv","update","1300","5","2","390527","391829"
"MU.osexp","C:\Users\Public\Experiments\SM01\05-WMC\MU","Tr7_update2.png","7","375842","C:/Users/Public/Experiments/SM01/05-WMC/MU/MU_results/MUsbj002.csv","update","1300","5","2","392218","393520"
"MU.osexp","C:\Users\Public\Experiments\SM01\05-WMC\MU","Tr7_update3.png","7","375842","C:/Users/Public/Experiments/SM01/05-WMC/MU/MU_results/MUsbj002.csv","update","1300","5","2","393892","395194"
"MU.osexp","C:\Users\Public\Experiments\SM01\05-WMC\MU","Tr7_update4.png","7","375842","C:/Users/Public/Experiments/SM01/05-WMC/MU/MU_results/MUsbj002.csv","update","1300","5","2","395533","396835"
"MU.osexp","C:\Users\Public\Experiments\SM01\05-WMC\MU","Tr7_update5.png","7","375842","C:/Users/Public/Experiments/SM01/05-WMC/MU/MU_results/MUsbj002.csv","update","1300","5","2","397194","398496"
"MU.osexp","C:\Users\Public\Experiments\SM01\05-WMC\MU","Tr7_test1.png","3","402458","C:/Users/Public/Experiments/SM01/05-WMC/MU/MU_results/MUsbj002.csv","test","0","5","2","398863","402459"
"MU.osexp","C:\Users\Public\Experiments\SM01\05-WMC\MU","Tr7_test2.png","5","407810","C:/Users/Public/Experiments/SM01/05-WMC/MU/MU_results/MUsbj002.csv","test","0","5","2","403581","407811"
"MU.osexp","C:\Users\Public\Experiments\SM01\05-WMC\MU","Tr7_test3.png","1","409834","C:/Users/Public/Experiments/SM01/05-WMC/MU/MU_results/MUsbj002.csv","test","0","5","2","408902","409835"
"MU.osexp","C:\Users\Public\Experiments\SM01\05-WMC\MU","Tr7_test4.png","6","413403","C:/Users/Public/Experiments/SM01/05-WMC/MU/MU_results/MUsbj002.csv","test","0","5","2","410975","413404"
"MU.osexp","C:\Users\Public\Experiments\SM01\05-WMC\MU","Tr7_test5.png","1","414843","C:/Users/Public/Experiments/SM01/05-WMC/MU/MU_results/MUsbj002.csv","test","0","5","2","414517","414844"
"MU.osexp","C:\Users\Public\Experiments\SM01\05-WMC\MU","wait.png","1","414843","C:/Users/Public/Experiments/SM01/05-WMC/MU/MU_results/MUsbj002.csv","wait","5000","4","2","415933","414844"
"MU.osexp","C:\Users\Public\Experiments\SM01\05-WMC\MU","fixation.png","1","414843","C:/Users/Public/Experiments/SM01/05-WMC/MU/MU_results/MUsbj002.csv","fix","1500","4","2","421048","414844"
"MU.osexp","C:\Users\Public\Experiments\SM01\05-WMC\MU","Tr8_study1.png","1","414843","C:/Users/Public/Experiments/SM01/05-WMC/MU/MU_results/MUsbj002.csv","study","1000","4","2","422667","423669"
"MU.osexp","C:\Users\Public\Experiments\SM01\05-WMC\MU","Tr8_study2.png","1","414843","C:/Users/Public/Experiments/SM01/05-WMC/MU/MU_results/MUsbj002.csv","study","1000","4","2","424024","425026"
"MU.osexp","C:\Users\Public\Experiments\SM01\05-WMC\MU","Tr8_study3.png","1","414843","C:/Users/Public/Experiments/SM01/05-WMC/MU/MU_results/MUsbj002.csv","study","1000","4","2","425391","426393"
"MU.osexp","C:\Users\Public\Experiments\SM01\05-WMC\MU","Tr8_study4.png","1","414843","C:/Users/Public/Experiments/SM01/05-WMC/MU/MU_results/MUsbj002.csv","study","1000","4","2","426740","427742"
"MU.osexp","C:\Users\Public\Experiments\SM01\05-WMC\MU","Tr8_update1.png","1","414843","C:/Users/Public/Experiments/SM01/05-WMC/MU/MU_results/MUsbj002.csv","update","1300","4","2","428119","429421"
"MU.osexp","C:\Users\Public\Experiments\SM01\05-WMC\MU","Tr8_update2.png","1","414843","C:/Users/Public/Experiments/SM01/05-WMC/MU/MU_results/MUsbj002.csv","update","1300","4","2","429774","431076"
"MU.osexp","C:\Users\Public\Experiments\SM01\05-WMC\MU","Tr8_update3.png","1","414843","C:/Users/Public/Experiments/SM01/05-WMC/MU/MU_results/MUsbj002.csv","update","1300","4","2","431472","432774"
"MU.osexp","C:\Users\Public\Experiments\SM01\05-WMC\MU","Tr8_test1.png","2","436762","C:/Users/Public/Experiments/SM01/05-WMC/MU/MU_results/MUsbj002.csv","test","0","4","2","433169","436763"
"MU.osexp","C:\Users\Public\Experiments\SM01\05-WMC\MU","Tr8_test2.png","4","438874","C:/Users/Public/Experiments/SM01/05-WMC/MU/MU_results/MUsbj002.csv","test","0","4","2","437860","438875"
"MU.osexp","C:\Users\Public\Experiments\SM01\05-WMC\MU","Tr8_test3.png","9","441098","C:/Users/Public/Experiments/SM01/05-WMC/MU/MU_results/MUsbj002.csv","test","0","4","2","439982","441099"
"MU.osexp","C:\Users\Public\Experiments\SM01\05-WMC\MU","Tr8_test4.png","9","457810","C:/Users/Public/Experiments/SM01/05-WMC/MU/MU_results/MUsbj002.csv","test","0","4","2","442211","457811"
"MU.osexp","C:\Users\Public\Experiments\SM01\05-WMC\MU","wait.png","9","457810","C:/Users/Public/Experiments/SM01/05-WMC/MU/MU_results/MUsbj002.csv","wait","5000","5","2","458923","457811"
"MU.osexp","C:\Users\Public\Experiments\SM01\05-WMC\MU","fixation.png","9","457810","C:/Users/Public/Experiments/SM01/05-WMC/MU/MU_results/MUsbj002.csv","fix","1500","5","2","464038","457811"
"MU.osexp","C:\Users\Public\Experiments\SM01\05-WMC\MU","Tr9_study1.png","9","457810","C:/Users/Public/Experiments/SM01/05-WMC/MU/MU_results/MUsbj002.csv","study","1000","5","2","465659","466661"
"MU.osexp","C:\Users\Public\Experiments\SM01\05-WMC\MU","Tr9_study2.png","9","457810","C:/Users/Public/Experiments/SM01/05-WMC/MU/MU_results/MUsbj002.csv","study","1000","5","2","467016","468019"
"MU.osexp","C:\Users\Public\Experiments\SM01\05-WMC\MU","Tr9_study3.png","9","457810","C:/Users/Public/Experiments/SM01/05-WMC/MU/MU_results/MUsbj002.csv","study","1000","5","2","468393","469395"
"MU.osexp","C:\Users\Public\Experiments\SM01\05-WMC\MU","Tr9_study4.png","9","457810","C:/Users/Public/Experiments/SM01/05-WMC/MU/MU_results/MUsbj002.csv","study","1000","5","2","469758","470760"
"MU.osexp","C:\Users\Public\Experiments\SM01\05-WMC\MU","Tr9_study5.png","9","457810","C:/Users/Public/Experiments/SM01/05-WMC/MU/MU_results/MUsbj002.csv","study","1000","5","2","471140","472143"
"MU.osexp","C:\Users\Public\Experiments\SM01\05-WMC\MU","Tr9_update1.png","9","457810","C:/Users/Public/Experiments/SM01/05-WMC/MU/MU_results/MUsbj002.csv","update","1300","5","2","472503","473805"
"MU.osexp","C:\Users\Public\Experiments\SM01\05-WMC\MU","Tr9_update2.png","9","457810","C:/Users/Public/Experiments/SM01/05-WMC/MU/MU_results/MUsbj002.csv","update","1300","5","2","474180","475482"
"MU.osexp","C:\Users\Public\Experiments\SM01\05-WMC\MU","Tr9_test1.png","4","480818","C:/Users/Public/Experiments/SM01/05-WMC/MU/MU_results/MUsbj002.csv","test","0","5","2","475834","480819"
"MU.osexp","C:\Users\Public\Experiments\SM01\05-WMC\MU","Tr9_test2.png","6","483699","C:/Users/Public/Experiments/SM01/05-WMC/MU/MU_results/MUsbj002.csv","test","0","5","2","481925","483700"
"MU.osexp","C:\Users\Public\Experiments\SM01\05-WMC\MU","Tr9_test3.png","5","485739","C:/Users/Public/Experiments/SM01/05-WMC/MU/MU_results/MUsbj002.csv","test","0","5","2","484793","485740"
"MU.osexp","C:\Users\Public\Experiments\SM01\05-WMC\MU","Tr9_test4.png","3","487738","C:/Users/Public/Experiments/SM01/05-WMC/MU/MU_results/MUsbj002.csv","test","0","5","2","486833","487739"
"MU.osexp","C:\Users\Public\Experiments\SM01\05-WMC\MU","Tr9_test5.png","9","489674","C:/Users/Public/Experiments/SM01/05-WMC/MU/MU_results/MUsbj002.csv","test","0","5","2","488830","489675"
"MU.osexp","C:\Users\Public\Experiments\SM01\05-WMC\MU","wait.png","9","489674","C:/Users/Public/Experiments/SM01/05-WMC/MU/MU_results/MUsbj002.csv","wait","5000","3","2","490792","489675"
"MU.osexp","C:\Users\Public\Experiments\SM01\05-WMC\MU","fixation.png","9","489674","C:/Users/Public/Experiments/SM01/05-WMC/MU/MU_results/MUsbj002.csv","fix","1500","3","2","495883","489675"
"MU.osexp","C:\Users\Public\Experiments\SM01\05-WMC\MU","Tr10_study1.png","9","489674","C:/Users/Public/Experiments/SM01/05-WMC/MU/MU_results/MUsbj002.csv","study","1000","3","2","497495","498497"
"MU.osexp","C:\Users\Public\Experiments\SM01\05-WMC\MU","Tr10_study2.png","9","489674","C:/Users/Public/Experiments/SM01/05-WMC/MU/MU_results/MUsbj002.csv","study","1000","3","2","498845","499847"
"MU.osexp","C:\Users\Public\Experiments\SM01\05-WMC\MU","Tr10_study3.png","9","489674","C:/Users/Public/Experiments/SM01/05-WMC/MU/MU_results/MUsbj002.csv","study","1000","3","2","500221","501223"
"MU.osexp","C:\Users\Public\Experiments\SM01\05-WMC\MU","Tr10_update1.png","9","489674","C:/Users/Public/Experiments/SM01/05-WMC/MU/MU_results/MUsbj002.csv","update","1300","3","2","501577","502879"
"MU.osexp","C:\Users\Public\Experiments\SM01\05-WMC\MU","Tr10_update2.png","9","489674","C:/Users/Public/Experiments/SM01/05-WMC/MU/MU_results/MUsbj002.csv","update","1300","3","2","503241","504543"
"MU.osexp","C:\Users\Public\Experiments\SM01\05-WMC\MU","Tr10_test1.png","5","508890","C:/Users/Public/Experiments/SM01/05-WMC/MU/MU_results/MUsbj002.csv","test","0","3","2","504882","508891"
"MU.osexp","C:\Users\Public\Experiments\SM01\05-WMC\MU","Tr10_test2.png","2","511002","C:/Users/Public/Experiments/SM01/05-WMC/MU/MU_results/MUsbj002.csv","test","0","3","2","510009","511003"
"MU.osexp","C:\Users\Public\Experiments\SM01\05-WMC\MU","Tr10_test3.png","5","512442","C:/Users/Public/Experiments/SM01/05-WMC/MU/MU_results/MUsbj002.csv","test","0","3","2","512108","512443"
"MU.osexp","C:\Users\Public\Experiments\SM01\05-WMC\MU","wait.png","5","512442","C:/Users/Public/Experiments/SM01/05-WMC/MU/MU_results/MUsbj002.csv","wait","5000","5","2","513544","512443"
"MU.osexp","C:\Users\Public\Experiments\SM01\05-WMC\MU","fixation.png","5","512442","C:/Users/Public/Experiments/SM01/05-WMC/MU/MU_results/MUsbj002.csv","fix","1500","5","2","518639","512443"
"MU.osexp","C:\Users\Public\Experiments\SM01\05-WMC\MU","Tr11_study1.png","5","512442","C:/Users/Public/Experiments/SM01/05-WMC/MU/MU_results/MUsbj002.csv","study","1000","5","2","520254","521256"
"MU.osexp","C:\Users\Public\Experiments\SM01\05-WMC\MU","Tr11_study2.png","5","512442","C:/Users/Public/Experiments/SM01/05-WMC/MU/MU_results/MUsbj002.csv","study","1000","5","2","521617","522619"
"MU.osexp","C:\Users\Public\Experiments\SM01\05-WMC\MU","Tr11_study3.png","5","512442","C:/Users/Public/Experiments/SM01/05-WMC/MU/MU_results/MUsbj002.csv","study","1000","5","2","522993","523995"
"MU.osexp","C:\Users\Public\Experiments\SM01\05-WMC\MU","Tr11_study4.png","5","512442","C:/Users/Public/Experiments/SM01/05-WMC/MU/MU_results/MUsbj002.csv","study","1000","5","2","524405","525407"
"MU.osexp","C:\Users\Public\Experiments\SM01\05-WMC\MU","Tr11_study5.png","5","512442","C:/Users/Public/Experiments/SM01/05-WMC/MU/MU_results/MUsbj002.csv","study","1000","5","2","525750","526752"
"MU.osexp","C:\Users\Public\Experiments\SM01\05-WMC\MU","Tr11_update1.png","5","512442","C:/Users/Public/Experiments/SM01/05-WMC/MU/MU_results/MUsbj002.csv","update","1300","5","2","527105","528407"
"MU.osexp","C:\Users\Public\Experiments\SM01\05-WMC\MU","Tr11_update2.png","5","512442","C:/Users/Public/Experiments/SM01/05-WMC/MU/MU_results/MUsbj002.csv","update","1300","5","2","528782","530084"
"MU.osexp","C:\Users\Public\Experiments\SM01\05-WMC\MU","Tr11_update3.png","5","512442","C:/Users/Public/Experiments/SM01/05-WMC/MU/MU_results/MUsbj002.csv","update","1300","5","2","530459","531761"
"MU.osexp","C:\Users\Public\Experiments\SM01\05-WMC\MU","Tr11_test1.png","1","534618","C:/Users/Public/Experiments/SM01/05-WMC/MU/MU_results/MUsbj002.csv","test","0","5","2","532138","534619"
"MU.osexp","C:\Users\Public\Experiments\SM01\05-WMC\MU","Tr11_test2.png","4","540259","C:/Users/Public/Experiments/SM01/05-WMC/MU/MU_results/MUsbj002.csv","test","0","5","2","535724","540259"
"MU.osexp","C:\Users\Public\Experiments\SM01\05-WMC\MU","Tr11_test3.png","5","543226","C:/Users/Public/Experiments/SM01/05-WMC/MU/MU_results/MUsbj002.csv","test","0","5","2","541358","543227"
"MU.osexp","C:\Users\Public\Experiments\SM01\05-WMC\MU","Tr11_test4.png","6","545330","C:/Users/Public/Experiments/SM01/05-WMC/MU/MU_results/MUsbj002.csv","test","0","5","2","544324","545331"
"MU.osexp","C:\Users\Public\Experiments\SM01\05-WMC\MU","Tr11_test5.png","5","546986","C:/Users/Public/Experiments/SM01/05-WMC/MU/MU_results/MUsbj002.csv","test","0","5","2","546429","546987"
"MU.osexp","C:\Users\Public\Experiments\SM01\05-WMC\MU","wait.png","5","546986","C:/Users/Public/Experiments/SM01/05-WMC/MU/MU_results/MUsbj002.csv","wait","5000","3","2","548119","546987"
"MU.osexp","C:\Users\Public\Experiments\SM01\05-WMC\MU","fixation.png","5","546986","C:/Users/Public/Experiments/SM01/05-WMC/MU/MU_results/MUsbj002.csv","fix","1500","3","2","553257","546987"
"MU.osexp","C:\Users\Public\Experiments\SM01\05-WMC\MU","Tr12_study1.png","5","546986","C:/Users/Public/Experiments/SM01/05-WMC/MU/MU_results/MUsbj002.csv","study","1000","3","2","554857","555859"
"MU.osexp","C:\Users\Public\Experiments\SM01\05-WMC\MU","Tr12_study2.png","5","546986","C:/Users/Public/Experiments/SM01/05-WMC/MU/MU_results/MUsbj002.csv","study","1000","3","2","556233","557235"
"MU.osexp","C:\Users\Public\Experiments\SM01\05-WMC\MU","Tr12_study3.png","5","546986","C:/Users/Public/Experiments/SM01/05-WMC/MU/MU_results/MUsbj002.csv","study","1000","3","2","557588","558590"
"MU.osexp","C:\Users\Public\Experiments\SM01\05-WMC\MU","Tr12_update1.png","5","546986","C:/Users/Public/Experiments/SM01/05-WMC/MU/MU_results/MUsbj002.csv","update","1300","3","2","558951","560253"
"MU.osexp","C:\Users\Public\Experiments\SM01\05-WMC\MU","Tr12_update2.png","5","546986","C:/Users/Public/Experiments/SM01/05-WMC/MU/MU_results/MUsbj002.csv","update","1300","3","2","560617","561919"
"MU.osexp","C:\Users\Public\Experiments\SM01\05-WMC\MU","Tr12_update3.png","5","546986","C:/Users/Public/Experiments/SM01/05-WMC/MU/MU_results/MUsbj002.csv","update","1300","3","2","562294","563596"
"MU.osexp","C:\Users\Public\Experiments\SM01\05-WMC\MU","Tr12_update4.png","5","546986","C:/Users/Public/Experiments/SM01/05-WMC/MU/MU_results/MUsbj002.csv","update","1300","3","2","563958","565261"
"MU.osexp","C:\Users\Public\Experiments\SM01\05-WMC\MU","Tr12_update5.png","5","546986","C:/Users/Public/Experiments/SM01/05-WMC/MU/MU_results/MUsbj002.csv","update","1300","3","2","565640","566942"
"MU.osexp","C:\Users\Public\Experiments\SM01\05-WMC\MU","Tr12_test1.png","4","570851","C:/Users/Public/Experiments/SM01/05-WMC/MU/MU_results/MUsbj002.csv","test","0","3","2","567304","570852"
"MU.osexp","C:\Users\Public\Experiments\SM01\05-WMC\MU","Tr12_test2.png","7","578370","C:/Users/Public/Experiments/SM01/05-WMC/MU/MU_results/MUsbj002.csv","test","0","3","2","571963","578371"
"MU.osexp","C:\Users\Public\Experiments\SM01\05-WMC\MU","Tr12_test3.png","4","579818","C:/Users/Public/Experiments/SM01/05-WMC/MU/MU_results/MUsbj002.csv","test","0","3","2","579494","579819"
"MU.osexp","C:\Users\Public\Experiments\SM01\05-WMC\MU","wait.png","4","579818","C:/Users/Public/Experiments/SM01/05-WMC/MU/MU_results/MUsbj002.csv","wait","5000","3","2","580913","579819"
"MU.osexp","C:\Users\Public\Experiments\SM01\05-WMC\MU","fixation.png","4","579818","C:/Users/Public/Experiments/SM01/05-WMC/MU/MU_results/MUsbj002.csv","fix","1500","3","2","586027","579819"
"MU.osexp","C:\Users\Public\Experiments\SM01\05-WMC\MU","Tr13_study1.png","4","579818","C:/Users/Public/Experiments/SM01/05-WMC/MU/MU_results/MUsbj002.csv","study","1000","3","2","587643","588645"
"MU.osexp","C:\Users\Public\Experiments\SM01\05-WMC\MU","Tr13_study2.png","4","579818","C:/Users/Public/Experiments/SM01/05-WMC/MU/MU_results/MUsbj002.csv","study","1000","3","2","589002","590004"
"MU.osexp","C:\Users\Public\Experiments\SM01\05-WMC\MU","Tr13_study3.png","4","579818","C:/Users/Public/Experiments/SM01/05-WMC/MU/MU_results/MUsbj002.csv","study","1000","3","2","590363","591365"
"MU.osexp","C:\Users\Public\Experiments\SM01\05-WMC\MU","Tr13_update1.png","4","579818","C:/Users/Public/Experiments/SM01/05-WMC/MU/MU_results/MUsbj002.csv","update","1300","3","2","591741","593043"
"MU.osexp","C:\Users\Public\Experiments\SM01\05-WMC\MU","Tr13_update2.png","4","579818","C:/Users/Public/Experiments/SM01/05-WMC/MU/MU_results/MUsbj002.csv","update","1300","3","2","593405","594707"
"MU.osexp","C:\Users\Public\Experiments\SM01\05-WMC\MU","Tr13_update3.png","4","579818","C:/Users/Public/Experiments/SM01/05-WMC/MU/MU_results/MUsbj002.csv","update","1300","3","2","595081","596383"
"MU.osexp","C:\Users\Public\Experiments\SM01\05-WMC\MU","Tr13_update4.png","4","579818","C:/Users/Public/Experiments/SM01/05-WMC/MU/MU_results/MUsbj002.csv","update","1300","3","2","596758","598060"
"MU.osexp","C:\Users\Public\Experiments\SM01\05-WMC\MU","Tr13_test1.png","3","604106","C:/Users/Public/Experiments/SM01/05-WMC/MU/MU_results/MUsbj002.csv","test","0","3","2","598415","604107"
"MU.osexp","C:\Users\Public\Experiments\SM01\05-WMC\MU","Tr13_test2.png","1","607419","C:/Users/Public/Experiments/SM01/05-WMC/MU/MU_results/MUsbj002.csv","test","0","3","2","605241","607420"
"MU.osexp","C:\Users\Public\Experiments\SM01\05-WMC\MU","Tr13_test3.png","6","608843","C:/Users/Public/Experiments/SM01/05-WMC/MU/MU_results/MUsbj002.csv","test","0","3","2","608523","608844"
"MU.osexp","C:\Users\Public\Experiments\SM01\05-WMC\MU","wait.png","6","608843","C:/Users/Public/Experiments/SM01/05-WMC/MU/MU_results/MUsbj002.csv","wait","5000","5","2","609965","608844"
"MU.osexp","C:\Users\Public\Experiments\SM01\05-WMC\MU","fixation.png","6","608843","C:/Users/Public/Experiments/SM01/05-WMC/MU/MU_results/MUsbj002.csv","fix","1500","5","2","615067","608844"
"MU.osexp","C:\Users\Public\Experiments\SM01\05-WMC\MU","Tr14_study1.png","6","608843","C:/Users/Public/Experiments/SM01/05-WMC/MU/MU_results/MUsbj002.csv","study","1000","5","2","616688","617690"
"MU.osexp","C:\Users\Public\Experiments\SM01\05-WMC\MU","Tr14_study2.png","6","608843","C:/Users/Public/Experiments/SM01/05-WMC/MU/MU_results/MUsbj002.csv","study","1000","5","2","618036","619038"
"MU.osexp","C:\Users\Public\Experiments\SM01\05-WMC\MU","Tr14_study3.png","6","608843","C:/Users/Public/Experiments/SM01/05-WMC/MU/MU_results/MUsbj002.csv","study","1000","5","2","619412","620414"
"MU.osexp","C:\Users\Public\Experiments\SM01\05-WMC\MU","Tr14_study4.png","6","608843","C:/Users/Public/Experiments/SM01/05-WMC/MU/MU_results/MUsbj002.csv","study","1000","5","2","620767","621769"
"MU.osexp","C:\Users\Public\Experiments\SM01\05-WMC\MU","Tr14_study5.png","6","608843","C:/Users/Public/Experiments/SM01/05-WMC/MU/MU_results/MUsbj002.csv","study","1000","5","2","622144","623145"
"MU.osexp","C:\Users\Public\Experiments\SM01\05-WMC\MU","Tr14_update1.png","6","608843","C:/Users/Public/Experiments/SM01/05-WMC/MU/MU_results/MUsbj002.csv","update","1300","5","2","623497","624799"
"MU.osexp","C:\Users\Public\Experiments\SM01\05-WMC\MU","Tr14_update2.png","6","608843","C:/Users/Public/Experiments/SM01/05-WMC/MU/MU_results/MUsbj002.csv","update","1300","5","2","625170","626472"
"MU.osexp","C:\Users\Public\Experiments\SM01\05-WMC\MU","Tr14_update3.png","6","608843","C:/Users/Public/Experiments/SM01/05-WMC/MU/MU_results/MUsbj002.csv","update","1300","5","2","626908","628210"
"MU.osexp","C:\Users\Public\Experiments\SM01\05-WMC\MU","Tr14_update4.png","6","608843","C:/Users/Public/Experiments/SM01/05-WMC/MU/MU_results/MUsbj002.csv","update","1300","5","2","628545","629847"
"MU.osexp","C:\Users\Public\Experiments\SM01\05-WMC\MU","Tr14_test1.png","5","642635","C:/Users/Public/Experiments/SM01/05-WMC/MU/MU_results/MUsbj002.csv","test","0","5","2","630195","642636"
"MU.osexp","C:\Users\Public\Experiments\SM01\05-WMC\MU","Tr14_test2.png","7","647162","C:/Users/Public/Experiments/SM01/05-WMC/MU/MU_results/MUsbj002.csv","test","0","5","2","643737","647163"
"MU.osexp","C:\Users\Public\Experiments\SM01\05-WMC\MU","Tr14_test3.png","6","649434","C:/Users/Public/Experiments/SM01/05-WMC/MU/MU_results/MUsbj002.csv","test","0","5","2","648260","649435"
"MU.osexp","C:\Users\Public\Experiments\SM01\05-WMC\MU","Tr14_test4.png","5","651834","C:/Users/Public/Experiments/SM01/05-WMC/MU/MU_results/MUsbj002.csv","test","0","5","2","650543","651835"
"MU.osexp","C:\Users\Public\Experiments\SM01\05-WMC\MU","Tr14_test5.png","8","653602","C:/Users/Public/Experiments/SM01/05-WMC/MU/MU_results/MUsbj002.csv","test","0","5","2","652958","653603"
"MU.osexp","C:\Users\Public\Experiments\SM01\05-WMC\MU","wait.png","8","653602","C:/Users/Public/Experiments/SM01/05-WMC/MU/MU_results/MUsbj002.csv","wait","5000","4","2","654724","653603"
"MU.osexp","C:\Users\Public\Experiments\SM01\05-WMC\MU","fixation.png","8","653602","C:/Users/Public/Experiments/SM01/05-WMC/MU/MU_results/MUsbj002.csv","fix","1500","4","2","659831","653603"
"MU.osexp","C:\Users\Public\Experiments\SM01\05-WMC\MU","Tr15_study1.png","8","653602","C:/Users/Public/Experiments/SM01/05-WMC/MU/MU_results/MUsbj002.csv","study","1000","4","2","661449","662451"
"MU.osexp","C:\Users\Public\Experiments\SM01\05-WMC\MU","Tr15_study2.png","8","653602","C:/Users/Public/Experiments/SM01/05-WMC/MU/MU_results/MUsbj002.csv","study","1000","4","2","662803","663805"
"MU.osexp","C:\Users\Public\Experiments\SM01\05-WMC\MU","Tr15_study3.png","8","653602","C:/Users/Public/Experiments/SM01/05-WMC/MU/MU_results/MUsbj002.csv","study","1000","4","2","664175","665177"
"MU.osexp","C:\Users\Public\Experiments\SM01\05-WMC\MU","Tr15_study4.png","8","653602","C:/Users/Public/Experiments/SM01/05-WMC/MU/MU_results/MUsbj002.csv","study","1000","4","2","665524","666526"
"MU.osexp","C:\Users\Public\Experiments\SM01\05-WMC\MU","Tr15_update1.png","8","653602","C:/Users/Public/Experiments/SM01/05-WMC/MU/MU_results/MUsbj002.csv","update","1300","4","2","666906","668208"
"MU.osexp","C:\Users\Public\Experiments\SM01\05-WMC\MU","Tr15_update2.png","8","653602","C:/Users/Public/Experiments/SM01/05-WMC/MU/MU_results/MUsbj002.csv","update","1300","4","2","668542","669844"
"MU.osexp","C:\Users\Public\Experiments\SM01\05-WMC\MU","Tr15_update3.png","8","653602","C:/Users/Public/Experiments/SM01/05-WMC/MU/MU_results/MUsbj002.csv","update","1300","4","2","670215","671517"
"MU.osexp","C:\Users\Public\Experiments\SM01\05-WMC\MU","Tr15_update4.png","8","653602","C:/Users/Public/Experiments/SM01/05-WMC/MU/MU_results/MUsbj002.csv","update","1300","4","2","671878","673181"
"MU.osexp","C:\Users\Public\Experiments\SM01\05-WMC\MU","Tr15_update5.png","8","653602","C:/Users/Public/Experiments/SM01/05-WMC/MU/MU_results/MUsbj002.csv","update","1300","4","2","673644","674946"
"MU.osexp","C:\Users\Public\Experiments\SM01\05-WMC\MU","Tr15_update6.png","8","653602","C:/Users/Public/Experiments/SM01/05-WMC/MU/MU_results/MUsbj002.csv","update","1300","4","2","675290","676592"
"MU.osexp","C:\Users\Public\Experiments\SM01\05-WMC\MU","Tr15_test1.png","9","685650","C:/Users/Public/Experiments/SM01/05-WMC/MU/MU_results/MUsbj002.csv","test","0","4","2","676959","685651"
"MU.osexp","C:\Users\Public\Experiments\SM01\05-WMC\MU","Tr15_test2.png","4","688050","C:/Users/Public/Experiments/SM01/05-WMC/MU/MU_results/MUsbj002.csv","test","0","4","2","686741","688051"
"MU.osexp","C:\Users\Public\Experiments\SM01\05-WMC\MU","Tr15_test3.png","8","692587","C:/Users/Public/Experiments/SM01/05-WMC/MU/MU_results/MUsbj002.csv","test","0","4","2","689309","692588"
"MU.osexp","C:\Users\Public\Experiments\SM01\05-WMC\MU","Tr15_test4.png","8","694123","C:/Users/Public/Experiments/SM01/05-WMC/MU/MU_results/MUsbj002.csv","test","0","4","2","693704","694124"
"MU.osexp","C:\Users\Public\Experiments\SM01\05-WMC\MU","wait.png","8","694123","C:/Users/Public/Experiments/SM01/05-WMC/MU/MU_results/MUsbj002.csv","wait","5000","4","2","695249","694124"
"MU.osexp","C:\Users\Public\Experiments\SM01\05-WMC\MU","fixation.png","8","694123","C:/Users/Public/Experiments/SM01/05-WMC/MU/MU_results/MUsbj002.csv","fix","1500","4","2","700371","694124"
"MU.osexp","C:\Users\Public\Experiments\SM01\05-WMC\MU","Tr16_study1.png","8","694123","C:/Users/Public/Experiments/SM01/05-WMC/MU/MU_results/MUsbj002.csv","study","1000","4","2","701976","702978"
"MU.osexp","C:\Users\Public\Experiments\SM01\05-WMC\MU","Tr16_study2.png","8","694123","C:/Users/Public/Experiments/SM01/05-WMC/MU/MU_results/MUsbj002.csv","study","1000","4","2","703324","704326"
"MU.osexp","C:\Users\Public\Experiments\SM01\05-WMC\MU","Tr16_study3.png","8","694123","C:/Users/Public/Experiments/SM01/05-WMC/MU/MU_results/MUsbj002.csv","study","1000","4","2","704671","705673"
"MU.osexp","C:\Users\Public\Experiments\SM01\05-WMC\MU","Tr16_study4.png","8","694123","C:/Users/Public/Experiments/SM01/05-WMC/MU/MU_results/MUsbj002.csv","study","1000","4","2","706049","707051"
"MU.osexp","C:\Users\Public\Experiments\SM01\05-WMC\MU","Tr16_update1.png","8","694123","C:/Users/Public/Experiments/SM01/05-WMC/MU/MU_results/MUsbj002.csv","update","1300","4","2","707401","708703"
"MU.osexp","C:\Users\Public\Experiments\SM01\05-WMC\MU","Tr16_update2.png","8","694123","C:/Users/Public/Experiments/SM01/05-WMC/MU/MU_results/MUsbj002.csv","update","1300","4","2","709168","710470"
"MU.osexp","C:\Users\Public\Experiments\SM01\05-WMC\MU","Tr16_test1.png","6","727667","C:/Users/Public/Experiments/SM01/05-WMC/MU/MU_results/MUsbj002.csv","test","0","4","2","710830","727668"
"MU.osexp","C:\Users\Public\Experiments\SM01\05-WMC\MU","Tr16_test2.png","7","729659","C:/Users/Public/Experiments/SM01/05-WMC/MU/MU_results/MUsbj002.csv","test","0","4","2","728800","729660"
"MU.osexp","C:\Users\Public\Experiments\SM01\05-WMC\MU","Tr16_test3.png","8","731723","C:/Users/Public/Experiments/SM01/05-WMC/MU/MU_results/MUsbj002.csv","test","0","4","2","730751","731724"
"MU.osexp","C:\Users\Public\Experiments\SM01\05-WMC\MU","Tr16_test4.png","6","738706","C:/Users/Public/Experiments/SM01/05-WMC/MU/MU_results/MUsbj002.csv","test","0","4","2","732809","738707"
"MU.osexp","C:\Users\Public\Experiments\SM01\05-WMC\MU","wait.png","6","738706","C:/Users/Public/Experiments/SM01/05-WMC/MU/MU_results/MUsbj002.csv","wait","5000","5","2","739803","738707"
"MU.osexp","C:\Users\Public\Experiments\SM01\05-WMC\MU","fixation.png","6","738706","C:/Users/Public/Experiments/SM01/05-WMC/MU/MU_results/MUsbj002.csv","fix","1500","5","2","744894","738707"
"MU.osexp","C:\Users\Public\Experiments\SM01\05-WMC\MU","Tr17_study1.png","6","738706","C:/Users/Public/Experiments/SM01/05-WMC/MU/MU_results/MUsbj002.csv","study","1000","5","2","746488","747490"
"MU.osexp","C:\Users\Public\Experiments\SM01\05-WMC\MU","Tr17_study2.png","6","738706","C:/Users/Public/Experiments/SM01/05-WMC/MU/MU_results/MUsbj002.csv","study","1000","5","2","747852","748854"
"MU.osexp","C:\Users\Public\Experiments\SM01\05-WMC\MU","Tr17_study3.png","6","738706","C:/Users/Public/Experiments/SM01/05-WMC/MU/MU_results/MUsbj002.csv","study","1000","5","2","749225","750227"
"MU.osexp","C:\Users\Public\Experiments\SM01\05-WMC\MU","Tr17_study4.png","6","738706","C:/Users/Public/Experiments/SM01/05-WMC/MU/MU_results/MUsbj002.csv","study","1000","5","2","750580","751582"
"MU.osexp","C:\Users\Public\Experiments\SM01\05-WMC\MU","Tr17_study5.png","6","738706","C:/Users/Public/Experiments/SM01/05-WMC/MU/MU_results/MUsbj002.csv","study","1000","5","2","751950","752953"
"MU.osexp","C:\Users\Public\Experiments\SM01\05-WMC\MU","Tr17_update1.png","6","738706","C:/Users/Public/Experiments/SM01/05-WMC/MU/MU_results/MUsbj002.csv","update","1300","5","2","753306","754608"
"MU.osexp","C:\Users\Public\Experiments\SM01\05-WMC\MU","Tr17_update2.png","6","738706","C:/Users/Public/Experiments/SM01/05-WMC/MU/MU_results/MUsbj002.csv","update","1300","5","2","754982","756284"
"MU.osexp","C:\Users\Public\Experiments\SM01\05-WMC\MU","Tr17_update3.png","6","738706","C:/Users/Public/Experiments/SM01/05-WMC/MU/MU_results/MUsbj002.csv","update","1300","5","2","756644","757946"
"MU.osexp","C:\Users\Public\Experiments\SM01\05-WMC\MU","Tr17_update4.png","6","738706","C:/Users/Public/Experiments/SM01/05-WMC/MU/MU_results/MUsbj002.csv","update","1300","5","2","758314","759616"
"MU.osexp","C:\Users\Public\Experiments\SM01\05-WMC\MU","Tr17_update5.png","6","738706","C:/Users/Public/Experiments/SM01/05-WMC/MU/MU_results/MUsbj002.csv","update","1300","5","2","759965","761267"
"MU.osexp","C:\Users\Public\Experiments\SM01\05-WMC\MU","Tr17_update6.png","6","738706","C:/Users/Public/Experiments/SM01/05-WMC/MU/MU_results/MUsbj002.csv","update","1300","5","2","761629","762931"
"MU.osexp","C:\Users\Public\Experiments\SM01\05-WMC\MU","Tr17_test1.png","4","767003","C:/Users/Public/Experiments/SM01/05-WMC/MU/MU_results/MUsbj002.csv","test","0","5","2","763314","767004"
"MU.osexp","C:\Users\Public\Experiments\SM01\05-WMC\MU","Tr17_test2.png","1","770843","C:/Users/Public/Experiments/SM01/05-WMC/MU/MU_results/MUsbj002.csv","test","0","5","2","768099","770843"
"MU.osexp","C:\Users\Public\Experiments\SM01\05-WMC\MU","Tr17_test3.png","4","774874","C:/Users/Public/Experiments/SM01/05-WMC/MU/MU_results/MUsbj002.csv","test","0","5","2","771963","774875"
"MU.osexp","C:\Users\Public\Experiments\SM01\05-WMC\MU","Tr17_test4.png","4","779530","C:/Users/Public/Experiments/SM01/05-WMC/MU/MU_results/MUsbj002.csv","test","0","5","2","775981","779531"
"MU.osexp","C:\Users\Public\Experiments\SM01\05-WMC\MU","Tr17_test5.png","9","781427","C:/Users/Public/Experiments/SM01/05-WMC/MU/MU_results/MUsbj002.csv","test","0","5","2","780689","781428"
