"experiment_file","experiment_path","image","key","key_time","logfile","phase","playtime","setSize","subject_nr","timestamp","waittime"
"MU.osexp","C:\Users\Public\Experiments\IDs\05-WMC\MU","ready1.png","NA","NA","C:/Users/Public/Experiments/IDs/05-WMC/MU/MUsbj086.csv","pre","0","3","86","70941","NA"
"MU.osexp","C:\Users\Public\Experiments\IDs\05-WMC\MU","fixation.png","NA","NA","C:/Users/Public/Experiments/IDs/05-WMC/MU/MUsbj086.csv","fix","1500","3","86","73482","NA"
"MU.osexp","C:\Users\Public\Experiments\IDs\05-WMC\MU","Tr1_study1.png","NA","NA","C:/Users/Public/Experiments/IDs/05-WMC/MU/MUsbj086.csv","study","1000","3","86","75155","76155"
"MU.osexp","C:\Users\Public\Experiments\IDs\05-WMC\MU","Tr1_study2.png","NA","NA","C:/Users/Public/Experiments/IDs/05-WMC/MU/MUsbj086.csv","study","1000","3","86","76480","77482"
"MU.osexp","C:\Users\Public\Experiments\IDs\05-WMC\MU","Tr1_study3.png","NA","NA","C:/Users/Public/Experiments/IDs/05-WMC/MU/MUsbj086.csv","study","1000","3","86","77819","78819"
"MU.osexp","C:\Users\Public\Experiments\IDs\05-WMC\MU","Tr1_update1.png","NA","NA","C:/Users/Public/Experiments/IDs/05-WMC/MU/MUsbj086.csv","update","1300","3","86","79270","80572"
"MU.osexp","C:\Users\Public\Experiments\IDs\05-WMC\MU","Tr1_update2.png","NA","NA","C:/Users/Public/Experiments/IDs/05-WMC/MU/MUsbj086.csv","update","1300","3","86","80896","82198"
"MU.osexp","C:\Users\Public\Experiments\IDs\05-WMC\MU","Tr1_update3.png","NA","NA","C:/Users/Public/Experiments/IDs/05-WMC/MU/MUsbj086.csv","update","1300","3","86","82522","83822"
"MU.osexp","C:\Users\Public\Experiments\IDs\05-WMC\MU","Tr1_test1.png","1","87801","C:/Users/Public/Experiments/IDs/05-WMC/MU/MUsbj086.csv","test","0","3","86","84135","87802"
"MU.osexp","C:\Users\Public\Experiments\IDs\05-WMC\MU","Tr1_test2.png","8","95856","C:/Users/Public/Experiments/IDs/05-WMC/MU/MUsbj086.csv","test","0","3","86","88871","95857"
"MU.osexp","C:\Users\Public\Experiments\IDs\05-WMC\MU","Tr1_test3.png","6","99840","C:/Users/Public/Experiments/IDs/05-WMC/MU/MUsbj086.csv","test","0","3","86","96960","99841"
"MU.osexp","C:\Users\Public\Experiments\IDs\05-WMC\MU","wait.png","6","99840","C:/Users/Public/Experiments/IDs/05-WMC/MU/MUsbj086.csv","wait","5000","3","86","100912","99841"
"MU.osexp","C:\Users\Public\Experiments\IDs\05-WMC\MU","fixation.png","6","99840","C:/Users/Public/Experiments/IDs/05-WMC/MU/MUsbj086.csv","fix","1500","3","86","105990","99841"
"MU.osexp","C:\Users\Public\Experiments\IDs\05-WMC\MU","Tr2_study1.png","6","99840","C:/Users/Public/Experiments/IDs/05-WMC/MU/MUsbj086.csv","study","1000","3","86","107583","108584"
"MU.osexp","C:\Users\Public\Experiments\IDs\05-WMC\MU","Tr2_study2.png","6","99840","C:/Users/Public/Experiments/IDs/05-WMC/MU/MUsbj086.csv","study","1000","3","86","108902","109902"
"MU.osexp","C:\Users\Public\Experiments\IDs\05-WMC\MU","Tr2_study3.png","6","99840","C:/Users/Public/Experiments/IDs/05-WMC/MU/MUsbj086.csv","study","1000","3","86","110225","111227"
"MU.osexp","C:\Users\Public\Experiments\IDs\05-WMC\MU","Tr2_update1.png","6","99840","C:/Users/Public/Experiments/IDs/05-WMC/MU/MUsbj086.csv","update","1300","3","86","111583","112883"
"MU.osexp","C:\Users\Public\Experiments\IDs\05-WMC\MU","Tr2_update2.png","6","99840","C:/Users/Public/Experiments/IDs/05-WMC/MU/MUsbj086.csv","update","1300","3","86","113194","114495"
"MU.osexp","C:\Users\Public\Experiments\IDs\05-WMC\MU","Tr2_update3.png","6","99840","C:/Users/Public/Experiments/IDs/05-WMC/MU/MUsbj086.csv","update","1300","3","86","114809","116109"
"MU.osexp","C:\Users\Public\Experiments\IDs\05-WMC\MU","Tr2_test1.png","4","118784","C:/Users/Public/Experiments/IDs/05-WMC/MU/MUsbj086.csv","test","0","3","86","116420","118785"
"MU.osexp","C:\Users\Public\Experiments\IDs\05-WMC\MU","Tr2_test2.png","6","121393","C:/Users/Public/Experiments/IDs/05-WMC/MU/MUsbj086.csv","test","0","3","86","119843","121394"
"MU.osexp","C:\Users\Public\Experiments\IDs\05-WMC\MU","Tr2_test3.png","1","125521","C:/Users/Public/Experiments/IDs/05-WMC/MU/MUsbj086.csv","test","0","3","86","122471","125522"
"MU.osexp","C:\Users\Public\Experiments\IDs\05-WMC\MU","ready2.png","1","125521","C:/Users/Public/Experiments/IDs/05-WMC/MU/MUsbj086.csv","pre","0","3","86","129220","125522"
"MU.osexp","C:\Users\Public\Experiments\IDs\05-WMC\MU","fixation.png","1","125521","C:/Users/Public/Experiments/IDs/05-WMC/MU/MUsbj086.csv","fix","1500","3","86","131243","125522"
"MU.osexp","C:\Users\Public\Experiments\IDs\05-WMC\MU","Tr3_study1.png","1","125521","C:/Users/Public/Experiments/IDs/05-WMC/MU/MUsbj086.csv","study","1000","3","86","132823","133823"
"MU.osexp","C:\Users\Public\Experiments\IDs\05-WMC\MU","Tr3_study2.png","1","125521","C:/Users/Public/Experiments/IDs/05-WMC/MU/MUsbj086.csv","study","1000","3","86","134152","135152"
"MU.osexp","C:\Users\Public\Experiments\IDs\05-WMC\MU","Tr3_study3.png","1","125521","C:/Users/Public/Experiments/IDs/05-WMC/MU/MUsbj086.csv","study","1000","3","86","135470","136470"
"MU.osexp","C:\Users\Public\Experiments\IDs\05-WMC\MU","Tr3_update1.png","1","125521","C:/Users/Public/Experiments/IDs/05-WMC/MU/MUsbj086.csv","update","1300","3","86","136789","138091"
"MU.osexp","C:\Users\Public\Experiments\IDs\05-WMC\MU","Tr3_update2.png","1","125521","C:/Users/Public/Experiments/IDs/05-WMC/MU/MUsbj086.csv","update","1300","3","86","138421","139721"
"MU.osexp","C:\Users\Public\Experiments\IDs\05-WMC\MU","Tr3_update3.png","1","125521","C:/Users/Public/Experiments/IDs/05-WMC/MU/MUsbj086.csv","update","1300","3","86","140036","141336"
"MU.osexp","C:\Users\Public\Experiments\IDs\05-WMC\MU","Tr3_test1.png","9","145153","C:/Users/Public/Experiments/IDs/05-WMC/MU/MUsbj086.csv","test","0","3","86","141677","145153"
"MU.osexp","C:\Users\Public\Experiments\IDs\05-WMC\MU","Tr3_test2.png","5","148696","C:/Users/Public/Experiments/IDs/05-WMC/MU/MUsbj086.csv","test","0","3","86","146220","148697"
"MU.osexp","C:\Users\Public\Experiments\IDs\05-WMC\MU","Tr3_test3.png","7","151320","C:/Users/Public/Experiments/IDs/05-WMC/MU/MUsbj086.csv","test","0","3","86","149822","151321"
"MU.osexp","C:\Users\Public\Experiments\IDs\05-WMC\MU","wait.png","7","151320","C:/Users/Public/Experiments/IDs/05-WMC/MU/MUsbj086.csv","wait","5000","4","86","152398","151321"
"MU.osexp","C:\Users\Public\Experiments\IDs\05-WMC\MU","fixation.png","7","151320","C:/Users/Public/Experiments/IDs/05-WMC/MU/MUsbj086.csv","fix","1500","4","86","157490","151321"
"MU.osexp","C:\Users\Public\Experiments\IDs\05-WMC\MU","Tr4_study1.png","7","151320","C:/Users/Public/Experiments/IDs/05-WMC/MU/MUsbj086.csv","study","1000","4","86","159189","160191"
"MU.osexp","C:\Users\Public\Experiments\IDs\05-WMC\MU","Tr4_study2.png","7","151320","C:/Users/Public/Experiments/IDs/05-WMC/MU/MUsbj086.csv","study","1000","4","86","160515","161516"
"MU.osexp","C:\Users\Public\Experiments\IDs\05-WMC\MU","Tr4_study3.png","7","151320","C:/Users/Public/Experiments/IDs/05-WMC/MU/MUsbj086.csv","study","1000","4","86","161867","162867"
"MU.osexp","C:\Users\Public\Experiments\IDs\05-WMC\MU","Tr4_study4.png","7","151320","C:/Users/Public/Experiments/IDs/05-WMC/MU/MUsbj086.csv","study","1000","4","86","163199","164199"
"MU.osexp","C:\Users\Public\Experiments\IDs\05-WMC\MU","Tr4_update1.png","7","151320","C:/Users/Public/Experiments/IDs/05-WMC/MU/MUsbj086.csv","update","1300","4","86","164633","165934"
"MU.osexp","C:\Users\Public\Experiments\IDs\05-WMC\MU","Tr4_update2.png","7","151320","C:/Users/Public/Experiments/IDs/05-WMC/MU/MUsbj086.csv","update","1300","4","86","166252","167553"
"MU.osexp","C:\Users\Public\Experiments\IDs\05-WMC\MU","Tr4_update3.png","7","151320","C:/Users/Public/Experiments/IDs/05-WMC/MU/MUsbj086.csv","update","1300","4","86","167883","169183"
"MU.osexp","C:\Users\Public\Experiments\IDs\05-WMC\MU","Tr4_update4.png","7","151320","C:/Users/Public/Experiments/IDs/05-WMC/MU/MUsbj086.csv","update","1300","4","86","169515","170817"
"MU.osexp","C:\Users\Public\Experiments\IDs\05-WMC\MU","Tr4_test1.png","3","173993","C:/Users/Public/Experiments/IDs/05-WMC/MU/MUsbj086.csv","test","0","4","86","171144","173994"
"MU.osexp","C:\Users\Public\Experiments\IDs\05-WMC\MU","Tr4_test2.png","7","178585","C:/Users/Public/Experiments/IDs/05-WMC/MU/MUsbj086.csv","test","0","4","86","175074","178585"
"MU.osexp","C:\Users\Public\Experiments\IDs\05-WMC\MU","Tr4_test3.png","6","182377","C:/Users/Public/Experiments/IDs/05-WMC/MU/MUsbj086.csv","test","0","4","86","179764","182377"
"MU.osexp","C:\Users\Public\Experiments\IDs\05-WMC\MU","Tr4_test4.png","8","187176","C:/Users/Public/Experiments/IDs/05-WMC/MU/MUsbj086.csv","test","0","4","86","183466","187177"
"MU.osexp","C:\Users\Public\Experiments\IDs\05-WMC\MU","wait.png","8","187176","C:/Users/Public/Experiments/IDs/05-WMC/MU/MUsbj086.csv","wait","5000","3","86","188257","187177"
"MU.osexp","C:\Users\Public\Experiments\IDs\05-WMC\MU","fixation.png","8","187176","C:/Users/Public/Experiments/IDs/05-WMC/MU/MUsbj086.csv","fix","1500","3","86","193333","187177"
"MU.osexp","C:\Users\Public\Experiments\IDs\05-WMC\MU","Tr5_study1.png","8","187176","C:/Users/Public/Experiments/IDs/05-WMC/MU/MUsbj086.csv","study","1000","3","86","194904","195904"
"MU.osexp","C:\Users\Public\Experiments\IDs\05-WMC\MU","Tr5_study2.png","8","187176","C:/Users/Public/Experiments/IDs/05-WMC/MU/MUsbj086.csv","study","1000","3","86","196226","197226"
"MU.osexp","C:\Users\Public\Experiments\IDs\05-WMC\MU","Tr5_study3.png","8","187176","C:/Users/Public/Experiments/IDs/05-WMC/MU/MUsbj086.csv","study","1000","3","86","197552","198552"
"MU.osexp","C:\Users\Public\Experiments\IDs\05-WMC\MU","Tr5_update1.png","8","187176","C:/Users/Public/Experiments/IDs/05-WMC/MU/MUsbj086.csv","update","1300","3","86","198896","200197"
"MU.osexp","C:\Users\Public\Experiments\IDs\05-WMC\MU","Tr5_update2.png","8","187176","C:/Users/Public/Experiments/IDs/05-WMC/MU/MUsbj086.csv","update","1300","3","86","200525","201825"
"MU.osexp","C:\Users\Public\Experiments\IDs\05-WMC\MU","Tr5_update3.png","8","187176","C:/Users/Public/Experiments/IDs/05-WMC/MU/MUsbj086.csv","update","1300","3","86","202267","203569"
"MU.osexp","C:\Users\Public\Experiments\IDs\05-WMC\MU","Tr5_update4.png","8","187176","C:/Users/Public/Experiments/IDs/05-WMC/MU/MUsbj086.csv","update","1300","3","86","203897","205199"
"MU.osexp","C:\Users\Public\Experiments\IDs\05-WMC\MU","Tr5_update5.png","8","187176","C:/Users/Public/Experiments/IDs/05-WMC/MU/MUsbj086.csv","update","1300","3","86","205529","206831"
"MU.osexp","C:\Users\Public\Experiments\IDs\05-WMC\MU","Tr5_update6.png","8","187176","C:/Users/Public/Experiments/IDs/05-WMC/MU/MUsbj086.csv","update","1300","3","86","207153","208455"
"MU.osexp","C:\Users\Public\Experiments\IDs\05-WMC\MU","Tr5_test1.png","8","210705","C:/Users/Public/Experiments/IDs/05-WMC/MU/MUsbj086.csv","test","0","3","86","208771","210706"
"MU.osexp","C:\Users\Public\Experiments\IDs\05-WMC\MU","Tr5_test2.png","3","214921","C:/Users/Public/Experiments/IDs/05-WMC/MU/MUsbj086.csv","test","0","3","86","211797","214922"
"MU.osexp","C:\Users\Public\Experiments\IDs\05-WMC\MU","Tr5_test3.png","9","220752","C:/Users/Public/Experiments/IDs/05-WMC/MU/MUsbj086.csv","test","0","3","86","216011","220753"
"MU.osexp","C:\Users\Public\Experiments\IDs\05-WMC\MU","wait.png","9","220752","C:/Users/Public/Experiments/IDs/05-WMC/MU/MUsbj086.csv","wait","5000","4","86","221825","220753"
"MU.osexp","C:\Users\Public\Experiments\IDs\05-WMC\MU","fixation.png","9","220752","C:/Users/Public/Experiments/IDs/05-WMC/MU/MUsbj086.csv","fix","1500","4","86","226938","220753"
"MU.osexp","C:\Users\Public\Experiments\IDs\05-WMC\MU","Tr6_study1.png","9","220752","C:/Users/Public/Experiments/IDs/05-WMC/MU/MUsbj086.csv","study","1000","4","86","228511","229512"
"MU.osexp","C:\Users\Public\Experiments\IDs\05-WMC\MU","Tr6_study2.png","9","220752","C:/Users/Public/Experiments/IDs/05-WMC/MU/MUsbj086.csv","study","1000","4","86","229845","230845"
"MU.osexp","C:\Users\Public\Experiments\IDs\05-WMC\MU","Tr6_study3.png","9","220752","C:/Users/Public/Experiments/IDs/05-WMC/MU/MUsbj086.csv","study","1000","4","86","231172","232172"
"MU.osexp","C:\Users\Public\Experiments\IDs\05-WMC\MU","Tr6_study4.png","9","220752","C:/Users/Public/Experiments/IDs/05-WMC/MU/MUsbj086.csv","study","1000","4","86","232488","233489"
"MU.osexp","C:\Users\Public\Experiments\IDs\05-WMC\MU","Tr6_update1.png","9","220752","C:/Users/Public/Experiments/IDs/05-WMC/MU/MUsbj086.csv","update","1300","4","86","233830","235130"
"MU.osexp","C:\Users\Public\Experiments\IDs\05-WMC\MU","Tr6_update2.png","9","220752","C:/Users/Public/Experiments/IDs/05-WMC/MU/MUsbj086.csv","update","1300","4","86","235452","236753"
"MU.osexp","C:\Users\Public\Experiments\IDs\05-WMC\MU","Tr6_update3.png","9","220752","C:/Users/Public/Experiments/IDs/05-WMC/MU/MUsbj086.csv","update","1300","4","86","237156","238458"
"MU.osexp","C:\Users\Public\Experiments\IDs\05-WMC\MU","Tr6_update4.png","9","220752","C:/Users/Public/Experiments/IDs/05-WMC/MU/MUsbj086.csv","update","1300","4","86","238802","240104"
"MU.osexp","C:\Users\Public\Experiments\IDs\05-WMC\MU","Tr6_update5.png","9","220752","C:/Users/Public/Experiments/IDs/05-WMC/MU/MUsbj086.csv","update","1300","4","86","240435","241737"
"MU.osexp","C:\Users\Public\Experiments\IDs\05-WMC\MU","Tr6_test1.png","5","243913","C:/Users/Public/Experiments/IDs/05-WMC/MU/MUsbj086.csv","test","0","4","86","242074","243914"
"MU.osexp","C:\Users\Public\Experiments\IDs\05-WMC\MU","Tr6_test2.png","2","248961","C:/Users/Public/Experiments/IDs/05-WMC/MU/MUsbj086.csv","test","0","4","86","244985","248962"
"MU.osexp","C:\Users\Public\Experiments\IDs\05-WMC\MU","Tr6_test3.png","4","252793","C:/Users/Public/Experiments/IDs/05-WMC/MU/MUsbj086.csv","test","0","4","86","250040","252793"
"MU.osexp","C:\Users\Public\Experiments\IDs\05-WMC\MU","Tr6_test4.png","1","254032","C:/Users/Public/Experiments/IDs/05-WMC/MU/MUsbj086.csv","test","0","4","86","253885","254033"
"MU.osexp","C:\Users\Public\Experiments\IDs\05-WMC\MU","wait.png","1","254032","C:/Users/Public/Experiments/IDs/05-WMC/MU/MUsbj086.csv","wait","5000","5","86","255114","254033"
"MU.osexp","C:\Users\Public\Experiments\IDs\05-WMC\MU","fixation.png","1","254032","C:/Users/Public/Experiments/IDs/05-WMC/MU/MUsbj086.csv","fix","1500","5","86","260201","254033"
"MU.osexp","C:\Users\Public\Experiments\IDs\05-WMC\MU","Tr7_study1.png","1","254032","C:/Users/Public/Experiments/IDs/05-WMC/MU/MUsbj086.csv","study","1000","5","86","261812","262814"
"MU.osexp","C:\Users\Public\Experiments\IDs\05-WMC\MU","Tr7_study2.png","1","254032","C:/Users/Public/Experiments/IDs/05-WMC/MU/MUsbj086.csv","study","1000","5","86","263147","264149"
"MU.osexp","C:\Users\Public\Experiments\IDs\05-WMC\MU","Tr7_study3.png","1","254032","C:/Users/Public/Experiments/IDs/05-WMC/MU/MUsbj086.csv","study","1000","5","86","264472","265473"
"MU.osexp","C:\Users\Public\Experiments\IDs\05-WMC\MU","Tr7_study4.png","1","254032","C:/Users/Public/Experiments/IDs/05-WMC/MU/MUsbj086.csv","study","1000","5","86","265867","266869"
"MU.osexp","C:\Users\Public\Experiments\IDs\05-WMC\MU","Tr7_study5.png","1","254032","C:/Users/Public/Experiments/IDs/05-WMC/MU/MUsbj086.csv","study","1000","5","86","267200","268200"
"MU.osexp","C:\Users\Public\Experiments\IDs\05-WMC\MU","Tr7_update1.png","1","254032","C:/Users/Public/Experiments/IDs/05-WMC/MU/MUsbj086.csv","update","1300","5","86","268582","269884"
"MU.osexp","C:\Users\Public\Experiments\IDs\05-WMC\MU","Tr7_update2.png","1","254032","C:/Users/Public/Experiments/IDs/05-WMC/MU/MUsbj086.csv","update","1300","5","86","270218","271520"
"MU.osexp","C:\Users\Public\Experiments\IDs\05-WMC\MU","Tr7_update3.png","1","254032","C:/Users/Public/Experiments/IDs/05-WMC/MU/MUsbj086.csv","update","1300","5","86","271851","273153"
"MU.osexp","C:\Users\Public\Experiments\IDs\05-WMC\MU","Tr7_update4.png","1","254032","C:/Users/Public/Experiments/IDs/05-WMC/MU/MUsbj086.csv","update","1300","5","86","273492","274794"
"MU.osexp","C:\Users\Public\Experiments\IDs\05-WMC\MU","Tr7_update5.png","1","254032","C:/Users/Public/Experiments/IDs/05-WMC/MU/MUsbj086.csv","update","1300","5","86","275179","276480"
"MU.osexp","C:\Users\Public\Experiments\IDs\05-WMC\MU","Tr7_test1.png","5","278745","C:/Users/Public/Experiments/IDs/05-WMC/MU/MUsbj086.csv","test","0","5","86","276829","278746"
"MU.osexp","C:\Users\Public\Experiments\IDs\05-WMC\MU","Tr7_test2.png","6","281153","C:/Users/Public/Experiments/IDs/05-WMC/MU/MUsbj086.csv","test","0","5","86","279830","281154"
"MU.osexp","C:\Users\Public\Experiments\IDs\05-WMC\MU","Tr7_test3.png","1","283145","C:/Users/Public/Experiments/IDs/05-WMC/MU/MUsbj086.csv","test","0","5","86","282244","283146"
"MU.osexp","C:\Users\Public\Experiments\IDs\05-WMC\MU","Tr7_test4.png","4","285209","C:/Users/Public/Experiments/IDs/05-WMC/MU/MUsbj086.csv","test","0","5","86","284242","285210"
"MU.osexp","C:\Users\Public\Experiments\IDs\05-WMC\MU","Tr7_test5.png","1","286969","C:/Users/Public/Experiments/IDs/05-WMC/MU/MUsbj086.csv","test","0","5","86","286296","286969"
"MU.osexp","C:\Users\Public\Experiments\IDs\05-WMC\MU","wait.png","1","286969","C:/Users/Public/Experiments/IDs/05-WMC/MU/MUsbj086.csv","wait","5000","4","86","288059","286969"
"MU.osexp","C:\Users\Public\Experiments\IDs\05-WMC\MU","fixation.png","1","286969","C:/Users/Public/Experiments/IDs/05-WMC/MU/MUsbj086.csv","fix","1500","4","86","293189","286969"
"MU.osexp","C:\Users\Public\Experiments\IDs\05-WMC\MU","Tr8_study1.png","1","286969","C:/Users/Public/Experiments/IDs/05-WMC/MU/MUsbj086.csv","study","1000","4","86","294761","295761"
"MU.osexp","C:\Users\Public\Experiments\IDs\05-WMC\MU","Tr8_study2.png","1","286969","C:/Users/Public/Experiments/IDs/05-WMC/MU/MUsbj086.csv","study","1000","4","86","296078","297080"
"MU.osexp","C:\Users\Public\Experiments\IDs\05-WMC\MU","Tr8_study3.png","1","286969","C:/Users/Public/Experiments/IDs/05-WMC/MU/MUsbj086.csv","study","1000","4","86","297478","298479"
"MU.osexp","C:\Users\Public\Experiments\IDs\05-WMC\MU","Tr8_study4.png","1","286969","C:/Users/Public/Experiments/IDs/05-WMC/MU/MUsbj086.csv","study","1000","4","86","298870","299872"
"MU.osexp","C:\Users\Public\Experiments\IDs\05-WMC\MU","Tr8_update1.png","1","286969","C:/Users/Public/Experiments/IDs/05-WMC/MU/MUsbj086.csv","update","1300","4","86","300243","301545"
"MU.osexp","C:\Users\Public\Experiments\IDs\05-WMC\MU","Tr8_update2.png","1","286969","C:/Users/Public/Experiments/IDs/05-WMC/MU/MUsbj086.csv","update","1300","4","86","301909","303211"
"MU.osexp","C:\Users\Public\Experiments\IDs\05-WMC\MU","Tr8_update3.png","1","286969","C:/Users/Public/Experiments/IDs/05-WMC/MU/MUsbj086.csv","update","1300","4","86","303557","304858"
"MU.osexp","C:\Users\Public\Experiments\IDs\05-WMC\MU","Tr8_test1.png","7","307632","C:/Users/Public/Experiments/IDs/05-WMC/MU/MUsbj086.csv","test","0","4","86","305212","307633"
"MU.osexp","C:\Users\Public\Experiments\IDs\05-WMC\MU","Tr8_test2.png","2","310056","C:/Users/Public/Experiments/IDs/05-WMC/MU/MUsbj086.csv","test","0","4","86","308713","310057"
"MU.osexp","C:\Users\Public\Experiments\IDs\05-WMC\MU","Tr8_test3.png","9","312713","C:/Users/Public/Experiments/IDs/05-WMC/MU/MUsbj086.csv","test","0","4","86","311199","312714"
"MU.osexp","C:\Users\Public\Experiments\IDs\05-WMC\MU","Tr8_test4.png","2","314537","C:/Users/Public/Experiments/IDs/05-WMC/MU/MUsbj086.csv","test","0","4","86","313786","314538"
"MU.osexp","C:\Users\Public\Experiments\IDs\05-WMC\MU","wait.png","2","314537","C:/Users/Public/Experiments/IDs/05-WMC/MU/MUsbj086.csv","wait","5000","5","86","315613","314538"
"MU.osexp","C:\Users\Public\Experiments\IDs\05-WMC\MU","fixation.png","2","314537","C:/Users/Public/Experiments/IDs/05-WMC/MU/MUsbj086.csv","fix","1500","5","86","320680","314538"
"MU.osexp","C:\Users\Public\Experiments\IDs\05-WMC\MU","Tr9_study1.png","2","314537","C:/Users/Public/Experiments/IDs/05-WMC/MU/MUsbj086.csv","study","1000","5","86","322269","323270"
"MU.osexp","C:\Users\Public\Experiments\IDs\05-WMC\MU","Tr9_study2.png","2","314537","C:/Users/Public/Experiments/IDs/05-WMC/MU/MUsbj086.csv","study","1000","5","86","323608","324609"
"MU.osexp","C:\Users\Public\Experiments\IDs\05-WMC\MU","Tr9_study3.png","2","314537","C:/Users/Public/Experiments/IDs/05-WMC/MU/MUsbj086.csv","study","1000","5","86","324940","325940"
"MU.osexp","C:\Users\Public\Experiments\IDs\05-WMC\MU","Tr9_study4.png","2","314537","C:/Users/Public/Experiments/IDs/05-WMC/MU/MUsbj086.csv","study","1000","5","86","326262","327264"
"MU.osexp","C:\Users\Public\Experiments\IDs\05-WMC\MU","Tr9_study5.png","2","314537","C:/Users/Public/Experiments/IDs/05-WMC/MU/MUsbj086.csv","study","1000","5","86","327586","328586"
"MU.osexp","C:\Users\Public\Experiments\IDs\05-WMC\MU","Tr9_update1.png","2","314537","C:/Users/Public/Experiments/IDs/05-WMC/MU/MUsbj086.csv","update","1300","5","86","328906","330207"
"MU.osexp","C:\Users\Public\Experiments\IDs\05-WMC\MU","Tr9_update2.png","2","314537","C:/Users/Public/Experiments/IDs/05-WMC/MU/MUsbj086.csv","update","1300","5","86","330568","331868"
"MU.osexp","C:\Users\Public\Experiments\IDs\05-WMC\MU","Tr9_test1.png","4","335313","C:/Users/Public/Experiments/IDs/05-WMC/MU/MUsbj086.csv","test","0","5","86","332182","335314"
"MU.osexp","C:\Users\Public\Experiments\IDs\05-WMC\MU","Tr9_test2.png","1","339089","C:/Users/Public/Experiments/IDs/05-WMC/MU/MUsbj086.csv","test","0","5","86","336387","339090"
"MU.osexp","C:\Users\Public\Experiments\IDs\05-WMC\MU","Tr9_test3.png","7","341912","C:/Users/Public/Experiments/IDs/05-WMC/MU/MUsbj086.csv","test","0","5","86","340171","341913"
"MU.osexp","C:\Users\Public\Experiments\IDs\05-WMC\MU","Tr9_test4.png","6","344856","C:/Users/Public/Experiments/IDs/05-WMC/MU/MUsbj086.csv","test","0","5","86","342973","344857"
"MU.osexp","C:\Users\Public\Experiments\IDs\05-WMC\MU","Tr9_test5.png","9","346785","C:/Users/Public/Experiments/IDs/05-WMC/MU/MUsbj086.csv","test","0","5","86","345949","346786"
"MU.osexp","C:\Users\Public\Experiments\IDs\05-WMC\MU","wait.png","9","346785","C:/Users/Public/Experiments/IDs/05-WMC/MU/MUsbj086.csv","wait","5000","3","86","347869","346786"
"MU.osexp","C:\Users\Public\Experiments\IDs\05-WMC\MU","fixation.png","9","346785","C:/Users/Public/Experiments/IDs/05-WMC/MU/MUsbj086.csv","fix","1500","3","86","352957","346786"
"MU.osexp","C:\Users\Public\Experiments\IDs\05-WMC\MU","Tr10_study1.png","9","346785","C:/Users/Public/Experiments/IDs/05-WMC/MU/MUsbj086.csv","study","1000","3","86","354558","355558"
"MU.osexp","C:\Users\Public\Experiments\IDs\05-WMC\MU","Tr10_study2.png","9","346785","C:/Users/Public/Experiments/IDs/05-WMC/MU/MUsbj086.csv","study","1000","3","86","355981","356982"
"MU.osexp","C:\Users\Public\Experiments\IDs\05-WMC\MU","Tr10_study3.png","9","346785","C:/Users/Public/Experiments/IDs/05-WMC/MU/MUsbj086.csv","study","1000","3","86","357305","358305"
"MU.osexp","C:\Users\Public\Experiments\IDs\05-WMC\MU","Tr10_update1.png","9","346785","C:/Users/Public/Experiments/IDs/05-WMC/MU/MUsbj086.csv","update","1300","3","86","358635","359936"
"MU.osexp","C:\Users\Public\Experiments\IDs\05-WMC\MU","Tr10_update2.png","9","346785","C:/Users/Public/Experiments/IDs/05-WMC/MU/MUsbj086.csv","update","1300","3","86","360253","361553"
"MU.osexp","C:\Users\Public\Experiments\IDs\05-WMC\MU","Tr10_test1.png","5","364969","C:/Users/Public/Experiments/IDs/05-WMC/MU/MUsbj086.csv","test","0","3","86","361883","364970"
"MU.osexp","C:\Users\Public\Experiments\IDs\05-WMC\MU","Tr10_test2.png","7","369057","C:/Users/Public/Experiments/IDs/05-WMC/MU/MUsbj086.csv","test","0","3","86","366032","369058"
"MU.osexp","C:\Users\Public\Experiments\IDs\05-WMC\MU","Tr10_test3.png","5","370481","C:/Users/Public/Experiments/IDs/05-WMC/MU/MUsbj086.csv","test","0","3","86","370127","370482"
"MU.osexp","C:\Users\Public\Experiments\IDs\05-WMC\MU","wait.png","5","370481","C:/Users/Public/Experiments/IDs/05-WMC/MU/MUsbj086.csv","wait","5000","5","86","371560","370482"
"MU.osexp","C:\Users\Public\Experiments\IDs\05-WMC\MU","fixation.png","5","370481","C:/Users/Public/Experiments/IDs/05-WMC/MU/MUsbj086.csv","fix","1500","5","86","376703","370482"
"MU.osexp","C:\Users\Public\Experiments\IDs\05-WMC\MU","Tr11_study1.png","5","370481","C:/Users/Public/Experiments/IDs/05-WMC/MU/MUsbj086.csv","study","1000","5","86","378282","379283"
"MU.osexp","C:\Users\Public\Experiments\IDs\05-WMC\MU","Tr11_study2.png","5","370481","C:/Users/Public/Experiments/IDs/05-WMC/MU/MUsbj086.csv","study","1000","5","86","379612","380614"
"MU.osexp","C:\Users\Public\Experiments\IDs\05-WMC\MU","Tr11_study3.png","5","370481","C:/Users/Public/Experiments/IDs/05-WMC/MU/MUsbj086.csv","study","1000","5","86","380965","381966"
"MU.osexp","C:\Users\Public\Experiments\IDs\05-WMC\MU","Tr11_study4.png","5","370481","C:/Users/Public/Experiments/IDs/05-WMC/MU/MUsbj086.csv","study","1000","5","86","382296","383296"
"MU.osexp","C:\Users\Public\Experiments\IDs\05-WMC\MU","Tr11_study5.png","5","370481","C:/Users/Public/Experiments/IDs/05-WMC/MU/MUsbj086.csv","study","1000","5","86","383631","384631"
"MU.osexp","C:\Users\Public\Experiments\IDs\05-WMC\MU","Tr11_update1.png","5","370481","C:/Users/Public/Experiments/IDs/05-WMC/MU/MUsbj086.csv","update","1300","5","86","384961","386261"
"MU.osexp","C:\Users\Public\Experiments\IDs\05-WMC\MU","Tr11_update2.png","5","370481","C:/Users/Public/Experiments/IDs/05-WMC/MU/MUsbj086.csv","update","1300","5","86","386575","387875"
"MU.osexp","C:\Users\Public\Experiments\IDs\05-WMC\MU","Tr11_update3.png","5","370481","C:/Users/Public/Experiments/IDs/05-WMC/MU/MUsbj086.csv","update","1300","5","86","388210","389510"
"MU.osexp","C:\Users\Public\Experiments\IDs\05-WMC\MU","Tr11_test1.png","7","395200","C:/Users/Public/Experiments/IDs/05-WMC/MU/MUsbj086.csv","test","0","5","86","389843","395201"
"MU.osexp","C:\Users\Public\Experiments\IDs\05-WMC\MU","Tr11_test2.png","1","398320","C:/Users/Public/Experiments/IDs/05-WMC/MU/MUsbj086.csv","test","0","5","86","396286","398321"
"MU.osexp","C:\Users\Public\Experiments\IDs\05-WMC\MU","Tr11_test3.png","5","400961","C:/Users/Public/Experiments/IDs/05-WMC/MU/MUsbj086.csv","test","0","5","86","399410","400962"
"MU.osexp","C:\Users\Public\Experiments\IDs\05-WMC\MU","Tr11_test4.png","6","404105","C:/Users/Public/Experiments/IDs/05-WMC/MU/MUsbj086.csv","test","0","5","86","402171","404106"
"MU.osexp","C:\Users\Public\Experiments\IDs\05-WMC\MU","Tr11_test5.png","3","407721","C:/Users/Public/Experiments/IDs/05-WMC/MU/MUsbj086.csv","test","0","5","86","405193","407722"
"MU.osexp","C:\Users\Public\Experiments\IDs\05-WMC\MU","wait.png","3","407721","C:/Users/Public/Experiments/IDs/05-WMC/MU/MUsbj086.csv","wait","5000","3","86","408788","407722"
"MU.osexp","C:\Users\Public\Experiments\IDs\05-WMC\MU","fixation.png","3","407721","C:/Users/Public/Experiments/IDs/05-WMC/MU/MUsbj086.csv","fix","1500","3","86","413865","407722"
"MU.osexp","C:\Users\Public\Experiments\IDs\05-WMC\MU","Tr12_study1.png","3","407721","C:/Users/Public/Experiments/IDs/05-WMC/MU/MUsbj086.csv","study","1000","3","86","415454","416455"
"MU.osexp","C:\Users\Public\Experiments\IDs\05-WMC\MU","Tr12_study2.png","3","407721","C:/Users/Public/Experiments/IDs/05-WMC/MU/MUsbj086.csv","study","1000","3","86","416783","417783"
"MU.osexp","C:\Users\Public\Experiments\IDs\05-WMC\MU","Tr12_study3.png","3","407721","C:/Users/Public/Experiments/IDs/05-WMC/MU/MUsbj086.csv","study","1000","3","86","418106","419106"
"MU.osexp","C:\Users\Public\Experiments\IDs\05-WMC\MU","Tr12_update1.png","3","407721","C:/Users/Public/Experiments/IDs/05-WMC/MU/MUsbj086.csv","update","1300","3","86","419581","420882"
"MU.osexp","C:\Users\Public\Experiments\IDs\05-WMC\MU","Tr12_update2.png","3","407721","C:/Users/Public/Experiments/IDs/05-WMC/MU/MUsbj086.csv","update","1300","3","86","421220","422521"
"MU.osexp","C:\Users\Public\Experiments\IDs\05-WMC\MU","Tr12_update3.png","3","407721","C:/Users/Public/Experiments/IDs/05-WMC/MU/MUsbj086.csv","update","1300","3","86","422850","424152"
"MU.osexp","C:\Users\Public\Experiments\IDs\05-WMC\MU","Tr12_update4.png","3","407721","C:/Users/Public/Experiments/IDs/05-WMC/MU/MUsbj086.csv","update","1300","3","86","424614","425914"
"MU.osexp","C:\Users\Public\Experiments\IDs\05-WMC\MU","Tr12_update5.png","3","407721","C:/Users/Public/Experiments/IDs/05-WMC/MU/MUsbj086.csv","update","1300","3","86","426250","427550"
"MU.osexp","C:\Users\Public\Experiments\IDs\05-WMC\MU","Tr12_test1.png","5","429769","C:/Users/Public/Experiments/IDs/05-WMC/MU/MUsbj086.csv","test","0","3","86","427881","429769"
"MU.osexp","C:\Users\Public\Experiments\IDs\05-WMC\MU","Tr12_test2.png","4","432016","C:/Users/Public/Experiments/IDs/05-WMC/MU/MUsbj086.csv","test","0","3","86","430966","432017"
"MU.osexp","C:\Users\Public\Experiments\IDs\05-WMC\MU","Tr12_test3.png","9","433488","C:/Users/Public/Experiments/IDs/05-WMC/MU/MUsbj086.csv","test","0","3","86","433103","433489"
"MU.osexp","C:\Users\Public\Experiments\IDs\05-WMC\MU","wait.png","9","433488","C:/Users/Public/Experiments/IDs/05-WMC/MU/MUsbj086.csv","wait","5000","3","86","434557","433489"
"MU.osexp","C:\Users\Public\Experiments\IDs\05-WMC\MU","fixation.png","9","433488","C:/Users/Public/Experiments/IDs/05-WMC/MU/MUsbj086.csv","fix","1500","3","86","439648","433489"
"MU.osexp","C:\Users\Public\Experiments\IDs\05-WMC\MU","Tr13_study1.png","9","433488","C:/Users/Public/Experiments/IDs/05-WMC/MU/MUsbj086.csv","study","1000","3","86","441238","442238"
"MU.osexp","C:\Users\Public\Experiments\IDs\05-WMC\MU","Tr13_study2.png","9","433488","C:/Users/Public/Experiments/IDs/05-WMC/MU/MUsbj086.csv","study","1000","3","86","442569","443569"
"MU.osexp","C:\Users\Public\Experiments\IDs\05-WMC\MU","Tr13_study3.png","9","433488","C:/Users/Public/Experiments/IDs/05-WMC/MU/MUsbj086.csv","study","1000","3","86","444026","445026"
"MU.osexp","C:\Users\Public\Experiments\IDs\05-WMC\MU","Tr13_update1.png","9","433488","C:/Users/Public/Experiments/IDs/05-WMC/MU/MUsbj086.csv","update","1300","3","86","445360","446662"
"MU.osexp","C:\Users\Public\Experiments\IDs\05-WMC\MU","Tr13_update2.png","9","433488","C:/Users/Public/Experiments/IDs/05-WMC/MU/MUsbj086.csv","update","1300","3","86","446991","448291"
"MU.osexp","C:\Users\Public\Experiments\IDs\05-WMC\MU","Tr13_update3.png","9","433488","C:/Users/Public/Experiments/IDs/05-WMC/MU/MUsbj086.csv","update","1300","3","86","448689","449989"
"MU.osexp","C:\Users\Public\Experiments\IDs\05-WMC\MU","Tr13_update4.png","9","433488","C:/Users/Public/Experiments/IDs/05-WMC/MU/MUsbj086.csv","update","1300","3","86","450310","451611"
"MU.osexp","C:\Users\Public\Experiments\IDs\05-WMC\MU","Tr13_test1.png","3","453617","C:/Users/Public/Experiments/IDs/05-WMC/MU/MUsbj086.csv","test","0","3","86","451956","453618"
"MU.osexp","C:\Users\Public\Experiments\IDs\05-WMC\MU","Tr13_test2.png","1","455689","C:/Users/Public/Experiments/IDs/05-WMC/MU/MUsbj086.csv","test","0","3","86","454788","455690"
"MU.osexp","C:\Users\Public\Experiments\IDs\05-WMC\MU","Tr13_test3.png","5","457089","C:/Users/Public/Experiments/IDs/05-WMC/MU/MUsbj086.csv","test","0","3","86","456765","457090"
"MU.osexp","C:\Users\Public\Experiments\IDs\05-WMC\MU","wait.png","5","457089","C:/Users/Public/Experiments/IDs/05-WMC/MU/MUsbj086.csv","wait","5000","5","86","458170","457090"
"MU.osexp","C:\Users\Public\Experiments\IDs\05-WMC\MU","fixation.png","5","457089","C:/Users/Public/Experiments/IDs/05-WMC/MU/MUsbj086.csv","fix","1500","5","86","463235","457090"
"MU.osexp","C:\Users\Public\Experiments\IDs\05-WMC\MU","Tr14_study1.png","5","457089","C:/Users/Public/Experiments/IDs/05-WMC/MU/MUsbj086.csv","study","1000","5","86","464806","465807"
"MU.osexp","C:\Users\Public\Experiments\IDs\05-WMC\MU","Tr14_study2.png","5","457089","C:/Users/Public/Experiments/IDs/05-WMC/MU/MUsbj086.csv","study","1000","5","86","466135","467135"
"MU.osexp","C:\Users\Public\Experiments\IDs\05-WMC\MU","Tr14_study3.png","5","457089","C:/Users/Public/Experiments/IDs/05-WMC/MU/MUsbj086.csv","study","1000","5","86","467475","468475"
"MU.osexp","C:\Users\Public\Experiments\IDs\05-WMC\MU","Tr14_study4.png","5","457089","C:/Users/Public/Experiments/IDs/05-WMC/MU/MUsbj086.csv","study","1000","5","86","468800","469801"
"MU.osexp","C:\Users\Public\Experiments\IDs\05-WMC\MU","Tr14_study5.png","5","457089","C:/Users/Public/Experiments/IDs/05-WMC/MU/MUsbj086.csv","study","1000","5","86","470137","471138"
"MU.osexp","C:\Users\Public\Experiments\IDs\05-WMC\MU","Tr14_update1.png","5","457089","C:/Users/Public/Experiments/IDs/05-WMC/MU/MUsbj086.csv","update","1300","5","86","471463","472763"
"MU.osexp","C:\Users\Public\Experiments\IDs\05-WMC\MU","Tr14_update2.png","5","457089","C:/Users/Public/Experiments/IDs/05-WMC/MU/MUsbj086.csv","update","1300","5","86","473087","474389"
"MU.osexp","C:\Users\Public\Experiments\IDs\05-WMC\MU","Tr14_update3.png","5","457089","C:/Users/Public/Experiments/IDs/05-WMC/MU/MUsbj086.csv","update","1300","5","86","474712","476013"
"MU.osexp","C:\Users\Public\Experiments\IDs\05-WMC\MU","Tr14_update4.png","5","457089","C:/Users/Public/Experiments/IDs/05-WMC/MU/MUsbj086.csv","update","1300","5","86","476354","477656"
"MU.osexp","C:\Users\Public\Experiments\IDs\05-WMC\MU","Tr14_test1.png","6","481193","C:/Users/Public/Experiments/IDs/05-WMC/MU/MUsbj086.csv","test","0","5","86","477995","481194"
"MU.osexp","C:\Users\Public\Experiments\IDs\05-WMC\MU","Tr14_test2.png","5","483785","C:/Users/Public/Experiments/IDs/05-WMC/MU/MUsbj086.csv","test","0","5","86","482293","483785"
"MU.osexp","C:\Users\Public\Experiments\IDs\05-WMC\MU","Tr14_test3.png","4","486313","C:/Users/Public/Experiments/IDs/05-WMC/MU/MUsbj086.csv","test","0","5","86","484861","486314"
"MU.osexp","C:\Users\Public\Experiments\IDs\05-WMC\MU","Tr14_test4.png","5","490857","C:/Users/Public/Experiments/IDs/05-WMC/MU/MUsbj086.csv","test","0","5","86","487395","490858"
"MU.osexp","C:\Users\Public\Experiments\IDs\05-WMC\MU","Tr14_test5.png","1","493497","C:/Users/Public/Experiments/IDs/05-WMC/MU/MUsbj086.csv","test","0","5","86","491948","493498"
"MU.osexp","C:\Users\Public\Experiments\IDs\05-WMC\MU","wait.png","1","493497","C:/Users/Public/Experiments/IDs/05-WMC/MU/MUsbj086.csv","wait","5000","4","86","494584","493498"
"MU.osexp","C:\Users\Public\Experiments\IDs\05-WMC\MU","fixation.png","1","493497","C:/Users/Public/Experiments/IDs/05-WMC/MU/MUsbj086.csv","fix","1500","4","86","499660","493498"
"MU.osexp","C:\Users\Public\Experiments\IDs\05-WMC\MU","Tr15_study1.png","1","493497","C:/Users/Public/Experiments/IDs/05-WMC/MU/MUsbj086.csv","study","1000","4","86","501250","502251"
"MU.osexp","C:\Users\Public\Experiments\IDs\05-WMC\MU","Tr15_study2.png","1","493497","C:/Users/Public/Experiments/IDs/05-WMC/MU/MUsbj086.csv","study","1000","4","86","502571","503571"
"MU.osexp","C:\Users\Public\Experiments\IDs\05-WMC\MU","Tr15_study3.png","1","493497","C:/Users/Public/Experiments/IDs/05-WMC/MU/MUsbj086.csv","study","1000","4","86","503895","504897"
"MU.osexp","C:\Users\Public\Experiments\IDs\05-WMC\MU","Tr15_study4.png","1","493497","C:/Users/Public/Experiments/IDs/05-WMC/MU/MUsbj086.csv","study","1000","4","86","505250","506250"
"MU.osexp","C:\Users\Public\Experiments\IDs\05-WMC\MU","Tr15_update1.png","1","493497","C:/Users/Public/Experiments/IDs/05-WMC/MU/MUsbj086.csv","update","1300","4","86","506577","507879"
"MU.osexp","C:\Users\Public\Experiments\IDs\05-WMC\MU","Tr15_update2.png","1","493497","C:/Users/Public/Experiments/IDs/05-WMC/MU/MUsbj086.csv","update","1300","4","86","508195","509496"
"MU.osexp","C:\Users\Public\Experiments\IDs\05-WMC\MU","Tr15_update3.png","1","493497","C:/Users/Public/Experiments/IDs/05-WMC/MU/MUsbj086.csv","update","1300","4","86","509821","511123"
"MU.osexp","C:\Users\Public\Experiments\IDs\05-WMC\MU","Tr15_update4.png","1","493497","C:/Users/Public/Experiments/IDs/05-WMC/MU/MUsbj086.csv","update","1300","4","86","511450","512751"
"MU.osexp","C:\Users\Public\Experiments\IDs\05-WMC\MU","Tr15_update5.png","1","493497","C:/Users/Public/Experiments/IDs/05-WMC/MU/MUsbj086.csv","update","1300","4","86","513079","514379"
"MU.osexp","C:\Users\Public\Experiments\IDs\05-WMC\MU","Tr15_update6.png","1","493497","C:/Users/Public/Experiments/IDs/05-WMC/MU/MUsbj086.csv","update","1300","4","86","514711","516011"
"MU.osexp","C:\Users\Public\Experiments\IDs\05-WMC\MU","Tr15_test1.png","6","518993","C:/Users/Public/Experiments/IDs/05-WMC/MU/MUsbj086.csv","test","0","4","86","516354","518993"
"MU.osexp","C:\Users\Public\Experiments\IDs\05-WMC\MU","Tr15_test2.png","9","521201","C:/Users/Public/Experiments/IDs/05-WMC/MU/MUsbj086.csv","test","0","4","86","520065","521202"
"MU.osexp","C:\Users\Public\Experiments\IDs\05-WMC\MU","Tr15_test3.png","5","523769","C:/Users/Public/Experiments/IDs/05-WMC/MU/MUsbj086.csv","test","0","4","86","522281","523770"
"MU.osexp","C:\Users\Public\Experiments\IDs\05-WMC\MU","Tr15_test4.png","9","525593","C:/Users/Public/Experiments/IDs/05-WMC/MU/MUsbj086.csv","test","0","4","86","524856","525594"
"MU.osexp","C:\Users\Public\Experiments\IDs\05-WMC\MU","wait.png","9","525593","C:/Users/Public/Experiments/IDs/05-WMC/MU/MUsbj086.csv","wait","5000","4","86","526654","525594"
"MU.osexp","C:\Users\Public\Experiments\IDs\05-WMC\MU","fixation.png","9","525593","C:/Users/Public/Experiments/IDs/05-WMC/MU/MUsbj086.csv","fix","1500","4","86","531729","525594"
"MU.osexp","C:\Users\Public\Experiments\IDs\05-WMC\MU","Tr16_study1.png","9","525593","C:/Users/Public/Experiments/IDs/05-WMC/MU/MUsbj086.csv","study","1000","4","86","533306","534306"
"MU.osexp","C:\Users\Public\Experiments\IDs\05-WMC\MU","Tr16_study2.png","9","525593","C:/Users/Public/Experiments/IDs/05-WMC/MU/MUsbj086.csv","study","1000","4","86","534658","535658"
"MU.osexp","C:\Users\Public\Experiments\IDs\05-WMC\MU","Tr16_study3.png","9","525593","C:/Users/Public/Experiments/IDs/05-WMC/MU/MUsbj086.csv","study","1000","4","86","535990","536991"
"MU.osexp","C:\Users\Public\Experiments\IDs\05-WMC\MU","Tr16_study4.png","9","525593","C:/Users/Public/Experiments/IDs/05-WMC/MU/MUsbj086.csv","study","1000","4","86","537325","538326"
"MU.osexp","C:\Users\Public\Experiments\IDs\05-WMC\MU","Tr16_update1.png","9","525593","C:/Users/Public/Experiments/IDs/05-WMC/MU/MUsbj086.csv","update","1300","4","86","538669","539971"
"MU.osexp","C:\Users\Public\Experiments\IDs\05-WMC\MU","Tr16_update2.png","9","525593","C:/Users/Public/Experiments/IDs/05-WMC/MU/MUsbj086.csv","update","1300","4","86","540306","541607"
"MU.osexp","C:\Users\Public\Experiments\IDs\05-WMC\MU","Tr16_test1.png","4","544457","C:/Users/Public/Experiments/IDs/05-WMC/MU/MUsbj086.csv","test","0","4","86","541931","544458"
"MU.osexp","C:\Users\Public\Experiments\IDs\05-WMC\MU","Tr16_test2.png","7","548057","C:/Users/Public/Experiments/IDs/05-WMC/MU/MUsbj086.csv","test","0","4","86","545703","548058"
"MU.osexp","C:\Users\Public\Experiments\IDs\05-WMC\MU","Tr16_test3.png","8","550921","C:/Users/Public/Experiments/IDs/05-WMC/MU/MUsbj086.csv","test","0","4","86","549139","550922"
"MU.osexp","C:\Users\Public\Experiments\IDs\05-WMC\MU","Tr16_test4.png","6","552793","C:/Users/Public/Experiments/IDs/05-WMC/MU/MUsbj086.csv","test","0","4","86","551998","552794"
"MU.osexp","C:\Users\Public\Experiments\IDs\05-WMC\MU","wait.png","6","552793","C:/Users/Public/Experiments/IDs/05-WMC/MU/MUsbj086.csv","wait","5000","5","86","553873","552794"
"MU.osexp","C:\Users\Public\Experiments\IDs\05-WMC\MU","fixation.png","6","552793","C:/Users/Public/Experiments/IDs/05-WMC/MU/MUsbj086.csv","fix","1500","5","86","558950","552794"
"MU.osexp","C:\Users\Public\Experiments\IDs\05-WMC\MU","Tr17_study1.png","6","552793","C:/Users/Public/Experiments/IDs/05-WMC/MU/MUsbj086.csv","study","1000","5","86","560545","561546"
"MU.osexp","C:\Users\Public\Experiments\IDs\05-WMC\MU","Tr17_study2.png","6","552793","C:/Users/Public/Experiments/IDs/05-WMC/MU/MUsbj086.csv","study","1000","5","86","561878","562878"
"MU.osexp","C:\Users\Public\Experiments\IDs\05-WMC\MU","Tr17_study3.png","6","552793","C:/Users/Public/Experiments/IDs/05-WMC/MU/MUsbj086.csv","study","1000","5","86","563201","564202"
"MU.osexp","C:\Users\Public\Experiments\IDs\05-WMC\MU","Tr17_study4.png","6","552793","C:/Users/Public/Experiments/IDs/05-WMC/MU/MUsbj086.csv","study","1000","5","86","564529","565530"
"MU.osexp","C:\Users\Public\Experiments\IDs\05-WMC\MU","Tr17_study5.png","6","552793","C:/Users/Public/Experiments/IDs/05-WMC/MU/MUsbj086.csv","study","1000","5","86","565842","566843"
"MU.osexp","C:\Users\Public\Experiments\IDs\05-WMC\MU","Tr17_update1.png","6","552793","C:/Users/Public/Experiments/IDs/05-WMC/MU/MUsbj086.csv","update","1300","5","86","567167","568469"
"MU.osexp","C:\Users\Public\Experiments\IDs\05-WMC\MU","Tr17_update2.png","6","552793","C:/Users/Public/Experiments/IDs/05-WMC/MU/MUsbj086.csv","update","1300","5","86","568783","570084"
"MU.osexp","C:\Users\Public\Experiments\IDs\05-WMC\MU","Tr17_update3.png","6","552793","C:/Users/Public/Experiments/IDs/05-WMC/MU/MUsbj086.csv","update","1300","5","86","570412","571714"
"MU.osexp","C:\Users\Public\Experiments\IDs\05-WMC\MU","Tr17_update4.png","6","552793","C:/Users/Public/Experiments/IDs/05-WMC/MU/MUsbj086.csv","update","1300","5","86","572051","573351"
"MU.osexp","C:\Users\Public\Experiments\IDs\05-WMC\MU","Tr17_update5.png","6","552793","C:/Users/Public/Experiments/IDs/05-WMC/MU/MUsbj086.csv","update","1300","5","86","573677","574979"
"MU.osexp","C:\Users\Public\Experiments\IDs\05-WMC\MU","Tr17_update6.png","6","552793","C:/Users/Public/Experiments/IDs/05-WMC/MU/MUsbj086.csv","update","1300","5","86","575330","576632"
"MU.osexp","C:\Users\Public\Experiments\IDs\05-WMC\MU","Tr17_test1.png","8","578537","C:/Users/Public/Experiments/IDs/05-WMC/MU/MUsbj086.csv","test","0","5","86","576964","578538"
"MU.osexp","C:\Users\Public\Experiments\IDs\05-WMC\MU","Tr17_test2.png","4","580601","C:/Users/Public/Experiments/IDs/05-WMC/MU/MUsbj086.csv","test","0","5","86","579610","580602"
"MU.osexp","C:\Users\Public\Experiments\IDs\05-WMC\MU","Tr17_test3.png","6","582529","C:/Users/Public/Experiments/IDs/05-WMC/MU/MUsbj086.csv","test","0","5","86","581682","582530"
"MU.osexp","C:\Users\Public\Experiments\IDs\05-WMC\MU","Tr17_test4.png","2","585673","C:/Users/Public/Experiments/IDs/05-WMC/MU/MUsbj086.csv","test","0","5","86","583624","585674"
"MU.osexp","C:\Users\Public\Experiments\IDs\05-WMC\MU","Tr17_test5.png","7","587473","C:/Users/Public/Experiments/IDs/05-WMC/MU/MUsbj086.csv","test","0","5","86","586744","587473"
