"experiment_file","experiment_path","image","key","key_time","logfile","phase","playtime","setSize","subject_nr","timestamp","waittime"
"MU.osexp","C:\Users\Public\Experiments\IDs\05-WMC\MU","ready1.png","NA","NA","C:/Users/Public/Experiments/IDs/05-WMC/MU/MUsbj076.csv","pre","0","3","76","75028","NA"
"MU.osexp","C:\Users\Public\Experiments\IDs\05-WMC\MU","fixation.png","NA","NA","C:/Users/Public/Experiments/IDs/05-WMC/MU/MUsbj076.csv","fix","1500","3","76","76593","NA"
"MU.osexp","C:\Users\Public\Experiments\IDs\05-WMC\MU","Tr1_study1.png","NA","NA","C:/Users/Public/Experiments/IDs/05-WMC/MU/MUsbj076.csv","study","1000","3","76","78175","79175"
"MU.osexp","C:\Users\Public\Experiments\IDs\05-WMC\MU","Tr1_study2.png","NA","NA","C:/Users/Public/Experiments/IDs/05-WMC/MU/MUsbj076.csv","study","1000","3","76","79511","80511"
"MU.osexp","C:\Users\Public\Experiments\IDs\05-WMC\MU","Tr1_study3.png","NA","NA","C:/Users/Public/Experiments/IDs/05-WMC/MU/MUsbj076.csv","study","1000","3","76","80835","81835"
"MU.osexp","C:\Users\Public\Experiments\IDs\05-WMC\MU","Tr1_update1.png","NA","NA","C:/Users/Public/Experiments/IDs/05-WMC/MU/MUsbj076.csv","update","1300","3","76","82167","83467"
"MU.osexp","C:\Users\Public\Experiments\IDs\05-WMC\MU","Tr1_update2.png","NA","NA","C:/Users/Public/Experiments/IDs/05-WMC/MU/MUsbj076.csv","update","1300","3","76","83793","85094"
"MU.osexp","C:\Users\Public\Experiments\IDs\05-WMC\MU","Tr1_update3.png","NA","NA","C:/Users/Public/Experiments/IDs/05-WMC/MU/MUsbj076.csv","update","1300","3","76","85417","86717"
"MU.osexp","C:\Users\Public\Experiments\IDs\05-WMC\MU","Tr1_test1.png","3","92960","C:/Users/Public/Experiments/IDs/05-WMC/MU/MUsbj076.csv","test","0","3","76","87044","92961"
"MU.osexp","C:\Users\Public\Experiments\IDs\05-WMC\MU","Tr1_test2.png","3","98800","C:/Users/Public/Experiments/IDs/05-WMC/MU/MUsbj076.csv","test","0","3","76","94053","98801"
"MU.osexp","C:\Users\Public\Experiments\IDs\05-WMC\MU","Tr1_test3.png","3","109616","C:/Users/Public/Experiments/IDs/05-WMC/MU/MUsbj076.csv","test","0","3","76","99876","109617"
"MU.osexp","C:\Users\Public\Experiments\IDs\05-WMC\MU","wait.png","3","109616","C:/Users/Public/Experiments/IDs/05-WMC/MU/MUsbj076.csv","wait","5000","3","76","110703","109617"
"MU.osexp","C:\Users\Public\Experiments\IDs\05-WMC\MU","fixation.png","3","109616","C:/Users/Public/Experiments/IDs/05-WMC/MU/MUsbj076.csv","fix","1500","3","76","115883","109617"
"MU.osexp","C:\Users\Public\Experiments\IDs\05-WMC\MU","Tr2_study1.png","3","109616","C:/Users/Public/Experiments/IDs/05-WMC/MU/MUsbj076.csv","study","1000","3","76","117453","118453"
"MU.osexp","C:\Users\Public\Experiments\IDs\05-WMC\MU","Tr2_study2.png","3","109616","C:/Users/Public/Experiments/IDs/05-WMC/MU/MUsbj076.csv","study","1000","3","76","118787","119787"
"MU.osexp","C:\Users\Public\Experiments\IDs\05-WMC\MU","Tr2_study3.png","3","109616","C:/Users/Public/Experiments/IDs/05-WMC/MU/MUsbj076.csv","study","1000","3","76","120110","121110"
"MU.osexp","C:\Users\Public\Experiments\IDs\05-WMC\MU","Tr2_update1.png","3","109616","C:/Users/Public/Experiments/IDs/05-WMC/MU/MUsbj076.csv","update","1300","3","76","121437","122737"
"MU.osexp","C:\Users\Public\Experiments\IDs\05-WMC\MU","Tr2_update2.png","3","109616","C:/Users/Public/Experiments/IDs/05-WMC/MU/MUsbj076.csv","update","1300","3","76","123063","124363"
"MU.osexp","C:\Users\Public\Experiments\IDs\05-WMC\MU","Tr2_update3.png","3","109616","C:/Users/Public/Experiments/IDs/05-WMC/MU/MUsbj076.csv","update","1300","3","76","124696","125996"
"MU.osexp","C:\Users\Public\Experiments\IDs\05-WMC\MU","Tr2_test1.png","4","145304","C:/Users/Public/Experiments/IDs/05-WMC/MU/MUsbj076.csv","test","0","3","76","126320","145305"
"MU.osexp","C:\Users\Public\Experiments\IDs\05-WMC\MU","Tr2_test2.png","6","149632","C:/Users/Public/Experiments/IDs/05-WMC/MU/MUsbj076.csv","test","0","3","76","146391","149633"
"MU.osexp","C:\Users\Public\Experiments\IDs\05-WMC\MU","Tr2_test3.png","1","166304","C:/Users/Public/Experiments/IDs/05-WMC/MU/MUsbj076.csv","test","0","3","76","150705","166305"
"MU.osexp","C:\Users\Public\Experiments\IDs\05-WMC\MU","ready2.png","1","166304","C:/Users/Public/Experiments/IDs/05-WMC/MU/MUsbj076.csv","pre","0","3","76","170275","166305"
"MU.osexp","C:\Users\Public\Experiments\IDs\05-WMC\MU","fixation.png","1","166304","C:/Users/Public/Experiments/IDs/05-WMC/MU/MUsbj076.csv","fix","1500","3","76","171822","166305"
"MU.osexp","C:\Users\Public\Experiments\IDs\05-WMC\MU","Tr3_study1.png","1","166304","C:/Users/Public/Experiments/IDs/05-WMC/MU/MUsbj076.csv","study","1000","3","76","173389","174389"
"MU.osexp","C:\Users\Public\Experiments\IDs\05-WMC\MU","Tr3_study2.png","1","166304","C:/Users/Public/Experiments/IDs/05-WMC/MU/MUsbj076.csv","study","1000","3","76","174710","175710"
"MU.osexp","C:\Users\Public\Experiments\IDs\05-WMC\MU","Tr3_study3.png","1","166304","C:/Users/Public/Experiments/IDs/05-WMC/MU/MUsbj076.csv","study","1000","3","76","176027","177027"
"MU.osexp","C:\Users\Public\Experiments\IDs\05-WMC\MU","Tr3_update1.png","1","166304","C:/Users/Public/Experiments/IDs/05-WMC/MU/MUsbj076.csv","update","1300","3","76","177348","178648"
"MU.osexp","C:\Users\Public\Experiments\IDs\05-WMC\MU","Tr3_update2.png","1","166304","C:/Users/Public/Experiments/IDs/05-WMC/MU/MUsbj076.csv","update","1300","3","76","179084","180384"
"MU.osexp","C:\Users\Public\Experiments\IDs\05-WMC\MU","Tr3_update3.png","1","166304","C:/Users/Public/Experiments/IDs/05-WMC/MU/MUsbj076.csv","update","1300","3","76","180707","182007"
"MU.osexp","C:\Users\Public\Experiments\IDs\05-WMC\MU","Tr3_test1.png","1","191512","C:/Users/Public/Experiments/IDs/05-WMC/MU/MUsbj076.csv","test","0","3","76","182334","191512"
"MU.osexp","C:\Users\Public\Experiments\IDs\05-WMC\MU","Tr3_test2.png","1","196760","C:/Users/Public/Experiments/IDs/05-WMC/MU/MUsbj076.csv","test","0","3","76","192594","196761"
"MU.osexp","C:\Users\Public\Experiments\IDs\05-WMC\MU","Tr3_test3.png","6","210880","C:/Users/Public/Experiments/IDs/05-WMC/MU/MUsbj076.csv","test","0","3","76","197834","210881"
"MU.osexp","C:\Users\Public\Experiments\IDs\05-WMC\MU","wait.png","6","210880","C:/Users/Public/Experiments/IDs/05-WMC/MU/MUsbj076.csv","wait","5000","4","76","211960","210881"
"MU.osexp","C:\Users\Public\Experiments\IDs\05-WMC\MU","fixation.png","6","210880","C:/Users/Public/Experiments/IDs/05-WMC/MU/MUsbj076.csv","fix","1500","4","76","217037","210881"
"MU.osexp","C:\Users\Public\Experiments\IDs\05-WMC\MU","Tr4_study1.png","6","210880","C:/Users/Public/Experiments/IDs/05-WMC/MU/MUsbj076.csv","study","1000","4","76","218610","219610"
"MU.osexp","C:\Users\Public\Experiments\IDs\05-WMC\MU","Tr4_study2.png","6","210880","C:/Users/Public/Experiments/IDs/05-WMC/MU/MUsbj076.csv","study","1000","4","76","219944","220944"
"MU.osexp","C:\Users\Public\Experiments\IDs\05-WMC\MU","Tr4_study3.png","6","210880","C:/Users/Public/Experiments/IDs/05-WMC/MU/MUsbj076.csv","study","1000","4","76","221289","222289"
"MU.osexp","C:\Users\Public\Experiments\IDs\05-WMC\MU","Tr4_study4.png","6","210880","C:/Users/Public/Experiments/IDs/05-WMC/MU/MUsbj076.csv","study","1000","4","76","222612","223612"
"MU.osexp","C:\Users\Public\Experiments\IDs\05-WMC\MU","Tr4_update1.png","6","210880","C:/Users/Public/Experiments/IDs/05-WMC/MU/MUsbj076.csv","update","1300","4","76","223924","225224"
"MU.osexp","C:\Users\Public\Experiments\IDs\05-WMC\MU","Tr4_update2.png","6","210880","C:/Users/Public/Experiments/IDs/05-WMC/MU/MUsbj076.csv","update","1300","4","76","225555","226855"
"MU.osexp","C:\Users\Public\Experiments\IDs\05-WMC\MU","Tr4_update3.png","6","210880","C:/Users/Public/Experiments/IDs/05-WMC/MU/MUsbj076.csv","update","1300","4","76","227187","228487"
"MU.osexp","C:\Users\Public\Experiments\IDs\05-WMC\MU","Tr4_update4.png","6","210880","C:/Users/Public/Experiments/IDs/05-WMC/MU/MUsbj076.csv","update","1300","4","76","228808","230108"
"MU.osexp","C:\Users\Public\Experiments\IDs\05-WMC\MU","Tr4_test1.png","3","237168","C:/Users/Public/Experiments/IDs/05-WMC/MU/MUsbj076.csv","test","0","4","76","230467","237169"
"MU.osexp","C:\Users\Public\Experiments\IDs\05-WMC\MU","Tr4_test2.png","1","244777","C:/Users/Public/Experiments/IDs/05-WMC/MU/MUsbj076.csv","test","0","4","76","238323","244777"
"MU.osexp","C:\Users\Public\Experiments\IDs\05-WMC\MU","Tr4_test3.png","5","257128","C:/Users/Public/Experiments/IDs/05-WMC/MU/MUsbj076.csv","test","0","4","76","245842","257129"
"MU.osexp","C:\Users\Public\Experiments\IDs\05-WMC\MU","Tr4_test4.png","5","266848","C:/Users/Public/Experiments/IDs/05-WMC/MU/MUsbj076.csv","test","0","4","76","258325","266849"
"MU.osexp","C:\Users\Public\Experiments\IDs\05-WMC\MU","wait.png","5","266848","C:/Users/Public/Experiments/IDs/05-WMC/MU/MUsbj076.csv","wait","5000","3","76","267926","266849"
"MU.osexp","C:\Users\Public\Experiments\IDs\05-WMC\MU","fixation.png","5","266848","C:/Users/Public/Experiments/IDs/05-WMC/MU/MUsbj076.csv","fix","1500","3","76","272993","266849"
"MU.osexp","C:\Users\Public\Experiments\IDs\05-WMC\MU","Tr5_study1.png","5","266848","C:/Users/Public/Experiments/IDs/05-WMC/MU/MUsbj076.csv","study","1000","3","76","274569","275569"
"MU.osexp","C:\Users\Public\Experiments\IDs\05-WMC\MU","Tr5_study2.png","5","266848","C:/Users/Public/Experiments/IDs/05-WMC/MU/MUsbj076.csv","study","1000","3","76","275886","276886"
"MU.osexp","C:\Users\Public\Experiments\IDs\05-WMC\MU","Tr5_study3.png","5","266848","C:/Users/Public/Experiments/IDs/05-WMC/MU/MUsbj076.csv","study","1000","3","76","277210","278210"
"MU.osexp","C:\Users\Public\Experiments\IDs\05-WMC\MU","Tr5_update1.png","5","266848","C:/Users/Public/Experiments/IDs/05-WMC/MU/MUsbj076.csv","update","1300","3","76","278536","279836"
"MU.osexp","C:\Users\Public\Experiments\IDs\05-WMC\MU","Tr5_update2.png","5","266848","C:/Users/Public/Experiments/IDs/05-WMC/MU/MUsbj076.csv","update","1300","3","76","280161","281461"
"MU.osexp","C:\Users\Public\Experiments\IDs\05-WMC\MU","Tr5_update3.png","5","266848","C:/Users/Public/Experiments/IDs/05-WMC/MU/MUsbj076.csv","update","1300","3","76","281779","283079"
"MU.osexp","C:\Users\Public\Experiments\IDs\05-WMC\MU","Tr5_update4.png","5","266848","C:/Users/Public/Experiments/IDs/05-WMC/MU/MUsbj076.csv","update","1300","3","76","283403","284703"
"MU.osexp","C:\Users\Public\Experiments\IDs\05-WMC\MU","Tr5_update5.png","5","266848","C:/Users/Public/Experiments/IDs/05-WMC/MU/MUsbj076.csv","update","1300","3","76","285037","286337"
"MU.osexp","C:\Users\Public\Experiments\IDs\05-WMC\MU","Tr5_update6.png","5","266848","C:/Users/Public/Experiments/IDs/05-WMC/MU/MUsbj076.csv","update","1300","3","76","286661","287961"
"MU.osexp","C:\Users\Public\Experiments\IDs\05-WMC\MU","Tr5_test1.png","3","296793","C:/Users/Public/Experiments/IDs/05-WMC/MU/MUsbj076.csv","test","0","3","76","288287","296793"
"MU.osexp","C:\Users\Public\Experiments\IDs\05-WMC\MU","Tr5_test2.png","7","302928","C:/Users/Public/Experiments/IDs/05-WMC/MU/MUsbj076.csv","test","0","3","76","297863","302929"
"MU.osexp","C:\Users\Public\Experiments\IDs\05-WMC\MU","Tr5_test3.png","9","310848","C:/Users/Public/Experiments/IDs/05-WMC/MU/MUsbj076.csv","test","0","3","76","304005","310849"
"MU.osexp","C:\Users\Public\Experiments\IDs\05-WMC\MU","wait.png","9","310848","C:/Users/Public/Experiments/IDs/05-WMC/MU/MUsbj076.csv","wait","5000","4","76","311930","310849"
"MU.osexp","C:\Users\Public\Experiments\IDs\05-WMC\MU","fixation.png","9","310848","C:/Users/Public/Experiments/IDs/05-WMC/MU/MUsbj076.csv","fix","1500","4","76","316999","310849"
"MU.osexp","C:\Users\Public\Experiments\IDs\05-WMC\MU","Tr6_study1.png","9","310848","C:/Users/Public/Experiments/IDs/05-WMC/MU/MUsbj076.csv","study","1000","4","76","318566","319566"
"MU.osexp","C:\Users\Public\Experiments\IDs\05-WMC\MU","Tr6_study2.png","9","310848","C:/Users/Public/Experiments/IDs/05-WMC/MU/MUsbj076.csv","study","1000","4","76","319939","320939"
"MU.osexp","C:\Users\Public\Experiments\IDs\05-WMC\MU","Tr6_study3.png","9","310848","C:/Users/Public/Experiments/IDs/05-WMC/MU/MUsbj076.csv","study","1000","4","76","321274","322274"
"MU.osexp","C:\Users\Public\Experiments\IDs\05-WMC\MU","Tr6_study4.png","9","310848","C:/Users/Public/Experiments/IDs/05-WMC/MU/MUsbj076.csv","study","1000","4","76","322607","323607"
"MU.osexp","C:\Users\Public\Experiments\IDs\05-WMC\MU","Tr6_update1.png","9","310848","C:/Users/Public/Experiments/IDs/05-WMC/MU/MUsbj076.csv","update","1300","4","76","323932","325232"
"MU.osexp","C:\Users\Public\Experiments\IDs\05-WMC\MU","Tr6_update2.png","9","310848","C:/Users/Public/Experiments/IDs/05-WMC/MU/MUsbj076.csv","update","1300","4","76","325549","326849"
"MU.osexp","C:\Users\Public\Experiments\IDs\05-WMC\MU","Tr6_update3.png","9","310848","C:/Users/Public/Experiments/IDs/05-WMC/MU/MUsbj076.csv","update","1300","4","76","327167","328467"
"MU.osexp","C:\Users\Public\Experiments\IDs\05-WMC\MU","Tr6_update4.png","9","310848","C:/Users/Public/Experiments/IDs/05-WMC/MU/MUsbj076.csv","update","1300","4","76","328824","330124"
"MU.osexp","C:\Users\Public\Experiments\IDs\05-WMC\MU","Tr6_update5.png","9","310848","C:/Users/Public/Experiments/IDs/05-WMC/MU/MUsbj076.csv","update","1300","4","76","330441","331741"
"MU.osexp","C:\Users\Public\Experiments\IDs\05-WMC\MU","Tr6_test1.png","6","338328","C:/Users/Public/Experiments/IDs/05-WMC/MU/MUsbj076.csv","test","0","4","76","332058","338329"
"MU.osexp","C:\Users\Public\Experiments\IDs\05-WMC\MU","Tr6_test2.png","1","349449","C:/Users/Public/Experiments/IDs/05-WMC/MU/MUsbj076.csv","test","0","4","76","339391","349449"
"MU.osexp","C:\Users\Public\Experiments\IDs\05-WMC\MU","Tr6_test3.png","1","357400","C:/Users/Public/Experiments/IDs/05-WMC/MU/MUsbj076.csv","test","0","4","76","350527","357401"
"MU.osexp","C:\Users\Public\Experiments\IDs\05-WMC\MU","Tr6_test4.png","2","359288","C:/Users/Public/Experiments/IDs/05-WMC/MU/MUsbj076.csv","test","0","4","76","358478","359289"
"MU.osexp","C:\Users\Public\Experiments\IDs\05-WMC\MU","wait.png","2","359288","C:/Users/Public/Experiments/IDs/05-WMC/MU/MUsbj076.csv","wait","5000","5","76","360369","359289"
"MU.osexp","C:\Users\Public\Experiments\IDs\05-WMC\MU","fixation.png","2","359288","C:/Users/Public/Experiments/IDs/05-WMC/MU/MUsbj076.csv","fix","1500","5","76","365435","359289"
"MU.osexp","C:\Users\Public\Experiments\IDs\05-WMC\MU","Tr7_study1.png","2","359288","C:/Users/Public/Experiments/IDs/05-WMC/MU/MUsbj076.csv","study","1000","5","76","367011","368011"
"MU.osexp","C:\Users\Public\Experiments\IDs\05-WMC\MU","Tr7_study2.png","2","359288","C:/Users/Public/Experiments/IDs/05-WMC/MU/MUsbj076.csv","study","1000","5","76","368329","369329"
"MU.osexp","C:\Users\Public\Experiments\IDs\05-WMC\MU","Tr7_study3.png","2","359288","C:/Users/Public/Experiments/IDs/05-WMC/MU/MUsbj076.csv","study","1000","5","76","369654","370654"
"MU.osexp","C:\Users\Public\Experiments\IDs\05-WMC\MU","Tr7_study4.png","2","359288","C:/Users/Public/Experiments/IDs/05-WMC/MU/MUsbj076.csv","study","1000","5","76","370977","371977"
"MU.osexp","C:\Users\Public\Experiments\IDs\05-WMC\MU","Tr7_study5.png","2","359288","C:/Users/Public/Experiments/IDs/05-WMC/MU/MUsbj076.csv","study","1000","5","76","372304","373304"
"MU.osexp","C:\Users\Public\Experiments\IDs\05-WMC\MU","Tr7_update1.png","2","359288","C:/Users/Public/Experiments/IDs/05-WMC/MU/MUsbj076.csv","update","1300","5","76","373628","374928"
"MU.osexp","C:\Users\Public\Experiments\IDs\05-WMC\MU","Tr7_update2.png","2","359288","C:/Users/Public/Experiments/IDs/05-WMC/MU/MUsbj076.csv","update","1300","5","76","375246","376546"
"MU.osexp","C:\Users\Public\Experiments\IDs\05-WMC\MU","Tr7_update3.png","2","359288","C:/Users/Public/Experiments/IDs/05-WMC/MU/MUsbj076.csv","update","1300","5","76","376869","378169"
"MU.osexp","C:\Users\Public\Experiments\IDs\05-WMC\MU","Tr7_update4.png","2","359288","C:/Users/Public/Experiments/IDs/05-WMC/MU/MUsbj076.csv","update","1300","5","76","378496","379796"
"MU.osexp","C:\Users\Public\Experiments\IDs\05-WMC\MU","Tr7_update5.png","2","359288","C:/Users/Public/Experiments/IDs/05-WMC/MU/MUsbj076.csv","update","1300","5","76","380120","381420"
"MU.osexp","C:\Users\Public\Experiments\IDs\05-WMC\MU","Tr7_test1.png","3","384585","C:/Users/Public/Experiments/IDs/05-WMC/MU/MUsbj076.csv","test","0","5","76","381737","384586"
"MU.osexp","C:\Users\Public\Experiments\IDs\05-WMC\MU","Tr7_test2.png","3","388328","C:/Users/Public/Experiments/IDs/05-WMC/MU/MUsbj076.csv","test","0","5","76","385655","388329"
"MU.osexp","C:\Users\Public\Experiments\IDs\05-WMC\MU","Tr7_test3.png","3","389912","C:/Users/Public/Experiments/IDs/05-WMC/MU/MUsbj076.csv","test","0","5","76","389416","389913"
"MU.osexp","C:\Users\Public\Experiments\IDs\05-WMC\MU","Tr7_test4.png","3","391416","C:/Users/Public/Experiments/IDs/05-WMC/MU/MUsbj076.csv","test","0","5","76","390981","391417"
"MU.osexp","C:\Users\Public\Experiments\IDs\05-WMC\MU","Tr7_test5.png","6","397184","C:/Users/Public/Experiments/IDs/05-WMC/MU/MUsbj076.csv","test","0","5","76","392498","397185"
"MU.osexp","C:\Users\Public\Experiments\IDs\05-WMC\MU","wait.png","6","397184","C:/Users/Public/Experiments/IDs/05-WMC/MU/MUsbj076.csv","wait","5000","4","76","398264","397185"
"MU.osexp","C:\Users\Public\Experiments\IDs\05-WMC\MU","fixation.png","6","397184","C:/Users/Public/Experiments/IDs/05-WMC/MU/MUsbj076.csv","fix","1500","4","76","403341","397185"
"MU.osexp","C:\Users\Public\Experiments\IDs\05-WMC\MU","Tr8_study1.png","6","397184","C:/Users/Public/Experiments/IDs/05-WMC/MU/MUsbj076.csv","study","1000","4","76","404914","405914"
"MU.osexp","C:\Users\Public\Experiments\IDs\05-WMC\MU","Tr8_study2.png","6","397184","C:/Users/Public/Experiments/IDs/05-WMC/MU/MUsbj076.csv","study","1000","4","76","406316","407316"
"MU.osexp","C:\Users\Public\Experiments\IDs\05-WMC\MU","Tr8_study3.png","6","397184","C:/Users/Public/Experiments/IDs/05-WMC/MU/MUsbj076.csv","study","1000","4","76","407639","408639"
"MU.osexp","C:\Users\Public\Experiments\IDs\05-WMC\MU","Tr8_study4.png","6","397184","C:/Users/Public/Experiments/IDs/05-WMC/MU/MUsbj076.csv","study","1000","4","76","408983","409983"
"MU.osexp","C:\Users\Public\Experiments\IDs\05-WMC\MU","Tr8_update1.png","6","397184","C:/Users/Public/Experiments/IDs/05-WMC/MU/MUsbj076.csv","update","1300","4","76","410317","411617"
"MU.osexp","C:\Users\Public\Experiments\IDs\05-WMC\MU","Tr8_update2.png","6","397184","C:/Users/Public/Experiments/IDs/05-WMC/MU/MUsbj076.csv","update","1300","4","76","411933","413233"
"MU.osexp","C:\Users\Public\Experiments\IDs\05-WMC\MU","Tr8_update3.png","6","397184","C:/Users/Public/Experiments/IDs/05-WMC/MU/MUsbj076.csv","update","1300","4","76","413558","414858"
"MU.osexp","C:\Users\Public\Experiments\IDs\05-WMC\MU","Tr8_test1.png","2","426152","C:/Users/Public/Experiments/IDs/05-WMC/MU/MUsbj076.csv","test","0","4","76","415191","426153"
"MU.osexp","C:\Users\Public\Experiments\IDs\05-WMC\MU","Tr8_test2.png","9","438769","C:/Users/Public/Experiments/IDs/05-WMC/MU/MUsbj076.csv","test","0","4","76","427234","438769"
"MU.osexp","C:\Users\Public\Experiments\IDs\05-WMC\MU","Tr8_test3.png","5","441424","C:/Users/Public/Experiments/IDs/05-WMC/MU/MUsbj076.csv","test","0","4","76","439834","441425"
"MU.osexp","C:\Users\Public\Experiments\IDs\05-WMC\MU","Tr8_test4.png","2","447512","C:/Users/Public/Experiments/IDs/05-WMC/MU/MUsbj076.csv","test","0","4","76","442503","447513"
"MU.osexp","C:\Users\Public\Experiments\IDs\05-WMC\MU","wait.png","2","447512","C:/Users/Public/Experiments/IDs/05-WMC/MU/MUsbj076.csv","wait","5000","5","76","448576","447513"
"MU.osexp","C:\Users\Public\Experiments\IDs\05-WMC\MU","fixation.png","2","447512","C:/Users/Public/Experiments/IDs/05-WMC/MU/MUsbj076.csv","fix","1500","5","76","453645","447513"
"MU.osexp","C:\Users\Public\Experiments\IDs\05-WMC\MU","Tr9_study1.png","2","447512","C:/Users/Public/Experiments/IDs/05-WMC/MU/MUsbj076.csv","study","1000","5","76","455211","456212"
"MU.osexp","C:\Users\Public\Experiments\IDs\05-WMC\MU","Tr9_study2.png","2","447512","C:/Users/Public/Experiments/IDs/05-WMC/MU/MUsbj076.csv","study","1000","5","76","456535","457535"
"MU.osexp","C:\Users\Public\Experiments\IDs\05-WMC\MU","Tr9_study3.png","2","447512","C:/Users/Public/Experiments/IDs/05-WMC/MU/MUsbj076.csv","study","1000","5","76","457862","458862"
"MU.osexp","C:\Users\Public\Experiments\IDs\05-WMC\MU","Tr9_study4.png","2","447512","C:/Users/Public/Experiments/IDs/05-WMC/MU/MUsbj076.csv","study","1000","5","76","459185","460185"
"MU.osexp","C:\Users\Public\Experiments\IDs\05-WMC\MU","Tr9_study5.png","2","447512","C:/Users/Public/Experiments/IDs/05-WMC/MU/MUsbj076.csv","study","1000","5","76","460501","461501"
"MU.osexp","C:\Users\Public\Experiments\IDs\05-WMC\MU","Tr9_update1.png","2","447512","C:/Users/Public/Experiments/IDs/05-WMC/MU/MUsbj076.csv","update","1300","5","76","461829","463129"
"MU.osexp","C:\Users\Public\Experiments\IDs\05-WMC\MU","Tr9_update2.png","2","447512","C:/Users/Public/Experiments/IDs/05-WMC/MU/MUsbj076.csv","update","1300","5","76","463451","464751"
"MU.osexp","C:\Users\Public\Experiments\IDs\05-WMC\MU","Tr9_test1.png","9","474529","C:/Users/Public/Experiments/IDs/05-WMC/MU/MUsbj076.csv","test","0","5","76","465084","474529"
"MU.osexp","C:\Users\Public\Experiments\IDs\05-WMC\MU","Tr9_test2.png","1","477872","C:/Users/Public/Experiments/IDs/05-WMC/MU/MUsbj076.csv","test","0","5","76","475597","477873"
"MU.osexp","C:\Users\Public\Experiments\IDs\05-WMC\MU","Tr9_test3.png","2","481880","C:/Users/Public/Experiments/IDs/05-WMC/MU/MUsbj076.csv","test","0","5","76","478955","481881"
"MU.osexp","C:\Users\Public\Experiments\IDs\05-WMC\MU","Tr9_test4.png","4","485352","C:/Users/Public/Experiments/IDs/05-WMC/MU/MUsbj076.csv","test","0","5","76","482954","485353"
"MU.osexp","C:\Users\Public\Experiments\IDs\05-WMC\MU","Tr9_test5.png","7","492121","C:/Users/Public/Experiments/IDs/05-WMC/MU/MUsbj076.csv","test","0","5","76","486423","492121"
"MU.osexp","C:\Users\Public\Experiments\IDs\05-WMC\MU","wait.png","7","492121","C:/Users/Public/Experiments/IDs/05-WMC/MU/MUsbj076.csv","wait","5000","3","76","493189","492121"
"MU.osexp","C:\Users\Public\Experiments\IDs\05-WMC\MU","fixation.png","7","492121","C:/Users/Public/Experiments/IDs/05-WMC/MU/MUsbj076.csv","fix","1500","3","76","498272","492121"
"MU.osexp","C:\Users\Public\Experiments\IDs\05-WMC\MU","Tr10_study1.png","7","492121","C:/Users/Public/Experiments/IDs/05-WMC/MU/MUsbj076.csv","study","1000","3","76","499849","500849"
"MU.osexp","C:\Users\Public\Experiments\IDs\05-WMC\MU","Tr10_study2.png","7","492121","C:/Users/Public/Experiments/IDs/05-WMC/MU/MUsbj076.csv","study","1000","3","76","501171","502171"
"MU.osexp","C:\Users\Public\Experiments\IDs\05-WMC\MU","Tr10_study3.png","7","492121","C:/Users/Public/Experiments/IDs/05-WMC/MU/MUsbj076.csv","study","1000","3","76","502498","503498"
"MU.osexp","C:\Users\Public\Experiments\IDs\05-WMC\MU","Tr10_update1.png","7","492121","C:/Users/Public/Experiments/IDs/05-WMC/MU/MUsbj076.csv","update","1300","3","76","503817","505117"
"MU.osexp","C:\Users\Public\Experiments\IDs\05-WMC\MU","Tr10_update2.png","7","492121","C:/Users/Public/Experiments/IDs/05-WMC/MU/MUsbj076.csv","update","1300","3","76","505432","506732"
"MU.osexp","C:\Users\Public\Experiments\IDs\05-WMC\MU","Tr10_test1.png","5","509601","C:/Users/Public/Experiments/IDs/05-WMC/MU/MUsbj076.csv","test","0","3","76","507057","509602"
"MU.osexp","C:\Users\Public\Experiments\IDs\05-WMC\MU","Tr10_test2.png","2","511753","C:/Users/Public/Experiments/IDs/05-WMC/MU/MUsbj076.csv","test","0","3","76","510699","511753"
"MU.osexp","C:\Users\Public\Experiments\IDs\05-WMC\MU","Tr10_test3.png","1","520424","C:/Users/Public/Experiments/IDs/05-WMC/MU/MUsbj076.csv","test","0","3","76","512814","520425"
"MU.osexp","C:\Users\Public\Experiments\IDs\05-WMC\MU","wait.png","1","520424","C:/Users/Public/Experiments/IDs/05-WMC/MU/MUsbj076.csv","wait","5000","5","76","521493","520425"
"MU.osexp","C:\Users\Public\Experiments\IDs\05-WMC\MU","fixation.png","1","520424","C:/Users/Public/Experiments/IDs/05-WMC/MU/MUsbj076.csv","fix","1500","5","76","526567","520425"
"MU.osexp","C:\Users\Public\Experiments\IDs\05-WMC\MU","Tr11_study1.png","1","520424","C:/Users/Public/Experiments/IDs/05-WMC/MU/MUsbj076.csv","study","1000","5","76","528151","529151"
"MU.osexp","C:\Users\Public\Experiments\IDs\05-WMC\MU","Tr11_study2.png","1","520424","C:/Users/Public/Experiments/IDs/05-WMC/MU/MUsbj076.csv","study","1000","5","76","529469","530469"
"MU.osexp","C:\Users\Public\Experiments\IDs\05-WMC\MU","Tr11_study3.png","1","520424","C:/Users/Public/Experiments/IDs/05-WMC/MU/MUsbj076.csv","study","1000","5","76","530835","531835"
"MU.osexp","C:\Users\Public\Experiments\IDs\05-WMC\MU","Tr11_study4.png","1","520424","C:/Users/Public/Experiments/IDs/05-WMC/MU/MUsbj076.csv","study","1000","5","76","532152","533152"
"MU.osexp","C:\Users\Public\Experiments\IDs\05-WMC\MU","Tr11_study5.png","1","520424","C:/Users/Public/Experiments/IDs/05-WMC/MU/MUsbj076.csv","study","1000","5","76","533470","534470"
"MU.osexp","C:\Users\Public\Experiments\IDs\05-WMC\MU","Tr11_update1.png","1","520424","C:/Users/Public/Experiments/IDs/05-WMC/MU/MUsbj076.csv","update","1300","5","76","534819","536119"
"MU.osexp","C:\Users\Public\Experiments\IDs\05-WMC\MU","Tr11_update2.png","1","520424","C:/Users/Public/Experiments/IDs/05-WMC/MU/MUsbj076.csv","update","1300","5","76","536469","537769"
"MU.osexp","C:\Users\Public\Experiments\IDs\05-WMC\MU","Tr11_update3.png","1","520424","C:/Users/Public/Experiments/IDs/05-WMC/MU/MUsbj076.csv","update","1300","5","76","538104","539404"
"MU.osexp","C:\Users\Public\Experiments\IDs\05-WMC\MU","Tr11_test1.png","1","541497","C:/Users/Public/Experiments/IDs/05-WMC/MU/MUsbj076.csv","test","0","5","76","539737","541498"
"MU.osexp","C:\Users\Public\Experiments\IDs\05-WMC\MU","Tr11_test2.png","2","548488","C:/Users/Public/Experiments/IDs/05-WMC/MU/MUsbj076.csv","test","0","5","76","542562","548489"
"MU.osexp","C:\Users\Public\Experiments\IDs\05-WMC\MU","Tr11_test3.png","1","555432","C:/Users/Public/Experiments/IDs/05-WMC/MU/MUsbj076.csv","test","0","5","76","549572","555433"
"MU.osexp","C:\Users\Public\Experiments\IDs\05-WMC\MU","Tr11_test4.png","7","560553","C:/Users/Public/Experiments/IDs/05-WMC/MU/MUsbj076.csv","test","0","5","76","556518","560554"
"MU.osexp","C:\Users\Public\Experiments\IDs\05-WMC\MU","Tr11_test5.png","3","565209","C:/Users/Public/Experiments/IDs/05-WMC/MU/MUsbj076.csv","test","0","5","76","561627","565209"
"MU.osexp","C:\Users\Public\Experiments\IDs\05-WMC\MU","wait.png","3","565209","C:/Users/Public/Experiments/IDs/05-WMC/MU/MUsbj076.csv","wait","5000","3","76","566269","565209"
"MU.osexp","C:\Users\Public\Experiments\IDs\05-WMC\MU","fixation.png","3","565209","C:/Users/Public/Experiments/IDs/05-WMC/MU/MUsbj076.csv","fix","1500","3","76","571354","565209"
"MU.osexp","C:\Users\Public\Experiments\IDs\05-WMC\MU","Tr12_study1.png","3","565209","C:/Users/Public/Experiments/IDs/05-WMC/MU/MUsbj076.csv","study","1000","3","76","572939","573939"
"MU.osexp","C:\Users\Public\Experiments\IDs\05-WMC\MU","Tr12_study2.png","3","565209","C:/Users/Public/Experiments/IDs/05-WMC/MU/MUsbj076.csv","study","1000","3","76","574279","575279"
"MU.osexp","C:\Users\Public\Experiments\IDs\05-WMC\MU","Tr12_study3.png","3","565209","C:/Users/Public/Experiments/IDs/05-WMC/MU/MUsbj076.csv","study","1000","3","76","575603","576603"
"MU.osexp","C:\Users\Public\Experiments\IDs\05-WMC\MU","Tr12_update1.png","3","565209","C:/Users/Public/Experiments/IDs/05-WMC/MU/MUsbj076.csv","update","1300","3","76","576923","578223"
"MU.osexp","C:\Users\Public\Experiments\IDs\05-WMC\MU","Tr12_update2.png","3","565209","C:/Users/Public/Experiments/IDs/05-WMC/MU/MUsbj076.csv","update","1300","3","76","578539","579839"
"MU.osexp","C:\Users\Public\Experiments\IDs\05-WMC\MU","Tr12_update3.png","3","565209","C:/Users/Public/Experiments/IDs/05-WMC/MU/MUsbj076.csv","update","1300","3","76","580153","581453"
"MU.osexp","C:\Users\Public\Experiments\IDs\05-WMC\MU","Tr12_update4.png","3","565209","C:/Users/Public/Experiments/IDs/05-WMC/MU/MUsbj076.csv","update","1300","3","76","581781","583081"
"MU.osexp","C:\Users\Public\Experiments\IDs\05-WMC\MU","Tr12_update5.png","3","565209","C:/Users/Public/Experiments/IDs/05-WMC/MU/MUsbj076.csv","update","1300","3","76","583398","584698"
"MU.osexp","C:\Users\Public\Experiments\IDs\05-WMC\MU","Tr12_test1.png","4","594713","C:/Users/Public/Experiments/IDs/05-WMC/MU/MUsbj076.csv","test","0","3","76","585014","594714"
"MU.osexp","C:\Users\Public\Experiments\IDs\05-WMC\MU","Tr12_test2.png","2","602736","C:/Users/Public/Experiments/IDs/05-WMC/MU/MUsbj076.csv","test","0","3","76","595791","602737"
"MU.osexp","C:\Users\Public\Experiments\IDs\05-WMC\MU","Tr12_test3.png","1","604640","C:/Users/Public/Experiments/IDs/05-WMC/MU/MUsbj076.csv","test","0","3","76","603797","604641"
"MU.osexp","C:\Users\Public\Experiments\IDs\05-WMC\MU","wait.png","1","604640","C:/Users/Public/Experiments/IDs/05-WMC/MU/MUsbj076.csv","wait","5000","3","76","605713","604641"
"MU.osexp","C:\Users\Public\Experiments\IDs\05-WMC\MU","fixation.png","1","604640","C:/Users/Public/Experiments/IDs/05-WMC/MU/MUsbj076.csv","fix","1500","3","76","610791","604641"
"MU.osexp","C:\Users\Public\Experiments\IDs\05-WMC\MU","Tr13_study1.png","1","604640","C:/Users/Public/Experiments/IDs/05-WMC/MU/MUsbj076.csv","study","1000","3","76","612367","613367"
"MU.osexp","C:\Users\Public\Experiments\IDs\05-WMC\MU","Tr13_study2.png","1","604640","C:/Users/Public/Experiments/IDs/05-WMC/MU/MUsbj076.csv","study","1000","3","76","613699","614699"
"MU.osexp","C:\Users\Public\Experiments\IDs\05-WMC\MU","Tr13_study3.png","1","604640","C:/Users/Public/Experiments/IDs/05-WMC/MU/MUsbj076.csv","study","1000","3","76","615017","616017"
"MU.osexp","C:\Users\Public\Experiments\IDs\05-WMC\MU","Tr13_update1.png","1","604640","C:/Users/Public/Experiments/IDs/05-WMC/MU/MUsbj076.csv","update","1300","3","76","616349","617649"
"MU.osexp","C:\Users\Public\Experiments\IDs\05-WMC\MU","Tr13_update2.png","1","604640","C:/Users/Public/Experiments/IDs/05-WMC/MU/MUsbj076.csv","update","1300","3","76","617978","619278"
"MU.osexp","C:\Users\Public\Experiments\IDs\05-WMC\MU","Tr13_update3.png","1","604640","C:/Users/Public/Experiments/IDs/05-WMC/MU/MUsbj076.csv","update","1300","3","76","619619","620919"
"MU.osexp","C:\Users\Public\Experiments\IDs\05-WMC\MU","Tr13_update4.png","1","604640","C:/Users/Public/Experiments/IDs/05-WMC/MU/MUsbj076.csv","update","1300","3","76","621252","622552"
"MU.osexp","C:\Users\Public\Experiments\IDs\05-WMC\MU","Tr13_test1.png","6","629801","C:/Users/Public/Experiments/IDs/05-WMC/MU/MUsbj076.csv","test","0","3","76","622875","629802"
"MU.osexp","C:\Users\Public\Experiments\IDs\05-WMC\MU","Tr13_test2.png","6","637200","C:/Users/Public/Experiments/IDs/05-WMC/MU/MUsbj076.csv","test","0","3","76","630877","637201"
"MU.osexp","C:\Users\Public\Experiments\IDs\05-WMC\MU","Tr13_test3.png","5","639136","C:/Users/Public/Experiments/IDs/05-WMC/MU/MUsbj076.csv","test","0","3","76","638267","639137"
"MU.osexp","C:\Users\Public\Experiments\IDs\05-WMC\MU","wait.png","5","639136","C:/Users/Public/Experiments/IDs/05-WMC/MU/MUsbj076.csv","wait","5000","5","76","640285","639137"
"MU.osexp","C:\Users\Public\Experiments\IDs\05-WMC\MU","fixation.png","5","639136","C:/Users/Public/Experiments/IDs/05-WMC/MU/MUsbj076.csv","fix","1500","5","76","645360","639137"
"MU.osexp","C:\Users\Public\Experiments\IDs\05-WMC\MU","Tr14_study1.png","5","639136","C:/Users/Public/Experiments/IDs/05-WMC/MU/MUsbj076.csv","study","1000","5","76","647022","648022"
"MU.osexp","C:\Users\Public\Experiments\IDs\05-WMC\MU","Tr14_study2.png","5","639136","C:/Users/Public/Experiments/IDs/05-WMC/MU/MUsbj076.csv","study","1000","5","76","648365","649365"
"MU.osexp","C:\Users\Public\Experiments\IDs\05-WMC\MU","Tr14_study3.png","5","639136","C:/Users/Public/Experiments/IDs/05-WMC/MU/MUsbj076.csv","study","1000","5","76","649678","650678"
"MU.osexp","C:\Users\Public\Experiments\IDs\05-WMC\MU","Tr14_study4.png","5","639136","C:/Users/Public/Experiments/IDs/05-WMC/MU/MUsbj076.csv","study","1000","5","76","651005","652005"
"MU.osexp","C:\Users\Public\Experiments\IDs\05-WMC\MU","Tr14_study5.png","5","639136","C:/Users/Public/Experiments/IDs/05-WMC/MU/MUsbj076.csv","study","1000","5","76","652356","653356"
"MU.osexp","C:\Users\Public\Experiments\IDs\05-WMC\MU","Tr14_update1.png","5","639136","C:/Users/Public/Experiments/IDs/05-WMC/MU/MUsbj076.csv","update","1300","5","76","653680","654980"
"MU.osexp","C:\Users\Public\Experiments\IDs\05-WMC\MU","Tr14_update2.png","5","639136","C:/Users/Public/Experiments/IDs/05-WMC/MU/MUsbj076.csv","update","1300","5","76","655339","656639"
"MU.osexp","C:\Users\Public\Experiments\IDs\05-WMC\MU","Tr14_update3.png","5","639136","C:/Users/Public/Experiments/IDs/05-WMC/MU/MUsbj076.csv","update","1300","5","76","656994","658294"
"MU.osexp","C:\Users\Public\Experiments\IDs\05-WMC\MU","Tr14_update4.png","5","639136","C:/Users/Public/Experiments/IDs/05-WMC/MU/MUsbj076.csv","update","1300","5","76","658645","659945"
"MU.osexp","C:\Users\Public\Experiments\IDs\05-WMC\MU","Tr14_test1.png","0","670305","C:/Users/Public/Experiments/IDs/05-WMC/MU/MUsbj076.csv","test","0","5","76","660294","670305"
"MU.osexp","C:\Users\Public\Experiments\IDs\05-WMC\MU","Tr14_test2.png","7","679288","C:/Users/Public/Experiments/IDs/05-WMC/MU/MUsbj076.csv","test","0","5","76","671404","679289"
"MU.osexp","C:\Users\Public\Experiments\IDs\05-WMC\MU","Tr14_test3.png","9","686729","C:/Users/Public/Experiments/IDs/05-WMC/MU/MUsbj076.csv","test","0","5","76","680379","686729"
"MU.osexp","C:\Users\Public\Experiments\IDs\05-WMC\MU","Tr14_test4.png","9","691872","C:/Users/Public/Experiments/IDs/05-WMC/MU/MUsbj076.csv","test","0","5","76","687821","691873"
"MU.osexp","C:\Users\Public\Experiments\IDs\05-WMC\MU","Tr14_test5.png","8","698096","C:/Users/Public/Experiments/IDs/05-WMC/MU/MUsbj076.csv","test","0","5","76","692963","698097"
"MU.osexp","C:\Users\Public\Experiments\IDs\05-WMC\MU","wait.png","8","698096","C:/Users/Public/Experiments/IDs/05-WMC/MU/MUsbj076.csv","wait","5000","4","76","699197","698097"
"MU.osexp","C:\Users\Public\Experiments\IDs\05-WMC\MU","fixation.png","8","698096","C:/Users/Public/Experiments/IDs/05-WMC/MU/MUsbj076.csv","fix","1500","4","76","704289","698097"
"MU.osexp","C:\Users\Public\Experiments\IDs\05-WMC\MU","Tr15_study1.png","8","698096","C:/Users/Public/Experiments/IDs/05-WMC/MU/MUsbj076.csv","study","1000","4","76","705882","706882"
"MU.osexp","C:\Users\Public\Experiments\IDs\05-WMC\MU","Tr15_study2.png","8","698096","C:/Users/Public/Experiments/IDs/05-WMC/MU/MUsbj076.csv","study","1000","4","76","707324","708324"
"MU.osexp","C:\Users\Public\Experiments\IDs\05-WMC\MU","Tr15_study3.png","8","698096","C:/Users/Public/Experiments/IDs/05-WMC/MU/MUsbj076.csv","study","1000","4","76","708665","709665"
"MU.osexp","C:\Users\Public\Experiments\IDs\05-WMC\MU","Tr15_study4.png","8","698096","C:/Users/Public/Experiments/IDs/05-WMC/MU/MUsbj076.csv","study","1000","4","76","710008","711008"
"MU.osexp","C:\Users\Public\Experiments\IDs\05-WMC\MU","Tr15_update1.png","8","698096","C:/Users/Public/Experiments/IDs/05-WMC/MU/MUsbj076.csv","update","1300","4","76","711339","712639"
"MU.osexp","C:\Users\Public\Experiments\IDs\05-WMC\MU","Tr15_update2.png","8","698096","C:/Users/Public/Experiments/IDs/05-WMC/MU/MUsbj076.csv","update","1300","4","76","712976","714276"
"MU.osexp","C:\Users\Public\Experiments\IDs\05-WMC\MU","Tr15_update3.png","8","698096","C:/Users/Public/Experiments/IDs/05-WMC/MU/MUsbj076.csv","update","1300","4","76","714616","715916"
"MU.osexp","C:\Users\Public\Experiments\IDs\05-WMC\MU","Tr15_update4.png","8","698096","C:/Users/Public/Experiments/IDs/05-WMC/MU/MUsbj076.csv","update","1300","4","76","716260","717560"
"MU.osexp","C:\Users\Public\Experiments\IDs\05-WMC\MU","Tr15_update5.png","8","698096","C:/Users/Public/Experiments/IDs/05-WMC/MU/MUsbj076.csv","update","1300","4","76","717898","719198"
"MU.osexp","C:\Users\Public\Experiments\IDs\05-WMC\MU","Tr15_update6.png","8","698096","C:/Users/Public/Experiments/IDs/05-WMC/MU/MUsbj076.csv","update","1300","4","76","719666","720967"
"MU.osexp","C:\Users\Public\Experiments\IDs\05-WMC\MU","Tr15_test1.png","3","737473","C:/Users/Public/Experiments/IDs/05-WMC/MU/MUsbj076.csv","test","0","4","76","721308","737474"
"MU.osexp","C:\Users\Public\Experiments\IDs\05-WMC\MU","Tr15_test2.png","5","743696","C:/Users/Public/Experiments/IDs/05-WMC/MU/MUsbj076.csv","test","0","4","76","738577","743697"
"MU.osexp","C:\Users\Public\Experiments\IDs\05-WMC\MU","Tr15_test3.png","3","746560","C:/Users/Public/Experiments/IDs/05-WMC/MU/MUsbj076.csv","test","0","4","76","744794","746561"
"MU.osexp","C:\Users\Public\Experiments\IDs\05-WMC\MU","Tr15_test4.png","7","751361","C:/Users/Public/Experiments/IDs/05-WMC/MU/MUsbj076.csv","test","0","4","76","747644","751362"
"MU.osexp","C:\Users\Public\Experiments\IDs\05-WMC\MU","wait.png","7","751361","C:/Users/Public/Experiments/IDs/05-WMC/MU/MUsbj076.csv","wait","5000","4","76","752442","751362"
"MU.osexp","C:\Users\Public\Experiments\IDs\05-WMC\MU","fixation.png","7","751361","C:/Users/Public/Experiments/IDs/05-WMC/MU/MUsbj076.csv","fix","1500","4","76","757534","751362"
"MU.osexp","C:\Users\Public\Experiments\IDs\05-WMC\MU","Tr16_study1.png","7","751361","C:/Users/Public/Experiments/IDs/05-WMC/MU/MUsbj076.csv","study","1000","4","76","759120","760120"
"MU.osexp","C:\Users\Public\Experiments\IDs\05-WMC\MU","Tr16_study2.png","7","751361","C:/Users/Public/Experiments/IDs/05-WMC/MU/MUsbj076.csv","study","1000","4","76","760460","761460"
"MU.osexp","C:\Users\Public\Experiments\IDs\05-WMC\MU","Tr16_study3.png","7","751361","C:/Users/Public/Experiments/IDs/05-WMC/MU/MUsbj076.csv","study","1000","4","76","761803","762803"
"MU.osexp","C:\Users\Public\Experiments\IDs\05-WMC\MU","Tr16_study4.png","7","751361","C:/Users/Public/Experiments/IDs/05-WMC/MU/MUsbj076.csv","study","1000","4","76","763144","764144"
"MU.osexp","C:\Users\Public\Experiments\IDs\05-WMC\MU","Tr16_update1.png","7","751361","C:/Users/Public/Experiments/IDs/05-WMC/MU/MUsbj076.csv","update","1300","4","76","764478","765778"
"MU.osexp","C:\Users\Public\Experiments\IDs\05-WMC\MU","Tr16_update2.png","7","751361","C:/Users/Public/Experiments/IDs/05-WMC/MU/MUsbj076.csv","update","1300","4","76","766119","767419"
"MU.osexp","C:\Users\Public\Experiments\IDs\05-WMC\MU","Tr16_test1.png","0","776521","C:/Users/Public/Experiments/IDs/05-WMC/MU/MUsbj076.csv","test","0","4","76","767753","776521"
"MU.osexp","C:\Users\Public\Experiments\IDs\05-WMC\MU","Tr16_test2.png","6","784528","C:/Users/Public/Experiments/IDs/05-WMC/MU/MUsbj076.csv","test","0","4","76","777612","784529"
"MU.osexp","C:\Users\Public\Experiments\IDs\05-WMC\MU","Tr16_test3.png","9","789681","C:/Users/Public/Experiments/IDs/05-WMC/MU/MUsbj076.csv","test","0","4","76","785613","789682"
"MU.osexp","C:\Users\Public\Experiments\IDs\05-WMC\MU","Tr16_test4.png","6","792705","C:/Users/Public/Experiments/IDs/05-WMC/MU/MUsbj076.csv","test","0","4","76","790773","792705"
"MU.osexp","C:\Users\Public\Experiments\IDs\05-WMC\MU","wait.png","6","792705","C:/Users/Public/Experiments/IDs/05-WMC/MU/MUsbj076.csv","wait","5000","5","76","793921","792705"
"MU.osexp","C:\Users\Public\Experiments\IDs\05-WMC\MU","fixation.png","6","792705","C:/Users/Public/Experiments/IDs/05-WMC/MU/MUsbj076.csv","fix","1500","5","76","799006","792705"
"MU.osexp","C:\Users\Public\Experiments\IDs\05-WMC\MU","Tr17_study1.png","6","792705","C:/Users/Public/Experiments/IDs/05-WMC/MU/MUsbj076.csv","study","1000","5","76","800599","801599"
"MU.osexp","C:\Users\Public\Experiments\IDs\05-WMC\MU","Tr17_study2.png","6","792705","C:/Users/Public/Experiments/IDs/05-WMC/MU/MUsbj076.csv","study","1000","5","76","801940","802940"
"MU.osexp","C:\Users\Public\Experiments\IDs\05-WMC\MU","Tr17_study3.png","6","792705","C:/Users/Public/Experiments/IDs/05-WMC/MU/MUsbj076.csv","study","1000","5","76","803282","804282"
"MU.osexp","C:\Users\Public\Experiments\IDs\05-WMC\MU","Tr17_study4.png","6","792705","C:/Users/Public/Experiments/IDs/05-WMC/MU/MUsbj076.csv","study","1000","5","76","804625","805625"
"MU.osexp","C:\Users\Public\Experiments\IDs\05-WMC\MU","Tr17_study5.png","6","792705","C:/Users/Public/Experiments/IDs/05-WMC/MU/MUsbj076.csv","study","1000","5","76","805966","806966"
"MU.osexp","C:\Users\Public\Experiments\IDs\05-WMC\MU","Tr17_update1.png","6","792705","C:/Users/Public/Experiments/IDs/05-WMC/MU/MUsbj076.csv","update","1300","5","76","807299","808599"
"MU.osexp","C:\Users\Public\Experiments\IDs\05-WMC\MU","Tr17_update2.png","6","792705","C:/Users/Public/Experiments/IDs/05-WMC/MU/MUsbj076.csv","update","1300","5","76","808932","810232"
"MU.osexp","C:\Users\Public\Experiments\IDs\05-WMC\MU","Tr17_update3.png","6","792705","C:/Users/Public/Experiments/IDs/05-WMC/MU/MUsbj076.csv","update","1300","5","76","810576","811876"
"MU.osexp","C:\Users\Public\Experiments\IDs\05-WMC\MU","Tr17_update4.png","6","792705","C:/Users/Public/Experiments/IDs/05-WMC/MU/MUsbj076.csv","update","1300","5","76","812217","813517"
"MU.osexp","C:\Users\Public\Experiments\IDs\05-WMC\MU","Tr17_update5.png","6","792705","C:/Users/Public/Experiments/IDs/05-WMC/MU/MUsbj076.csv","update","1300","5","76","813850","815150"
"MU.osexp","C:\Users\Public\Experiments\IDs\05-WMC\MU","Tr17_update6.png","6","792705","C:/Users/Public/Experiments/IDs/05-WMC/MU/MUsbj076.csv","update","1300","5","76","815491","816791"
"MU.osexp","C:\Users\Public\Experiments\IDs\05-WMC\MU","Tr17_test1.png","4","824321","C:/Users/Public/Experiments/IDs/05-WMC/MU/MUsbj076.csv","test","0","5","76","817126","824322"
"MU.osexp","C:\Users\Public\Experiments\IDs\05-WMC\MU","Tr17_test2.png","4","831361","C:/Users/Public/Experiments/IDs/05-WMC/MU/MUsbj076.csv","test","0","5","76","825410","831361"
"MU.osexp","C:\Users\Public\Experiments\IDs\05-WMC\MU","Tr17_test3.png","3","836896","C:/Users/Public/Experiments/IDs/05-WMC/MU/MUsbj076.csv","test","0","5","76","832453","836897"
"MU.osexp","C:\Users\Public\Experiments\IDs\05-WMC\MU","Tr17_test4.png","6","843817","C:/Users/Public/Experiments/IDs/05-WMC/MU/MUsbj076.csv","test","0","5","76","837987","843818"
"MU.osexp","C:\Users\Public\Experiments\IDs\05-WMC\MU","Tr17_test5.png","9","848065","C:/Users/Public/Experiments/IDs/05-WMC/MU/MUsbj076.csv","test","0","5","76","844903","848065"
