"experiment_file","experiment_path","image","key","key_time","logfile","phase","playtime","setSize","subject_nr","timestamp","waittime"
"MU.osexp","C:\Users\Public\Experiments\SM01\05-WMC\MU","ready1.png","NA","NA","C:/Users/Public/Experiments/SM01/05-WMC/MU/MU_results/MUsbj011.csv","pre","0","3","11","92203","NA"
"MU.osexp","C:\Users\Public\Experiments\SM01\05-WMC\MU","fixation.png","NA","NA","C:/Users/Public/Experiments/SM01/05-WMC/MU/MU_results/MUsbj011.csv","fix","1500","3","11","93825","NA"
"MU.osexp","C:\Users\Public\Experiments\SM01\05-WMC\MU","Tr1_study1.png","NA","NA","C:/Users/Public/Experiments/SM01/05-WMC/MU/MU_results/MUsbj011.csv","study","1000","3","11","95431","96433"
"MU.osexp","C:\Users\Public\Experiments\SM01\05-WMC\MU","Tr1_study2.png","NA","NA","C:/Users/Public/Experiments/SM01/05-WMC/MU/MU_results/MUsbj011.csv","study","1000","3","11","96783","97785"
"MU.osexp","C:\Users\Public\Experiments\SM01\05-WMC\MU","Tr1_study3.png","NA","NA","C:/Users/Public/Experiments/SM01/05-WMC/MU/MU_results/MUsbj011.csv","study","1000","3","11","98163","99165"
"MU.osexp","C:\Users\Public\Experiments\SM01\05-WMC\MU","Tr1_update1.png","NA","NA","C:/Users/Public/Experiments/SM01/05-WMC/MU/MU_results/MUsbj011.csv","update","1300","3","11","99513","100815"
"MU.osexp","C:\Users\Public\Experiments\SM01\05-WMC\MU","Tr1_update2.png","NA","NA","C:/Users/Public/Experiments/SM01/05-WMC/MU/MU_results/MUsbj011.csv","update","1300","3","11","101178","102480"
"MU.osexp","C:\Users\Public\Experiments\SM01\05-WMC\MU","Tr1_update3.png","NA","NA","C:/Users/Public/Experiments/SM01/05-WMC/MU/MU_results/MUsbj011.csv","update","1300","3","11","102823","104125"
"MU.osexp","C:\Users\Public\Experiments\SM01\05-WMC\MU","Tr1_test1.png","9","112705","C:/Users/Public/Experiments/SM01/05-WMC/MU/MU_results/MUsbj011.csv","test","0","3","11","104486","112707"
"MU.osexp","C:\Users\Public\Experiments\SM01\05-WMC\MU","Tr1_test2.png","8","115706","C:/Users/Public/Experiments/SM01/05-WMC/MU/MU_results/MUsbj011.csv","test","0","3","11","113803","115707"
"MU.osexp","C:\Users\Public\Experiments\SM01\05-WMC\MU","Tr1_test3.png","2","117642","C:/Users/Public/Experiments/SM01/05-WMC/MU/MU_results/MUsbj011.csv","test","0","3","11","116806","117643"
"MU.osexp","C:\Users\Public\Experiments\SM01\05-WMC\MU","wait.png","2","117642","C:/Users/Public/Experiments/SM01/05-WMC/MU/MU_results/MUsbj011.csv","wait","5000","3","11","118760","117643"
"MU.osexp","C:\Users\Public\Experiments\SM01\05-WMC\MU","fixation.png","2","117642","C:/Users/Public/Experiments/SM01/05-WMC/MU/MU_results/MUsbj011.csv","fix","1500","3","11","123850","117643"
"MU.osexp","C:\Users\Public\Experiments\SM01\05-WMC\MU","Tr2_study1.png","2","117642","C:/Users/Public/Experiments/SM01/05-WMC/MU/MU_results/MUsbj011.csv","study","1000","3","11","125450","126452"
"MU.osexp","C:\Users\Public\Experiments\SM01\05-WMC\MU","Tr2_study2.png","2","117642","C:/Users/Public/Experiments/SM01/05-WMC/MU/MU_results/MUsbj011.csv","study","1000","3","11","126826","127828"
"MU.osexp","C:\Users\Public\Experiments\SM01\05-WMC\MU","Tr2_study3.png","2","117642","C:/Users/Public/Experiments/SM01/05-WMC/MU/MU_results/MUsbj011.csv","study","1000","3","11","128192","129194"
"MU.osexp","C:\Users\Public\Experiments\SM01\05-WMC\MU","Tr2_update1.png","2","117642","C:/Users/Public/Experiments/SM01/05-WMC/MU/MU_results/MUsbj011.csv","update","1300","3","11","129539","130841"
"MU.osexp","C:\Users\Public\Experiments\SM01\05-WMC\MU","Tr2_update2.png","2","117642","C:/Users/Public/Experiments/SM01/05-WMC/MU/MU_results/MUsbj011.csv","update","1300","3","11","131208","132510"
"MU.osexp","C:\Users\Public\Experiments\SM01\05-WMC\MU","Tr2_update3.png","2","117642","C:/Users/Public/Experiments/SM01/05-WMC/MU/MU_results/MUsbj011.csv","update","1300","3","11","132865","134167"
"MU.osexp","C:\Users\Public\Experiments\SM01\05-WMC\MU","Tr2_test1.png","5","141762","C:/Users/Public/Experiments/SM01/05-WMC/MU/MU_results/MUsbj011.csv","test","0","3","11","134538","141763"
"MU.osexp","C:\Users\Public\Experiments\SM01\05-WMC\MU","Tr2_test2.png","6","144082","C:/Users/Public/Experiments/SM01/05-WMC/MU/MU_results/MUsbj011.csv","test","0","3","11","142862","144083"
"MU.osexp","C:\Users\Public\Experiments\SM01\05-WMC\MU","Tr2_test3.png","1","148777","C:/Users/Public/Experiments/SM01/05-WMC/MU/MU_results/MUsbj011.csv","test","0","3","11","145175","148778"
"MU.osexp","C:\Users\Public\Experiments\SM01\05-WMC\MU","ready2.png","1","148777","C:/Users/Public/Experiments/SM01/05-WMC/MU/MU_results/MUsbj011.csv","pre","0","3","11","162059","148778"
"MU.osexp","C:\Users\Public\Experiments\SM01\05-WMC\MU","fixation.png","1","148777","C:/Users/Public/Experiments/SM01/05-WMC/MU/MU_results/MUsbj011.csv","fix","1500","3","11","164161","148778"
"MU.osexp","C:\Users\Public\Experiments\SM01\05-WMC\MU","Tr3_study1.png","1","148777","C:/Users/Public/Experiments/SM01/05-WMC/MU/MU_results/MUsbj011.csv","study","1000","3","11","165837","166839"
"MU.osexp","C:\Users\Public\Experiments\SM01\05-WMC\MU","Tr3_study2.png","1","148777","C:/Users/Public/Experiments/SM01/05-WMC/MU/MU_results/MUsbj011.csv","study","1000","3","11","167192","168194"
"MU.osexp","C:\Users\Public\Experiments\SM01\05-WMC\MU","Tr3_study3.png","1","148777","C:/Users/Public/Experiments/SM01/05-WMC/MU/MU_results/MUsbj011.csv","study","1000","3","11","168566","169568"
"MU.osexp","C:\Users\Public\Experiments\SM01\05-WMC\MU","Tr3_update1.png","1","148777","C:/Users/Public/Experiments/SM01/05-WMC/MU/MU_results/MUsbj011.csv","update","1300","3","11","169925","171227"
"MU.osexp","C:\Users\Public\Experiments\SM01\05-WMC\MU","Tr3_update2.png","1","148777","C:/Users/Public/Experiments/SM01/05-WMC/MU/MU_results/MUsbj011.csv","update","1300","3","11","171588","172890"
"MU.osexp","C:\Users\Public\Experiments\SM01\05-WMC\MU","Tr3_update3.png","1","148777","C:/Users/Public/Experiments/SM01/05-WMC/MU/MU_results/MUsbj011.csv","update","1300","3","11","173253","174555"
"MU.osexp","C:\Users\Public\Experiments\SM01\05-WMC\MU","Tr3_test1.png","9","176482","C:/Users/Public/Experiments/SM01/05-WMC/MU/MU_results/MUsbj011.csv","test","0","3","11","174926","176483"
"MU.osexp","C:\Users\Public\Experiments\SM01\05-WMC\MU","Tr3_test2.png","7","178386","C:/Users/Public/Experiments/SM01/05-WMC/MU/MU_results/MUsbj011.csv","test","0","3","11","177575","178387"
"MU.osexp","C:\Users\Public\Experiments\SM01\05-WMC\MU","Tr3_test3.png","7","179730","C:/Users/Public/Experiments/SM01/05-WMC/MU/MU_results/MUsbj011.csv","test","0","3","11","179475","179731"
"MU.osexp","C:\Users\Public\Experiments\SM01\05-WMC\MU","wait.png","7","179730","C:/Users/Public/Experiments/SM01/05-WMC/MU/MU_results/MUsbj011.csv","wait","5000","4","11","180826","179731"
"MU.osexp","C:\Users\Public\Experiments\SM01\05-WMC\MU","fixation.png","7","179730","C:/Users/Public/Experiments/SM01/05-WMC/MU/MU_results/MUsbj011.csv","fix","1500","4","11","185932","179731"
"MU.osexp","C:\Users\Public\Experiments\SM01\05-WMC\MU","Tr4_study1.png","7","179730","C:/Users/Public/Experiments/SM01/05-WMC/MU/MU_results/MUsbj011.csv","study","1000","4","11","187557","188559"
"MU.osexp","C:\Users\Public\Experiments\SM01\05-WMC\MU","Tr4_study2.png","7","179730","C:/Users/Public/Experiments/SM01/05-WMC/MU/MU_results/MUsbj011.csv","study","1000","4","11","188912","189914"
"MU.osexp","C:\Users\Public\Experiments\SM01\05-WMC\MU","Tr4_study3.png","7","179730","C:/Users/Public/Experiments/SM01/05-WMC/MU/MU_results/MUsbj011.csv","study","1000","4","11","190257","191260"
"MU.osexp","C:\Users\Public\Experiments\SM01\05-WMC\MU","Tr4_study4.png","7","179730","C:/Users/Public/Experiments/SM01/05-WMC/MU/MU_results/MUsbj011.csv","study","1000","4","11","191612","192614"
"MU.osexp","C:\Users\Public\Experiments\SM01\05-WMC\MU","Tr4_update1.png","7","179730","C:/Users/Public/Experiments/SM01/05-WMC/MU/MU_results/MUsbj011.csv","update","1300","4","11","192985","194287"
"MU.osexp","C:\Users\Public\Experiments\SM01\05-WMC\MU","Tr4_update2.png","7","179730","C:/Users/Public/Experiments/SM01/05-WMC/MU/MU_results/MUsbj011.csv","update","1300","4","11","194643","195945"
"MU.osexp","C:\Users\Public\Experiments\SM01\05-WMC\MU","Tr4_update3.png","7","179730","C:/Users/Public/Experiments/SM01/05-WMC/MU/MU_results/MUsbj011.csv","update","1300","4","11","196317","197619"
"MU.osexp","C:\Users\Public\Experiments\SM01\05-WMC\MU","Tr4_update4.png","7","179730","C:/Users/Public/Experiments/SM01/05-WMC/MU/MU_results/MUsbj011.csv","update","1300","4","11","197973","199275"
"MU.osexp","C:\Users\Public\Experiments\SM01\05-WMC\MU","Tr4_test1.png","3","203506","C:/Users/Public/Experiments/SM01/05-WMC/MU/MU_results/MUsbj011.csv","test","0","4","11","199643","203507"
"MU.osexp","C:\Users\Public\Experiments\SM01\05-WMC\MU","Tr4_test2.png","7","206090","C:/Users/Public/Experiments/SM01/05-WMC/MU/MU_results/MUsbj011.csv","test","0","4","11","204608","206091"
"MU.osexp","C:\Users\Public\Experiments\SM01\05-WMC\MU","Tr4_test3.png","1","207810","C:/Users/Public/Experiments/SM01/05-WMC/MU/MU_results/MUsbj011.csv","test","0","4","11","207195","207811"
"MU.osexp","C:\Users\Public\Experiments\SM01\05-WMC\MU","Tr4_test4.png","9","209186","C:/Users/Public/Experiments/SM01/05-WMC/MU/MU_results/MUsbj011.csv","test","0","4","11","208926","209187"
"MU.osexp","C:\Users\Public\Experiments\SM01\05-WMC\MU","wait.png","9","209186","C:/Users/Public/Experiments/SM01/05-WMC/MU/MU_results/MUsbj011.csv","wait","5000","3","11","210272","209187"
"MU.osexp","C:\Users\Public\Experiments\SM01\05-WMC\MU","fixation.png","9","209186","C:/Users/Public/Experiments/SM01/05-WMC/MU/MU_results/MUsbj011.csv","fix","1500","3","11","215347","209187"
"MU.osexp","C:\Users\Public\Experiments\SM01\05-WMC\MU","Tr5_study1.png","9","209186","C:/Users/Public/Experiments/SM01/05-WMC/MU/MU_results/MUsbj011.csv","study","1000","3","11","216962","217964"
"MU.osexp","C:\Users\Public\Experiments\SM01\05-WMC\MU","Tr5_study2.png","9","209186","C:/Users/Public/Experiments/SM01/05-WMC/MU/MU_results/MUsbj011.csv","study","1000","3","11","218311","219313"
"MU.osexp","C:\Users\Public\Experiments\SM01\05-WMC\MU","Tr5_study3.png","9","209186","C:/Users/Public/Experiments/SM01/05-WMC/MU/MU_results/MUsbj011.csv","study","1000","3","11","219676","220678"
"MU.osexp","C:\Users\Public\Experiments\SM01\05-WMC\MU","Tr5_update1.png","9","209186","C:/Users/Public/Experiments/SM01/05-WMC/MU/MU_results/MUsbj011.csv","update","1300","3","11","221009","222311"
"MU.osexp","C:\Users\Public\Experiments\SM01\05-WMC\MU","Tr5_update2.png","9","209186","C:/Users/Public/Experiments/SM01/05-WMC/MU/MU_results/MUsbj011.csv","update","1300","3","11","222656","223958"
"MU.osexp","C:\Users\Public\Experiments\SM01\05-WMC\MU","Tr5_update3.png","9","209186","C:/Users/Public/Experiments/SM01/05-WMC/MU/MU_results/MUsbj011.csv","update","1300","3","11","224305","225607"
"MU.osexp","C:\Users\Public\Experiments\SM01\05-WMC\MU","Tr5_update4.png","9","209186","C:/Users/Public/Experiments/SM01/05-WMC/MU/MU_results/MUsbj011.csv","update","1300","3","11","226104","227406"
"MU.osexp","C:\Users\Public\Experiments\SM01\05-WMC\MU","Tr5_update5.png","9","209186","C:/Users/Public/Experiments/SM01/05-WMC/MU/MU_results/MUsbj011.csv","update","1300","3","11","227822","229124"
"MU.osexp","C:\Users\Public\Experiments\SM01\05-WMC\MU","Tr5_update6.png","9","209186","C:/Users/Public/Experiments/SM01/05-WMC/MU/MU_results/MUsbj011.csv","update","1300","3","11","229448","230750"
"MU.osexp","C:\Users\Public\Experiments\SM01\05-WMC\MU","Tr5_test1.png","1","234034","C:/Users/Public/Experiments/SM01/05-WMC/MU/MU_results/MUsbj011.csv","test","0","3","11","231125","234035"
"MU.osexp","C:\Users\Public\Experiments\SM01\05-WMC\MU","Tr5_test2.png","5","237081","C:/Users/Public/Experiments/SM01/05-WMC/MU/MU_results/MUsbj011.csv","test","0","3","11","235142","237082"
"MU.osexp","C:\Users\Public\Experiments\SM01\05-WMC\MU","Tr5_test3.png","3","239514","C:/Users/Public/Experiments/SM01/05-WMC/MU/MU_results/MUsbj011.csv","test","0","3","11","238199","239515"
"MU.osexp","C:\Users\Public\Experiments\SM01\05-WMC\MU","wait.png","3","239514","C:/Users/Public/Experiments/SM01/05-WMC/MU/MU_results/MUsbj011.csv","wait","5000","4","11","240597","239515"
"MU.osexp","C:\Users\Public\Experiments\SM01\05-WMC\MU","fixation.png","3","239514","C:/Users/Public/Experiments/SM01/05-WMC/MU/MU_results/MUsbj011.csv","fix","1500","4","11","245683","239515"
"MU.osexp","C:\Users\Public\Experiments\SM01\05-WMC\MU","Tr6_study1.png","3","239514","C:/Users/Public/Experiments/SM01/05-WMC/MU/MU_results/MUsbj011.csv","study","1000","4","11","247279","248281"
"MU.osexp","C:\Users\Public\Experiments\SM01\05-WMC\MU","Tr6_study2.png","3","239514","C:/Users/Public/Experiments/SM01/05-WMC/MU/MU_results/MUsbj011.csv","study","1000","4","11","248631","249633"
"MU.osexp","C:\Users\Public\Experiments\SM01\05-WMC\MU","Tr6_study3.png","3","239514","C:/Users/Public/Experiments/SM01/05-WMC/MU/MU_results/MUsbj011.csv","study","1000","4","11","249992","250994"
"MU.osexp","C:\Users\Public\Experiments\SM01\05-WMC\MU","Tr6_study4.png","3","239514","C:/Users/Public/Experiments/SM01/05-WMC/MU/MU_results/MUsbj011.csv","study","1000","4","11","251336","252338"
"MU.osexp","C:\Users\Public\Experiments\SM01\05-WMC\MU","Tr6_update1.png","3","239514","C:/Users/Public/Experiments/SM01/05-WMC/MU/MU_results/MUsbj011.csv","update","1300","4","11","252715","254017"
"MU.osexp","C:\Users\Public\Experiments\SM01\05-WMC\MU","Tr6_update2.png","3","239514","C:/Users/Public/Experiments/SM01/05-WMC/MU/MU_results/MUsbj011.csv","update","1300","4","11","254371","255673"
"MU.osexp","C:\Users\Public\Experiments\SM01\05-WMC\MU","Tr6_update3.png","3","239514","C:/Users/Public/Experiments/SM01/05-WMC/MU/MU_results/MUsbj011.csv","update","1300","4","11","256046","257348"
"MU.osexp","C:\Users\Public\Experiments\SM01\05-WMC\MU","Tr6_update4.png","3","239514","C:/Users/Public/Experiments/SM01/05-WMC/MU/MU_results/MUsbj011.csv","update","1300","4","11","257716","259018"
"MU.osexp","C:\Users\Public\Experiments\SM01\05-WMC\MU","Tr6_update5.png","3","239514","C:/Users/Public/Experiments/SM01/05-WMC/MU/MU_results/MUsbj011.csv","update","1300","4","11","259374","260676"
"MU.osexp","C:\Users\Public\Experiments\SM01\05-WMC\MU","Tr6_test1.png","6","266650","C:/Users/Public/Experiments/SM01/05-WMC/MU/MU_results/MUsbj011.csv","test","0","4","11","261036","266651"
"MU.osexp","C:\Users\Public\Experiments\SM01\05-WMC\MU","Tr6_test2.png","6","268826","C:/Users/Public/Experiments/SM01/05-WMC/MU/MU_results/MUsbj011.csv","test","0","4","11","267730","268827"
"MU.osexp","C:\Users\Public\Experiments\SM01\05-WMC\MU","Tr6_test3.png","1","271058","C:/Users/Public/Experiments/SM01/05-WMC/MU/MU_results/MUsbj011.csv","test","0","4","11","269922","271058"
"MU.osexp","C:\Users\Public\Experiments\SM01\05-WMC\MU","Tr6_test4.png","8","272401","C:/Users/Public/Experiments/SM01/05-WMC/MU/MU_results/MUsbj011.csv","test","0","4","11","272162","272402"
"MU.osexp","C:\Users\Public\Experiments\SM01\05-WMC\MU","wait.png","8","272401","C:/Users/Public/Experiments/SM01/05-WMC/MU/MU_results/MUsbj011.csv","wait","5000","5","11","273508","272402"
"MU.osexp","C:\Users\Public\Experiments\SM01\05-WMC\MU","fixation.png","8","272401","C:/Users/Public/Experiments/SM01/05-WMC/MU/MU_results/MUsbj011.csv","fix","1500","5","11","278611","272402"
"MU.osexp","C:\Users\Public\Experiments\SM01\05-WMC\MU","Tr7_study1.png","8","272401","C:/Users/Public/Experiments/SM01/05-WMC/MU/MU_results/MUsbj011.csv","study","1000","5","11","280228","281230"
"MU.osexp","C:\Users\Public\Experiments\SM01\05-WMC\MU","Tr7_study2.png","8","272401","C:/Users/Public/Experiments/SM01/05-WMC/MU/MU_results/MUsbj011.csv","study","1000","5","11","281584","282586"
"MU.osexp","C:\Users\Public\Experiments\SM01\05-WMC\MU","Tr7_study3.png","8","272401","C:/Users/Public/Experiments/SM01/05-WMC/MU/MU_results/MUsbj011.csv","study","1000","5","11","282955","283957"
"MU.osexp","C:\Users\Public\Experiments\SM01\05-WMC\MU","Tr7_study4.png","8","272401","C:/Users/Public/Experiments/SM01/05-WMC/MU/MU_results/MUsbj011.csv","study","1000","5","11","284309","285311"
"MU.osexp","C:\Users\Public\Experiments\SM01\05-WMC\MU","Tr7_study5.png","8","272401","C:/Users/Public/Experiments/SM01/05-WMC/MU/MU_results/MUsbj011.csv","study","1000","5","11","285657","286659"
"MU.osexp","C:\Users\Public\Experiments\SM01\05-WMC\MU","Tr7_update1.png","8","272401","C:/Users/Public/Experiments/SM01/05-WMC/MU/MU_results/MUsbj011.csv","update","1300","5","11","287007","288309"
"MU.osexp","C:\Users\Public\Experiments\SM01\05-WMC\MU","Tr7_update2.png","8","272401","C:/Users/Public/Experiments/SM01/05-WMC/MU/MU_results/MUsbj011.csv","update","1300","5","11","288687","289989"
"MU.osexp","C:\Users\Public\Experiments\SM01\05-WMC\MU","Tr7_update3.png","8","272401","C:/Users/Public/Experiments/SM01/05-WMC/MU/MU_results/MUsbj011.csv","update","1300","5","11","290320","291622"
"MU.osexp","C:\Users\Public\Experiments\SM01\05-WMC\MU","Tr7_update4.png","8","272401","C:/Users/Public/Experiments/SM01/05-WMC/MU/MU_results/MUsbj011.csv","update","1300","5","11","291988","293290"
"MU.osexp","C:\Users\Public\Experiments\SM01\05-WMC\MU","Tr7_update5.png","8","272401","C:/Users/Public/Experiments/SM01/05-WMC/MU/MU_results/MUsbj011.csv","update","1300","5","11","293787","295089"
"MU.osexp","C:\Users\Public\Experiments\SM01\05-WMC\MU","Tr7_test1.png","2","304418","C:/Users/Public/Experiments/SM01/05-WMC/MU/MU_results/MUsbj011.csv","test","0","5","11","295466","304419"
"MU.osexp","C:\Users\Public\Experiments\SM01\05-WMC\MU","Tr7_test2.png","6","309802","C:/Users/Public/Experiments/SM01/05-WMC/MU/MU_results/MUsbj011.csv","test","0","5","11","305521","309803"
"MU.osexp","C:\Users\Public\Experiments\SM01\05-WMC\MU","Tr7_test3.png","5","312922","C:/Users/Public/Experiments/SM01/05-WMC/MU/MU_results/MUsbj011.csv","test","0","5","11","310912","312923"
"MU.osexp","C:\Users\Public\Experiments\SM01\05-WMC\MU","Tr7_test4.png","2","315210","C:/Users/Public/Experiments/SM01/05-WMC/MU/MU_results/MUsbj011.csv","test","0","5","11","314016","315211"
"MU.osexp","C:\Users\Public\Experiments\SM01\05-WMC\MU","Tr7_test5.png","3","316578","C:/Users/Public/Experiments/SM01/05-WMC/MU/MU_results/MUsbj011.csv","test","0","5","11","316328","316579"
"MU.osexp","C:\Users\Public\Experiments\SM01\05-WMC\MU","wait.png","3","316578","C:/Users/Public/Experiments/SM01/05-WMC/MU/MU_results/MUsbj011.csv","wait","5000","4","11","317669","316579"
"MU.osexp","C:\Users\Public\Experiments\SM01\05-WMC\MU","fixation.png","3","316578","C:/Users/Public/Experiments/SM01/05-WMC/MU/MU_results/MUsbj011.csv","fix","1500","4","11","322772","316579"
"MU.osexp","C:\Users\Public\Experiments\SM01\05-WMC\MU","Tr8_study1.png","3","316578","C:/Users/Public/Experiments/SM01/05-WMC/MU/MU_results/MUsbj011.csv","study","1000","4","11","324387","325389"
"MU.osexp","C:\Users\Public\Experiments\SM01\05-WMC\MU","Tr8_study2.png","3","316578","C:/Users/Public/Experiments/SM01/05-WMC/MU/MU_results/MUsbj011.csv","study","1000","4","11","325746","326748"
"MU.osexp","C:\Users\Public\Experiments\SM01\05-WMC\MU","Tr8_study3.png","3","316578","C:/Users/Public/Experiments/SM01/05-WMC/MU/MU_results/MUsbj011.csv","study","1000","4","11","327110","328112"
"MU.osexp","C:\Users\Public\Experiments\SM01\05-WMC\MU","Tr8_study4.png","3","316578","C:/Users/Public/Experiments/SM01/05-WMC/MU/MU_results/MUsbj011.csv","study","1000","4","11","328466","329468"
"MU.osexp","C:\Users\Public\Experiments\SM01\05-WMC\MU","Tr8_update1.png","3","316578","C:/Users/Public/Experiments/SM01/05-WMC/MU/MU_results/MUsbj011.csv","update","1300","4","11","329845","331147"
"MU.osexp","C:\Users\Public\Experiments\SM01\05-WMC\MU","Tr8_update2.png","3","316578","C:/Users/Public/Experiments/SM01/05-WMC/MU/MU_results/MUsbj011.csv","update","1300","4","11","331497","332799"
"MU.osexp","C:\Users\Public\Experiments\SM01\05-WMC\MU","Tr8_update3.png","3","316578","C:/Users/Public/Experiments/SM01/05-WMC/MU/MU_results/MUsbj011.csv","update","1300","4","11","333152","334454"
"MU.osexp","C:\Users\Public\Experiments\SM01\05-WMC\MU","Tr8_test1.png","2","343538","C:/Users/Public/Experiments/SM01/05-WMC/MU/MU_results/MUsbj011.csv","test","0","4","11","334803","343539"
"MU.osexp","C:\Users\Public\Experiments\SM01\05-WMC\MU","Tr8_test2.png","4","346842","C:/Users/Public/Experiments/SM01/05-WMC/MU/MU_results/MUsbj011.csv","test","0","4","11","344646","346843"
"MU.osexp","C:\Users\Public\Experiments\SM01\05-WMC\MU","Tr8_test3.png","9","348730","C:/Users/Public/Experiments/SM01/05-WMC/MU/MU_results/MUsbj011.csv","test","0","4","11","347936","348731"
"MU.osexp","C:\Users\Public\Experiments\SM01\05-WMC\MU","Tr8_test4.png","6","351850","C:/Users/Public/Experiments/SM01/05-WMC/MU/MU_results/MUsbj011.csv","test","0","4","11","349849","351851"
"MU.osexp","C:\Users\Public\Experiments\SM01\05-WMC\MU","wait.png","6","351850","C:/Users/Public/Experiments/SM01/05-WMC/MU/MU_results/MUsbj011.csv","wait","5000","5","11","352953","351851"
"MU.osexp","C:\Users\Public\Experiments\SM01\05-WMC\MU","fixation.png","6","351850","C:/Users/Public/Experiments/SM01/05-WMC/MU/MU_results/MUsbj011.csv","fix","1500","5","11","358053","351851"
"MU.osexp","C:\Users\Public\Experiments\SM01\05-WMC\MU","Tr9_study1.png","6","351850","C:/Users/Public/Experiments/SM01/05-WMC/MU/MU_results/MUsbj011.csv","study","1000","5","11","359642","360644"
"MU.osexp","C:\Users\Public\Experiments\SM01\05-WMC\MU","Tr9_study2.png","6","351850","C:/Users/Public/Experiments/SM01/05-WMC/MU/MU_results/MUsbj011.csv","study","1000","5","11","360992","361994"
"MU.osexp","C:\Users\Public\Experiments\SM01\05-WMC\MU","Tr9_study3.png","6","351850","C:/Users/Public/Experiments/SM01/05-WMC/MU/MU_results/MUsbj011.csv","study","1000","5","11","362365","363367"
"MU.osexp","C:\Users\Public\Experiments\SM01\05-WMC\MU","Tr9_study4.png","6","351850","C:/Users/Public/Experiments/SM01/05-WMC/MU/MU_results/MUsbj011.csv","study","1000","5","11","363852","364854"
"MU.osexp","C:\Users\Public\Experiments\SM01\05-WMC\MU","Tr9_study5.png","6","351850","C:/Users/Public/Experiments/SM01/05-WMC/MU/MU_results/MUsbj011.csv","study","1000","5","11","365222","366224"
"MU.osexp","C:\Users\Public\Experiments\SM01\05-WMC\MU","Tr9_update1.png","6","351850","C:/Users/Public/Experiments/SM01/05-WMC/MU/MU_results/MUsbj011.csv","update","1300","5","11","366573","367875"
"MU.osexp","C:\Users\Public\Experiments\SM01\05-WMC\MU","Tr9_update2.png","6","351850","C:/Users/Public/Experiments/SM01/05-WMC/MU/MU_results/MUsbj011.csv","update","1300","5","11","368240","369542"
"MU.osexp","C:\Users\Public\Experiments\SM01\05-WMC\MU","Tr9_test1.png","4","375290","C:/Users/Public/Experiments/SM01/05-WMC/MU/MU_results/MUsbj011.csv","test","0","5","11","369901","375291"
"MU.osexp","C:\Users\Public\Experiments\SM01\05-WMC\MU","Tr9_test2.png","6","378354","C:/Users/Public/Experiments/SM01/05-WMC/MU/MU_results/MUsbj011.csv","test","0","5","11","376389","378355"
"MU.osexp","C:\Users\Public\Experiments\SM01\05-WMC\MU","Tr9_test3.png","5","381186","C:/Users/Public/Experiments/SM01/05-WMC/MU/MU_results/MUsbj011.csv","test","0","5","11","379502","381187"
"MU.osexp","C:\Users\Public\Experiments\SM01\05-WMC\MU","Tr9_test4.png","1","383074","C:/Users/Public/Experiments/SM01/05-WMC/MU/MU_results/MUsbj011.csv","test","0","5","11","382289","383075"
"MU.osexp","C:\Users\Public\Experiments\SM01\05-WMC\MU","Tr9_test5.png","9","389570","C:/Users/Public/Experiments/SM01/05-WMC/MU/MU_results/MUsbj011.csv","test","0","5","11","384253","389571"
"MU.osexp","C:\Users\Public\Experiments\SM01\05-WMC\MU","wait.png","9","389570","C:/Users/Public/Experiments/SM01/05-WMC/MU/MU_results/MUsbj011.csv","wait","5000","3","11","390662","389571"
"MU.osexp","C:\Users\Public\Experiments\SM01\05-WMC\MU","fixation.png","9","389570","C:/Users/Public/Experiments/SM01/05-WMC/MU/MU_results/MUsbj011.csv","fix","1500","3","11","395759","389571"
"MU.osexp","C:\Users\Public\Experiments\SM01\05-WMC\MU","Tr10_study1.png","9","389570","C:/Users/Public/Experiments/SM01/05-WMC/MU/MU_results/MUsbj011.csv","study","1000","3","11","397376","398378"
"MU.osexp","C:\Users\Public\Experiments\SM01\05-WMC\MU","Tr10_study2.png","9","389570","C:/Users/Public/Experiments/SM01/05-WMC/MU/MU_results/MUsbj011.csv","study","1000","3","11","398731","399733"
"MU.osexp","C:\Users\Public\Experiments\SM01\05-WMC\MU","Tr10_study3.png","9","389570","C:/Users/Public/Experiments/SM01/05-WMC/MU/MU_results/MUsbj011.csv","study","1000","3","11","400067","401068"
"MU.osexp","C:\Users\Public\Experiments\SM01\05-WMC\MU","Tr10_update1.png","9","389570","C:/Users/Public/Experiments/SM01/05-WMC/MU/MU_results/MUsbj011.csv","update","1300","3","11","401400","402702"
"MU.osexp","C:\Users\Public\Experiments\SM01\05-WMC\MU","Tr10_update2.png","9","389570","C:/Users/Public/Experiments/SM01/05-WMC/MU/MU_results/MUsbj011.csv","update","1300","3","11","403047","404349"
"MU.osexp","C:\Users\Public\Experiments\SM01\05-WMC\MU","Tr10_test1.png","5","406082","C:/Users/Public/Experiments/SM01/05-WMC/MU/MU_results/MUsbj011.csv","test","0","3","11","404702","406083"
"MU.osexp","C:\Users\Public\Experiments\SM01\05-WMC\MU","Tr10_test2.png","2","407658","C:/Users/Public/Experiments/SM01/05-WMC/MU/MU_results/MUsbj011.csv","test","0","3","11","407184","407659"
"MU.osexp","C:\Users\Public\Experiments\SM01\05-WMC\MU","Tr10_test3.png","5","408994","C:/Users/Public/Experiments/SM01/05-WMC/MU/MU_results/MUsbj011.csv","test","0","3","11","408776","408995"
"MU.osexp","C:\Users\Public\Experiments\SM01\05-WMC\MU","wait.png","5","408994","C:/Users/Public/Experiments/SM01/05-WMC/MU/MU_results/MUsbj011.csv","wait","5000","5","11","410086","408995"
"MU.osexp","C:\Users\Public\Experiments\SM01\05-WMC\MU","fixation.png","5","408994","C:/Users/Public/Experiments/SM01/05-WMC/MU/MU_results/MUsbj011.csv","fix","1500","5","11","415177","408995"
"MU.osexp","C:\Users\Public\Experiments\SM01\05-WMC\MU","Tr11_study1.png","5","408994","C:/Users/Public/Experiments/SM01/05-WMC/MU/MU_results/MUsbj011.csv","study","1000","5","11","416793","417795"
"MU.osexp","C:\Users\Public\Experiments\SM01\05-WMC\MU","Tr11_study2.png","5","408994","C:/Users/Public/Experiments/SM01/05-WMC/MU/MU_results/MUsbj011.csv","study","1000","5","11","418145","419147"
"MU.osexp","C:\Users\Public\Experiments\SM01\05-WMC\MU","Tr11_study3.png","5","408994","C:/Users/Public/Experiments/SM01/05-WMC/MU/MU_results/MUsbj011.csv","study","1000","5","11","419518","420521"
"MU.osexp","C:\Users\Public\Experiments\SM01\05-WMC\MU","Tr11_study4.png","5","408994","C:/Users/Public/Experiments/SM01/05-WMC/MU/MU_results/MUsbj011.csv","study","1000","5","11","420873","421875"
"MU.osexp","C:\Users\Public\Experiments\SM01\05-WMC\MU","Tr11_study5.png","5","408994","C:/Users/Public/Experiments/SM01/05-WMC/MU/MU_results/MUsbj011.csv","study","1000","5","11","422247","423249"
"MU.osexp","C:\Users\Public\Experiments\SM01\05-WMC\MU","Tr11_update1.png","5","408994","C:/Users/Public/Experiments/SM01/05-WMC/MU/MU_results/MUsbj011.csv","update","1300","5","11","423597","424899"
"MU.osexp","C:\Users\Public\Experiments\SM01\05-WMC\MU","Tr11_update2.png","5","408994","C:/Users/Public/Experiments/SM01/05-WMC/MU/MU_results/MUsbj011.csv","update","1300","5","11","425274","426576"
"MU.osexp","C:\Users\Public\Experiments\SM01\05-WMC\MU","Tr11_update3.png","5","408994","C:/Users/Public/Experiments/SM01/05-WMC/MU/MU_results/MUsbj011.csv","update","1300","5","11","426927","428229"
"MU.osexp","C:\Users\Public\Experiments\SM01\05-WMC\MU","Tr11_test1.png","6","435170","C:/Users/Public/Experiments/SM01/05-WMC/MU/MU_results/MUsbj011.csv","test","0","5","11","428591","435171"
"MU.osexp","C:\Users\Public\Experiments\SM01\05-WMC\MU","Tr11_test2.png","3","437450","C:/Users/Public/Experiments/SM01/05-WMC/MU/MU_results/MUsbj011.csv","test","0","5","11","436268","437451"
"MU.osexp","C:\Users\Public\Experiments\SM01\05-WMC\MU","Tr11_test3.png","5","441474","C:/Users/Public/Experiments/SM01/05-WMC/MU/MU_results/MUsbj011.csv","test","0","5","11","438542","441475"
"MU.osexp","C:\Users\Public\Experiments\SM01\05-WMC\MU","Tr11_test4.png","7","442978","C:/Users/Public/Experiments/SM01/05-WMC/MU/MU_results/MUsbj011.csv","test","0","5","11","442575","442979"
"MU.osexp","C:\Users\Public\Experiments\SM01\05-WMC\MU","Tr11_test5.png","4","444322","C:/Users/Public/Experiments/SM01/05-WMC/MU/MU_results/MUsbj011.csv","test","0","5","11","444063","444323"
"MU.osexp","C:\Users\Public\Experiments\SM01\05-WMC\MU","wait.png","4","444322","C:/Users/Public/Experiments/SM01/05-WMC/MU/MU_results/MUsbj011.csv","wait","5000","3","11","445413","444323"
"MU.osexp","C:\Users\Public\Experiments\SM01\05-WMC\MU","fixation.png","4","444322","C:/Users/Public/Experiments/SM01/05-WMC/MU/MU_results/MUsbj011.csv","fix","1500","3","11","450513","444323"
"MU.osexp","C:\Users\Public\Experiments\SM01\05-WMC\MU","Tr12_study1.png","4","444322","C:/Users/Public/Experiments/SM01/05-WMC/MU/MU_results/MUsbj011.csv","study","1000","3","11","452130","453132"
"MU.osexp","C:\Users\Public\Experiments\SM01\05-WMC\MU","Tr12_study2.png","4","444322","C:/Users/Public/Experiments/SM01/05-WMC/MU/MU_results/MUsbj011.csv","study","1000","3","11","453479","454481"
"MU.osexp","C:\Users\Public\Experiments\SM01\05-WMC\MU","Tr12_study3.png","4","444322","C:/Users/Public/Experiments/SM01/05-WMC/MU/MU_results/MUsbj011.csv","study","1000","3","11","454856","455858"
"MU.osexp","C:\Users\Public\Experiments\SM01\05-WMC\MU","Tr12_update1.png","4","444322","C:/Users/Public/Experiments/SM01/05-WMC/MU/MU_results/MUsbj011.csv","update","1300","3","11","456210","457512"
"MU.osexp","C:\Users\Public\Experiments\SM01\05-WMC\MU","Tr12_update2.png","4","444322","C:/Users/Public/Experiments/SM01/05-WMC/MU/MU_results/MUsbj011.csv","update","1300","3","11","457886","459188"
"MU.osexp","C:\Users\Public\Experiments\SM01\05-WMC\MU","Tr12_update3.png","4","444322","C:/Users/Public/Experiments/SM01/05-WMC/MU/MU_results/MUsbj011.csv","update","1300","3","11","459543","460845"
"MU.osexp","C:\Users\Public\Experiments\SM01\05-WMC\MU","Tr12_update4.png","4","444322","C:/Users/Public/Experiments/SM01/05-WMC/MU/MU_results/MUsbj011.csv","update","1300","3","11","461218","462520"
"MU.osexp","C:\Users\Public\Experiments\SM01\05-WMC\MU","Tr12_update5.png","4","444322","C:/Users/Public/Experiments/SM01/05-WMC/MU/MU_results/MUsbj011.csv","update","1300","3","11","462871","464173"
"MU.osexp","C:\Users\Public\Experiments\SM01\05-WMC\MU","Tr12_test1.png","4","474026","C:/Users/Public/Experiments/SM01/05-WMC/MU/MU_results/MUsbj011.csv","test","0","3","11","464522","474027"
"MU.osexp","C:\Users\Public\Experiments\SM01\05-WMC\MU","Tr12_test2.png","9","475426","C:/Users/Public/Experiments/SM01/05-WMC/MU/MU_results/MUsbj011.csv","test","0","3","11","475133","475427"
"MU.osexp","C:\Users\Public\Experiments\SM01\05-WMC\MU","Tr12_test3.png","4","476730","C:/Users/Public/Experiments/SM01/05-WMC/MU/MU_results/MUsbj011.csv","test","0","3","11","476519","476731"
"MU.osexp","C:\Users\Public\Experiments\SM01\05-WMC\MU","wait.png","4","476730","C:/Users/Public/Experiments/SM01/05-WMC/MU/MU_results/MUsbj011.csv","wait","5000","3","11","477859","476731"
"MU.osexp","C:\Users\Public\Experiments\SM01\05-WMC\MU","fixation.png","4","476730","C:/Users/Public/Experiments/SM01/05-WMC/MU/MU_results/MUsbj011.csv","fix","1500","3","11","482953","476731"
"MU.osexp","C:\Users\Public\Experiments\SM01\05-WMC\MU","Tr13_study1.png","4","476730","C:/Users/Public/Experiments/SM01/05-WMC/MU/MU_results/MUsbj011.csv","study","1000","3","11","484567","485569"
"MU.osexp","C:\Users\Public\Experiments\SM01\05-WMC\MU","Tr13_study2.png","4","476730","C:/Users/Public/Experiments/SM01/05-WMC/MU/MU_results/MUsbj011.csv","study","1000","3","11","485911","486913"
"MU.osexp","C:\Users\Public\Experiments\SM01\05-WMC\MU","Tr13_study3.png","4","476730","C:/Users/Public/Experiments/SM01/05-WMC/MU/MU_results/MUsbj011.csv","study","1000","3","11","487254","488256"
"MU.osexp","C:\Users\Public\Experiments\SM01\05-WMC\MU","Tr13_update1.png","4","476730","C:/Users/Public/Experiments/SM01/05-WMC/MU/MU_results/MUsbj011.csv","update","1300","3","11","488606","489908"
"MU.osexp","C:\Users\Public\Experiments\SM01\05-WMC\MU","Tr13_update2.png","4","476730","C:/Users/Public/Experiments/SM01/05-WMC/MU/MU_results/MUsbj011.csv","update","1300","3","11","490266","491568"
"MU.osexp","C:\Users\Public\Experiments\SM01\05-WMC\MU","Tr13_update3.png","4","476730","C:/Users/Public/Experiments/SM01/05-WMC/MU/MU_results/MUsbj011.csv","update","1300","3","11","491911","493213"
"MU.osexp","C:\Users\Public\Experiments\SM01\05-WMC\MU","Tr13_update4.png","4","476730","C:/Users/Public/Experiments/SM01/05-WMC/MU/MU_results/MUsbj011.csv","update","1300","3","11","493585","494887"
"MU.osexp","C:\Users\Public\Experiments\SM01\05-WMC\MU","Tr13_test1.png","4","497090","C:/Users/Public/Experiments/SM01/05-WMC/MU/MU_results/MUsbj011.csv","test","0","3","11","495237","497091"
"MU.osexp","C:\Users\Public\Experiments\SM01\05-WMC\MU","Tr13_test2.png","1","498842","C:/Users/Public/Experiments/SM01/05-WMC/MU/MU_results/MUsbj011.csv","test","0","3","11","498189","498843"
"MU.osexp","C:\Users\Public\Experiments\SM01\05-WMC\MU","Tr13_test3.png","5","500347","C:/Users/Public/Experiments/SM01/05-WMC/MU/MU_results/MUsbj011.csv","test","0","3","11","499925","500348"
"MU.osexp","C:\Users\Public\Experiments\SM01\05-WMC\MU","wait.png","5","500347","C:/Users/Public/Experiments/SM01/05-WMC/MU/MU_results/MUsbj011.csv","wait","5000","5","11","501451","500348"
"MU.osexp","C:\Users\Public\Experiments\SM01\05-WMC\MU","fixation.png","5","500347","C:/Users/Public/Experiments/SM01/05-WMC/MU/MU_results/MUsbj011.csv","fix","1500","5","11","506546","500348"
"MU.osexp","C:\Users\Public\Experiments\SM01\05-WMC\MU","Tr14_study1.png","5","500347","C:/Users/Public/Experiments/SM01/05-WMC/MU/MU_results/MUsbj011.csv","study","1000","5","11","508172","509174"
"MU.osexp","C:\Users\Public\Experiments\SM01\05-WMC\MU","Tr14_study2.png","5","500347","C:/Users/Public/Experiments/SM01/05-WMC/MU/MU_results/MUsbj011.csv","study","1000","5","11","509521","510523"
"MU.osexp","C:\Users\Public\Experiments\SM01\05-WMC\MU","Tr14_study3.png","5","500347","C:/Users/Public/Experiments/SM01/05-WMC/MU/MU_results/MUsbj011.csv","study","1000","5","11","510867","511869"
"MU.osexp","C:\Users\Public\Experiments\SM01\05-WMC\MU","Tr14_study4.png","5","500347","C:/Users/Public/Experiments/SM01/05-WMC/MU/MU_results/MUsbj011.csv","study","1000","5","11","512221","513223"
"MU.osexp","C:\Users\Public\Experiments\SM01\05-WMC\MU","Tr14_study5.png","5","500347","C:/Users/Public/Experiments/SM01/05-WMC/MU/MU_results/MUsbj011.csv","study","1000","5","11","513567","514570"
"MU.osexp","C:\Users\Public\Experiments\SM01\05-WMC\MU","Tr14_update1.png","5","500347","C:/Users/Public/Experiments/SM01/05-WMC/MU/MU_results/MUsbj011.csv","update","1300","5","11","514922","516224"
"MU.osexp","C:\Users\Public\Experiments\SM01\05-WMC\MU","Tr14_update2.png","5","500347","C:/Users/Public/Experiments/SM01/05-WMC/MU/MU_results/MUsbj011.csv","update","1300","5","11","516588","517890"
"MU.osexp","C:\Users\Public\Experiments\SM01\05-WMC\MU","Tr14_update3.png","5","500347","C:/Users/Public/Experiments/SM01/05-WMC/MU/MU_results/MUsbj011.csv","update","1300","5","11","518338","519640"
"MU.osexp","C:\Users\Public\Experiments\SM01\05-WMC\MU","Tr14_update4.png","5","500347","C:/Users/Public/Experiments/SM01/05-WMC/MU/MU_results/MUsbj011.csv","update","1300","5","11","520002","521304"
"MU.osexp","C:\Users\Public\Experiments\SM01\05-WMC\MU","Tr14_test1.png","8","529266","C:/Users/Public/Experiments/SM01/05-WMC/MU/MU_results/MUsbj011.csv","test","0","5","11","521645","529267"
"MU.osexp","C:\Users\Public\Experiments\SM01\05-WMC\MU","Tr14_test2.png","7","531402","C:/Users/Public/Experiments/SM01/05-WMC/MU/MU_results/MUsbj011.csv","test","0","5","11","530382","531403"
"MU.osexp","C:\Users\Public\Experiments\SM01\05-WMC\MU","Tr14_test3.png","3","533730","C:/Users/Public/Experiments/SM01/05-WMC/MU/MU_results/MUsbj011.csv","test","0","5","11","532504","533731"
"MU.osexp","C:\Users\Public\Experiments\SM01\05-WMC\MU","Tr14_test4.png","5","536475","C:/Users/Public/Experiments/SM01/05-WMC/MU/MU_results/MUsbj011.csv","test","0","5","11","534839","536475"
"MU.osexp","C:\Users\Public\Experiments\SM01\05-WMC\MU","Tr14_test5.png","8","537818","C:/Users/Public/Experiments/SM01/05-WMC/MU/MU_results/MUsbj011.csv","test","0","5","11","537570","537819"
"MU.osexp","C:\Users\Public\Experiments\SM01\05-WMC\MU","wait.png","8","537818","C:/Users/Public/Experiments/SM01/05-WMC/MU/MU_results/MUsbj011.csv","wait","5000","4","11","538935","537819"
"MU.osexp","C:\Users\Public\Experiments\SM01\05-WMC\MU","fixation.png","8","537818","C:/Users/Public/Experiments/SM01/05-WMC/MU/MU_results/MUsbj011.csv","fix","1500","4","11","544030","537819"
"MU.osexp","C:\Users\Public\Experiments\SM01\05-WMC\MU","Tr15_study1.png","8","537818","C:/Users/Public/Experiments/SM01/05-WMC/MU/MU_results/MUsbj011.csv","study","1000","4","11","545646","546648"
"MU.osexp","C:\Users\Public\Experiments\SM01\05-WMC\MU","Tr15_study2.png","8","537818","C:/Users/Public/Experiments/SM01/05-WMC/MU/MU_results/MUsbj011.csv","study","1000","4","11","546996","547998"
"MU.osexp","C:\Users\Public\Experiments\SM01\05-WMC\MU","Tr15_study3.png","8","537818","C:/Users/Public/Experiments/SM01/05-WMC/MU/MU_results/MUsbj011.csv","study","1000","4","11","548339","549341"
"MU.osexp","C:\Users\Public\Experiments\SM01\05-WMC\MU","Tr15_study4.png","8","537818","C:/Users/Public/Experiments/SM01/05-WMC/MU/MU_results/MUsbj011.csv","study","1000","4","11","549692","550694"
"MU.osexp","C:\Users\Public\Experiments\SM01\05-WMC\MU","Tr15_update1.png","8","537818","C:/Users/Public/Experiments/SM01/05-WMC/MU/MU_results/MUsbj011.csv","update","1300","4","11","551065","552367"
"MU.osexp","C:\Users\Public\Experiments\SM01\05-WMC\MU","Tr15_update2.png","8","537818","C:/Users/Public/Experiments/SM01/05-WMC/MU/MU_results/MUsbj011.csv","update","1300","4","11","552703","554005"
"MU.osexp","C:\Users\Public\Experiments\SM01\05-WMC\MU","Tr15_update3.png","8","537818","C:/Users/Public/Experiments/SM01/05-WMC/MU/MU_results/MUsbj011.csv","update","1300","4","11","554378","555680"
"MU.osexp","C:\Users\Public\Experiments\SM01\05-WMC\MU","Tr15_update4.png","8","537818","C:/Users/Public/Experiments/SM01/05-WMC/MU/MU_results/MUsbj011.csv","update","1300","4","11","556020","557322"
"MU.osexp","C:\Users\Public\Experiments\SM01\05-WMC\MU","Tr15_update5.png","8","537818","C:/Users/Public/Experiments/SM01/05-WMC/MU/MU_results/MUsbj011.csv","update","1300","4","11","557672","558974"
"MU.osexp","C:\Users\Public\Experiments\SM01\05-WMC\MU","Tr15_update6.png","8","537818","C:/Users/Public/Experiments/SM01/05-WMC/MU/MU_results/MUsbj011.csv","update","1300","4","11","559320","560622"
"MU.osexp","C:\Users\Public\Experiments\SM01\05-WMC\MU","Tr15_test1.png","3","565082","C:/Users/Public/Experiments/SM01/05-WMC/MU/MU_results/MUsbj011.csv","test","0","4","11","560996","565083"
"MU.osexp","C:\Users\Public\Experiments\SM01\05-WMC\MU","Tr15_test2.png","7","568194","C:/Users/Public/Experiments/SM01/05-WMC/MU/MU_results/MUsbj011.csv","test","0","4","11","566188","568195"
"MU.osexp","C:\Users\Public\Experiments\SM01\05-WMC\MU","Tr15_test3.png","8","569962","C:/Users/Public/Experiments/SM01/05-WMC/MU/MU_results/MUsbj011.csv","test","0","4","11","569290","569963"
"MU.osexp","C:\Users\Public\Experiments\SM01\05-WMC\MU","Tr15_test4.png","9","572179","C:/Users/Public/Experiments/SM01/05-WMC/MU/MU_results/MUsbj011.csv","test","0","4","11","571071","572179"
"MU.osexp","C:\Users\Public\Experiments\SM01\05-WMC\MU","wait.png","9","572179","C:/Users/Public/Experiments/SM01/05-WMC/MU/MU_results/MUsbj011.csv","wait","5000","4","11","573288","572179"
"MU.osexp","C:\Users\Public\Experiments\SM01\05-WMC\MU","fixation.png","9","572179","C:/Users/Public/Experiments/SM01/05-WMC/MU/MU_results/MUsbj011.csv","fix","1500","4","11","578406","572179"
"MU.osexp","C:\Users\Public\Experiments\SM01\05-WMC\MU","Tr16_study1.png","9","572179","C:/Users/Public/Experiments/SM01/05-WMC/MU/MU_results/MUsbj011.csv","study","1000","4","11","579996","580998"
"MU.osexp","C:\Users\Public\Experiments\SM01\05-WMC\MU","Tr16_study2.png","9","572179","C:/Users/Public/Experiments/SM01/05-WMC/MU/MU_results/MUsbj011.csv","study","1000","4","11","581343","582345"
"MU.osexp","C:\Users\Public\Experiments\SM01\05-WMC\MU","Tr16_study3.png","9","572179","C:/Users/Public/Experiments/SM01/05-WMC/MU/MU_results/MUsbj011.csv","study","1000","4","11","582691","583693"
"MU.osexp","C:\Users\Public\Experiments\SM01\05-WMC\MU","Tr16_study4.png","9","572179","C:/Users/Public/Experiments/SM01/05-WMC/MU/MU_results/MUsbj011.csv","study","1000","4","11","584039","585041"
"MU.osexp","C:\Users\Public\Experiments\SM01\05-WMC\MU","Tr16_update1.png","9","572179","C:/Users/Public/Experiments/SM01/05-WMC/MU/MU_results/MUsbj011.csv","update","1300","4","11","585416","586718"
"MU.osexp","C:\Users\Public\Experiments\SM01\05-WMC\MU","Tr16_update2.png","9","572179","C:/Users/Public/Experiments/SM01/05-WMC/MU/MU_results/MUsbj011.csv","update","1300","4","11","587072","588374"
"MU.osexp","C:\Users\Public\Experiments\SM01\05-WMC\MU","Tr16_test1.png","8","593754","C:/Users/Public/Experiments/SM01/05-WMC/MU/MU_results/MUsbj011.csv","test","0","4","11","588739","593755"
"MU.osexp","C:\Users\Public\Experiments\SM01\05-WMC\MU","Tr16_test2.png","7","595818","C:/Users/Public/Experiments/SM01/05-WMC/MU/MU_results/MUsbj011.csv","test","0","4","11","594845","595819"
"MU.osexp","C:\Users\Public\Experiments\SM01\05-WMC\MU","Tr16_test3.png","8","597450","C:/Users/Public/Experiments/SM01/05-WMC/MU/MU_results/MUsbj011.csv","test","0","4","11","596917","597451"
"MU.osexp","C:\Users\Public\Experiments\SM01\05-WMC\MU","Tr16_test4.png","6","598946","C:/Users/Public/Experiments/SM01/05-WMC/MU/MU_results/MUsbj011.csv","test","0","4","11","598584","598947"
"MU.osexp","C:\Users\Public\Experiments\SM01\05-WMC\MU","wait.png","6","598946","C:/Users/Public/Experiments/SM01/05-WMC/MU/MU_results/MUsbj011.csv","wait","5000","5","11","600146","598947"
"MU.osexp","C:\Users\Public\Experiments\SM01\05-WMC\MU","fixation.png","6","598946","C:/Users/Public/Experiments/SM01/05-WMC/MU/MU_results/MUsbj011.csv","fix","1500","5","11","605317","598947"
"MU.osexp","C:\Users\Public\Experiments\SM01\05-WMC\MU","Tr17_study1.png","6","598946","C:/Users/Public/Experiments/SM01/05-WMC/MU/MU_results/MUsbj011.csv","study","1000","5","11","606929","607931"
"MU.osexp","C:\Users\Public\Experiments\SM01\05-WMC\MU","Tr17_study2.png","6","598946","C:/Users/Public/Experiments/SM01/05-WMC/MU/MU_results/MUsbj011.csv","study","1000","5","11","608278","609280"
"MU.osexp","C:\Users\Public\Experiments\SM01\05-WMC\MU","Tr17_study3.png","6","598946","C:/Users/Public/Experiments/SM01/05-WMC/MU/MU_results/MUsbj011.csv","study","1000","5","11","609655","610657"
"MU.osexp","C:\Users\Public\Experiments\SM01\05-WMC\MU","Tr17_study4.png","6","598946","C:/Users/Public/Experiments/SM01/05-WMC/MU/MU_results/MUsbj011.csv","study","1000","5","11","611148","612150"
"MU.osexp","C:\Users\Public\Experiments\SM01\05-WMC\MU","Tr17_study5.png","6","598946","C:/Users/Public/Experiments/SM01/05-WMC/MU/MU_results/MUsbj011.csv","study","1000","5","11","612506","613508"
"MU.osexp","C:\Users\Public\Experiments\SM01\05-WMC\MU","Tr17_update1.png","6","598946","C:/Users/Public/Experiments/SM01/05-WMC/MU/MU_results/MUsbj011.csv","update","1300","5","11","613867","615169"
"MU.osexp","C:\Users\Public\Experiments\SM01\05-WMC\MU","Tr17_update2.png","6","598946","C:/Users/Public/Experiments/SM01/05-WMC/MU/MU_results/MUsbj011.csv","update","1300","5","11","615597","616899"
"MU.osexp","C:\Users\Public\Experiments\SM01\05-WMC\MU","Tr17_update3.png","6","598946","C:/Users/Public/Experiments/SM01/05-WMC/MU/MU_results/MUsbj011.csv","update","1300","5","11","617250","618552"
"MU.osexp","C:\Users\Public\Experiments\SM01\05-WMC\MU","Tr17_update4.png","6","598946","C:/Users/Public/Experiments/SM01/05-WMC/MU/MU_results/MUsbj011.csv","update","1300","5","11","618926","620228"
"MU.osexp","C:\Users\Public\Experiments\SM01\05-WMC\MU","Tr17_update5.png","6","598946","C:/Users/Public/Experiments/SM01/05-WMC/MU/MU_results/MUsbj011.csv","update","1300","5","11","620665","621966"
"MU.osexp","C:\Users\Public\Experiments\SM01\05-WMC\MU","Tr17_update6.png","6","598946","C:/Users/Public/Experiments/SM01/05-WMC/MU/MU_results/MUsbj011.csv","update","1300","5","11","622293","623595"
"MU.osexp","C:\Users\Public\Experiments\SM01\05-WMC\MU","Tr17_test1.png","6","626506","C:/Users/Public/Experiments/SM01/05-WMC/MU/MU_results/MUsbj011.csv","test","0","5","11","623943","626507"
"MU.osexp","C:\Users\Public\Experiments\SM01\05-WMC\MU","Tr17_test2.png","1","628402","C:/Users/Public/Experiments/SM01/05-WMC/MU/MU_results/MUsbj011.csv","test","0","5","11","627601","628403"
"MU.osexp","C:\Users\Public\Experiments\SM01\05-WMC\MU","Tr17_test3.png","5","633634","C:/Users/Public/Experiments/SM01/05-WMC/MU/MU_results/MUsbj011.csv","test","0","5","11","629508","633635"
"MU.osexp","C:\Users\Public\Experiments\SM01\05-WMC\MU","Tr17_test4.png","3","636514","C:/Users/Public/Experiments/SM01/05-WMC/MU/MU_results/MUsbj011.csv","test","0","5","11","634737","636515"
"MU.osexp","C:\Users\Public\Experiments\SM01\05-WMC\MU","Tr17_test5.png","9","638282","C:/Users/Public/Experiments/SM01/05-WMC/MU/MU_results/MUsbj011.csv","test","0","5","11","637627","638283"
