"experiment_file","experiment_path","image","key","key_time","logfile","phase","playtime","setSize","subject_nr","timestamp","waittime"
"MU.osexp","C:\Users\Public\Experiments\SM01\05-WMC\MU","ready1.png","NA","NA","C:/Users/Public/Experiments/SM01/05-WMC/MU/MU_results/MUsbj003.csv","pre","0","3","3","146120","NA"
"MU.osexp","C:\Users\Public\Experiments\SM01\05-WMC\MU","fixation.png","NA","NA","C:/Users/Public/Experiments/SM01/05-WMC/MU/MU_results/MUsbj003.csv","fix","1500","3","3","148036","NA"
"MU.osexp","C:\Users\Public\Experiments\SM01\05-WMC\MU","Tr1_study1.png","NA","NA","C:/Users/Public/Experiments/SM01/05-WMC/MU/MU_results/MUsbj003.csv","study","1000","3","3","149643","150645"
"MU.osexp","C:\Users\Public\Experiments\SM01\05-WMC\MU","Tr1_study2.png","NA","NA","C:/Users/Public/Experiments/SM01/05-WMC/MU/MU_results/MUsbj003.csv","study","1000","3","3","151017","152019"
"MU.osexp","C:\Users\Public\Experiments\SM01\05-WMC\MU","Tr1_study3.png","NA","NA","C:/Users/Public/Experiments/SM01/05-WMC/MU/MU_results/MUsbj003.csv","study","1000","3","3","152388","153390"
"MU.osexp","C:\Users\Public\Experiments\SM01\05-WMC\MU","Tr1_update1.png","NA","NA","C:/Users/Public/Experiments/SM01/05-WMC/MU/MU_results/MUsbj003.csv","update","1300","3","3","153741","155043"
"MU.osexp","C:\Users\Public\Experiments\SM01\05-WMC\MU","Tr1_update2.png","NA","NA","C:/Users/Public/Experiments/SM01/05-WMC/MU/MU_results/MUsbj003.csv","update","1300","3","3","155416","156718"
"MU.osexp","C:\Users\Public\Experiments\SM01\05-WMC\MU","Tr1_update3.png","NA","NA","C:/Users/Public/Experiments/SM01/05-WMC/MU/MU_results/MUsbj003.csv","update","1300","3","3","157082","158384"
"MU.osexp","C:\Users\Public\Experiments\SM01\05-WMC\MU","Tr1_test1.png","9","166086","C:/Users/Public/Experiments/SM01/05-WMC/MU/MU_results/MUsbj003.csv","test","0","3","3","158731","166087"
"MU.osexp","C:\Users\Public\Experiments\SM01\05-WMC\MU","Tr1_test2.png","5","170607","C:/Users/Public/Experiments/SM01/05-WMC/MU/MU_results/MUsbj003.csv","test","0","3","3","167180","170608"
"MU.osexp","C:\Users\Public\Experiments\SM01\05-WMC\MU","Tr1_test3.png","2","174430","C:/Users/Public/Experiments/SM01/05-WMC/MU/MU_results/MUsbj003.csv","test","0","3","3","171713","174431"
"MU.osexp","C:\Users\Public\Experiments\SM01\05-WMC\MU","wait.png","2","174430","C:/Users/Public/Experiments/SM01/05-WMC/MU/MU_results/MUsbj003.csv","wait","5000","3","3","175547","174431"
"MU.osexp","C:\Users\Public\Experiments\SM01\05-WMC\MU","fixation.png","2","174430","C:/Users/Public/Experiments/SM01/05-WMC/MU/MU_results/MUsbj003.csv","fix","1500","3","3","180665","174431"
"MU.osexp","C:\Users\Public\Experiments\SM01\05-WMC\MU","Tr2_study1.png","2","174430","C:/Users/Public/Experiments/SM01/05-WMC/MU/MU_results/MUsbj003.csv","study","1000","3","3","182287","183289"
"MU.osexp","C:\Users\Public\Experiments\SM01\05-WMC\MU","Tr2_study2.png","2","174430","C:/Users/Public/Experiments/SM01/05-WMC/MU/MU_results/MUsbj003.csv","study","1000","3","3","183651","184653"
"MU.osexp","C:\Users\Public\Experiments\SM01\05-WMC\MU","Tr2_study3.png","2","174430","C:/Users/Public/Experiments/SM01/05-WMC/MU/MU_results/MUsbj003.csv","study","1000","3","3","185024","186026"
"MU.osexp","C:\Users\Public\Experiments\SM01\05-WMC\MU","Tr2_update1.png","2","174430","C:/Users/Public/Experiments/SM01/05-WMC/MU/MU_results/MUsbj003.csv","update","1300","3","3","186377","187679"
"MU.osexp","C:\Users\Public\Experiments\SM01\05-WMC\MU","Tr2_update2.png","2","174430","C:/Users/Public/Experiments/SM01/05-WMC/MU/MU_results/MUsbj003.csv","update","1300","3","3","188040","189342"
"MU.osexp","C:\Users\Public\Experiments\SM01\05-WMC\MU","Tr2_update3.png","2","174430","C:/Users/Public/Experiments/SM01/05-WMC/MU/MU_results/MUsbj003.csv","update","1300","3","3","189707","191009"
"MU.osexp","C:\Users\Public\Experiments\SM01\05-WMC\MU","Tr2_test1.png","4","193470","C:/Users/Public/Experiments/SM01/05-WMC/MU/MU_results/MUsbj003.csv","test","0","3","3","191343","193471"
"MU.osexp","C:\Users\Public\Experiments\SM01\05-WMC\MU","Tr2_test2.png","6","195910","C:/Users/Public/Experiments/SM01/05-WMC/MU/MU_results/MUsbj003.csv","test","0","3","3","194568","195911"
"MU.osexp","C:\Users\Public\Experiments\SM01\05-WMC\MU","Tr2_test3.png","7","198606","C:/Users/Public/Experiments/SM01/05-WMC/MU/MU_results/MUsbj003.csv","test","0","3","3","197055","198607"
"MU.osexp","C:\Users\Public\Experiments\SM01\05-WMC\MU","ready2.png","7","198606","C:/Users/Public/Experiments/SM01/05-WMC/MU/MU_results/MUsbj003.csv","pre","0","3","3","205624","198607"
"MU.osexp","C:\Users\Public\Experiments\SM01\05-WMC\MU","fixation.png","7","198606","C:/Users/Public/Experiments/SM01/05-WMC/MU/MU_results/MUsbj003.csv","fix","1500","3","3","207035","198607"
"MU.osexp","C:\Users\Public\Experiments\SM01\05-WMC\MU","Tr3_study1.png","7","198606","C:/Users/Public/Experiments/SM01/05-WMC/MU/MU_results/MUsbj003.csv","study","1000","3","3","208659","209661"
"MU.osexp","C:\Users\Public\Experiments\SM01\05-WMC\MU","Tr3_study2.png","7","198606","C:/Users/Public/Experiments/SM01/05-WMC/MU/MU_results/MUsbj003.csv","study","1000","3","3","210017","211019"
"MU.osexp","C:\Users\Public\Experiments\SM01\05-WMC\MU","Tr3_study3.png","7","198606","C:/Users/Public/Experiments/SM01/05-WMC/MU/MU_results/MUsbj003.csv","study","1000","3","3","211380","212382"
"MU.osexp","C:\Users\Public\Experiments\SM01\05-WMC\MU","Tr3_update1.png","7","198606","C:/Users/Public/Experiments/SM01/05-WMC/MU/MU_results/MUsbj003.csv","update","1300","3","3","212722","214024"
"MU.osexp","C:\Users\Public\Experiments\SM01\05-WMC\MU","Tr3_update2.png","7","198606","C:/Users/Public/Experiments/SM01/05-WMC/MU/MU_results/MUsbj003.csv","update","1300","3","3","214388","215690"
"MU.osexp","C:\Users\Public\Experiments\SM01\05-WMC\MU","Tr3_update3.png","7","198606","C:/Users/Public/Experiments/SM01/05-WMC/MU/MU_results/MUsbj003.csv","update","1300","3","3","216056","217358"
"MU.osexp","C:\Users\Public\Experiments\SM01\05-WMC\MU","Tr3_test1.png","9","222751","C:/Users/Public/Experiments/SM01/05-WMC/MU/MU_results/MUsbj003.csv","test","0","3","3","217726","222752"
"MU.osexp","C:\Users\Public\Experiments\SM01\05-WMC\MU","Tr3_test2.png","6","225271","C:/Users/Public/Experiments/SM01/05-WMC/MU/MU_results/MUsbj003.csv","test","0","3","3","223855","225272"
"MU.osexp","C:\Users\Public\Experiments\SM01\05-WMC\MU","Tr3_test3.png","9","226799","C:/Users/Public/Experiments/SM01/05-WMC/MU/MU_results/MUsbj003.csv","test","0","3","3","226405","226799"
"MU.osexp","C:\Users\Public\Experiments\SM01\05-WMC\MU","wait.png","9","226799","C:/Users/Public/Experiments/SM01/05-WMC/MU/MU_results/MUsbj003.csv","wait","5000","4","3","227919","226799"
"MU.osexp","C:\Users\Public\Experiments\SM01\05-WMC\MU","fixation.png","9","226799","C:/Users/Public/Experiments/SM01/05-WMC/MU/MU_results/MUsbj003.csv","fix","1500","4","3","233036","226799"
"MU.osexp","C:\Users\Public\Experiments\SM01\05-WMC\MU","Tr4_study1.png","9","226799","C:/Users/Public/Experiments/SM01/05-WMC/MU/MU_results/MUsbj003.csv","study","1000","4","3","234643","235645"
"MU.osexp","C:\Users\Public\Experiments\SM01\05-WMC\MU","Tr4_study2.png","9","226799","C:/Users/Public/Experiments/SM01/05-WMC/MU/MU_results/MUsbj003.csv","study","1000","4","3","236004","237006"
"MU.osexp","C:\Users\Public\Experiments\SM01\05-WMC\MU","Tr4_study3.png","9","226799","C:/Users/Public/Experiments/SM01/05-WMC/MU/MU_results/MUsbj003.csv","study","1000","4","3","237377","238379"
"MU.osexp","C:\Users\Public\Experiments\SM01\05-WMC\MU","Tr4_study4.png","9","226799","C:/Users/Public/Experiments/SM01/05-WMC/MU/MU_results/MUsbj003.csv","study","1000","4","3","238762","239765"
"MU.osexp","C:\Users\Public\Experiments\SM01\05-WMC\MU","Tr4_update1.png","9","226799","C:/Users/Public/Experiments/SM01/05-WMC/MU/MU_results/MUsbj003.csv","update","1300","4","3","240138","241440"
"MU.osexp","C:\Users\Public\Experiments\SM01\05-WMC\MU","Tr4_update2.png","9","226799","C:/Users/Public/Experiments/SM01/05-WMC/MU/MU_results/MUsbj003.csv","update","1300","4","3","241788","243090"
"MU.osexp","C:\Users\Public\Experiments\SM01\05-WMC\MU","Tr4_update3.png","9","226799","C:/Users/Public/Experiments/SM01/05-WMC/MU/MU_results/MUsbj003.csv","update","1300","4","3","243450","244752"
"MU.osexp","C:\Users\Public\Experiments\SM01\05-WMC\MU","Tr4_update4.png","9","226799","C:/Users/Public/Experiments/SM01/05-WMC/MU/MU_results/MUsbj003.csv","update","1300","4","3","245120","246422"
"MU.osexp","C:\Users\Public\Experiments\SM01\05-WMC\MU","Tr4_test1.png","3","249822","C:/Users/Public/Experiments/SM01/05-WMC/MU/MU_results/MUsbj003.csv","test","0","4","3","246796","249823"
"MU.osexp","C:\Users\Public\Experiments\SM01\05-WMC\MU","Tr4_test2.png","9","254430","C:/Users/Public/Experiments/SM01/05-WMC/MU/MU_results/MUsbj003.csv","test","0","4","3","250941","254431"
"MU.osexp","C:\Users\Public\Experiments\SM01\05-WMC\MU","Tr4_test3.png","1","257159","C:/Users/Public/Experiments/SM01/05-WMC/MU/MU_results/MUsbj003.csv","test","0","4","3","255556","257160"
"MU.osexp","C:\Users\Public\Experiments\SM01\05-WMC\MU","Tr4_test4.png","3","258919","C:/Users/Public/Experiments/SM01/05-WMC/MU/MU_results/MUsbj003.csv","test","0","4","3","258267","258920"
"MU.osexp","C:\Users\Public\Experiments\SM01\05-WMC\MU","wait.png","3","258919","C:/Users/Public/Experiments/SM01/05-WMC/MU/MU_results/MUsbj003.csv","wait","5000","3","3","260053","258920"
"MU.osexp","C:\Users\Public\Experiments\SM01\05-WMC\MU","fixation.png","3","258919","C:/Users/Public/Experiments/SM01/05-WMC/MU/MU_results/MUsbj003.csv","fix","1500","3","3","265278","258920"
"MU.osexp","C:\Users\Public\Experiments\SM01\05-WMC\MU","Tr5_study1.png","3","258919","C:/Users/Public/Experiments/SM01/05-WMC/MU/MU_results/MUsbj003.csv","study","1000","3","3","266896","267897"
"MU.osexp","C:\Users\Public\Experiments\SM01\05-WMC\MU","Tr5_study2.png","3","258919","C:/Users/Public/Experiments/SM01/05-WMC/MU/MU_results/MUsbj003.csv","study","1000","3","3","268231","269233"
"MU.osexp","C:\Users\Public\Experiments\SM01\05-WMC\MU","Tr5_study3.png","3","258919","C:/Users/Public/Experiments/SM01/05-WMC/MU/MU_results/MUsbj003.csv","study","1000","3","3","269602","270604"
"MU.osexp","C:\Users\Public\Experiments\SM01\05-WMC\MU","Tr5_update1.png","3","258919","C:/Users/Public/Experiments/SM01/05-WMC/MU/MU_results/MUsbj003.csv","update","1300","3","3","270978","272280"
"MU.osexp","C:\Users\Public\Experiments\SM01\05-WMC\MU","Tr5_update2.png","3","258919","C:/Users/Public/Experiments/SM01/05-WMC/MU/MU_results/MUsbj003.csv","update","1300","3","3","272640","273942"
"MU.osexp","C:\Users\Public\Experiments\SM01\05-WMC\MU","Tr5_update3.png","3","258919","C:/Users/Public/Experiments/SM01/05-WMC/MU/MU_results/MUsbj003.csv","update","1300","3","3","274307","275609"
"MU.osexp","C:\Users\Public\Experiments\SM01\05-WMC\MU","Tr5_update4.png","3","258919","C:/Users/Public/Experiments/SM01/05-WMC/MU/MU_results/MUsbj003.csv","update","1300","3","3","275978","277280"
"MU.osexp","C:\Users\Public\Experiments\SM01\05-WMC\MU","Tr5_update5.png","3","258919","C:/Users/Public/Experiments/SM01/05-WMC/MU/MU_results/MUsbj003.csv","update","1300","3","3","277640","278942"
"MU.osexp","C:\Users\Public\Experiments\SM01\05-WMC\MU","Tr5_update6.png","3","258919","C:/Users/Public/Experiments/SM01/05-WMC/MU/MU_results/MUsbj003.csv","update","1300","3","3","279317","280619"
"MU.osexp","C:\Users\Public\Experiments\SM01\05-WMC\MU","Tr5_test1.png","4","283894","C:/Users/Public/Experiments/SM01/05-WMC/MU/MU_results/MUsbj003.csv","test","0","3","3","280972","283895"
"MU.osexp","C:\Users\Public\Experiments\SM01\05-WMC\MU","Tr5_test2.png","1","285974","C:/Users/Public/Experiments/SM01/05-WMC/MU/MU_results/MUsbj003.csv","test","0","3","3","285016","285975"
"MU.osexp","C:\Users\Public\Experiments\SM01\05-WMC\MU","Tr5_test3.png","3","287398","C:/Users/Public/Experiments/SM01/05-WMC/MU/MU_results/MUsbj003.csv","test","0","3","3","287086","287399"
"MU.osexp","C:\Users\Public\Experiments\SM01\05-WMC\MU","wait.png","3","287398","C:/Users/Public/Experiments/SM01/05-WMC/MU/MU_results/MUsbj003.csv","wait","5000","4","3","288486","287399"
"MU.osexp","C:\Users\Public\Experiments\SM01\05-WMC\MU","fixation.png","3","287398","C:/Users/Public/Experiments/SM01/05-WMC/MU/MU_results/MUsbj003.csv","fix","1500","4","3","293606","287399"
"MU.osexp","C:\Users\Public\Experiments\SM01\05-WMC\MU","Tr6_study1.png","3","287398","C:/Users/Public/Experiments/SM01/05-WMC/MU/MU_results/MUsbj003.csv","study","1000","4","3","295226","296228"
"MU.osexp","C:\Users\Public\Experiments\SM01\05-WMC\MU","Tr6_study2.png","3","287398","C:/Users/Public/Experiments/SM01/05-WMC/MU/MU_results/MUsbj003.csv","study","1000","4","3","296598","297600"
"MU.osexp","C:\Users\Public\Experiments\SM01\05-WMC\MU","Tr6_study3.png","3","287398","C:/Users/Public/Experiments/SM01/05-WMC/MU/MU_results/MUsbj003.csv","study","1000","4","3","297979","298981"
"MU.osexp","C:\Users\Public\Experiments\SM01\05-WMC\MU","Tr6_study4.png","3","287398","C:/Users/Public/Experiments/SM01/05-WMC/MU/MU_results/MUsbj003.csv","study","1000","4","3","299356","300358"
"MU.osexp","C:\Users\Public\Experiments\SM01\05-WMC\MU","Tr6_update1.png","3","287398","C:/Users/Public/Experiments/SM01/05-WMC/MU/MU_results/MUsbj003.csv","update","1300","4","3","300727","302029"
"MU.osexp","C:\Users\Public\Experiments\SM01\05-WMC\MU","Tr6_update2.png","3","287398","C:/Users/Public/Experiments/SM01/05-WMC/MU/MU_results/MUsbj003.csv","update","1300","4","3","302417","303719"
"MU.osexp","C:\Users\Public\Experiments\SM01\05-WMC\MU","Tr6_update3.png","3","287398","C:/Users/Public/Experiments/SM01/05-WMC/MU/MU_results/MUsbj003.csv","update","1300","4","3","304060","305362"
"MU.osexp","C:\Users\Public\Experiments\SM01\05-WMC\MU","Tr6_update4.png","3","287398","C:/Users/Public/Experiments/SM01/05-WMC/MU/MU_results/MUsbj003.csv","update","1300","4","3","305747","307049"
"MU.osexp","C:\Users\Public\Experiments\SM01\05-WMC\MU","Tr6_update5.png","3","287398","C:/Users/Public/Experiments/SM01/05-WMC/MU/MU_results/MUsbj003.csv","update","1300","4","3","307421","308723"
"MU.osexp","C:\Users\Public\Experiments\SM01\05-WMC\MU","Tr6_test1.png","6","310719","C:/Users/Public/Experiments/SM01/05-WMC/MU/MU_results/MUsbj003.csv","test","0","4","3","309078","310720"
"MU.osexp","C:\Users\Public\Experiments\SM01\05-WMC\MU","Tr6_test2.png","1","312543","C:/Users/Public/Experiments/SM01/05-WMC/MU/MU_results/MUsbj003.csv","test","0","4","3","311837","312544"
"MU.osexp","C:\Users\Public\Experiments\SM01\05-WMC\MU","Tr6_test3.png","5","315199","C:/Users/Public/Experiments/SM01/05-WMC/MU/MU_results/MUsbj003.csv","test","0","4","3","313645","315199"
"MU.osexp","C:\Users\Public\Experiments\SM01\05-WMC\MU","Tr6_test4.png","7","316654","C:/Users/Public/Experiments/SM01/05-WMC/MU/MU_results/MUsbj003.csv","test","0","4","3","316311","316655"
"MU.osexp","C:\Users\Public\Experiments\SM01\05-WMC\MU","wait.png","7","316654","C:/Users/Public/Experiments/SM01/05-WMC/MU/MU_results/MUsbj003.csv","wait","5000","5","3","317777","316655"
"MU.osexp","C:\Users\Public\Experiments\SM01\05-WMC\MU","fixation.png","7","316654","C:/Users/Public/Experiments/SM01/05-WMC/MU/MU_results/MUsbj003.csv","fix","1500","5","3","322896","316655"
"MU.osexp","C:\Users\Public\Experiments\SM01\05-WMC\MU","Tr7_study1.png","7","316654","C:/Users/Public/Experiments/SM01/05-WMC/MU/MU_results/MUsbj003.csv","study","1000","5","3","324525","325527"
"MU.osexp","C:\Users\Public\Experiments\SM01\05-WMC\MU","Tr7_study2.png","7","316654","C:/Users/Public/Experiments/SM01/05-WMC/MU/MU_results/MUsbj003.csv","study","1000","5","3","325916","326917"
"MU.osexp","C:\Users\Public\Experiments\SM01\05-WMC\MU","Tr7_study3.png","7","316654","C:/Users/Public/Experiments/SM01/05-WMC/MU/MU_results/MUsbj003.csv","study","1000","5","3","327275","328277"
"MU.osexp","C:\Users\Public\Experiments\SM01\05-WMC\MU","Tr7_study4.png","7","316654","C:/Users/Public/Experiments/SM01/05-WMC/MU/MU_results/MUsbj003.csv","study","1000","5","3","328624","329626"
"MU.osexp","C:\Users\Public\Experiments\SM01\05-WMC\MU","Tr7_study5.png","7","316654","C:/Users/Public/Experiments/SM01/05-WMC/MU/MU_results/MUsbj003.csv","study","1000","5","3","329985","330987"
"MU.osexp","C:\Users\Public\Experiments\SM01\05-WMC\MU","Tr7_update1.png","7","316654","C:/Users/Public/Experiments/SM01/05-WMC/MU/MU_results/MUsbj003.csv","update","1300","5","3","331358","332660"
"MU.osexp","C:\Users\Public\Experiments\SM01\05-WMC\MU","Tr7_update2.png","7","316654","C:/Users/Public/Experiments/SM01/05-WMC/MU/MU_results/MUsbj003.csv","update","1300","5","3","333045","334347"
"MU.osexp","C:\Users\Public\Experiments\SM01\05-WMC\MU","Tr7_update3.png","7","316654","C:/Users/Public/Experiments/SM01/05-WMC/MU/MU_results/MUsbj003.csv","update","1300","5","3","334698","336000"
"MU.osexp","C:\Users\Public\Experiments\SM01\05-WMC\MU","Tr7_update4.png","7","316654","C:/Users/Public/Experiments/SM01/05-WMC/MU/MU_results/MUsbj003.csv","update","1300","5","3","336392","337694"
"MU.osexp","C:\Users\Public\Experiments\SM01\05-WMC\MU","Tr7_update5.png","7","316654","C:/Users/Public/Experiments/SM01/05-WMC/MU/MU_results/MUsbj003.csv","update","1300","5","3","338045","339347"
"MU.osexp","C:\Users\Public\Experiments\SM01\05-WMC\MU","Tr7_test1.png","1","342991","C:/Users/Public/Experiments/SM01/05-WMC/MU/MU_results/MUsbj003.csv","test","0","5","3","339707","342992"
"MU.osexp","C:\Users\Public\Experiments\SM01\05-WMC\MU","Tr7_test2.png","8","345023","C:/Users/Public/Experiments/SM01/05-WMC/MU/MU_results/MUsbj003.csv","test","0","5","3","344108","345024"
"MU.osexp","C:\Users\Public\Experiments\SM01\05-WMC\MU","Tr7_test3.png","1","346855","C:/Users/Public/Experiments/SM01/05-WMC/MU/MU_results/MUsbj003.csv","test","0","5","3","346146","346856"
"MU.osexp","C:\Users\Public\Experiments\SM01\05-WMC\MU","Tr7_test4.png","8","348775","C:/Users/Public/Experiments/SM01/05-WMC/MU/MU_results/MUsbj003.csv","test","0","5","3","347978","348776"
"MU.osexp","C:\Users\Public\Experiments\SM01\05-WMC\MU","Tr7_test5.png","1","350239","C:/Users/Public/Experiments/SM01/05-WMC/MU/MU_results/MUsbj003.csv","test","0","5","3","349882","350239"
"MU.osexp","C:\Users\Public\Experiments\SM01\05-WMC\MU","wait.png","1","350239","C:/Users/Public/Experiments/SM01/05-WMC/MU/MU_results/MUsbj003.csv","wait","5000","4","3","351352","350239"
"MU.osexp","C:\Users\Public\Experiments\SM01\05-WMC\MU","fixation.png","1","350239","C:/Users/Public/Experiments/SM01/05-WMC/MU/MU_results/MUsbj003.csv","fix","1500","4","3","356473","350239"
"MU.osexp","C:\Users\Public\Experiments\SM01\05-WMC\MU","Tr8_study1.png","1","350239","C:/Users/Public/Experiments/SM01/05-WMC/MU/MU_results/MUsbj003.csv","study","1000","4","3","358101","359103"
"MU.osexp","C:\Users\Public\Experiments\SM01\05-WMC\MU","Tr8_study2.png","1","350239","C:/Users/Public/Experiments/SM01/05-WMC/MU/MU_results/MUsbj003.csv","study","1000","4","3","359456","360458"
"MU.osexp","C:\Users\Public\Experiments\SM01\05-WMC\MU","Tr8_study3.png","1","350239","C:/Users/Public/Experiments/SM01/05-WMC/MU/MU_results/MUsbj003.csv","study","1000","4","3","360827","361829"
"MU.osexp","C:\Users\Public\Experiments\SM01\05-WMC\MU","Tr8_study4.png","1","350239","C:/Users/Public/Experiments/SM01/05-WMC/MU/MU_results/MUsbj003.csv","study","1000","4","3","362177","363179"
"MU.osexp","C:\Users\Public\Experiments\SM01\05-WMC\MU","Tr8_update1.png","1","350239","C:/Users/Public/Experiments/SM01/05-WMC/MU/MU_results/MUsbj003.csv","update","1300","4","3","363536","364838"
"MU.osexp","C:\Users\Public\Experiments\SM01\05-WMC\MU","Tr8_update2.png","1","350239","C:/Users/Public/Experiments/SM01/05-WMC/MU/MU_results/MUsbj003.csv","update","1300","4","3","365206","366508"
"MU.osexp","C:\Users\Public\Experiments\SM01\05-WMC\MU","Tr8_update3.png","1","350239","C:/Users/Public/Experiments/SM01/05-WMC/MU/MU_results/MUsbj003.csv","update","1300","4","3","366879","368181"
"MU.osexp","C:\Users\Public\Experiments\SM01\05-WMC\MU","Tr8_test1.png","2","370270","C:/Users/Public/Experiments/SM01/05-WMC/MU/MU_results/MUsbj003.csv","test","0","4","3","368539","370271"
"MU.osexp","C:\Users\Public\Experiments\SM01\05-WMC\MU","Tr8_test2.png","4","372814","C:/Users/Public/Experiments/SM01/05-WMC/MU/MU_results/MUsbj003.csv","test","0","4","3","371387","372815"
"MU.osexp","C:\Users\Public\Experiments\SM01\05-WMC\MU","Tr8_test3.png","9","375982","C:/Users/Public/Experiments/SM01/05-WMC/MU/MU_results/MUsbj003.csv","test","0","4","3","374169","375983"
"MU.osexp","C:\Users\Public\Experiments\SM01\05-WMC\MU","Tr8_test4.png","2","384031","C:/Users/Public/Experiments/SM01/05-WMC/MU/MU_results/MUsbj003.csv","test","0","4","3","377096","384032"
"MU.osexp","C:\Users\Public\Experiments\SM01\05-WMC\MU","wait.png","2","384031","C:/Users/Public/Experiments/SM01/05-WMC/MU/MU_results/MUsbj003.csv","wait","5000","5","3","385126","384032"
"MU.osexp","C:\Users\Public\Experiments\SM01\05-WMC\MU","fixation.png","2","384031","C:/Users/Public/Experiments/SM01/05-WMC/MU/MU_results/MUsbj003.csv","fix","1500","5","3","390279","384032"
"MU.osexp","C:\Users\Public\Experiments\SM01\05-WMC\MU","Tr9_study1.png","2","384031","C:/Users/Public/Experiments/SM01/05-WMC/MU/MU_results/MUsbj003.csv","study","1000","5","3","391876","392878"
"MU.osexp","C:\Users\Public\Experiments\SM01\05-WMC\MU","Tr9_study2.png","2","384031","C:/Users/Public/Experiments/SM01/05-WMC/MU/MU_results/MUsbj003.csv","study","1000","5","3","393256","394258"
"MU.osexp","C:\Users\Public\Experiments\SM01\05-WMC\MU","Tr9_study3.png","2","384031","C:/Users/Public/Experiments/SM01/05-WMC/MU/MU_results/MUsbj003.csv","study","1000","5","3","394618","395620"
"MU.osexp","C:\Users\Public\Experiments\SM01\05-WMC\MU","Tr9_study4.png","2","384031","C:/Users/Public/Experiments/SM01/05-WMC/MU/MU_results/MUsbj003.csv","study","1000","5","3","395984","396986"
"MU.osexp","C:\Users\Public\Experiments\SM01\05-WMC\MU","Tr9_study5.png","2","384031","C:/Users/Public/Experiments/SM01/05-WMC/MU/MU_results/MUsbj003.csv","study","1000","5","3","397351","398353"
"MU.osexp","C:\Users\Public\Experiments\SM01\05-WMC\MU","Tr9_update1.png","2","384031","C:/Users/Public/Experiments/SM01/05-WMC/MU/MU_results/MUsbj003.csv","update","1300","5","3","398696","399998"
"MU.osexp","C:\Users\Public\Experiments\SM01\05-WMC\MU","Tr9_update2.png","2","384031","C:/Users/Public/Experiments/SM01/05-WMC/MU/MU_results/MUsbj003.csv","update","1300","5","3","400347","401649"
"MU.osexp","C:\Users\Public\Experiments\SM01\05-WMC\MU","Tr9_test1.png","4","406214","C:/Users/Public/Experiments/SM01/05-WMC/MU/MU_results/MUsbj003.csv","test","0","5","3","401991","406215"
"MU.osexp","C:\Users\Public\Experiments\SM01\05-WMC\MU","Tr9_test2.png","6","409454","C:/Users/Public/Experiments/SM01/05-WMC/MU/MU_results/MUsbj003.csv","test","0","5","3","407358","409455"
"MU.osexp","C:\Users\Public\Experiments\SM01\05-WMC\MU","Tr9_test3.png","3","412022","C:/Users/Public/Experiments/SM01/05-WMC/MU/MU_results/MUsbj003.csv","test","0","5","3","410602","412023"
"MU.osexp","C:\Users\Public\Experiments\SM01\05-WMC\MU","Tr9_test4.png","9","415839","C:/Users/Public/Experiments/SM01/05-WMC/MU/MU_results/MUsbj003.csv","test","0","5","3","413133","415840"
"MU.osexp","C:\Users\Public\Experiments\SM01\05-WMC\MU","Tr9_test5.png","9","417215","C:/Users/Public/Experiments/SM01/05-WMC/MU/MU_results/MUsbj003.csv","test","0","5","3","416930","417216"
"MU.osexp","C:\Users\Public\Experiments\SM01\05-WMC\MU","wait.png","9","417215","C:/Users/Public/Experiments/SM01/05-WMC/MU/MU_results/MUsbj003.csv","wait","5000","3","3","418318","417216"
"MU.osexp","C:\Users\Public\Experiments\SM01\05-WMC\MU","fixation.png","9","417215","C:/Users/Public/Experiments/SM01/05-WMC/MU/MU_results/MUsbj003.csv","fix","1500","3","3","423424","417216"
"MU.osexp","C:\Users\Public\Experiments\SM01\05-WMC\MU","Tr10_study1.png","9","417215","C:/Users/Public/Experiments/SM01/05-WMC/MU/MU_results/MUsbj003.csv","study","1000","3","3","425032","426034"
"MU.osexp","C:\Users\Public\Experiments\SM01\05-WMC\MU","Tr10_study2.png","9","417215","C:/Users/Public/Experiments/SM01/05-WMC/MU/MU_results/MUsbj003.csv","study","1000","3","3","426362","427364"
"MU.osexp","C:\Users\Public\Experiments\SM01\05-WMC\MU","Tr10_study3.png","9","417215","C:/Users/Public/Experiments/SM01/05-WMC/MU/MU_results/MUsbj003.csv","study","1000","3","3","427721","428723"
"MU.osexp","C:\Users\Public\Experiments\SM01\05-WMC\MU","Tr10_update1.png","9","417215","C:/Users/Public/Experiments/SM01/05-WMC/MU/MU_results/MUsbj003.csv","update","1300","3","3","429089","430391"
"MU.osexp","C:\Users\Public\Experiments\SM01\05-WMC\MU","Tr10_update2.png","9","417215","C:/Users/Public/Experiments/SM01/05-WMC/MU/MU_results/MUsbj003.csv","update","1300","3","3","430757","432059"
"MU.osexp","C:\Users\Public\Experiments\SM01\05-WMC\MU","Tr10_test1.png","5","433751","C:/Users/Public/Experiments/SM01/05-WMC/MU/MU_results/MUsbj003.csv","test","0","3","3","432398","433752"
"MU.osexp","C:\Users\Public\Experiments\SM01\05-WMC\MU","Tr10_test2.png","2","436479","C:/Users/Public/Experiments/SM01/05-WMC/MU/MU_results/MUsbj003.csv","test","0","3","3","434867","436480"
"MU.osexp","C:\Users\Public\Experiments\SM01\05-WMC\MU","Tr10_test3.png","5","437855","C:/Users/Public/Experiments/SM01/05-WMC/MU/MU_results/MUsbj003.csv","test","0","3","3","437576","437856"
"MU.osexp","C:\Users\Public\Experiments\SM01\05-WMC\MU","wait.png","5","437855","C:/Users/Public/Experiments/SM01/05-WMC/MU/MU_results/MUsbj003.csv","wait","5000","5","3","438969","437856"
"MU.osexp","C:\Users\Public\Experiments\SM01\05-WMC\MU","fixation.png","5","437855","C:/Users/Public/Experiments/SM01/05-WMC/MU/MU_results/MUsbj003.csv","fix","1500","5","3","444077","437856"
"MU.osexp","C:\Users\Public\Experiments\SM01\05-WMC\MU","Tr11_study1.png","5","437855","C:/Users/Public/Experiments/SM01/05-WMC/MU/MU_results/MUsbj003.csv","study","1000","5","3","445724","446726"
"MU.osexp","C:\Users\Public\Experiments\SM01\05-WMC\MU","Tr11_study2.png","5","437855","C:/Users/Public/Experiments/SM01/05-WMC/MU/MU_results/MUsbj003.csv","study","1000","5","3","447076","448078"
"MU.osexp","C:\Users\Public\Experiments\SM01\05-WMC\MU","Tr11_study3.png","5","437855","C:/Users/Public/Experiments/SM01/05-WMC/MU/MU_results/MUsbj003.csv","study","1000","5","3","448454","449456"
"MU.osexp","C:\Users\Public\Experiments\SM01\05-WMC\MU","Tr11_study4.png","5","437855","C:/Users/Public/Experiments/SM01/05-WMC/MU/MU_results/MUsbj003.csv","study","1000","5","3","449821","450823"
"MU.osexp","C:\Users\Public\Experiments\SM01\05-WMC\MU","Tr11_study5.png","5","437855","C:/Users/Public/Experiments/SM01/05-WMC/MU/MU_results/MUsbj003.csv","study","1000","5","3","451189","452191"
"MU.osexp","C:\Users\Public\Experiments\SM01\05-WMC\MU","Tr11_update1.png","5","437855","C:/Users/Public/Experiments/SM01/05-WMC/MU/MU_results/MUsbj003.csv","update","1300","5","3","452566","453868"
"MU.osexp","C:\Users\Public\Experiments\SM01\05-WMC\MU","Tr11_update2.png","5","437855","C:/Users/Public/Experiments/SM01/05-WMC/MU/MU_results/MUsbj003.csv","update","1300","5","3","454278","455580"
"MU.osexp","C:\Users\Public\Experiments\SM01\05-WMC\MU","Tr11_update3.png","5","437855","C:/Users/Public/Experiments/SM01/05-WMC/MU/MU_results/MUsbj003.csv","update","1300","5","3","455927","457229"
"MU.osexp","C:\Users\Public\Experiments\SM01\05-WMC\MU","Tr11_test1.png","8","465119","C:/Users/Public/Experiments/SM01/05-WMC/MU/MU_results/MUsbj003.csv","test","0","5","3","457610","465120"
"MU.osexp","C:\Users\Public\Experiments\SM01\05-WMC\MU","Tr11_test2.png","1","470639","C:/Users/Public/Experiments/SM01/05-WMC/MU/MU_results/MUsbj003.csv","test","0","5","3","466247","470640"
"MU.osexp","C:\Users\Public\Experiments\SM01\05-WMC\MU","Tr11_test3.png","5","472711","C:/Users/Public/Experiments/SM01/05-WMC/MU/MU_results/MUsbj003.csv","test","0","5","3","471707","472712"
"MU.osexp","C:\Users\Public\Experiments\SM01\05-WMC\MU","Tr11_test4.png","6","474734","C:/Users/Public/Experiments/SM01/05-WMC/MU/MU_results/MUsbj003.csv","test","0","5","3","473807","474736"
"MU.osexp","C:\Users\Public\Experiments\SM01\05-WMC\MU","Tr11_test5.png","3","477150","C:/Users/Public/Experiments/SM01/05-WMC/MU/MU_results/MUsbj003.csv","test","0","5","3","475915","477151"
"MU.osexp","C:\Users\Public\Experiments\SM01\05-WMC\MU","wait.png","3","477150","C:/Users/Public/Experiments/SM01/05-WMC/MU/MU_results/MUsbj003.csv","wait","5000","3","3","478242","477151"
"MU.osexp","C:\Users\Public\Experiments\SM01\05-WMC\MU","fixation.png","3","477150","C:/Users/Public/Experiments/SM01/05-WMC/MU/MU_results/MUsbj003.csv","fix","1500","3","3","483321","477151"
"MU.osexp","C:\Users\Public\Experiments\SM01\05-WMC\MU","Tr12_study1.png","3","477150","C:/Users/Public/Experiments/SM01/05-WMC/MU/MU_results/MUsbj003.csv","study","1000","3","3","484897","485899"
"MU.osexp","C:\Users\Public\Experiments\SM01\05-WMC\MU","Tr12_study2.png","3","477150","C:/Users/Public/Experiments/SM01/05-WMC/MU/MU_results/MUsbj003.csv","study","1000","3","3","486277","487279"
"MU.osexp","C:\Users\Public\Experiments\SM01\05-WMC\MU","Tr12_study3.png","3","477150","C:/Users/Public/Experiments/SM01/05-WMC/MU/MU_results/MUsbj003.csv","study","1000","3","3","487639","488642"
"MU.osexp","C:\Users\Public\Experiments\SM01\05-WMC\MU","Tr12_update1.png","3","477150","C:/Users/Public/Experiments/SM01/05-WMC/MU/MU_results/MUsbj003.csv","update","1300","3","3","489017","490319"
"MU.osexp","C:\Users\Public\Experiments\SM01\05-WMC\MU","Tr12_update2.png","3","477150","C:/Users/Public/Experiments/SM01/05-WMC/MU/MU_results/MUsbj003.csv","update","1300","3","3","490666","491968"
"MU.osexp","C:\Users\Public\Experiments\SM01\05-WMC\MU","Tr12_update3.png","3","477150","C:/Users/Public/Experiments/SM01/05-WMC/MU/MU_results/MUsbj003.csv","update","1300","3","3","492293","493595"
"MU.osexp","C:\Users\Public\Experiments\SM01\05-WMC\MU","Tr12_update4.png","3","477150","C:/Users/Public/Experiments/SM01/05-WMC/MU/MU_results/MUsbj003.csv","update","1300","3","3","493943","495245"
"MU.osexp","C:\Users\Public\Experiments\SM01\05-WMC\MU","Tr12_update5.png","3","477150","C:/Users/Public/Experiments/SM01/05-WMC/MU/MU_results/MUsbj003.csv","update","1300","3","3","495594","496896"
"MU.osexp","C:\Users\Public\Experiments\SM01\05-WMC\MU","Tr12_test1.png","4","498854","C:/Users/Public/Experiments/SM01/05-WMC/MU/MU_results/MUsbj003.csv","test","0","3","3","497270","498855"
"MU.osexp","C:\Users\Public\Experiments\SM01\05-WMC\MU","Tr12_test2.png","9","500567","C:/Users/Public/Experiments/SM01/05-WMC/MU/MU_results/MUsbj003.csv","test","0","3","3","499967","500568"
"MU.osexp","C:\Users\Public\Experiments\SM01\05-WMC\MU","Tr12_test3.png","4","502023","C:/Users/Public/Experiments/SM01/05-WMC/MU/MU_results/MUsbj003.csv","test","0","3","3","501702","502024"
"MU.osexp","C:\Users\Public\Experiments\SM01\05-WMC\MU","wait.png","4","502023","C:/Users/Public/Experiments/SM01/05-WMC/MU/MU_results/MUsbj003.csv","wait","5000","3","3","503132","502024"
"MU.osexp","C:\Users\Public\Experiments\SM01\05-WMC\MU","fixation.png","4","502023","C:/Users/Public/Experiments/SM01/05-WMC/MU/MU_results/MUsbj003.csv","fix","1500","3","3","508281","502024"
"MU.osexp","C:\Users\Public\Experiments\SM01\05-WMC\MU","Tr13_study1.png","4","502023","C:/Users/Public/Experiments/SM01/05-WMC/MU/MU_results/MUsbj003.csv","study","1000","3","3","509896","510898"
"MU.osexp","C:\Users\Public\Experiments\SM01\05-WMC\MU","Tr13_study2.png","4","502023","C:/Users/Public/Experiments/SM01/05-WMC/MU/MU_results/MUsbj003.csv","study","1000","3","3","511277","512279"
"MU.osexp","C:\Users\Public\Experiments\SM01\05-WMC\MU","Tr13_study3.png","4","502023","C:/Users/Public/Experiments/SM01/05-WMC/MU/MU_results/MUsbj003.csv","study","1000","3","3","512648","513650"
"MU.osexp","C:\Users\Public\Experiments\SM01\05-WMC\MU","Tr13_update1.png","4","502023","C:/Users/Public/Experiments/SM01/05-WMC/MU/MU_results/MUsbj003.csv","update","1300","3","3","514035","515337"
"MU.osexp","C:\Users\Public\Experiments\SM01\05-WMC\MU","Tr13_update2.png","4","502023","C:/Users/Public/Experiments/SM01/05-WMC/MU/MU_results/MUsbj003.csv","update","1300","3","3","515690","516992"
"MU.osexp","C:\Users\Public\Experiments\SM01\05-WMC\MU","Tr13_update3.png","4","502023","C:/Users/Public/Experiments/SM01/05-WMC/MU/MU_results/MUsbj003.csv","update","1300","3","3","517330","518632"
"MU.osexp","C:\Users\Public\Experiments\SM01\05-WMC\MU","Tr13_update4.png","4","502023","C:/Users/Public/Experiments/SM01/05-WMC/MU/MU_results/MUsbj003.csv","update","1300","3","3","518991","520293"
"MU.osexp","C:\Users\Public\Experiments\SM01\05-WMC\MU","Tr13_test1.png","3","522095","C:/Users/Public/Experiments/SM01/05-WMC/MU/MU_results/MUsbj003.csv","test","0","3","3","520637","522096"
"MU.osexp","C:\Users\Public\Experiments\SM01\05-WMC\MU","Tr13_test2.png","1","527607","C:/Users/Public/Experiments/SM01/05-WMC/MU/MU_results/MUsbj003.csv","test","0","3","3","523197","527608"
"MU.osexp","C:\Users\Public\Experiments\SM01\05-WMC\MU","Tr13_test3.png","7","530006","C:/Users/Public/Experiments/SM01/05-WMC/MU/MU_results/MUsbj003.csv","test","0","3","3","528736","530007"
"MU.osexp","C:\Users\Public\Experiments\SM01\05-WMC\MU","wait.png","7","530006","C:/Users/Public/Experiments/SM01/05-WMC/MU/MU_results/MUsbj003.csv","wait","5000","5","3","531138","530007"
"MU.osexp","C:\Users\Public\Experiments\SM01\05-WMC\MU","fixation.png","7","530006","C:/Users/Public/Experiments/SM01/05-WMC/MU/MU_results/MUsbj003.csv","fix","1500","5","3","536234","530007"
"MU.osexp","C:\Users\Public\Experiments\SM01\05-WMC\MU","Tr14_study1.png","7","530006","C:/Users/Public/Experiments/SM01/05-WMC/MU/MU_results/MUsbj003.csv","study","1000","5","3","537844","538846"
"MU.osexp","C:\Users\Public\Experiments\SM01\05-WMC\MU","Tr14_study2.png","7","530006","C:/Users/Public/Experiments/SM01/05-WMC/MU/MU_results/MUsbj003.csv","study","1000","5","3","539234","540236"
"MU.osexp","C:\Users\Public\Experiments\SM01\05-WMC\MU","Tr14_study3.png","7","530006","C:/Users/Public/Experiments/SM01/05-WMC/MU/MU_results/MUsbj003.csv","study","1000","5","3","540593","541595"
"MU.osexp","C:\Users\Public\Experiments\SM01\05-WMC\MU","Tr14_study4.png","7","530006","C:/Users/Public/Experiments/SM01/05-WMC/MU/MU_results/MUsbj003.csv","study","1000","5","3","541966","542968"
"MU.osexp","C:\Users\Public\Experiments\SM01\05-WMC\MU","Tr14_study5.png","7","530006","C:/Users/Public/Experiments/SM01/05-WMC/MU/MU_results/MUsbj003.csv","study","1000","5","3","543316","544318"
"MU.osexp","C:\Users\Public\Experiments\SM01\05-WMC\MU","Tr14_update1.png","7","530006","C:/Users/Public/Experiments/SM01/05-WMC/MU/MU_results/MUsbj003.csv","update","1300","5","3","544689","545991"
"MU.osexp","C:\Users\Public\Experiments\SM01\05-WMC\MU","Tr14_update2.png","7","530006","C:/Users/Public/Experiments/SM01/05-WMC/MU/MU_results/MUsbj003.csv","update","1300","5","3","546368","547670"
"MU.osexp","C:\Users\Public\Experiments\SM01\05-WMC\MU","Tr14_update3.png","7","530006","C:/Users/Public/Experiments/SM01/05-WMC/MU/MU_results/MUsbj003.csv","update","1300","5","3","548009","549312"
"MU.osexp","C:\Users\Public\Experiments\SM01\05-WMC\MU","Tr14_update4.png","7","530006","C:/Users/Public/Experiments/SM01/05-WMC/MU/MU_results/MUsbj003.csv","update","1300","5","3","549654","550956"
"MU.osexp","C:\Users\Public\Experiments\SM01\05-WMC\MU","Tr14_test1.png","8","552783","C:/Users/Public/Experiments/SM01/05-WMC/MU/MU_results/MUsbj003.csv","test","0","5","3","551290","552784"
"MU.osexp","C:\Users\Public\Experiments\SM01\05-WMC\MU","Tr14_test2.png","2","557639","C:/Users/Public/Experiments/SM01/05-WMC/MU/MU_results/MUsbj003.csv","test","0","5","3","553882","557640"
"MU.osexp","C:\Users\Public\Experiments\SM01\05-WMC\MU","Tr14_test3.png","3","559103","C:/Users/Public/Experiments/SM01/05-WMC/MU/MU_results/MUsbj003.csv","test","0","5","3","558730","559104"
"MU.osexp","C:\Users\Public\Experiments\SM01\05-WMC\MU","Tr14_test4.png","5","560655","C:/Users/Public/Experiments/SM01/05-WMC/MU/MU_results/MUsbj003.csv","test","0","5","3","560297","560656"
"MU.osexp","C:\Users\Public\Experiments\SM01\05-WMC\MU","Tr14_test5.png","8","562039","C:/Users/Public/Experiments/SM01/05-WMC/MU/MU_results/MUsbj003.csv","test","0","5","3","561765","562040"
"MU.osexp","C:\Users\Public\Experiments\SM01\05-WMC\MU","wait.png","8","562039","C:/Users/Public/Experiments/SM01/05-WMC/MU/MU_results/MUsbj003.csv","wait","5000","4","3","563168","562040"
"MU.osexp","C:\Users\Public\Experiments\SM01\05-WMC\MU","fixation.png","8","562039","C:/Users/Public/Experiments/SM01/05-WMC/MU/MU_results/MUsbj003.csv","fix","1500","4","3","568253","562040"
"MU.osexp","C:\Users\Public\Experiments\SM01\05-WMC\MU","Tr15_study1.png","8","562039","C:/Users/Public/Experiments/SM01/05-WMC/MU/MU_results/MUsbj003.csv","study","1000","4","3","569870","570872"
"MU.osexp","C:\Users\Public\Experiments\SM01\05-WMC\MU","Tr15_study2.png","8","562039","C:/Users/Public/Experiments/SM01/05-WMC/MU/MU_results/MUsbj003.csv","study","1000","4","3","571223","572225"
"MU.osexp","C:\Users\Public\Experiments\SM01\05-WMC\MU","Tr15_study3.png","8","562039","C:/Users/Public/Experiments/SM01/05-WMC/MU/MU_results/MUsbj003.csv","study","1000","4","3","572583","573585"
"MU.osexp","C:\Users\Public\Experiments\SM01\05-WMC\MU","Tr15_study4.png","8","562039","C:/Users/Public/Experiments/SM01/05-WMC/MU/MU_results/MUsbj003.csv","study","1000","4","3","573947","574949"
"MU.osexp","C:\Users\Public\Experiments\SM01\05-WMC\MU","Tr15_update1.png","8","562039","C:/Users/Public/Experiments/SM01/05-WMC/MU/MU_results/MUsbj003.csv","update","1300","4","3","575313","576615"
"MU.osexp","C:\Users\Public\Experiments\SM01\05-WMC\MU","Tr15_update2.png","8","562039","C:/Users/Public/Experiments/SM01/05-WMC/MU/MU_results/MUsbj003.csv","update","1300","4","3","576955","578257"
"MU.osexp","C:\Users\Public\Experiments\SM01\05-WMC\MU","Tr15_update3.png","8","562039","C:/Users/Public/Experiments/SM01/05-WMC/MU/MU_results/MUsbj003.csv","update","1300","4","3","578600","579902"
"MU.osexp","C:\Users\Public\Experiments\SM01\05-WMC\MU","Tr15_update4.png","8","562039","C:/Users/Public/Experiments/SM01/05-WMC/MU/MU_results/MUsbj003.csv","update","1300","4","3","580250","581552"
"MU.osexp","C:\Users\Public\Experiments\SM01\05-WMC\MU","Tr15_update5.png","8","562039","C:/Users/Public/Experiments/SM01/05-WMC/MU/MU_results/MUsbj003.csv","update","1300","4","3","581925","583227"
"MU.osexp","C:\Users\Public\Experiments\SM01\05-WMC\MU","Tr15_update6.png","8","562039","C:/Users/Public/Experiments/SM01/05-WMC/MU/MU_results/MUsbj003.csv","update","1300","4","3","583582","584884"
"MU.osexp","C:\Users\Public\Experiments\SM01\05-WMC\MU","Tr15_test1.png","6","588703","C:/Users/Public/Experiments/SM01/05-WMC/MU/MU_results/MUsbj003.csv","test","0","4","3","585230","588704"
"MU.osexp","C:\Users\Public\Experiments\SM01\05-WMC\MU","Tr15_test2.png","5","591567","C:/Users/Public/Experiments/SM01/05-WMC/MU/MU_results/MUsbj003.csv","test","0","4","3","589823","591568"
"MU.osexp","C:\Users\Public\Experiments\SM01\05-WMC\MU","Tr15_test3.png","8","593183","C:/Users/Public/Experiments/SM01/05-WMC/MU/MU_results/MUsbj003.csv","test","0","4","3","592675","593184"
"MU.osexp","C:\Users\Public\Experiments\SM01\05-WMC\MU","Tr15_test4.png","7","595695","C:/Users/Public/Experiments/SM01/05-WMC/MU/MU_results/MUsbj003.csv","test","0","4","3","594305","595696"
"MU.osexp","C:\Users\Public\Experiments\SM01\05-WMC\MU","wait.png","7","595695","C:/Users/Public/Experiments/SM01/05-WMC/MU/MU_results/MUsbj003.csv","wait","5000","4","3","596799","595696"
"MU.osexp","C:\Users\Public\Experiments\SM01\05-WMC\MU","fixation.png","7","595695","C:/Users/Public/Experiments/SM01/05-WMC/MU/MU_results/MUsbj003.csv","fix","1500","4","3","601891","595696"
"MU.osexp","C:\Users\Public\Experiments\SM01\05-WMC\MU","Tr16_study1.png","7","595695","C:/Users/Public/Experiments/SM01/05-WMC/MU/MU_results/MUsbj003.csv","study","1000","4","3","603524","604526"
"MU.osexp","C:\Users\Public\Experiments\SM01\05-WMC\MU","Tr16_study2.png","7","595695","C:/Users/Public/Experiments/SM01/05-WMC/MU/MU_results/MUsbj003.csv","study","1000","4","3","604902","605904"
"MU.osexp","C:\Users\Public\Experiments\SM01\05-WMC\MU","Tr16_study3.png","7","595695","C:/Users/Public/Experiments/SM01/05-WMC/MU/MU_results/MUsbj003.csv","study","1000","4","3","606274","607276"
"MU.osexp","C:\Users\Public\Experiments\SM01\05-WMC\MU","Tr16_study4.png","7","595695","C:/Users/Public/Experiments/SM01/05-WMC/MU/MU_results/MUsbj003.csv","study","1000","4","3","607628","608630"
"MU.osexp","C:\Users\Public\Experiments\SM01\05-WMC\MU","Tr16_update1.png","7","595695","C:/Users/Public/Experiments/SM01/05-WMC/MU/MU_results/MUsbj003.csv","update","1300","4","3","609007","610309"
"MU.osexp","C:\Users\Public\Experiments\SM01\05-WMC\MU","Tr16_update2.png","7","595695","C:/Users/Public/Experiments/SM01/05-WMC/MU/MU_results/MUsbj003.csv","update","1300","4","3","610669","611971"
"MU.osexp","C:\Users\Public\Experiments\SM01\05-WMC\MU","Tr16_test1.png","8","616407","C:/Users/Public/Experiments/SM01/05-WMC/MU/MU_results/MUsbj003.csv","test","0","4","3","612349","616408"
"MU.osexp","C:\Users\Public\Experiments\SM01\05-WMC\MU","Tr16_test2.png","7","618790","C:/Users/Public/Experiments/SM01/05-WMC/MU/MU_results/MUsbj003.csv","test","0","4","3","617534","618791"
"MU.osexp","C:\Users\Public\Experiments\SM01\05-WMC\MU","Tr16_test3.png","8","624511","C:/Users/Public/Experiments/SM01/05-WMC/MU/MU_results/MUsbj003.csv","test","0","4","3","619887","624512"
"MU.osexp","C:\Users\Public\Experiments\SM01\05-WMC\MU","Tr16_test4.png","6","626207","C:/Users/Public/Experiments/SM01/05-WMC/MU/MU_results/MUsbj003.csv","test","0","4","3","625599","626208"
"MU.osexp","C:\Users\Public\Experiments\SM01\05-WMC\MU","wait.png","6","626207","C:/Users/Public/Experiments/SM01/05-WMC/MU/MU_results/MUsbj003.csv","wait","5000","5","3","627326","626208"
"MU.osexp","C:\Users\Public\Experiments\SM01\05-WMC\MU","fixation.png","6","626207","C:/Users/Public/Experiments/SM01/05-WMC/MU/MU_results/MUsbj003.csv","fix","1500","5","3","632567","626208"
"MU.osexp","C:\Users\Public\Experiments\SM01\05-WMC\MU","Tr17_study1.png","6","626207","C:/Users/Public/Experiments/SM01/05-WMC/MU/MU_results/MUsbj003.csv","study","1000","5","3","634168","635170"
"MU.osexp","C:\Users\Public\Experiments\SM01\05-WMC\MU","Tr17_study2.png","6","626207","C:/Users/Public/Experiments/SM01/05-WMC/MU/MU_results/MUsbj003.csv","study","1000","5","3","635517","636519"
"MU.osexp","C:\Users\Public\Experiments\SM01\05-WMC\MU","Tr17_study3.png","6","626207","C:/Users/Public/Experiments/SM01/05-WMC/MU/MU_results/MUsbj003.csv","study","1000","5","3","636888","637890"
"MU.osexp","C:\Users\Public\Experiments\SM01\05-WMC\MU","Tr17_study4.png","6","626207","C:/Users/Public/Experiments/SM01/05-WMC/MU/MU_results/MUsbj003.csv","study","1000","5","3","638271","639273"
"MU.osexp","C:\Users\Public\Experiments\SM01\05-WMC\MU","Tr17_study5.png","6","626207","C:/Users/Public/Experiments/SM01/05-WMC/MU/MU_results/MUsbj003.csv","study","1000","5","3","639647","640649"
"MU.osexp","C:\Users\Public\Experiments\SM01\05-WMC\MU","Tr17_update1.png","6","626207","C:/Users/Public/Experiments/SM01/05-WMC/MU/MU_results/MUsbj003.csv","update","1300","5","3","641089","642391"
"MU.osexp","C:\Users\Public\Experiments\SM01\05-WMC\MU","Tr17_update2.png","6","626207","C:/Users/Public/Experiments/SM01/05-WMC/MU/MU_results/MUsbj003.csv","update","1300","5","3","642766","644068"
"MU.osexp","C:\Users\Public\Experiments\SM01\05-WMC\MU","Tr17_update3.png","6","626207","C:/Users/Public/Experiments/SM01/05-WMC/MU/MU_results/MUsbj003.csv","update","1300","5","3","644420","645722"
"MU.osexp","C:\Users\Public\Experiments\SM01\05-WMC\MU","Tr17_update4.png","6","626207","C:/Users/Public/Experiments/SM01/05-WMC/MU/MU_results/MUsbj003.csv","update","1300","5","3","646049","647351"
"MU.osexp","C:\Users\Public\Experiments\SM01\05-WMC\MU","Tr17_update5.png","6","626207","C:/Users/Public/Experiments/SM01/05-WMC/MU/MU_results/MUsbj003.csv","update","1300","5","3","647697","648999"
"MU.osexp","C:\Users\Public\Experiments\SM01\05-WMC\MU","Tr17_update6.png","6","626207","C:/Users/Public/Experiments/SM01/05-WMC/MU/MU_results/MUsbj003.csv","update","1300","5","3","649389","650691"
"MU.osexp","C:\Users\Public\Experiments\SM01\05-WMC\MU","Tr17_test1.png","6","655494","C:/Users/Public/Experiments/SM01/05-WMC/MU/MU_results/MUsbj003.csv","test","0","5","3","651048","655495"
"MU.osexp","C:\Users\Public\Experiments\SM01\05-WMC\MU","Tr17_test2.png","1","658311","C:/Users/Public/Experiments/SM01/05-WMC/MU/MU_results/MUsbj003.csv","test","0","5","3","656600","658312"
"MU.osexp","C:\Users\Public\Experiments\SM01\05-WMC\MU","Tr17_test3.png","8","663039","C:/Users/Public/Experiments/SM01/05-WMC/MU/MU_results/MUsbj003.csv","test","0","5","3","659421","663040"
"MU.osexp","C:\Users\Public\Experiments\SM01\05-WMC\MU","Tr17_test4.png","5","665183","C:/Users/Public/Experiments/SM01/05-WMC/MU/MU_results/MUsbj003.csv","test","0","5","3","664282","665184"
"MU.osexp","C:\Users\Public\Experiments\SM01\05-WMC\MU","Tr17_test5.png","9","666567","C:/Users/Public/Experiments/SM01/05-WMC/MU/MU_results/MUsbj003.csv","test","0","5","3","666291","666568"
