"experiment_file","experiment_path","image","key","key_time","logfile","phase","playtime","setSize","subject_nr","timestamp","waittime"
"MU.osexp","C:\Users\Public\Experiments\SM01\05-WMC\MU","ready1.png","NA","NA","C:/Users/Public/Experiments/SM01/05-WMC/MU/MU_results/MUsbj039.csv","pre","0","3","39","111604","NA"
"MU.osexp","C:\Users\Public\Experiments\SM01\05-WMC\MU","fixation.png","NA","NA","C:/Users/Public/Experiments/SM01/05-WMC/MU/MU_results/MUsbj039.csv","fix","1500","3","39","112504","NA"
"MU.osexp","C:\Users\Public\Experiments\SM01\05-WMC\MU","Tr1_study1.png","NA","NA","C:/Users/Public/Experiments/SM01/05-WMC/MU/MU_results/MUsbj039.csv","study","1000","3","39","114104","115106"
"MU.osexp","C:\Users\Public\Experiments\SM01\05-WMC\MU","Tr1_study2.png","NA","NA","C:/Users/Public/Experiments/SM01/05-WMC/MU/MU_results/MUsbj039.csv","study","1000","3","39","115490","116492"
"MU.osexp","C:\Users\Public\Experiments\SM01\05-WMC\MU","Tr1_study3.png","NA","NA","C:/Users/Public/Experiments/SM01/05-WMC/MU/MU_results/MUsbj039.csv","study","1000","3","39","116849","117851"
"MU.osexp","C:\Users\Public\Experiments\SM01\05-WMC\MU","Tr1_update1.png","NA","NA","C:/Users/Public/Experiments/SM01/05-WMC/MU/MU_results/MUsbj039.csv","update","1300","3","39","118219","119521"
"MU.osexp","C:\Users\Public\Experiments\SM01\05-WMC\MU","Tr1_update2.png","NA","NA","C:/Users/Public/Experiments/SM01/05-WMC/MU/MU_results/MUsbj039.csv","update","1300","3","39","119892","121194"
"MU.osexp","C:\Users\Public\Experiments\SM01\05-WMC\MU","Tr1_update3.png","NA","NA","C:/Users/Public/Experiments/SM01/05-WMC/MU/MU_results/MUsbj039.csv","update","1300","3","39","121565","122867"
"MU.osexp","C:\Users\Public\Experiments\SM01\05-WMC\MU","Tr1_test1.png","9","128799","C:/Users/Public/Experiments/SM01/05-WMC/MU/MU_results/MUsbj039.csv","test","0","3","39","123206","128800"
"MU.osexp","C:\Users\Public\Experiments\SM01\05-WMC\MU","Tr1_test2.png","5","135015","C:/Users/Public/Experiments/SM01/05-WMC/MU/MU_results/MUsbj039.csv","test","0","3","39","129906","135016"
"MU.osexp","C:\Users\Public\Experiments\SM01\05-WMC\MU","Tr1_test3.png","3","138407","C:/Users/Public/Experiments/SM01/05-WMC/MU/MU_results/MUsbj039.csv","test","0","3","39","136100","138408"
"MU.osexp","C:\Users\Public\Experiments\SM01\05-WMC\MU","wait.png","3","138407","C:/Users/Public/Experiments/SM01/05-WMC/MU/MU_results/MUsbj039.csv","wait","5000","3","39","139517","138408"
"MU.osexp","C:\Users\Public\Experiments\SM01\05-WMC\MU","fixation.png","3","138407","C:/Users/Public/Experiments/SM01/05-WMC/MU/MU_results/MUsbj039.csv","fix","1500","3","39","144612","138408"
"MU.osexp","C:\Users\Public\Experiments\SM01\05-WMC\MU","Tr2_study1.png","3","138407","C:/Users/Public/Experiments/SM01/05-WMC/MU/MU_results/MUsbj039.csv","study","1000","3","39","146255","147257"
"MU.osexp","C:\Users\Public\Experiments\SM01\05-WMC\MU","Tr2_study2.png","3","138407","C:/Users/Public/Experiments/SM01/05-WMC/MU/MU_results/MUsbj039.csv","study","1000","3","39","147617","148619"
"MU.osexp","C:\Users\Public\Experiments\SM01\05-WMC\MU","Tr2_study3.png","3","138407","C:/Users/Public/Experiments/SM01/05-WMC/MU/MU_results/MUsbj039.csv","study","1000","3","39","148987","149989"
"MU.osexp","C:\Users\Public\Experiments\SM01\05-WMC\MU","Tr2_update1.png","3","138407","C:/Users/Public/Experiments/SM01/05-WMC/MU/MU_results/MUsbj039.csv","update","1300","3","39","150331","151633"
"MU.osexp","C:\Users\Public\Experiments\SM01\05-WMC\MU","Tr2_update2.png","3","138407","C:/Users/Public/Experiments/SM01/05-WMC/MU/MU_results/MUsbj039.csv","update","1300","3","39","152020","153322"
"MU.osexp","C:\Users\Public\Experiments\SM01\05-WMC\MU","Tr2_update3.png","3","138407","C:/Users/Public/Experiments/SM01/05-WMC/MU/MU_results/MUsbj039.csv","update","1300","3","39","153680","154982"
"MU.osexp","C:\Users\Public\Experiments\SM01\05-WMC\MU","Tr2_test1.png","4","158279","C:/Users/Public/Experiments/SM01/05-WMC/MU/MU_results/MUsbj039.csv","test","0","3","39","155392","158280"
"MU.osexp","C:\Users\Public\Experiments\SM01\05-WMC\MU","Tr2_test2.png","5","161711","C:/Users/Public/Experiments/SM01/05-WMC/MU/MU_results/MUsbj039.csv","test","0","3","39","159366","161712"
"MU.osexp","C:\Users\Public\Experiments\SM01\05-WMC\MU","Tr2_test3.png","0","164359","C:/Users/Public/Experiments/SM01/05-WMC/MU/MU_results/MUsbj039.csv","test","0","3","39","162812","164360"
"MU.osexp","C:\Users\Public\Experiments\SM01\05-WMC\MU","ready2.png","0","164359","C:/Users/Public/Experiments/SM01/05-WMC/MU/MU_results/MUsbj039.csv","pre","0","3","39","177201","164360"
"MU.osexp","C:\Users\Public\Experiments\SM01\05-WMC\MU","fixation.png","0","164359","C:/Users/Public/Experiments/SM01/05-WMC/MU/MU_results/MUsbj039.csv","fix","1500","3","39","179519","164360"
"MU.osexp","C:\Users\Public\Experiments\SM01\05-WMC\MU","Tr3_study1.png","0","164359","C:/Users/Public/Experiments/SM01/05-WMC/MU/MU_results/MUsbj039.csv","study","1000","3","39","181116","182118"
"MU.osexp","C:\Users\Public\Experiments\SM01\05-WMC\MU","Tr3_study2.png","0","164359","C:/Users/Public/Experiments/SM01/05-WMC/MU/MU_results/MUsbj039.csv","study","1000","3","39","182474","183477"
"MU.osexp","C:\Users\Public\Experiments\SM01\05-WMC\MU","Tr3_study3.png","0","164359","C:/Users/Public/Experiments/SM01/05-WMC/MU/MU_results/MUsbj039.csv","study","1000","3","39","183834","184836"
"MU.osexp","C:\Users\Public\Experiments\SM01\05-WMC\MU","Tr3_update1.png","0","164359","C:/Users/Public/Experiments/SM01/05-WMC/MU/MU_results/MUsbj039.csv","update","1300","3","39","185305","186607"
"MU.osexp","C:\Users\Public\Experiments\SM01\05-WMC\MU","Tr3_update2.png","0","164359","C:/Users/Public/Experiments/SM01/05-WMC/MU/MU_results/MUsbj039.csv","update","1300","3","39","186958","188260"
"MU.osexp","C:\Users\Public\Experiments\SM01\05-WMC\MU","Tr3_update3.png","0","164359","C:/Users/Public/Experiments/SM01/05-WMC/MU/MU_results/MUsbj039.csv","update","1300","3","39","188625","189927"
"MU.osexp","C:\Users\Public\Experiments\SM01\05-WMC\MU","Tr3_test1.png","0","195855","C:/Users/Public/Experiments/SM01/05-WMC/MU/MU_results/MUsbj039.csv","test","0","3","39","190397","195856"
"MU.osexp","C:\Users\Public\Experiments\SM01\05-WMC\MU","Tr3_test2.png","5","198455","C:/Users/Public/Experiments/SM01/05-WMC/MU/MU_results/MUsbj039.csv","test","0","3","39","197106","198456"
"MU.osexp","C:\Users\Public\Experiments\SM01\05-WMC\MU","Tr3_test3.png","3","200807","C:/Users/Public/Experiments/SM01/05-WMC/MU/MU_results/MUsbj039.csv","test","0","3","39","199603","200808"
"MU.osexp","C:\Users\Public\Experiments\SM01\05-WMC\MU","wait.png","3","200807","C:/Users/Public/Experiments/SM01/05-WMC/MU/MU_results/MUsbj039.csv","wait","5000","4","39","201906","200808"
"MU.osexp","C:\Users\Public\Experiments\SM01\05-WMC\MU","fixation.png","3","200807","C:/Users/Public/Experiments/SM01/05-WMC/MU/MU_results/MUsbj039.csv","fix","1500","4","39","207000","200808"
"MU.osexp","C:\Users\Public\Experiments\SM01\05-WMC\MU","Tr4_study1.png","3","200807","C:/Users/Public/Experiments/SM01/05-WMC/MU/MU_results/MUsbj039.csv","study","1000","4","39","208652","209654"
"MU.osexp","C:\Users\Public\Experiments\SM01\05-WMC\MU","Tr4_study2.png","3","200807","C:/Users/Public/Experiments/SM01/05-WMC/MU/MU_results/MUsbj039.csv","study","1000","4","39","210006","211009"
"MU.osexp","C:\Users\Public\Experiments\SM01\05-WMC\MU","Tr4_study3.png","3","200807","C:/Users/Public/Experiments/SM01/05-WMC/MU/MU_results/MUsbj039.csv","study","1000","4","39","211368","212370"
"MU.osexp","C:\Users\Public\Experiments\SM01\05-WMC\MU","Tr4_study4.png","3","200807","C:/Users/Public/Experiments/SM01/05-WMC/MU/MU_results/MUsbj039.csv","study","1000","4","39","212701","213703"
"MU.osexp","C:\Users\Public\Experiments\SM01\05-WMC\MU","Tr4_update1.png","3","200807","C:/Users/Public/Experiments/SM01/05-WMC/MU/MU_results/MUsbj039.csv","update","1300","4","39","214067","215369"
"MU.osexp","C:\Users\Public\Experiments\SM01\05-WMC\MU","Tr4_update2.png","3","200807","C:/Users/Public/Experiments/SM01/05-WMC/MU/MU_results/MUsbj039.csv","update","1300","4","39","215717","217019"
"MU.osexp","C:\Users\Public\Experiments\SM01\05-WMC\MU","Tr4_update3.png","3","200807","C:/Users/Public/Experiments/SM01/05-WMC/MU/MU_results/MUsbj039.csv","update","1300","4","39","217368","218670"
"MU.osexp","C:\Users\Public\Experiments\SM01\05-WMC\MU","Tr4_update4.png","3","200807","C:/Users/Public/Experiments/SM01/05-WMC/MU/MU_results/MUsbj039.csv","update","1300","4","39","219047","220350"
"MU.osexp","C:\Users\Public\Experiments\SM01\05-WMC\MU","Tr4_test1.png","3","224055","C:/Users/Public/Experiments/SM01/05-WMC/MU/MU_results/MUsbj039.csv","test","0","4","39","220705","224056"
"MU.osexp","C:\Users\Public\Experiments\SM01\05-WMC\MU","Tr4_test2.png","6","231015","C:/Users/Public/Experiments/SM01/05-WMC/MU/MU_results/MUsbj039.csv","test","0","4","39","225174","231016"
"MU.osexp","C:\Users\Public\Experiments\SM01\05-WMC\MU","Tr4_test3.png","1","232999","C:/Users/Public/Experiments/SM01/05-WMC/MU/MU_results/MUsbj039.csv","test","0","4","39","232127","233000"
"MU.osexp","C:\Users\Public\Experiments\SM01\05-WMC\MU","Tr4_test4.png","4","235295","C:/Users/Public/Experiments/SM01/05-WMC/MU/MU_results/MUsbj039.csv","test","0","4","39","234115","235296"
"MU.osexp","C:\Users\Public\Experiments\SM01\05-WMC\MU","wait.png","4","235295","C:/Users/Public/Experiments/SM01/05-WMC/MU/MU_results/MUsbj039.csv","wait","5000","3","39","236394","235296"
"MU.osexp","C:\Users\Public\Experiments\SM01\05-WMC\MU","fixation.png","4","235295","C:/Users/Public/Experiments/SM01/05-WMC/MU/MU_results/MUsbj039.csv","fix","1500","3","39","241615","235296"
"MU.osexp","C:\Users\Public\Experiments\SM01\05-WMC\MU","Tr5_study1.png","4","235295","C:/Users/Public/Experiments/SM01/05-WMC/MU/MU_results/MUsbj039.csv","study","1000","3","39","243226","244229"
"MU.osexp","C:\Users\Public\Experiments\SM01\05-WMC\MU","Tr5_study2.png","4","235295","C:/Users/Public/Experiments/SM01/05-WMC/MU/MU_results/MUsbj039.csv","study","1000","3","39","244583","245585"
"MU.osexp","C:\Users\Public\Experiments\SM01\05-WMC\MU","Tr5_study3.png","4","235295","C:/Users/Public/Experiments/SM01/05-WMC/MU/MU_results/MUsbj039.csv","study","1000","3","39","245973","246975"
"MU.osexp","C:\Users\Public\Experiments\SM01\05-WMC\MU","Tr5_update1.png","4","235295","C:/Users/Public/Experiments/SM01/05-WMC/MU/MU_results/MUsbj039.csv","update","1300","3","39","247352","248654"
"MU.osexp","C:\Users\Public\Experiments\SM01\05-WMC\MU","Tr5_update2.png","4","235295","C:/Users/Public/Experiments/SM01/05-WMC/MU/MU_results/MUsbj039.csv","update","1300","3","39","249035","250337"
"MU.osexp","C:\Users\Public\Experiments\SM01\05-WMC\MU","Tr5_update3.png","4","235295","C:/Users/Public/Experiments/SM01/05-WMC/MU/MU_results/MUsbj039.csv","update","1300","3","39","250703","252005"
"MU.osexp","C:\Users\Public\Experiments\SM01\05-WMC\MU","Tr5_update4.png","4","235295","C:/Users/Public/Experiments/SM01/05-WMC/MU/MU_results/MUsbj039.csv","update","1300","3","39","252356","253658"
"MU.osexp","C:\Users\Public\Experiments\SM01\05-WMC\MU","Tr5_update5.png","4","235295","C:/Users/Public/Experiments/SM01/05-WMC/MU/MU_results/MUsbj039.csv","update","1300","3","39","254032","255334"
"MU.osexp","C:\Users\Public\Experiments\SM01\05-WMC\MU","Tr5_update6.png","4","235295","C:/Users/Public/Experiments/SM01/05-WMC/MU/MU_results/MUsbj039.csv","update","1300","3","39","255711","257013"
"MU.osexp","C:\Users\Public\Experiments\SM01\05-WMC\MU","Tr5_test1.png","1","260471","C:/Users/Public/Experiments/SM01/05-WMC/MU/MU_results/MUsbj039.csv","test","0","3","39","257387","260472"
"MU.osexp","C:\Users\Public\Experiments\SM01\05-WMC\MU","Tr5_test2.png","5","262447","C:/Users/Public/Experiments/SM01/05-WMC/MU/MU_results/MUsbj039.csv","test","0","3","39","261559","262448"
"MU.osexp","C:\Users\Public\Experiments\SM01\05-WMC\MU","Tr5_test3.png","2","264367","C:/Users/Public/Experiments/SM01/05-WMC/MU/MU_results/MUsbj039.csv","test","0","3","39","263565","264368"
"MU.osexp","C:\Users\Public\Experiments\SM01\05-WMC\MU","wait.png","2","264367","C:/Users/Public/Experiments/SM01/05-WMC/MU/MU_results/MUsbj039.csv","wait","5000","4","39","265474","264368"
"MU.osexp","C:\Users\Public\Experiments\SM01\05-WMC\MU","fixation.png","2","264367","C:/Users/Public/Experiments/SM01/05-WMC/MU/MU_results/MUsbj039.csv","fix","1500","4","39","270596","264368"
"MU.osexp","C:\Users\Public\Experiments\SM01\05-WMC\MU","Tr6_study1.png","2","264367","C:/Users/Public/Experiments/SM01/05-WMC/MU/MU_results/MUsbj039.csv","study","1000","4","39","272200","273202"
"MU.osexp","C:\Users\Public\Experiments\SM01\05-WMC\MU","Tr6_study2.png","2","264367","C:/Users/Public/Experiments/SM01/05-WMC/MU/MU_results/MUsbj039.csv","study","1000","4","39","273566","274568"
"MU.osexp","C:\Users\Public\Experiments\SM01\05-WMC\MU","Tr6_study3.png","2","264367","C:/Users/Public/Experiments/SM01/05-WMC/MU/MU_results/MUsbj039.csv","study","1000","4","39","274934","275936"
"MU.osexp","C:\Users\Public\Experiments\SM01\05-WMC\MU","Tr6_study4.png","2","264367","C:/Users/Public/Experiments/SM01/05-WMC/MU/MU_results/MUsbj039.csv","study","1000","4","39","276299","277301"
"MU.osexp","C:\Users\Public\Experiments\SM01\05-WMC\MU","Tr6_update1.png","2","264367","C:/Users/Public/Experiments/SM01/05-WMC/MU/MU_results/MUsbj039.csv","update","1300","4","39","277654","278956"
"MU.osexp","C:\Users\Public\Experiments\SM01\05-WMC\MU","Tr6_update2.png","2","264367","C:/Users/Public/Experiments/SM01/05-WMC/MU/MU_results/MUsbj039.csv","update","1300","4","39","279309","280611"
"MU.osexp","C:\Users\Public\Experiments\SM01\05-WMC\MU","Tr6_update3.png","2","264367","C:/Users/Public/Experiments/SM01/05-WMC/MU/MU_results/MUsbj039.csv","update","1300","4","39","280986","282288"
"MU.osexp","C:\Users\Public\Experiments\SM01\05-WMC\MU","Tr6_update4.png","2","264367","C:/Users/Public/Experiments/SM01/05-WMC/MU/MU_results/MUsbj039.csv","update","1300","4","39","282647","283949"
"MU.osexp","C:\Users\Public\Experiments\SM01\05-WMC\MU","Tr6_update5.png","2","264367","C:/Users/Public/Experiments/SM01/05-WMC/MU/MU_results/MUsbj039.csv","update","1300","4","39","284322","285624"
"MU.osexp","C:\Users\Public\Experiments\SM01\05-WMC\MU","Tr6_test1.png","0","288639","C:/Users/Public/Experiments/SM01/05-WMC/MU/MU_results/MUsbj039.csv","test","0","4","39","285978","288640"
"MU.osexp","C:\Users\Public\Experiments\SM01\05-WMC\MU","Tr6_test2.png","1","291039","C:/Users/Public/Experiments/SM01/05-WMC/MU/MU_results/MUsbj039.csv","test","0","4","39","289738","291040"
"MU.osexp","C:\Users\Public\Experiments\SM01\05-WMC\MU","Tr6_test3.png","5","295639","C:/Users/Public/Experiments/SM01/05-WMC/MU/MU_results/MUsbj039.csv","test","0","4","39","292162","295640"
"MU.osexp","C:\Users\Public\Experiments\SM01\05-WMC\MU","Tr6_test4.png","8","297575","C:/Users/Public/Experiments/SM01/05-WMC/MU/MU_results/MUsbj039.csv","test","0","4","39","296739","297576"
"MU.osexp","C:\Users\Public\Experiments\SM01\05-WMC\MU","wait.png","8","297575","C:/Users/Public/Experiments/SM01/05-WMC/MU/MU_results/MUsbj039.csv","wait","5000","5","39","298687","297576"
"MU.osexp","C:\Users\Public\Experiments\SM01\05-WMC\MU","fixation.png","8","297575","C:/Users/Public/Experiments/SM01/05-WMC/MU/MU_results/MUsbj039.csv","fix","1500","5","39","303803","297576"
"MU.osexp","C:\Users\Public\Experiments\SM01\05-WMC\MU","Tr7_study1.png","8","297575","C:/Users/Public/Experiments/SM01/05-WMC/MU/MU_results/MUsbj039.csv","study","1000","5","39","305439","306441"
"MU.osexp","C:\Users\Public\Experiments\SM01\05-WMC\MU","Tr7_study2.png","8","297575","C:/Users/Public/Experiments/SM01/05-WMC/MU/MU_results/MUsbj039.csv","study","1000","5","39","306799","307801"
"MU.osexp","C:\Users\Public\Experiments\SM01\05-WMC\MU","Tr7_study3.png","8","297575","C:/Users/Public/Experiments/SM01/05-WMC/MU/MU_results/MUsbj039.csv","study","1000","5","39","308150","309152"
"MU.osexp","C:\Users\Public\Experiments\SM01\05-WMC\MU","Tr7_study4.png","8","297575","C:/Users/Public/Experiments/SM01/05-WMC/MU/MU_results/MUsbj039.csv","study","1000","5","39","309650","310652"
"MU.osexp","C:\Users\Public\Experiments\SM01\05-WMC\MU","Tr7_study5.png","8","297575","C:/Users/Public/Experiments/SM01/05-WMC/MU/MU_results/MUsbj039.csv","study","1000","5","39","310986","311988"
"MU.osexp","C:\Users\Public\Experiments\SM01\05-WMC\MU","Tr7_update1.png","8","297575","C:/Users/Public/Experiments/SM01/05-WMC/MU/MU_results/MUsbj039.csv","update","1300","5","39","312332","313634"
"MU.osexp","C:\Users\Public\Experiments\SM01\05-WMC\MU","Tr7_update2.png","8","297575","C:/Users/Public/Experiments/SM01/05-WMC/MU/MU_results/MUsbj039.csv","update","1300","5","39","314010","315312"
"MU.osexp","C:\Users\Public\Experiments\SM01\05-WMC\MU","Tr7_update3.png","8","297575","C:/Users/Public/Experiments/SM01/05-WMC/MU/MU_results/MUsbj039.csv","update","1300","5","39","315687","316989"
"MU.osexp","C:\Users\Public\Experiments\SM01\05-WMC\MU","Tr7_update4.png","8","297575","C:/Users/Public/Experiments/SM01/05-WMC/MU/MU_results/MUsbj039.csv","update","1300","5","39","317348","318650"
"MU.osexp","C:\Users\Public\Experiments\SM01\05-WMC\MU","Tr7_update5.png","8","297575","C:/Users/Public/Experiments/SM01/05-WMC/MU/MU_results/MUsbj039.csv","update","1300","5","39","319020","320322"
"MU.osexp","C:\Users\Public\Experiments\SM01\05-WMC\MU","Tr7_test1.png","3","324247","C:/Users/Public/Experiments/SM01/05-WMC/MU/MU_results/MUsbj039.csv","test","0","5","39","320773","324248"
"MU.osexp","C:\Users\Public\Experiments\SM01\05-WMC\MU","Tr7_test2.png","5","326999","C:/Users/Public/Experiments/SM01/05-WMC/MU/MU_results/MUsbj039.csv","test","0","5","39","325375","327000"
"MU.osexp","C:\Users\Public\Experiments\SM01\05-WMC\MU","Tr7_test3.png","1","328639","C:/Users/Public/Experiments/SM01/05-WMC/MU/MU_results/MUsbj039.csv","test","0","5","39","328125","328640"
"MU.osexp","C:\Users\Public\Experiments\SM01\05-WMC\MU","Tr7_test4.png","6","331919","C:/Users/Public/Experiments/SM01/05-WMC/MU/MU_results/MUsbj039.csv","test","0","5","39","329786","331920"
"MU.osexp","C:\Users\Public\Experiments\SM01\05-WMC\MU","Tr7_test5.png","1","333247","C:/Users/Public/Experiments/SM01/05-WMC/MU/MU_results/MUsbj039.csv","test","0","5","39","333013","333248"
"MU.osexp","C:\Users\Public\Experiments\SM01\05-WMC\MU","wait.png","1","333247","C:/Users/Public/Experiments/SM01/05-WMC/MU/MU_results/MUsbj039.csv","wait","5000","4","39","334363","333248"
"MU.osexp","C:\Users\Public\Experiments\SM01\05-WMC\MU","fixation.png","1","333247","C:/Users/Public/Experiments/SM01/05-WMC/MU/MU_results/MUsbj039.csv","fix","1500","4","39","339494","333248"
"MU.osexp","C:\Users\Public\Experiments\SM01\05-WMC\MU","Tr8_study1.png","1","333247","C:/Users/Public/Experiments/SM01/05-WMC/MU/MU_results/MUsbj039.csv","study","1000","4","39","341105","342107"
"MU.osexp","C:\Users\Public\Experiments\SM01\05-WMC\MU","Tr8_study2.png","1","333247","C:/Users/Public/Experiments/SM01/05-WMC/MU/MU_results/MUsbj039.csv","study","1000","4","39","342474","343476"
"MU.osexp","C:\Users\Public\Experiments\SM01\05-WMC\MU","Tr8_study3.png","1","333247","C:/Users/Public/Experiments/SM01/05-WMC/MU/MU_results/MUsbj039.csv","study","1000","4","39","343967","344969"
"MU.osexp","C:\Users\Public\Experiments\SM01\05-WMC\MU","Tr8_study4.png","1","333247","C:/Users/Public/Experiments/SM01/05-WMC/MU/MU_results/MUsbj039.csv","study","1000","4","39","345333","346335"
"MU.osexp","C:\Users\Public\Experiments\SM01\05-WMC\MU","Tr8_update1.png","1","333247","C:/Users/Public/Experiments/SM01/05-WMC/MU/MU_results/MUsbj039.csv","update","1300","4","39","346687","347989"
"MU.osexp","C:\Users\Public\Experiments\SM01\05-WMC\MU","Tr8_update2.png","1","333247","C:/Users/Public/Experiments/SM01/05-WMC/MU/MU_results/MUsbj039.csv","update","1300","4","39","348350","349652"
"MU.osexp","C:\Users\Public\Experiments\SM01\05-WMC\MU","Tr8_update3.png","1","333247","C:/Users/Public/Experiments/SM01/05-WMC/MU/MU_results/MUsbj039.csv","update","1300","4","39","350015","351317"
"MU.osexp","C:\Users\Public\Experiments\SM01\05-WMC\MU","Tr8_test1.png","4","362008","C:/Users/Public/Experiments/SM01/05-WMC/MU/MU_results/MUsbj039.csv","test","0","4","39","351684","362009"
"MU.osexp","C:\Users\Public\Experiments\SM01\05-WMC\MU","Tr8_test2.png","8","366279","C:/Users/Public/Experiments/SM01/05-WMC/MU/MU_results/MUsbj039.csv","test","0","4","39","363120","366280"
"MU.osexp","C:\Users\Public\Experiments\SM01\05-WMC\MU","Tr8_test3.png","5","368663","C:/Users/Public/Experiments/SM01/05-WMC/MU/MU_results/MUsbj039.csv","test","0","4","39","367392","368664"
"MU.osexp","C:\Users\Public\Experiments\SM01\05-WMC\MU","Tr8_test4.png","2","370111","C:/Users/Public/Experiments/SM01/05-WMC/MU/MU_results/MUsbj039.csv","test","0","4","39","369815","370112"
"MU.osexp","C:\Users\Public\Experiments\SM01\05-WMC\MU","wait.png","2","370111","C:/Users/Public/Experiments/SM01/05-WMC/MU/MU_results/MUsbj039.csv","wait","5000","5","39","371195","370112"
"MU.osexp","C:\Users\Public\Experiments\SM01\05-WMC\MU","fixation.png","2","370111","C:/Users/Public/Experiments/SM01/05-WMC/MU/MU_results/MUsbj039.csv","fix","1500","5","39","376313","370112"
"MU.osexp","C:\Users\Public\Experiments\SM01\05-WMC\MU","Tr9_study1.png","2","370111","C:/Users/Public/Experiments/SM01/05-WMC/MU/MU_results/MUsbj039.csv","study","1000","5","39","377926","378928"
"MU.osexp","C:\Users\Public\Experiments\SM01\05-WMC\MU","Tr9_study2.png","2","370111","C:/Users/Public/Experiments/SM01/05-WMC/MU/MU_results/MUsbj039.csv","study","1000","5","39","379280","380282"
"MU.osexp","C:\Users\Public\Experiments\SM01\05-WMC\MU","Tr9_study3.png","2","370111","C:/Users/Public/Experiments/SM01/05-WMC/MU/MU_results/MUsbj039.csv","study","1000","5","39","380660","381663"
"MU.osexp","C:\Users\Public\Experiments\SM01\05-WMC\MU","Tr9_study4.png","2","370111","C:/Users/Public/Experiments/SM01/05-WMC/MU/MU_results/MUsbj039.csv","study","1000","5","39","382011","383013"
"MU.osexp","C:\Users\Public\Experiments\SM01\05-WMC\MU","Tr9_study5.png","2","370111","C:/Users/Public/Experiments/SM01/05-WMC/MU/MU_results/MUsbj039.csv","study","1000","5","39","383366","384368"
"MU.osexp","C:\Users\Public\Experiments\SM01\05-WMC\MU","Tr9_update1.png","2","370111","C:/Users/Public/Experiments/SM01/05-WMC/MU/MU_results/MUsbj039.csv","update","1300","5","39","384756","386058"
"MU.osexp","C:\Users\Public\Experiments\SM01\05-WMC\MU","Tr9_update2.png","2","370111","C:/Users/Public/Experiments/SM01/05-WMC/MU/MU_results/MUsbj039.csv","update","1300","5","39","386419","387721"
"MU.osexp","C:\Users\Public\Experiments\SM01\05-WMC\MU","Tr9_test1.png","4","396360","C:/Users/Public/Experiments/SM01/05-WMC/MU/MU_results/MUsbj039.csv","test","0","5","39","388080","396361"
"MU.osexp","C:\Users\Public\Experiments\SM01\05-WMC\MU","Tr9_test2.png","5","402695","C:/Users/Public/Experiments/SM01/05-WMC/MU/MU_results/MUsbj039.csv","test","0","5","39","397496","402696"
"MU.osexp","C:\Users\Public\Experiments\SM01\05-WMC\MU","Tr9_test3.png","1","406319","C:/Users/Public/Experiments/SM01/05-WMC/MU/MU_results/MUsbj039.csv","test","0","5","39","403815","406320"
"MU.osexp","C:\Users\Public\Experiments\SM01\05-WMC\MU","Tr9_test4.png","1","412543","C:/Users/Public/Experiments/SM01/05-WMC/MU/MU_results/MUsbj039.csv","test","0","5","39","407452","412544"
"MU.osexp","C:\Users\Public\Experiments\SM01\05-WMC\MU","Tr9_test5.png","3","414488","C:/Users/Public/Experiments/SM01/05-WMC/MU/MU_results/MUsbj039.csv","test","0","5","39","413663","414488"
"MU.osexp","C:\Users\Public\Experiments\SM01\05-WMC\MU","wait.png","3","414488","C:/Users/Public/Experiments/SM01/05-WMC/MU/MU_results/MUsbj039.csv","wait","5000","3","39","415570","414488"
"MU.osexp","C:\Users\Public\Experiments\SM01\05-WMC\MU","fixation.png","3","414488","C:/Users/Public/Experiments/SM01/05-WMC/MU/MU_results/MUsbj039.csv","fix","1500","3","39","420712","414488"
"MU.osexp","C:\Users\Public\Experiments\SM01\05-WMC\MU","Tr10_study1.png","3","414488","C:/Users/Public/Experiments/SM01/05-WMC/MU/MU_results/MUsbj039.csv","study","1000","3","39","422322","423324"
"MU.osexp","C:\Users\Public\Experiments\SM01\05-WMC\MU","Tr10_study2.png","3","414488","C:/Users/Public/Experiments/SM01/05-WMC/MU/MU_results/MUsbj039.csv","study","1000","3","39","423693","424695"
"MU.osexp","C:\Users\Public\Experiments\SM01\05-WMC\MU","Tr10_study3.png","3","414488","C:/Users/Public/Experiments/SM01/05-WMC/MU/MU_results/MUsbj039.csv","study","1000","3","39","425040","426042"
"MU.osexp","C:\Users\Public\Experiments\SM01\05-WMC\MU","Tr10_update1.png","3","414488","C:/Users/Public/Experiments/SM01/05-WMC/MU/MU_results/MUsbj039.csv","update","1300","3","39","426414","427716"
"MU.osexp","C:\Users\Public\Experiments\SM01\05-WMC\MU","Tr10_update2.png","3","414488","C:/Users/Public/Experiments/SM01/05-WMC/MU/MU_results/MUsbj039.csv","update","1300","3","39","428072","429374"
"MU.osexp","C:\Users\Public\Experiments\SM01\05-WMC\MU","Tr10_test1.png","5","432000","C:/Users/Public/Experiments/SM01/05-WMC/MU/MU_results/MUsbj039.csv","test","0","3","39","429712","432000"
"MU.osexp","C:\Users\Public\Experiments\SM01\05-WMC\MU","Tr10_test2.png","2","433983","C:/Users/Public/Experiments/SM01/05-WMC/MU/MU_results/MUsbj039.csv","test","0","3","39","433109","433984"
"MU.osexp","C:\Users\Public\Experiments\SM01\05-WMC\MU","Tr10_test3.png","5","435351","C:/Users/Public/Experiments/SM01/05-WMC/MU/MU_results/MUsbj039.csv","test","0","3","39","435089","435352"
"MU.osexp","C:\Users\Public\Experiments\SM01\05-WMC\MU","wait.png","5","435351","C:/Users/Public/Experiments/SM01/05-WMC/MU/MU_results/MUsbj039.csv","wait","5000","5","39","436464","435352"
"MU.osexp","C:\Users\Public\Experiments\SM01\05-WMC\MU","fixation.png","5","435351","C:/Users/Public/Experiments/SM01/05-WMC/MU/MU_results/MUsbj039.csv","fix","1500","5","39","441591","435352"
"MU.osexp","C:\Users\Public\Experiments\SM01\05-WMC\MU","Tr11_study1.png","5","435351","C:/Users/Public/Experiments/SM01/05-WMC/MU/MU_results/MUsbj039.csv","study","1000","5","39","443212","444214"
"MU.osexp","C:\Users\Public\Experiments\SM01\05-WMC\MU","Tr11_study2.png","5","435351","C:/Users/Public/Experiments/SM01/05-WMC/MU/MU_results/MUsbj039.csv","study","1000","5","39","444612","445614"
"MU.osexp","C:\Users\Public\Experiments\SM01\05-WMC\MU","Tr11_study3.png","5","435351","C:/Users/Public/Experiments/SM01/05-WMC/MU/MU_results/MUsbj039.csv","study","1000","5","39","445973","446975"
"MU.osexp","C:\Users\Public\Experiments\SM01\05-WMC\MU","Tr11_study4.png","5","435351","C:/Users/Public/Experiments/SM01/05-WMC/MU/MU_results/MUsbj039.csv","study","1000","5","39","447356","448358"
"MU.osexp","C:\Users\Public\Experiments\SM01\05-WMC\MU","Tr11_study5.png","5","435351","C:/Users/Public/Experiments/SM01/05-WMC/MU/MU_results/MUsbj039.csv","study","1000","5","39","448739","449741"
"MU.osexp","C:\Users\Public\Experiments\SM01\05-WMC\MU","Tr11_update1.png","5","435351","C:/Users/Public/Experiments/SM01/05-WMC/MU/MU_results/MUsbj039.csv","update","1300","5","39","450113","451415"
"MU.osexp","C:\Users\Public\Experiments\SM01\05-WMC\MU","Tr11_update2.png","5","435351","C:/Users/Public/Experiments/SM01/05-WMC/MU/MU_results/MUsbj039.csv","update","1300","5","39","451819","453121"
"MU.osexp","C:\Users\Public\Experiments\SM01\05-WMC\MU","Tr11_update3.png","5","435351","C:/Users/Public/Experiments/SM01/05-WMC/MU/MU_results/MUsbj039.csv","update","1300","5","39","453451","454753"
"MU.osexp","C:\Users\Public\Experiments\SM01\05-WMC\MU","Tr11_test1.png","1","458567","C:/Users/Public/Experiments/SM01/05-WMC/MU/MU_results/MUsbj039.csv","test","0","5","39","455146","458568"
"MU.osexp","C:\Users\Public\Experiments\SM01\05-WMC\MU","Tr11_test2.png","4","460695","C:/Users/Public/Experiments/SM01/05-WMC/MU/MU_results/MUsbj039.csv","test","0","5","39","459683","460696"
"MU.osexp","C:\Users\Public\Experiments\SM01\05-WMC\MU","Tr11_test3.png","8","464623","C:/Users/Public/Experiments/SM01/05-WMC/MU/MU_results/MUsbj039.csv","test","0","5","39","461798","464624"
"MU.osexp","C:\Users\Public\Experiments\SM01\05-WMC\MU","Tr11_test4.png","5","467128","C:/Users/Public/Experiments/SM01/05-WMC/MU/MU_results/MUsbj039.csv","test","0","5","39","465719","467128"
"MU.osexp","C:\Users\Public\Experiments\SM01\05-WMC\MU","Tr11_test5.png","9","468440","C:/Users/Public/Experiments/SM01/05-WMC/MU/MU_results/MUsbj039.csv","test","0","5","39","468210","468440"
"MU.osexp","C:\Users\Public\Experiments\SM01\05-WMC\MU","wait.png","9","468440","C:/Users/Public/Experiments/SM01/05-WMC/MU/MU_results/MUsbj039.csv","wait","5000","3","39","469533","468440"
"MU.osexp","C:\Users\Public\Experiments\SM01\05-WMC\MU","fixation.png","9","468440","C:/Users/Public/Experiments/SM01/05-WMC/MU/MU_results/MUsbj039.csv","fix","1500","3","39","474624","468440"
"MU.osexp","C:\Users\Public\Experiments\SM01\05-WMC\MU","Tr12_study1.png","9","468440","C:/Users/Public/Experiments/SM01/05-WMC/MU/MU_results/MUsbj039.csv","study","1000","3","39","476224","477226"
"MU.osexp","C:\Users\Public\Experiments\SM01\05-WMC\MU","Tr12_study2.png","9","468440","C:/Users/Public/Experiments/SM01/05-WMC/MU/MU_results/MUsbj039.csv","study","1000","3","39","477567","478569"
"MU.osexp","C:\Users\Public\Experiments\SM01\05-WMC\MU","Tr12_study3.png","9","468440","C:/Users/Public/Experiments/SM01/05-WMC/MU/MU_results/MUsbj039.csv","study","1000","3","39","478903","479905"
"MU.osexp","C:\Users\Public\Experiments\SM01\05-WMC\MU","Tr12_update1.png","9","468440","C:/Users/Public/Experiments/SM01/05-WMC/MU/MU_results/MUsbj039.csv","update","1300","3","39","480253","481555"
"MU.osexp","C:\Users\Public\Experiments\SM01\05-WMC\MU","Tr12_update2.png","9","468440","C:/Users/Public/Experiments/SM01/05-WMC/MU/MU_results/MUsbj039.csv","update","1300","3","39","481921","483223"
"MU.osexp","C:\Users\Public\Experiments\SM01\05-WMC\MU","Tr12_update3.png","9","468440","C:/Users/Public/Experiments/SM01/05-WMC/MU/MU_results/MUsbj039.csv","update","1300","3","39","483566","484868"
"MU.osexp","C:\Users\Public\Experiments\SM01\05-WMC\MU","Tr12_update4.png","9","468440","C:/Users/Public/Experiments/SM01/05-WMC/MU/MU_results/MUsbj039.csv","update","1300","3","39","485233","486535"
"MU.osexp","C:\Users\Public\Experiments\SM01\05-WMC\MU","Tr12_update5.png","9","468440","C:/Users/Public/Experiments/SM01/05-WMC/MU/MU_results/MUsbj039.csv","update","1300","3","39","486872","488174"
"MU.osexp","C:\Users\Public\Experiments\SM01\05-WMC\MU","Tr12_test1.png","4","492719","C:/Users/Public/Experiments/SM01/05-WMC/MU/MU_results/MUsbj039.csv","test","0","3","39","488589","492720"
"MU.osexp","C:\Users\Public\Experiments\SM01\05-WMC\MU","Tr12_test2.png","1","494255","C:/Users/Public/Experiments/SM01/05-WMC/MU/MU_results/MUsbj039.csv","test","0","3","39","493815","494256"
"MU.osexp","C:\Users\Public\Experiments\SM01\05-WMC\MU","Tr12_test3.png","3","498135","C:/Users/Public/Experiments/SM01/05-WMC/MU/MU_results/MUsbj039.csv","test","0","3","39","495380","498136"
"MU.osexp","C:\Users\Public\Experiments\SM01\05-WMC\MU","wait.png","3","498135","C:/Users/Public/Experiments/SM01/05-WMC/MU/MU_results/MUsbj039.csv","wait","5000","3","39","499227","498136"
"MU.osexp","C:\Users\Public\Experiments\SM01\05-WMC\MU","fixation.png","3","498135","C:/Users/Public/Experiments/SM01/05-WMC/MU/MU_results/MUsbj039.csv","fix","1500","3","39","504326","498136"
"MU.osexp","C:\Users\Public\Experiments\SM01\05-WMC\MU","Tr13_study1.png","3","498135","C:/Users/Public/Experiments/SM01/05-WMC/MU/MU_results/MUsbj039.csv","study","1000","3","39","505946","506948"
"MU.osexp","C:\Users\Public\Experiments\SM01\05-WMC\MU","Tr13_study2.png","3","498135","C:/Users/Public/Experiments/SM01/05-WMC/MU/MU_results/MUsbj039.csv","study","1000","3","39","507312","508314"
"MU.osexp","C:\Users\Public\Experiments\SM01\05-WMC\MU","Tr13_study3.png","3","498135","C:/Users/Public/Experiments/SM01/05-WMC/MU/MU_results/MUsbj039.csv","study","1000","3","39","508686","509688"
"MU.osexp","C:\Users\Public\Experiments\SM01\05-WMC\MU","Tr13_update1.png","3","498135","C:/Users/Public/Experiments/SM01/05-WMC/MU/MU_results/MUsbj039.csv","update","1300","3","39","510068","511370"
"MU.osexp","C:\Users\Public\Experiments\SM01\05-WMC\MU","Tr13_update2.png","3","498135","C:/Users/Public/Experiments/SM01/05-WMC/MU/MU_results/MUsbj039.csv","update","1300","3","39","511720","513022"
"MU.osexp","C:\Users\Public\Experiments\SM01\05-WMC\MU","Tr13_update3.png","3","498135","C:/Users/Public/Experiments/SM01/05-WMC/MU/MU_results/MUsbj039.csv","update","1300","3","39","513385","514687"
"MU.osexp","C:\Users\Public\Experiments\SM01\05-WMC\MU","Tr13_update4.png","3","498135","C:/Users/Public/Experiments/SM01/05-WMC/MU/MU_results/MUsbj039.csv","update","1300","3","39","515062","516364"
"MU.osexp","C:\Users\Public\Experiments\SM01\05-WMC\MU","Tr13_test1.png","3","518944","C:/Users/Public/Experiments/SM01/05-WMC/MU/MU_results/MUsbj039.csv","test","0","3","39","516735","518945"
"MU.osexp","C:\Users\Public\Experiments\SM01\05-WMC\MU","Tr13_test2.png","1","520896","C:/Users/Public/Experiments/SM01/05-WMC/MU/MU_results/MUsbj039.csv","test","0","3","39","520074","520896"
"MU.osexp","C:\Users\Public\Experiments\SM01\05-WMC\MU","Tr13_test3.png","5","522287","C:/Users/Public/Experiments/SM01/05-WMC/MU/MU_results/MUsbj039.csv","test","0","3","39","522022","522288"
"MU.osexp","C:\Users\Public\Experiments\SM01\05-WMC\MU","wait.png","5","522287","C:/Users/Public/Experiments/SM01/05-WMC/MU/MU_results/MUsbj039.csv","wait","5000","5","39","523380","522288"
"MU.osexp","C:\Users\Public\Experiments\SM01\05-WMC\MU","fixation.png","5","522287","C:/Users/Public/Experiments/SM01/05-WMC/MU/MU_results/MUsbj039.csv","fix","1500","5","39","528596","522288"
"MU.osexp","C:\Users\Public\Experiments\SM01\05-WMC\MU","Tr14_study1.png","5","522287","C:/Users/Public/Experiments/SM01/05-WMC/MU/MU_results/MUsbj039.csv","study","1000","5","39","530195","531197"
"MU.osexp","C:\Users\Public\Experiments\SM01\05-WMC\MU","Tr14_study2.png","5","522287","C:/Users/Public/Experiments/SM01/05-WMC/MU/MU_results/MUsbj039.csv","study","1000","5","39","531577","532579"
"MU.osexp","C:\Users\Public\Experiments\SM01\05-WMC\MU","Tr14_study3.png","5","522287","C:/Users/Public/Experiments/SM01/05-WMC/MU/MU_results/MUsbj039.csv","study","1000","5","39","532954","533955"
"MU.osexp","C:\Users\Public\Experiments\SM01\05-WMC\MU","Tr14_study4.png","5","522287","C:/Users/Public/Experiments/SM01/05-WMC/MU/MU_results/MUsbj039.csv","study","1000","5","39","534311","535313"
"MU.osexp","C:\Users\Public\Experiments\SM01\05-WMC\MU","Tr14_study5.png","5","522287","C:/Users/Public/Experiments/SM01/05-WMC/MU/MU_results/MUsbj039.csv","study","1000","5","39","535676","536678"
"MU.osexp","C:\Users\Public\Experiments\SM01\05-WMC\MU","Tr14_update1.png","5","522287","C:/Users/Public/Experiments/SM01/05-WMC/MU/MU_results/MUsbj039.csv","update","1300","5","39","537047","538349"
"MU.osexp","C:\Users\Public\Experiments\SM01\05-WMC\MU","Tr14_update2.png","5","522287","C:/Users/Public/Experiments/SM01/05-WMC/MU/MU_results/MUsbj039.csv","update","1300","5","39","538687","539989"
"MU.osexp","C:\Users\Public\Experiments\SM01\05-WMC\MU","Tr14_update3.png","5","522287","C:/Users/Public/Experiments/SM01/05-WMC/MU/MU_results/MUsbj039.csv","update","1300","5","39","540337","541639"
"MU.osexp","C:\Users\Public\Experiments\SM01\05-WMC\MU","Tr14_update4.png","5","522287","C:/Users/Public/Experiments/SM01/05-WMC/MU/MU_results/MUsbj039.csv","update","1300","5","39","542003","543305"
"MU.osexp","C:\Users\Public\Experiments\SM01\05-WMC\MU","Tr14_test1.png","8","546607","C:/Users/Public/Experiments/SM01/05-WMC/MU/MU_results/MUsbj039.csv","test","0","5","39","543674","546608"
"MU.osexp","C:\Users\Public\Experiments\SM01\05-WMC\MU","Tr14_test2.png","1","548615","C:/Users/Public/Experiments/SM01/05-WMC/MU/MU_results/MUsbj039.csv","test","0","5","39","547740","548616"
"MU.osexp","C:\Users\Public\Experiments\SM01\05-WMC\MU","Tr14_test3.png","8","554544","C:/Users/Public/Experiments/SM01/05-WMC/MU/MU_results/MUsbj039.csv","test","0","5","39","549717","554545"
"MU.osexp","C:\Users\Public\Experiments\SM01\05-WMC\MU","Tr14_test4.png","3","557167","C:/Users/Public/Experiments/SM01/05-WMC/MU/MU_results/MUsbj039.csv","test","0","5","39","555643","557168"
"MU.osexp","C:\Users\Public\Experiments\SM01\05-WMC\MU","Tr14_test5.png","6","559543","C:/Users/Public/Experiments/SM01/05-WMC/MU/MU_results/MUsbj039.csv","test","0","5","39","558295","559544"
"MU.osexp","C:\Users\Public\Experiments\SM01\05-WMC\MU","wait.png","6","559543","C:/Users/Public/Experiments/SM01/05-WMC/MU/MU_results/MUsbj039.csv","wait","5000","4","39","560656","559544"
"MU.osexp","C:\Users\Public\Experiments\SM01\05-WMC\MU","fixation.png","6","559543","C:/Users/Public/Experiments/SM01/05-WMC/MU/MU_results/MUsbj039.csv","fix","1500","4","39","565782","559544"
"MU.osexp","C:\Users\Public\Experiments\SM01\05-WMC\MU","Tr15_study1.png","6","559543","C:/Users/Public/Experiments/SM01/05-WMC/MU/MU_results/MUsbj039.csv","study","1000","4","39","567389","568391"
"MU.osexp","C:\Users\Public\Experiments\SM01\05-WMC\MU","Tr15_study2.png","6","559543","C:/Users/Public/Experiments/SM01/05-WMC/MU/MU_results/MUsbj039.csv","study","1000","4","39","568729","569731"
"MU.osexp","C:\Users\Public\Experiments\SM01\05-WMC\MU","Tr15_study3.png","6","559543","C:/Users/Public/Experiments/SM01/05-WMC/MU/MU_results/MUsbj039.csv","study","1000","4","39","570085","571087"
"MU.osexp","C:\Users\Public\Experiments\SM01\05-WMC\MU","Tr15_study4.png","6","559543","C:/Users/Public/Experiments/SM01/05-WMC/MU/MU_results/MUsbj039.csv","study","1000","4","39","571435","572437"
"MU.osexp","C:\Users\Public\Experiments\SM01\05-WMC\MU","Tr15_update1.png","6","559543","C:/Users/Public/Experiments/SM01/05-WMC/MU/MU_results/MUsbj039.csv","update","1300","4","39","572812","574113"
"MU.osexp","C:\Users\Public\Experiments\SM01\05-WMC\MU","Tr15_update2.png","6","559543","C:/Users/Public/Experiments/SM01/05-WMC/MU/MU_results/MUsbj039.csv","update","1300","4","39","574441","575744"
"MU.osexp","C:\Users\Public\Experiments\SM01\05-WMC\MU","Tr15_update3.png","6","559543","C:/Users/Public/Experiments/SM01/05-WMC/MU/MU_results/MUsbj039.csv","update","1300","4","39","576097","577399"
"MU.osexp","C:\Users\Public\Experiments\SM01\05-WMC\MU","Tr15_update4.png","6","559543","C:/Users/Public/Experiments/SM01/05-WMC/MU/MU_results/MUsbj039.csv","update","1300","4","39","577754","579056"
"MU.osexp","C:\Users\Public\Experiments\SM01\05-WMC\MU","Tr15_update5.png","6","559543","C:/Users/Public/Experiments/SM01/05-WMC/MU/MU_results/MUsbj039.csv","update","1300","4","39","579412","580715"
"MU.osexp","C:\Users\Public\Experiments\SM01\05-WMC\MU","Tr15_update6.png","6","559543","C:/Users/Public/Experiments/SM01/05-WMC/MU/MU_results/MUsbj039.csv","update","1300","4","39","581049","582351"
"MU.osexp","C:\Users\Public\Experiments\SM01\05-WMC\MU","Tr15_test1.png","3","585687","C:/Users/Public/Experiments/SM01/05-WMC/MU/MU_results/MUsbj039.csv","test","0","4","39","582719","585688"
"MU.osexp","C:\Users\Public\Experiments\SM01\05-WMC\MU","Tr15_test2.png","4","588112","C:/Users/Public/Experiments/SM01/05-WMC/MU/MU_results/MUsbj039.csv","test","0","4","39","586786","588113"
"MU.osexp","C:\Users\Public\Experiments\SM01\05-WMC\MU","Tr15_test3.png","4","591112","C:/Users/Public/Experiments/SM01/05-WMC/MU/MU_results/MUsbj039.csv","test","0","4","39","589216","591112"
"MU.osexp","C:\Users\Public\Experiments\SM01\05-WMC\MU","Tr15_test4.png","9","592463","C:/Users/Public/Experiments/SM01/05-WMC/MU/MU_results/MUsbj039.csv","test","0","4","39","592220","592464"
"MU.osexp","C:\Users\Public\Experiments\SM01\05-WMC\MU","wait.png","9","592463","C:/Users/Public/Experiments/SM01/05-WMC/MU/MU_results/MUsbj039.csv","wait","5000","4","39","593570","592464"
"MU.osexp","C:\Users\Public\Experiments\SM01\05-WMC\MU","fixation.png","9","592463","C:/Users/Public/Experiments/SM01/05-WMC/MU/MU_results/MUsbj039.csv","fix","1500","4","39","598672","592464"
"MU.osexp","C:\Users\Public\Experiments\SM01\05-WMC\MU","Tr16_study1.png","9","592463","C:/Users/Public/Experiments/SM01/05-WMC/MU/MU_results/MUsbj039.csv","study","1000","4","39","600316","601318"
"MU.osexp","C:\Users\Public\Experiments\SM01\05-WMC\MU","Tr16_study2.png","9","592463","C:/Users/Public/Experiments/SM01/05-WMC/MU/MU_results/MUsbj039.csv","study","1000","4","39","601672","602674"
"MU.osexp","C:\Users\Public\Experiments\SM01\05-WMC\MU","Tr16_study3.png","9","592463","C:/Users/Public/Experiments/SM01/05-WMC/MU/MU_results/MUsbj039.csv","study","1000","4","39","603043","604045"
"MU.osexp","C:\Users\Public\Experiments\SM01\05-WMC\MU","Tr16_study4.png","9","592463","C:/Users/Public/Experiments/SM01/05-WMC/MU/MU_results/MUsbj039.csv","study","1000","4","39","604411","605413"
"MU.osexp","C:\Users\Public\Experiments\SM01\05-WMC\MU","Tr16_update1.png","9","592463","C:/Users/Public/Experiments/SM01/05-WMC/MU/MU_results/MUsbj039.csv","update","1300","4","39","605776","607077"
"MU.osexp","C:\Users\Public\Experiments\SM01\05-WMC\MU","Tr16_update2.png","9","592463","C:/Users/Public/Experiments/SM01/05-WMC/MU/MU_results/MUsbj039.csv","update","1300","4","39","607403","608705"
"MU.osexp","C:\Users\Public\Experiments\SM01\05-WMC\MU","Tr16_test1.png","7","613167","C:/Users/Public/Experiments/SM01/05-WMC/MU/MU_results/MUsbj039.csv","test","0","4","39","609082","613168"
"MU.osexp","C:\Users\Public\Experiments\SM01\05-WMC\MU","Tr16_test2.png","5","615879","C:/Users/Public/Experiments/SM01/05-WMC/MU/MU_results/MUsbj039.csv","test","0","4","39","614256","615880"
"MU.osexp","C:\Users\Public\Experiments\SM01\05-WMC\MU","Tr16_test3.png","8","618175","C:/Users/Public/Experiments/SM01/05-WMC/MU/MU_results/MUsbj039.csv","test","0","4","39","616992","618176"
"MU.osexp","C:\Users\Public\Experiments\SM01\05-WMC\MU","Tr16_test4.png","7","619543","C:/Users/Public/Experiments/SM01/05-WMC/MU/MU_results/MUsbj039.csv","test","0","4","39","619293","619544"
"MU.osexp","C:\Users\Public\Experiments\SM01\05-WMC\MU","wait.png","7","619543","C:/Users/Public/Experiments/SM01/05-WMC/MU/MU_results/MUsbj039.csv","wait","5000","5","39","620662","619544"
"MU.osexp","C:\Users\Public\Experiments\SM01\05-WMC\MU","fixation.png","7","619543","C:/Users/Public/Experiments/SM01/05-WMC/MU/MU_results/MUsbj039.csv","fix","1500","5","39","625758","619544"
"MU.osexp","C:\Users\Public\Experiments\SM01\05-WMC\MU","Tr17_study1.png","7","619543","C:/Users/Public/Experiments/SM01/05-WMC/MU/MU_results/MUsbj039.csv","study","1000","5","39","627394","628396"
"MU.osexp","C:\Users\Public\Experiments\SM01\05-WMC\MU","Tr17_study2.png","7","619543","C:/Users/Public/Experiments/SM01/05-WMC/MU/MU_results/MUsbj039.csv","study","1000","5","39","628747","629749"
"MU.osexp","C:\Users\Public\Experiments\SM01\05-WMC\MU","Tr17_study3.png","7","619543","C:/Users/Public/Experiments/SM01/05-WMC/MU/MU_results/MUsbj039.csv","study","1000","5","39","630127","631129"
"MU.osexp","C:\Users\Public\Experiments\SM01\05-WMC\MU","Tr17_study4.png","7","619543","C:/Users/Public/Experiments/SM01/05-WMC/MU/MU_results/MUsbj039.csv","study","1000","5","39","631495","632497"
"MU.osexp","C:\Users\Public\Experiments\SM01\05-WMC\MU","Tr17_study5.png","7","619543","C:/Users/Public/Experiments/SM01/05-WMC/MU/MU_results/MUsbj039.csv","study","1000","5","39","632844","633846"
"MU.osexp","C:\Users\Public\Experiments\SM01\05-WMC\MU","Tr17_update1.png","7","619543","C:/Users/Public/Experiments/SM01/05-WMC/MU/MU_results/MUsbj039.csv","update","1300","5","39","634205","635507"
"MU.osexp","C:\Users\Public\Experiments\SM01\05-WMC\MU","Tr17_update2.png","7","619543","C:/Users/Public/Experiments/SM01/05-WMC/MU/MU_results/MUsbj039.csv","update","1300","5","39","635844","637146"
"MU.osexp","C:\Users\Public\Experiments\SM01\05-WMC\MU","Tr17_update3.png","7","619543","C:/Users/Public/Experiments/SM01/05-WMC/MU/MU_results/MUsbj039.csv","update","1300","5","39","637496","638798"
"MU.osexp","C:\Users\Public\Experiments\SM01\05-WMC\MU","Tr17_update4.png","7","619543","C:/Users/Public/Experiments/SM01/05-WMC/MU/MU_results/MUsbj039.csv","update","1300","5","39","639162","640465"
"MU.osexp","C:\Users\Public\Experiments\SM01\05-WMC\MU","Tr17_update5.png","7","619543","C:/Users/Public/Experiments/SM01/05-WMC/MU/MU_results/MUsbj039.csv","update","1300","5","39","640826","642128"
"MU.osexp","C:\Users\Public\Experiments\SM01\05-WMC\MU","Tr17_update6.png","7","619543","C:/Users/Public/Experiments/SM01/05-WMC/MU/MU_results/MUsbj039.csv","update","1300","5","39","642500","643802"
"MU.osexp","C:\Users\Public\Experiments\SM01\05-WMC\MU","Tr17_test1.png","2","648527","C:/Users/Public/Experiments/SM01/05-WMC/MU/MU_results/MUsbj039.csv","test","0","5","39","644148","648528"
"MU.osexp","C:\Users\Public\Experiments\SM01\05-WMC\MU","Tr17_test2.png","1","652479","C:/Users/Public/Experiments/SM01/05-WMC/MU/MU_results/MUsbj039.csv","test","0","5","39","649644","652480"
"MU.osexp","C:\Users\Public\Experiments\SM01\05-WMC\MU","Tr17_test3.png","6","656039","C:/Users/Public/Experiments/SM01/05-WMC/MU/MU_results/MUsbj039.csv","test","0","5","39","653608","656040"
"MU.osexp","C:\Users\Public\Experiments\SM01\05-WMC\MU","Tr17_test4.png","4","658264","C:/Users/Public/Experiments/SM01/05-WMC/MU/MU_results/MUsbj039.csv","test","0","5","39","657146","658265"
"MU.osexp","C:\Users\Public\Experiments\SM01\05-WMC\MU","Tr17_test5.png","9","659584","C:/Users/Public/Experiments/SM01/05-WMC/MU/MU_results/MUsbj039.csv","test","0","5","39","659362","659585"
