"experiment_file","experiment_path","image","key","key_time","logfile","phase","playtime","setSize","subject_nr","timestamp","waittime"
"MU.osexp","C:\Users\Public\Experiments\IDs\05-WMC\MU","ready1.png","NA","NA","C:/Users/Public/Experiments/IDs/05-WMC/MU/MUsbj060.csv","pre","0","3","60","229175","NA"
"MU.osexp","C:\Users\Public\Experiments\IDs\05-WMC\MU","fixation.png","NA","NA","C:/Users/Public/Experiments/IDs/05-WMC/MU/MUsbj060.csv","fix","1500","3","60","231583","NA"
"MU.osexp","C:\Users\Public\Experiments\IDs\05-WMC\MU","Tr1_study1.png","NA","NA","C:/Users/Public/Experiments/IDs/05-WMC/MU/MUsbj060.csv","study","1000","3","60","233342","234344"
"MU.osexp","C:\Users\Public\Experiments\IDs\05-WMC\MU","Tr1_study2.png","NA","NA","C:/Users/Public/Experiments/IDs/05-WMC/MU/MUsbj060.csv","study","1000","3","60","234718","235720"
"MU.osexp","C:\Users\Public\Experiments\IDs\05-WMC\MU","Tr1_study3.png","NA","NA","C:/Users/Public/Experiments/IDs/05-WMC/MU/MUsbj060.csv","study","1000","3","60","236097","237099"
"MU.osexp","C:\Users\Public\Experiments\IDs\05-WMC\MU","Tr1_update1.png","NA","NA","C:/Users/Public/Experiments/IDs/05-WMC/MU/MUsbj060.csv","update","1300","3","60","237454","238756"
"MU.osexp","C:\Users\Public\Experiments\IDs\05-WMC\MU","Tr1_update2.png","NA","NA","C:/Users/Public/Experiments/IDs/05-WMC/MU/MUsbj060.csv","update","1300","3","60","239099","240401"
"MU.osexp","C:\Users\Public\Experiments\IDs\05-WMC\MU","Tr1_update3.png","NA","NA","C:/Users/Public/Experiments/IDs/05-WMC/MU/MUsbj060.csv","update","1300","3","60","240760","242062"
"MU.osexp","C:\Users\Public\Experiments\IDs\05-WMC\MU","Tr1_test1.png","1","249204","C:/Users/Public/Experiments/IDs/05-WMC/MU/MUsbj060.csv","test","0","3","60","242411","249205"
"MU.osexp","C:\Users\Public\Experiments\IDs\05-WMC\MU","Tr1_test2.png","5","253300","C:/Users/Public/Experiments/IDs/05-WMC/MU/MUsbj060.csv","test","0","3","60","250320","253301"
"MU.osexp","C:\Users\Public\Experiments\IDs\05-WMC\MU","Tr1_test3.png","2","258348","C:/Users/Public/Experiments/IDs/05-WMC/MU/MUsbj060.csv","test","0","3","60","254415","258349"
"MU.osexp","C:\Users\Public\Experiments\IDs\05-WMC\MU","wait.png","2","258348","C:/Users/Public/Experiments/IDs/05-WMC/MU/MUsbj060.csv","wait","5000","3","60","259460","258349"
"MU.osexp","C:\Users\Public\Experiments\IDs\05-WMC\MU","fixation.png","2","258348","C:/Users/Public/Experiments/IDs/05-WMC/MU/MUsbj060.csv","fix","1500","3","60","264568","258349"
"MU.osexp","C:\Users\Public\Experiments\IDs\05-WMC\MU","Tr2_study1.png","2","258348","C:/Users/Public/Experiments/IDs/05-WMC/MU/MUsbj060.csv","study","1000","3","60","266186","267187"
"MU.osexp","C:\Users\Public\Experiments\IDs\05-WMC\MU","Tr2_study2.png","2","258348","C:/Users/Public/Experiments/IDs/05-WMC/MU/MUsbj060.csv","study","1000","3","60","267566","268568"
"MU.osexp","C:\Users\Public\Experiments\IDs\05-WMC\MU","Tr2_study3.png","2","258348","C:/Users/Public/Experiments/IDs/05-WMC/MU/MUsbj060.csv","study","1000","3","60","268958","269960"
"MU.osexp","C:\Users\Public\Experiments\IDs\05-WMC\MU","Tr2_update1.png","2","258348","C:/Users/Public/Experiments/IDs/05-WMC/MU/MUsbj060.csv","update","1300","3","60","270325","271627"
"MU.osexp","C:\Users\Public\Experiments\IDs\05-WMC\MU","Tr2_update2.png","2","258348","C:/Users/Public/Experiments/IDs/05-WMC/MU/MUsbj060.csv","update","1300","3","60","272004","273306"
"MU.osexp","C:\Users\Public\Experiments\IDs\05-WMC\MU","Tr2_update3.png","2","258348","C:/Users/Public/Experiments/IDs/05-WMC/MU/MUsbj060.csv","update","1300","3","60","273661","274963"
"MU.osexp","C:\Users\Public\Experiments\IDs\05-WMC\MU","Tr2_test1.png","4","276949","C:/Users/Public/Experiments/IDs/05-WMC/MU/MUsbj060.csv","test","0","3","60","275350","276950"
"MU.osexp","C:\Users\Public\Experiments\IDs\05-WMC\MU","Tr2_test2.png","0","279125","C:/Users/Public/Experiments/IDs/05-WMC/MU/MUsbj060.csv","test","0","3","60","278042","279125"
"MU.osexp","C:\Users\Public\Experiments\IDs\05-WMC\MU","Tr2_test3.png","7","283308","C:/Users/Public/Experiments/IDs/05-WMC/MU/MUsbj060.csv","test","0","3","60","280226","283309"
"MU.osexp","C:\Users\Public\Experiments\IDs\05-WMC\MU","ready2.png","7","283308","C:/Users/Public/Experiments/IDs/05-WMC/MU/MUsbj060.csv","pre","0","3","60","287343","283309"
"MU.osexp","C:\Users\Public\Experiments\IDs\05-WMC\MU","fixation.png","7","283308","C:/Users/Public/Experiments/IDs/05-WMC/MU/MUsbj060.csv","fix","1500","3","60","288710","283309"
"MU.osexp","C:\Users\Public\Experiments\IDs\05-WMC\MU","Tr3_study1.png","7","283308","C:/Users/Public/Experiments/IDs/05-WMC/MU/MUsbj060.csv","study","1000","3","60","290323","291323"
"MU.osexp","C:\Users\Public\Experiments\IDs\05-WMC\MU","Tr3_study2.png","7","283308","C:/Users/Public/Experiments/IDs/05-WMC/MU/MUsbj060.csv","study","1000","3","60","291684","292686"
"MU.osexp","C:\Users\Public\Experiments\IDs\05-WMC\MU","Tr3_study3.png","7","283308","C:/Users/Public/Experiments/IDs/05-WMC/MU/MUsbj060.csv","study","1000","3","60","293067","294068"
"MU.osexp","C:\Users\Public\Experiments\IDs\05-WMC\MU","Tr3_update1.png","7","283308","C:/Users/Public/Experiments/IDs/05-WMC/MU/MUsbj060.csv","update","1300","3","60","294433","295735"
"MU.osexp","C:\Users\Public\Experiments\IDs\05-WMC\MU","Tr3_update2.png","7","283308","C:/Users/Public/Experiments/IDs/05-WMC/MU/MUsbj060.csv","update","1300","3","60","296116","297418"
"MU.osexp","C:\Users\Public\Experiments\IDs\05-WMC\MU","Tr3_update3.png","7","283308","C:/Users/Public/Experiments/IDs/05-WMC/MU/MUsbj060.csv","update","1300","3","60","297763","299065"
"MU.osexp","C:\Users\Public\Experiments\IDs\05-WMC\MU","Tr3_test1.png","9","302420","C:/Users/Public/Experiments/IDs/05-WMC/MU/MUsbj060.csv","test","0","3","60","299400","302421"
"MU.osexp","C:\Users\Public\Experiments\IDs\05-WMC\MU","Tr3_test2.png","1","306860","C:/Users/Public/Experiments/IDs/05-WMC/MU/MUsbj060.csv","test","0","3","60","303569","306861"
"MU.osexp","C:\Users\Public\Experiments\IDs\05-WMC\MU","Tr3_test3.png","6","311317","C:/Users/Public/Experiments/IDs/05-WMC/MU/MUsbj060.csv","test","0","3","60","307960","311318"
"MU.osexp","C:\Users\Public\Experiments\IDs\05-WMC\MU","wait.png","6","311317","C:/Users/Public/Experiments/IDs/05-WMC/MU/MUsbj060.csv","wait","5000","4","60","312426","311318"
"MU.osexp","C:\Users\Public\Experiments\IDs\05-WMC\MU","fixation.png","6","311317","C:/Users/Public/Experiments/IDs/05-WMC/MU/MUsbj060.csv","fix","1500","4","60","317539","311318"
"MU.osexp","C:\Users\Public\Experiments\IDs\05-WMC\MU","Tr4_study1.png","6","311317","C:/Users/Public/Experiments/IDs/05-WMC/MU/MUsbj060.csv","study","1000","4","60","319158","320159"
"MU.osexp","C:\Users\Public\Experiments\IDs\05-WMC\MU","Tr4_study2.png","6","311317","C:/Users/Public/Experiments/IDs/05-WMC/MU/MUsbj060.csv","study","1000","4","60","320500","321502"
"MU.osexp","C:\Users\Public\Experiments\IDs\05-WMC\MU","Tr4_study3.png","6","311317","C:/Users/Public/Experiments/IDs/05-WMC/MU/MUsbj060.csv","study","1000","4","60","321870","322872"
"MU.osexp","C:\Users\Public\Experiments\IDs\05-WMC\MU","Tr4_study4.png","6","311317","C:/Users/Public/Experiments/IDs/05-WMC/MU/MUsbj060.csv","study","1000","4","60","323229","324231"
"MU.osexp","C:\Users\Public\Experiments\IDs\05-WMC\MU","Tr4_update1.png","6","311317","C:/Users/Public/Experiments/IDs/05-WMC/MU/MUsbj060.csv","update","1300","4","60","324589","325891"
"MU.osexp","C:\Users\Public\Experiments\IDs\05-WMC\MU","Tr4_update2.png","6","311317","C:/Users/Public/Experiments/IDs/05-WMC/MU/MUsbj060.csv","update","1300","4","60","326241","327543"
"MU.osexp","C:\Users\Public\Experiments\IDs\05-WMC\MU","Tr4_update3.png","6","311317","C:/Users/Public/Experiments/IDs/05-WMC/MU/MUsbj060.csv","update","1300","4","60","327907","329209"
"MU.osexp","C:\Users\Public\Experiments\IDs\05-WMC\MU","Tr4_update4.png","6","311317","C:/Users/Public/Experiments/IDs/05-WMC/MU/MUsbj060.csv","update","1300","4","60","329570","330872"
"MU.osexp","C:\Users\Public\Experiments\IDs\05-WMC\MU","Tr4_test1.png","3","335468","C:/Users/Public/Experiments/IDs/05-WMC/MU/MUsbj060.csv","test","0","4","60","331270","335469"
"MU.osexp","C:\Users\Public\Experiments\IDs\05-WMC\MU","Tr4_test2.png","6","340980","C:/Users/Public/Experiments/IDs/05-WMC/MU/MUsbj060.csv","test","0","4","60","336569","340981"
"MU.osexp","C:\Users\Public\Experiments\IDs\05-WMC\MU","Tr4_test3.png","9","346677","C:/Users/Public/Experiments/IDs/05-WMC/MU/MUsbj060.csv","test","0","4","60","342100","346678"
"MU.osexp","C:\Users\Public\Experiments\IDs\05-WMC\MU","Tr4_test4.png","5","349757","C:/Users/Public/Experiments/IDs/05-WMC/MU/MUsbj060.csv","test","0","4","60","347809","349757"
"MU.osexp","C:\Users\Public\Experiments\IDs\05-WMC\MU","wait.png","5","349757","C:/Users/Public/Experiments/IDs/05-WMC/MU/MUsbj060.csv","wait","5000","3","60","350854","349757"
"MU.osexp","C:\Users\Public\Experiments\IDs\05-WMC\MU","fixation.png","5","349757","C:/Users/Public/Experiments/IDs/05-WMC/MU/MUsbj060.csv","fix","1500","3","60","355954","349757"
"MU.osexp","C:\Users\Public\Experiments\IDs\05-WMC\MU","Tr5_study1.png","5","349757","C:/Users/Public/Experiments/IDs/05-WMC/MU/MUsbj060.csv","study","1000","3","60","357581","358582"
"MU.osexp","C:\Users\Public\Experiments\IDs\05-WMC\MU","Tr5_study2.png","5","349757","C:/Users/Public/Experiments/IDs/05-WMC/MU/MUsbj060.csv","study","1000","3","60","358940","359942"
"MU.osexp","C:\Users\Public\Experiments\IDs\05-WMC\MU","Tr5_study3.png","5","349757","C:/Users/Public/Experiments/IDs/05-WMC/MU/MUsbj060.csv","study","1000","3","60","360323","361324"
"MU.osexp","C:\Users\Public\Experiments\IDs\05-WMC\MU","Tr5_update1.png","5","349757","C:/Users/Public/Experiments/IDs/05-WMC/MU/MUsbj060.csv","update","1300","3","60","361675","362976"
"MU.osexp","C:\Users\Public\Experiments\IDs\05-WMC\MU","Tr5_update2.png","5","349757","C:/Users/Public/Experiments/IDs/05-WMC/MU/MUsbj060.csv","update","1300","3","60","363340","364642"
"MU.osexp","C:\Users\Public\Experiments\IDs\05-WMC\MU","Tr5_update3.png","5","349757","C:/Users/Public/Experiments/IDs/05-WMC/MU/MUsbj060.csv","update","1300","3","60","364986","366288"
"MU.osexp","C:\Users\Public\Experiments\IDs\05-WMC\MU","Tr5_update4.png","5","349757","C:/Users/Public/Experiments/IDs/05-WMC/MU/MUsbj060.csv","update","1300","3","60","366656","367958"
"MU.osexp","C:\Users\Public\Experiments\IDs\05-WMC\MU","Tr5_update5.png","5","349757","C:/Users/Public/Experiments/IDs/05-WMC/MU/MUsbj060.csv","update","1300","3","60","368324","369626"
"MU.osexp","C:\Users\Public\Experiments\IDs\05-WMC\MU","Tr5_update6.png","5","349757","C:/Users/Public/Experiments/IDs/05-WMC/MU/MUsbj060.csv","update","1300","3","60","370003","371305"
"MU.osexp","C:\Users\Public\Experiments\IDs\05-WMC\MU","Tr5_test1.png","2","378356","C:/Users/Public/Experiments/IDs/05-WMC/MU/MUsbj060.csv","test","0","3","60","371667","378357"
"MU.osexp","C:\Users\Public\Experiments\IDs\05-WMC\MU","Tr5_test2.png","9","381060","C:/Users/Public/Experiments/IDs/05-WMC/MU/MUsbj060.csv","test","0","3","60","379453","381061"
"MU.osexp","C:\Users\Public\Experiments\IDs\05-WMC\MU","Tr5_test3.png","9","382597","C:/Users/Public/Experiments/IDs/05-WMC/MU/MUsbj060.csv","test","0","3","60","382167","382598"
"MU.osexp","C:\Users\Public\Experiments\IDs\05-WMC\MU","wait.png","9","382597","C:/Users/Public/Experiments/IDs/05-WMC/MU/MUsbj060.csv","wait","5000","4","60","383697","382598"
"MU.osexp","C:\Users\Public\Experiments\IDs\05-WMC\MU","fixation.png","9","382597","C:/Users/Public/Experiments/IDs/05-WMC/MU/MUsbj060.csv","fix","1500","4","60","388823","382598"
"MU.osexp","C:\Users\Public\Experiments\IDs\05-WMC\MU","Tr6_study1.png","9","382597","C:/Users/Public/Experiments/IDs/05-WMC/MU/MUsbj060.csv","study","1000","4","60","390451","391453"
"MU.osexp","C:\Users\Public\Experiments\IDs\05-WMC\MU","Tr6_study2.png","9","382597","C:/Users/Public/Experiments/IDs/05-WMC/MU/MUsbj060.csv","study","1000","4","60","391833","392835"
"MU.osexp","C:\Users\Public\Experiments\IDs\05-WMC\MU","Tr6_study3.png","9","382597","C:/Users/Public/Experiments/IDs/05-WMC/MU/MUsbj060.csv","study","1000","4","60","393220","394222"
"MU.osexp","C:\Users\Public\Experiments\IDs\05-WMC\MU","Tr6_study4.png","9","382597","C:/Users/Public/Experiments/IDs/05-WMC/MU/MUsbj060.csv","study","1000","4","60","394611","395613"
"MU.osexp","C:\Users\Public\Experiments\IDs\05-WMC\MU","Tr6_update1.png","9","382597","C:/Users/Public/Experiments/IDs/05-WMC/MU/MUsbj060.csv","update","1300","4","60","396007","397309"
"MU.osexp","C:\Users\Public\Experiments\IDs\05-WMC\MU","Tr6_update2.png","9","382597","C:/Users/Public/Experiments/IDs/05-WMC/MU/MUsbj060.csv","update","1300","4","60","397668","398971"
"MU.osexp","C:\Users\Public\Experiments\IDs\05-WMC\MU","Tr6_update3.png","9","382597","C:/Users/Public/Experiments/IDs/05-WMC/MU/MUsbj060.csv","update","1300","4","60","399335","400637"
"MU.osexp","C:\Users\Public\Experiments\IDs\05-WMC\MU","Tr6_update4.png","9","382597","C:/Users/Public/Experiments/IDs/05-WMC/MU/MUsbj060.csv","update","1300","4","60","400984","402286"
"MU.osexp","C:\Users\Public\Experiments\IDs\05-WMC\MU","Tr6_update5.png","9","382597","C:/Users/Public/Experiments/IDs/05-WMC/MU/MUsbj060.csv","update","1300","4","60","402674","403976"
"MU.osexp","C:\Users\Public\Experiments\IDs\05-WMC\MU","Tr6_test1.png","6","408708","C:/Users/Public/Experiments/IDs/05-WMC/MU/MUsbj060.csv","test","0","4","60","404339","408709"
"MU.osexp","C:\Users\Public\Experiments\IDs\05-WMC\MU","Tr6_test2.png","1","410676","C:/Users/Public/Experiments/IDs/05-WMC/MU/MUsbj060.csv","test","0","4","60","409827","410677"
"MU.osexp","C:\Users\Public\Experiments\IDs\05-WMC\MU","Tr6_test3.png","6","414420","C:/Users/Public/Experiments/IDs/05-WMC/MU/MUsbj060.csv","test","0","4","60","411754","414421"
"MU.osexp","C:\Users\Public\Experiments\IDs\05-WMC\MU","Tr6_test4.png","4","416405","C:/Users/Public/Experiments/IDs/05-WMC/MU/MUsbj060.csv","test","0","4","60","415547","416406"
"MU.osexp","C:\Users\Public\Experiments\IDs\05-WMC\MU","wait.png","4","416405","C:/Users/Public/Experiments/IDs/05-WMC/MU/MUsbj060.csv","wait","5000","5","60","417594","416406"
"MU.osexp","C:\Users\Public\Experiments\IDs\05-WMC\MU","fixation.png","4","416405","C:/Users/Public/Experiments/IDs/05-WMC/MU/MUsbj060.csv","fix","1500","5","60","422818","416406"
"MU.osexp","C:\Users\Public\Experiments\IDs\05-WMC\MU","Tr7_study1.png","4","416405","C:/Users/Public/Experiments/IDs/05-WMC/MU/MUsbj060.csv","study","1000","5","60","424455","425456"
"MU.osexp","C:\Users\Public\Experiments\IDs\05-WMC\MU","Tr7_study2.png","4","416405","C:/Users/Public/Experiments/IDs/05-WMC/MU/MUsbj060.csv","study","1000","5","60","425818","426820"
"MU.osexp","C:\Users\Public\Experiments\IDs\05-WMC\MU","Tr7_study3.png","4","416405","C:/Users/Public/Experiments/IDs/05-WMC/MU/MUsbj060.csv","study","1000","5","60","427176","428176"
"MU.osexp","C:\Users\Public\Experiments\IDs\05-WMC\MU","Tr7_study4.png","4","416405","C:/Users/Public/Experiments/IDs/05-WMC/MU/MUsbj060.csv","study","1000","5","60","428545","429547"
"MU.osexp","C:\Users\Public\Experiments\IDs\05-WMC\MU","Tr7_study5.png","4","416405","C:/Users/Public/Experiments/IDs/05-WMC/MU/MUsbj060.csv","study","1000","5","60","429920","430922"
"MU.osexp","C:\Users\Public\Experiments\IDs\05-WMC\MU","Tr7_update1.png","4","416405","C:/Users/Public/Experiments/IDs/05-WMC/MU/MUsbj060.csv","update","1300","5","60","431270","432572"
"MU.osexp","C:\Users\Public\Experiments\IDs\05-WMC\MU","Tr7_update2.png","4","416405","C:/Users/Public/Experiments/IDs/05-WMC/MU/MUsbj060.csv","update","1300","5","60","432987","434289"
"MU.osexp","C:\Users\Public\Experiments\IDs\05-WMC\MU","Tr7_update3.png","4","416405","C:/Users/Public/Experiments/IDs/05-WMC/MU/MUsbj060.csv","update","1300","5","60","434620","435922"
"MU.osexp","C:\Users\Public\Experiments\IDs\05-WMC\MU","Tr7_update4.png","4","416405","C:/Users/Public/Experiments/IDs/05-WMC/MU/MUsbj060.csv","update","1300","5","60","436280","437582"
"MU.osexp","C:\Users\Public\Experiments\IDs\05-WMC\MU","Tr7_update5.png","4","416405","C:/Users/Public/Experiments/IDs/05-WMC/MU/MUsbj060.csv","update","1300","5","60","437942","439244"
"MU.osexp","C:\Users\Public\Experiments\IDs\05-WMC\MU","Tr7_test1.png","5","444636","C:/Users/Public/Experiments/IDs/05-WMC/MU/MUsbj060.csv","test","0","5","60","439627","444637"
"MU.osexp","C:\Users\Public\Experiments\IDs\05-WMC\MU","Tr7_test2.png","6","447820","C:/Users/Public/Experiments/IDs/05-WMC/MU/MUsbj060.csv","test","0","5","60","445740","447821"
"MU.osexp","C:\Users\Public\Experiments\IDs\05-WMC\MU","Tr7_test3.png","1","449996","C:/Users/Public/Experiments/IDs/05-WMC/MU/MUsbj060.csv","test","0","5","60","448923","449997"
"MU.osexp","C:\Users\Public\Experiments\IDs\05-WMC\MU","Tr7_test4.png","4","453845","C:/Users/Public/Experiments/IDs/05-WMC/MU/MUsbj060.csv","test","0","5","60","451106","453846"
"MU.osexp","C:\Users\Public\Experiments\IDs\05-WMC\MU","Tr7_test5.png","1","455509","C:/Users/Public/Experiments/IDs/05-WMC/MU/MUsbj060.csv","test","0","5","60","455041","455510"
"MU.osexp","C:\Users\Public\Experiments\IDs\05-WMC\MU","wait.png","1","455509","C:/Users/Public/Experiments/IDs/05-WMC/MU/MUsbj060.csv","wait","5000","4","60","456633","455510"
"MU.osexp","C:\Users\Public\Experiments\IDs\05-WMC\MU","fixation.png","1","455509","C:/Users/Public/Experiments/IDs/05-WMC/MU/MUsbj060.csv","fix","1500","4","60","461733","455510"
"MU.osexp","C:\Users\Public\Experiments\IDs\05-WMC\MU","Tr8_study1.png","1","455509","C:/Users/Public/Experiments/IDs/05-WMC/MU/MUsbj060.csv","study","1000","4","60","463324","464325"
"MU.osexp","C:\Users\Public\Experiments\IDs\05-WMC\MU","Tr8_study2.png","1","455509","C:/Users/Public/Experiments/IDs/05-WMC/MU/MUsbj060.csv","study","1000","4","60","464671","465673"
"MU.osexp","C:\Users\Public\Experiments\IDs\05-WMC\MU","Tr8_study3.png","1","455509","C:/Users/Public/Experiments/IDs/05-WMC/MU/MUsbj060.csv","study","1000","4","60","466042","467043"
"MU.osexp","C:\Users\Public\Experiments\IDs\05-WMC\MU","Tr8_study4.png","1","455509","C:/Users/Public/Experiments/IDs/05-WMC/MU/MUsbj060.csv","study","1000","4","60","467389","468391"
"MU.osexp","C:\Users\Public\Experiments\IDs\05-WMC\MU","Tr8_update1.png","1","455509","C:/Users/Public/Experiments/IDs/05-WMC/MU/MUsbj060.csv","update","1300","4","60","468738","470040"
"MU.osexp","C:\Users\Public\Experiments\IDs\05-WMC\MU","Tr8_update2.png","1","455509","C:/Users/Public/Experiments/IDs/05-WMC/MU/MUsbj060.csv","update","1300","4","60","470365","471667"
"MU.osexp","C:\Users\Public\Experiments\IDs\05-WMC\MU","Tr8_update3.png","1","455509","C:/Users/Public/Experiments/IDs/05-WMC/MU/MUsbj060.csv","update","1300","4","60","472035","473336"
"MU.osexp","C:\Users\Public\Experiments\IDs\05-WMC\MU","Tr8_test1.png","5","477644","C:/Users/Public/Experiments/IDs/05-WMC/MU/MUsbj060.csv","test","0","4","60","473668","477645"
"MU.osexp","C:\Users\Public\Experiments\IDs\05-WMC\MU","Tr8_test2.png","1","480284","C:/Users/Public/Experiments/IDs/05-WMC/MU/MUsbj060.csv","test","0","4","60","478877","480285"
"MU.osexp","C:\Users\Public\Experiments\IDs\05-WMC\MU","Tr8_test3.png","9","484260","C:/Users/Public/Experiments/IDs/05-WMC/MU/MUsbj060.csv","test","0","4","60","481384","484261"
"MU.osexp","C:\Users\Public\Experiments\IDs\05-WMC\MU","Tr8_test4.png","2","488541","C:/Users/Public/Experiments/IDs/05-WMC/MU/MUsbj060.csv","test","0","4","60","485349","488542"
"MU.osexp","C:\Users\Public\Experiments\IDs\05-WMC\MU","wait.png","2","488541","C:/Users/Public/Experiments/IDs/05-WMC/MU/MUsbj060.csv","wait","5000","5","60","489652","488542"
"MU.osexp","C:\Users\Public\Experiments\IDs\05-WMC\MU","fixation.png","2","488541","C:/Users/Public/Experiments/IDs/05-WMC/MU/MUsbj060.csv","fix","1500","5","60","494761","488542"
"MU.osexp","C:\Users\Public\Experiments\IDs\05-WMC\MU","Tr9_study1.png","2","488541","C:/Users/Public/Experiments/IDs/05-WMC/MU/MUsbj060.csv","study","1000","5","60","496360","497361"
"MU.osexp","C:\Users\Public\Experiments\IDs\05-WMC\MU","Tr9_study2.png","2","488541","C:/Users/Public/Experiments/IDs/05-WMC/MU/MUsbj060.csv","study","1000","5","60","497726","498728"
"MU.osexp","C:\Users\Public\Experiments\IDs\05-WMC\MU","Tr9_study3.png","2","488541","C:/Users/Public/Experiments/IDs/05-WMC/MU/MUsbj060.csv","study","1000","5","60","499058","500059"
"MU.osexp","C:\Users\Public\Experiments\IDs\05-WMC\MU","Tr9_study4.png","2","488541","C:/Users/Public/Experiments/IDs/05-WMC/MU/MUsbj060.csv","study","1000","5","60","500409","501412"
"MU.osexp","C:\Users\Public\Experiments\IDs\05-WMC\MU","Tr9_study5.png","2","488541","C:/Users/Public/Experiments/IDs/05-WMC/MU/MUsbj060.csv","study","1000","5","60","501795","502797"
"MU.osexp","C:\Users\Public\Experiments\IDs\05-WMC\MU","Tr9_update1.png","2","488541","C:/Users/Public/Experiments/IDs/05-WMC/MU/MUsbj060.csv","update","1300","5","60","503148","504450"
"MU.osexp","C:\Users\Public\Experiments\IDs\05-WMC\MU","Tr9_update2.png","2","488541","C:/Users/Public/Experiments/IDs/05-WMC/MU/MUsbj060.csv","update","1300","5","60","504803","506105"
"MU.osexp","C:\Users\Public\Experiments\IDs\05-WMC\MU","Tr9_test1.png","4","511101","C:/Users/Public/Experiments/IDs/05-WMC/MU/MUsbj060.csv","test","0","5","60","506445","511101"
"MU.osexp","C:\Users\Public\Experiments\IDs\05-WMC\MU","Tr9_test2.png","1","514644","C:/Users/Public/Experiments/IDs/05-WMC/MU/MUsbj060.csv","test","0","5","60","512337","514645"
"MU.osexp","C:\Users\Public\Experiments\IDs\05-WMC\MU","Tr9_test3.png","2","516836","C:/Users/Public/Experiments/IDs/05-WMC/MU/MUsbj060.csv","test","0","5","60","515751","516837"
"MU.osexp","C:\Users\Public\Experiments\IDs\05-WMC\MU","Tr9_test4.png","5","518764","C:/Users/Public/Experiments/IDs/05-WMC/MU/MUsbj060.csv","test","0","5","60","517927","518765"
"MU.osexp","C:\Users\Public\Experiments\IDs\05-WMC\MU","Tr9_test5.png","6","524293","C:/Users/Public/Experiments/IDs/05-WMC/MU/MUsbj060.csv","test","0","5","60","519855","524294"
"MU.osexp","C:\Users\Public\Experiments\IDs\05-WMC\MU","wait.png","6","524293","C:/Users/Public/Experiments/IDs/05-WMC/MU/MUsbj060.csv","wait","5000","3","60","525397","524294"
"MU.osexp","C:\Users\Public\Experiments\IDs\05-WMC\MU","fixation.png","6","524293","C:/Users/Public/Experiments/IDs/05-WMC/MU/MUsbj060.csv","fix","1500","3","60","530498","524294"
"MU.osexp","C:\Users\Public\Experiments\IDs\05-WMC\MU","Tr10_study1.png","6","524293","C:/Users/Public/Experiments/IDs/05-WMC/MU/MUsbj060.csv","study","1000","3","60","532117","533119"
"MU.osexp","C:\Users\Public\Experiments\IDs\05-WMC\MU","Tr10_study2.png","6","524293","C:/Users/Public/Experiments/IDs/05-WMC/MU/MUsbj060.csv","study","1000","3","60","533464","534466"
"MU.osexp","C:\Users\Public\Experiments\IDs\05-WMC\MU","Tr10_study3.png","6","524293","C:/Users/Public/Experiments/IDs/05-WMC/MU/MUsbj060.csv","study","1000","3","60","534822","535822"
"MU.osexp","C:\Users\Public\Experiments\IDs\05-WMC\MU","Tr10_update1.png","6","524293","C:/Users/Public/Experiments/IDs/05-WMC/MU/MUsbj060.csv","update","1300","3","60","536150","537452"
"MU.osexp","C:\Users\Public\Experiments\IDs\05-WMC\MU","Tr10_update2.png","6","524293","C:/Users/Public/Experiments/IDs/05-WMC/MU/MUsbj060.csv","update","1300","3","60","537817","539119"
"MU.osexp","C:\Users\Public\Experiments\IDs\05-WMC\MU","Tr10_test1.png","5","541949","C:/Users/Public/Experiments/IDs/05-WMC/MU/MUsbj060.csv","test","0","3","60","539463","541950"
"MU.osexp","C:\Users\Public\Experiments\IDs\05-WMC\MU","Tr10_test2.png","2","547277","C:/Users/Public/Experiments/IDs/05-WMC/MU/MUsbj060.csv","test","0","3","60","543054","547277"
"MU.osexp","C:\Users\Public\Experiments\IDs\05-WMC\MU","Tr10_test3.png","5","549044","C:/Users/Public/Experiments/IDs/05-WMC/MU/MUsbj060.csv","test","0","3","60","548373","549045"
"MU.osexp","C:\Users\Public\Experiments\IDs\05-WMC\MU","wait.png","5","549044","C:/Users/Public/Experiments/IDs/05-WMC/MU/MUsbj060.csv","wait","5000","5","60","550158","549045"
"MU.osexp","C:\Users\Public\Experiments\IDs\05-WMC\MU","fixation.png","5","549044","C:/Users/Public/Experiments/IDs/05-WMC/MU/MUsbj060.csv","fix","1500","5","60","555265","549045"
"MU.osexp","C:\Users\Public\Experiments\IDs\05-WMC\MU","Tr11_study1.png","5","549044","C:/Users/Public/Experiments/IDs/05-WMC/MU/MUsbj060.csv","study","1000","5","60","556912","557913"
"MU.osexp","C:\Users\Public\Experiments\IDs\05-WMC\MU","Tr11_study2.png","5","549044","C:/Users/Public/Experiments/IDs/05-WMC/MU/MUsbj060.csv","study","1000","5","60","558268","559270"
"MU.osexp","C:\Users\Public\Experiments\IDs\05-WMC\MU","Tr11_study3.png","5","549044","C:/Users/Public/Experiments/IDs/05-WMC/MU/MUsbj060.csv","study","1000","5","60","559600","560602"
"MU.osexp","C:\Users\Public\Experiments\IDs\05-WMC\MU","Tr11_study4.png","5","549044","C:/Users/Public/Experiments/IDs/05-WMC/MU/MUsbj060.csv","study","1000","5","60","560946","561948"
"MU.osexp","C:\Users\Public\Experiments\IDs\05-WMC\MU","Tr11_study5.png","5","549044","C:/Users/Public/Experiments/IDs/05-WMC/MU/MUsbj060.csv","study","1000","5","60","562307","563310"
"MU.osexp","C:\Users\Public\Experiments\IDs\05-WMC\MU","Tr11_update1.png","5","549044","C:/Users/Public/Experiments/IDs/05-WMC/MU/MUsbj060.csv","update","1300","5","60","563686","564988"
"MU.osexp","C:\Users\Public\Experiments\IDs\05-WMC\MU","Tr11_update2.png","5","549044","C:/Users/Public/Experiments/IDs/05-WMC/MU/MUsbj060.csv","update","1300","5","60","565369","566671"
"MU.osexp","C:\Users\Public\Experiments\IDs\05-WMC\MU","Tr11_update3.png","5","549044","C:/Users/Public/Experiments/IDs/05-WMC/MU/MUsbj060.csv","update","1300","5","60","567018","568320"
"MU.osexp","C:\Users\Public\Experiments\IDs\05-WMC\MU","Tr11_test1.png","1","570028","C:/Users/Public/Experiments/IDs/05-WMC/MU/MUsbj060.csv","test","0","5","60","568696","570029"
"MU.osexp","C:\Users\Public\Experiments\IDs\05-WMC\MU","Tr11_test2.png","6","574125","C:/Users/Public/Experiments/IDs/05-WMC/MU/MUsbj060.csv","test","0","5","60","571144","574126"
"MU.osexp","C:\Users\Public\Experiments\IDs\05-WMC\MU","Tr11_test3.png","1","578845","C:/Users/Public/Experiments/IDs/05-WMC/MU/MUsbj060.csv","test","0","5","60","575247","578846"
"MU.osexp","C:\Users\Public\Experiments\IDs\05-WMC\MU","Tr11_test4.png","6","581797","C:/Users/Public/Experiments/IDs/05-WMC/MU/MUsbj060.csv","test","0","5","60","580077","581798"
"MU.osexp","C:\Users\Public\Experiments\IDs\05-WMC\MU","Tr11_test5.png","5","585876","C:/Users/Public/Experiments/IDs/05-WMC/MU/MUsbj060.csv","test","0","5","60","582903","585877"
"MU.osexp","C:\Users\Public\Experiments\IDs\05-WMC\MU","wait.png","5","585876","C:/Users/Public/Experiments/IDs/05-WMC/MU/MUsbj060.csv","wait","5000","3","60","586979","585877"
"MU.osexp","C:\Users\Public\Experiments\IDs\05-WMC\MU","fixation.png","5","585876","C:/Users/Public/Experiments/IDs/05-WMC/MU/MUsbj060.csv","fix","1500","3","60","592079","585877"
"MU.osexp","C:\Users\Public\Experiments\IDs\05-WMC\MU","Tr12_study1.png","5","585876","C:/Users/Public/Experiments/IDs/05-WMC/MU/MUsbj060.csv","study","1000","3","60","593696","594697"
"MU.osexp","C:\Users\Public\Experiments\IDs\05-WMC\MU","Tr12_study2.png","5","585876","C:/Users/Public/Experiments/IDs/05-WMC/MU/MUsbj060.csv","study","1000","3","60","595048","596050"
"MU.osexp","C:\Users\Public\Experiments\IDs\05-WMC\MU","Tr12_study3.png","5","585876","C:/Users/Public/Experiments/IDs/05-WMC/MU/MUsbj060.csv","study","1000","3","60","596399","597400"
"MU.osexp","C:\Users\Public\Experiments\IDs\05-WMC\MU","Tr12_update1.png","5","585876","C:/Users/Public/Experiments/IDs/05-WMC/MU/MUsbj060.csv","update","1300","3","60","597775","599077"
"MU.osexp","C:\Users\Public\Experiments\IDs\05-WMC\MU","Tr12_update2.png","5","585876","C:/Users/Public/Experiments/IDs/05-WMC/MU/MUsbj060.csv","update","1300","3","60","599453","600755"
"MU.osexp","C:\Users\Public\Experiments\IDs\05-WMC\MU","Tr12_update3.png","5","585876","C:/Users/Public/Experiments/IDs/05-WMC/MU/MUsbj060.csv","update","1300","3","60","601116","602418"
"MU.osexp","C:\Users\Public\Experiments\IDs\05-WMC\MU","Tr12_update4.png","5","585876","C:/Users/Public/Experiments/IDs/05-WMC/MU/MUsbj060.csv","update","1300","3","60","602838","604140"
"MU.osexp","C:\Users\Public\Experiments\IDs\05-WMC\MU","Tr12_update5.png","5","585876","C:/Users/Public/Experiments/IDs/05-WMC/MU/MUsbj060.csv","update","1300","3","60","604494","605795"
"MU.osexp","C:\Users\Public\Experiments\IDs\05-WMC\MU","Tr12_test1.png","5","608284","C:/Users/Public/Experiments/IDs/05-WMC/MU/MUsbj060.csv","test","0","3","60","606147","608285"
"MU.osexp","C:\Users\Public\Experiments\IDs\05-WMC\MU","Tr12_test2.png","1","610461","C:/Users/Public/Experiments/IDs/05-WMC/MU/MUsbj060.csv","test","0","3","60","609385","610462"
"MU.osexp","C:\Users\Public\Experiments\IDs\05-WMC\MU","Tr12_test3.png","6","612341","C:/Users/Public/Experiments/IDs/05-WMC/MU/MUsbj060.csv","test","0","3","60","611557","612342"
"MU.osexp","C:\Users\Public\Experiments\IDs\05-WMC\MU","wait.png","6","612341","C:/Users/Public/Experiments/IDs/05-WMC/MU/MUsbj060.csv","wait","5000","3","60","613464","612342"
"MU.osexp","C:\Users\Public\Experiments\IDs\05-WMC\MU","fixation.png","6","612341","C:/Users/Public/Experiments/IDs/05-WMC/MU/MUsbj060.csv","fix","1500","3","60","618567","612342"
"MU.osexp","C:\Users\Public\Experiments\IDs\05-WMC\MU","Tr13_study1.png","6","612341","C:/Users/Public/Experiments/IDs/05-WMC/MU/MUsbj060.csv","study","1000","3","60","620175","621175"
"MU.osexp","C:\Users\Public\Experiments\IDs\05-WMC\MU","Tr13_study2.png","6","612341","C:/Users/Public/Experiments/IDs/05-WMC/MU/MUsbj060.csv","study","1000","3","60","621514","622516"
"MU.osexp","C:\Users\Public\Experiments\IDs\05-WMC\MU","Tr13_study3.png","6","612341","C:/Users/Public/Experiments/IDs/05-WMC/MU/MUsbj060.csv","study","1000","3","60","622910","623911"
"MU.osexp","C:\Users\Public\Experiments\IDs\05-WMC\MU","Tr13_update1.png","6","612341","C:/Users/Public/Experiments/IDs/05-WMC/MU/MUsbj060.csv","update","1300","3","60","624261","625563"
"MU.osexp","C:\Users\Public\Experiments\IDs\05-WMC\MU","Tr13_update2.png","6","612341","C:/Users/Public/Experiments/IDs/05-WMC/MU/MUsbj060.csv","update","1300","3","60","625895","627197"
"MU.osexp","C:\Users\Public\Experiments\IDs\05-WMC\MU","Tr13_update3.png","6","612341","C:/Users/Public/Experiments/IDs/05-WMC/MU/MUsbj060.csv","update","1300","3","60","627568","628870"
"MU.osexp","C:\Users\Public\Experiments\IDs\05-WMC\MU","Tr13_update4.png","6","612341","C:/Users/Public/Experiments/IDs/05-WMC/MU/MUsbj060.csv","update","1300","3","60","629221","630523"
"MU.osexp","C:\Users\Public\Experiments\IDs\05-WMC\MU","Tr13_test1.png","3","632661","C:/Users/Public/Experiments/IDs/05-WMC/MU/MUsbj060.csv","test","0","3","60","630885","632662"
"MU.osexp","C:\Users\Public\Experiments\IDs\05-WMC\MU","Tr13_test2.png","1","634645","C:/Users/Public/Experiments/IDs/05-WMC/MU/MUsbj060.csv","test","0","3","60","633754","634645"
"MU.osexp","C:\Users\Public\Experiments\IDs\05-WMC\MU","Tr13_test3.png","5","636428","C:/Users/Public/Experiments/IDs/05-WMC/MU/MUsbj060.csv","test","0","3","60","635737","636429"
"MU.osexp","C:\Users\Public\Experiments\IDs\05-WMC\MU","wait.png","5","636428","C:/Users/Public/Experiments/IDs/05-WMC/MU/MUsbj060.csv","wait","5000","5","60","637533","636429"
"MU.osexp","C:\Users\Public\Experiments\IDs\05-WMC\MU","fixation.png","5","636428","C:/Users/Public/Experiments/IDs/05-WMC/MU/MUsbj060.csv","fix","1500","5","60","642627","636429"
"MU.osexp","C:\Users\Public\Experiments\IDs\05-WMC\MU","Tr14_study1.png","5","636428","C:/Users/Public/Experiments/IDs/05-WMC/MU/MUsbj060.csv","study","1000","5","60","644217","645218"
"MU.osexp","C:\Users\Public\Experiments\IDs\05-WMC\MU","Tr14_study2.png","5","636428","C:/Users/Public/Experiments/IDs/05-WMC/MU/MUsbj060.csv","study","1000","5","60","645589","646591"
"MU.osexp","C:\Users\Public\Experiments\IDs\05-WMC\MU","Tr14_study3.png","5","636428","C:/Users/Public/Experiments/IDs/05-WMC/MU/MUsbj060.csv","study","1000","5","60","646932","647933"
"MU.osexp","C:\Users\Public\Experiments\IDs\05-WMC\MU","Tr14_study4.png","5","636428","C:/Users/Public/Experiments/IDs/05-WMC/MU/MUsbj060.csv","study","1000","5","60","648268","649270"
"MU.osexp","C:\Users\Public\Experiments\IDs\05-WMC\MU","Tr14_study5.png","5","636428","C:/Users/Public/Experiments/IDs/05-WMC/MU/MUsbj060.csv","study","1000","5","60","649632","650633"
"MU.osexp","C:\Users\Public\Experiments\IDs\05-WMC\MU","Tr14_update1.png","5","636428","C:/Users/Public/Experiments/IDs/05-WMC/MU/MUsbj060.csv","update","1300","5","60","650983","652285"
"MU.osexp","C:\Users\Public\Experiments\IDs\05-WMC\MU","Tr14_update2.png","5","636428","C:/Users/Public/Experiments/IDs/05-WMC/MU/MUsbj060.csv","update","1300","5","60","652638","653940"
"MU.osexp","C:\Users\Public\Experiments\IDs\05-WMC\MU","Tr14_update3.png","5","636428","C:/Users/Public/Experiments/IDs/05-WMC/MU/MUsbj060.csv","update","1300","5","60","654281","655583"
"MU.osexp","C:\Users\Public\Experiments\IDs\05-WMC\MU","Tr14_update4.png","5","636428","C:/Users/Public/Experiments/IDs/05-WMC/MU/MUsbj060.csv","update","1300","5","60","655950","657252"
"MU.osexp","C:\Users\Public\Experiments\IDs\05-WMC\MU","Tr14_test1.png","8","661733","C:/Users/Public/Experiments/IDs/05-WMC/MU/MUsbj060.csv","test","0","5","60","657599","661734"
"MU.osexp","C:\Users\Public\Experiments\IDs\05-WMC\MU","Tr14_test2.png","7","663861","C:/Users/Public/Experiments/IDs/05-WMC/MU/MUsbj060.csv","test","0","5","60","662855","663862"
"MU.osexp","C:\Users\Public\Experiments\IDs\05-WMC\MU","Tr14_test3.png","3","666285","C:/Users/Public/Experiments/IDs/05-WMC/MU/MUsbj060.csv","test","0","5","60","664983","666286"
"MU.osexp","C:\Users\Public\Experiments\IDs\05-WMC\MU","Tr14_test4.png","5","668981","C:/Users/Public/Experiments/IDs/05-WMC/MU/MUsbj060.csv","test","0","5","60","667390","668981"
"MU.osexp","C:\Users\Public\Experiments\IDs\05-WMC\MU","Tr14_test5.png","2","671013","C:/Users/Public/Experiments/IDs/05-WMC/MU/MUsbj060.csv","test","0","5","60","670084","671013"
"MU.osexp","C:\Users\Public\Experiments\IDs\05-WMC\MU","wait.png","2","671013","C:/Users/Public/Experiments/IDs/05-WMC/MU/MUsbj060.csv","wait","5000","4","60","672122","671013"
"MU.osexp","C:\Users\Public\Experiments\IDs\05-WMC\MU","fixation.png","2","671013","C:/Users/Public/Experiments/IDs/05-WMC/MU/MUsbj060.csv","fix","1500","4","60","677247","671013"
"MU.osexp","C:\Users\Public\Experiments\IDs\05-WMC\MU","Tr15_study1.png","2","671013","C:/Users/Public/Experiments/IDs/05-WMC/MU/MUsbj060.csv","study","1000","4","60","678841","679842"
"MU.osexp","C:\Users\Public\Experiments\IDs\05-WMC\MU","Tr15_study2.png","2","671013","C:/Users/Public/Experiments/IDs/05-WMC/MU/MUsbj060.csv","study","1000","4","60","680208","681210"
"MU.osexp","C:\Users\Public\Experiments\IDs\05-WMC\MU","Tr15_study3.png","2","671013","C:/Users/Public/Experiments/IDs/05-WMC/MU/MUsbj060.csv","study","1000","4","60","681551","682552"
"MU.osexp","C:\Users\Public\Experiments\IDs\05-WMC\MU","Tr15_study4.png","2","671013","C:/Users/Public/Experiments/IDs/05-WMC/MU/MUsbj060.csv","study","1000","4","60","682917","683919"
"MU.osexp","C:\Users\Public\Experiments\IDs\05-WMC\MU","Tr15_update1.png","2","671013","C:/Users/Public/Experiments/IDs/05-WMC/MU/MUsbj060.csv","update","1300","4","60","684312","685614"
"MU.osexp","C:\Users\Public\Experiments\IDs\05-WMC\MU","Tr15_update2.png","2","671013","C:/Users/Public/Experiments/IDs/05-WMC/MU/MUsbj060.csv","update","1300","4","60","686028","687330"
"MU.osexp","C:\Users\Public\Experiments\IDs\05-WMC\MU","Tr15_update3.png","2","671013","C:/Users/Public/Experiments/IDs/05-WMC/MU/MUsbj060.csv","update","1300","4","60","687682","688984"
"MU.osexp","C:\Users\Public\Experiments\IDs\05-WMC\MU","Tr15_update4.png","2","671013","C:/Users/Public/Experiments/IDs/05-WMC/MU/MUsbj060.csv","update","1300","4","60","689325","690627"
"MU.osexp","C:\Users\Public\Experiments\IDs\05-WMC\MU","Tr15_update5.png","2","671013","C:/Users/Public/Experiments/IDs/05-WMC/MU/MUsbj060.csv","update","1300","4","60","690982","692284"
"MU.osexp","C:\Users\Public\Experiments\IDs\05-WMC\MU","Tr15_update6.png","2","671013","C:/Users/Public/Experiments/IDs/05-WMC/MU/MUsbj060.csv","update","1300","4","60","692665","693967"
"MU.osexp","C:\Users\Public\Experiments\IDs\05-WMC\MU","Tr15_test1.png","9","695925","C:/Users/Public/Experiments/IDs/05-WMC/MU/MUsbj060.csv","test","0","4","60","694312","695926"
"MU.osexp","C:\Users\Public\Experiments\IDs\05-WMC\MU","Tr15_test2.png","6","699197","C:/Users/Public/Experiments/IDs/05-WMC/MU/MUsbj060.csv","test","0","4","60","697036","699198"
"MU.osexp","C:\Users\Public\Experiments\IDs\05-WMC\MU","Tr15_test3.png","9","702061","C:/Users/Public/Experiments/IDs/05-WMC/MU/MUsbj060.csv","test","0","4","60","700335","702062"
"MU.osexp","C:\Users\Public\Experiments\IDs\05-WMC\MU","Tr15_test4.png","4","704037","C:/Users/Public/Experiments/IDs/05-WMC/MU/MUsbj060.csv","test","0","4","60","703169","704037"
"MU.osexp","C:\Users\Public\Experiments\IDs\05-WMC\MU","wait.png","4","704037","C:/Users/Public/Experiments/IDs/05-WMC/MU/MUsbj060.csv","wait","5000","4","60","705123","704037"
"MU.osexp","C:\Users\Public\Experiments\IDs\05-WMC\MU","fixation.png","4","704037","C:/Users/Public/Experiments/IDs/05-WMC/MU/MUsbj060.csv","fix","1500","4","60","710224","704037"
"MU.osexp","C:\Users\Public\Experiments\IDs\05-WMC\MU","Tr16_study1.png","4","704037","C:/Users/Public/Experiments/IDs/05-WMC/MU/MUsbj060.csv","study","1000","4","60","711846","712848"
"MU.osexp","C:\Users\Public\Experiments\IDs\05-WMC\MU","Tr16_study2.png","4","704037","C:/Users/Public/Experiments/IDs/05-WMC/MU/MUsbj060.csv","study","1000","4","60","713219","714221"
"MU.osexp","C:\Users\Public\Experiments\IDs\05-WMC\MU","Tr16_study3.png","4","704037","C:/Users/Public/Experiments/IDs/05-WMC/MU/MUsbj060.csv","study","1000","4","60","714686","715688"
"MU.osexp","C:\Users\Public\Experiments\IDs\05-WMC\MU","Tr16_study4.png","4","704037","C:/Users/Public/Experiments/IDs/05-WMC/MU/MUsbj060.csv","study","1000","4","60","716039","717041"
"MU.osexp","C:\Users\Public\Experiments\IDs\05-WMC\MU","Tr16_update1.png","4","704037","C:/Users/Public/Experiments/IDs/05-WMC/MU/MUsbj060.csv","update","1300","4","60","717412","718714"
"MU.osexp","C:\Users\Public\Experiments\IDs\05-WMC\MU","Tr16_update2.png","4","704037","C:/Users/Public/Experiments/IDs/05-WMC/MU/MUsbj060.csv","update","1300","4","60","719070","720372"
"MU.osexp","C:\Users\Public\Experiments\IDs\05-WMC\MU","Tr16_test1.png","9","728076","C:/Users/Public/Experiments/IDs/05-WMC/MU/MUsbj060.csv","test","0","4","60","720731","728077"
"MU.osexp","C:\Users\Public\Experiments\IDs\05-WMC\MU","Tr16_test2.png","6","732021","C:/Users/Public/Experiments/IDs/05-WMC/MU/MUsbj060.csv","test","0","4","60","729182","732022"
"MU.osexp","C:\Users\Public\Experiments\IDs\05-WMC\MU","Tr16_test3.png","8","736333","C:/Users/Public/Experiments/IDs/05-WMC/MU/MUsbj060.csv","test","0","4","60","733120","736334"
"MU.osexp","C:\Users\Public\Experiments\IDs\05-WMC\MU","Tr16_test4.png","8","739133","C:/Users/Public/Experiments/IDs/05-WMC/MU/MUsbj060.csv","test","0","4","60","737449","739134"
"MU.osexp","C:\Users\Public\Experiments\IDs\05-WMC\MU","wait.png","8","739133","C:/Users/Public/Experiments/IDs/05-WMC/MU/MUsbj060.csv","wait","5000","5","60","740309","739134"
"MU.osexp","C:\Users\Public\Experiments\IDs\05-WMC\MU","fixation.png","8","739133","C:/Users/Public/Experiments/IDs/05-WMC/MU/MUsbj060.csv","fix","1500","5","60","745419","739134"
"MU.osexp","C:\Users\Public\Experiments\IDs\05-WMC\MU","Tr17_study1.png","8","739133","C:/Users/Public/Experiments/IDs/05-WMC/MU/MUsbj060.csv","study","1000","5","60","747037","748038"
"MU.osexp","C:\Users\Public\Experiments\IDs\05-WMC\MU","Tr17_study2.png","8","739133","C:/Users/Public/Experiments/IDs/05-WMC/MU/MUsbj060.csv","study","1000","5","60","748385","749387"
"MU.osexp","C:\Users\Public\Experiments\IDs\05-WMC\MU","Tr17_study3.png","8","739133","C:/Users/Public/Experiments/IDs/05-WMC/MU/MUsbj060.csv","study","1000","5","60","749759","750760"
"MU.osexp","C:\Users\Public\Experiments\IDs\05-WMC\MU","Tr17_study4.png","8","739133","C:/Users/Public/Experiments/IDs/05-WMC/MU/MUsbj060.csv","study","1000","5","60","751130","752132"
"MU.osexp","C:\Users\Public\Experiments\IDs\05-WMC\MU","Tr17_study5.png","8","739133","C:/Users/Public/Experiments/IDs/05-WMC/MU/MUsbj060.csv","study","1000","5","60","752577","753579"
"MU.osexp","C:\Users\Public\Experiments\IDs\05-WMC\MU","Tr17_update1.png","8","739133","C:/Users/Public/Experiments/IDs/05-WMC/MU/MUsbj060.csv","update","1300","5","60","753926","755228"
"MU.osexp","C:\Users\Public\Experiments\IDs\05-WMC\MU","Tr17_update2.png","8","739133","C:/Users/Public/Experiments/IDs/05-WMC/MU/MUsbj060.csv","update","1300","5","60","755685","756987"
"MU.osexp","C:\Users\Public\Experiments\IDs\05-WMC\MU","Tr17_update3.png","8","739133","C:/Users/Public/Experiments/IDs/05-WMC/MU/MUsbj060.csv","update","1300","5","60","757361","758663"
"MU.osexp","C:\Users\Public\Experiments\IDs\05-WMC\MU","Tr17_update4.png","8","739133","C:/Users/Public/Experiments/IDs/05-WMC/MU/MUsbj060.csv","update","1300","5","60","759011","760313"
"MU.osexp","C:\Users\Public\Experiments\IDs\05-WMC\MU","Tr17_update5.png","8","739133","C:/Users/Public/Experiments/IDs/05-WMC/MU/MUsbj060.csv","update","1300","5","60","760653","761955"
"MU.osexp","C:\Users\Public\Experiments\IDs\05-WMC\MU","Tr17_update6.png","8","739133","C:/Users/Public/Experiments/IDs/05-WMC/MU/MUsbj060.csv","update","1300","5","60","762323","763625"
"MU.osexp","C:\Users\Public\Experiments\IDs\05-WMC\MU","Tr17_test1.png","6","769293","C:/Users/Public/Experiments/IDs/05-WMC/MU/MUsbj060.csv","test","0","5","60","763982","769294"
"MU.osexp","C:\Users\Public\Experiments\IDs\05-WMC\MU","Tr17_test2.png","9","772029","C:/Users/Public/Experiments/IDs/05-WMC/MU/MUsbj060.csv","test","0","5","60","770389","772030"
"MU.osexp","C:\Users\Public\Experiments\IDs\05-WMC\MU","Tr17_test3.png","4","775797","C:/Users/Public/Experiments/IDs/05-WMC/MU/MUsbj060.csv","test","0","5","60","773134","775797"
"MU.osexp","C:\Users\Public\Experiments\IDs\05-WMC\MU","Tr17_test4.png","8","777749","C:/Users/Public/Experiments/IDs/05-WMC/MU/MUsbj060.csv","test","0","5","60","776909","777749"
"MU.osexp","C:\Users\Public\Experiments\IDs\05-WMC\MU","Tr17_test5.png","1","779588","C:/Users/Public/Experiments/IDs/05-WMC/MU/MUsbj060.csv","test","0","5","60","778874","779589"
