"experiment_file","experiment_path","image","key","key_time","logfile","phase","playtime","setSize","subject_nr","timestamp","waittime"
"MU.osexp","C:\Users\Public\Experiments\IDs\05-WMC\MU","ready1.png","NA","NA","C:/Users/Public/Experiments/IDs/05-WMC/MU/MU_SM01_results/MUsbj040.csv","pre","0","3","40","103935","NA"
"MU.osexp","C:\Users\Public\Experiments\IDs\05-WMC\MU","fixation.png","NA","NA","C:/Users/Public/Experiments/IDs/05-WMC/MU/MU_SM01_results/MUsbj040.csv","fix","1500","3","40","106349","NA"
"MU.osexp","C:\Users\Public\Experiments\IDs\05-WMC\MU","Tr1_study1.png","NA","NA","C:/Users/Public/Experiments/IDs/05-WMC/MU/MU_SM01_results/MUsbj040.csv","study","1000","3","40","107960","108962"
"MU.osexp","C:\Users\Public\Experiments\IDs\05-WMC\MU","Tr1_study2.png","NA","NA","C:/Users/Public/Experiments/IDs/05-WMC/MU/MU_SM01_results/MUsbj040.csv","study","1000","3","40","109307","110309"
"MU.osexp","C:\Users\Public\Experiments\IDs\05-WMC\MU","Tr1_study3.png","NA","NA","C:/Users/Public/Experiments/IDs/05-WMC/MU/MU_SM01_results/MUsbj040.csv","study","1000","3","40","110693","111695"
"MU.osexp","C:\Users\Public\Experiments\IDs\05-WMC\MU","Tr1_update1.png","NA","NA","C:/Users/Public/Experiments/IDs/05-WMC/MU/MU_SM01_results/MUsbj040.csv","update","1300","3","40","112033","113335"
"MU.osexp","C:\Users\Public\Experiments\IDs\05-WMC\MU","Tr1_update2.png","NA","NA","C:/Users/Public/Experiments/IDs/05-WMC/MU/MU_SM01_results/MUsbj040.csv","update","1300","3","40","113685","114986"
"MU.osexp","C:\Users\Public\Experiments\IDs\05-WMC\MU","Tr1_update3.png","NA","NA","C:/Users/Public/Experiments/IDs/05-WMC/MU/MU_SM01_results/MUsbj040.csv","update","1300","3","40","115334","116636"
"MU.osexp","C:\Users\Public\Experiments\IDs\05-WMC\MU","Tr1_test1.png","9","126626","C:/Users/Public/Experiments/IDs/05-WMC/MU/MU_SM01_results/MUsbj040.csv","test","0","3","40","116966","126627"
"MU.osexp","C:\Users\Public\Experiments\IDs\05-WMC\MU","Tr1_test2.png","8","128922","C:/Users/Public/Experiments/IDs/05-WMC/MU/MU_SM01_results/MUsbj040.csv","test","0","3","40","127738","128923"
"MU.osexp","C:\Users\Public\Experiments\IDs\05-WMC\MU","Tr1_test3.png","0","131810","C:/Users/Public/Experiments/IDs/05-WMC/MU/MU_SM01_results/MUsbj040.csv","test","0","3","40","130015","131811"
"MU.osexp","C:\Users\Public\Experiments\IDs\05-WMC\MU","wait.png","0","131810","C:/Users/Public/Experiments/IDs/05-WMC/MU/MU_SM01_results/MUsbj040.csv","wait","5000","3","40","132911","131811"
"MU.osexp","C:\Users\Public\Experiments\IDs\05-WMC\MU","fixation.png","0","131810","C:/Users/Public/Experiments/IDs/05-WMC/MU/MU_SM01_results/MUsbj040.csv","fix","1500","3","40","138023","131811"
"MU.osexp","C:\Users\Public\Experiments\IDs\05-WMC\MU","Tr2_study1.png","0","131810","C:/Users/Public/Experiments/IDs/05-WMC/MU/MU_SM01_results/MUsbj040.csv","study","1000","3","40","139640","140642"
"MU.osexp","C:\Users\Public\Experiments\IDs\05-WMC\MU","Tr2_study2.png","0","131810","C:/Users/Public/Experiments/IDs/05-WMC/MU/MU_SM01_results/MUsbj040.csv","study","1000","3","40","140991","141992"
"MU.osexp","C:\Users\Public\Experiments\IDs\05-WMC\MU","Tr2_study3.png","0","131810","C:/Users/Public/Experiments/IDs/05-WMC/MU/MU_SM01_results/MUsbj040.csv","study","1000","3","40","142389","143391"
"MU.osexp","C:\Users\Public\Experiments\IDs\05-WMC\MU","Tr2_update1.png","0","131810","C:/Users/Public/Experiments/IDs/05-WMC/MU/MU_SM01_results/MUsbj040.csv","update","1300","3","40","143864","145166"
"MU.osexp","C:\Users\Public\Experiments\IDs\05-WMC\MU","Tr2_update2.png","0","131810","C:/Users/Public/Experiments/IDs/05-WMC/MU/MU_SM01_results/MUsbj040.csv","update","1300","3","40","145572","146874"
"MU.osexp","C:\Users\Public\Experiments\IDs\05-WMC\MU","Tr2_update3.png","0","131810","C:/Users/Public/Experiments/IDs/05-WMC/MU/MU_SM01_results/MUsbj040.csv","update","1300","3","40","147209","148511"
"MU.osexp","C:\Users\Public\Experiments\IDs\05-WMC\MU","Tr2_test1.png","4","150626","C:/Users/Public/Experiments/IDs/05-WMC/MU/MU_SM01_results/MUsbj040.csv","test","0","3","40","148896","150627"
"MU.osexp","C:\Users\Public\Experiments\IDs\05-WMC\MU","Tr2_test2.png","6","152882","C:/Users/Public/Experiments/IDs/05-WMC/MU/MU_SM01_results/MUsbj040.csv","test","0","3","40","151749","152883"
"MU.osexp","C:\Users\Public\Experiments\IDs\05-WMC\MU","Tr2_test3.png","0","155354","C:/Users/Public/Experiments/IDs/05-WMC/MU/MU_SM01_results/MUsbj040.csv","test","0","3","40","153998","155354"
"MU.osexp","C:\Users\Public\Experiments\IDs\05-WMC\MU","ready2.png","0","155354","C:/Users/Public/Experiments/IDs/05-WMC/MU/MU_SM01_results/MUsbj040.csv","pre","0","3","40","166700","155354"
"MU.osexp","C:\Users\Public\Experiments\IDs\05-WMC\MU","fixation.png","0","155354","C:/Users/Public/Experiments/IDs/05-WMC/MU/MU_SM01_results/MUsbj040.csv","fix","1500","3","40","169656","155354"
"MU.osexp","C:\Users\Public\Experiments\IDs\05-WMC\MU","Tr3_study1.png","0","155354","C:/Users/Public/Experiments/IDs/05-WMC/MU/MU_SM01_results/MUsbj040.csv","study","1000","3","40","171280","172282"
"MU.osexp","C:\Users\Public\Experiments\IDs\05-WMC\MU","Tr3_study2.png","0","155354","C:/Users/Public/Experiments/IDs/05-WMC/MU/MU_SM01_results/MUsbj040.csv","study","1000","3","40","172656","173658"
"MU.osexp","C:\Users\Public\Experiments\IDs\05-WMC\MU","Tr3_study3.png","0","155354","C:/Users/Public/Experiments/IDs/05-WMC/MU/MU_SM01_results/MUsbj040.csv","study","1000","3","40","174082","175084"
"MU.osexp","C:\Users\Public\Experiments\IDs\05-WMC\MU","Tr3_update1.png","0","155354","C:/Users/Public/Experiments/IDs/05-WMC/MU/MU_SM01_results/MUsbj040.csv","update","1300","3","40","175436","176738"
"MU.osexp","C:\Users\Public\Experiments\IDs\05-WMC\MU","Tr3_update2.png","0","155354","C:/Users/Public/Experiments/IDs/05-WMC/MU/MU_SM01_results/MUsbj040.csv","update","1300","3","40","177115","178417"
"MU.osexp","C:\Users\Public\Experiments\IDs\05-WMC\MU","Tr3_update3.png","0","155354","C:/Users/Public/Experiments/IDs/05-WMC/MU/MU_SM01_results/MUsbj040.csv","update","1300","3","40","178773","180075"
"MU.osexp","C:\Users\Public\Experiments\IDs\05-WMC\MU","Tr3_test1.png","9","192643","C:/Users/Public/Experiments/IDs/05-WMC/MU/MU_SM01_results/MUsbj040.csv","test","0","3","40","180443","192643"
"MU.osexp","C:\Users\Public\Experiments\IDs\05-WMC\MU","Tr3_test2.png","7","195226","C:/Users/Public/Experiments/IDs/05-WMC/MU/MU_SM01_results/MUsbj040.csv","test","0","3","40","193722","195227"
"MU.osexp","C:\Users\Public\Experiments\IDs\05-WMC\MU","Tr3_test3.png","9","196834","C:/Users/Public/Experiments/IDs/05-WMC/MU/MU_SM01_results/MUsbj040.csv","test","0","3","40","196327","196835"
"MU.osexp","C:\Users\Public\Experiments\IDs\05-WMC\MU","wait.png","9","196834","C:/Users/Public/Experiments/IDs/05-WMC/MU/MU_SM01_results/MUsbj040.csv","wait","5000","4","40","197907","196835"
"MU.osexp","C:\Users\Public\Experiments\IDs\05-WMC\MU","fixation.png","9","196834","C:/Users/Public/Experiments/IDs/05-WMC/MU/MU_SM01_results/MUsbj040.csv","fix","1500","4","40","203006","196835"
"MU.osexp","C:\Users\Public\Experiments\IDs\05-WMC\MU","Tr4_study1.png","9","196834","C:/Users/Public/Experiments/IDs/05-WMC/MU/MU_SM01_results/MUsbj040.csv","study","1000","4","40","204622","205624"
"MU.osexp","C:\Users\Public\Experiments\IDs\05-WMC\MU","Tr4_study2.png","9","196834","C:/Users/Public/Experiments/IDs/05-WMC/MU/MU_SM01_results/MUsbj040.csv","study","1000","4","40","205979","206981"
"MU.osexp","C:\Users\Public\Experiments\IDs\05-WMC\MU","Tr4_study3.png","9","196834","C:/Users/Public/Experiments/IDs/05-WMC/MU/MU_SM01_results/MUsbj040.csv","study","1000","4","40","207342","208344"
"MU.osexp","C:\Users\Public\Experiments\IDs\05-WMC\MU","Tr4_study4.png","9","196834","C:/Users/Public/Experiments/IDs/05-WMC/MU/MU_SM01_results/MUsbj040.csv","study","1000","4","40","208711","209713"
"MU.osexp","C:\Users\Public\Experiments\IDs\05-WMC\MU","Tr4_update1.png","9","196834","C:/Users/Public/Experiments/IDs/05-WMC/MU/MU_SM01_results/MUsbj040.csv","update","1300","4","40","210073","211375"
"MU.osexp","C:\Users\Public\Experiments\IDs\05-WMC\MU","Tr4_update2.png","9","196834","C:/Users/Public/Experiments/IDs/05-WMC/MU/MU_SM01_results/MUsbj040.csv","update","1300","4","40","211766","213068"
"MU.osexp","C:\Users\Public\Experiments\IDs\05-WMC\MU","Tr4_update3.png","9","196834","C:/Users/Public/Experiments/IDs/05-WMC/MU/MU_SM01_results/MUsbj040.csv","update","1300","4","40","213431","214733"
"MU.osexp","C:\Users\Public\Experiments\IDs\05-WMC\MU","Tr4_update4.png","9","196834","C:/Users/Public/Experiments/IDs/05-WMC/MU/MU_SM01_results/MUsbj040.csv","update","1300","4","40","215076","216378"
"MU.osexp","C:\Users\Public\Experiments\IDs\05-WMC\MU","Tr4_test1.png","1","218954","C:/Users/Public/Experiments/IDs/05-WMC/MU/MU_SM01_results/MUsbj040.csv","test","0","4","40","216772","218955"
"MU.osexp","C:\Users\Public\Experiments\IDs\05-WMC\MU","Tr4_test2.png","9","221930","C:/Users/Public/Experiments/IDs/05-WMC/MU/MU_SM01_results/MUsbj040.csv","test","0","4","40","220064","221931"
"MU.osexp","C:\Users\Public\Experiments\IDs\05-WMC\MU","Tr4_test3.png","5","225202","C:/Users/Public/Experiments/IDs/05-WMC/MU/MU_SM01_results/MUsbj040.csv","test","0","4","40","223033","225203"
"MU.osexp","C:\Users\Public\Experiments\IDs\05-WMC\MU","Tr4_test4.png","7","227571","C:/Users/Public/Experiments/IDs/05-WMC/MU/MU_SM01_results/MUsbj040.csv","test","0","4","40","226377","227571"
"MU.osexp","C:\Users\Public\Experiments\IDs\05-WMC\MU","wait.png","7","227571","C:/Users/Public/Experiments/IDs/05-WMC/MU/MU_SM01_results/MUsbj040.csv","wait","5000","3","40","228681","227571"
"MU.osexp","C:\Users\Public\Experiments\IDs\05-WMC\MU","fixation.png","7","227571","C:/Users/Public/Experiments/IDs/05-WMC/MU/MU_SM01_results/MUsbj040.csv","fix","1500","3","40","233794","227571"
"MU.osexp","C:\Users\Public\Experiments\IDs\05-WMC\MU","Tr5_study1.png","7","227571","C:/Users/Public/Experiments/IDs/05-WMC/MU/MU_SM01_results/MUsbj040.csv","study","1000","3","40","235412","236414"
"MU.osexp","C:\Users\Public\Experiments\IDs\05-WMC\MU","Tr5_study2.png","7","227571","C:/Users/Public/Experiments/IDs/05-WMC/MU/MU_SM01_results/MUsbj040.csv","study","1000","3","40","236736","237738"
"MU.osexp","C:\Users\Public\Experiments\IDs\05-WMC\MU","Tr5_study3.png","7","227571","C:/Users/Public/Experiments/IDs/05-WMC/MU/MU_SM01_results/MUsbj040.csv","study","1000","3","40","238117","239119"
"MU.osexp","C:\Users\Public\Experiments\IDs\05-WMC\MU","Tr5_update1.png","7","227571","C:/Users/Public/Experiments/IDs/05-WMC/MU/MU_SM01_results/MUsbj040.csv","update","1300","3","40","239601","240902"
"MU.osexp","C:\Users\Public\Experiments\IDs\05-WMC\MU","Tr5_update2.png","7","227571","C:/Users/Public/Experiments/IDs/05-WMC/MU/MU_SM01_results/MUsbj040.csv","update","1300","3","40","241261","242562"
"MU.osexp","C:\Users\Public\Experiments\IDs\05-WMC\MU","Tr5_update3.png","7","227571","C:/Users/Public/Experiments/IDs/05-WMC/MU/MU_SM01_results/MUsbj040.csv","update","1300","3","40","242906","244208"
"MU.osexp","C:\Users\Public\Experiments\IDs\05-WMC\MU","Tr5_update4.png","7","227571","C:/Users/Public/Experiments/IDs/05-WMC/MU/MU_SM01_results/MUsbj040.csv","update","1300","3","40","244581","245883"
"MU.osexp","C:\Users\Public\Experiments\IDs\05-WMC\MU","Tr5_update5.png","7","227571","C:/Users/Public/Experiments/IDs/05-WMC/MU/MU_SM01_results/MUsbj040.csv","update","1300","3","40","246363","247665"
"MU.osexp","C:\Users\Public\Experiments\IDs\05-WMC\MU","Tr5_update6.png","7","227571","C:/Users/Public/Experiments/IDs/05-WMC/MU/MU_SM01_results/MUsbj040.csv","update","1300","3","40","248036","249337"
"MU.osexp","C:\Users\Public\Experiments\IDs\05-WMC\MU","Tr5_test1.png","5","251946","C:/Users/Public/Experiments/IDs/05-WMC/MU/MU_SM01_results/MUsbj040.csv","test","0","3","40","249679","251947"
"MU.osexp","C:\Users\Public\Experiments\IDs\05-WMC\MU","Tr5_test2.png","9","254114","C:/Users/Public/Experiments/IDs/05-WMC/MU/MU_SM01_results/MUsbj040.csv","test","0","3","40","253162","254115"
"MU.osexp","C:\Users\Public\Experiments\IDs\05-WMC\MU","Tr5_test3.png","6","255914","C:/Users/Public/Experiments/IDs/05-WMC/MU/MU_SM01_results/MUsbj040.csv","test","0","3","40","255284","255915"
"MU.osexp","C:\Users\Public\Experiments\IDs\05-WMC\MU","wait.png","6","255914","C:/Users/Public/Experiments/IDs/05-WMC/MU/MU_SM01_results/MUsbj040.csv","wait","5000","4","40","257011","255915"
"MU.osexp","C:\Users\Public\Experiments\IDs\05-WMC\MU","fixation.png","6","255914","C:/Users/Public/Experiments/IDs/05-WMC/MU/MU_SM01_results/MUsbj040.csv","fix","1500","4","40","262122","255915"
"MU.osexp","C:\Users\Public\Experiments\IDs\05-WMC\MU","Tr6_study1.png","6","255914","C:/Users/Public/Experiments/IDs/05-WMC/MU/MU_SM01_results/MUsbj040.csv","study","1000","4","40","263864","264866"
"MU.osexp","C:\Users\Public\Experiments\IDs\05-WMC\MU","Tr6_study2.png","6","255914","C:/Users/Public/Experiments/IDs/05-WMC/MU/MU_SM01_results/MUsbj040.csv","study","1000","4","40","265232","266234"
"MU.osexp","C:\Users\Public\Experiments\IDs\05-WMC\MU","Tr6_study3.png","6","255914","C:/Users/Public/Experiments/IDs/05-WMC/MU/MU_SM01_results/MUsbj040.csv","study","1000","4","40","266602","267604"
"MU.osexp","C:\Users\Public\Experiments\IDs\05-WMC\MU","Tr6_study4.png","6","255914","C:/Users/Public/Experiments/IDs/05-WMC/MU/MU_SM01_results/MUsbj040.csv","study","1000","4","40","267973","268975"
"MU.osexp","C:\Users\Public\Experiments\IDs\05-WMC\MU","Tr6_update1.png","6","255914","C:/Users/Public/Experiments/IDs/05-WMC/MU/MU_SM01_results/MUsbj040.csv","update","1300","4","40","269350","270652"
"MU.osexp","C:\Users\Public\Experiments\IDs\05-WMC\MU","Tr6_update2.png","6","255914","C:/Users/Public/Experiments/IDs/05-WMC/MU/MU_SM01_results/MUsbj040.csv","update","1300","4","40","271032","272334"
"MU.osexp","C:\Users\Public\Experiments\IDs\05-WMC\MU","Tr6_update3.png","6","255914","C:/Users/Public/Experiments/IDs/05-WMC/MU/MU_SM01_results/MUsbj040.csv","update","1300","4","40","272672","273974"
"MU.osexp","C:\Users\Public\Experiments\IDs\05-WMC\MU","Tr6_update4.png","6","255914","C:/Users/Public/Experiments/IDs/05-WMC/MU/MU_SM01_results/MUsbj040.csv","update","1300","4","40","274348","275650"
"MU.osexp","C:\Users\Public\Experiments\IDs\05-WMC\MU","Tr6_update5.png","6","255914","C:/Users/Public/Experiments/IDs/05-WMC/MU/MU_SM01_results/MUsbj040.csv","update","1300","4","40","276015","277317"
"MU.osexp","C:\Users\Public\Experiments\IDs\05-WMC\MU","Tr6_test1.png","4","280427","C:/Users/Public/Experiments/IDs/05-WMC/MU/MU_SM01_results/MUsbj040.csv","test","0","4","40","277752","280427"
"MU.osexp","C:\Users\Public\Experiments\IDs\05-WMC\MU","Tr6_test2.png","9","282827","C:/Users/Public/Experiments/IDs/05-WMC/MU/MU_SM01_results/MUsbj040.csv","test","0","4","40","281517","282827"
"MU.osexp","C:\Users\Public\Experiments\IDs\05-WMC\MU","Tr6_test3.png","6","284922","C:/Users/Public/Experiments/IDs/05-WMC/MU/MU_SM01_results/MUsbj040.csv","test","0","4","40","283907","284923"
"MU.osexp","C:\Users\Public\Experiments\IDs\05-WMC\MU","Tr6_test4.png","8","286882","C:/Users/Public/Experiments/IDs/05-WMC/MU/MU_SM01_results/MUsbj040.csv","test","0","4","40","286016","286883"
"MU.osexp","C:\Users\Public\Experiments\IDs\05-WMC\MU","wait.png","8","286882","C:/Users/Public/Experiments/IDs/05-WMC/MU/MU_SM01_results/MUsbj040.csv","wait","5000","5","40","288013","286883"
"MU.osexp","C:\Users\Public\Experiments\IDs\05-WMC\MU","fixation.png","8","286882","C:/Users/Public/Experiments/IDs/05-WMC/MU/MU_SM01_results/MUsbj040.csv","fix","1500","5","40","293092","286883"
"MU.osexp","C:\Users\Public\Experiments\IDs\05-WMC\MU","Tr7_study1.png","8","286882","C:/Users/Public/Experiments/IDs/05-WMC/MU/MU_SM01_results/MUsbj040.csv","study","1000","5","40","294724","295726"
"MU.osexp","C:\Users\Public\Experiments\IDs\05-WMC\MU","Tr7_study2.png","8","286882","C:/Users/Public/Experiments/IDs/05-WMC/MU/MU_SM01_results/MUsbj040.csv","study","1000","5","40","296094","297096"
"MU.osexp","C:\Users\Public\Experiments\IDs\05-WMC\MU","Tr7_study3.png","8","286882","C:/Users/Public/Experiments/IDs/05-WMC/MU/MU_SM01_results/MUsbj040.csv","study","1000","5","40","297463","298465"
"MU.osexp","C:\Users\Public\Experiments\IDs\05-WMC\MU","Tr7_study4.png","8","286882","C:/Users/Public/Experiments/IDs/05-WMC/MU/MU_SM01_results/MUsbj040.csv","study","1000","5","40","298818","299820"
"MU.osexp","C:\Users\Public\Experiments\IDs\05-WMC\MU","Tr7_study5.png","8","286882","C:/Users/Public/Experiments/IDs/05-WMC/MU/MU_SM01_results/MUsbj040.csv","study","1000","5","40","300427","301429"
"MU.osexp","C:\Users\Public\Experiments\IDs\05-WMC\MU","Tr7_update1.png","8","286882","C:/Users/Public/Experiments/IDs/05-WMC/MU/MU_SM01_results/MUsbj040.csv","update","1300","5","40","301819","303121"
"MU.osexp","C:\Users\Public\Experiments\IDs\05-WMC\MU","Tr7_update2.png","8","286882","C:/Users/Public/Experiments/IDs/05-WMC/MU/MU_SM01_results/MUsbj040.csv","update","1300","5","40","303492","304794"
"MU.osexp","C:\Users\Public\Experiments\IDs\05-WMC\MU","Tr7_update3.png","8","286882","C:/Users/Public/Experiments/IDs/05-WMC/MU/MU_SM01_results/MUsbj040.csv","update","1300","5","40","305147","306449"
"MU.osexp","C:\Users\Public\Experiments\IDs\05-WMC\MU","Tr7_update4.png","8","286882","C:/Users/Public/Experiments/IDs/05-WMC/MU/MU_SM01_results/MUsbj040.csv","update","1300","5","40","306791","308093"
"MU.osexp","C:\Users\Public\Experiments\IDs\05-WMC\MU","Tr7_update5.png","8","286882","C:/Users/Public/Experiments/IDs/05-WMC/MU/MU_SM01_results/MUsbj040.csv","update","1300","5","40","308435","309737"
"MU.osexp","C:\Users\Public\Experiments\IDs\05-WMC\MU","Tr7_test1.png","6","313474","C:/Users/Public/Experiments/IDs/05-WMC/MU/MU_SM01_results/MUsbj040.csv","test","0","5","40","310102","313475"
"MU.osexp","C:\Users\Public\Experiments\IDs\05-WMC\MU","Tr7_test2.png","7","315587","C:/Users/Public/Experiments/IDs/05-WMC/MU/MU_SM01_results/MUsbj040.csv","test","0","5","40","314572","315587"
"MU.osexp","C:\Users\Public\Experiments\IDs\05-WMC\MU","Tr7_test3.png","1","318259","C:/Users/Public/Experiments/IDs/05-WMC/MU/MU_SM01_results/MUsbj040.csv","test","0","5","40","316670","318259"
"MU.osexp","C:\Users\Public\Experiments\IDs\05-WMC\MU","Tr7_test4.png","8","320154","C:/Users/Public/Experiments/IDs/05-WMC/MU/MU_SM01_results/MUsbj040.csv","test","0","5","40","319359","320155"
"MU.osexp","C:\Users\Public\Experiments\IDs\05-WMC\MU","Tr7_test5.png","3","322450","C:/Users/Public/Experiments/IDs/05-WMC/MU/MU_SM01_results/MUsbj040.csv","test","0","5","40","321261","322451"
"MU.osexp","C:\Users\Public\Experiments\IDs\05-WMC\MU","wait.png","3","322450","C:/Users/Public/Experiments/IDs/05-WMC/MU/MU_SM01_results/MUsbj040.csv","wait","5000","4","40","323544","322451"
"MU.osexp","C:\Users\Public\Experiments\IDs\05-WMC\MU","fixation.png","3","322450","C:/Users/Public/Experiments/IDs/05-WMC/MU/MU_SM01_results/MUsbj040.csv","fix","1500","4","40","328650","322451"
"MU.osexp","C:\Users\Public\Experiments\IDs\05-WMC\MU","Tr8_study1.png","3","322450","C:/Users/Public/Experiments/IDs/05-WMC/MU/MU_SM01_results/MUsbj040.csv","study","1000","4","40","330238","331240"
"MU.osexp","C:\Users\Public\Experiments\IDs\05-WMC\MU","Tr8_study2.png","3","322450","C:/Users/Public/Experiments/IDs/05-WMC/MU/MU_SM01_results/MUsbj040.csv","study","1000","4","40","331574","332576"
"MU.osexp","C:\Users\Public\Experiments\IDs\05-WMC\MU","Tr8_study3.png","3","322450","C:/Users/Public/Experiments/IDs/05-WMC/MU/MU_SM01_results/MUsbj040.csv","study","1000","4","40","332931","333934"
"MU.osexp","C:\Users\Public\Experiments\IDs\05-WMC\MU","Tr8_study4.png","3","322450","C:/Users/Public/Experiments/IDs/05-WMC/MU/MU_SM01_results/MUsbj040.csv","study","1000","4","40","334343","335345"
"MU.osexp","C:\Users\Public\Experiments\IDs\05-WMC\MU","Tr8_update1.png","3","322450","C:/Users/Public/Experiments/IDs/05-WMC/MU/MU_SM01_results/MUsbj040.csv","update","1300","4","40","335775","337077"
"MU.osexp","C:\Users\Public\Experiments\IDs\05-WMC\MU","Tr8_update2.png","3","322450","C:/Users/Public/Experiments/IDs/05-WMC/MU/MU_SM01_results/MUsbj040.csv","update","1300","4","40","337410","338712"
"MU.osexp","C:\Users\Public\Experiments\IDs\05-WMC\MU","Tr8_update3.png","3","322450","C:/Users/Public/Experiments/IDs/05-WMC/MU/MU_SM01_results/MUsbj040.csv","update","1300","4","40","339110","340412"
"MU.osexp","C:\Users\Public\Experiments\IDs\05-WMC\MU","Tr8_test1.png","6","343794","C:/Users/Public/Experiments/IDs/05-WMC/MU/MU_SM01_results/MUsbj040.csv","test","0","4","40","340750","343795"
"MU.osexp","C:\Users\Public\Experiments\IDs\05-WMC\MU","Tr8_test2.png","4","346122","C:/Users/Public/Experiments/IDs/05-WMC/MU/MU_SM01_results/MUsbj040.csv","test","0","4","40","344882","346123"
"MU.osexp","C:\Users\Public\Experiments\IDs\05-WMC\MU","Tr8_test3.png","9","348386","C:/Users/Public/Experiments/IDs/05-WMC/MU/MU_SM01_results/MUsbj040.csv","test","0","4","40","347223","348387"
"MU.osexp","C:\Users\Public\Experiments\IDs\05-WMC\MU","Tr8_test4.png","2","351771","C:/Users/Public/Experiments/IDs/05-WMC/MU/MU_SM01_results/MUsbj040.csv","test","0","4","40","349469","351771"
"MU.osexp","C:\Users\Public\Experiments\IDs\05-WMC\MU","wait.png","2","351771","C:/Users/Public/Experiments/IDs/05-WMC/MU/MU_SM01_results/MUsbj040.csv","wait","5000","5","40","352856","351771"
"MU.osexp","C:\Users\Public\Experiments\IDs\05-WMC\MU","fixation.png","2","351771","C:/Users/Public/Experiments/IDs/05-WMC/MU/MU_SM01_results/MUsbj040.csv","fix","1500","5","40","357960","351771"
"MU.osexp","C:\Users\Public\Experiments\IDs\05-WMC\MU","Tr9_study1.png","2","351771","C:/Users/Public/Experiments/IDs/05-WMC/MU/MU_SM01_results/MUsbj040.csv","study","1000","5","40","359550","360552"
"MU.osexp","C:\Users\Public\Experiments\IDs\05-WMC\MU","Tr9_study2.png","2","351771","C:/Users/Public/Experiments/IDs/05-WMC/MU/MU_SM01_results/MUsbj040.csv","study","1000","5","40","360909","361911"
"MU.osexp","C:\Users\Public\Experiments\IDs\05-WMC\MU","Tr9_study3.png","2","351771","C:/Users/Public/Experiments/IDs/05-WMC/MU/MU_SM01_results/MUsbj040.csv","study","1000","5","40","362263","363265"
"MU.osexp","C:\Users\Public\Experiments\IDs\05-WMC\MU","Tr9_study4.png","2","351771","C:/Users/Public/Experiments/IDs/05-WMC/MU/MU_SM01_results/MUsbj040.csv","study","1000","5","40","363614","364616"
"MU.osexp","C:\Users\Public\Experiments\IDs\05-WMC\MU","Tr9_study5.png","2","351771","C:/Users/Public/Experiments/IDs/05-WMC/MU/MU_SM01_results/MUsbj040.csv","study","1000","5","40","365323","366325"
"MU.osexp","C:\Users\Public\Experiments\IDs\05-WMC\MU","Tr9_update1.png","2","351771","C:/Users/Public/Experiments/IDs/05-WMC/MU/MU_SM01_results/MUsbj040.csv","update","1300","5","40","366698","368000"
"MU.osexp","C:\Users\Public\Experiments\IDs\05-WMC\MU","Tr9_update2.png","2","351771","C:/Users/Public/Experiments/IDs/05-WMC/MU/MU_SM01_results/MUsbj040.csv","update","1300","5","40","368362","369664"
"MU.osexp","C:\Users\Public\Experiments\IDs\05-WMC\MU","Tr9_test1.png","4","372906","C:/Users/Public/Experiments/IDs/05-WMC/MU/MU_SM01_results/MUsbj040.csv","test","0","5","40","370003","372907"
"MU.osexp","C:\Users\Public\Experiments\IDs\05-WMC\MU","Tr9_test2.png","8","375186","C:/Users/Public/Experiments/IDs/05-WMC/MU/MU_SM01_results/MUsbj040.csv","test","0","5","40","374004","375187"
"MU.osexp","C:\Users\Public\Experiments\IDs\05-WMC\MU","Tr9_test3.png","3","377314","C:/Users/Public/Experiments/IDs/05-WMC/MU/MU_SM01_results/MUsbj040.csv","test","0","5","40","376284","377315"
"MU.osexp","C:\Users\Public\Experiments\IDs\05-WMC\MU","Tr9_test4.png","4","379330","C:/Users/Public/Experiments/IDs/05-WMC/MU/MU_SM01_results/MUsbj040.csv","test","0","5","40","378406","379331"
"MU.osexp","C:\Users\Public\Experiments\IDs\05-WMC\MU","Tr9_test5.png","9","380922","C:/Users/Public/Experiments/IDs/05-WMC/MU/MU_SM01_results/MUsbj040.csv","test","0","5","40","380579","380923"
"MU.osexp","C:\Users\Public\Experiments\IDs\05-WMC\MU","wait.png","9","380922","C:/Users/Public/Experiments/IDs/05-WMC/MU/MU_SM01_results/MUsbj040.csv","wait","5000","3","40","382052","380923"
"MU.osexp","C:\Users\Public\Experiments\IDs\05-WMC\MU","fixation.png","9","380922","C:/Users/Public/Experiments/IDs/05-WMC/MU/MU_SM01_results/MUsbj040.csv","fix","1500","3","40","387146","380923"
"MU.osexp","C:\Users\Public\Experiments\IDs\05-WMC\MU","Tr10_study1.png","9","380922","C:/Users/Public/Experiments/IDs/05-WMC/MU/MU_SM01_results/MUsbj040.csv","study","1000","3","40","388756","389758"
"MU.osexp","C:\Users\Public\Experiments\IDs\05-WMC\MU","Tr10_study2.png","9","380922","C:/Users/Public/Experiments/IDs/05-WMC/MU/MU_SM01_results/MUsbj040.csv","study","1000","3","40","390088","391090"
"MU.osexp","C:\Users\Public\Experiments\IDs\05-WMC\MU","Tr10_study3.png","9","380922","C:/Users/Public/Experiments/IDs/05-WMC/MU/MU_SM01_results/MUsbj040.csv","study","1000","3","40","391469","392471"
"MU.osexp","C:\Users\Public\Experiments\IDs\05-WMC\MU","Tr10_update1.png","9","380922","C:/Users/Public/Experiments/IDs/05-WMC/MU/MU_SM01_results/MUsbj040.csv","update","1300","3","40","392841","394142"
"MU.osexp","C:\Users\Public\Experiments\IDs\05-WMC\MU","Tr10_update2.png","9","380922","C:/Users/Public/Experiments/IDs/05-WMC/MU/MU_SM01_results/MUsbj040.csv","update","1300","3","40","394510","395812"
"MU.osexp","C:\Users\Public\Experiments\IDs\05-WMC\MU","Tr10_test1.png","7","398522","C:/Users/Public/Experiments/IDs/05-WMC/MU/MU_SM01_results/MUsbj040.csv","test","0","3","40","396149","398523"
"MU.osexp","C:\Users\Public\Experiments\IDs\05-WMC\MU","Tr10_test2.png","3","401482","C:/Users/Public/Experiments/IDs/05-WMC/MU/MU_SM01_results/MUsbj040.csv","test","0","3","40","399937","401483"
"MU.osexp","C:\Users\Public\Experiments\IDs\05-WMC\MU","Tr10_test3.png","5","403251","C:/Users/Public/Experiments/IDs/05-WMC/MU/MU_SM01_results/MUsbj040.csv","test","0","3","40","402591","403252"
"MU.osexp","C:\Users\Public\Experiments\IDs\05-WMC\MU","wait.png","5","403251","C:/Users/Public/Experiments/IDs/05-WMC/MU/MU_SM01_results/MUsbj040.csv","wait","5000","5","40","404358","403252"
"MU.osexp","C:\Users\Public\Experiments\IDs\05-WMC\MU","fixation.png","5","403251","C:/Users/Public/Experiments/IDs/05-WMC/MU/MU_SM01_results/MUsbj040.csv","fix","1500","5","40","409467","403252"
"MU.osexp","C:\Users\Public\Experiments\IDs\05-WMC\MU","Tr11_study1.png","5","403251","C:/Users/Public/Experiments/IDs/05-WMC/MU/MU_SM01_results/MUsbj040.csv","study","1000","5","40","411088","412090"
"MU.osexp","C:\Users\Public\Experiments\IDs\05-WMC\MU","Tr11_study2.png","5","403251","C:/Users/Public/Experiments/IDs/05-WMC/MU/MU_SM01_results/MUsbj040.csv","study","1000","5","40","412426","413428"
"MU.osexp","C:\Users\Public\Experiments\IDs\05-WMC\MU","Tr11_study3.png","5","403251","C:/Users/Public/Experiments/IDs/05-WMC/MU/MU_SM01_results/MUsbj040.csv","study","1000","5","40","413781","414782"
"MU.osexp","C:\Users\Public\Experiments\IDs\05-WMC\MU","Tr11_study4.png","5","403251","C:/Users/Public/Experiments/IDs/05-WMC/MU/MU_SM01_results/MUsbj040.csv","study","1000","5","40","415286","416288"
"MU.osexp","C:\Users\Public\Experiments\IDs\05-WMC\MU","Tr11_study5.png","5","403251","C:/Users/Public/Experiments/IDs/05-WMC/MU/MU_SM01_results/MUsbj040.csv","study","1000","5","40","416707","417707"
"MU.osexp","C:\Users\Public\Experiments\IDs\05-WMC\MU","Tr11_update1.png","5","403251","C:/Users/Public/Experiments/IDs/05-WMC/MU/MU_SM01_results/MUsbj040.csv","update","1300","5","40","418055","419357"
"MU.osexp","C:\Users\Public\Experiments\IDs\05-WMC\MU","Tr11_update2.png","5","403251","C:/Users/Public/Experiments/IDs/05-WMC/MU/MU_SM01_results/MUsbj040.csv","update","1300","5","40","419720","421022"
"MU.osexp","C:\Users\Public\Experiments\IDs\05-WMC\MU","Tr11_update3.png","5","403251","C:/Users/Public/Experiments/IDs/05-WMC/MU/MU_SM01_results/MUsbj040.csv","update","1300","5","40","421369","422671"
"MU.osexp","C:\Users\Public\Experiments\IDs\05-WMC\MU","Tr11_test1.png","1","424755","C:/Users/Public/Experiments/IDs/05-WMC/MU/MU_SM01_results/MUsbj040.csv","test","0","5","40","423021","424755"
"MU.osexp","C:\Users\Public\Experiments\IDs\05-WMC\MU","Tr11_test2.png","8","427978","C:/Users/Public/Experiments/IDs/05-WMC/MU/MU_SM01_results/MUsbj040.csv","test","0","5","40","425849","427979"
"MU.osexp","C:\Users\Public\Experiments\IDs\05-WMC\MU","Tr11_test3.png","9","430818","C:/Users/Public/Experiments/IDs/05-WMC/MU/MU_SM01_results/MUsbj040.csv","test","0","5","40","429084","430819"
"MU.osexp","C:\Users\Public\Experiments\IDs\05-WMC\MU","Tr11_test4.png","6","433666","C:/Users/Public/Experiments/IDs/05-WMC/MU/MU_SM01_results/MUsbj040.csv","test","0","5","40","431907","433667"
"MU.osexp","C:\Users\Public\Experiments\IDs\05-WMC\MU","Tr11_test5.png","4","435338","C:/Users/Public/Experiments/IDs/05-WMC/MU/MU_SM01_results/MUsbj040.csv","test","0","5","40","434784","435339"
"MU.osexp","C:\Users\Public\Experiments\IDs\05-WMC\MU","wait.png","4","435338","C:/Users/Public/Experiments/IDs/05-WMC/MU/MU_SM01_results/MUsbj040.csv","wait","5000","3","40","436459","435339"
"MU.osexp","C:\Users\Public\Experiments\IDs\05-WMC\MU","fixation.png","4","435338","C:/Users/Public/Experiments/IDs/05-WMC/MU/MU_SM01_results/MUsbj040.csv","fix","1500","3","40","441562","435339"
"MU.osexp","C:\Users\Public\Experiments\IDs\05-WMC\MU","Tr12_study1.png","4","435338","C:/Users/Public/Experiments/IDs/05-WMC/MU/MU_SM01_results/MUsbj040.csv","study","1000","3","40","443160","444162"
"MU.osexp","C:\Users\Public\Experiments\IDs\05-WMC\MU","Tr12_study2.png","4","435338","C:/Users/Public/Experiments/IDs/05-WMC/MU/MU_SM01_results/MUsbj040.csv","study","1000","3","40","444643","445645"
"MU.osexp","C:\Users\Public\Experiments\IDs\05-WMC\MU","Tr12_study3.png","4","435338","C:/Users/Public/Experiments/IDs/05-WMC/MU/MU_SM01_results/MUsbj040.csv","study","1000","3","40","446207","447209"
"MU.osexp","C:\Users\Public\Experiments\IDs\05-WMC\MU","Tr12_update1.png","4","435338","C:/Users/Public/Experiments/IDs/05-WMC/MU/MU_SM01_results/MUsbj040.csv","update","1300","3","40","447566","448868"
"MU.osexp","C:\Users\Public\Experiments\IDs\05-WMC\MU","Tr12_update2.png","4","435338","C:/Users/Public/Experiments/IDs/05-WMC/MU/MU_SM01_results/MUsbj040.csv","update","1300","3","40","449233","450535"
"MU.osexp","C:\Users\Public\Experiments\IDs\05-WMC\MU","Tr12_update3.png","4","435338","C:/Users/Public/Experiments/IDs/05-WMC/MU/MU_SM01_results/MUsbj040.csv","update","1300","3","40","450895","452197"
"MU.osexp","C:\Users\Public\Experiments\IDs\05-WMC\MU","Tr12_update4.png","4","435338","C:/Users/Public/Experiments/IDs/05-WMC/MU/MU_SM01_results/MUsbj040.csv","update","1300","3","40","452554","453856"
"MU.osexp","C:\Users\Public\Experiments\IDs\05-WMC\MU","Tr12_update5.png","4","435338","C:/Users/Public/Experiments/IDs/05-WMC/MU/MU_SM01_results/MUsbj040.csv","update","1300","3","40","454206","455508"
"MU.osexp","C:\Users\Public\Experiments\IDs\05-WMC\MU","Tr12_test1.png","4","458379","C:/Users/Public/Experiments/IDs/05-WMC/MU/MU_SM01_results/MUsbj040.csv","test","0","3","40","455874","458379"
"MU.osexp","C:\Users\Public\Experiments\IDs\05-WMC\MU","Tr12_test2.png","9","460283","C:/Users/Public/Experiments/IDs/05-WMC/MU/MU_SM01_results/MUsbj040.csv","test","0","3","40","459474","460283"
"MU.osexp","C:\Users\Public\Experiments\IDs\05-WMC\MU","Tr12_test3.png","4","462090","C:/Users/Public/Experiments/IDs/05-WMC/MU/MU_SM01_results/MUsbj040.csv","test","0","3","40","461399","462091"
"MU.osexp","C:\Users\Public\Experiments\IDs\05-WMC\MU","wait.png","4","462090","C:/Users/Public/Experiments/IDs/05-WMC/MU/MU_SM01_results/MUsbj040.csv","wait","5000","3","40","463186","462091"
"MU.osexp","C:\Users\Public\Experiments\IDs\05-WMC\MU","fixation.png","4","462090","C:/Users/Public/Experiments/IDs/05-WMC/MU/MU_SM01_results/MUsbj040.csv","fix","1500","3","40","468409","462091"
"MU.osexp","C:\Users\Public\Experiments\IDs\05-WMC\MU","Tr13_study1.png","4","462090","C:/Users/Public/Experiments/IDs/05-WMC/MU/MU_SM01_results/MUsbj040.csv","study","1000","3","40","470032","471034"
"MU.osexp","C:\Users\Public\Experiments\IDs\05-WMC\MU","Tr13_study2.png","4","462090","C:/Users/Public/Experiments/IDs/05-WMC/MU/MU_SM01_results/MUsbj040.csv","study","1000","3","40","471410","472412"
"MU.osexp","C:\Users\Public\Experiments\IDs\05-WMC\MU","Tr13_study3.png","4","462090","C:/Users/Public/Experiments/IDs/05-WMC/MU/MU_SM01_results/MUsbj040.csv","study","1000","3","40","473089","474092"
"MU.osexp","C:\Users\Public\Experiments\IDs\05-WMC\MU","Tr13_update1.png","4","462090","C:/Users/Public/Experiments/IDs/05-WMC/MU/MU_SM01_results/MUsbj040.csv","update","1300","3","40","474468","475770"
"MU.osexp","C:\Users\Public\Experiments\IDs\05-WMC\MU","Tr13_update2.png","4","462090","C:/Users/Public/Experiments/IDs/05-WMC/MU/MU_SM01_results/MUsbj040.csv","update","1300","3","40","476275","477577"
"MU.osexp","C:\Users\Public\Experiments\IDs\05-WMC\MU","Tr13_update3.png","4","462090","C:/Users/Public/Experiments/IDs/05-WMC/MU/MU_SM01_results/MUsbj040.csv","update","1300","3","40","477981","479283"
"MU.osexp","C:\Users\Public\Experiments\IDs\05-WMC\MU","Tr13_update4.png","4","462090","C:/Users/Public/Experiments/IDs/05-WMC/MU/MU_SM01_results/MUsbj040.csv","update","1300","3","40","479618","480920"
"MU.osexp","C:\Users\Public\Experiments\IDs\05-WMC\MU","Tr13_test1.png","5","485042","C:/Users/Public/Experiments/IDs/05-WMC/MU/MU_SM01_results/MUsbj040.csv","test","0","3","40","481283","485043"
"MU.osexp","C:\Users\Public\Experiments\IDs\05-WMC\MU","Tr13_test2.png","1","487234","C:/Users/Public/Experiments/IDs/05-WMC/MU/MU_SM01_results/MUsbj040.csv","test","0","3","40","486160","487235"
"MU.osexp","C:\Users\Public\Experiments\IDs\05-WMC\MU","Tr13_test3.png","5","488666","C:/Users/Public/Experiments/IDs/05-WMC/MU/MU_SM01_results/MUsbj040.csv","test","0","3","40","488328","488667"
"MU.osexp","C:\Users\Public\Experiments\IDs\05-WMC\MU","wait.png","5","488666","C:/Users/Public/Experiments/IDs/05-WMC/MU/MU_SM01_results/MUsbj040.csv","wait","5000","5","40","489933","488667"
"MU.osexp","C:\Users\Public\Experiments\IDs\05-WMC\MU","fixation.png","5","488666","C:/Users/Public/Experiments/IDs/05-WMC/MU/MU_SM01_results/MUsbj040.csv","fix","1500","5","40","495042","488667"
"MU.osexp","C:\Users\Public\Experiments\IDs\05-WMC\MU","Tr14_study1.png","5","488666","C:/Users/Public/Experiments/IDs/05-WMC/MU/MU_SM01_results/MUsbj040.csv","study","1000","5","40","496690","497692"
"MU.osexp","C:\Users\Public\Experiments\IDs\05-WMC\MU","Tr14_study2.png","5","488666","C:/Users/Public/Experiments/IDs/05-WMC/MU/MU_SM01_results/MUsbj040.csv","study","1000","5","40","498041","499043"
"MU.osexp","C:\Users\Public\Experiments\IDs\05-WMC\MU","Tr14_study3.png","5","488666","C:/Users/Public/Experiments/IDs/05-WMC/MU/MU_SM01_results/MUsbj040.csv","study","1000","5","40","499379","500381"
"MU.osexp","C:\Users\Public\Experiments\IDs\05-WMC\MU","Tr14_study4.png","5","488666","C:/Users/Public/Experiments/IDs/05-WMC/MU/MU_SM01_results/MUsbj040.csv","study","1000","5","40","500814","501816"
"MU.osexp","C:\Users\Public\Experiments\IDs\05-WMC\MU","Tr14_study5.png","5","488666","C:/Users/Public/Experiments/IDs/05-WMC/MU/MU_SM01_results/MUsbj040.csv","study","1000","5","40","502435","503437"
"MU.osexp","C:\Users\Public\Experiments\IDs\05-WMC\MU","Tr14_update1.png","5","488666","C:/Users/Public/Experiments/IDs/05-WMC/MU/MU_SM01_results/MUsbj040.csv","update","1300","5","40","503820","505122"
"MU.osexp","C:\Users\Public\Experiments\IDs\05-WMC\MU","Tr14_update2.png","5","488666","C:/Users/Public/Experiments/IDs/05-WMC/MU/MU_SM01_results/MUsbj040.csv","update","1300","5","40","505539","506841"
"MU.osexp","C:\Users\Public\Experiments\IDs\05-WMC\MU","Tr14_update3.png","5","488666","C:/Users/Public/Experiments/IDs/05-WMC/MU/MU_SM01_results/MUsbj040.csv","update","1300","5","40","507208","508510"
"MU.osexp","C:\Users\Public\Experiments\IDs\05-WMC\MU","Tr14_update4.png","5","488666","C:/Users/Public/Experiments/IDs/05-WMC/MU/MU_SM01_results/MUsbj040.csv","update","1300","5","40","508873","510175"
"MU.osexp","C:\Users\Public\Experiments\IDs\05-WMC\MU","Tr14_test1.png","7","513147","C:/Users/Public/Experiments/IDs/05-WMC/MU/MU_SM01_results/MUsbj040.csv","test","0","5","40","510516","513147"
"MU.osexp","C:\Users\Public\Experiments\IDs\05-WMC\MU","Tr14_test2.png","7","516026","C:/Users/Public/Experiments/IDs/05-WMC/MU/MU_SM01_results/MUsbj040.csv","test","0","5","40","514263","516027"
"MU.osexp","C:\Users\Public\Experiments\IDs\05-WMC\MU","Tr14_test3.png","6","518402","C:/Users/Public/Experiments/IDs/05-WMC/MU/MU_SM01_results/MUsbj040.csv","test","0","5","40","517155","518403"
"MU.osexp","C:\Users\Public\Experiments\IDs\05-WMC\MU","Tr14_test4.png","5","520530","C:/Users/Public/Experiments/IDs/05-WMC/MU/MU_SM01_results/MUsbj040.csv","test","0","5","40","519509","520531"
"MU.osexp","C:\Users\Public\Experiments\IDs\05-WMC\MU","Tr14_test5.png","3","522586","C:/Users/Public/Experiments/IDs/05-WMC/MU/MU_SM01_results/MUsbj040.csv","test","0","5","40","521638","522587"
"MU.osexp","C:\Users\Public\Experiments\IDs\05-WMC\MU","wait.png","3","522586","C:/Users/Public/Experiments/IDs/05-WMC/MU/MU_SM01_results/MUsbj040.csv","wait","5000","4","40","523669","522587"
"MU.osexp","C:\Users\Public\Experiments\IDs\05-WMC\MU","fixation.png","3","522586","C:/Users/Public/Experiments/IDs/05-WMC/MU/MU_SM01_results/MUsbj040.csv","fix","1500","4","40","528765","522587"
"MU.osexp","C:\Users\Public\Experiments\IDs\05-WMC\MU","Tr15_study1.png","3","522586","C:/Users/Public/Experiments/IDs/05-WMC/MU/MU_SM01_results/MUsbj040.csv","study","1000","4","40","530400","531402"
"MU.osexp","C:\Users\Public\Experiments\IDs\05-WMC\MU","Tr15_study2.png","3","522586","C:/Users/Public/Experiments/IDs/05-WMC/MU/MU_SM01_results/MUsbj040.csv","study","1000","4","40","531759","532761"
"MU.osexp","C:\Users\Public\Experiments\IDs\05-WMC\MU","Tr15_study3.png","3","522586","C:/Users/Public/Experiments/IDs/05-WMC/MU/MU_SM01_results/MUsbj040.csv","study","1000","4","40","533109","534111"
"MU.osexp","C:\Users\Public\Experiments\IDs\05-WMC\MU","Tr15_study4.png","3","522586","C:/Users/Public/Experiments/IDs/05-WMC/MU/MU_SM01_results/MUsbj040.csv","study","1000","4","40","534466","535468"
"MU.osexp","C:\Users\Public\Experiments\IDs\05-WMC\MU","Tr15_update1.png","3","522586","C:/Users/Public/Experiments/IDs/05-WMC/MU/MU_SM01_results/MUsbj040.csv","update","1300","4","40","535848","537150"
"MU.osexp","C:\Users\Public\Experiments\IDs\05-WMC\MU","Tr15_update2.png","3","522586","C:/Users/Public/Experiments/IDs/05-WMC/MU/MU_SM01_results/MUsbj040.csv","update","1300","4","40","537485","538788"
"MU.osexp","C:\Users\Public\Experiments\IDs\05-WMC\MU","Tr15_update3.png","3","522586","C:/Users/Public/Experiments/IDs/05-WMC/MU/MU_SM01_results/MUsbj040.csv","update","1300","4","40","539136","540438"
"MU.osexp","C:\Users\Public\Experiments\IDs\05-WMC\MU","Tr15_update4.png","3","522586","C:/Users/Public/Experiments/IDs/05-WMC/MU/MU_SM01_results/MUsbj040.csv","update","1300","4","40","540794","542096"
"MU.osexp","C:\Users\Public\Experiments\IDs\05-WMC\MU","Tr15_update5.png","3","522586","C:/Users/Public/Experiments/IDs/05-WMC/MU/MU_SM01_results/MUsbj040.csv","update","1300","4","40","542447","543749"
"MU.osexp","C:\Users\Public\Experiments\IDs\05-WMC\MU","Tr15_update6.png","3","522586","C:/Users/Public/Experiments/IDs/05-WMC/MU/MU_SM01_results/MUsbj040.csv","update","1300","4","40","544114","545416"
"MU.osexp","C:\Users\Public\Experiments\IDs\05-WMC\MU","Tr15_test1.png","4","551530","C:/Users/Public/Experiments/IDs/05-WMC/MU/MU_SM01_results/MUsbj040.csv","test","0","4","40","545777","551531"
"MU.osexp","C:\Users\Public\Experiments\IDs\05-WMC\MU","Tr15_test2.png","7","554074","C:/Users/Public/Experiments/IDs/05-WMC/MU/MU_SM01_results/MUsbj040.csv","test","0","4","40","552614","554075"
"MU.osexp","C:\Users\Public\Experiments\IDs\05-WMC\MU","Tr15_test3.png","8","555970","C:/Users/Public/Experiments/IDs/05-WMC/MU/MU_SM01_results/MUsbj040.csv","test","0","4","40","555156","555971"
"MU.osexp","C:\Users\Public\Experiments\IDs\05-WMC\MU","Tr15_test4.png","3","557842","C:/Users/Public/Experiments/IDs/05-WMC/MU/MU_SM01_results/MUsbj040.csv","test","0","4","40","557089","557843"
"MU.osexp","C:\Users\Public\Experiments\IDs\05-WMC\MU","wait.png","3","557842","C:/Users/Public/Experiments/IDs/05-WMC/MU/MU_SM01_results/MUsbj040.csv","wait","5000","4","40","558944","557843"
"MU.osexp","C:\Users\Public\Experiments\IDs\05-WMC\MU","fixation.png","3","557842","C:/Users/Public/Experiments/IDs/05-WMC/MU/MU_SM01_results/MUsbj040.csv","fix","1500","4","40","564098","557843"
"MU.osexp","C:\Users\Public\Experiments\IDs\05-WMC\MU","Tr16_study1.png","3","557842","C:/Users/Public/Experiments/IDs/05-WMC/MU/MU_SM01_results/MUsbj040.csv","study","1000","4","40","565745","566747"
"MU.osexp","C:\Users\Public\Experiments\IDs\05-WMC\MU","Tr16_study2.png","3","557842","C:/Users/Public/Experiments/IDs/05-WMC/MU/MU_SM01_results/MUsbj040.csv","study","1000","4","40","567084","568085"
"MU.osexp","C:\Users\Public\Experiments\IDs\05-WMC\MU","Tr16_study3.png","3","557842","C:/Users/Public/Experiments/IDs/05-WMC/MU/MU_SM01_results/MUsbj040.csv","study","1000","4","40","568452","569454"
"MU.osexp","C:\Users\Public\Experiments\IDs\05-WMC\MU","Tr16_study4.png","3","557842","C:/Users/Public/Experiments/IDs/05-WMC/MU/MU_SM01_results/MUsbj040.csv","study","1000","4","40","569809","570811"
"MU.osexp","C:\Users\Public\Experiments\IDs\05-WMC\MU","Tr16_update1.png","3","557842","C:/Users/Public/Experiments/IDs/05-WMC/MU/MU_SM01_results/MUsbj040.csv","update","1300","4","40","571176","572478"
"MU.osexp","C:\Users\Public\Experiments\IDs\05-WMC\MU","Tr16_update2.png","3","557842","C:/Users/Public/Experiments/IDs/05-WMC/MU/MU_SM01_results/MUsbj040.csv","update","1300","4","40","572841","574143"
"MU.osexp","C:\Users\Public\Experiments\IDs\05-WMC\MU","Tr16_test1.png","2","577795","C:/Users/Public/Experiments/IDs/05-WMC/MU/MU_SM01_results/MUsbj040.csv","test","0","4","40","574481","577796"
"MU.osexp","C:\Users\Public\Experiments\IDs\05-WMC\MU","Tr16_test2.png","7","582315","C:/Users/Public/Experiments/IDs/05-WMC/MU/MU_SM01_results/MUsbj040.csv","test","0","4","40","578882","582315"
"MU.osexp","C:\Users\Public\Experiments\IDs\05-WMC\MU","Tr16_test3.png","9","584499","C:/Users/Public/Experiments/IDs/05-WMC/MU/MU_SM01_results/MUsbj040.csv","test","0","4","40","583480","584499"
"MU.osexp","C:\Users\Public\Experiments\IDs\05-WMC\MU","Tr16_test4.png","6","585914","C:/Users/Public/Experiments/IDs/05-WMC/MU/MU_SM01_results/MUsbj040.csv","test","0","4","40","585606","585915"
"MU.osexp","C:\Users\Public\Experiments\IDs\05-WMC\MU","wait.png","6","585914","C:/Users/Public/Experiments/IDs/05-WMC/MU/MU_SM01_results/MUsbj040.csv","wait","5000","5","40","587328","585915"
"MU.osexp","C:\Users\Public\Experiments\IDs\05-WMC\MU","fixation.png","6","585914","C:/Users/Public/Experiments/IDs/05-WMC/MU/MU_SM01_results/MUsbj040.csv","fix","1500","5","40","592424","585915"
"MU.osexp","C:\Users\Public\Experiments\IDs\05-WMC\MU","Tr17_study1.png","6","585914","C:/Users/Public/Experiments/IDs/05-WMC/MU/MU_SM01_results/MUsbj040.csv","study","1000","5","40","594092","595094"
"MU.osexp","C:\Users\Public\Experiments\IDs\05-WMC\MU","Tr17_study2.png","6","585914","C:/Users/Public/Experiments/IDs/05-WMC/MU/MU_SM01_results/MUsbj040.csv","study","1000","5","40","595444","596446"
"MU.osexp","C:\Users\Public\Experiments\IDs\05-WMC\MU","Tr17_study3.png","6","585914","C:/Users/Public/Experiments/IDs/05-WMC/MU/MU_SM01_results/MUsbj040.csv","study","1000","5","40","596835","597837"
"MU.osexp","C:\Users\Public\Experiments\IDs\05-WMC\MU","Tr17_study4.png","6","585914","C:/Users/Public/Experiments/IDs/05-WMC/MU/MU_SM01_results/MUsbj040.csv","study","1000","5","40","598198","599200"
"MU.osexp","C:\Users\Public\Experiments\IDs\05-WMC\MU","Tr17_study5.png","6","585914","C:/Users/Public/Experiments/IDs/05-WMC/MU/MU_SM01_results/MUsbj040.csv","study","1000","5","40","599547","600549"
"MU.osexp","C:\Users\Public\Experiments\IDs\05-WMC\MU","Tr17_update1.png","6","585914","C:/Users/Public/Experiments/IDs/05-WMC/MU/MU_SM01_results/MUsbj040.csv","update","1300","5","40","600885","602188"
"MU.osexp","C:\Users\Public\Experiments\IDs\05-WMC\MU","Tr17_update2.png","6","585914","C:/Users/Public/Experiments/IDs/05-WMC/MU/MU_SM01_results/MUsbj040.csv","update","1300","5","40","602571","603872"
"MU.osexp","C:\Users\Public\Experiments\IDs\05-WMC\MU","Tr17_update3.png","6","585914","C:/Users/Public/Experiments/IDs/05-WMC/MU/MU_SM01_results/MUsbj040.csv","update","1300","5","40","604341","605643"
"MU.osexp","C:\Users\Public\Experiments\IDs\05-WMC\MU","Tr17_update4.png","6","585914","C:/Users/Public/Experiments/IDs/05-WMC/MU/MU_SM01_results/MUsbj040.csv","update","1300","5","40","606119","607422"
"MU.osexp","C:\Users\Public\Experiments\IDs\05-WMC\MU","Tr17_update5.png","6","585914","C:/Users/Public/Experiments/IDs/05-WMC/MU/MU_SM01_results/MUsbj040.csv","update","1300","5","40","607783","609085"
"MU.osexp","C:\Users\Public\Experiments\IDs\05-WMC\MU","Tr17_update6.png","6","585914","C:/Users/Public/Experiments/IDs/05-WMC/MU/MU_SM01_results/MUsbj040.csv","update","1300","5","40","609442","610744"
"MU.osexp","C:\Users\Public\Experiments\IDs\05-WMC\MU","Tr17_test1.png","2","615595","C:/Users/Public/Experiments/IDs/05-WMC/MU/MU_SM01_results/MUsbj040.csv","test","0","5","40","611123","615596"
"MU.osexp","C:\Users\Public\Experiments\IDs\05-WMC\MU","Tr17_test2.png","1","618595","C:/Users/Public/Experiments/IDs/05-WMC/MU/MU_SM01_results/MUsbj040.csv","test","0","5","40","617034","618595"
"MU.osexp","C:\Users\Public\Experiments\IDs\05-WMC\MU","Tr17_test3.png","7","620730","C:/Users/Public/Experiments/IDs/05-WMC/MU/MU_SM01_results/MUsbj040.csv","test","0","5","40","619682","620732"
"MU.osexp","C:\Users\Public\Experiments\IDs\05-WMC\MU","Tr17_test4.png","8","623034","C:/Users/Public/Experiments/IDs/05-WMC/MU/MU_SM01_results/MUsbj040.csv","test","0","5","40","622153","623035"
"MU.osexp","C:\Users\Public\Experiments\IDs\05-WMC\MU","Tr17_test5.png","9","624546","C:/Users/Public/Experiments/IDs/05-WMC/MU/MU_SM01_results/MUsbj040.csv","test","0","5","40","624155","624547"
