"experiment_file","experiment_path","image","key","key_time","logfile","phase","playtime","setSize","subject_nr","timestamp","waittime"
"MU.osexp","C:\Users\Public\Experiments\SM01\05-WMC\MU","ready1.png","NA","NA","C:/Users/Public/Experiments/SM01/05-WMC/MU/MU_results/MUsbj043.csv","pre","0","3","0","118367","NA"
"MU.osexp","C:\Users\Public\Experiments\SM01\05-WMC\MU","fixation.png","NA","NA","C:/Users/Public/Experiments/SM01/05-WMC/MU/MU_results/MUsbj043.csv","fix","1500","3","0","121716","NA"
"MU.osexp","C:\Users\Public\Experiments\SM01\05-WMC\MU","Tr1_study1.png","NA","NA","C:/Users/Public/Experiments/SM01/05-WMC/MU/MU_results/MUsbj043.csv","study","1000","3","0","123358","124360"
"MU.osexp","C:\Users\Public\Experiments\SM01\05-WMC\MU","Tr1_study2.png","NA","NA","C:/Users/Public/Experiments/SM01/05-WMC/MU/MU_results/MUsbj043.csv","study","1000","3","0","124735","125737"
"MU.osexp","C:\Users\Public\Experiments\SM01\05-WMC\MU","Tr1_study3.png","NA","NA","C:/Users/Public/Experiments/SM01/05-WMC/MU/MU_results/MUsbj043.csv","study","1000","3","0","126110","127112"
"MU.osexp","C:\Users\Public\Experiments\SM01\05-WMC\MU","Tr1_update1.png","NA","NA","C:/Users/Public/Experiments/SM01/05-WMC/MU/MU_results/MUsbj043.csv","update","1300","3","0","127446","128748"
"MU.osexp","C:\Users\Public\Experiments\SM01\05-WMC\MU","Tr1_update2.png","NA","NA","C:/Users/Public/Experiments/SM01/05-WMC/MU/MU_results/MUsbj043.csv","update","1300","3","0","129132","130434"
"MU.osexp","C:\Users\Public\Experiments\SM01\05-WMC\MU","Tr1_update3.png","NA","NA","C:/Users/Public/Experiments/SM01/05-WMC/MU/MU_results/MUsbj043.csv","update","1300","3","0","130786","132088"
"MU.osexp","C:\Users\Public\Experiments\SM01\05-WMC\MU","Tr1_test1.png","2","145581","C:/Users/Public/Experiments/SM01/05-WMC/MU/MU_results/MUsbj043.csv","test","0","3","0","132447","145582"
"MU.osexp","C:\Users\Public\Experiments\SM01\05-WMC\MU","Tr1_test2.png","5","154716","C:/Users/Public/Experiments/SM01/05-WMC/MU/MU_results/MUsbj043.csv","test","0","3","0","146713","154717"
"MU.osexp","C:\Users\Public\Experiments\SM01\05-WMC\MU","Tr1_test3.png","6","161165","C:/Users/Public/Experiments/SM01/05-WMC/MU/MU_results/MUsbj043.csv","test","0","3","0","155953","161166"
"MU.osexp","C:\Users\Public\Experiments\SM01\05-WMC\MU","wait.png","6","161165","C:/Users/Public/Experiments/SM01/05-WMC/MU/MU_results/MUsbj043.csv","wait","5000","3","0","162279","161166"
"MU.osexp","C:\Users\Public\Experiments\SM01\05-WMC\MU","fixation.png","6","161165","C:/Users/Public/Experiments/SM01/05-WMC/MU/MU_results/MUsbj043.csv","fix","1500","3","0","167410","161166"
"MU.osexp","C:\Users\Public\Experiments\SM01\05-WMC\MU","Tr2_study1.png","6","161165","C:/Users/Public/Experiments/SM01/05-WMC/MU/MU_results/MUsbj043.csv","study","1000","3","0","169047","170049"
"MU.osexp","C:\Users\Public\Experiments\SM01\05-WMC\MU","Tr2_study2.png","6","161165","C:/Users/Public/Experiments/SM01/05-WMC/MU/MU_results/MUsbj043.csv","study","1000","3","0","170409","171411"
"MU.osexp","C:\Users\Public\Experiments\SM01\05-WMC\MU","Tr2_study3.png","6","161165","C:/Users/Public/Experiments/SM01/05-WMC/MU/MU_results/MUsbj043.csv","study","1000","3","0","171805","172807"
"MU.osexp","C:\Users\Public\Experiments\SM01\05-WMC\MU","Tr2_update1.png","6","161165","C:/Users/Public/Experiments/SM01/05-WMC/MU/MU_results/MUsbj043.csv","update","1300","3","0","173219","174521"
"MU.osexp","C:\Users\Public\Experiments\SM01\05-WMC\MU","Tr2_update2.png","6","161165","C:/Users/Public/Experiments/SM01/05-WMC/MU/MU_results/MUsbj043.csv","update","1300","3","0","174888","176190"
"MU.osexp","C:\Users\Public\Experiments\SM01\05-WMC\MU","Tr2_update3.png","6","161165","C:/Users/Public/Experiments/SM01/05-WMC/MU/MU_results/MUsbj043.csv","update","1300","3","0","176576","177879"
"MU.osexp","C:\Users\Public\Experiments\SM01\05-WMC\MU","Tr2_test1.png","4","181741","C:/Users/Public/Experiments/SM01/05-WMC/MU/MU_results/MUsbj043.csv","test","0","3","0","178266","181742"
"MU.osexp","C:\Users\Public\Experiments\SM01\05-WMC\MU","Tr2_test2.png","6","193117","C:/Users/Public/Experiments/SM01/05-WMC/MU/MU_results/MUsbj043.csv","test","0","3","0","182849","193118"
"MU.osexp","C:\Users\Public\Experiments\SM01\05-WMC\MU","Tr2_test3.png","4","197885","C:/Users/Public/Experiments/SM01/05-WMC/MU/MU_results/MUsbj043.csv","test","0","3","0","194262","197886"
"MU.osexp","C:\Users\Public\Experiments\SM01\05-WMC\MU","ready2.png","4","197885","C:/Users/Public/Experiments/SM01/05-WMC/MU/MU_results/MUsbj043.csv","pre","0","3","0","207511","197886"
"MU.osexp","C:\Users\Public\Experiments\SM01\05-WMC\MU","fixation.png","4","197885","C:/Users/Public/Experiments/SM01/05-WMC/MU/MU_results/MUsbj043.csv","fix","1500","3","0","217992","197886"
"MU.osexp","C:\Users\Public\Experiments\SM01\05-WMC\MU","Tr3_study1.png","4","197885","C:/Users/Public/Experiments/SM01/05-WMC/MU/MU_results/MUsbj043.csv","study","1000","3","0","219615","220617"
"MU.osexp","C:\Users\Public\Experiments\SM01\05-WMC\MU","Tr3_study2.png","4","197885","C:/Users/Public/Experiments/SM01/05-WMC/MU/MU_results/MUsbj043.csv","study","1000","3","0","220993","221995"
"MU.osexp","C:\Users\Public\Experiments\SM01\05-WMC\MU","Tr3_study3.png","4","197885","C:/Users/Public/Experiments/SM01/05-WMC/MU/MU_results/MUsbj043.csv","study","1000","3","0","222379","223381"
"MU.osexp","C:\Users\Public\Experiments\SM01\05-WMC\MU","Tr3_update1.png","4","197885","C:/Users/Public/Experiments/SM01/05-WMC/MU/MU_results/MUsbj043.csv","update","1300","3","0","223772","225074"
"MU.osexp","C:\Users\Public\Experiments\SM01\05-WMC\MU","Tr3_update2.png","4","197885","C:/Users/Public/Experiments/SM01/05-WMC/MU/MU_results/MUsbj043.csv","update","1300","3","0","225485","226787"
"MU.osexp","C:\Users\Public\Experiments\SM01\05-WMC\MU","Tr3_update3.png","4","197885","C:/Users/Public/Experiments/SM01/05-WMC/MU/MU_results/MUsbj043.csv","update","1300","3","0","227147","228449"
"MU.osexp","C:\Users\Public\Experiments\SM01\05-WMC\MU","Tr3_test1.png","9","237757","C:/Users/Public/Experiments/SM01/05-WMC/MU/MU_results/MUsbj043.csv","test","0","3","0","228824","237758"
"MU.osexp","C:\Users\Public\Experiments\SM01\05-WMC\MU","Tr3_test2.png","7","243876","C:/Users/Public/Experiments/SM01/05-WMC/MU/MU_results/MUsbj043.csv","test","0","3","0","238894","243877"
"MU.osexp","C:\Users\Public\Experiments\SM01\05-WMC\MU","Tr3_test3.png","5","248709","C:/Users/Public/Experiments/SM01/05-WMC/MU/MU_results/MUsbj043.csv","test","0","3","0","245000","248710"
"MU.osexp","C:\Users\Public\Experiments\SM01\05-WMC\MU","wait.png","5","248709","C:/Users/Public/Experiments/SM01/05-WMC/MU/MU_results/MUsbj043.csv","wait","5000","4","0","249834","248710"
"MU.osexp","C:\Users\Public\Experiments\SM01\05-WMC\MU","fixation.png","5","248709","C:/Users/Public/Experiments/SM01/05-WMC/MU/MU_results/MUsbj043.csv","fix","1500","4","0","254976","248710"
"MU.osexp","C:\Users\Public\Experiments\SM01\05-WMC\MU","Tr4_study1.png","5","248709","C:/Users/Public/Experiments/SM01/05-WMC/MU/MU_results/MUsbj043.csv","study","1000","4","0","256616","257617"
"MU.osexp","C:\Users\Public\Experiments\SM01\05-WMC\MU","Tr4_study2.png","5","248709","C:/Users/Public/Experiments/SM01/05-WMC/MU/MU_results/MUsbj043.csv","study","1000","4","0","258018","259020"
"MU.osexp","C:\Users\Public\Experiments\SM01\05-WMC\MU","Tr4_study3.png","5","248709","C:/Users/Public/Experiments/SM01/05-WMC/MU/MU_results/MUsbj043.csv","study","1000","4","0","259418","260420"
"MU.osexp","C:\Users\Public\Experiments\SM01\05-WMC\MU","Tr4_study4.png","5","248709","C:/Users/Public/Experiments/SM01/05-WMC/MU/MU_results/MUsbj043.csv","study","1000","4","0","260815","261817"
"MU.osexp","C:\Users\Public\Experiments\SM01\05-WMC\MU","Tr4_update1.png","5","248709","C:/Users/Public/Experiments/SM01/05-WMC/MU/MU_results/MUsbj043.csv","update","1300","4","0","262204","263506"
"MU.osexp","C:\Users\Public\Experiments\SM01\05-WMC\MU","Tr4_update2.png","5","248709","C:/Users/Public/Experiments/SM01/05-WMC/MU/MU_results/MUsbj043.csv","update","1300","4","0","263919","265221"
"MU.osexp","C:\Users\Public\Experiments\SM01\05-WMC\MU","Tr4_update3.png","5","248709","C:/Users/Public/Experiments/SM01/05-WMC/MU/MU_results/MUsbj043.csv","update","1300","4","0","265597","266899"
"MU.osexp","C:\Users\Public\Experiments\SM01\05-WMC\MU","Tr4_update4.png","5","248709","C:/Users/Public/Experiments/SM01/05-WMC/MU/MU_results/MUsbj043.csv","update","1300","4","0","267254","268555"
"MU.osexp","C:\Users\Public\Experiments\SM01\05-WMC\MU","Tr4_test1.png","3","275733","C:/Users/Public/Experiments/SM01/05-WMC/MU/MU_results/MUsbj043.csv","test","0","4","0","268927","275733"
"MU.osexp","C:\Users\Public\Experiments\SM01\05-WMC\MU","Tr4_test2.png","5","277540","C:/Users/Public/Experiments/SM01/05-WMC/MU/MU_results/MUsbj043.csv","test","0","4","0","276855","277541"
"MU.osexp","C:\Users\Public\Experiments\SM01\05-WMC\MU","Tr4_test3.png","6","278948","C:/Users/Public/Experiments/SM01/05-WMC/MU/MU_results/MUsbj043.csv","test","0","4","0","278664","278949"
"MU.osexp","C:\Users\Public\Experiments\SM01\05-WMC\MU","Tr4_test4.png","7","280405","C:/Users/Public/Experiments/SM01/05-WMC/MU/MU_results/MUsbj043.csv","test","0","4","0","280064","280406"
"MU.osexp","C:\Users\Public\Experiments\SM01\05-WMC\MU","wait.png","7","280405","C:/Users/Public/Experiments/SM01/05-WMC/MU/MU_results/MUsbj043.csv","wait","5000","3","0","281536","280406"
"MU.osexp","C:\Users\Public\Experiments\SM01\05-WMC\MU","fixation.png","7","280405","C:/Users/Public/Experiments/SM01/05-WMC/MU/MU_results/MUsbj043.csv","fix","1500","3","0","286707","280406"
"MU.osexp","C:\Users\Public\Experiments\SM01\05-WMC\MU","Tr5_study1.png","7","280405","C:/Users/Public/Experiments/SM01/05-WMC/MU/MU_results/MUsbj043.csv","study","1000","3","0","288344","289346"
"MU.osexp","C:\Users\Public\Experiments\SM01\05-WMC\MU","Tr5_study2.png","7","280405","C:/Users/Public/Experiments/SM01/05-WMC/MU/MU_results/MUsbj043.csv","study","1000","3","0","289738","290740"
"MU.osexp","C:\Users\Public\Experiments\SM01\05-WMC\MU","Tr5_study3.png","7","280405","C:/Users/Public/Experiments/SM01/05-WMC/MU/MU_results/MUsbj043.csv","study","1000","3","0","291109","292111"
"MU.osexp","C:\Users\Public\Experiments\SM01\05-WMC\MU","Tr5_update1.png","7","280405","C:/Users/Public/Experiments/SM01/05-WMC/MU/MU_results/MUsbj043.csv","update","1300","3","0","292476","293778"
"MU.osexp","C:\Users\Public\Experiments\SM01\05-WMC\MU","Tr5_update2.png","7","280405","C:/Users/Public/Experiments/SM01/05-WMC/MU/MU_results/MUsbj043.csv","update","1300","3","0","294177","295479"
"MU.osexp","C:\Users\Public\Experiments\SM01\05-WMC\MU","Tr5_update3.png","7","280405","C:/Users/Public/Experiments/SM01/05-WMC/MU/MU_results/MUsbj043.csv","update","1300","3","0","295926","297228"
"MU.osexp","C:\Users\Public\Experiments\SM01\05-WMC\MU","Tr5_update4.png","7","280405","C:/Users/Public/Experiments/SM01/05-WMC/MU/MU_results/MUsbj043.csv","update","1300","3","0","297619","298921"
"MU.osexp","C:\Users\Public\Experiments\SM01\05-WMC\MU","Tr5_update5.png","7","280405","C:/Users/Public/Experiments/SM01/05-WMC/MU/MU_results/MUsbj043.csv","update","1300","3","0","299315","300617"
"MU.osexp","C:\Users\Public\Experiments\SM01\05-WMC\MU","Tr5_update6.png","7","280405","C:/Users/Public/Experiments/SM01/05-WMC/MU/MU_results/MUsbj043.csv","update","1300","3","0","301016","302318"
"MU.osexp","C:\Users\Public\Experiments\SM01\05-WMC\MU","Tr5_test1.png","5","304837","C:/Users/Public/Experiments/SM01/05-WMC/MU/MU_results/MUsbj043.csv","test","0","3","0","302706","304838"
"MU.osexp","C:\Users\Public\Experiments\SM01\05-WMC\MU","Tr5_test2.png","4","307125","C:/Users/Public/Experiments/SM01/05-WMC/MU/MU_results/MUsbj043.csv","test","0","3","0","305978","307126"
"MU.osexp","C:\Users\Public\Experiments\SM01\05-WMC\MU","Tr5_test3.png","6","308565","C:/Users/Public/Experiments/SM01/05-WMC/MU/MU_results/MUsbj043.csv","test","0","3","0","308263","308566"
"MU.osexp","C:\Users\Public\Experiments\SM01\05-WMC\MU","wait.png","6","308565","C:/Users/Public/Experiments/SM01/05-WMC/MU/MU_results/MUsbj043.csv","wait","5000","4","0","309701","308566"
"MU.osexp","C:\Users\Public\Experiments\SM01\05-WMC\MU","fixation.png","6","308565","C:/Users/Public/Experiments/SM01/05-WMC/MU/MU_results/MUsbj043.csv","fix","1500","4","0","314820","308566"
"MU.osexp","C:\Users\Public\Experiments\SM01\05-WMC\MU","Tr6_study1.png","6","308565","C:/Users/Public/Experiments/SM01/05-WMC/MU/MU_results/MUsbj043.csv","study","1000","4","0","316452","317454"
"MU.osexp","C:\Users\Public\Experiments\SM01\05-WMC\MU","Tr6_study2.png","6","308565","C:/Users/Public/Experiments/SM01/05-WMC/MU/MU_results/MUsbj043.csv","study","1000","4","0","317829","318831"
"MU.osexp","C:\Users\Public\Experiments\SM01\05-WMC\MU","Tr6_study3.png","6","308565","C:/Users/Public/Experiments/SM01/05-WMC/MU/MU_results/MUsbj043.csv","study","1000","4","0","319197","320199"
"MU.osexp","C:\Users\Public\Experiments\SM01\05-WMC\MU","Tr6_study4.png","6","308565","C:/Users/Public/Experiments/SM01/05-WMC/MU/MU_results/MUsbj043.csv","study","1000","4","0","320570","321572"
"MU.osexp","C:\Users\Public\Experiments\SM01\05-WMC\MU","Tr6_update1.png","6","308565","C:/Users/Public/Experiments/SM01/05-WMC/MU/MU_results/MUsbj043.csv","update","1300","4","0","321945","323247"
"MU.osexp","C:\Users\Public\Experiments\SM01\05-WMC\MU","Tr6_update2.png","6","308565","C:/Users/Public/Experiments/SM01/05-WMC/MU/MU_results/MUsbj043.csv","update","1300","4","0","323632","324934"
"MU.osexp","C:\Users\Public\Experiments\SM01\05-WMC\MU","Tr6_update3.png","6","308565","C:/Users/Public/Experiments/SM01/05-WMC/MU/MU_results/MUsbj043.csv","update","1300","4","0","325336","326638"
"MU.osexp","C:\Users\Public\Experiments\SM01\05-WMC\MU","Tr6_update4.png","6","308565","C:/Users/Public/Experiments/SM01/05-WMC/MU/MU_results/MUsbj043.csv","update","1300","4","0","326990","328292"
"MU.osexp","C:\Users\Public\Experiments\SM01\05-WMC\MU","Tr6_update5.png","6","308565","C:/Users/Public/Experiments/SM01/05-WMC/MU/MU_results/MUsbj043.csv","update","1300","4","0","328667","329969"
"MU.osexp","C:\Users\Public\Experiments\SM01\05-WMC\MU","Tr6_test1.png","6","336341","C:/Users/Public/Experiments/SM01/05-WMC/MU/MU_results/MUsbj043.csv","test","0","4","0","330358","336342"
"MU.osexp","C:\Users\Public\Experiments\SM01\05-WMC\MU","Tr6_test2.png","8","339325","C:/Users/Public/Experiments/SM01/05-WMC/MU/MU_results/MUsbj043.csv","test","0","4","0","337496","339326"
"MU.osexp","C:\Users\Public\Experiments\SM01\05-WMC\MU","Tr6_test3.png","6","344453","C:/Users/Public/Experiments/SM01/05-WMC/MU/MU_results/MUsbj043.csv","test","0","4","0","340455","344454"
"MU.osexp","C:\Users\Public\Experiments\SM01\05-WMC\MU","Tr6_test4.png","8","346381","C:/Users/Public/Experiments/SM01/05-WMC/MU/MU_results/MUsbj043.csv","test","0","4","0","345692","346381"
"MU.osexp","C:\Users\Public\Experiments\SM01\05-WMC\MU","wait.png","8","346381","C:/Users/Public/Experiments/SM01/05-WMC/MU/MU_results/MUsbj043.csv","wait","5000","5","0","347504","346381"
"MU.osexp","C:\Users\Public\Experiments\SM01\05-WMC\MU","fixation.png","8","346381","C:/Users/Public/Experiments/SM01/05-WMC/MU/MU_results/MUsbj043.csv","fix","1500","5","0","352626","346381"
"MU.osexp","C:\Users\Public\Experiments\SM01\05-WMC\MU","Tr7_study1.png","8","346381","C:/Users/Public/Experiments/SM01/05-WMC/MU/MU_results/MUsbj043.csv","study","1000","5","0","354269","355271"
"MU.osexp","C:\Users\Public\Experiments\SM01\05-WMC\MU","Tr7_study2.png","8","346381","C:/Users/Public/Experiments/SM01/05-WMC/MU/MU_results/MUsbj043.csv","study","1000","5","0","355806","356808"
"MU.osexp","C:\Users\Public\Experiments\SM01\05-WMC\MU","Tr7_study3.png","8","346381","C:/Users/Public/Experiments/SM01/05-WMC/MU/MU_results/MUsbj043.csv","study","1000","5","0","357168","358170"
"MU.osexp","C:\Users\Public\Experiments\SM01\05-WMC\MU","Tr7_study4.png","8","346381","C:/Users/Public/Experiments/SM01/05-WMC/MU/MU_results/MUsbj043.csv","study","1000","5","0","358545","359547"
"MU.osexp","C:\Users\Public\Experiments\SM01\05-WMC\MU","Tr7_study5.png","8","346381","C:/Users/Public/Experiments/SM01/05-WMC/MU/MU_results/MUsbj043.csv","study","1000","5","0","359923","360925"
"MU.osexp","C:\Users\Public\Experiments\SM01\05-WMC\MU","Tr7_update1.png","8","346381","C:/Users/Public/Experiments/SM01/05-WMC/MU/MU_results/MUsbj043.csv","update","1300","5","0","361302","362604"
"MU.osexp","C:\Users\Public\Experiments\SM01\05-WMC\MU","Tr7_update2.png","8","346381","C:/Users/Public/Experiments/SM01/05-WMC/MU/MU_results/MUsbj043.csv","update","1300","5","0","363002","364304"
"MU.osexp","C:\Users\Public\Experiments\SM01\05-WMC\MU","Tr7_update3.png","8","346381","C:/Users/Public/Experiments/SM01/05-WMC/MU/MU_results/MUsbj043.csv","update","1300","5","0","364700","366002"
"MU.osexp","C:\Users\Public\Experiments\SM01\05-WMC\MU","Tr7_update4.png","8","346381","C:/Users/Public/Experiments/SM01/05-WMC/MU/MU_results/MUsbj043.csv","update","1300","5","0","366397","367699"
"MU.osexp","C:\Users\Public\Experiments\SM01\05-WMC\MU","Tr7_update5.png","8","346381","C:/Users/Public/Experiments/SM01/05-WMC/MU/MU_results/MUsbj043.csv","update","1300","5","0","368096","369398"
"MU.osexp","C:\Users\Public\Experiments\SM01\05-WMC\MU","Tr7_test1.png","2","377581","C:/Users/Public/Experiments/SM01/05-WMC/MU/MU_results/MUsbj043.csv","test","0","5","0","369791","377582"
"MU.osexp","C:\Users\Public\Experiments\SM01\05-WMC\MU","Tr7_test2.png","5","382908","C:/Users/Public/Experiments/SM01/05-WMC/MU/MU_results/MUsbj043.csv","test","0","5","0","378697","382909"
"MU.osexp","C:\Users\Public\Experiments\SM01\05-WMC\MU","Tr7_test3.png","1","385013","C:/Users/Public/Experiments/SM01/05-WMC/MU/MU_results/MUsbj043.csv","test","0","5","0","384035","385014"
"MU.osexp","C:\Users\Public\Experiments\SM01\05-WMC\MU","Tr7_test4.png","2","386749","C:/Users/Public/Experiments/SM01/05-WMC/MU/MU_results/MUsbj043.csv","test","0","5","0","386136","386750"
"MU.osexp","C:\Users\Public\Experiments\SM01\05-WMC\MU","Tr7_test5.png","1","388205","C:/Users/Public/Experiments/SM01/05-WMC/MU/MU_results/MUsbj043.csv","test","0","5","0","387884","388206"
"MU.osexp","C:\Users\Public\Experiments\SM01\05-WMC\MU","wait.png","1","388205","C:/Users/Public/Experiments/SM01/05-WMC/MU/MU_results/MUsbj043.csv","wait","5000","4","0","389352","388206"
"MU.osexp","C:\Users\Public\Experiments\SM01\05-WMC\MU","fixation.png","1","388205","C:/Users/Public/Experiments/SM01/05-WMC/MU/MU_results/MUsbj043.csv","fix","1500","4","0","394506","388206"
"MU.osexp","C:\Users\Public\Experiments\SM01\05-WMC\MU","Tr8_study1.png","1","388205","C:/Users/Public/Experiments/SM01/05-WMC/MU/MU_results/MUsbj043.csv","study","1000","4","0","396148","397150"
"MU.osexp","C:\Users\Public\Experiments\SM01\05-WMC\MU","Tr8_study2.png","1","388205","C:/Users/Public/Experiments/SM01/05-WMC/MU/MU_results/MUsbj043.csv","study","1000","4","0","397517","398519"
"MU.osexp","C:\Users\Public\Experiments\SM01\05-WMC\MU","Tr8_study3.png","1","388205","C:/Users/Public/Experiments/SM01/05-WMC/MU/MU_results/MUsbj043.csv","study","1000","4","0","398918","399920"
"MU.osexp","C:\Users\Public\Experiments\SM01\05-WMC\MU","Tr8_study4.png","1","388205","C:/Users/Public/Experiments/SM01/05-WMC/MU/MU_results/MUsbj043.csv","study","1000","4","0","400301","401303"
"MU.osexp","C:\Users\Public\Experiments\SM01\05-WMC\MU","Tr8_update1.png","1","388205","C:/Users/Public/Experiments/SM01/05-WMC/MU/MU_results/MUsbj043.csv","update","1300","4","0","401668","402970"
"MU.osexp","C:\Users\Public\Experiments\SM01\05-WMC\MU","Tr8_update2.png","1","388205","C:/Users/Public/Experiments/SM01/05-WMC/MU/MU_results/MUsbj043.csv","update","1300","4","0","403378","404680"
"MU.osexp","C:\Users\Public\Experiments\SM01\05-WMC\MU","Tr8_update3.png","1","388205","C:/Users/Public/Experiments/SM01/05-WMC/MU/MU_results/MUsbj043.csv","update","1300","4","0","405064","406366"
"MU.osexp","C:\Users\Public\Experiments\SM01\05-WMC\MU","Tr8_test1.png","5","418460","C:/Users/Public/Experiments/SM01/05-WMC/MU/MU_results/MUsbj043.csv","test","0","4","0","406730","418461"
"MU.osexp","C:\Users\Public\Experiments\SM01\05-WMC\MU","Tr8_test2.png","6","421141","C:/Users/Public/Experiments/SM01/05-WMC/MU/MU_results/MUsbj043.csv","test","0","4","0","419605","421142"
"MU.osexp","C:\Users\Public\Experiments\SM01\05-WMC\MU","Tr8_test3.png","3","423389","C:/Users/Public/Experiments/SM01/05-WMC/MU/MU_results/MUsbj043.csv","test","0","4","0","422279","423390"
"MU.osexp","C:\Users\Public\Experiments\SM01\05-WMC\MU","Tr8_test4.png","2","425949","C:/Users/Public/Experiments/SM01/05-WMC/MU/MU_results/MUsbj043.csv","test","0","4","0","424516","425950"
"MU.osexp","C:\Users\Public\Experiments\SM01\05-WMC\MU","wait.png","2","425949","C:/Users/Public/Experiments/SM01/05-WMC/MU/MU_results/MUsbj043.csv","wait","5000","5","0","427065","425950"
"MU.osexp","C:\Users\Public\Experiments\SM01\05-WMC\MU","fixation.png","2","425949","C:/Users/Public/Experiments/SM01/05-WMC/MU/MU_results/MUsbj043.csv","fix","1500","5","0","432169","425950"
"MU.osexp","C:\Users\Public\Experiments\SM01\05-WMC\MU","Tr9_study1.png","2","425949","C:/Users/Public/Experiments/SM01/05-WMC/MU/MU_results/MUsbj043.csv","study","1000","5","0","433806","434808"
"MU.osexp","C:\Users\Public\Experiments\SM01\05-WMC\MU","Tr9_study2.png","2","425949","C:/Users/Public/Experiments/SM01/05-WMC/MU/MU_results/MUsbj043.csv","study","1000","5","0","435192","436194"
"MU.osexp","C:\Users\Public\Experiments\SM01\05-WMC\MU","Tr9_study3.png","2","425949","C:/Users/Public/Experiments/SM01/05-WMC/MU/MU_results/MUsbj043.csv","study","1000","5","0","436688","437690"
"MU.osexp","C:\Users\Public\Experiments\SM01\05-WMC\MU","Tr9_study4.png","2","425949","C:/Users/Public/Experiments/SM01/05-WMC/MU/MU_results/MUsbj043.csv","study","1000","5","0","438074","439076"
"MU.osexp","C:\Users\Public\Experiments\SM01\05-WMC\MU","Tr9_study5.png","2","425949","C:/Users/Public/Experiments/SM01/05-WMC/MU/MU_results/MUsbj043.csv","study","1000","5","0","439454","440456"
"MU.osexp","C:\Users\Public\Experiments\SM01\05-WMC\MU","Tr9_update1.png","2","425949","C:/Users/Public/Experiments/SM01/05-WMC/MU/MU_results/MUsbj043.csv","update","1300","5","0","440875","442177"
"MU.osexp","C:\Users\Public\Experiments\SM01\05-WMC\MU","Tr9_update2.png","2","425949","C:/Users/Public/Experiments/SM01/05-WMC/MU/MU_results/MUsbj043.csv","update","1300","5","0","442552","443854"
"MU.osexp","C:\Users\Public\Experiments\SM01\05-WMC\MU","Tr9_test1.png","9","447141","C:/Users/Public/Experiments/SM01/05-WMC/MU/MU_results/MUsbj043.csv","test","0","5","0","444226","447142"
"MU.osexp","C:\Users\Public\Experiments\SM01\05-WMC\MU","Tr9_test2.png","5","448821","C:/Users/Public/Experiments/SM01/05-WMC/MU/MU_results/MUsbj043.csv","test","0","5","0","448289","448822"
"MU.osexp","C:\Users\Public\Experiments\SM01\05-WMC\MU","Tr9_test3.png","4","450693","C:/Users/Public/Experiments/SM01/05-WMC/MU/MU_results/MUsbj043.csv","test","0","5","0","449951","450694"
"MU.osexp","C:\Users\Public\Experiments\SM01\05-WMC\MU","Tr9_test4.png","7","452101","C:/Users/Public/Experiments/SM01/05-WMC/MU/MU_results/MUsbj043.csv","test","0","5","0","451817","452102"
"MU.osexp","C:\Users\Public\Experiments\SM01\05-WMC\MU","Tr9_test5.png","3","453724","C:/Users/Public/Experiments/SM01/05-WMC/MU/MU_results/MUsbj043.csv","test","0","5","0","453227","453725"
"MU.osexp","C:\Users\Public\Experiments\SM01\05-WMC\MU","wait.png","3","453724","C:/Users/Public/Experiments/SM01/05-WMC/MU/MU_results/MUsbj043.csv","wait","5000","3","0","454850","453725"
"MU.osexp","C:\Users\Public\Experiments\SM01\05-WMC\MU","fixation.png","3","453724","C:/Users/Public/Experiments/SM01/05-WMC/MU/MU_results/MUsbj043.csv","fix","1500","3","0","459976","453725"
"MU.osexp","C:\Users\Public\Experiments\SM01\05-WMC\MU","Tr10_study1.png","3","453724","C:/Users/Public/Experiments/SM01/05-WMC/MU/MU_results/MUsbj043.csv","study","1000","3","0","461600","462602"
"MU.osexp","C:\Users\Public\Experiments\SM01\05-WMC\MU","Tr10_study2.png","3","453724","C:/Users/Public/Experiments/SM01/05-WMC/MU/MU_results/MUsbj043.csv","study","1000","3","0","462974","463976"
"MU.osexp","C:\Users\Public\Experiments\SM01\05-WMC\MU","Tr10_study3.png","3","453724","C:/Users/Public/Experiments/SM01/05-WMC/MU/MU_results/MUsbj043.csv","study","1000","3","0","464367","465369"
"MU.osexp","C:\Users\Public\Experiments\SM01\05-WMC\MU","Tr10_update1.png","3","453724","C:/Users/Public/Experiments/SM01/05-WMC/MU/MU_results/MUsbj043.csv","update","1300","3","0","465752","467054"
"MU.osexp","C:\Users\Public\Experiments\SM01\05-WMC\MU","Tr10_update2.png","3","453724","C:/Users/Public/Experiments/SM01/05-WMC/MU/MU_results/MUsbj043.csv","update","1300","3","0","467438","468740"
"MU.osexp","C:\Users\Public\Experiments\SM01\05-WMC\MU","Tr10_test1.png","5","476973","C:/Users/Public/Experiments/SM01/05-WMC/MU/MU_results/MUsbj043.csv","test","0","3","0","469131","476974"
"MU.osexp","C:\Users\Public\Experiments\SM01\05-WMC\MU","Tr10_test2.png","3","479541","C:/Users/Public/Experiments/SM01/05-WMC/MU/MU_results/MUsbj043.csv","test","0","3","0","478114","479542"
"MU.osexp","C:\Users\Public\Experiments\SM01\05-WMC\MU","Tr10_test3.png","5","481629","C:/Users/Public/Experiments/SM01/05-WMC/MU/MU_results/MUsbj043.csv","test","0","3","0","480665","481630"
"MU.osexp","C:\Users\Public\Experiments\SM01\05-WMC\MU","wait.png","5","481629","C:/Users/Public/Experiments/SM01/05-WMC/MU/MU_results/MUsbj043.csv","wait","5000","5","0","482753","481630"
"MU.osexp","C:\Users\Public\Experiments\SM01\05-WMC\MU","fixation.png","5","481629","C:/Users/Public/Experiments/SM01/05-WMC/MU/MU_results/MUsbj043.csv","fix","1500","5","0","487905","481630"
"MU.osexp","C:\Users\Public\Experiments\SM01\05-WMC\MU","Tr11_study1.png","5","481629","C:/Users/Public/Experiments/SM01/05-WMC/MU/MU_results/MUsbj043.csv","study","1000","5","0","489547","490551"
"MU.osexp","C:\Users\Public\Experiments\SM01\05-WMC\MU","Tr11_study2.png","5","481629","C:/Users/Public/Experiments/SM01/05-WMC/MU/MU_results/MUsbj043.csv","study","1000","5","0","490933","491935"
"MU.osexp","C:\Users\Public\Experiments\SM01\05-WMC\MU","Tr11_study3.png","5","481629","C:/Users/Public/Experiments/SM01/05-WMC/MU/MU_results/MUsbj043.csv","study","1000","5","0","492286","493288"
"MU.osexp","C:\Users\Public\Experiments\SM01\05-WMC\MU","Tr11_study4.png","5","481629","C:/Users/Public/Experiments/SM01/05-WMC/MU/MU_results/MUsbj043.csv","study","1000","5","0","493655","494657"
"MU.osexp","C:\Users\Public\Experiments\SM01\05-WMC\MU","Tr11_study5.png","5","481629","C:/Users/Public/Experiments/SM01/05-WMC/MU/MU_results/MUsbj043.csv","study","1000","5","0","495037","496039"
"MU.osexp","C:\Users\Public\Experiments\SM01\05-WMC\MU","Tr11_update1.png","5","481629","C:/Users/Public/Experiments/SM01/05-WMC/MU/MU_results/MUsbj043.csv","update","1300","5","0","496440","497742"
"MU.osexp","C:\Users\Public\Experiments\SM01\05-WMC\MU","Tr11_update2.png","5","481629","C:/Users/Public/Experiments/SM01/05-WMC/MU/MU_results/MUsbj043.csv","update","1300","5","0","498115","499417"
"MU.osexp","C:\Users\Public\Experiments\SM01\05-WMC\MU","Tr11_update3.png","5","481629","C:/Users/Public/Experiments/SM01/05-WMC/MU/MU_results/MUsbj043.csv","update","1300","5","0","499782","501084"
"MU.osexp","C:\Users\Public\Experiments\SM01\05-WMC\MU","Tr11_test1.png","1","506093","C:/Users/Public/Experiments/SM01/05-WMC/MU/MU_results/MUsbj043.csv","test","0","5","0","501478","506093"
"MU.osexp","C:\Users\Public\Experiments\SM01\05-WMC\MU","Tr11_test2.png","2","508805","C:/Users/Public/Experiments/SM01/05-WMC/MU/MU_results/MUsbj043.csv","test","0","5","0","507217","508806"
"MU.osexp","C:\Users\Public\Experiments\SM01\05-WMC\MU","Tr11_test3.png","7","511725","C:/Users/Public/Experiments/SM01/05-WMC/MU/MU_results/MUsbj043.csv","test","0","5","0","509926","511726"
"MU.osexp","C:\Users\Public\Experiments\SM01\05-WMC\MU","Tr11_test4.png","9","514973","C:/Users/Public/Experiments/SM01/05-WMC/MU/MU_results/MUsbj043.csv","test","0","5","0","512868","514974"
"MU.osexp","C:\Users\Public\Experiments\SM01\05-WMC\MU","Tr11_test5.png","2","518077","C:/Users/Public/Experiments/SM01/05-WMC/MU/MU_results/MUsbj043.csv","test","0","5","0","516114","518078"
"MU.osexp","C:\Users\Public\Experiments\SM01\05-WMC\MU","wait.png","2","518077","C:/Users/Public/Experiments/SM01/05-WMC/MU/MU_results/MUsbj043.csv","wait","5000","3","0","519185","518078"
"MU.osexp","C:\Users\Public\Experiments\SM01\05-WMC\MU","fixation.png","2","518077","C:/Users/Public/Experiments/SM01/05-WMC/MU/MU_results/MUsbj043.csv","fix","1500","3","0","524347","518078"
"MU.osexp","C:\Users\Public\Experiments\SM01\05-WMC\MU","Tr12_study1.png","2","518077","C:/Users/Public/Experiments/SM01/05-WMC/MU/MU_results/MUsbj043.csv","study","1000","3","0","525993","526995"
"MU.osexp","C:\Users\Public\Experiments\SM01\05-WMC\MU","Tr12_study2.png","2","518077","C:/Users/Public/Experiments/SM01/05-WMC/MU/MU_results/MUsbj043.csv","study","1000","3","0","527396","528398"
"MU.osexp","C:\Users\Public\Experiments\SM01\05-WMC\MU","Tr12_study3.png","2","518077","C:/Users/Public/Experiments/SM01/05-WMC/MU/MU_results/MUsbj043.csv","study","1000","3","0","528785","529787"
"MU.osexp","C:\Users\Public\Experiments\SM01\05-WMC\MU","Tr12_update1.png","2","518077","C:/Users/Public/Experiments/SM01/05-WMC/MU/MU_results/MUsbj043.csv","update","1300","3","0","530205","531507"
"MU.osexp","C:\Users\Public\Experiments\SM01\05-WMC\MU","Tr12_update2.png","2","518077","C:/Users/Public/Experiments/SM01/05-WMC/MU/MU_results/MUsbj043.csv","update","1300","3","0","531908","533210"
"MU.osexp","C:\Users\Public\Experiments\SM01\05-WMC\MU","Tr12_update3.png","2","518077","C:/Users/Public/Experiments/SM01/05-WMC/MU/MU_results/MUsbj043.csv","update","1300","3","0","533578","534880"
"MU.osexp","C:\Users\Public\Experiments\SM01\05-WMC\MU","Tr12_update4.png","2","518077","C:/Users/Public/Experiments/SM01/05-WMC/MU/MU_results/MUsbj043.csv","update","1300","3","0","535220","536522"
"MU.osexp","C:\Users\Public\Experiments\SM01\05-WMC\MU","Tr12_update5.png","2","518077","C:/Users/Public/Experiments/SM01/05-WMC/MU/MU_results/MUsbj043.csv","update","1300","3","0","536894","538196"
"MU.osexp","C:\Users\Public\Experiments\SM01\05-WMC\MU","Tr12_test1.png","1","543493","C:/Users/Public/Experiments/SM01/05-WMC/MU/MU_results/MUsbj043.csv","test","0","3","0","538551","543494"
"MU.osexp","C:\Users\Public\Experiments\SM01\05-WMC\MU","Tr12_test2.png","3","545133","C:/Users/Public/Experiments/SM01/05-WMC/MU/MU_results/MUsbj043.csv","test","0","3","0","544672","545134"
"MU.osexp","C:\Users\Public\Experiments\SM01\05-WMC\MU","Tr12_test3.png","1","546581","C:/Users/Public/Experiments/SM01/05-WMC/MU/MU_results/MUsbj043.csv","test","0","3","0","546268","546582"
"MU.osexp","C:\Users\Public\Experiments\SM01\05-WMC\MU","wait.png","1","546581","C:/Users/Public/Experiments/SM01/05-WMC/MU/MU_results/MUsbj043.csv","wait","5000","3","0","547698","546582"
"MU.osexp","C:\Users\Public\Experiments\SM01\05-WMC\MU","fixation.png","1","546581","C:/Users/Public/Experiments/SM01/05-WMC/MU/MU_results/MUsbj043.csv","fix","1500","3","0","552815","546582"
"MU.osexp","C:\Users\Public\Experiments\SM01\05-WMC\MU","Tr13_study1.png","1","546581","C:/Users/Public/Experiments/SM01/05-WMC/MU/MU_results/MUsbj043.csv","study","1000","3","0","554459","555461"
"MU.osexp","C:\Users\Public\Experiments\SM01\05-WMC\MU","Tr13_study2.png","1","546581","C:/Users/Public/Experiments/SM01/05-WMC/MU/MU_results/MUsbj043.csv","study","1000","3","0","555812","556814"
"MU.osexp","C:\Users\Public\Experiments\SM01\05-WMC\MU","Tr13_study3.png","1","546581","C:/Users/Public/Experiments/SM01/05-WMC/MU/MU_results/MUsbj043.csv","study","1000","3","0","557201","558203"
"MU.osexp","C:\Users\Public\Experiments\SM01\05-WMC\MU","Tr13_update1.png","1","546581","C:/Users/Public/Experiments/SM01/05-WMC/MU/MU_results/MUsbj043.csv","update","1300","3","0","558585","559887"
"MU.osexp","C:\Users\Public\Experiments\SM01\05-WMC\MU","Tr13_update2.png","1","546581","C:/Users/Public/Experiments/SM01/05-WMC/MU/MU_results/MUsbj043.csv","update","1300","3","0","560265","561567"
"MU.osexp","C:\Users\Public\Experiments\SM01\05-WMC\MU","Tr13_update3.png","1","546581","C:/Users/Public/Experiments/SM01/05-WMC/MU/MU_results/MUsbj043.csv","update","1300","3","0","561949","563251"
"MU.osexp","C:\Users\Public\Experiments\SM01\05-WMC\MU","Tr13_update4.png","1","546581","C:/Users/Public/Experiments/SM01/05-WMC/MU/MU_results/MUsbj043.csv","update","1300","3","0","563617","564919"
"MU.osexp","C:\Users\Public\Experiments\SM01\05-WMC\MU","Tr13_test1.png","3","568005","C:/Users/Public/Experiments/SM01/05-WMC/MU/MU_results/MUsbj043.csv","test","0","3","0","565319","568006"
"MU.osexp","C:\Users\Public\Experiments\SM01\05-WMC\MU","Tr13_test2.png","1","570069","C:/Users/Public/Experiments/SM01/05-WMC/MU/MU_results/MUsbj043.csv","test","0","3","0","569181","570070"
"MU.osexp","C:\Users\Public\Experiments\SM01\05-WMC\MU","Tr13_test3.png","5","572973","C:/Users/Public/Experiments/SM01/05-WMC/MU/MU_results/MUsbj043.csv","test","0","3","0","571205","572974"
"MU.osexp","C:\Users\Public\Experiments\SM01\05-WMC\MU","wait.png","5","572973","C:/Users/Public/Experiments/SM01/05-WMC/MU/MU_results/MUsbj043.csv","wait","5000","5","0","574103","572974"
"MU.osexp","C:\Users\Public\Experiments\SM01\05-WMC\MU","fixation.png","5","572973","C:/Users/Public/Experiments/SM01/05-WMC/MU/MU_results/MUsbj043.csv","fix","1500","5","0","579250","572974"
"MU.osexp","C:\Users\Public\Experiments\SM01\05-WMC\MU","Tr14_study1.png","5","572973","C:/Users/Public/Experiments/SM01/05-WMC/MU/MU_results/MUsbj043.csv","study","1000","5","0","580855","581857"
"MU.osexp","C:\Users\Public\Experiments\SM01\05-WMC\MU","Tr14_study2.png","5","572973","C:/Users/Public/Experiments/SM01/05-WMC/MU/MU_results/MUsbj043.csv","study","1000","5","0","582198","583200"
"MU.osexp","C:\Users\Public\Experiments\SM01\05-WMC\MU","Tr14_study3.png","5","572973","C:/Users/Public/Experiments/SM01/05-WMC/MU/MU_results/MUsbj043.csv","study","1000","5","0","583600","584602"
"MU.osexp","C:\Users\Public\Experiments\SM01\05-WMC\MU","Tr14_study4.png","5","572973","C:/Users/Public/Experiments/SM01/05-WMC/MU/MU_results/MUsbj043.csv","study","1000","5","0","584984","585986"
"MU.osexp","C:\Users\Public\Experiments\SM01\05-WMC\MU","Tr14_study5.png","5","572973","C:/Users/Public/Experiments/SM01/05-WMC/MU/MU_results/MUsbj043.csv","study","1000","5","0","586429","587431"
"MU.osexp","C:\Users\Public\Experiments\SM01\05-WMC\MU","Tr14_update1.png","5","572973","C:/Users/Public/Experiments/SM01/05-WMC/MU/MU_results/MUsbj043.csv","update","1300","5","0","587828","589130"
"MU.osexp","C:\Users\Public\Experiments\SM01\05-WMC\MU","Tr14_update2.png","5","572973","C:/Users/Public/Experiments/SM01/05-WMC/MU/MU_results/MUsbj043.csv","update","1300","5","0","589513","590815"
"MU.osexp","C:\Users\Public\Experiments\SM01\05-WMC\MU","Tr14_update3.png","5","572973","C:/Users/Public/Experiments/SM01/05-WMC/MU/MU_results/MUsbj043.csv","update","1300","5","0","591194","592496"
"MU.osexp","C:\Users\Public\Experiments\SM01\05-WMC\MU","Tr14_update4.png","5","572973","C:/Users/Public/Experiments/SM01/05-WMC/MU/MU_results/MUsbj043.csv","update","1300","5","0","592874","594176"
"MU.osexp","C:\Users\Public\Experiments\SM01\05-WMC\MU","Tr14_test1.png","8","598773","C:/Users/Public/Experiments/SM01/05-WMC/MU/MU_results/MUsbj043.csv","test","0","5","0","594560","598774"
"MU.osexp","C:\Users\Public\Experiments\SM01\05-WMC\MU","Tr14_test2.png","5","603173","C:/Users/Public/Experiments/SM01/05-WMC/MU/MU_results/MUsbj043.csv","test","0","5","0","599898","603174"
"MU.osexp","C:\Users\Public\Experiments\SM01\05-WMC\MU","Tr14_test3.png","3","608669","C:/Users/Public/Experiments/SM01/05-WMC/MU/MU_results/MUsbj043.csv","test","0","5","0","604323","608670"
"MU.osexp","C:\Users\Public\Experiments\SM01\05-WMC\MU","Tr14_test4.png","4","611333","C:/Users/Public/Experiments/SM01/05-WMC/MU/MU_results/MUsbj043.csv","test","0","5","0","609900","611334"
"MU.osexp","C:\Users\Public\Experiments\SM01\05-WMC\MU","Tr14_test5.png","8","612789","C:/Users/Public/Experiments/SM01/05-WMC/MU/MU_results/MUsbj043.csv","test","0","5","0","612462","612790"
"MU.osexp","C:\Users\Public\Experiments\SM01\05-WMC\MU","wait.png","8","612789","C:/Users/Public/Experiments/SM01/05-WMC/MU/MU_results/MUsbj043.csv","wait","5000","4","0","613931","612790"
"MU.osexp","C:\Users\Public\Experiments\SM01\05-WMC\MU","fixation.png","8","612789","C:/Users/Public/Experiments/SM01/05-WMC/MU/MU_results/MUsbj043.csv","fix","1500","4","0","619081","612790"
"MU.osexp","C:\Users\Public\Experiments\SM01\05-WMC\MU","Tr15_study1.png","8","612789","C:/Users/Public/Experiments/SM01/05-WMC/MU/MU_results/MUsbj043.csv","study","1000","4","0","620703","621705"
"MU.osexp","C:\Users\Public\Experiments\SM01\05-WMC\MU","Tr15_study2.png","8","612789","C:/Users/Public/Experiments/SM01/05-WMC/MU/MU_results/MUsbj043.csv","study","1000","4","0","622094","623096"
"MU.osexp","C:\Users\Public\Experiments\SM01\05-WMC\MU","Tr15_study3.png","8","612789","C:/Users/Public/Experiments/SM01/05-WMC/MU/MU_results/MUsbj043.csv","study","1000","4","0","623475","624477"
"MU.osexp","C:\Users\Public\Experiments\SM01\05-WMC\MU","Tr15_study4.png","8","612789","C:/Users/Public/Experiments/SM01/05-WMC/MU/MU_results/MUsbj043.csv","study","1000","4","0","624857","625859"
"MU.osexp","C:\Users\Public\Experiments\SM01\05-WMC\MU","Tr15_update1.png","8","612789","C:/Users/Public/Experiments/SM01/05-WMC/MU/MU_results/MUsbj043.csv","update","1300","4","0","626233","627535"
"MU.osexp","C:\Users\Public\Experiments\SM01\05-WMC\MU","Tr15_update2.png","8","612789","C:/Users/Public/Experiments/SM01/05-WMC/MU/MU_results/MUsbj043.csv","update","1300","4","0","627910","629212"
"MU.osexp","C:\Users\Public\Experiments\SM01\05-WMC\MU","Tr15_update3.png","8","612789","C:/Users/Public/Experiments/SM01/05-WMC/MU/MU_results/MUsbj043.csv","update","1300","4","0","629594","630896"
"MU.osexp","C:\Users\Public\Experiments\SM01\05-WMC\MU","Tr15_update4.png","8","612789","C:/Users/Public/Experiments/SM01/05-WMC/MU/MU_results/MUsbj043.csv","update","1300","4","0","631276","632578"
"MU.osexp","C:\Users\Public\Experiments\SM01\05-WMC\MU","Tr15_update5.png","8","612789","C:/Users/Public/Experiments/SM01/05-WMC/MU/MU_results/MUsbj043.csv","update","1300","4","0","632970","634272"
"MU.osexp","C:\Users\Public\Experiments\SM01\05-WMC\MU","Tr15_update6.png","8","612789","C:/Users/Public/Experiments/SM01/05-WMC/MU/MU_results/MUsbj043.csv","update","1300","4","0","634664","635966"
"MU.osexp","C:\Users\Public\Experiments\SM01\05-WMC\MU","Tr15_test1.png","9","639549","C:/Users/Public/Experiments/SM01/05-WMC/MU/MU_results/MUsbj043.csv","test","0","4","0","636359","639550"
"MU.osexp","C:\Users\Public\Experiments\SM01\05-WMC\MU","Tr15_test2.png","5","643429","C:/Users/Public/Experiments/SM01/05-WMC/MU/MU_results/MUsbj043.csv","test","0","4","0","640686","643430"
"MU.osexp","C:\Users\Public\Experiments\SM01\05-WMC\MU","Tr15_test3.png","3","645861","C:/Users/Public/Experiments/SM01/05-WMC/MU/MU_results/MUsbj043.csv","test","0","4","0","644564","645862"
"MU.osexp","C:\Users\Public\Experiments\SM01\05-WMC\MU","Tr15_test4.png","7","648493","C:/Users/Public/Experiments/SM01/05-WMC/MU/MU_results/MUsbj043.csv","test","0","4","0","646994","648494"
"MU.osexp","C:\Users\Public\Experiments\SM01\05-WMC\MU","wait.png","7","648493","C:/Users/Public/Experiments/SM01/05-WMC/MU/MU_results/MUsbj043.csv","wait","5000","4","0","649625","648494"
"MU.osexp","C:\Users\Public\Experiments\SM01\05-WMC\MU","fixation.png","7","648493","C:/Users/Public/Experiments/SM01/05-WMC/MU/MU_results/MUsbj043.csv","fix","1500","4","0","654785","648494"
"MU.osexp","C:\Users\Public\Experiments\SM01\05-WMC\MU","Tr16_study1.png","7","648493","C:/Users/Public/Experiments/SM01/05-WMC/MU/MU_results/MUsbj043.csv","study","1000","4","0","656436","657438"
"MU.osexp","C:\Users\Public\Experiments\SM01\05-WMC\MU","Tr16_study2.png","7","648493","C:/Users/Public/Experiments/SM01/05-WMC/MU/MU_results/MUsbj043.csv","study","1000","4","0","657835","658837"
"MU.osexp","C:\Users\Public\Experiments\SM01\05-WMC\MU","Tr16_study3.png","7","648493","C:/Users/Public/Experiments/SM01/05-WMC/MU/MU_results/MUsbj043.csv","study","1000","4","0","659225","660227"
"MU.osexp","C:\Users\Public\Experiments\SM01\05-WMC\MU","Tr16_study4.png","7","648493","C:/Users/Public/Experiments/SM01/05-WMC/MU/MU_results/MUsbj043.csv","study","1000","4","0","660607","661609"
"MU.osexp","C:\Users\Public\Experiments\SM01\05-WMC\MU","Tr16_update1.png","7","648493","C:/Users/Public/Experiments/SM01/05-WMC/MU/MU_results/MUsbj043.csv","update","1300","4","0","662005","663307"
"MU.osexp","C:\Users\Public\Experiments\SM01\05-WMC\MU","Tr16_update2.png","7","648493","C:/Users/Public/Experiments/SM01/05-WMC/MU/MU_results/MUsbj043.csv","update","1300","4","0","663688","664990"
"MU.osexp","C:\Users\Public\Experiments\SM01\05-WMC\MU","Tr16_test1.png","9","678933","C:/Users/Public/Experiments/SM01/05-WMC/MU/MU_results/MUsbj043.csv","test","0","4","0","665420","678934"
"MU.osexp","C:\Users\Public\Experiments\SM01\05-WMC\MU","Tr16_test2.png","8","681982","C:/Users/Public/Experiments/SM01/05-WMC/MU/MU_results/MUsbj043.csv","test","0","4","0","680059","681983"
"MU.osexp","C:\Users\Public\Experiments\SM01\05-WMC\MU","Tr16_test3.png","9","684141","C:/Users/Public/Experiments/SM01/05-WMC/MU/MU_results/MUsbj043.csv","test","0","4","0","683117","684142"
"MU.osexp","C:\Users\Public\Experiments\SM01\05-WMC\MU","Tr16_test4.png","6","686469","C:/Users/Public/Experiments/SM01/05-WMC/MU/MU_results/MUsbj043.csv","test","0","4","0","685248","686470"
"MU.osexp","C:\Users\Public\Experiments\SM01\05-WMC\MU","wait.png","6","686469","C:/Users/Public/Experiments/SM01/05-WMC/MU/MU_results/MUsbj043.csv","wait","5000","5","0","687635","686470"
"MU.osexp","C:\Users\Public\Experiments\SM01\05-WMC\MU","fixation.png","6","686469","C:/Users/Public/Experiments/SM01/05-WMC/MU/MU_results/MUsbj043.csv","fix","1500","5","0","692772","686470"
"MU.osexp","C:\Users\Public\Experiments\SM01\05-WMC\MU","Tr17_study1.png","6","686469","C:/Users/Public/Experiments/SM01/05-WMC/MU/MU_results/MUsbj043.csv","study","1000","5","0","694397","695399"
"MU.osexp","C:\Users\Public\Experiments\SM01\05-WMC\MU","Tr17_study2.png","6","686469","C:/Users/Public/Experiments/SM01/05-WMC/MU/MU_results/MUsbj043.csv","study","1000","5","0","695775","696777"
"MU.osexp","C:\Users\Public\Experiments\SM01\05-WMC\MU","Tr17_study3.png","6","686469","C:/Users/Public/Experiments/SM01/05-WMC/MU/MU_results/MUsbj043.csv","study","1000","5","0","697183","698185"
"MU.osexp","C:\Users\Public\Experiments\SM01\05-WMC\MU","Tr17_study4.png","6","686469","C:/Users/Public/Experiments/SM01/05-WMC/MU/MU_results/MUsbj043.csv","study","1000","5","0","698541","699543"
"MU.osexp","C:\Users\Public\Experiments\SM01\05-WMC\MU","Tr17_study5.png","6","686469","C:/Users/Public/Experiments/SM01/05-WMC/MU/MU_results/MUsbj043.csv","study","1000","5","0","699924","700926"
"MU.osexp","C:\Users\Public\Experiments\SM01\05-WMC\MU","Tr17_update1.png","6","686469","C:/Users/Public/Experiments/SM01/05-WMC/MU/MU_results/MUsbj043.csv","update","1300","5","0","701298","702600"
"MU.osexp","C:\Users\Public\Experiments\SM01\05-WMC\MU","Tr17_update2.png","6","686469","C:/Users/Public/Experiments/SM01/05-WMC/MU/MU_results/MUsbj043.csv","update","1300","5","0","702996","704298"
"MU.osexp","C:\Users\Public\Experiments\SM01\05-WMC\MU","Tr17_update3.png","6","686469","C:/Users/Public/Experiments/SM01/05-WMC/MU/MU_results/MUsbj043.csv","update","1300","5","0","704683","705985"
"MU.osexp","C:\Users\Public\Experiments\SM01\05-WMC\MU","Tr17_update4.png","6","686469","C:/Users/Public/Experiments/SM01/05-WMC/MU/MU_results/MUsbj043.csv","update","1300","5","0","706373","707675"
"MU.osexp","C:\Users\Public\Experiments\SM01\05-WMC\MU","Tr17_update5.png","6","686469","C:/Users/Public/Experiments/SM01/05-WMC/MU/MU_results/MUsbj043.csv","update","1300","5","0","708066","709368"
"MU.osexp","C:\Users\Public\Experiments\SM01\05-WMC\MU","Tr17_update6.png","6","686469","C:/Users/Public/Experiments/SM01/05-WMC/MU/MU_results/MUsbj043.csv","update","1300","5","0","709745","711047"
"MU.osexp","C:\Users\Public\Experiments\SM01\05-WMC\MU","Tr17_test1.png","5","717214","C:/Users/Public/Experiments/SM01/05-WMC/MU/MU_results/MUsbj043.csv","test","0","5","0","711425","717215"
"MU.osexp","C:\Users\Public\Experiments\SM01\05-WMC\MU","Tr17_test2.png","9","718614","C:/Users/Public/Experiments/SM01/05-WMC/MU/MU_results/MUsbj043.csv","test","0","5","0","718333","718614"
"MU.osexp","C:\Users\Public\Experiments\SM01\05-WMC\MU","Tr17_test3.png","5","720005","C:/Users/Public/Experiments/SM01/05-WMC/MU/MU_results/MUsbj043.csv","test","0","5","0","719745","720006"
"MU.osexp","C:\Users\Public\Experiments\SM01\05-WMC\MU","Tr17_test4.png","3","721365","C:/Users/Public/Experiments/SM01/05-WMC/MU/MU_results/MUsbj043.csv","test","0","5","0","721136","721366"
"MU.osexp","C:\Users\Public\Experiments\SM01\05-WMC\MU","Tr17_test5.png","5","722765","C:/Users/Public/Experiments/SM01/05-WMC/MU/MU_results/MUsbj043.csv","test","0","5","0","722503","722766"
