"experiment_file","experiment_path","image","key","key_time","logfile","phase","playtime","setSize","subject_nr","timestamp","waittime"
"MU.osexp","C:\Users\Public\Experiments\SM01\05-WMC\MU","ready1.png","NA","NA","C:/Users/Public/Experiments/SM01/05-WMC/MU/MU_results/MUsbj024.csv","pre","0","3","0","134421","NA"
"MU.osexp","C:\Users\Public\Experiments\SM01\05-WMC\MU","fixation.png","NA","NA","C:/Users/Public/Experiments/SM01/05-WMC/MU/MU_results/MUsbj024.csv","fix","1500","3","0","136982","NA"
"MU.osexp","C:\Users\Public\Experiments\SM01\05-WMC\MU","Tr1_study1.png","NA","NA","C:/Users/Public/Experiments/SM01/05-WMC/MU/MU_results/MUsbj024.csv","study","1000","3","0","138604","139606"
"MU.osexp","C:\Users\Public\Experiments\SM01\05-WMC\MU","Tr1_study2.png","NA","NA","C:/Users/Public/Experiments/SM01/05-WMC/MU/MU_results/MUsbj024.csv","study","1000","3","0","139981","140983"
"MU.osexp","C:\Users\Public\Experiments\SM01\05-WMC\MU","Tr1_study3.png","NA","NA","C:/Users/Public/Experiments/SM01/05-WMC/MU/MU_results/MUsbj024.csv","study","1000","3","0","141352","142354"
"MU.osexp","C:\Users\Public\Experiments\SM01\05-WMC\MU","Tr1_update1.png","NA","NA","C:/Users/Public/Experiments/SM01/05-WMC/MU/MU_results/MUsbj024.csv","update","1300","3","0","142706","144008"
"MU.osexp","C:\Users\Public\Experiments\SM01\05-WMC\MU","Tr1_update2.png","NA","NA","C:/Users/Public/Experiments/SM01/05-WMC/MU/MU_results/MUsbj024.csv","update","1300","3","0","144365","145667"
"MU.osexp","C:\Users\Public\Experiments\SM01\05-WMC\MU","Tr1_update3.png","NA","NA","C:/Users/Public/Experiments/SM01/05-WMC/MU/MU_results/MUsbj024.csv","update","1300","3","0","146038","147340"
"MU.osexp","C:\Users\Public\Experiments\SM01\05-WMC\MU","Tr1_test1.png","9","193814","C:/Users/Public/Experiments/SM01/05-WMC/MU/MU_results/MUsbj024.csv","test","0","3","0","147784","193815"
"MU.osexp","C:\Users\Public\Experiments\SM01\05-WMC\MU","Tr1_test2.png","3","207118","C:/Users/Public/Experiments/SM01/05-WMC/MU/MU_results/MUsbj024.csv","test","0","3","0","194934","207119"
"MU.osexp","C:\Users\Public\Experiments\SM01\05-WMC\MU","Tr1_test3.png","4","209462","C:/Users/Public/Experiments/SM01/05-WMC/MU/MU_results/MUsbj024.csv","test","0","3","0","208242","209463"
"MU.osexp","C:\Users\Public\Experiments\SM01\05-WMC\MU","wait.png","4","209462","C:/Users/Public/Experiments/SM01/05-WMC/MU/MU_results/MUsbj024.csv","wait","5000","3","0","210598","209463"
"MU.osexp","C:\Users\Public\Experiments\SM01\05-WMC\MU","fixation.png","4","209462","C:/Users/Public/Experiments/SM01/05-WMC/MU/MU_results/MUsbj024.csv","fix","1500","3","0","215697","209463"
"MU.osexp","C:\Users\Public\Experiments\SM01\05-WMC\MU","Tr2_study1.png","4","209462","C:/Users/Public/Experiments/SM01/05-WMC/MU/MU_results/MUsbj024.csv","study","1000","3","0","217319","218321"
"MU.osexp","C:\Users\Public\Experiments\SM01\05-WMC\MU","Tr2_study2.png","4","209462","C:/Users/Public/Experiments/SM01/05-WMC/MU/MU_results/MUsbj024.csv","study","1000","3","0","218697","219699"
"MU.osexp","C:\Users\Public\Experiments\SM01\05-WMC\MU","Tr2_study3.png","4","209462","C:/Users/Public/Experiments/SM01/05-WMC/MU/MU_results/MUsbj024.csv","study","1000","3","0","220061","221063"
"MU.osexp","C:\Users\Public\Experiments\SM01\05-WMC\MU","Tr2_update1.png","4","209462","C:/Users/Public/Experiments/SM01/05-WMC/MU/MU_results/MUsbj024.csv","update","1300","3","0","221406","222708"
"MU.osexp","C:\Users\Public\Experiments\SM01\05-WMC\MU","Tr2_update2.png","4","209462","C:/Users/Public/Experiments/SM01/05-WMC/MU/MU_results/MUsbj024.csv","update","1300","3","0","223073","224375"
"MU.osexp","C:\Users\Public\Experiments\SM01\05-WMC\MU","Tr2_update3.png","4","209462","C:/Users/Public/Experiments/SM01/05-WMC/MU/MU_results/MUsbj024.csv","update","1300","3","0","224721","226023"
"MU.osexp","C:\Users\Public\Experiments\SM01\05-WMC\MU","Tr2_test1.png","5","232901","C:/Users/Public/Experiments/SM01/05-WMC/MU/MU_results/MUsbj024.csv","test","0","3","0","226379","232902"
"MU.osexp","C:\Users\Public\Experiments\SM01\05-WMC\MU","Tr2_test2.png","1","241750","C:/Users/Public/Experiments/SM01/05-WMC/MU/MU_results/MUsbj024.csv","test","0","3","0","234008","241751"
"MU.osexp","C:\Users\Public\Experiments\SM01\05-WMC\MU","Tr2_test3.png","2","245502","C:/Users/Public/Experiments/SM01/05-WMC/MU/MU_results/MUsbj024.csv","test","0","3","0","242886","245503"
"MU.osexp","C:\Users\Public\Experiments\SM01\05-WMC\MU","ready2.png","2","245502","C:/Users/Public/Experiments/SM01/05-WMC/MU/MU_results/MUsbj024.csv","pre","0","3","0","259400","245503"
"MU.osexp","C:\Users\Public\Experiments\SM01\05-WMC\MU","fixation.png","2","245502","C:/Users/Public/Experiments/SM01/05-WMC/MU/MU_results/MUsbj024.csv","fix","1500","3","0","265278","245503"
"MU.osexp","C:\Users\Public\Experiments\SM01\05-WMC\MU","Tr3_study1.png","2","245502","C:/Users/Public/Experiments/SM01/05-WMC/MU/MU_results/MUsbj024.csv","study","1000","3","0","266858","267858"
"MU.osexp","C:\Users\Public\Experiments\SM01\05-WMC\MU","Tr3_study2.png","2","245502","C:/Users/Public/Experiments/SM01/05-WMC/MU/MU_results/MUsbj024.csv","study","1000","3","0","268205","269206"
"MU.osexp","C:\Users\Public\Experiments\SM01\05-WMC\MU","Tr3_study3.png","2","245502","C:/Users/Public/Experiments/SM01/05-WMC/MU/MU_results/MUsbj024.csv","study","1000","3","0","269541","270542"
"MU.osexp","C:\Users\Public\Experiments\SM01\05-WMC\MU","Tr3_update1.png","2","245502","C:/Users/Public/Experiments/SM01/05-WMC/MU/MU_results/MUsbj024.csv","update","1300","3","0","270992","272292"
"MU.osexp","C:\Users\Public\Experiments\SM01\05-WMC\MU","Tr3_update2.png","2","245502","C:/Users/Public/Experiments/SM01/05-WMC/MU/MU_results/MUsbj024.csv","update","1300","3","0","272656","273957"
"MU.osexp","C:\Users\Public\Experiments\SM01\05-WMC\MU","Tr3_update3.png","2","245502","C:/Users/Public/Experiments/SM01/05-WMC/MU/MU_results/MUsbj024.csv","update","1300","3","0","274294","275594"
"MU.osexp","C:\Users\Public\Experiments\SM01\05-WMC\MU","Tr3_test1.png","5","283702","C:/Users/Public/Experiments/SM01/05-WMC/MU/MU_results/MUsbj024.csv","test","0","3","0","275914","283702"
"MU.osexp","C:\Users\Public\Experiments\SM01\05-WMC\MU","Tr3_test2.png","4","286861","C:/Users/Public/Experiments/SM01/05-WMC/MU/MU_results/MUsbj024.csv","test","0","3","0","284839","286862"
"MU.osexp","C:\Users\Public\Experiments\SM01\05-WMC\MU","Tr3_test3.png","8","289317","C:/Users/Public/Experiments/SM01/05-WMC/MU/MU_results/MUsbj024.csv","test","0","3","0","288030","289318"
"MU.osexp","C:\Users\Public\Experiments\SM01\05-WMC\MU","wait.png","8","289317","C:/Users/Public/Experiments/SM01/05-WMC/MU/MU_results/MUsbj024.csv","wait","5000","4","0","290412","289318"
"MU.osexp","C:\Users\Public\Experiments\SM01\05-WMC\MU","fixation.png","8","289317","C:/Users/Public/Experiments/SM01/05-WMC/MU/MU_results/MUsbj024.csv","fix","1500","4","0","295517","289318"
"MU.osexp","C:\Users\Public\Experiments\SM01\05-WMC\MU","Tr4_study1.png","8","289317","C:/Users/Public/Experiments/SM01/05-WMC/MU/MU_results/MUsbj024.csv","study","1000","4","0","297154","298156"
"MU.osexp","C:\Users\Public\Experiments\SM01\05-WMC\MU","Tr4_study2.png","8","289317","C:/Users/Public/Experiments/SM01/05-WMC/MU/MU_results/MUsbj024.csv","study","1000","4","0","298505","299507"
"MU.osexp","C:\Users\Public\Experiments\SM01\05-WMC\MU","Tr4_study3.png","8","289317","C:/Users/Public/Experiments/SM01/05-WMC/MU/MU_results/MUsbj024.csv","study","1000","4","0","299879","300881"
"MU.osexp","C:\Users\Public\Experiments\SM01\05-WMC\MU","Tr4_study4.png","8","289317","C:/Users/Public/Experiments/SM01/05-WMC/MU/MU_results/MUsbj024.csv","study","1000","4","0","301253","302255"
"MU.osexp","C:\Users\Public\Experiments\SM01\05-WMC\MU","Tr4_update1.png","8","289317","C:/Users/Public/Experiments/SM01/05-WMC/MU/MU_results/MUsbj024.csv","update","1300","4","0","302609","303911"
"MU.osexp","C:\Users\Public\Experiments\SM01\05-WMC\MU","Tr4_update2.png","8","289317","C:/Users/Public/Experiments/SM01/05-WMC/MU/MU_results/MUsbj024.csv","update","1300","4","0","304239","305541"
"MU.osexp","C:\Users\Public\Experiments\SM01\05-WMC\MU","Tr4_update3.png","8","289317","C:/Users/Public/Experiments/SM01/05-WMC/MU/MU_results/MUsbj024.csv","update","1300","4","0","305910","307212"
"MU.osexp","C:\Users\Public\Experiments\SM01\05-WMC\MU","Tr4_update4.png","8","289317","C:/Users/Public/Experiments/SM01/05-WMC/MU/MU_results/MUsbj024.csv","update","1300","4","0","307591","308893"
"MU.osexp","C:\Users\Public\Experiments\SM01\05-WMC\MU","Tr4_test1.png","1","314398","C:/Users/Public/Experiments/SM01/05-WMC/MU/MU_results/MUsbj024.csv","test","0","4","0","309269","314399"
"MU.osexp","C:\Users\Public\Experiments\SM01\05-WMC\MU","Tr4_test2.png","3","316182","C:/Users/Public/Experiments/SM01/05-WMC/MU/MU_results/MUsbj024.csv","test","0","4","0","315513","316183"
"MU.osexp","C:\Users\Public\Experiments\SM01\05-WMC\MU","Tr4_test3.png","4","318102","C:/Users/Public/Experiments/SM01/05-WMC/MU/MU_results/MUsbj024.csv","test","0","4","0","317308","318103"
"MU.osexp","C:\Users\Public\Experiments\SM01\05-WMC\MU","Tr4_test4.png","9","319822","C:/Users/Public/Experiments/SM01/05-WMC/MU/MU_results/MUsbj024.csv","test","0","4","0","319200","319823"
"MU.osexp","C:\Users\Public\Experiments\SM01\05-WMC\MU","wait.png","9","319822","C:/Users/Public/Experiments/SM01/05-WMC/MU/MU_results/MUsbj024.csv","wait","5000","3","0","320947","319823"
"MU.osexp","C:\Users\Public\Experiments\SM01\05-WMC\MU","fixation.png","9","319822","C:/Users/Public/Experiments/SM01/05-WMC/MU/MU_results/MUsbj024.csv","fix","1500","3","0","326050","319823"
"MU.osexp","C:\Users\Public\Experiments\SM01\05-WMC\MU","Tr5_study1.png","9","319822","C:/Users/Public/Experiments/SM01/05-WMC/MU/MU_results/MUsbj024.csv","study","1000","3","0","327669","328672"
"MU.osexp","C:\Users\Public\Experiments\SM01\05-WMC\MU","Tr5_study2.png","9","319822","C:/Users/Public/Experiments/SM01/05-WMC/MU/MU_results/MUsbj024.csv","study","1000","3","0","329022","330024"
"MU.osexp","C:\Users\Public\Experiments\SM01\05-WMC\MU","Tr5_study3.png","9","319822","C:/Users/Public/Experiments/SM01/05-WMC/MU/MU_results/MUsbj024.csv","study","1000","3","0","330369","331371"
"MU.osexp","C:\Users\Public\Experiments\SM01\05-WMC\MU","Tr5_update1.png","9","319822","C:/Users/Public/Experiments/SM01/05-WMC/MU/MU_results/MUsbj024.csv","update","1300","3","0","331733","333035"
"MU.osexp","C:\Users\Public\Experiments\SM01\05-WMC\MU","Tr5_update2.png","9","319822","C:/Users/Public/Experiments/SM01/05-WMC/MU/MU_results/MUsbj024.csv","update","1300","3","0","333392","334694"
"MU.osexp","C:\Users\Public\Experiments\SM01\05-WMC\MU","Tr5_update3.png","9","319822","C:/Users/Public/Experiments/SM01/05-WMC/MU/MU_results/MUsbj024.csv","update","1300","3","0","335027","336329"
"MU.osexp","C:\Users\Public\Experiments\SM01\05-WMC\MU","Tr5_update4.png","9","319822","C:/Users/Public/Experiments/SM01/05-WMC/MU/MU_results/MUsbj024.csv","update","1300","3","0","336689","337991"
"MU.osexp","C:\Users\Public\Experiments\SM01\05-WMC\MU","Tr5_update5.png","9","319822","C:/Users/Public/Experiments/SM01/05-WMC/MU/MU_results/MUsbj024.csv","update","1300","3","0","338335","339637"
"MU.osexp","C:\Users\Public\Experiments\SM01\05-WMC\MU","Tr5_update6.png","9","319822","C:/Users/Public/Experiments/SM01/05-WMC/MU/MU_results/MUsbj024.csv","update","1300","3","0","340018","341320"
"MU.osexp","C:\Users\Public\Experiments\SM01\05-WMC\MU","Tr5_test1.png","5","346590","C:/Users/Public/Experiments/SM01/05-WMC/MU/MU_results/MUsbj024.csv","test","0","3","0","341658","346591"
"MU.osexp","C:\Users\Public\Experiments\SM01\05-WMC\MU","Tr5_test2.png","7","348054","C:/Users/Public/Experiments/SM01/05-WMC/MU/MU_results/MUsbj024.csv","test","0","3","0","347692","348055"
"MU.osexp","C:\Users\Public\Experiments\SM01\05-WMC\MU","Tr5_test3.png","3","349214","C:/Users/Public/Experiments/SM01/05-WMC/MU/MU_results/MUsbj024.csv","test","0","3","0","349171","349215"
"MU.osexp","C:\Users\Public\Experiments\SM01\05-WMC\MU","wait.png","3","349214","C:/Users/Public/Experiments/SM01/05-WMC/MU/MU_results/MUsbj024.csv","wait","5000","4","0","350316","349215"
"MU.osexp","C:\Users\Public\Experiments\SM01\05-WMC\MU","fixation.png","3","349214","C:/Users/Public/Experiments/SM01/05-WMC/MU/MU_results/MUsbj024.csv","fix","1500","4","0","355482","349215"
"MU.osexp","C:\Users\Public\Experiments\SM01\05-WMC\MU","Tr6_study1.png","3","349214","C:/Users/Public/Experiments/SM01/05-WMC/MU/MU_results/MUsbj024.csv","study","1000","4","0","357096","358099"
"MU.osexp","C:\Users\Public\Experiments\SM01\05-WMC\MU","Tr6_study2.png","3","349214","C:/Users/Public/Experiments/SM01/05-WMC/MU/MU_results/MUsbj024.csv","study","1000","4","0","358561","359563"
"MU.osexp","C:\Users\Public\Experiments\SM01\05-WMC\MU","Tr6_study3.png","3","349214","C:/Users/Public/Experiments/SM01/05-WMC/MU/MU_results/MUsbj024.csv","study","1000","4","0","359914","360916"
"MU.osexp","C:\Users\Public\Experiments\SM01\05-WMC\MU","Tr6_study4.png","3","349214","C:/Users/Public/Experiments/SM01/05-WMC/MU/MU_results/MUsbj024.csv","study","1000","4","0","361307","362309"
"MU.osexp","C:\Users\Public\Experiments\SM01\05-WMC\MU","Tr6_update1.png","3","349214","C:/Users/Public/Experiments/SM01/05-WMC/MU/MU_results/MUsbj024.csv","update","1300","4","0","362690","363992"
"MU.osexp","C:\Users\Public\Experiments\SM01\05-WMC\MU","Tr6_update2.png","3","349214","C:/Users/Public/Experiments/SM01/05-WMC/MU/MU_results/MUsbj024.csv","update","1300","4","0","364356","365658"
"MU.osexp","C:\Users\Public\Experiments\SM01\05-WMC\MU","Tr6_update3.png","3","349214","C:/Users/Public/Experiments/SM01/05-WMC/MU/MU_results/MUsbj024.csv","update","1300","4","0","366010","367312"
"MU.osexp","C:\Users\Public\Experiments\SM01\05-WMC\MU","Tr6_update4.png","3","349214","C:/Users/Public/Experiments/SM01/05-WMC/MU/MU_results/MUsbj024.csv","update","1300","4","0","367655","368957"
"MU.osexp","C:\Users\Public\Experiments\SM01\05-WMC\MU","Tr6_update5.png","3","349214","C:/Users/Public/Experiments/SM01/05-WMC/MU/MU_results/MUsbj024.csv","update","1300","4","0","369323","370625"
"MU.osexp","C:\Users\Public\Experiments\SM01\05-WMC\MU","Tr6_test1.png","5","375021","C:/Users/Public/Experiments/SM01/05-WMC/MU/MU_results/MUsbj024.csv","test","0","4","0","371006","375022"
"MU.osexp","C:\Users\Public\Experiments\SM01\05-WMC\MU","Tr6_test2.png","1","377173","C:/Users/Public/Experiments/SM01/05-WMC/MU/MU_results/MUsbj024.csv","test","0","4","0","376104","377174"
"MU.osexp","C:\Users\Public\Experiments\SM01\05-WMC\MU","Tr6_test3.png","6","378734","C:/Users/Public/Experiments/SM01/05-WMC/MU/MU_results/MUsbj024.csv","test","0","4","0","378297","378735"
"MU.osexp","C:\Users\Public\Experiments\SM01\05-WMC\MU","Tr6_test4.png","4","380718","C:/Users/Public/Experiments/SM01/05-WMC/MU/MU_results/MUsbj024.csv","test","0","4","0","379847","380719"
"MU.osexp","C:\Users\Public\Experiments\SM01\05-WMC\MU","wait.png","4","380718","C:/Users/Public/Experiments/SM01/05-WMC/MU/MU_results/MUsbj024.csv","wait","5000","5","0","381815","380719"
"MU.osexp","C:\Users\Public\Experiments\SM01\05-WMC\MU","fixation.png","4","380718","C:/Users/Public/Experiments/SM01/05-WMC/MU/MU_results/MUsbj024.csv","fix","1500","5","0","386914","380719"
"MU.osexp","C:\Users\Public\Experiments\SM01\05-WMC\MU","Tr7_study1.png","4","380718","C:/Users/Public/Experiments/SM01/05-WMC/MU/MU_results/MUsbj024.csv","study","1000","5","0","388530","389532"
"MU.osexp","C:\Users\Public\Experiments\SM01\05-WMC\MU","Tr7_study2.png","4","380718","C:/Users/Public/Experiments/SM01/05-WMC/MU/MU_results/MUsbj024.csv","study","1000","5","0","389887","390889"
"MU.osexp","C:\Users\Public\Experiments\SM01\05-WMC\MU","Tr7_study3.png","4","380718","C:/Users/Public/Experiments/SM01/05-WMC/MU/MU_results/MUsbj024.csv","study","1000","5","0","391253","392255"
"MU.osexp","C:\Users\Public\Experiments\SM01\05-WMC\MU","Tr7_study4.png","4","380718","C:/Users/Public/Experiments/SM01/05-WMC/MU/MU_results/MUsbj024.csv","study","1000","5","0","392594","393596"
"MU.osexp","C:\Users\Public\Experiments\SM01\05-WMC\MU","Tr7_study5.png","4","380718","C:/Users/Public/Experiments/SM01/05-WMC/MU/MU_results/MUsbj024.csv","study","1000","5","0","393960","394961"
"MU.osexp","C:\Users\Public\Experiments\SM01\05-WMC\MU","Tr7_update1.png","4","380718","C:/Users/Public/Experiments/SM01/05-WMC/MU/MU_results/MUsbj024.csv","update","1300","5","0","395322","396624"
"MU.osexp","C:\Users\Public\Experiments\SM01\05-WMC\MU","Tr7_update2.png","4","380718","C:/Users/Public/Experiments/SM01/05-WMC/MU/MU_results/MUsbj024.csv","update","1300","5","0","397050","398351"
"MU.osexp","C:\Users\Public\Experiments\SM01\05-WMC\MU","Tr7_update3.png","4","380718","C:/Users/Public/Experiments/SM01/05-WMC/MU/MU_results/MUsbj024.csv","update","1300","5","0","398700","400002"
"MU.osexp","C:\Users\Public\Experiments\SM01\05-WMC\MU","Tr7_update4.png","4","380718","C:/Users/Public/Experiments/SM01/05-WMC/MU/MU_results/MUsbj024.csv","update","1300","5","0","400386","401688"
"MU.osexp","C:\Users\Public\Experiments\SM01\05-WMC\MU","Tr7_update5.png","4","380718","C:/Users/Public/Experiments/SM01/05-WMC/MU/MU_results/MUsbj024.csv","update","1300","5","0","402036","403338"
"MU.osexp","C:\Users\Public\Experiments\SM01\05-WMC\MU","Tr7_test1.png","6","406998","C:/Users/Public/Experiments/SM01/05-WMC/MU/MU_results/MUsbj024.csv","test","0","5","0","403687","406999"
"MU.osexp","C:\Users\Public\Experiments\SM01\05-WMC\MU","Tr7_test2.png","1","408390","C:/Users/Public/Experiments/SM01/05-WMC/MU/MU_results/MUsbj024.csv","test","0","5","0","408104","408390"
"MU.osexp","C:\Users\Public\Experiments\SM01\05-WMC\MU","Tr7_test3.png","2","410197","C:/Users/Public/Experiments/SM01/05-WMC/MU/MU_results/MUsbj024.csv","test","0","5","0","409492","410198"
"MU.osexp","C:\Users\Public\Experiments\SM01\05-WMC\MU","Tr7_test4.png","7","411557","C:/Users/Public/Experiments/SM01/05-WMC/MU/MU_results/MUsbj024.csv","test","0","5","0","411283","411558"
"MU.osexp","C:\Users\Public\Experiments\SM01\05-WMC\MU","Tr7_test5.png","4","413518","C:/Users/Public/Experiments/SM01/05-WMC/MU/MU_results/MUsbj024.csv","test","0","5","0","412682","413519"
"MU.osexp","C:\Users\Public\Experiments\SM01\05-WMC\MU","wait.png","4","413518","C:/Users/Public/Experiments/SM01/05-WMC/MU/MU_results/MUsbj024.csv","wait","5000","4","0","414602","413519"
"MU.osexp","C:\Users\Public\Experiments\SM01\05-WMC\MU","fixation.png","4","413518","C:/Users/Public/Experiments/SM01/05-WMC/MU/MU_results/MUsbj024.csv","fix","1500","4","0","419706","413519"
"MU.osexp","C:\Users\Public\Experiments\SM01\05-WMC\MU","Tr8_study1.png","4","413518","C:/Users/Public/Experiments/SM01/05-WMC/MU/MU_results/MUsbj024.csv","study","1000","4","0","421313","422315"
"MU.osexp","C:\Users\Public\Experiments\SM01\05-WMC\MU","Tr8_study2.png","4","413518","C:/Users/Public/Experiments/SM01/05-WMC/MU/MU_results/MUsbj024.csv","study","1000","4","0","422649","423651"
"MU.osexp","C:\Users\Public\Experiments\SM01\05-WMC\MU","Tr8_study3.png","4","413518","C:/Users/Public/Experiments/SM01/05-WMC/MU/MU_results/MUsbj024.csv","study","1000","4","0","424001","425003"
"MU.osexp","C:\Users\Public\Experiments\SM01\05-WMC\MU","Tr8_study4.png","4","413518","C:/Users/Public/Experiments/SM01/05-WMC/MU/MU_results/MUsbj024.csv","study","1000","4","0","425352","426354"
"MU.osexp","C:\Users\Public\Experiments\SM01\05-WMC\MU","Tr8_update1.png","4","413518","C:/Users/Public/Experiments/SM01/05-WMC/MU/MU_results/MUsbj024.csv","update","1300","4","0","426715","428017"
"MU.osexp","C:\Users\Public\Experiments\SM01\05-WMC\MU","Tr8_update2.png","4","413518","C:/Users/Public/Experiments/SM01/05-WMC/MU/MU_results/MUsbj024.csv","update","1300","4","0","428382","429684"
"MU.osexp","C:\Users\Public\Experiments\SM01\05-WMC\MU","Tr8_update3.png","4","413518","C:/Users/Public/Experiments/SM01/05-WMC/MU/MU_results/MUsbj024.csv","update","1300","4","0","430044","431346"
"MU.osexp","C:\Users\Public\Experiments\SM01\05-WMC\MU","Tr8_test1.png","1","432134","C:/Users/Public/Experiments/SM01/05-WMC/MU/MU_results/MUsbj024.csv","test","0","4","0","431693","432135"
"MU.osexp","C:\Users\Public\Experiments\SM01\05-WMC\MU","Tr8_test2.png","6","433654","C:/Users/Public/Experiments/SM01/05-WMC/MU/MU_results/MUsbj024.csv","test","0","4","0","433250","433655"
"MU.osexp","C:\Users\Public\Experiments\SM01\05-WMC\MU","Tr8_test3.png","8","437078","C:/Users/Public/Experiments/SM01/05-WMC/MU/MU_results/MUsbj024.csv","test","0","4","0","434758","437079"
"MU.osexp","C:\Users\Public\Experiments\SM01\05-WMC\MU","Tr8_test4.png","4","439902","C:/Users/Public/Experiments/SM01/05-WMC/MU/MU_results/MUsbj024.csv","test","0","4","0","438179","439903"
"MU.osexp","C:\Users\Public\Experiments\SM01\05-WMC\MU","wait.png","4","439902","C:/Users/Public/Experiments/SM01/05-WMC/MU/MU_results/MUsbj024.csv","wait","5000","5","0","441030","439903"
"MU.osexp","C:\Users\Public\Experiments\SM01\05-WMC\MU","fixation.png","4","439902","C:/Users/Public/Experiments/SM01/05-WMC/MU/MU_results/MUsbj024.csv","fix","1500","5","0","446135","439903"
"MU.osexp","C:\Users\Public\Experiments\SM01\05-WMC\MU","Tr9_study1.png","4","439902","C:/Users/Public/Experiments/SM01/05-WMC/MU/MU_results/MUsbj024.csv","study","1000","5","0","447729","448731"
"MU.osexp","C:\Users\Public\Experiments\SM01\05-WMC\MU","Tr9_study2.png","4","439902","C:/Users/Public/Experiments/SM01/05-WMC/MU/MU_results/MUsbj024.csv","study","1000","5","0","449087","450089"
"MU.osexp","C:\Users\Public\Experiments\SM01\05-WMC\MU","Tr9_study3.png","4","439902","C:/Users/Public/Experiments/SM01/05-WMC/MU/MU_results/MUsbj024.csv","study","1000","5","0","450541","451544"
"MU.osexp","C:\Users\Public\Experiments\SM01\05-WMC\MU","Tr9_study4.png","4","439902","C:/Users/Public/Experiments/SM01/05-WMC/MU/MU_results/MUsbj024.csv","study","1000","5","0","451885","452887"
"MU.osexp","C:\Users\Public\Experiments\SM01\05-WMC\MU","Tr9_study5.png","4","439902","C:/Users/Public/Experiments/SM01/05-WMC/MU/MU_results/MUsbj024.csv","study","1000","5","0","453263","454265"
"MU.osexp","C:\Users\Public\Experiments\SM01\05-WMC\MU","Tr9_update1.png","4","439902","C:/Users/Public/Experiments/SM01/05-WMC/MU/MU_results/MUsbj024.csv","update","1300","5","0","454604","455906"
"MU.osexp","C:\Users\Public\Experiments\SM01\05-WMC\MU","Tr9_update2.png","4","439902","C:/Users/Public/Experiments/SM01/05-WMC/MU/MU_results/MUsbj024.csv","update","1300","5","0","456272","457574"
"MU.osexp","C:\Users\Public\Experiments\SM01\05-WMC\MU","Tr9_test1.png","1","463397","C:/Users/Public/Experiments/SM01/05-WMC/MU/MU_results/MUsbj024.csv","test","0","5","0","457928","463398"
"MU.osexp","C:\Users\Public\Experiments\SM01\05-WMC\MU","Tr9_test2.png","6","465758","C:/Users/Public/Experiments/SM01/05-WMC/MU/MU_results/MUsbj024.csv","test","0","5","0","464486","465759"
"MU.osexp","C:\Users\Public\Experiments\SM01\05-WMC\MU","Tr9_test3.png","4","467958","C:/Users/Public/Experiments/SM01/05-WMC/MU/MU_results/MUsbj024.csv","test","0","5","0","466871","467959"
"MU.osexp","C:\Users\Public\Experiments\SM01\05-WMC\MU","Tr9_test4.png","2","470942","C:/Users/Public/Experiments/SM01/05-WMC/MU/MU_results/MUsbj024.csv","test","0","5","0","469047","470943"
"MU.osexp","C:\Users\Public\Experiments\SM01\05-WMC\MU","Tr9_test5.png","3","472406","C:/Users/Public/Experiments/SM01/05-WMC/MU/MU_results/MUsbj024.csv","test","0","5","0","472053","472407"
"MU.osexp","C:\Users\Public\Experiments\SM01\05-WMC\MU","wait.png","3","472406","C:/Users/Public/Experiments/SM01/05-WMC/MU/MU_results/MUsbj024.csv","wait","5000","3","0","473523","472407"
"MU.osexp","C:\Users\Public\Experiments\SM01\05-WMC\MU","fixation.png","3","472406","C:/Users/Public/Experiments/SM01/05-WMC/MU/MU_results/MUsbj024.csv","fix","1500","3","0","478821","472407"
"MU.osexp","C:\Users\Public\Experiments\SM01\05-WMC\MU","Tr10_study1.png","3","472406","C:/Users/Public/Experiments/SM01/05-WMC/MU/MU_results/MUsbj024.csv","study","1000","3","0","480448","481450"
"MU.osexp","C:\Users\Public\Experiments\SM01\05-WMC\MU","Tr10_study2.png","3","472406","C:/Users/Public/Experiments/SM01/05-WMC/MU/MU_results/MUsbj024.csv","study","1000","3","0","481846","482848"
"MU.osexp","C:\Users\Public\Experiments\SM01\05-WMC\MU","Tr10_study3.png","3","472406","C:/Users/Public/Experiments/SM01/05-WMC/MU/MU_results/MUsbj024.csv","study","1000","3","0","483270","484272"
"MU.osexp","C:\Users\Public\Experiments\SM01\05-WMC\MU","Tr10_update1.png","3","472406","C:/Users/Public/Experiments/SM01/05-WMC/MU/MU_results/MUsbj024.csv","update","1300","3","0","484614","485916"
"MU.osexp","C:\Users\Public\Experiments\SM01\05-WMC\MU","Tr10_update2.png","3","472406","C:/Users/Public/Experiments/SM01/05-WMC/MU/MU_results/MUsbj024.csv","update","1300","3","0","486284","487586"
"MU.osexp","C:\Users\Public\Experiments\SM01\05-WMC\MU","Tr10_test1.png","3","492358","C:/Users/Public/Experiments/SM01/05-WMC/MU/MU_results/MUsbj024.csv","test","0","3","0","487924","492359"
"MU.osexp","C:\Users\Public\Experiments\SM01\05-WMC\MU","Tr10_test2.png","4","494454","C:/Users/Public/Experiments/SM01/05-WMC/MU/MU_results/MUsbj024.csv","test","0","3","0","493530","494455"
"MU.osexp","C:\Users\Public\Experiments\SM01\05-WMC\MU","Tr10_test3.png","6","496294","C:/Users/Public/Experiments/SM01/05-WMC/MU/MU_results/MUsbj024.csv","test","0","3","0","495540","496295"
"MU.osexp","C:\Users\Public\Experiments\SM01\05-WMC\MU","wait.png","6","496294","C:/Users/Public/Experiments/SM01/05-WMC/MU/MU_results/MUsbj024.csv","wait","5000","5","0","497426","496295"
"MU.osexp","C:\Users\Public\Experiments\SM01\05-WMC\MU","fixation.png","6","496294","C:/Users/Public/Experiments/SM01/05-WMC/MU/MU_results/MUsbj024.csv","fix","1500","5","0","502520","496295"
"MU.osexp","C:\Users\Public\Experiments\SM01\05-WMC\MU","Tr11_study1.png","6","496294","C:/Users/Public/Experiments/SM01/05-WMC/MU/MU_results/MUsbj024.csv","study","1000","5","0","504143","505145"
"MU.osexp","C:\Users\Public\Experiments\SM01\05-WMC\MU","Tr11_study2.png","6","496294","C:/Users/Public/Experiments/SM01/05-WMC/MU/MU_results/MUsbj024.csv","study","1000","5","0","505506","506508"
"MU.osexp","C:\Users\Public\Experiments\SM01\05-WMC\MU","Tr11_study3.png","6","496294","C:/Users/Public/Experiments/SM01/05-WMC/MU/MU_results/MUsbj024.csv","study","1000","5","0","506873","507875"
"MU.osexp","C:\Users\Public\Experiments\SM01\05-WMC\MU","Tr11_study4.png","6","496294","C:/Users/Public/Experiments/SM01/05-WMC/MU/MU_results/MUsbj024.csv","study","1000","5","0","508213","509215"
"MU.osexp","C:\Users\Public\Experiments\SM01\05-WMC\MU","Tr11_study5.png","6","496294","C:/Users/Public/Experiments/SM01/05-WMC/MU/MU_results/MUsbj024.csv","study","1000","5","0","509574","510576"
"MU.osexp","C:\Users\Public\Experiments\SM01\05-WMC\MU","Tr11_update1.png","6","496294","C:/Users/Public/Experiments/SM01/05-WMC/MU/MU_results/MUsbj024.csv","update","1300","5","0","511013","512315"
"MU.osexp","C:\Users\Public\Experiments\SM01\05-WMC\MU","Tr11_update2.png","6","496294","C:/Users/Public/Experiments/SM01/05-WMC/MU/MU_results/MUsbj024.csv","update","1300","5","0","512676","513978"
"MU.osexp","C:\Users\Public\Experiments\SM01\05-WMC\MU","Tr11_update3.png","6","496294","C:/Users/Public/Experiments/SM01/05-WMC/MU/MU_results/MUsbj024.csv","update","1300","5","0","514342","515644"
"MU.osexp","C:\Users\Public\Experiments\SM01\05-WMC\MU","Tr11_test1.png","2","520998","C:/Users/Public/Experiments/SM01/05-WMC/MU/MU_results/MUsbj024.csv","test","0","5","0","516019","520999"
"MU.osexp","C:\Users\Public\Experiments\SM01\05-WMC\MU","Tr11_test2.png","6","522558","C:/Users/Public/Experiments/SM01/05-WMC/MU/MU_results/MUsbj024.csv","test","0","5","0","522097","522559"
"MU.osexp","C:\Users\Public\Experiments\SM01\05-WMC\MU","Tr11_test3.png","4","523774","C:/Users/Public/Experiments/SM01/05-WMC/MU/MU_results/MUsbj024.csv","test","0","5","0","523673","523775"
"MU.osexp","C:\Users\Public\Experiments\SM01\05-WMC\MU","Tr11_test4.png","1","526126","C:/Users/Public/Experiments/SM01/05-WMC/MU/MU_results/MUsbj024.csv","test","0","5","0","524859","526127"
"MU.osexp","C:\Users\Public\Experiments\SM01\05-WMC\MU","Tr11_test5.png","5","528438","C:/Users/Public/Experiments/SM01/05-WMC/MU/MU_results/MUsbj024.csv","test","0","5","0","527214","528439"
"MU.osexp","C:\Users\Public\Experiments\SM01\05-WMC\MU","wait.png","5","528438","C:/Users/Public/Experiments/SM01/05-WMC/MU/MU_results/MUsbj024.csv","wait","5000","3","0","529535","528439"
"MU.osexp","C:\Users\Public\Experiments\SM01\05-WMC\MU","fixation.png","5","528438","C:/Users/Public/Experiments/SM01/05-WMC/MU/MU_results/MUsbj024.csv","fix","1500","3","0","534635","528439"
"MU.osexp","C:\Users\Public\Experiments\SM01\05-WMC\MU","Tr12_study1.png","5","528438","C:/Users/Public/Experiments/SM01/05-WMC/MU/MU_results/MUsbj024.csv","study","1000","3","0","536252","537254"
"MU.osexp","C:\Users\Public\Experiments\SM01\05-WMC\MU","Tr12_study2.png","5","528438","C:/Users/Public/Experiments/SM01/05-WMC/MU/MU_results/MUsbj024.csv","study","1000","3","0","537614","538617"
"MU.osexp","C:\Users\Public\Experiments\SM01\05-WMC\MU","Tr12_study3.png","5","528438","C:/Users/Public/Experiments/SM01/05-WMC/MU/MU_results/MUsbj024.csv","study","1000","3","0","539012","540014"
"MU.osexp","C:\Users\Public\Experiments\SM01\05-WMC\MU","Tr12_update1.png","5","528438","C:/Users/Public/Experiments/SM01/05-WMC/MU/MU_results/MUsbj024.csv","update","1300","3","0","540365","541667"
"MU.osexp","C:\Users\Public\Experiments\SM01\05-WMC\MU","Tr12_update2.png","5","528438","C:/Users/Public/Experiments/SM01/05-WMC/MU/MU_results/MUsbj024.csv","update","1300","3","0","542017","543319"
"MU.osexp","C:\Users\Public\Experiments\SM01\05-WMC\MU","Tr12_update3.png","5","528438","C:/Users/Public/Experiments/SM01/05-WMC/MU/MU_results/MUsbj024.csv","update","1300","3","0","543666","544968"
"MU.osexp","C:\Users\Public\Experiments\SM01\05-WMC\MU","Tr12_update4.png","5","528438","C:/Users/Public/Experiments/SM01/05-WMC/MU/MU_results/MUsbj024.csv","update","1300","3","0","545351","546653"
"MU.osexp","C:\Users\Public\Experiments\SM01\05-WMC\MU","Tr12_update5.png","5","528438","C:/Users/Public/Experiments/SM01/05-WMC/MU/MU_results/MUsbj024.csv","update","1300","3","0","546997","548299"
"MU.osexp","C:\Users\Public\Experiments\SM01\05-WMC\MU","Tr12_test1.png","6","551045","C:/Users/Public/Experiments/SM01/05-WMC/MU/MU_results/MUsbj024.csv","test","0","3","0","548664","551046"
"MU.osexp","C:\Users\Public\Experiments\SM01\05-WMC\MU","Tr12_test2.png","8","552998","C:/Users/Public/Experiments/SM01/05-WMC/MU/MU_results/MUsbj024.csv","test","0","3","0","552136","552999"
"MU.osexp","C:\Users\Public\Experiments\SM01\05-WMC\MU","Tr12_test3.png","2","554854","C:/Users/Public/Experiments/SM01/05-WMC/MU/MU_results/MUsbj024.csv","test","0","3","0","554080","554855"
"MU.osexp","C:\Users\Public\Experiments\SM01\05-WMC\MU","wait.png","2","554854","C:/Users/Public/Experiments/SM01/05-WMC/MU/MU_results/MUsbj024.csv","wait","5000","3","0","555946","554855"
"MU.osexp","C:\Users\Public\Experiments\SM01\05-WMC\MU","fixation.png","2","554854","C:/Users/Public/Experiments/SM01/05-WMC/MU/MU_results/MUsbj024.csv","fix","1500","3","0","561047","554855"
"MU.osexp","C:\Users\Public\Experiments\SM01\05-WMC\MU","Tr13_study1.png","2","554854","C:/Users/Public/Experiments/SM01/05-WMC/MU/MU_results/MUsbj024.csv","study","1000","3","0","562678","563680"
"MU.osexp","C:\Users\Public\Experiments\SM01\05-WMC\MU","Tr13_study2.png","2","554854","C:/Users/Public/Experiments/SM01/05-WMC/MU/MU_results/MUsbj024.csv","study","1000","3","0","564054","565056"
"MU.osexp","C:\Users\Public\Experiments\SM01\05-WMC\MU","Tr13_study3.png","2","554854","C:/Users/Public/Experiments/SM01/05-WMC/MU/MU_results/MUsbj024.csv","study","1000","3","0","565393","566395"
"MU.osexp","C:\Users\Public\Experiments\SM01\05-WMC\MU","Tr13_update1.png","2","554854","C:/Users/Public/Experiments/SM01/05-WMC/MU/MU_results/MUsbj024.csv","update","1300","3","0","566754","568056"
"MU.osexp","C:\Users\Public\Experiments\SM01\05-WMC\MU","Tr13_update2.png","2","554854","C:/Users/Public/Experiments/SM01/05-WMC/MU/MU_results/MUsbj024.csv","update","1300","3","0","568446","569748"
"MU.osexp","C:\Users\Public\Experiments\SM01\05-WMC\MU","Tr13_update3.png","2","554854","C:/Users/Public/Experiments/SM01/05-WMC/MU/MU_results/MUsbj024.csv","update","1300","3","0","570063","571365"
"MU.osexp","C:\Users\Public\Experiments\SM01\05-WMC\MU","Tr13_update4.png","2","554854","C:/Users/Public/Experiments/SM01/05-WMC/MU/MU_results/MUsbj024.csv","update","1300","3","0","571738","573040"
"MU.osexp","C:\Users\Public\Experiments\SM01\05-WMC\MU","Tr13_test1.png","6","588182","C:/Users/Public/Experiments/SM01/05-WMC/MU/MU_results/MUsbj024.csv","test","0","3","0","573396","588183"
"MU.osexp","C:\Users\Public\Experiments\SM01\05-WMC\MU","Tr13_test2.png","8","590686","C:/Users/Public/Experiments/SM01/05-WMC/MU/MU_results/MUsbj024.csv","test","0","3","0","589293","590687"
"MU.osexp","C:\Users\Public\Experiments\SM01\05-WMC\MU","Tr13_test3.png","4","592094","C:/Users/Public/Experiments/SM01/05-WMC/MU/MU_results/MUsbj024.csv","test","0","3","0","591775","592095"
"MU.osexp","C:\Users\Public\Experiments\SM01\05-WMC\MU","wait.png","4","592094","C:/Users/Public/Experiments/SM01/05-WMC/MU/MU_results/MUsbj024.csv","wait","5000","5","0","593191","592095"
"MU.osexp","C:\Users\Public\Experiments\SM01\05-WMC\MU","fixation.png","4","592094","C:/Users/Public/Experiments/SM01/05-WMC/MU/MU_results/MUsbj024.csv","fix","1500","5","0","598291","592095"
"MU.osexp","C:\Users\Public\Experiments\SM01\05-WMC\MU","Tr14_study1.png","4","592094","C:/Users/Public/Experiments/SM01/05-WMC/MU/MU_results/MUsbj024.csv","study","1000","5","0","599882","600884"
"MU.osexp","C:\Users\Public\Experiments\SM01\05-WMC\MU","Tr14_study2.png","4","592094","C:/Users/Public/Experiments/SM01/05-WMC/MU/MU_results/MUsbj024.csv","study","1000","5","0","601248","602250"
"MU.osexp","C:\Users\Public\Experiments\SM01\05-WMC\MU","Tr14_study3.png","4","592094","C:/Users/Public/Experiments/SM01/05-WMC/MU/MU_results/MUsbj024.csv","study","1000","5","0","602591","603593"
"MU.osexp","C:\Users\Public\Experiments\SM01\05-WMC\MU","Tr14_study4.png","4","592094","C:/Users/Public/Experiments/SM01/05-WMC/MU/MU_results/MUsbj024.csv","study","1000","5","0","603945","604947"
"MU.osexp","C:\Users\Public\Experiments\SM01\05-WMC\MU","Tr14_study5.png","4","592094","C:/Users/Public/Experiments/SM01/05-WMC/MU/MU_results/MUsbj024.csv","study","1000","5","0","605312","606314"
"MU.osexp","C:\Users\Public\Experiments\SM01\05-WMC\MU","Tr14_update1.png","4","592094","C:/Users/Public/Experiments/SM01/05-WMC/MU/MU_results/MUsbj024.csv","update","1300","5","0","606663","607965"
"MU.osexp","C:\Users\Public\Experiments\SM01\05-WMC\MU","Tr14_update2.png","4","592094","C:/Users/Public/Experiments/SM01/05-WMC/MU/MU_results/MUsbj024.csv","update","1300","5","0","608337","609639"
"MU.osexp","C:\Users\Public\Experiments\SM01\05-WMC\MU","Tr14_update3.png","4","592094","C:/Users/Public/Experiments/SM01/05-WMC/MU/MU_results/MUsbj024.csv","update","1300","5","0","609975","611277"
"MU.osexp","C:\Users\Public\Experiments\SM01\05-WMC\MU","Tr14_update4.png","4","592094","C:/Users/Public/Experiments/SM01/05-WMC/MU/MU_results/MUsbj024.csv","update","1300","5","0","611644","612946"
"MU.osexp","C:\Users\Public\Experiments\SM01\05-WMC\MU","Tr14_test1.png","8","622942","C:/Users/Public/Experiments/SM01/05-WMC/MU/MU_results/MUsbj024.csv","test","0","5","0","613310","622943"
"MU.osexp","C:\Users\Public\Experiments\SM01\05-WMC\MU","Tr14_test2.png","5","624366","C:/Users/Public/Experiments/SM01/05-WMC/MU/MU_results/MUsbj024.csv","test","0","5","0","624040","624367"
"MU.osexp","C:\Users\Public\Experiments\SM01\05-WMC\MU","Tr14_test3.png","4","625478","C:/Users/Public/Experiments/SM01/05-WMC/MU/MU_results/MUsbj024.csv","test","0","5","0","625450","625479"
"MU.osexp","C:\Users\Public\Experiments\SM01\05-WMC\MU","Tr14_test4.png","2","626654","C:/Users/Public/Experiments/SM01/05-WMC/MU/MU_results/MUsbj024.csv","test","0","5","0","626562","626655"
"MU.osexp","C:\Users\Public\Experiments\SM01\05-WMC\MU","Tr14_test5.png","6","628582","C:/Users/Public/Experiments/SM01/05-WMC/MU/MU_results/MUsbj024.csv","test","0","5","0","627773","628583"
"MU.osexp","C:\Users\Public\Experiments\SM01\05-WMC\MU","wait.png","6","628582","C:/Users/Public/Experiments/SM01/05-WMC/MU/MU_results/MUsbj024.csv","wait","5000","4","0","629676","628583"
"MU.osexp","C:\Users\Public\Experiments\SM01\05-WMC\MU","fixation.png","6","628582","C:/Users/Public/Experiments/SM01/05-WMC/MU/MU_results/MUsbj024.csv","fix","1500","4","0","634772","628583"
"MU.osexp","C:\Users\Public\Experiments\SM01\05-WMC\MU","Tr15_study1.png","6","628582","C:/Users/Public/Experiments/SM01/05-WMC/MU/MU_results/MUsbj024.csv","study","1000","4","0","636361","637363"
"MU.osexp","C:\Users\Public\Experiments\SM01\05-WMC\MU","Tr15_study2.png","6","628582","C:/Users/Public/Experiments/SM01/05-WMC/MU/MU_results/MUsbj024.csv","study","1000","4","0","637728","638730"
"MU.osexp","C:\Users\Public\Experiments\SM01\05-WMC\MU","Tr15_study3.png","6","628582","C:/Users/Public/Experiments/SM01/05-WMC/MU/MU_results/MUsbj024.csv","study","1000","4","0","639091","640093"
"MU.osexp","C:\Users\Public\Experiments\SM01\05-WMC\MU","Tr15_study4.png","6","628582","C:/Users/Public/Experiments/SM01/05-WMC/MU/MU_results/MUsbj024.csv","study","1000","4","0","640442","641444"
"MU.osexp","C:\Users\Public\Experiments\SM01\05-WMC\MU","Tr15_update1.png","6","628582","C:/Users/Public/Experiments/SM01/05-WMC/MU/MU_results/MUsbj024.csv","update","1300","4","0","641802","643104"
"MU.osexp","C:\Users\Public\Experiments\SM01\05-WMC\MU","Tr15_update2.png","6","628582","C:/Users/Public/Experiments/SM01/05-WMC/MU/MU_results/MUsbj024.csv","update","1300","4","0","643443","644745"
"MU.osexp","C:\Users\Public\Experiments\SM01\05-WMC\MU","Tr15_update3.png","6","628582","C:/Users/Public/Experiments/SM01/05-WMC/MU/MU_results/MUsbj024.csv","update","1300","4","0","645112","646414"
"MU.osexp","C:\Users\Public\Experiments\SM01\05-WMC\MU","Tr15_update4.png","6","628582","C:/Users/Public/Experiments/SM01/05-WMC/MU/MU_results/MUsbj024.csv","update","1300","4","0","646745","648048"
"MU.osexp","C:\Users\Public\Experiments\SM01\05-WMC\MU","Tr15_update5.png","6","628582","C:/Users/Public/Experiments/SM01/05-WMC/MU/MU_results/MUsbj024.csv","update","1300","4","0","648395","649697"
"MU.osexp","C:\Users\Public\Experiments\SM01\05-WMC\MU","Tr15_update6.png","6","628582","C:/Users/Public/Experiments/SM01/05-WMC/MU/MU_results/MUsbj024.csv","update","1300","4","0","650036","651338"
"MU.osexp","C:\Users\Public\Experiments\SM01\05-WMC\MU","Tr15_test1.png","5","658726","C:/Users/Public/Experiments/SM01/05-WMC/MU/MU_results/MUsbj024.csv","test","0","4","0","651680","658727"
"MU.osexp","C:\Users\Public\Experiments\SM01\05-WMC\MU","Tr15_test2.png","4","659910","C:/Users/Public/Experiments/SM01/05-WMC/MU/MU_results/MUsbj024.csv","test","0","4","0","659818","659911"
"MU.osexp","C:\Users\Public\Experiments\SM01\05-WMC\MU","Tr15_test3.png","3","661518","C:/Users/Public/Experiments/SM01/05-WMC/MU/MU_results/MUsbj024.csv","test","0","4","0","660998","661519"
"MU.osexp","C:\Users\Public\Experiments\SM01\05-WMC\MU","Tr15_test4.png","2","662926","C:/Users/Public/Experiments/SM01/05-WMC/MU/MU_results/MUsbj024.csv","test","0","4","0","662614","662927"
"MU.osexp","C:\Users\Public\Experiments\SM01\05-WMC\MU","wait.png","2","662926","C:/Users/Public/Experiments/SM01/05-WMC/MU/MU_results/MUsbj024.csv","wait","5000","4","0","664032","662927"
"MU.osexp","C:\Users\Public\Experiments\SM01\05-WMC\MU","fixation.png","2","662926","C:/Users/Public/Experiments/SM01/05-WMC/MU/MU_results/MUsbj024.csv","fix","1500","4","0","669130","662927"
"MU.osexp","C:\Users\Public\Experiments\SM01\05-WMC\MU","Tr16_study1.png","2","662926","C:/Users/Public/Experiments/SM01/05-WMC/MU/MU_results/MUsbj024.csv","study","1000","4","0","670742","671744"
"MU.osexp","C:\Users\Public\Experiments\SM01\05-WMC\MU","Tr16_study2.png","2","662926","C:/Users/Public/Experiments/SM01/05-WMC/MU/MU_results/MUsbj024.csv","study","1000","4","0","672085","673087"
"MU.osexp","C:\Users\Public\Experiments\SM01\05-WMC\MU","Tr16_study3.png","2","662926","C:/Users/Public/Experiments/SM01/05-WMC/MU/MU_results/MUsbj024.csv","study","1000","4","0","673460","674462"
"MU.osexp","C:\Users\Public\Experiments\SM01\05-WMC\MU","Tr16_study4.png","2","662926","C:/Users/Public/Experiments/SM01/05-WMC/MU/MU_results/MUsbj024.csv","study","1000","4","0","674778","675780"
"MU.osexp","C:\Users\Public\Experiments\SM01\05-WMC\MU","Tr16_update1.png","2","662926","C:/Users/Public/Experiments/SM01/05-WMC/MU/MU_results/MUsbj024.csv","update","1300","4","0","676142","677444"
"MU.osexp","C:\Users\Public\Experiments\SM01\05-WMC\MU","Tr16_update2.png","2","662926","C:/Users/Public/Experiments/SM01/05-WMC/MU/MU_results/MUsbj024.csv","update","1300","4","0","677796","679099"
"MU.osexp","C:\Users\Public\Experiments\SM01\05-WMC\MU","Tr16_test1.png","5","680726","C:/Users/Public/Experiments/SM01/05-WMC/MU/MU_results/MUsbj024.csv","test","0","4","0","679435","680727"
"MU.osexp","C:\Users\Public\Experiments\SM01\05-WMC\MU","Tr16_test2.png","6","681958","C:/Users/Public/Experiments/SM01/05-WMC/MU/MU_results/MUsbj024.csv","test","0","4","0","681816","681959"
"MU.osexp","C:\Users\Public\Experiments\SM01\05-WMC\MU","Tr16_test3.png","2","683334","C:/Users/Public/Experiments/SM01/05-WMC/MU/MU_results/MUsbj024.csv","test","0","4","0","683070","683335"
"MU.osexp","C:\Users\Public\Experiments\SM01\05-WMC\MU","Tr16_test4.png","4","686430","C:/Users/Public/Experiments/SM01/05-WMC/MU/MU_results/MUsbj024.csv","test","0","4","0","684435","686431"
"MU.osexp","C:\Users\Public\Experiments\SM01\05-WMC\MU","wait.png","4","686430","C:/Users/Public/Experiments/SM01/05-WMC/MU/MU_results/MUsbj024.csv","wait","5000","5","0","687537","686431"
"MU.osexp","C:\Users\Public\Experiments\SM01\05-WMC\MU","fixation.png","4","686430","C:/Users/Public/Experiments/SM01/05-WMC/MU/MU_results/MUsbj024.csv","fix","1500","5","0","692643","686431"
"MU.osexp","C:\Users\Public\Experiments\SM01\05-WMC\MU","Tr17_study1.png","4","686430","C:/Users/Public/Experiments/SM01/05-WMC/MU/MU_results/MUsbj024.csv","study","1000","5","0","694261","695263"
"MU.osexp","C:\Users\Public\Experiments\SM01\05-WMC\MU","Tr17_study2.png","4","686430","C:/Users/Public/Experiments/SM01/05-WMC/MU/MU_results/MUsbj024.csv","study","1000","5","0","695627","696629"
"MU.osexp","C:\Users\Public\Experiments\SM01\05-WMC\MU","Tr17_study3.png","4","686430","C:/Users/Public/Experiments/SM01/05-WMC/MU/MU_results/MUsbj024.csv","study","1000","5","0","696990","697991"
"MU.osexp","C:\Users\Public\Experiments\SM01\05-WMC\MU","Tr17_study4.png","4","686430","C:/Users/Public/Experiments/SM01/05-WMC/MU/MU_results/MUsbj024.csv","study","1000","5","0","698336","699338"
"MU.osexp","C:\Users\Public\Experiments\SM01\05-WMC\MU","Tr17_study5.png","4","686430","C:/Users/Public/Experiments/SM01/05-WMC/MU/MU_results/MUsbj024.csv","study","1000","5","0","699696","700698"
"MU.osexp","C:\Users\Public\Experiments\SM01\05-WMC\MU","Tr17_update1.png","4","686430","C:/Users/Public/Experiments/SM01/05-WMC/MU/MU_results/MUsbj024.csv","update","1300","5","0","701063","702365"
"MU.osexp","C:\Users\Public\Experiments\SM01\05-WMC\MU","Tr17_update2.png","4","686430","C:/Users/Public/Experiments/SM01/05-WMC/MU/MU_results/MUsbj024.csv","update","1300","5","0","702719","704021"
"MU.osexp","C:\Users\Public\Experiments\SM01\05-WMC\MU","Tr17_update3.png","4","686430","C:/Users/Public/Experiments/SM01/05-WMC/MU/MU_results/MUsbj024.csv","update","1300","5","0","704374","705676"
"MU.osexp","C:\Users\Public\Experiments\SM01\05-WMC\MU","Tr17_update4.png","4","686430","C:/Users/Public/Experiments/SM01/05-WMC/MU/MU_results/MUsbj024.csv","update","1300","5","0","706039","707341"
"MU.osexp","C:\Users\Public\Experiments\SM01\05-WMC\MU","Tr17_update5.png","4","686430","C:/Users/Public/Experiments/SM01/05-WMC/MU/MU_results/MUsbj024.csv","update","1300","5","0","707788","709090"
"MU.osexp","C:\Users\Public\Experiments\SM01\05-WMC\MU","Tr17_update6.png","4","686430","C:/Users/Public/Experiments/SM01/05-WMC/MU/MU_results/MUsbj024.csv","update","1300","5","0","709440","710742"
"MU.osexp","C:\Users\Public\Experiments\SM01\05-WMC\MU","Tr17_test1.png","5","717078","C:/Users/Public/Experiments/SM01/05-WMC/MU/MU_results/MUsbj024.csv","test","0","5","0","711086","717079"
"MU.osexp","C:\Users\Public\Experiments\SM01\05-WMC\MU","Tr17_test2.png","1","718886","C:/Users/Public/Experiments/SM01/05-WMC/MU/MU_results/MUsbj024.csv","test","0","5","0","718172","718887"
"MU.osexp","C:\Users\Public\Experiments\SM01\05-WMC\MU","Tr17_test3.png","3","720318","C:/Users/Public/Experiments/SM01/05-WMC/MU/MU_results/MUsbj024.csv","test","0","5","0","720001","720319"
"MU.osexp","C:\Users\Public\Experiments\SM01\05-WMC\MU","Tr17_test4.png","2","722486","C:/Users/Public/Experiments/SM01/05-WMC/MU/MU_results/MUsbj024.csv","test","0","5","0","721416","722487"
"MU.osexp","C:\Users\Public\Experiments\SM01\05-WMC\MU","Tr17_test5.png","1","724686","C:/Users/Public/Experiments/SM01/05-WMC/MU/MU_results/MUsbj024.csv","test","0","5","0","723577","724687"
