"experiment_file","experiment_path","image","key","key_time","logfile","phase","playtime","setSize","subject_nr","timestamp","waittime"
"MU.osexp","C:\Users\Public\Experiments\IDs\05-WMC\MU","ready1.png","NA","NA","C:/Users/Public/Experiments/IDs/05-WMC/MU/MUsbj065.csv","pre","0","3","65","72745","NA"
"MU.osexp","C:\Users\Public\Experiments\IDs\05-WMC\MU","fixation.png","NA","NA","C:/Users/Public/Experiments/IDs/05-WMC/MU/MUsbj065.csv","fix","1500","3","65","127386","NA"
"MU.osexp","C:\Users\Public\Experiments\IDs\05-WMC\MU","Tr1_study1.png","NA","NA","C:/Users/Public/Experiments/IDs/05-WMC/MU/MUsbj065.csv","study","1000","3","65","128976","129976"
"MU.osexp","C:\Users\Public\Experiments\IDs\05-WMC\MU","Tr1_study2.png","NA","NA","C:/Users/Public/Experiments/IDs/05-WMC/MU/MUsbj065.csv","study","1000","3","65","130357","131357"
"MU.osexp","C:\Users\Public\Experiments\IDs\05-WMC\MU","Tr1_study3.png","NA","NA","C:/Users/Public/Experiments/IDs/05-WMC/MU/MUsbj065.csv","study","1000","3","65","131691","132691"
"MU.osexp","C:\Users\Public\Experiments\IDs\05-WMC\MU","Tr1_update1.png","NA","NA","C:/Users/Public/Experiments/IDs/05-WMC/MU/MUsbj065.csv","update","1300","3","65","133010","134310"
"MU.osexp","C:\Users\Public\Experiments\IDs\05-WMC\MU","Tr1_update2.png","NA","NA","C:/Users/Public/Experiments/IDs/05-WMC/MU/MUsbj065.csv","update","1300","3","65","134637","135937"
"MU.osexp","C:\Users\Public\Experiments\IDs\05-WMC\MU","Tr1_update3.png","NA","NA","C:/Users/Public/Experiments/IDs/05-WMC/MU/MUsbj065.csv","update","1300","3","65","136268","137568"
"MU.osexp","C:\Users\Public\Experiments\IDs\05-WMC\MU","Tr1_test1.png","9","173796","C:/Users/Public/Experiments/IDs/05-WMC/MU/MUsbj065.csv","test","0","3","65","137894","173797"
"MU.osexp","C:\Users\Public\Experiments\IDs\05-WMC\MU","Tr1_test2.png","8","178868","C:/Users/Public/Experiments/IDs/05-WMC/MU/MUsbj065.csv","test","0","3","65","174882","178869"
"MU.osexp","C:\Users\Public\Experiments\IDs\05-WMC\MU","Tr1_test3.png","2","181956","C:/Users/Public/Experiments/IDs/05-WMC/MU/MUsbj065.csv","test","0","3","65","180087","181957"
"MU.osexp","C:\Users\Public\Experiments\IDs\05-WMC\MU","wait.png","2","181956","C:/Users/Public/Experiments/IDs/05-WMC/MU/MUsbj065.csv","wait","5000","3","65","183055","181957"
"MU.osexp","C:\Users\Public\Experiments\IDs\05-WMC\MU","fixation.png","2","181956","C:/Users/Public/Experiments/IDs/05-WMC/MU/MUsbj065.csv","fix","1500","3","65","188232","181957"
"MU.osexp","C:\Users\Public\Experiments\IDs\05-WMC\MU","Tr2_study1.png","2","181956","C:/Users/Public/Experiments/IDs/05-WMC/MU/MUsbj065.csv","study","1000","3","65","189915","190916"
"MU.osexp","C:\Users\Public\Experiments\IDs\05-WMC\MU","Tr2_study2.png","2","181956","C:/Users/Public/Experiments/IDs/05-WMC/MU/MUsbj065.csv","study","1000","3","65","191337","192339"
"MU.osexp","C:\Users\Public\Experiments\IDs\05-WMC\MU","Tr2_study3.png","2","181956","C:/Users/Public/Experiments/IDs/05-WMC/MU/MUsbj065.csv","study","1000","3","65","192778","193780"
"MU.osexp","C:\Users\Public\Experiments\IDs\05-WMC\MU","Tr2_update1.png","2","181956","C:/Users/Public/Experiments/IDs/05-WMC/MU/MUsbj065.csv","update","1300","3","65","194147","195449"
"MU.osexp","C:\Users\Public\Experiments\IDs\05-WMC\MU","Tr2_update2.png","2","181956","C:/Users/Public/Experiments/IDs/05-WMC/MU/MUsbj065.csv","update","1300","3","65","195907","197209"
"MU.osexp","C:\Users\Public\Experiments\IDs\05-WMC\MU","Tr2_update3.png","2","181956","C:/Users/Public/Experiments/IDs/05-WMC/MU/MUsbj065.csv","update","1300","3","65","197574","198876"
"MU.osexp","C:\Users\Public\Experiments\IDs\05-WMC\MU","Tr2_test1.png","4","200996","C:/Users/Public/Experiments/IDs/05-WMC/MU/MUsbj065.csv","test","0","3","65","199296","200997"
"MU.osexp","C:\Users\Public\Experiments\IDs\05-WMC\MU","Tr2_test2.png","6","205500","C:/Users/Public/Experiments/IDs/05-WMC/MU/MUsbj065.csv","test","0","3","65","202120","205500"
"MU.osexp","C:\Users\Public\Experiments\IDs\05-WMC\MU","Tr2_test3.png","1","208060","C:/Users/Public/Experiments/IDs/05-WMC/MU/MUsbj065.csv","test","0","3","65","206639","208061"
"MU.osexp","C:\Users\Public\Experiments\IDs\05-WMC\MU","ready2.png","1","208060","C:/Users/Public/Experiments/IDs/05-WMC/MU/MUsbj065.csv","pre","0","3","65","227424","208061"
"MU.osexp","C:\Users\Public\Experiments\IDs\05-WMC\MU","fixation.png","1","208060","C:/Users/Public/Experiments/IDs/05-WMC/MU/MUsbj065.csv","fix","1500","3","65","230766","208061"
"MU.osexp","C:\Users\Public\Experiments\IDs\05-WMC\MU","Tr3_study1.png","1","208060","C:/Users/Public/Experiments/IDs/05-WMC/MU/MUsbj065.csv","study","1000","3","65","232392","233394"
"MU.osexp","C:\Users\Public\Experiments\IDs\05-WMC\MU","Tr3_study2.png","1","208060","C:/Users/Public/Experiments/IDs/05-WMC/MU/MUsbj065.csv","study","1000","3","65","233767","234768"
"MU.osexp","C:\Users\Public\Experiments\IDs\05-WMC\MU","Tr3_study3.png","1","208060","C:/Users/Public/Experiments/IDs/05-WMC/MU/MUsbj065.csv","study","1000","3","65","235144","236145"
"MU.osexp","C:\Users\Public\Experiments\IDs\05-WMC\MU","Tr3_update1.png","1","208060","C:/Users/Public/Experiments/IDs/05-WMC/MU/MUsbj065.csv","update","1300","3","65","236493","237795"
"MU.osexp","C:\Users\Public\Experiments\IDs\05-WMC\MU","Tr3_update2.png","1","208060","C:/Users/Public/Experiments/IDs/05-WMC/MU/MUsbj065.csv","update","1300","3","65","238152","239454"
"MU.osexp","C:\Users\Public\Experiments\IDs\05-WMC\MU","Tr3_update3.png","1","208060","C:/Users/Public/Experiments/IDs/05-WMC/MU/MUsbj065.csv","update","1300","3","65","239840","241142"
"MU.osexp","C:\Users\Public\Experiments\IDs\05-WMC\MU","Tr3_test1.png","9","244012","C:/Users/Public/Experiments/IDs/05-WMC/MU/MUsbj065.csv","test","0","3","65","241511","244013"
"MU.osexp","C:\Users\Public\Experiments\IDs\05-WMC\MU","Tr3_test2.png","7","246228","C:/Users/Public/Experiments/IDs/05-WMC/MU/MUsbj065.csv","test","0","3","65","245111","246229"
"MU.osexp","C:\Users\Public\Experiments\IDs\05-WMC\MU","Tr3_test3.png","7","247844","C:/Users/Public/Experiments/IDs/05-WMC/MU/MUsbj065.csv","test","0","3","65","247335","247845"
"MU.osexp","C:\Users\Public\Experiments\IDs\05-WMC\MU","wait.png","7","247844","C:/Users/Public/Experiments/IDs/05-WMC/MU/MUsbj065.csv","wait","5000","4","65","248953","247845"
"MU.osexp","C:\Users\Public\Experiments\IDs\05-WMC\MU","fixation.png","7","247844","C:/Users/Public/Experiments/IDs/05-WMC/MU/MUsbj065.csv","fix","1500","4","65","254055","247845"
"MU.osexp","C:\Users\Public\Experiments\IDs\05-WMC\MU","Tr4_study1.png","7","247844","C:/Users/Public/Experiments/IDs/05-WMC/MU/MUsbj065.csv","study","1000","4","65","255734","256735"
"MU.osexp","C:\Users\Public\Experiments\IDs\05-WMC\MU","Tr4_study2.png","7","247844","C:/Users/Public/Experiments/IDs/05-WMC/MU/MUsbj065.csv","study","1000","4","65","257081","258083"
"MU.osexp","C:\Users\Public\Experiments\IDs\05-WMC\MU","Tr4_study3.png","7","247844","C:/Users/Public/Experiments/IDs/05-WMC/MU/MUsbj065.csv","study","1000","4","65","258445","259445"
"MU.osexp","C:\Users\Public\Experiments\IDs\05-WMC\MU","Tr4_study4.png","7","247844","C:/Users/Public/Experiments/IDs/05-WMC/MU/MUsbj065.csv","study","1000","4","65","259781","260781"
"MU.osexp","C:\Users\Public\Experiments\IDs\05-WMC\MU","Tr4_update1.png","7","247844","C:/Users/Public/Experiments/IDs/05-WMC/MU/MUsbj065.csv","update","1300","4","65","261127","262427"
"MU.osexp","C:\Users\Public\Experiments\IDs\05-WMC\MU","Tr4_update2.png","7","247844","C:/Users/Public/Experiments/IDs/05-WMC/MU/MUsbj065.csv","update","1300","4","65","262756","264058"
"MU.osexp","C:\Users\Public\Experiments\IDs\05-WMC\MU","Tr4_update3.png","7","247844","C:/Users/Public/Experiments/IDs/05-WMC/MU/MUsbj065.csv","update","1300","4","65","264401","265703"
"MU.osexp","C:\Users\Public\Experiments\IDs\05-WMC\MU","Tr4_update4.png","7","247844","C:/Users/Public/Experiments/IDs/05-WMC/MU/MUsbj065.csv","update","1300","4","65","266037","267338"
"MU.osexp","C:\Users\Public\Experiments\IDs\05-WMC\MU","Tr4_test1.png","3","271124","C:/Users/Public/Experiments/IDs/05-WMC/MU/MUsbj065.csv","test","0","4","65","267701","271125"
"MU.osexp","C:\Users\Public\Experiments\IDs\05-WMC\MU","Tr4_test2.png","9","273820","C:/Users/Public/Experiments/IDs/05-WMC/MU/MUsbj065.csv","test","0","4","65","272219","273821"
"MU.osexp","C:\Users\Public\Experiments\IDs\05-WMC\MU","Tr4_test3.png","4","280404","C:/Users/Public/Experiments/IDs/05-WMC/MU/MUsbj065.csv","test","0","4","65","274897","280405"
"MU.osexp","C:\Users\Public\Experiments\IDs\05-WMC\MU","Tr4_test4.png","4","282468","C:/Users/Public/Experiments/IDs/05-WMC/MU/MUsbj065.csv","test","0","4","65","281481","282469"
"MU.osexp","C:\Users\Public\Experiments\IDs\05-WMC\MU","wait.png","4","282468","C:/Users/Public/Experiments/IDs/05-WMC/MU/MUsbj065.csv","wait","5000","3","65","283577","282469"
"MU.osexp","C:\Users\Public\Experiments\IDs\05-WMC\MU","fixation.png","4","282468","C:/Users/Public/Experiments/IDs/05-WMC/MU/MUsbj065.csv","fix","1500","3","65","288692","282469"
"MU.osexp","C:\Users\Public\Experiments\IDs\05-WMC\MU","Tr5_study1.png","4","282468","C:/Users/Public/Experiments/IDs/05-WMC/MU/MUsbj065.csv","study","1000","3","65","290264","291265"
"MU.osexp","C:\Users\Public\Experiments\IDs\05-WMC\MU","Tr5_study2.png","4","282468","C:/Users/Public/Experiments/IDs/05-WMC/MU/MUsbj065.csv","study","1000","3","65","291607","292607"
"MU.osexp","C:\Users\Public\Experiments\IDs\05-WMC\MU","Tr5_study3.png","4","282468","C:/Users/Public/Experiments/IDs/05-WMC/MU/MUsbj065.csv","study","1000","3","65","293014","294015"
"MU.osexp","C:\Users\Public\Experiments\IDs\05-WMC\MU","Tr5_update1.png","4","282468","C:/Users/Public/Experiments/IDs/05-WMC/MU/MUsbj065.csv","update","1300","3","65","294380","295680"
"MU.osexp","C:\Users\Public\Experiments\IDs\05-WMC\MU","Tr5_update2.png","4","282468","C:/Users/Public/Experiments/IDs/05-WMC/MU/MUsbj065.csv","update","1300","3","65","296020","297320"
"MU.osexp","C:\Users\Public\Experiments\IDs\05-WMC\MU","Tr5_update3.png","4","282468","C:/Users/Public/Experiments/IDs/05-WMC/MU/MUsbj065.csv","update","1300","3","65","297670","298970"
"MU.osexp","C:\Users\Public\Experiments\IDs\05-WMC\MU","Tr5_update4.png","4","282468","C:/Users/Public/Experiments/IDs/05-WMC/MU/MUsbj065.csv","update","1300","3","65","299313","300613"
"MU.osexp","C:\Users\Public\Experiments\IDs\05-WMC\MU","Tr5_update5.png","4","282468","C:/Users/Public/Experiments/IDs/05-WMC/MU/MUsbj065.csv","update","1300","3","65","300940","302240"
"MU.osexp","C:\Users\Public\Experiments\IDs\05-WMC\MU","Tr5_update6.png","4","282468","C:/Users/Public/Experiments/IDs/05-WMC/MU/MUsbj065.csv","update","1300","3","65","302646","303947"
"MU.osexp","C:\Users\Public\Experiments\IDs\05-WMC\MU","Tr5_test1.png","4","310452","C:/Users/Public/Experiments/IDs/05-WMC/MU/MUsbj065.csv","test","0","3","65","304272","310453"
"MU.osexp","C:\Users\Public\Experiments\IDs\05-WMC\MU","Tr5_test2.png","5","313093","C:/Users/Public/Experiments/IDs/05-WMC/MU/MUsbj065.csv","test","0","3","65","311549","313094"
"MU.osexp","C:\Users\Public\Experiments\IDs\05-WMC\MU","Tr5_test3.png","3","320436","C:/Users/Public/Experiments/IDs/05-WMC/MU/MUsbj065.csv","test","0","3","65","314171","320437"
"MU.osexp","C:\Users\Public\Experiments\IDs\05-WMC\MU","wait.png","3","320436","C:/Users/Public/Experiments/IDs/05-WMC/MU/MUsbj065.csv","wait","5000","4","65","321531","320437"
"MU.osexp","C:\Users\Public\Experiments\IDs\05-WMC\MU","fixation.png","3","320436","C:/Users/Public/Experiments/IDs/05-WMC/MU/MUsbj065.csv","fix","1500","4","65","326617","320437"
"MU.osexp","C:\Users\Public\Experiments\IDs\05-WMC\MU","Tr6_study1.png","3","320436","C:/Users/Public/Experiments/IDs/05-WMC/MU/MUsbj065.csv","study","1000","4","65","328268","329268"
"MU.osexp","C:\Users\Public\Experiments\IDs\05-WMC\MU","Tr6_study2.png","3","320436","C:/Users/Public/Experiments/IDs/05-WMC/MU/MUsbj065.csv","study","1000","4","65","329602","330602"
"MU.osexp","C:\Users\Public\Experiments\IDs\05-WMC\MU","Tr6_study3.png","3","320436","C:/Users/Public/Experiments/IDs/05-WMC/MU/MUsbj065.csv","study","1000","4","65","330918","331918"
"MU.osexp","C:\Users\Public\Experiments\IDs\05-WMC\MU","Tr6_study4.png","3","320436","C:/Users/Public/Experiments/IDs/05-WMC/MU/MUsbj065.csv","study","1000","4","65","332253","333253"
"MU.osexp","C:\Users\Public\Experiments\IDs\05-WMC\MU","Tr6_update1.png","3","320436","C:/Users/Public/Experiments/IDs/05-WMC/MU/MUsbj065.csv","update","1300","4","65","333592","334892"
"MU.osexp","C:\Users\Public\Experiments\IDs\05-WMC\MU","Tr6_update2.png","3","320436","C:/Users/Public/Experiments/IDs/05-WMC/MU/MUsbj065.csv","update","1300","4","65","335253","336554"
"MU.osexp","C:\Users\Public\Experiments\IDs\05-WMC\MU","Tr6_update3.png","3","320436","C:/Users/Public/Experiments/IDs/05-WMC/MU/MUsbj065.csv","update","1300","4","65","336869","338171"
"MU.osexp","C:\Users\Public\Experiments\IDs\05-WMC\MU","Tr6_update4.png","3","320436","C:/Users/Public/Experiments/IDs/05-WMC/MU/MUsbj065.csv","update","1300","4","65","338502","339804"
"MU.osexp","C:\Users\Public\Experiments\IDs\05-WMC\MU","Tr6_update5.png","3","320436","C:/Users/Public/Experiments/IDs/05-WMC/MU/MUsbj065.csv","update","1300","4","65","340136","341437"
"MU.osexp","C:\Users\Public\Experiments\IDs\05-WMC\MU","Tr6_test1.png","6","350004","C:/Users/Public/Experiments/IDs/05-WMC/MU/MUsbj065.csv","test","0","4","65","341753","350005"
"MU.osexp","C:\Users\Public\Experiments\IDs\05-WMC\MU","Tr6_test2.png","1","352196","C:/Users/Public/Experiments/IDs/05-WMC/MU/MUsbj065.csv","test","0","4","65","351196","352197"
"MU.osexp","C:\Users\Public\Experiments\IDs\05-WMC\MU","Tr6_test3.png","6","356316","C:/Users/Public/Experiments/IDs/05-WMC/MU/MUsbj065.csv","test","0","4","65","353286","356317"
"MU.osexp","C:\Users\Public\Experiments\IDs\05-WMC\MU","Tr6_test4.png","8","357804","C:/Users/Public/Experiments/IDs/05-WMC/MU/MUsbj065.csv","test","0","4","65","357415","357805"
"MU.osexp","C:\Users\Public\Experiments\IDs\05-WMC\MU","wait.png","8","357804","C:/Users/Public/Experiments/IDs/05-WMC/MU/MUsbj065.csv","wait","5000","5","65","358909","357805"
"MU.osexp","C:\Users\Public\Experiments\IDs\05-WMC\MU","fixation.png","8","357804","C:/Users/Public/Experiments/IDs/05-WMC/MU/MUsbj065.csv","fix","1500","5","65","364057","357805"
"MU.osexp","C:\Users\Public\Experiments\IDs\05-WMC\MU","Tr7_study1.png","8","357804","C:/Users/Public/Experiments/IDs/05-WMC/MU/MUsbj065.csv","study","1000","5","65","365739","366739"
"MU.osexp","C:\Users\Public\Experiments\IDs\05-WMC\MU","Tr7_study2.png","8","357804","C:/Users/Public/Experiments/IDs/05-WMC/MU/MUsbj065.csv","study","1000","5","65","367074","368075"
"MU.osexp","C:\Users\Public\Experiments\IDs\05-WMC\MU","Tr7_study3.png","8","357804","C:/Users/Public/Experiments/IDs/05-WMC/MU/MUsbj065.csv","study","1000","5","65","368421","369421"
"MU.osexp","C:\Users\Public\Experiments\IDs\05-WMC\MU","Tr7_study4.png","8","357804","C:/Users/Public/Experiments/IDs/05-WMC/MU/MUsbj065.csv","study","1000","5","65","369763","370763"
"MU.osexp","C:\Users\Public\Experiments\IDs\05-WMC\MU","Tr7_study5.png","8","357804","C:/Users/Public/Experiments/IDs/05-WMC/MU/MUsbj065.csv","study","1000","5","65","371133","372133"
"MU.osexp","C:\Users\Public\Experiments\IDs\05-WMC\MU","Tr7_update1.png","8","357804","C:/Users/Public/Experiments/IDs/05-WMC/MU/MUsbj065.csv","update","1300","5","65","372446","373747"
"MU.osexp","C:\Users\Public\Experiments\IDs\05-WMC\MU","Tr7_update2.png","8","357804","C:/Users/Public/Experiments/IDs/05-WMC/MU/MUsbj065.csv","update","1300","5","65","374080","375382"
"MU.osexp","C:\Users\Public\Experiments\IDs\05-WMC\MU","Tr7_update3.png","8","357804","C:/Users/Public/Experiments/IDs/05-WMC/MU/MUsbj065.csv","update","1300","5","65","375697","376997"
"MU.osexp","C:\Users\Public\Experiments\IDs\05-WMC\MU","Tr7_update4.png","8","357804","C:/Users/Public/Experiments/IDs/05-WMC/MU/MUsbj065.csv","update","1300","5","65","377332","378632"
"MU.osexp","C:\Users\Public\Experiments\IDs\05-WMC\MU","Tr7_update5.png","8","357804","C:/Users/Public/Experiments/IDs/05-WMC/MU/MUsbj065.csv","update","1300","5","65","378945","380247"
"MU.osexp","C:\Users\Public\Experiments\IDs\05-WMC\MU","Tr7_test1.png","1","385876","C:/Users/Public/Experiments/IDs/05-WMC/MU/MUsbj065.csv","test","0","5","65","380563","385877"
"MU.osexp","C:\Users\Public\Experiments\IDs\05-WMC\MU","Tr7_test2.png","8","388052","C:/Users/Public/Experiments/IDs/05-WMC/MU/MUsbj065.csv","test","0","5","65","386956","388053"
"MU.osexp","C:\Users\Public\Experiments\IDs\05-WMC\MU","Tr7_test3.png","1","389956","C:/Users/Public/Experiments/IDs/05-WMC/MU/MUsbj065.csv","test","0","5","65","389186","389957"
"MU.osexp","C:\Users\Public\Experiments\IDs\05-WMC\MU","Tr7_test4.png","8","392324","C:/Users/Public/Experiments/IDs/05-WMC/MU/MUsbj065.csv","test","0","5","65","391051","392325"
"MU.osexp","C:\Users\Public\Experiments\IDs\05-WMC\MU","Tr7_test5.png","1","394452","C:/Users/Public/Experiments/IDs/05-WMC/MU/MUsbj065.csv","test","0","5","65","393435","394453"
"MU.osexp","C:\Users\Public\Experiments\IDs\05-WMC\MU","wait.png","1","394452","C:/Users/Public/Experiments/IDs/05-WMC/MU/MUsbj065.csv","wait","5000","4","65","395550","394453"
"MU.osexp","C:\Users\Public\Experiments\IDs\05-WMC\MU","fixation.png","1","394452","C:/Users/Public/Experiments/IDs/05-WMC/MU/MUsbj065.csv","fix","1500","4","65","400636","394453"
"MU.osexp","C:\Users\Public\Experiments\IDs\05-WMC\MU","Tr8_study1.png","1","394452","C:/Users/Public/Experiments/IDs/05-WMC/MU/MUsbj065.csv","study","1000","4","65","402229","403229"
"MU.osexp","C:\Users\Public\Experiments\IDs\05-WMC\MU","Tr8_study2.png","1","394452","C:/Users/Public/Experiments/IDs/05-WMC/MU/MUsbj065.csv","study","1000","4","65","403606","404608"
"MU.osexp","C:\Users\Public\Experiments\IDs\05-WMC\MU","Tr8_study3.png","1","394452","C:/Users/Public/Experiments/IDs/05-WMC/MU/MUsbj065.csv","study","1000","4","65","404989","405991"
"MU.osexp","C:\Users\Public\Experiments\IDs\05-WMC\MU","Tr8_study4.png","1","394452","C:/Users/Public/Experiments/IDs/05-WMC/MU/MUsbj065.csv","study","1000","4","65","406353","407355"
"MU.osexp","C:\Users\Public\Experiments\IDs\05-WMC\MU","Tr8_update1.png","1","394452","C:/Users/Public/Experiments/IDs/05-WMC/MU/MUsbj065.csv","update","1300","4","65","407734","409036"
"MU.osexp","C:\Users\Public\Experiments\IDs\05-WMC\MU","Tr8_update2.png","1","394452","C:/Users/Public/Experiments/IDs/05-WMC/MU/MUsbj065.csv","update","1300","4","65","409390","410692"
"MU.osexp","C:\Users\Public\Experiments\IDs\05-WMC\MU","Tr8_update3.png","1","394452","C:/Users/Public/Experiments/IDs/05-WMC/MU/MUsbj065.csv","update","1300","4","65","411067","412369"
"MU.osexp","C:\Users\Public\Experiments\IDs\05-WMC\MU","Tr8_test1.png","2","420533","C:/Users/Public/Experiments/IDs/05-WMC/MU/MUsbj065.csv","test","0","4","65","412722","420533"
"MU.osexp","C:\Users\Public\Experiments\IDs\05-WMC\MU","Tr8_test2.png","4","422436","C:/Users/Public/Experiments/IDs/05-WMC/MU/MUsbj065.csv","test","0","4","65","421657","422437"
"MU.osexp","C:\Users\Public\Experiments\IDs\05-WMC\MU","Tr8_test3.png","9","424708","C:/Users/Public/Experiments/IDs/05-WMC/MU/MUsbj065.csv","test","0","4","65","423669","424709"
"MU.osexp","C:\Users\Public\Experiments\IDs\05-WMC\MU","Tr8_test4.png","2","426556","C:/Users/Public/Experiments/IDs/05-WMC/MU/MUsbj065.csv","test","0","4","65","425801","426557"
"MU.osexp","C:\Users\Public\Experiments\IDs\05-WMC\MU","wait.png","2","426556","C:/Users/Public/Experiments/IDs/05-WMC/MU/MUsbj065.csv","wait","5000","5","65","427684","426557"
"MU.osexp","C:\Users\Public\Experiments\IDs\05-WMC\MU","fixation.png","2","426556","C:/Users/Public/Experiments/IDs/05-WMC/MU/MUsbj065.csv","fix","1500","5","65","432787","426557"
"MU.osexp","C:\Users\Public\Experiments\IDs\05-WMC\MU","Tr9_study1.png","2","426556","C:/Users/Public/Experiments/IDs/05-WMC/MU/MUsbj065.csv","study","1000","5","65","434401","435402"
"MU.osexp","C:\Users\Public\Experiments\IDs\05-WMC\MU","Tr9_study2.png","2","426556","C:/Users/Public/Experiments/IDs/05-WMC/MU/MUsbj065.csv","study","1000","5","65","435741","436743"
"MU.osexp","C:\Users\Public\Experiments\IDs\05-WMC\MU","Tr9_study3.png","2","426556","C:/Users/Public/Experiments/IDs/05-WMC/MU/MUsbj065.csv","study","1000","5","65","437216","438218"
"MU.osexp","C:\Users\Public\Experiments\IDs\05-WMC\MU","Tr9_study4.png","2","426556","C:/Users/Public/Experiments/IDs/05-WMC/MU/MUsbj065.csv","study","1000","5","65","438573","439575"
"MU.osexp","C:\Users\Public\Experiments\IDs\05-WMC\MU","Tr9_study5.png","2","426556","C:/Users/Public/Experiments/IDs/05-WMC/MU/MUsbj065.csv","study","1000","5","65","439951","440952"
"MU.osexp","C:\Users\Public\Experiments\IDs\05-WMC\MU","Tr9_update1.png","2","426556","C:/Users/Public/Experiments/IDs/05-WMC/MU/MUsbj065.csv","update","1300","5","65","441300","442602"
"MU.osexp","C:\Users\Public\Experiments\IDs\05-WMC\MU","Tr9_update2.png","2","426556","C:/Users/Public/Experiments/IDs/05-WMC/MU/MUsbj065.csv","update","1300","5","65","442957","444259"
"MU.osexp","C:\Users\Public\Experiments\IDs\05-WMC\MU","Tr9_test1.png","4","452109","C:/Users/Public/Experiments/IDs/05-WMC/MU/MUsbj065.csv","test","0","5","65","444691","452110"
"MU.osexp","C:\Users\Public\Experiments\IDs\05-WMC\MU","Tr9_test2.png","6","455981","C:/Users/Public/Experiments/IDs/05-WMC/MU/MUsbj065.csv","test","0","5","65","453220","455981"
"MU.osexp","C:\Users\Public\Experiments\IDs\05-WMC\MU","Tr9_test3.png","5","458276","C:/Users/Public/Experiments/IDs/05-WMC/MU/MUsbj065.csv","test","0","5","65","457077","458277"
"MU.osexp","C:\Users\Public\Experiments\IDs\05-WMC\MU","Tr9_test4.png","1","461172","C:/Users/Public/Experiments/IDs/05-WMC/MU/MUsbj065.csv","test","0","5","65","459367","461173"
"MU.osexp","C:\Users\Public\Experiments\IDs\05-WMC\MU","Tr9_test5.png","5","464188","C:/Users/Public/Experiments/IDs/05-WMC/MU/MUsbj065.csv","test","0","5","65","462280","464189"
"MU.osexp","C:\Users\Public\Experiments\IDs\05-WMC\MU","wait.png","5","464188","C:/Users/Public/Experiments/IDs/05-WMC/MU/MUsbj065.csv","wait","5000","3","65","465306","464189"
"MU.osexp","C:\Users\Public\Experiments\IDs\05-WMC\MU","fixation.png","5","464188","C:/Users/Public/Experiments/IDs/05-WMC/MU/MUsbj065.csv","fix","1500","3","65","470414","464189"
"MU.osexp","C:\Users\Public\Experiments\IDs\05-WMC\MU","Tr10_study1.png","5","464188","C:/Users/Public/Experiments/IDs/05-WMC/MU/MUsbj065.csv","study","1000","3","65","472011","473012"
"MU.osexp","C:\Users\Public\Experiments\IDs\05-WMC\MU","Tr10_study2.png","5","464188","C:/Users/Public/Experiments/IDs/05-WMC/MU/MUsbj065.csv","study","1000","3","65","473372","474374"
"MU.osexp","C:\Users\Public\Experiments\IDs\05-WMC\MU","Tr10_study3.png","5","464188","C:/Users/Public/Experiments/IDs/05-WMC/MU/MUsbj065.csv","study","1000","3","65","474716","475717"
"MU.osexp","C:\Users\Public\Experiments\IDs\05-WMC\MU","Tr10_update1.png","5","464188","C:/Users/Public/Experiments/IDs/05-WMC/MU/MUsbj065.csv","update","1300","3","65","476087","477389"
"MU.osexp","C:\Users\Public\Experiments\IDs\05-WMC\MU","Tr10_update2.png","5","464188","C:/Users/Public/Experiments/IDs/05-WMC/MU/MUsbj065.csv","update","1300","3","65","477737","479039"
"MU.osexp","C:\Users\Public\Experiments\IDs\05-WMC\MU","Tr10_test1.png","5","481932","C:/Users/Public/Experiments/IDs/05-WMC/MU/MUsbj065.csv","test","0","3","65","479407","481933"
"MU.osexp","C:\Users\Public\Experiments\IDs\05-WMC\MU","Tr10_test2.png","2","484548","C:/Users/Public/Experiments/IDs/05-WMC/MU/MUsbj065.csv","test","0","3","65","483024","484549"
"MU.osexp","C:\Users\Public\Experiments\IDs\05-WMC\MU","Tr10_test3.png","5","486669","C:/Users/Public/Experiments/IDs/05-WMC/MU/MUsbj065.csv","test","0","3","65","485654","486670"
"MU.osexp","C:\Users\Public\Experiments\IDs\05-WMC\MU","wait.png","5","486669","C:/Users/Public/Experiments/IDs/05-WMC/MU/MUsbj065.csv","wait","5000","5","65","487772","486670"
"MU.osexp","C:\Users\Public\Experiments\IDs\05-WMC\MU","fixation.png","5","486669","C:/Users/Public/Experiments/IDs/05-WMC/MU/MUsbj065.csv","fix","1500","5","65","492907","486670"
"MU.osexp","C:\Users\Public\Experiments\IDs\05-WMC\MU","Tr11_study1.png","5","486669","C:/Users/Public/Experiments/IDs/05-WMC/MU/MUsbj065.csv","study","1000","5","65","494502","495503"
"MU.osexp","C:\Users\Public\Experiments\IDs\05-WMC\MU","Tr11_study2.png","5","486669","C:/Users/Public/Experiments/IDs/05-WMC/MU/MUsbj065.csv","study","1000","5","65","495856","496858"
"MU.osexp","C:\Users\Public\Experiments\IDs\05-WMC\MU","Tr11_study3.png","5","486669","C:/Users/Public/Experiments/IDs/05-WMC/MU/MUsbj065.csv","study","1000","5","65","497212","498213"
"MU.osexp","C:\Users\Public\Experiments\IDs\05-WMC\MU","Tr11_study4.png","5","486669","C:/Users/Public/Experiments/IDs/05-WMC/MU/MUsbj065.csv","study","1000","5","65","498585","499587"
"MU.osexp","C:\Users\Public\Experiments\IDs\05-WMC\MU","Tr11_study5.png","5","486669","C:/Users/Public/Experiments/IDs/05-WMC/MU/MUsbj065.csv","study","1000","5","65","499957","500958"
"MU.osexp","C:\Users\Public\Experiments\IDs\05-WMC\MU","Tr11_update1.png","5","486669","C:/Users/Public/Experiments/IDs/05-WMC/MU/MUsbj065.csv","update","1300","5","65","501311","502613"
"MU.osexp","C:\Users\Public\Experiments\IDs\05-WMC\MU","Tr11_update2.png","5","486669","C:/Users/Public/Experiments/IDs/05-WMC/MU/MUsbj065.csv","update","1300","5","65","502976","504278"
"MU.osexp","C:\Users\Public\Experiments\IDs\05-WMC\MU","Tr11_update3.png","5","486669","C:/Users/Public/Experiments/IDs/05-WMC/MU/MUsbj065.csv","update","1300","5","65","504640","505942"
"MU.osexp","C:\Users\Public\Experiments\IDs\05-WMC\MU","Tr11_test1.png","1","514356","C:/Users/Public/Experiments/IDs/05-WMC/MU/MUsbj065.csv","test","0","5","65","506287","514357"
"MU.osexp","C:\Users\Public\Experiments\IDs\05-WMC\MU","Tr11_test2.png","2","516476","C:/Users/Public/Experiments/IDs/05-WMC/MU/MUsbj065.csv","test","0","5","65","515562","516477"
"MU.osexp","C:\Users\Public\Experiments\IDs\05-WMC\MU","Tr11_test3.png","5","518868","C:/Users/Public/Experiments/IDs/05-WMC/MU/MUsbj065.csv","test","0","5","65","517557","518869"
"MU.osexp","C:\Users\Public\Experiments\IDs\05-WMC\MU","Tr11_test4.png","6","520924","C:/Users/Public/Experiments/IDs/05-WMC/MU/MUsbj065.csv","test","0","5","65","519957","520925"
"MU.osexp","C:\Users\Public\Experiments\IDs\05-WMC\MU","Tr11_test5.png","7","522493","C:/Users/Public/Experiments/IDs/05-WMC/MU/MUsbj065.csv","test","0","5","65","522002","522494"
"MU.osexp","C:\Users\Public\Experiments\IDs\05-WMC\MU","wait.png","7","522493","C:/Users/Public/Experiments/IDs/05-WMC/MU/MUsbj065.csv","wait","5000","3","65","523573","522494"
"MU.osexp","C:\Users\Public\Experiments\IDs\05-WMC\MU","fixation.png","7","522493","C:/Users/Public/Experiments/IDs/05-WMC/MU/MUsbj065.csv","fix","1500","3","65","528653","522494"
"MU.osexp","C:\Users\Public\Experiments\IDs\05-WMC\MU","Tr12_study1.png","7","522493","C:/Users/Public/Experiments/IDs/05-WMC/MU/MUsbj065.csv","study","1000","3","65","530232","531232"
"MU.osexp","C:\Users\Public\Experiments\IDs\05-WMC\MU","Tr12_study2.png","7","522493","C:/Users/Public/Experiments/IDs/05-WMC/MU/MUsbj065.csv","study","1000","3","65","531563","532565"
"MU.osexp","C:\Users\Public\Experiments\IDs\05-WMC\MU","Tr12_study3.png","7","522493","C:/Users/Public/Experiments/IDs/05-WMC/MU/MUsbj065.csv","study","1000","3","65","532915","533915"
"MU.osexp","C:\Users\Public\Experiments\IDs\05-WMC\MU","Tr12_update1.png","7","522493","C:/Users/Public/Experiments/IDs/05-WMC/MU/MUsbj065.csv","update","1300","3","65","534244","535544"
"MU.osexp","C:\Users\Public\Experiments\IDs\05-WMC\MU","Tr12_update2.png","7","522493","C:/Users/Public/Experiments/IDs/05-WMC/MU/MUsbj065.csv","update","1300","3","65","535875","537175"
"MU.osexp","C:\Users\Public\Experiments\IDs\05-WMC\MU","Tr12_update3.png","7","522493","C:/Users/Public/Experiments/IDs/05-WMC/MU/MUsbj065.csv","update","1300","3","65","537504","538804"
"MU.osexp","C:\Users\Public\Experiments\IDs\05-WMC\MU","Tr12_update4.png","7","522493","C:/Users/Public/Experiments/IDs/05-WMC/MU/MUsbj065.csv","update","1300","3","65","539157","540457"
"MU.osexp","C:\Users\Public\Experiments\IDs\05-WMC\MU","Tr12_update5.png","7","522493","C:/Users/Public/Experiments/IDs/05-WMC/MU/MUsbj065.csv","update","1300","3","65","540798","542098"
"MU.osexp","C:\Users\Public\Experiments\IDs\05-WMC\MU","Tr12_test1.png","4","545532","C:/Users/Public/Experiments/IDs/05-WMC/MU/MUsbj065.csv","test","0","3","65","542427","545533"
"MU.osexp","C:\Users\Public\Experiments\IDs\05-WMC\MU","Tr12_test2.png","9","547252","C:/Users/Public/Experiments/IDs/05-WMC/MU/MUsbj065.csv","test","0","3","65","546604","547253"
"MU.osexp","C:\Users\Public\Experiments\IDs\05-WMC\MU","Tr12_test3.png","4","548884","C:/Users/Public/Experiments/IDs/05-WMC/MU/MUsbj065.csv","test","0","3","65","548344","548885"
"MU.osexp","C:\Users\Public\Experiments\IDs\05-WMC\MU","wait.png","4","548884","C:/Users/Public/Experiments/IDs/05-WMC/MU/MUsbj065.csv","wait","5000","3","65","549963","548885"
"MU.osexp","C:\Users\Public\Experiments\IDs\05-WMC\MU","fixation.png","4","548884","C:/Users/Public/Experiments/IDs/05-WMC/MU/MUsbj065.csv","fix","1500","3","65","555068","548885"
"MU.osexp","C:\Users\Public\Experiments\IDs\05-WMC\MU","Tr13_study1.png","4","548884","C:/Users/Public/Experiments/IDs/05-WMC/MU/MUsbj065.csv","study","1000","3","65","556700","557702"
"MU.osexp","C:\Users\Public\Experiments\IDs\05-WMC\MU","Tr13_study2.png","4","548884","C:/Users/Public/Experiments/IDs/05-WMC/MU/MUsbj065.csv","study","1000","3","65","558047","559049"
"MU.osexp","C:\Users\Public\Experiments\IDs\05-WMC\MU","Tr13_study3.png","4","548884","C:/Users/Public/Experiments/IDs/05-WMC/MU/MUsbj065.csv","study","1000","3","65","559403","560404"
"MU.osexp","C:\Users\Public\Experiments\IDs\05-WMC\MU","Tr13_update1.png","4","548884","C:/Users/Public/Experiments/IDs/05-WMC/MU/MUsbj065.csv","update","1300","3","65","560765","562067"
"MU.osexp","C:\Users\Public\Experiments\IDs\05-WMC\MU","Tr13_update2.png","4","548884","C:/Users/Public/Experiments/IDs/05-WMC/MU/MUsbj065.csv","update","1300","3","65","562428","563730"
"MU.osexp","C:\Users\Public\Experiments\IDs\05-WMC\MU","Tr13_update3.png","4","548884","C:/Users/Public/Experiments/IDs/05-WMC/MU/MUsbj065.csv","update","1300","3","65","564099","565401"
"MU.osexp","C:\Users\Public\Experiments\IDs\05-WMC\MU","Tr13_update4.png","4","548884","C:/Users/Public/Experiments/IDs/05-WMC/MU/MUsbj065.csv","update","1300","3","65","565754","567056"
"MU.osexp","C:\Users\Public\Experiments\IDs\05-WMC\MU","Tr13_test1.png","3","568756","C:/Users/Public/Experiments/IDs/05-WMC/MU/MUsbj065.csv","test","0","3","65","567397","568757"
"MU.osexp","C:\Users\Public\Experiments\IDs\05-WMC\MU","Tr13_test2.png","1","570732","C:/Users/Public/Experiments/IDs/05-WMC/MU/MUsbj065.csv","test","0","3","65","569866","570733"
"MU.osexp","C:\Users\Public\Experiments\IDs\05-WMC\MU","Tr13_test3.png","5","572724","C:/Users/Public/Experiments/IDs/05-WMC/MU/MUsbj065.csv","test","0","3","65","571865","572725"
"MU.osexp","C:\Users\Public\Experiments\IDs\05-WMC\MU","wait.png","5","572724","C:/Users/Public/Experiments/IDs/05-WMC/MU/MUsbj065.csv","wait","5000","5","65","573820","572725"
"MU.osexp","C:\Users\Public\Experiments\IDs\05-WMC\MU","fixation.png","5","572724","C:/Users/Public/Experiments/IDs/05-WMC/MU/MUsbj065.csv","fix","1500","5","65","578923","572725"
"MU.osexp","C:\Users\Public\Experiments\IDs\05-WMC\MU","Tr14_study1.png","5","572724","C:/Users/Public/Experiments/IDs/05-WMC/MU/MUsbj065.csv","study","1000","5","65","580558","581560"
"MU.osexp","C:\Users\Public\Experiments\IDs\05-WMC\MU","Tr14_study2.png","5","572724","C:/Users/Public/Experiments/IDs/05-WMC/MU/MUsbj065.csv","study","1000","5","65","581924","582926"
"MU.osexp","C:\Users\Public\Experiments\IDs\05-WMC\MU","Tr14_study3.png","5","572724","C:/Users/Public/Experiments/IDs/05-WMC/MU/MUsbj065.csv","study","1000","5","65","583300","584302"
"MU.osexp","C:\Users\Public\Experiments\IDs\05-WMC\MU","Tr14_study4.png","5","572724","C:/Users/Public/Experiments/IDs/05-WMC/MU/MUsbj065.csv","study","1000","5","65","584653","585655"
"MU.osexp","C:\Users\Public\Experiments\IDs\05-WMC\MU","Tr14_study5.png","5","572724","C:/Users/Public/Experiments/IDs/05-WMC/MU/MUsbj065.csv","study","1000","5","65","586018","587019"
"MU.osexp","C:\Users\Public\Experiments\IDs\05-WMC\MU","Tr14_update1.png","5","572724","C:/Users/Public/Experiments/IDs/05-WMC/MU/MUsbj065.csv","update","1300","5","65","587438","588740"
"MU.osexp","C:\Users\Public\Experiments\IDs\05-WMC\MU","Tr14_update2.png","5","572724","C:/Users/Public/Experiments/IDs/05-WMC/MU/MUsbj065.csv","update","1300","5","65","589204","590506"
"MU.osexp","C:\Users\Public\Experiments\IDs\05-WMC\MU","Tr14_update3.png","5","572724","C:/Users/Public/Experiments/IDs/05-WMC/MU/MUsbj065.csv","update","1300","5","65","590875","592177"
"MU.osexp","C:\Users\Public\Experiments\IDs\05-WMC\MU","Tr14_update4.png","5","572724","C:/Users/Public/Experiments/IDs/05-WMC/MU/MUsbj065.csv","update","1300","5","65","592533","593835"
"MU.osexp","C:\Users\Public\Experiments\IDs\05-WMC\MU","Tr14_test1.png","8","598212","C:/Users/Public/Experiments/IDs/05-WMC/MU/MUsbj065.csv","test","0","5","65","594203","598213"
"MU.osexp","C:\Users\Public\Experiments\IDs\05-WMC\MU","Tr14_test2.png","7","600940","C:/Users/Public/Experiments/IDs/05-WMC/MU/MUsbj065.csv","test","0","5","65","599335","600941"
"MU.osexp","C:\Users\Public\Experiments\IDs\05-WMC\MU","Tr14_test3.png","3","604620","C:/Users/Public/Experiments/IDs/05-WMC/MU/MUsbj065.csv","test","0","5","65","602041","604621"
"MU.osexp","C:\Users\Public\Experiments\IDs\05-WMC\MU","Tr14_test4.png","5","606420","C:/Users/Public/Experiments/IDs/05-WMC/MU/MUsbj065.csv","test","0","5","65","605717","606421"
"MU.osexp","C:\Users\Public\Experiments\IDs\05-WMC\MU","Tr14_test5.png","8","607980","C:/Users/Public/Experiments/IDs/05-WMC/MU/MUsbj065.csv","test","0","5","65","607514","607981"
"MU.osexp","C:\Users\Public\Experiments\IDs\05-WMC\MU","wait.png","8","607980","C:/Users/Public/Experiments/IDs/05-WMC/MU/MUsbj065.csv","wait","5000","4","65","609076","607981"
"MU.osexp","C:\Users\Public\Experiments\IDs\05-WMC\MU","fixation.png","8","607980","C:/Users/Public/Experiments/IDs/05-WMC/MU/MUsbj065.csv","fix","1500","4","65","614184","607981"
"MU.osexp","C:\Users\Public\Experiments\IDs\05-WMC\MU","Tr15_study1.png","8","607980","C:/Users/Public/Experiments/IDs/05-WMC/MU/MUsbj065.csv","study","1000","4","65","615847","616848"
"MU.osexp","C:\Users\Public\Experiments\IDs\05-WMC\MU","Tr15_study2.png","8","607980","C:/Users/Public/Experiments/IDs/05-WMC/MU/MUsbj065.csv","study","1000","4","65","617211","618213"
"MU.osexp","C:\Users\Public\Experiments\IDs\05-WMC\MU","Tr15_study3.png","8","607980","C:/Users/Public/Experiments/IDs/05-WMC/MU/MUsbj065.csv","study","1000","4","65","618578","619580"
"MU.osexp","C:\Users\Public\Experiments\IDs\05-WMC\MU","Tr15_study4.png","8","607980","C:/Users/Public/Experiments/IDs/05-WMC/MU/MUsbj065.csv","study","1000","4","65","619937","620939"
"MU.osexp","C:\Users\Public\Experiments\IDs\05-WMC\MU","Tr15_update1.png","8","607980","C:/Users/Public/Experiments/IDs/05-WMC/MU/MUsbj065.csv","update","1300","4","65","621309","622611"
"MU.osexp","C:\Users\Public\Experiments\IDs\05-WMC\MU","Tr15_update2.png","8","607980","C:/Users/Public/Experiments/IDs/05-WMC/MU/MUsbj065.csv","update","1300","4","65","622953","624255"
"MU.osexp","C:\Users\Public\Experiments\IDs\05-WMC\MU","Tr15_update3.png","8","607980","C:/Users/Public/Experiments/IDs/05-WMC/MU/MUsbj065.csv","update","1300","4","65","624621","625923"
"MU.osexp","C:\Users\Public\Experiments\IDs\05-WMC\MU","Tr15_update4.png","8","607980","C:/Users/Public/Experiments/IDs/05-WMC/MU/MUsbj065.csv","update","1300","4","65","626315","627617"
"MU.osexp","C:\Users\Public\Experiments\IDs\05-WMC\MU","Tr15_update5.png","8","607980","C:/Users/Public/Experiments/IDs/05-WMC/MU/MUsbj065.csv","update","1300","4","65","627985","629287"
"MU.osexp","C:\Users\Public\Experiments\IDs\05-WMC\MU","Tr15_update6.png","8","607980","C:/Users/Public/Experiments/IDs/05-WMC/MU/MUsbj065.csv","update","1300","4","65","629634","630936"
"MU.osexp","C:\Users\Public\Experiments\IDs\05-WMC\MU","Tr15_test1.png","9","638596","C:/Users/Public/Experiments/IDs/05-WMC/MU/MUsbj065.csv","test","0","4","65","631297","638597"
"MU.osexp","C:\Users\Public\Experiments\IDs\05-WMC\MU","Tr15_test2.png","7","646597","C:/Users/Public/Experiments/IDs/05-WMC/MU/MUsbj065.csv","test","0","4","65","639701","646598"
"MU.osexp","C:\Users\Public\Experiments\IDs\05-WMC\MU","Tr15_test3.png","8","648749","C:/Users/Public/Experiments/IDs/05-WMC/MU/MUsbj065.csv","test","0","4","65","647703","648749"
"MU.osexp","C:\Users\Public\Experiments\IDs\05-WMC\MU","Tr15_test4.png","9","657332","C:/Users/Public/Experiments/IDs/05-WMC/MU/MUsbj065.csv","test","0","4","65","649876","657333"
"MU.osexp","C:\Users\Public\Experiments\IDs\05-WMC\MU","wait.png","9","657332","C:/Users/Public/Experiments/IDs/05-WMC/MU/MUsbj065.csv","wait","5000","4","65","658435","657333"
"MU.osexp","C:\Users\Public\Experiments\IDs\05-WMC\MU","fixation.png","9","657332","C:/Users/Public/Experiments/IDs/05-WMC/MU/MUsbj065.csv","fix","1500","4","65","663536","657333"
"MU.osexp","C:\Users\Public\Experiments\IDs\05-WMC\MU","Tr16_study1.png","9","657332","C:/Users/Public/Experiments/IDs/05-WMC/MU/MUsbj065.csv","study","1000","4","65","665164","666166"
"MU.osexp","C:\Users\Public\Experiments\IDs\05-WMC\MU","Tr16_study2.png","9","657332","C:/Users/Public/Experiments/IDs/05-WMC/MU/MUsbj065.csv","study","1000","4","65","666523","667525"
"MU.osexp","C:\Users\Public\Experiments\IDs\05-WMC\MU","Tr16_study3.png","9","657332","C:/Users/Public/Experiments/IDs/05-WMC/MU/MUsbj065.csv","study","1000","4","65","667866","668867"
"MU.osexp","C:\Users\Public\Experiments\IDs\05-WMC\MU","Tr16_study4.png","9","657332","C:/Users/Public/Experiments/IDs/05-WMC/MU/MUsbj065.csv","study","1000","4","65","669222","670224"
"MU.osexp","C:\Users\Public\Experiments\IDs\05-WMC\MU","Tr16_update1.png","9","657332","C:/Users/Public/Experiments/IDs/05-WMC/MU/MUsbj065.csv","update","1300","4","65","670578","671880"
"MU.osexp","C:\Users\Public\Experiments\IDs\05-WMC\MU","Tr16_update2.png","9","657332","C:/Users/Public/Experiments/IDs/05-WMC/MU/MUsbj065.csv","update","1300","4","65","672234","673536"
"MU.osexp","C:\Users\Public\Experiments\IDs\05-WMC\MU","Tr16_test1.png","8","675908","C:/Users/Public/Experiments/IDs/05-WMC/MU/MUsbj065.csv","test","0","4","65","673914","675909"
"MU.osexp","C:\Users\Public\Experiments\IDs\05-WMC\MU","Tr16_test2.png","7","677980","C:/Users/Public/Experiments/IDs/05-WMC/MU/MUsbj065.csv","test","0","4","65","677001","677981"
"MU.osexp","C:\Users\Public\Experiments\IDs\05-WMC\MU","Tr16_test3.png","8","680349","C:/Users/Public/Experiments/IDs/05-WMC/MU/MUsbj065.csv","test","0","4","65","679104","680350"
"MU.osexp","C:\Users\Public\Experiments\IDs\05-WMC\MU","Tr16_test4.png","5","682181","C:/Users/Public/Experiments/IDs/05-WMC/MU/MUsbj065.csv","test","0","4","65","681461","682182"
"MU.osexp","C:\Users\Public\Experiments\IDs\05-WMC\MU","wait.png","5","682181","C:/Users/Public/Experiments/IDs/05-WMC/MU/MUsbj065.csv","wait","5000","5","65","683433","682182"
"MU.osexp","C:\Users\Public\Experiments\IDs\05-WMC\MU","fixation.png","5","682181","C:/Users/Public/Experiments/IDs/05-WMC/MU/MUsbj065.csv","fix","1500","5","65","688539","682182"
"MU.osexp","C:\Users\Public\Experiments\IDs\05-WMC\MU","Tr17_study1.png","5","682181","C:/Users/Public/Experiments/IDs/05-WMC/MU/MUsbj065.csv","study","1000","5","65","690171","691173"
"MU.osexp","C:\Users\Public\Experiments\IDs\05-WMC\MU","Tr17_study2.png","5","682181","C:/Users/Public/Experiments/IDs/05-WMC/MU/MUsbj065.csv","study","1000","5","65","691517","692519"
"MU.osexp","C:\Users\Public\Experiments\IDs\05-WMC\MU","Tr17_study3.png","5","682181","C:/Users/Public/Experiments/IDs/05-WMC/MU/MUsbj065.csv","study","1000","5","65","692887","693889"
"MU.osexp","C:\Users\Public\Experiments\IDs\05-WMC\MU","Tr17_study4.png","5","682181","C:/Users/Public/Experiments/IDs/05-WMC/MU/MUsbj065.csv","study","1000","5","65","694244","695246"
"MU.osexp","C:\Users\Public\Experiments\IDs\05-WMC\MU","Tr17_study5.png","5","682181","C:/Users/Public/Experiments/IDs/05-WMC/MU/MUsbj065.csv","study","1000","5","65","695606","696607"
"MU.osexp","C:\Users\Public\Experiments\IDs\05-WMC\MU","Tr17_update1.png","5","682181","C:/Users/Public/Experiments/IDs/05-WMC/MU/MUsbj065.csv","update","1300","5","65","696949","698251"
"MU.osexp","C:\Users\Public\Experiments\IDs\05-WMC\MU","Tr17_update2.png","5","682181","C:/Users/Public/Experiments/IDs/05-WMC/MU/MUsbj065.csv","update","1300","5","65","698597","699899"
"MU.osexp","C:\Users\Public\Experiments\IDs\05-WMC\MU","Tr17_update3.png","5","682181","C:/Users/Public/Experiments/IDs/05-WMC/MU/MUsbj065.csv","update","1300","5","65","700252","701554"
"MU.osexp","C:\Users\Public\Experiments\IDs\05-WMC\MU","Tr17_update4.png","5","682181","C:/Users/Public/Experiments/IDs/05-WMC/MU/MUsbj065.csv","update","1300","5","65","701915","703216"
"MU.osexp","C:\Users\Public\Experiments\IDs\05-WMC\MU","Tr17_update5.png","5","682181","C:/Users/Public/Experiments/IDs/05-WMC/MU/MUsbj065.csv","update","1300","5","65","703590","704892"
"MU.osexp","C:\Users\Public\Experiments\IDs\05-WMC\MU","Tr17_update6.png","5","682181","C:/Users/Public/Experiments/IDs/05-WMC/MU/MUsbj065.csv","update","1300","5","65","705245","706547"
"MU.osexp","C:\Users\Public\Experiments\IDs\05-WMC\MU","Tr17_test1.png","2","712204","C:/Users/Public/Experiments/IDs/05-WMC/MU/MUsbj065.csv","test","0","5","65","706905","712205"
"MU.osexp","C:\Users\Public\Experiments\IDs\05-WMC\MU","Tr17_test2.png","1","714965","C:/Users/Public/Experiments/IDs/05-WMC/MU/MUsbj065.csv","test","0","5","65","713451","714966"
"MU.osexp","C:\Users\Public\Experiments\IDs\05-WMC\MU","Tr17_test3.png","8","719853","C:/Users/Public/Experiments/IDs/05-WMC/MU/MUsbj065.csv","test","0","5","65","716061","719853"
"MU.osexp","C:\Users\Public\Experiments\IDs\05-WMC\MU","Tr17_test4.png","6","723252","C:/Users/Public/Experiments/IDs/05-WMC/MU/MUsbj065.csv","test","0","5","65","720953","723253"
"MU.osexp","C:\Users\Public\Experiments\IDs\05-WMC\MU","Tr17_test5.png","9","724708","C:/Users/Public/Experiments/IDs/05-WMC/MU/MUsbj065.csv","test","0","5","65","724363","724709"
