"experiment_file","experiment_path","image","key","key_time","logfile","phase","playtime","setSize","subject_nr","timestamp","waittime"
"MU.osexp","C:\Users\Public\Experiments\IDs\05-WMC\MU","ready1.png","NA","NA","C:/Users/Public/Experiments/IDs/05-WMC/MU/MUsbj098.csv","pre","0","3","98","54236","NA"
"MU.osexp","C:\Users\Public\Experiments\IDs\05-WMC\MU","fixation.png","NA","NA","C:/Users/Public/Experiments/IDs/05-WMC/MU/MUsbj098.csv","fix","1500","3","98","55830","NA"
"MU.osexp","C:\Users\Public\Experiments\IDs\05-WMC\MU","Tr1_study1.png","NA","NA","C:/Users/Public/Experiments/IDs/05-WMC/MU/MUsbj098.csv","study","1000","3","98","57443","58444"
"MU.osexp","C:\Users\Public\Experiments\IDs\05-WMC\MU","Tr1_study2.png","NA","NA","C:/Users/Public/Experiments/IDs/05-WMC/MU/MUsbj098.csv","study","1000","3","98","58793","59795"
"MU.osexp","C:\Users\Public\Experiments\IDs\05-WMC\MU","Tr1_study3.png","NA","NA","C:/Users/Public/Experiments/IDs/05-WMC/MU/MUsbj098.csv","study","1000","3","98","60150","61152"
"MU.osexp","C:\Users\Public\Experiments\IDs\05-WMC\MU","Tr1_update1.png","NA","NA","C:/Users/Public/Experiments/IDs/05-WMC/MU/MUsbj098.csv","update","1300","3","98","61500","62801"
"MU.osexp","C:\Users\Public\Experiments\IDs\05-WMC\MU","Tr1_update2.png","NA","NA","C:/Users/Public/Experiments/IDs/05-WMC/MU/MUsbj098.csv","update","1300","3","98","63163","64465"
"MU.osexp","C:\Users\Public\Experiments\IDs\05-WMC\MU","Tr1_update3.png","NA","NA","C:/Users/Public/Experiments/IDs/05-WMC/MU/MUsbj098.csv","update","1300","3","98","64816","66118"
"MU.osexp","C:\Users\Public\Experiments\IDs\05-WMC\MU","Tr1_test1.png","9","68576","C:/Users/Public/Experiments/IDs/05-WMC/MU/MUsbj098.csv","test","0","3","98","66467","68577"
"MU.osexp","C:\Users\Public\Experiments\IDs\05-WMC\MU","Tr1_test2.png","8","72184","C:/Users/Public/Experiments/IDs/05-WMC/MU/MUsbj098.csv","test","0","3","98","69673","72185"
"MU.osexp","C:\Users\Public\Experiments\IDs\05-WMC\MU","Tr1_test3.png","2","74376","C:/Users/Public/Experiments/IDs/05-WMC/MU/MUsbj098.csv","test","0","3","98","73289","74376"
"MU.osexp","C:\Users\Public\Experiments\IDs\05-WMC\MU","wait.png","2","74376","C:/Users/Public/Experiments/IDs/05-WMC/MU/MUsbj098.csv","wait","5000","3","98","75458","74376"
"MU.osexp","C:\Users\Public\Experiments\IDs\05-WMC\MU","fixation.png","2","74376","C:/Users/Public/Experiments/IDs/05-WMC/MU/MUsbj098.csv","fix","1500","3","98","80569","74376"
"MU.osexp","C:\Users\Public\Experiments\IDs\05-WMC\MU","Tr2_study1.png","2","74376","C:/Users/Public/Experiments/IDs/05-WMC/MU/MUsbj098.csv","study","1000","3","98","82179","83180"
"MU.osexp","C:\Users\Public\Experiments\IDs\05-WMC\MU","Tr2_study2.png","2","74376","C:/Users/Public/Experiments/IDs/05-WMC/MU/MUsbj098.csv","study","1000","3","98","83522","84524"
"MU.osexp","C:\Users\Public\Experiments\IDs\05-WMC\MU","Tr2_study3.png","2","74376","C:/Users/Public/Experiments/IDs/05-WMC/MU/MUsbj098.csv","study","1000","3","98","84873","85874"
"MU.osexp","C:\Users\Public\Experiments\IDs\05-WMC\MU","Tr2_update1.png","2","74376","C:/Users/Public/Experiments/IDs/05-WMC/MU/MUsbj098.csv","update","1300","3","98","86224","87526"
"MU.osexp","C:\Users\Public\Experiments\IDs\05-WMC\MU","Tr2_update2.png","2","74376","C:/Users/Public/Experiments/IDs/05-WMC/MU/MUsbj098.csv","update","1300","3","98","87874","89176"
"MU.osexp","C:\Users\Public\Experiments\IDs\05-WMC\MU","Tr2_update3.png","2","74376","C:/Users/Public/Experiments/IDs/05-WMC/MU/MUsbj098.csv","update","1300","3","98","89523","90825"
"MU.osexp","C:\Users\Public\Experiments\IDs\05-WMC\MU","Tr2_test1.png","4","93288","C:/Users/Public/Experiments/IDs/05-WMC/MU/MUsbj098.csv","test","0","3","98","91161","93288"
"MU.osexp","C:\Users\Public\Experiments\IDs\05-WMC\MU","Tr2_test2.png","6","95631","C:/Users/Public/Experiments/IDs/05-WMC/MU/MUsbj098.csv","test","0","3","98","94392","95632"
"MU.osexp","C:\Users\Public\Experiments\IDs\05-WMC\MU","Tr2_test3.png","7","97087","C:/Users/Public/Experiments/IDs/05-WMC/MU/MUsbj098.csv","test","0","3","98","96733","97088"
"MU.osexp","C:\Users\Public\Experiments\IDs\05-WMC\MU","ready2.png","7","97087","C:/Users/Public/Experiments/IDs/05-WMC/MU/MUsbj098.csv","pre","0","3","98","100658","97088"
"MU.osexp","C:\Users\Public\Experiments\IDs\05-WMC\MU","fixation.png","7","97087","C:/Users/Public/Experiments/IDs/05-WMC/MU/MUsbj098.csv","fix","1500","3","98","103964","97088"
"MU.osexp","C:\Users\Public\Experiments\IDs\05-WMC\MU","Tr3_study1.png","7","97087","C:/Users/Public/Experiments/IDs/05-WMC/MU/MUsbj098.csv","study","1000","3","98","105569","106570"
"MU.osexp","C:\Users\Public\Experiments\IDs\05-WMC\MU","Tr3_study2.png","7","97087","C:/Users/Public/Experiments/IDs/05-WMC/MU/MUsbj098.csv","study","1000","3","98","106923","107925"
"MU.osexp","C:\Users\Public\Experiments\IDs\05-WMC\MU","Tr3_study3.png","7","97087","C:/Users/Public/Experiments/IDs/05-WMC/MU/MUsbj098.csv","study","1000","3","98","108291","109293"
"MU.osexp","C:\Users\Public\Experiments\IDs\05-WMC\MU","Tr3_update1.png","7","97087","C:/Users/Public/Experiments/IDs/05-WMC/MU/MUsbj098.csv","update","1300","3","98","109651","110953"
"MU.osexp","C:\Users\Public\Experiments\IDs\05-WMC\MU","Tr3_update2.png","7","97087","C:/Users/Public/Experiments/IDs/05-WMC/MU/MUsbj098.csv","update","1300","3","98","111299","112601"
"MU.osexp","C:\Users\Public\Experiments\IDs\05-WMC\MU","Tr3_update3.png","7","97087","C:/Users/Public/Experiments/IDs/05-WMC/MU/MUsbj098.csv","update","1300","3","98","112950","114252"
"MU.osexp","C:\Users\Public\Experiments\IDs\05-WMC\MU","Tr3_test1.png","9","116791","C:/Users/Public/Experiments/IDs/05-WMC/MU/MUsbj098.csv","test","0","3","98","114602","116792"
"MU.osexp","C:\Users\Public\Experiments\IDs\05-WMC\MU","Tr3_test2.png","7","121416","C:/Users/Public/Experiments/IDs/05-WMC/MU/MUsbj098.csv","test","0","3","98","117875","121417"
"MU.osexp","C:\Users\Public\Experiments\IDs\05-WMC\MU","Tr3_test3.png","5","126424","C:/Users/Public/Experiments/IDs/05-WMC/MU/MUsbj098.csv","test","0","3","98","122492","126425"
"MU.osexp","C:\Users\Public\Experiments\IDs\05-WMC\MU","wait.png","5","126424","C:/Users/Public/Experiments/IDs/05-WMC/MU/MUsbj098.csv","wait","5000","4","98","127501","126425"
"MU.osexp","C:\Users\Public\Experiments\IDs\05-WMC\MU","fixation.png","5","126424","C:/Users/Public/Experiments/IDs/05-WMC/MU/MUsbj098.csv","fix","1500","4","98","132576","126425"
"MU.osexp","C:\Users\Public\Experiments\IDs\05-WMC\MU","Tr4_study1.png","5","126424","C:/Users/Public/Experiments/IDs/05-WMC/MU/MUsbj098.csv","study","1000","4","98","134153","135154"
"MU.osexp","C:\Users\Public\Experiments\IDs\05-WMC\MU","Tr4_study2.png","5","126424","C:/Users/Public/Experiments/IDs/05-WMC/MU/MUsbj098.csv","study","1000","4","98","135485","136485"
"MU.osexp","C:\Users\Public\Experiments\IDs\05-WMC\MU","Tr4_study3.png","5","126424","C:/Users/Public/Experiments/IDs/05-WMC/MU/MUsbj098.csv","study","1000","4","98","136813","137813"
"MU.osexp","C:\Users\Public\Experiments\IDs\05-WMC\MU","Tr4_study4.png","5","126424","C:/Users/Public/Experiments/IDs/05-WMC/MU/MUsbj098.csv","study","1000","4","98","138195","139195"
"MU.osexp","C:\Users\Public\Experiments\IDs\05-WMC\MU","Tr4_update1.png","5","126424","C:/Users/Public/Experiments/IDs/05-WMC/MU/MUsbj098.csv","update","1300","4","98","139535","140835"
"MU.osexp","C:\Users\Public\Experiments\IDs\05-WMC\MU","Tr4_update2.png","5","126424","C:/Users/Public/Experiments/IDs/05-WMC/MU/MUsbj098.csv","update","1300","4","98","141160","142460"
"MU.osexp","C:\Users\Public\Experiments\IDs\05-WMC\MU","Tr4_update3.png","5","126424","C:/Users/Public/Experiments/IDs/05-WMC/MU/MUsbj098.csv","update","1300","4","98","142805","144105"
"MU.osexp","C:\Users\Public\Experiments\IDs\05-WMC\MU","Tr4_update4.png","5","126424","C:/Users/Public/Experiments/IDs/05-WMC/MU/MUsbj098.csv","update","1300","4","98","144438","145738"
"MU.osexp","C:\Users\Public\Experiments\IDs\05-WMC\MU","Tr4_test1.png","1","150655","C:/Users/Public/Experiments/IDs/05-WMC/MU/MUsbj098.csv","test","0","4","98","146077","150656"
"MU.osexp","C:\Users\Public\Experiments\IDs\05-WMC\MU","Tr4_test2.png","9","157032","C:/Users/Public/Experiments/IDs/05-WMC/MU/MUsbj098.csv","test","0","4","98","151728","157033"
"MU.osexp","C:\Users\Public\Experiments\IDs\05-WMC\MU","Tr4_test3.png","1","161272","C:/Users/Public/Experiments/IDs/05-WMC/MU/MUsbj098.csv","test","0","4","98","158122","161273"
"MU.osexp","C:\Users\Public\Experiments\IDs\05-WMC\MU","Tr4_test4.png","8","167327","C:/Users/Public/Experiments/IDs/05-WMC/MU/MUsbj098.csv","test","0","4","98","162462","167328"
"MU.osexp","C:\Users\Public\Experiments\IDs\05-WMC\MU","wait.png","8","167327","C:/Users/Public/Experiments/IDs/05-WMC/MU/MUsbj098.csv","wait","5000","3","98","168448","167328"
"MU.osexp","C:\Users\Public\Experiments\IDs\05-WMC\MU","fixation.png","8","167327","C:/Users/Public/Experiments/IDs/05-WMC/MU/MUsbj098.csv","fix","1500","3","98","173556","167328"
"MU.osexp","C:\Users\Public\Experiments\IDs\05-WMC\MU","Tr5_study1.png","8","167327","C:/Users/Public/Experiments/IDs/05-WMC/MU/MUsbj098.csv","study","1000","3","98","175170","176171"
"MU.osexp","C:\Users\Public\Experiments\IDs\05-WMC\MU","Tr5_study2.png","8","167327","C:/Users/Public/Experiments/IDs/05-WMC/MU/MUsbj098.csv","study","1000","3","98","176523","177525"
"MU.osexp","C:\Users\Public\Experiments\IDs\05-WMC\MU","Tr5_study3.png","8","167327","C:/Users/Public/Experiments/IDs/05-WMC/MU/MUsbj098.csv","study","1000","3","98","177891","178892"
"MU.osexp","C:\Users\Public\Experiments\IDs\05-WMC\MU","Tr5_update1.png","8","167327","C:/Users/Public/Experiments/IDs/05-WMC/MU/MUsbj098.csv","update","1300","3","98","179248","180550"
"MU.osexp","C:\Users\Public\Experiments\IDs\05-WMC\MU","Tr5_update2.png","8","167327","C:/Users/Public/Experiments/IDs/05-WMC/MU/MUsbj098.csv","update","1300","3","98","180928","182230"
"MU.osexp","C:\Users\Public\Experiments\IDs\05-WMC\MU","Tr5_update3.png","8","167327","C:/Users/Public/Experiments/IDs/05-WMC/MU/MUsbj098.csv","update","1300","3","98","182585","183887"
"MU.osexp","C:\Users\Public\Experiments\IDs\05-WMC\MU","Tr5_update4.png","8","167327","C:/Users/Public/Experiments/IDs/05-WMC/MU/MUsbj098.csv","update","1300","3","98","184237","185539"
"MU.osexp","C:\Users\Public\Experiments\IDs\05-WMC\MU","Tr5_update5.png","8","167327","C:/Users/Public/Experiments/IDs/05-WMC/MU/MUsbj098.csv","update","1300","3","98","185876","187178"
"MU.osexp","C:\Users\Public\Experiments\IDs\05-WMC\MU","Tr5_update6.png","8","167327","C:/Users/Public/Experiments/IDs/05-WMC/MU/MUsbj098.csv","update","1300","3","98","187535","188837"
"MU.osexp","C:\Users\Public\Experiments\IDs\05-WMC\MU","Tr5_test1.png","4","193024","C:/Users/Public/Experiments/IDs/05-WMC/MU/MUsbj098.csv","test","0","3","98","189208","193025"
"MU.osexp","C:\Users\Public\Experiments\IDs\05-WMC\MU","Tr5_test2.png","5","196544","C:/Users/Public/Experiments/IDs/05-WMC/MU/MUsbj098.csv","test","0","3","98","194144","196545"
"MU.osexp","C:\Users\Public\Experiments\IDs\05-WMC\MU","Tr5_test3.png","3","198560","C:/Users/Public/Experiments/IDs/05-WMC/MU/MUsbj098.csv","test","0","3","98","197643","198560"
"MU.osexp","C:\Users\Public\Experiments\IDs\05-WMC\MU","wait.png","3","198560","C:/Users/Public/Experiments/IDs/05-WMC/MU/MUsbj098.csv","wait","5000","4","98","199672","198560"
"MU.osexp","C:\Users\Public\Experiments\IDs\05-WMC\MU","fixation.png","3","198560","C:/Users/Public/Experiments/IDs/05-WMC/MU/MUsbj098.csv","fix","1500","4","98","204779","198560"
"MU.osexp","C:\Users\Public\Experiments\IDs\05-WMC\MU","Tr6_study1.png","3","198560","C:/Users/Public/Experiments/IDs/05-WMC/MU/MUsbj098.csv","study","1000","4","98","206395","207396"
"MU.osexp","C:\Users\Public\Experiments\IDs\05-WMC\MU","Tr6_study2.png","3","198560","C:/Users/Public/Experiments/IDs/05-WMC/MU/MUsbj098.csv","study","1000","4","98","207772","208772"
"MU.osexp","C:\Users\Public\Experiments\IDs\05-WMC\MU","Tr6_study3.png","3","198560","C:/Users/Public/Experiments/IDs/05-WMC/MU/MUsbj098.csv","study","1000","4","98","209111","210112"
"MU.osexp","C:\Users\Public\Experiments\IDs\05-WMC\MU","Tr6_study4.png","3","198560","C:/Users/Public/Experiments/IDs/05-WMC/MU/MUsbj098.csv","study","1000","4","98","210474","211476"
"MU.osexp","C:\Users\Public\Experiments\IDs\05-WMC\MU","Tr6_update1.png","3","198560","C:/Users/Public/Experiments/IDs/05-WMC/MU/MUsbj098.csv","update","1300","4","98","211824","213126"
"MU.osexp","C:\Users\Public\Experiments\IDs\05-WMC\MU","Tr6_update2.png","3","198560","C:/Users/Public/Experiments/IDs/05-WMC/MU/MUsbj098.csv","update","1300","4","98","213466","214768"
"MU.osexp","C:\Users\Public\Experiments\IDs\05-WMC\MU","Tr6_update3.png","3","198560","C:/Users/Public/Experiments/IDs/05-WMC/MU/MUsbj098.csv","update","1300","4","98","215133","216435"
"MU.osexp","C:\Users\Public\Experiments\IDs\05-WMC\MU","Tr6_update4.png","3","198560","C:/Users/Public/Experiments/IDs/05-WMC/MU/MUsbj098.csv","update","1300","4","98","216807","218109"
"MU.osexp","C:\Users\Public\Experiments\IDs\05-WMC\MU","Tr6_update5.png","3","198560","C:/Users/Public/Experiments/IDs/05-WMC/MU/MUsbj098.csv","update","1300","4","98","218463","219765"
"MU.osexp","C:\Users\Public\Experiments\IDs\05-WMC\MU","Tr6_test1.png","4","226320","C:/Users/Public/Experiments/IDs/05-WMC/MU/MUsbj098.csv","test","0","4","98","220124","226321"
"MU.osexp","C:\Users\Public\Experiments\IDs\05-WMC\MU","Tr6_test2.png","1","229104","C:/Users/Public/Experiments/IDs/05-WMC/MU/MUsbj098.csv","test","0","4","98","227449","229105"
"MU.osexp","C:\Users\Public\Experiments\IDs\05-WMC\MU","Tr6_test3.png","3","231808","C:/Users/Public/Experiments/IDs/05-WMC/MU/MUsbj098.csv","test","0","4","98","230216","231809"
"MU.osexp","C:\Users\Public\Experiments\IDs\05-WMC\MU","Tr6_test4.png","8","234848","C:/Users/Public/Experiments/IDs/05-WMC/MU/MUsbj098.csv","test","0","4","98","232902","234848"
"MU.osexp","C:\Users\Public\Experiments\IDs\05-WMC\MU","wait.png","8","234848","C:/Users/Public/Experiments/IDs/05-WMC/MU/MUsbj098.csv","wait","5000","5","98","235953","234848"
"MU.osexp","C:\Users\Public\Experiments\IDs\05-WMC\MU","fixation.png","8","234848","C:/Users/Public/Experiments/IDs/05-WMC/MU/MUsbj098.csv","fix","1500","5","98","241139","234848"
"MU.osexp","C:\Users\Public\Experiments\IDs\05-WMC\MU","Tr7_study1.png","8","234848","C:/Users/Public/Experiments/IDs/05-WMC/MU/MUsbj098.csv","study","1000","5","98","242760","243762"
"MU.osexp","C:\Users\Public\Experiments\IDs\05-WMC\MU","Tr7_study2.png","8","234848","C:/Users/Public/Experiments/IDs/05-WMC/MU/MUsbj098.csv","study","1000","5","98","244115","245117"
"MU.osexp","C:\Users\Public\Experiments\IDs\05-WMC\MU","Tr7_study3.png","8","234848","C:/Users/Public/Experiments/IDs/05-WMC/MU/MUsbj098.csv","study","1000","5","98","245489","246490"
"MU.osexp","C:\Users\Public\Experiments\IDs\05-WMC\MU","Tr7_study4.png","8","234848","C:/Users/Public/Experiments/IDs/05-WMC/MU/MUsbj098.csv","study","1000","5","98","246843","247845"
"MU.osexp","C:\Users\Public\Experiments\IDs\05-WMC\MU","Tr7_study5.png","8","234848","C:/Users/Public/Experiments/IDs/05-WMC/MU/MUsbj098.csv","study","1000","5","98","248209","249210"
"MU.osexp","C:\Users\Public\Experiments\IDs\05-WMC\MU","Tr7_update1.png","8","234848","C:/Users/Public/Experiments/IDs/05-WMC/MU/MUsbj098.csv","update","1300","5","98","249644","250946"
"MU.osexp","C:\Users\Public\Experiments\IDs\05-WMC\MU","Tr7_update2.png","8","234848","C:/Users/Public/Experiments/IDs/05-WMC/MU/MUsbj098.csv","update","1300","5","98","251290","252592"
"MU.osexp","C:\Users\Public\Experiments\IDs\05-WMC\MU","Tr7_update3.png","8","234848","C:/Users/Public/Experiments/IDs/05-WMC/MU/MUsbj098.csv","update","1300","5","98","252942","254244"
"MU.osexp","C:\Users\Public\Experiments\IDs\05-WMC\MU","Tr7_update4.png","8","234848","C:/Users/Public/Experiments/IDs/05-WMC/MU/MUsbj098.csv","update","1300","5","98","254903","256205"
"MU.osexp","C:\Users\Public\Experiments\IDs\05-WMC\MU","Tr7_update5.png","8","234848","C:/Users/Public/Experiments/IDs/05-WMC/MU/MUsbj098.csv","update","1300","5","98","256563","257865"
"MU.osexp","C:\Users\Public\Experiments\IDs\05-WMC\MU","Tr7_test1.png","1","259888","C:/Users/Public/Experiments/IDs/05-WMC/MU/MUsbj098.csv","test","0","5","98","258230","259889"
"MU.osexp","C:\Users\Public\Experiments\IDs\05-WMC\MU","Tr7_test2.png","8","261976","C:/Users/Public/Experiments/IDs/05-WMC/MU/MUsbj098.csv","test","0","5","98","260992","261977"
"MU.osexp","C:\Users\Public\Experiments\IDs\05-WMC\MU","Tr7_test3.png","1","263944","C:/Users/Public/Experiments/IDs/05-WMC/MU/MUsbj098.csv","test","0","5","98","263152","263945"
"MU.osexp","C:\Users\Public\Experiments\IDs\05-WMC\MU","Tr7_test4.png","8","265744","C:/Users/Public/Experiments/IDs/05-WMC/MU/MUsbj098.csv","test","0","5","98","265116","265745"
"MU.osexp","C:\Users\Public\Experiments\IDs\05-WMC\MU","Tr7_test5.png","1","267200","C:/Users/Public/Experiments/IDs/05-WMC/MU/MUsbj098.csv","test","0","5","98","266863","267201"
"MU.osexp","C:\Users\Public\Experiments\IDs\05-WMC\MU","wait.png","1","267200","C:/Users/Public/Experiments/IDs/05-WMC/MU/MUsbj098.csv","wait","5000","4","98","268318","267201"
"MU.osexp","C:\Users\Public\Experiments\IDs\05-WMC\MU","fixation.png","1","267200","C:/Users/Public/Experiments/IDs/05-WMC/MU/MUsbj098.csv","fix","1500","4","98","273428","267201"
"MU.osexp","C:\Users\Public\Experiments\IDs\05-WMC\MU","Tr8_study1.png","1","267200","C:/Users/Public/Experiments/IDs/05-WMC/MU/MUsbj098.csv","study","1000","4","98","275032","276033"
"MU.osexp","C:\Users\Public\Experiments\IDs\05-WMC\MU","Tr8_study2.png","1","267200","C:/Users/Public/Experiments/IDs/05-WMC/MU/MUsbj098.csv","study","1000","4","98","276382","277384"
"MU.osexp","C:\Users\Public\Experiments\IDs\05-WMC\MU","Tr8_study3.png","1","267200","C:/Users/Public/Experiments/IDs/05-WMC/MU/MUsbj098.csv","study","1000","4","98","277731","278732"
"MU.osexp","C:\Users\Public\Experiments\IDs\05-WMC\MU","Tr8_study4.png","1","267200","C:/Users/Public/Experiments/IDs/05-WMC/MU/MUsbj098.csv","study","1000","4","98","279086","280088"
"MU.osexp","C:\Users\Public\Experiments\IDs\05-WMC\MU","Tr8_update1.png","1","267200","C:/Users/Public/Experiments/IDs/05-WMC/MU/MUsbj098.csv","update","1300","4","98","280418","281720"
"MU.osexp","C:\Users\Public\Experiments\IDs\05-WMC\MU","Tr8_update2.png","1","267200","C:/Users/Public/Experiments/IDs/05-WMC/MU/MUsbj098.csv","update","1300","4","98","282084","283386"
"MU.osexp","C:\Users\Public\Experiments\IDs\05-WMC\MU","Tr8_update3.png","1","267200","C:/Users/Public/Experiments/IDs/05-WMC/MU/MUsbj098.csv","update","1300","4","98","283736","285038"
"MU.osexp","C:\Users\Public\Experiments\IDs\05-WMC\MU","Tr8_test1.png","2","287328","C:/Users/Public/Experiments/IDs/05-WMC/MU/MUsbj098.csv","test","0","4","98","285448","287328"
"MU.osexp","C:\Users\Public\Experiments\IDs\05-WMC\MU","Tr8_test2.png","4","290136","C:/Users/Public/Experiments/IDs/05-WMC/MU/MUsbj098.csv","test","0","4","98","288425","290136"
"MU.osexp","C:\Users\Public\Experiments\IDs\05-WMC\MU","Tr8_test3.png","9","292391","C:/Users/Public/Experiments/IDs/05-WMC/MU/MUsbj098.csv","test","0","4","98","291258","292392"
"MU.osexp","C:\Users\Public\Experiments\IDs\05-WMC\MU","Tr8_test4.png","1","293968","C:/Users/Public/Experiments/IDs/05-WMC/MU/MUsbj098.csv","test","0","4","98","293483","293969"
"MU.osexp","C:\Users\Public\Experiments\IDs\05-WMC\MU","wait.png","1","293968","C:/Users/Public/Experiments/IDs/05-WMC/MU/MUsbj098.csv","wait","5000","5","98","295138","293969"
"MU.osexp","C:\Users\Public\Experiments\IDs\05-WMC\MU","fixation.png","1","293968","C:/Users/Public/Experiments/IDs/05-WMC/MU/MUsbj098.csv","fix","1500","5","98","300250","293969"
"MU.osexp","C:\Users\Public\Experiments\IDs\05-WMC\MU","Tr9_study1.png","1","293968","C:/Users/Public/Experiments/IDs/05-WMC/MU/MUsbj098.csv","study","1000","5","98","301856","302857"
"MU.osexp","C:\Users\Public\Experiments\IDs\05-WMC\MU","Tr9_study2.png","1","293968","C:/Users/Public/Experiments/IDs/05-WMC/MU/MUsbj098.csv","study","1000","5","98","303194","304196"
"MU.osexp","C:\Users\Public\Experiments\IDs\05-WMC\MU","Tr9_study3.png","1","293968","C:/Users/Public/Experiments/IDs/05-WMC/MU/MUsbj098.csv","study","1000","5","98","304544","305544"
"MU.osexp","C:\Users\Public\Experiments\IDs\05-WMC\MU","Tr9_study4.png","1","293968","C:/Users/Public/Experiments/IDs/05-WMC/MU/MUsbj098.csv","study","1000","5","98","305931","306933"
"MU.osexp","C:\Users\Public\Experiments\IDs\05-WMC\MU","Tr9_study5.png","1","293968","C:/Users/Public/Experiments/IDs/05-WMC/MU/MUsbj098.csv","study","1000","5","98","307331","308333"
"MU.osexp","C:\Users\Public\Experiments\IDs\05-WMC\MU","Tr9_update1.png","1","293968","C:/Users/Public/Experiments/IDs/05-WMC/MU/MUsbj098.csv","update","1300","5","98","308676","309978"
"MU.osexp","C:\Users\Public\Experiments\IDs\05-WMC\MU","Tr9_update2.png","1","293968","C:/Users/Public/Experiments/IDs/05-WMC/MU/MUsbj098.csv","update","1300","5","98","310377","311679"
"MU.osexp","C:\Users\Public\Experiments\IDs\05-WMC\MU","Tr9_test1.png","4","313648","C:/Users/Public/Experiments/IDs/05-WMC/MU/MUsbj098.csv","test","0","5","98","312041","313649"
"MU.osexp","C:\Users\Public\Experiments\IDs\05-WMC\MU","Tr9_test2.png","6","316400","C:/Users/Public/Experiments/IDs/05-WMC/MU/MUsbj098.csv","test","0","5","98","314748","316401"
"MU.osexp","C:\Users\Public\Experiments\IDs\05-WMC\MU","Tr9_test3.png","5","318808","C:/Users/Public/Experiments/IDs/05-WMC/MU/MUsbj098.csv","test","0","5","98","317482","318809"
"MU.osexp","C:\Users\Public\Experiments\IDs\05-WMC\MU","Tr9_test4.png","2","321160","C:/Users/Public/Experiments/IDs/05-WMC/MU/MUsbj098.csv","test","0","5","98","319921","321160"
"MU.osexp","C:\Users\Public\Experiments\IDs\05-WMC\MU","Tr9_test5.png","9","323072","C:/Users/Public/Experiments/IDs/05-WMC/MU/MUsbj098.csv","test","0","5","98","322308","323072"
"MU.osexp","C:\Users\Public\Experiments\IDs\05-WMC\MU","wait.png","9","323072","C:/Users/Public/Experiments/IDs/05-WMC/MU/MUsbj098.csv","wait","5000","3","98","324169","323072"
"MU.osexp","C:\Users\Public\Experiments\IDs\05-WMC\MU","fixation.png","9","323072","C:/Users/Public/Experiments/IDs/05-WMC/MU/MUsbj098.csv","fix","1500","3","98","329286","323072"
"MU.osexp","C:\Users\Public\Experiments\IDs\05-WMC\MU","Tr10_study1.png","9","323072","C:/Users/Public/Experiments/IDs/05-WMC/MU/MUsbj098.csv","study","1000","3","98","330874","331875"
"MU.osexp","C:\Users\Public\Experiments\IDs\05-WMC\MU","Tr10_study2.png","9","323072","C:/Users/Public/Experiments/IDs/05-WMC/MU/MUsbj098.csv","study","1000","3","98","332243","333245"
"MU.osexp","C:\Users\Public\Experiments\IDs\05-WMC\MU","Tr10_study3.png","9","323072","C:/Users/Public/Experiments/IDs/05-WMC/MU/MUsbj098.csv","study","1000","3","98","333603","334605"
"MU.osexp","C:\Users\Public\Experiments\IDs\05-WMC\MU","Tr10_update1.png","9","323072","C:/Users/Public/Experiments/IDs/05-WMC/MU/MUsbj098.csv","update","1300","3","98","334969","336271"
"MU.osexp","C:\Users\Public\Experiments\IDs\05-WMC\MU","Tr10_update2.png","9","323072","C:/Users/Public/Experiments/IDs/05-WMC/MU/MUsbj098.csv","update","1300","3","98","336725","338027"
"MU.osexp","C:\Users\Public\Experiments\IDs\05-WMC\MU","Tr10_test1.png","5","340232","C:/Users/Public/Experiments/IDs/05-WMC/MU/MUsbj098.csv","test","0","3","98","338392","340232"
"MU.osexp","C:\Users\Public\Experiments\IDs\05-WMC\MU","Tr10_test2.png","5","342064","C:/Users/Public/Experiments/IDs/05-WMC/MU/MUsbj098.csv","test","0","3","98","341335","342064"
"MU.osexp","C:\Users\Public\Experiments\IDs\05-WMC\MU","Tr10_test3.png","4","343735","C:/Users/Public/Experiments/IDs/05-WMC/MU/MUsbj098.csv","test","0","3","98","343325","343736"
"MU.osexp","C:\Users\Public\Experiments\IDs\05-WMC\MU","wait.png","4","343735","C:/Users/Public/Experiments/IDs/05-WMC/MU/MUsbj098.csv","wait","5000","5","98","344852","343736"
"MU.osexp","C:\Users\Public\Experiments\IDs\05-WMC\MU","fixation.png","4","343735","C:/Users/Public/Experiments/IDs/05-WMC/MU/MUsbj098.csv","fix","1500","5","98","349951","343736"
"MU.osexp","C:\Users\Public\Experiments\IDs\05-WMC\MU","Tr11_study1.png","4","343735","C:/Users/Public/Experiments/IDs/05-WMC/MU/MUsbj098.csv","study","1000","5","98","351559","352561"
"MU.osexp","C:\Users\Public\Experiments\IDs\05-WMC\MU","Tr11_study2.png","4","343735","C:/Users/Public/Experiments/IDs/05-WMC/MU/MUsbj098.csv","study","1000","5","98","352907","353909"
"MU.osexp","C:\Users\Public\Experiments\IDs\05-WMC\MU","Tr11_study3.png","4","343735","C:/Users/Public/Experiments/IDs/05-WMC/MU/MUsbj098.csv","study","1000","5","98","354271","355272"
"MU.osexp","C:\Users\Public\Experiments\IDs\05-WMC\MU","Tr11_study4.png","4","343735","C:/Users/Public/Experiments/IDs/05-WMC/MU/MUsbj098.csv","study","1000","5","98","355626","356628"
"MU.osexp","C:\Users\Public\Experiments\IDs\05-WMC\MU","Tr11_study5.png","4","343735","C:/Users/Public/Experiments/IDs/05-WMC/MU/MUsbj098.csv","study","1000","5","98","356962","357963"
"MU.osexp","C:\Users\Public\Experiments\IDs\05-WMC\MU","Tr11_update1.png","4","343735","C:/Users/Public/Experiments/IDs/05-WMC/MU/MUsbj098.csv","update","1300","5","98","358321","359623"
"MU.osexp","C:\Users\Public\Experiments\IDs\05-WMC\MU","Tr11_update2.png","4","343735","C:/Users/Public/Experiments/IDs/05-WMC/MU/MUsbj098.csv","update","1300","5","98","359996","361298"
"MU.osexp","C:\Users\Public\Experiments\IDs\05-WMC\MU","Tr11_update3.png","4","343735","C:/Users/Public/Experiments/IDs/05-WMC/MU/MUsbj098.csv","update","1300","5","98","361675","362977"
"MU.osexp","C:\Users\Public\Experiments\IDs\05-WMC\MU","Tr11_test1.png","1","365624","C:/Users/Public/Experiments/IDs/05-WMC/MU/MUsbj098.csv","test","0","5","98","363355","365625"
"MU.osexp","C:\Users\Public\Experiments\IDs\05-WMC\MU","Tr11_test2.png","1","370888","C:/Users/Public/Experiments/IDs/05-WMC/MU/MUsbj098.csv","test","0","5","98","366730","370889"
"MU.osexp","C:\Users\Public\Experiments\IDs\05-WMC\MU","Tr11_test3.png","5","375152","C:/Users/Public/Experiments/IDs/05-WMC/MU/MUsbj098.csv","test","0","5","98","372016","375152"
"MU.osexp","C:\Users\Public\Experiments\IDs\05-WMC\MU","Tr11_test4.png","6","377400","C:/Users/Public/Experiments/IDs/05-WMC/MU/MUsbj098.csv","test","0","5","98","376259","377400"
"MU.osexp","C:\Users\Public\Experiments\IDs\05-WMC\MU","Tr11_test5.png","4","379791","C:/Users/Public/Experiments/IDs/05-WMC/MU/MUsbj098.csv","test","0","5","98","378508","379792"
"MU.osexp","C:\Users\Public\Experiments\IDs\05-WMC\MU","wait.png","4","379791","C:/Users/Public/Experiments/IDs/05-WMC/MU/MUsbj098.csv","wait","5000","3","98","380895","379792"
"MU.osexp","C:\Users\Public\Experiments\IDs\05-WMC\MU","fixation.png","4","379791","C:/Users/Public/Experiments/IDs/05-WMC/MU/MUsbj098.csv","fix","1500","3","98","385992","379792"
"MU.osexp","C:\Users\Public\Experiments\IDs\05-WMC\MU","Tr12_study1.png","4","379791","C:/Users/Public/Experiments/IDs/05-WMC/MU/MUsbj098.csv","study","1000","3","98","387598","388599"
"MU.osexp","C:\Users\Public\Experiments\IDs\05-WMC\MU","Tr12_study2.png","4","379791","C:/Users/Public/Experiments/IDs/05-WMC/MU/MUsbj098.csv","study","1000","3","98","388953","389955"
"MU.osexp","C:\Users\Public\Experiments\IDs\05-WMC\MU","Tr12_study3.png","4","379791","C:/Users/Public/Experiments/IDs/05-WMC/MU/MUsbj098.csv","study","1000","3","98","390313","391315"
"MU.osexp","C:\Users\Public\Experiments\IDs\05-WMC\MU","Tr12_update1.png","4","379791","C:/Users/Public/Experiments/IDs/05-WMC/MU/MUsbj098.csv","update","1300","3","98","391675","392977"
"MU.osexp","C:\Users\Public\Experiments\IDs\05-WMC\MU","Tr12_update2.png","4","379791","C:/Users/Public/Experiments/IDs/05-WMC/MU/MUsbj098.csv","update","1300","3","98","393323","394623"
"MU.osexp","C:\Users\Public\Experiments\IDs\05-WMC\MU","Tr12_update3.png","4","379791","C:/Users/Public/Experiments/IDs/05-WMC/MU/MUsbj098.csv","update","1300","3","98","394958","396258"
"MU.osexp","C:\Users\Public\Experiments\IDs\05-WMC\MU","Tr12_update4.png","4","379791","C:/Users/Public/Experiments/IDs/05-WMC/MU/MUsbj098.csv","update","1300","3","98","396610","397912"
"MU.osexp","C:\Users\Public\Experiments\IDs\05-WMC\MU","Tr12_update5.png","4","379791","C:/Users/Public/Experiments/IDs/05-WMC/MU/MUsbj098.csv","update","1300","3","98","398258","399560"
"MU.osexp","C:\Users\Public\Experiments\IDs\05-WMC\MU","Tr12_test1.png","4","404216","C:/Users/Public/Experiments/IDs/05-WMC/MU/MUsbj098.csv","test","0","3","98","399930","404217"
"MU.osexp","C:\Users\Public\Experiments\IDs\05-WMC\MU","Tr12_test2.png","3","405728","C:/Users/Public/Experiments/IDs/05-WMC/MU/MUsbj098.csv","test","0","3","98","405327","405729"
"MU.osexp","C:\Users\Public\Experiments\IDs\05-WMC\MU","Tr12_test3.png","4","407200","C:/Users/Public/Experiments/IDs/05-WMC/MU/MUsbj098.csv","test","0","3","98","406845","407201"
"MU.osexp","C:\Users\Public\Experiments\IDs\05-WMC\MU","wait.png","4","407200","C:/Users/Public/Experiments/IDs/05-WMC/MU/MUsbj098.csv","wait","5000","3","98","408446","407201"
"MU.osexp","C:\Users\Public\Experiments\IDs\05-WMC\MU","fixation.png","4","407200","C:/Users/Public/Experiments/IDs/05-WMC/MU/MUsbj098.csv","fix","1500","3","98","413613","407201"
"MU.osexp","C:\Users\Public\Experiments\IDs\05-WMC\MU","Tr13_study1.png","4","407200","C:/Users/Public/Experiments/IDs/05-WMC/MU/MUsbj098.csv","study","1000","3","98","415238","416238"
"MU.osexp","C:\Users\Public\Experiments\IDs\05-WMC\MU","Tr13_study2.png","4","407200","C:/Users/Public/Experiments/IDs/05-WMC/MU/MUsbj098.csv","study","1000","3","98","416585","417587"
"MU.osexp","C:\Users\Public\Experiments\IDs\05-WMC\MU","Tr13_study3.png","4","407200","C:/Users/Public/Experiments/IDs/05-WMC/MU/MUsbj098.csv","study","1000","3","98","417952","418953"
"MU.osexp","C:\Users\Public\Experiments\IDs\05-WMC\MU","Tr13_update1.png","4","407200","C:/Users/Public/Experiments/IDs/05-WMC/MU/MUsbj098.csv","update","1300","3","98","419313","420615"
"MU.osexp","C:\Users\Public\Experiments\IDs\05-WMC\MU","Tr13_update2.png","4","407200","C:/Users/Public/Experiments/IDs/05-WMC/MU/MUsbj098.csv","update","1300","3","98","420980","422282"
"MU.osexp","C:\Users\Public\Experiments\IDs\05-WMC\MU","Tr13_update3.png","4","407200","C:/Users/Public/Experiments/IDs/05-WMC/MU/MUsbj098.csv","update","1300","3","98","422656","423958"
"MU.osexp","C:\Users\Public\Experiments\IDs\05-WMC\MU","Tr13_update4.png","4","407200","C:/Users/Public/Experiments/IDs/05-WMC/MU/MUsbj098.csv","update","1300","3","98","424309","425611"
"MU.osexp","C:\Users\Public\Experiments\IDs\05-WMC\MU","Tr13_test1.png","3","427360","C:/Users/Public/Experiments/IDs/05-WMC/MU/MUsbj098.csv","test","0","3","98","425952","427361"
"MU.osexp","C:\Users\Public\Experiments\IDs\05-WMC\MU","Tr13_test2.png","1","429376","C:/Users/Public/Experiments/IDs/05-WMC/MU/MUsbj098.csv","test","0","3","98","428461","429376"
"MU.osexp","C:\Users\Public\Experiments\IDs\05-WMC\MU","Tr13_test3.png","5","430880","C:/Users/Public/Experiments/IDs/05-WMC/MU/MUsbj098.csv","test","0","3","98","430477","430880"
"MU.osexp","C:\Users\Public\Experiments\IDs\05-WMC\MU","wait.png","5","430880","C:/Users/Public/Experiments/IDs/05-WMC/MU/MUsbj098.csv","wait","5000","5","98","431993","430880"
"MU.osexp","C:\Users\Public\Experiments\IDs\05-WMC\MU","fixation.png","5","430880","C:/Users/Public/Experiments/IDs/05-WMC/MU/MUsbj098.csv","fix","1500","5","98","437108","430880"
"MU.osexp","C:\Users\Public\Experiments\IDs\05-WMC\MU","Tr14_study1.png","5","430880","C:/Users/Public/Experiments/IDs/05-WMC/MU/MUsbj098.csv","study","1000","5","98","438707","439708"
"MU.osexp","C:\Users\Public\Experiments\IDs\05-WMC\MU","Tr14_study2.png","5","430880","C:/Users/Public/Experiments/IDs/05-WMC/MU/MUsbj098.csv","study","1000","5","98","440133","441135"
"MU.osexp","C:\Users\Public\Experiments\IDs\05-WMC\MU","Tr14_study3.png","5","430880","C:/Users/Public/Experiments/IDs/05-WMC/MU/MUsbj098.csv","study","1000","5","98","441518","442520"
"MU.osexp","C:\Users\Public\Experiments\IDs\05-WMC\MU","Tr14_study4.png","5","430880","C:/Users/Public/Experiments/IDs/05-WMC/MU/MUsbj098.csv","study","1000","5","98","442867","443869"
"MU.osexp","C:\Users\Public\Experiments\IDs\05-WMC\MU","Tr14_study5.png","5","430880","C:/Users/Public/Experiments/IDs/05-WMC/MU/MUsbj098.csv","study","1000","5","98","444239","445240"
"MU.osexp","C:\Users\Public\Experiments\IDs\05-WMC\MU","Tr14_update1.png","5","430880","C:/Users/Public/Experiments/IDs/05-WMC/MU/MUsbj098.csv","update","1300","5","98","445589","446891"
"MU.osexp","C:\Users\Public\Experiments\IDs\05-WMC\MU","Tr14_update2.png","5","430880","C:/Users/Public/Experiments/IDs/05-WMC/MU/MUsbj098.csv","update","1300","5","98","447256","448558"
"MU.osexp","C:\Users\Public\Experiments\IDs\05-WMC\MU","Tr14_update3.png","5","430880","C:/Users/Public/Experiments/IDs/05-WMC/MU/MUsbj098.csv","update","1300","5","98","448918","450220"
"MU.osexp","C:\Users\Public\Experiments\IDs\05-WMC\MU","Tr14_update4.png","5","430880","C:/Users/Public/Experiments/IDs/05-WMC/MU/MUsbj098.csv","update","1300","5","98","450579","451881"
"MU.osexp","C:\Users\Public\Experiments\IDs\05-WMC\MU","Tr14_test1.png","9","454360","C:/Users/Public/Experiments/IDs/05-WMC/MU/MUsbj098.csv","test","0","5","98","452333","454361"
"MU.osexp","C:\Users\Public\Experiments\IDs\05-WMC\MU","Tr14_test2.png","3","462800","C:/Users/Public/Experiments/IDs/05-WMC/MU/MUsbj098.csv","test","0","5","98","455469","462801"
"MU.osexp","C:\Users\Public\Experiments\IDs\05-WMC\MU","Tr14_test3.png","1","464800","C:/Users/Public/Experiments/IDs/05-WMC/MU/MUsbj098.csv","test","0","5","98","463897","464800"
"MU.osexp","C:\Users\Public\Experiments\IDs\05-WMC\MU","Tr14_test4.png","5","466927","C:/Users/Public/Experiments/IDs/05-WMC/MU/MUsbj098.csv","test","0","5","98","465920","466928"
"MU.osexp","C:\Users\Public\Experiments\IDs\05-WMC\MU","Tr14_test5.png","8","468319","C:/Users/Public/Experiments/IDs/05-WMC/MU/MUsbj098.csv","test","0","5","98","468028","468320"
"MU.osexp","C:\Users\Public\Experiments\IDs\05-WMC\MU","wait.png","8","468319","C:/Users/Public/Experiments/IDs/05-WMC/MU/MUsbj098.csv","wait","5000","4","98","469408","468320"
"MU.osexp","C:\Users\Public\Experiments\IDs\05-WMC\MU","fixation.png","8","468319","C:/Users/Public/Experiments/IDs/05-WMC/MU/MUsbj098.csv","fix","1500","4","98","474504","468320"
"MU.osexp","C:\Users\Public\Experiments\IDs\05-WMC\MU","Tr15_study1.png","8","468319","C:/Users/Public/Experiments/IDs/05-WMC/MU/MUsbj098.csv","study","1000","4","98","476122","477123"
"MU.osexp","C:\Users\Public\Experiments\IDs\05-WMC\MU","Tr15_study2.png","8","468319","C:/Users/Public/Experiments/IDs/05-WMC/MU/MUsbj098.csv","study","1000","4","98","477465","478467"
"MU.osexp","C:\Users\Public\Experiments\IDs\05-WMC\MU","Tr15_study3.png","8","468319","C:/Users/Public/Experiments/IDs/05-WMC/MU/MUsbj098.csv","study","1000","4","98","478806","479807"
"MU.osexp","C:\Users\Public\Experiments\IDs\05-WMC\MU","Tr15_study4.png","8","468319","C:/Users/Public/Experiments/IDs/05-WMC/MU/MUsbj098.csv","study","1000","4","98","480223","481225"
"MU.osexp","C:\Users\Public\Experiments\IDs\05-WMC\MU","Tr15_update1.png","8","468319","C:/Users/Public/Experiments/IDs/05-WMC/MU/MUsbj098.csv","update","1300","4","98","481583","482885"
"MU.osexp","C:\Users\Public\Experiments\IDs\05-WMC\MU","Tr15_update2.png","8","468319","C:/Users/Public/Experiments/IDs/05-WMC/MU/MUsbj098.csv","update","1300","4","98","483248","484550"
"MU.osexp","C:\Users\Public\Experiments\IDs\05-WMC\MU","Tr15_update3.png","8","468319","C:/Users/Public/Experiments/IDs/05-WMC/MU/MUsbj098.csv","update","1300","4","98","484894","486196"
"MU.osexp","C:\Users\Public\Experiments\IDs\05-WMC\MU","Tr15_update4.png","8","468319","C:/Users/Public/Experiments/IDs/05-WMC/MU/MUsbj098.csv","update","1300","4","98","486548","487850"
"MU.osexp","C:\Users\Public\Experiments\IDs\05-WMC\MU","Tr15_update5.png","8","468319","C:/Users/Public/Experiments/IDs/05-WMC/MU/MUsbj098.csv","update","1300","4","98","488215","489517"
"MU.osexp","C:\Users\Public\Experiments\IDs\05-WMC\MU","Tr15_update6.png","8","468319","C:/Users/Public/Experiments/IDs/05-WMC/MU/MUsbj098.csv","update","1300","4","98","489863","491165"
"MU.osexp","C:\Users\Public\Experiments\IDs\05-WMC\MU","Tr15_test1.png","3","498416","C:/Users/Public/Experiments/IDs/05-WMC/MU/MUsbj098.csv","test","0","4","98","491690","498417"
"MU.osexp","C:\Users\Public\Experiments\IDs\05-WMC\MU","Tr15_test2.png","9","500624","C:/Users/Public/Experiments/IDs/05-WMC/MU/MUsbj098.csv","test","0","4","98","499507","500624"
"MU.osexp","C:\Users\Public\Experiments\IDs\05-WMC\MU","Tr15_test3.png","8","502807","C:/Users/Public/Experiments/IDs/05-WMC/MU/MUsbj098.csv","test","0","4","98","501732","502808"
"MU.osexp","C:\Users\Public\Experiments\IDs\05-WMC\MU","Tr15_test4.png","5","506184","C:/Users/Public/Experiments/IDs/05-WMC/MU/MUsbj098.csv","test","0","4","98","503913","506185"
"MU.osexp","C:\Users\Public\Experiments\IDs\05-WMC\MU","wait.png","5","506184","C:/Users/Public/Experiments/IDs/05-WMC/MU/MUsbj098.csv","wait","5000","4","98","507278","506185"
"MU.osexp","C:\Users\Public\Experiments\IDs\05-WMC\MU","fixation.png","5","506184","C:/Users/Public/Experiments/IDs/05-WMC/MU/MUsbj098.csv","fix","1500","4","98","512381","506185"
"MU.osexp","C:\Users\Public\Experiments\IDs\05-WMC\MU","Tr16_study1.png","5","506184","C:/Users/Public/Experiments/IDs/05-WMC/MU/MUsbj098.csv","study","1000","4","98","513980","514981"
"MU.osexp","C:\Users\Public\Experiments\IDs\05-WMC\MU","Tr16_study2.png","5","506184","C:/Users/Public/Experiments/IDs/05-WMC/MU/MUsbj098.csv","study","1000","4","98","515328","516330"
"MU.osexp","C:\Users\Public\Experiments\IDs\05-WMC\MU","Tr16_study3.png","5","506184","C:/Users/Public/Experiments/IDs/05-WMC/MU/MUsbj098.csv","study","1000","4","98","516666","517667"
"MU.osexp","C:\Users\Public\Experiments\IDs\05-WMC\MU","Tr16_study4.png","5","506184","C:/Users/Public/Experiments/IDs/05-WMC/MU/MUsbj098.csv","study","1000","4","98","518025","519027"
"MU.osexp","C:\Users\Public\Experiments\IDs\05-WMC\MU","Tr16_update1.png","5","506184","C:/Users/Public/Experiments/IDs/05-WMC/MU/MUsbj098.csv","update","1300","4","98","519419","520720"
"MU.osexp","C:\Users\Public\Experiments\IDs\05-WMC\MU","Tr16_update2.png","5","506184","C:/Users/Public/Experiments/IDs/05-WMC/MU/MUsbj098.csv","update","1300","4","98","521074","522376"
"MU.osexp","C:\Users\Public\Experiments\IDs\05-WMC\MU","Tr16_test1.png","8","526952","C:/Users/Public/Experiments/IDs/05-WMC/MU/MUsbj098.csv","test","0","4","98","522741","526953"
"MU.osexp","C:\Users\Public\Experiments\IDs\05-WMC\MU","Tr16_test2.png","7","529224","C:/Users/Public/Experiments/IDs/05-WMC/MU/MUsbj098.csv","test","0","4","98","528210","529225"
"MU.osexp","C:\Users\Public\Experiments\IDs\05-WMC\MU","Tr16_test3.png","8","531088","C:/Users/Public/Experiments/IDs/05-WMC/MU/MUsbj098.csv","test","0","4","98","530350","531089"
"MU.osexp","C:\Users\Public\Experiments\IDs\05-WMC\MU","Tr16_test4.png","6","532648","C:/Users/Public/Experiments/IDs/05-WMC/MU/MUsbj098.csv","test","0","4","98","532262","532649"
"MU.osexp","C:\Users\Public\Experiments\IDs\05-WMC\MU","wait.png","6","532648","C:/Users/Public/Experiments/IDs/05-WMC/MU/MUsbj098.csv","wait","5000","5","98","533756","532649"
"MU.osexp","C:\Users\Public\Experiments\IDs\05-WMC\MU","fixation.png","6","532648","C:/Users/Public/Experiments/IDs/05-WMC/MU/MUsbj098.csv","fix","1500","5","98","538854","532649"
"MU.osexp","C:\Users\Public\Experiments\IDs\05-WMC\MU","Tr17_study1.png","6","532648","C:/Users/Public/Experiments/IDs/05-WMC/MU/MUsbj098.csv","study","1000","5","98","540470","541471"
"MU.osexp","C:\Users\Public\Experiments\IDs\05-WMC\MU","Tr17_study2.png","6","532648","C:/Users/Public/Experiments/IDs/05-WMC/MU/MUsbj098.csv","study","1000","5","98","541825","542827"
"MU.osexp","C:\Users\Public\Experiments\IDs\05-WMC\MU","Tr17_study3.png","6","532648","C:/Users/Public/Experiments/IDs/05-WMC/MU/MUsbj098.csv","study","1000","5","98","543206","544207"
"MU.osexp","C:\Users\Public\Experiments\IDs\05-WMC\MU","Tr17_study4.png","6","532648","C:/Users/Public/Experiments/IDs/05-WMC/MU/MUsbj098.csv","study","1000","5","98","544551","545553"
"MU.osexp","C:\Users\Public\Experiments\IDs\05-WMC\MU","Tr17_study5.png","6","532648","C:/Users/Public/Experiments/IDs/05-WMC/MU/MUsbj098.csv","study","1000","5","98","545895","546897"
"MU.osexp","C:\Users\Public\Experiments\IDs\05-WMC\MU","Tr17_update1.png","6","532648","C:/Users/Public/Experiments/IDs/05-WMC/MU/MUsbj098.csv","update","1300","5","98","547238","548540"
"MU.osexp","C:\Users\Public\Experiments\IDs\05-WMC\MU","Tr17_update2.png","6","532648","C:/Users/Public/Experiments/IDs/05-WMC/MU/MUsbj098.csv","update","1300","5","98","548890","550192"
"MU.osexp","C:\Users\Public\Experiments\IDs\05-WMC\MU","Tr17_update3.png","6","532648","C:/Users/Public/Experiments/IDs/05-WMC/MU/MUsbj098.csv","update","1300","5","98","550536","551838"
"MU.osexp","C:\Users\Public\Experiments\IDs\05-WMC\MU","Tr17_update4.png","6","532648","C:/Users/Public/Experiments/IDs/05-WMC/MU/MUsbj098.csv","update","1300","5","98","552207","553509"
"MU.osexp","C:\Users\Public\Experiments\IDs\05-WMC\MU","Tr17_update5.png","6","532648","C:/Users/Public/Experiments/IDs/05-WMC/MU/MUsbj098.csv","update","1300","5","98","553859","555161"
"MU.osexp","C:\Users\Public\Experiments\IDs\05-WMC\MU","Tr17_update6.png","6","532648","C:/Users/Public/Experiments/IDs/05-WMC/MU/MUsbj098.csv","update","1300","5","98","555490","556792"
"MU.osexp","C:\Users\Public\Experiments\IDs\05-WMC\MU","Tr17_test1.png","0","560992","C:/Users/Public/Experiments/IDs/05-WMC/MU/MUsbj098.csv","test","0","5","98","557145","560993"
"MU.osexp","C:\Users\Public\Experiments\IDs\05-WMC\MU","Tr17_test2.png","1","564872","C:/Users/Public/Experiments/IDs/05-WMC/MU/MUsbj098.csv","test","0","5","98","562232","564873"
"MU.osexp","C:\Users\Public\Experiments\IDs\05-WMC\MU","Tr17_test3.png","6","571400","C:/Users/Public/Experiments/IDs/05-WMC/MU/MUsbj098.csv","test","0","5","98","565969","571401"
"MU.osexp","C:\Users\Public\Experiments\IDs\05-WMC\MU","Tr17_test4.png","5","574880","C:/Users/Public/Experiments/IDs/05-WMC/MU/MUsbj098.csv","test","0","5","98","572516","574881"
"MU.osexp","C:\Users\Public\Experiments\IDs\05-WMC\MU","Tr17_test5.png","9","576280","C:/Users/Public/Experiments/IDs/05-WMC/MU/MUsbj098.csv","test","0","5","98","575978","576281"
