"experiment_file","experiment_path","image","key","key_time","logfile","phase","playtime","setSize","subject_nr","timestamp","waittime"
"MU.osexp","C:\Users\Public\Experiments\IDs\05-WMC\MU","ready1.png","NA","NA","C:/Users/Public/Experiments/IDs/05-WMC/MU/MU_SM01_results/MUsbj053.csv","pre","0","3","53","99292","NA"
"MU.osexp","C:\Users\Public\Experiments\IDs\05-WMC\MU","fixation.png","NA","NA","C:/Users/Public/Experiments/IDs/05-WMC/MU/MU_SM01_results/MUsbj053.csv","fix","1500","3","53","101366","NA"
"MU.osexp","C:\Users\Public\Experiments\IDs\05-WMC\MU","Tr1_study1.png","NA","NA","C:/Users/Public/Experiments/IDs/05-WMC/MU/MU_SM01_results/MUsbj053.csv","study","1000","3","53","102979","103981"
"MU.osexp","C:\Users\Public\Experiments\IDs\05-WMC\MU","Tr1_study2.png","NA","NA","C:/Users/Public/Experiments/IDs/05-WMC/MU/MU_SM01_results/MUsbj053.csv","study","1000","3","53","104339","105341"
"MU.osexp","C:\Users\Public\Experiments\IDs\05-WMC\MU","Tr1_study3.png","NA","NA","C:/Users/Public/Experiments/IDs/05-WMC/MU/MU_SM01_results/MUsbj053.csv","study","1000","3","53","105720","106722"
"MU.osexp","C:\Users\Public\Experiments\IDs\05-WMC\MU","Tr1_update1.png","NA","NA","C:/Users/Public/Experiments/IDs/05-WMC/MU/MU_SM01_results/MUsbj053.csv","update","1300","3","53","107091","108393"
"MU.osexp","C:\Users\Public\Experiments\IDs\05-WMC\MU","Tr1_update2.png","NA","NA","C:/Users/Public/Experiments/IDs/05-WMC/MU/MU_SM01_results/MUsbj053.csv","update","1300","3","53","108756","110058"
"MU.osexp","C:\Users\Public\Experiments\IDs\05-WMC\MU","Tr1_update3.png","NA","NA","C:/Users/Public/Experiments/IDs/05-WMC/MU/MU_SM01_results/MUsbj053.csv","update","1300","3","53","110425","111727"
"MU.osexp","C:\Users\Public\Experiments\IDs\05-WMC\MU","Tr1_test1.png","5","114082","C:/Users/Public/Experiments/IDs/05-WMC/MU/MU_SM01_results/MUsbj053.csv","test","0","3","53","112076","114083"
"MU.osexp","C:\Users\Public\Experiments\IDs\05-WMC\MU","Tr1_test2.png","4","118867","C:/Users/Public/Experiments/IDs/05-WMC/MU/MU_SM01_results/MUsbj053.csv","test","0","3","53","115198","118868"
"MU.osexp","C:\Users\Public\Experiments\IDs\05-WMC\MU","Tr1_test3.png","3","122355","C:/Users/Public/Experiments/IDs/05-WMC/MU/MU_SM01_results/MUsbj053.csv","test","0","3","53","120041","122355"
"MU.osexp","C:\Users\Public\Experiments\IDs\05-WMC\MU","wait.png","3","122355","C:/Users/Public/Experiments/IDs/05-WMC/MU/MU_SM01_results/MUsbj053.csv","wait","5000","3","53","123477","122355"
"MU.osexp","C:\Users\Public\Experiments\IDs\05-WMC\MU","fixation.png","3","122355","C:/Users/Public/Experiments/IDs/05-WMC/MU/MU_SM01_results/MUsbj053.csv","fix","1500","3","53","128585","122355"
"MU.osexp","C:\Users\Public\Experiments\IDs\05-WMC\MU","Tr2_study1.png","3","122355","C:/Users/Public/Experiments/IDs/05-WMC/MU/MU_SM01_results/MUsbj053.csv","study","1000","3","53","130202","131204"
"MU.osexp","C:\Users\Public\Experiments\IDs\05-WMC\MU","Tr2_study2.png","3","122355","C:/Users/Public/Experiments/IDs/05-WMC/MU/MU_SM01_results/MUsbj053.csv","study","1000","3","53","131560","132562"
"MU.osexp","C:\Users\Public\Experiments\IDs\05-WMC\MU","Tr2_study3.png","3","122355","C:/Users/Public/Experiments/IDs/05-WMC/MU/MU_SM01_results/MUsbj053.csv","study","1000","3","53","132931","133933"
"MU.osexp","C:\Users\Public\Experiments\IDs\05-WMC\MU","Tr2_update1.png","3","122355","C:/Users/Public/Experiments/IDs/05-WMC/MU/MU_SM01_results/MUsbj053.csv","update","1300","3","53","134288","135590"
"MU.osexp","C:\Users\Public\Experiments\IDs\05-WMC\MU","Tr2_update2.png","3","122355","C:/Users/Public/Experiments/IDs/05-WMC/MU/MU_SM01_results/MUsbj053.csv","update","1300","3","53","135960","137262"
"MU.osexp","C:\Users\Public\Experiments\IDs\05-WMC\MU","Tr2_update3.png","3","122355","C:/Users/Public/Experiments/IDs/05-WMC/MU/MU_SM01_results/MUsbj053.csv","update","1300","3","53","137596","138898"
"MU.osexp","C:\Users\Public\Experiments\IDs\05-WMC\MU","Tr2_test1.png","3","141498","C:/Users/Public/Experiments/IDs/05-WMC/MU/MU_SM01_results/MUsbj053.csv","test","0","3","53","139262","141499"
"MU.osexp","C:\Users\Public\Experiments\IDs\05-WMC\MU","Tr2_test2.png","0","143842","C:/Users/Public/Experiments/IDs/05-WMC/MU/MU_SM01_results/MUsbj053.csv","test","0","3","53","142603","143843"
"MU.osexp","C:\Users\Public\Experiments\IDs\05-WMC\MU","Tr2_test3.png","8","147890","C:/Users/Public/Experiments/IDs/05-WMC/MU/MU_SM01_results/MUsbj053.csv","test","0","3","53","144974","147891"
"MU.osexp","C:\Users\Public\Experiments\IDs\05-WMC\MU","ready2.png","8","147890","C:/Users/Public/Experiments/IDs/05-WMC/MU/MU_SM01_results/MUsbj053.csv","pre","0","3","53","157629","147891"
"MU.osexp","C:\Users\Public\Experiments\IDs\05-WMC\MU","fixation.png","8","147890","C:/Users/Public/Experiments/IDs/05-WMC/MU/MU_SM01_results/MUsbj053.csv","fix","1500","3","53","159544","147891"
"MU.osexp","C:\Users\Public\Experiments\IDs\05-WMC\MU","Tr3_study1.png","8","147890","C:/Users/Public/Experiments/IDs/05-WMC/MU/MU_SM01_results/MUsbj053.csv","study","1000","3","53","161159","162161"
"MU.osexp","C:\Users\Public\Experiments\IDs\05-WMC\MU","Tr3_study2.png","8","147890","C:/Users/Public/Experiments/IDs/05-WMC/MU/MU_SM01_results/MUsbj053.csv","study","1000","3","53","162495","163497"
"MU.osexp","C:\Users\Public\Experiments\IDs\05-WMC\MU","Tr3_study3.png","8","147890","C:/Users/Public/Experiments/IDs/05-WMC/MU/MU_SM01_results/MUsbj053.csv","study","1000","3","53","163968","164970"
"MU.osexp","C:\Users\Public\Experiments\IDs\05-WMC\MU","Tr3_update1.png","8","147890","C:/Users/Public/Experiments/IDs/05-WMC/MU/MU_SM01_results/MUsbj053.csv","update","1300","3","53","165305","166607"
"MU.osexp","C:\Users\Public\Experiments\IDs\05-WMC\MU","Tr3_update2.png","8","147890","C:/Users/Public/Experiments/IDs/05-WMC/MU/MU_SM01_results/MUsbj053.csv","update","1300","3","53","167045","168347"
"MU.osexp","C:\Users\Public\Experiments\IDs\05-WMC\MU","Tr3_update3.png","8","147890","C:/Users/Public/Experiments/IDs/05-WMC/MU/MU_SM01_results/MUsbj053.csv","update","1300","3","53","168727","170029"
"MU.osexp","C:\Users\Public\Experiments\IDs\05-WMC\MU","Tr3_test1.png","1","176578","C:/Users/Public/Experiments/IDs/05-WMC/MU/MU_SM01_results/MUsbj053.csv","test","0","3","53","170410","176579"
"MU.osexp","C:\Users\Public\Experiments\IDs\05-WMC\MU","Tr3_test2.png","1","179650","C:/Users/Public/Experiments/IDs/05-WMC/MU/MU_SM01_results/MUsbj053.csv","test","0","3","53","177691","179651"
"MU.osexp","C:\Users\Public\Experiments\IDs\05-WMC\MU","Tr3_test3.png","7","184738","C:/Users/Public/Experiments/IDs/05-WMC/MU/MU_SM01_results/MUsbj053.csv","test","0","3","53","180760","184739"
"MU.osexp","C:\Users\Public\Experiments\IDs\05-WMC\MU","wait.png","7","184738","C:/Users/Public/Experiments/IDs/05-WMC/MU/MU_SM01_results/MUsbj053.csv","wait","5000","4","53","185949","184739"
"MU.osexp","C:\Users\Public\Experiments\IDs\05-WMC\MU","fixation.png","7","184738","C:/Users/Public/Experiments/IDs/05-WMC/MU/MU_SM01_results/MUsbj053.csv","fix","1500","4","53","191066","184739"
"MU.osexp","C:\Users\Public\Experiments\IDs\05-WMC\MU","Tr4_study1.png","7","184738","C:/Users/Public/Experiments/IDs/05-WMC/MU/MU_SM01_results/MUsbj053.csv","study","1000","4","53","192683","193685"
"MU.osexp","C:\Users\Public\Experiments\IDs\05-WMC\MU","Tr4_study2.png","7","184738","C:/Users/Public/Experiments/IDs/05-WMC/MU/MU_SM01_results/MUsbj053.csv","study","1000","4","53","194041","195043"
"MU.osexp","C:\Users\Public\Experiments\IDs\05-WMC\MU","Tr4_study3.png","7","184738","C:/Users/Public/Experiments/IDs/05-WMC/MU/MU_SM01_results/MUsbj053.csv","study","1000","4","53","195419","196421"
"MU.osexp","C:\Users\Public\Experiments\IDs\05-WMC\MU","Tr4_study4.png","7","184738","C:/Users/Public/Experiments/IDs/05-WMC/MU/MU_SM01_results/MUsbj053.csv","study","1000","4","53","196771","197773"
"MU.osexp","C:\Users\Public\Experiments\IDs\05-WMC\MU","Tr4_update1.png","7","184738","C:/Users/Public/Experiments/IDs/05-WMC/MU/MU_SM01_results/MUsbj053.csv","update","1300","4","53","198120","199421"
"MU.osexp","C:\Users\Public\Experiments\IDs\05-WMC\MU","Tr4_update2.png","7","184738","C:/Users/Public/Experiments/IDs/05-WMC/MU/MU_SM01_results/MUsbj053.csv","update","1300","4","53","199740","201041"
"MU.osexp","C:\Users\Public\Experiments\IDs\05-WMC\MU","Tr4_update3.png","7","184738","C:/Users/Public/Experiments/IDs/05-WMC/MU/MU_SM01_results/MUsbj053.csv","update","1300","4","53","201362","202662"
"MU.osexp","C:\Users\Public\Experiments\IDs\05-WMC\MU","Tr4_update4.png","7","184738","C:/Users/Public/Experiments/IDs/05-WMC/MU/MU_SM01_results/MUsbj053.csv","update","1300","4","53","202975","204275"
"MU.osexp","C:\Users\Public\Experiments\IDs\05-WMC\MU","Tr4_test1.png","3","207251","C:/Users/Public/Experiments/IDs/05-WMC/MU/MU_SM01_results/MUsbj053.csv","test","0","4","53","204609","207252"
"MU.osexp","C:\Users\Public\Experiments\IDs\05-WMC\MU","Tr4_test2.png","4","209587","C:/Users/Public/Experiments/IDs/05-WMC/MU/MU_SM01_results/MUsbj053.csv","test","0","4","53","208360","209588"
"MU.osexp","C:\Users\Public\Experiments\IDs\05-WMC\MU","Tr4_test3.png","6","213418","C:/Users/Public/Experiments/IDs/05-WMC/MU/MU_SM01_results/MUsbj053.csv","test","0","4","53","210665","213419"
"MU.osexp","C:\Users\Public\Experiments\IDs\05-WMC\MU","Tr4_test4.png","3","214962","C:/Users/Public/Experiments/IDs/05-WMC/MU/MU_SM01_results/MUsbj053.csv","test","0","4","53","214501","214963"
"MU.osexp","C:\Users\Public\Experiments\IDs\05-WMC\MU","wait.png","3","214962","C:/Users/Public/Experiments/IDs/05-WMC/MU/MU_SM01_results/MUsbj053.csv","wait","5000","3","53","216042","214963"
"MU.osexp","C:\Users\Public\Experiments\IDs\05-WMC\MU","fixation.png","3","214962","C:/Users/Public/Experiments/IDs/05-WMC/MU/MU_SM01_results/MUsbj053.csv","fix","1500","3","53","221135","214963"
"MU.osexp","C:\Users\Public\Experiments\IDs\05-WMC\MU","Tr5_study1.png","3","214962","C:/Users/Public/Experiments/IDs/05-WMC/MU/MU_SM01_results/MUsbj053.csv","study","1000","3","53","222760","223762"
"MU.osexp","C:\Users\Public\Experiments\IDs\05-WMC\MU","Tr5_study2.png","3","214962","C:/Users/Public/Experiments/IDs/05-WMC/MU/MU_SM01_results/MUsbj053.csv","study","1000","3","53","224119","225121"
"MU.osexp","C:\Users\Public\Experiments\IDs\05-WMC\MU","Tr5_study3.png","3","214962","C:/Users/Public/Experiments/IDs/05-WMC/MU/MU_SM01_results/MUsbj053.csv","study","1000","3","53","225487","226489"
"MU.osexp","C:\Users\Public\Experiments\IDs\05-WMC\MU","Tr5_update1.png","3","214962","C:/Users/Public/Experiments/IDs/05-WMC/MU/MU_SM01_results/MUsbj053.csv","update","1300","3","53","226830","228132"
"MU.osexp","C:\Users\Public\Experiments\IDs\05-WMC\MU","Tr5_update2.png","3","214962","C:/Users/Public/Experiments/IDs/05-WMC/MU/MU_SM01_results/MUsbj053.csv","update","1300","3","53","228494","229796"
"MU.osexp","C:\Users\Public\Experiments\IDs\05-WMC\MU","Tr5_update3.png","3","214962","C:/Users/Public/Experiments/IDs/05-WMC/MU/MU_SM01_results/MUsbj053.csv","update","1300","3","53","230167","231469"
"MU.osexp","C:\Users\Public\Experiments\IDs\05-WMC\MU","Tr5_update4.png","3","214962","C:/Users/Public/Experiments/IDs/05-WMC/MU/MU_SM01_results/MUsbj053.csv","update","1300","3","53","231818","233120"
"MU.osexp","C:\Users\Public\Experiments\IDs\05-WMC\MU","Tr5_update5.png","3","214962","C:/Users/Public/Experiments/IDs/05-WMC/MU/MU_SM01_results/MUsbj053.csv","update","1300","3","53","233467","234769"
"MU.osexp","C:\Users\Public\Experiments\IDs\05-WMC\MU","Tr5_update6.png","3","214962","C:/Users/Public/Experiments/IDs/05-WMC/MU/MU_SM01_results/MUsbj053.csv","update","1300","3","53","235163","236465"
"MU.osexp","C:\Users\Public\Experiments\IDs\05-WMC\MU","Tr5_test1.png","3","239859","C:/Users/Public/Experiments/IDs/05-WMC/MU/MU_SM01_results/MUsbj053.csv","test","0","3","53","236825","239860"
"MU.osexp","C:\Users\Public\Experiments\IDs\05-WMC\MU","Tr5_test2.png","5","241995","C:/Users/Public/Experiments/IDs/05-WMC/MU/MU_SM01_results/MUsbj053.csv","test","0","3","53","240981","241996"
"MU.osexp","C:\Users\Public\Experiments\IDs\05-WMC\MU","Tr5_test3.png","5","243515","C:/Users/Public/Experiments/IDs/05-WMC/MU/MU_SM01_results/MUsbj053.csv","test","0","3","53","243093","243516"
"MU.osexp","C:\Users\Public\Experiments\IDs\05-WMC\MU","wait.png","5","243515","C:/Users/Public/Experiments/IDs/05-WMC/MU/MU_SM01_results/MUsbj053.csv","wait","5000","4","53","244606","243516"
"MU.osexp","C:\Users\Public\Experiments\IDs\05-WMC\MU","fixation.png","5","243515","C:/Users/Public/Experiments/IDs/05-WMC/MU/MU_SM01_results/MUsbj053.csv","fix","1500","4","53","249706","243516"
"MU.osexp","C:\Users\Public\Experiments\IDs\05-WMC\MU","Tr6_study1.png","5","243515","C:/Users/Public/Experiments/IDs/05-WMC/MU/MU_SM01_results/MUsbj053.csv","study","1000","4","53","251327","252329"
"MU.osexp","C:\Users\Public\Experiments\IDs\05-WMC\MU","Tr6_study2.png","5","243515","C:/Users/Public/Experiments/IDs/05-WMC/MU/MU_SM01_results/MUsbj053.csv","study","1000","4","53","252697","253698"
"MU.osexp","C:\Users\Public\Experiments\IDs\05-WMC\MU","Tr6_study3.png","5","243515","C:/Users/Public/Experiments/IDs/05-WMC/MU/MU_SM01_results/MUsbj053.csv","study","1000","4","53","254058","255060"
"MU.osexp","C:\Users\Public\Experiments\IDs\05-WMC\MU","Tr6_study4.png","5","243515","C:/Users/Public/Experiments/IDs/05-WMC/MU/MU_SM01_results/MUsbj053.csv","study","1000","4","53","255415","256417"
"MU.osexp","C:\Users\Public\Experiments\IDs\05-WMC\MU","Tr6_update1.png","5","243515","C:/Users/Public/Experiments/IDs/05-WMC/MU/MU_SM01_results/MUsbj053.csv","update","1300","4","53","256778","258080"
"MU.osexp","C:\Users\Public\Experiments\IDs\05-WMC\MU","Tr6_update2.png","5","243515","C:/Users/Public/Experiments/IDs/05-WMC/MU/MU_SM01_results/MUsbj053.csv","update","1300","4","53","258456","259758"
"MU.osexp","C:\Users\Public\Experiments\IDs\05-WMC\MU","Tr6_update3.png","5","243515","C:/Users/Public/Experiments/IDs/05-WMC/MU/MU_SM01_results/MUsbj053.csv","update","1300","4","53","260101","261403"
"MU.osexp","C:\Users\Public\Experiments\IDs\05-WMC\MU","Tr6_update4.png","5","243515","C:/Users/Public/Experiments/IDs/05-WMC/MU/MU_SM01_results/MUsbj053.csv","update","1300","4","53","261752","263054"
"MU.osexp","C:\Users\Public\Experiments\IDs\05-WMC\MU","Tr6_update5.png","5","243515","C:/Users/Public/Experiments/IDs/05-WMC/MU/MU_SM01_results/MUsbj053.csv","update","1300","4","53","263391","264693"
"MU.osexp","C:\Users\Public\Experiments\IDs\05-WMC\MU","Tr6_test1.png","5","268794","C:/Users/Public/Experiments/IDs/05-WMC/MU/MU_SM01_results/MUsbj053.csv","test","0","4","53","265055","268795"
"MU.osexp","C:\Users\Public\Experiments\IDs\05-WMC\MU","Tr6_test2.png","5","270322","C:/Users/Public/Experiments/IDs/05-WMC/MU/MU_SM01_results/MUsbj053.csv","test","0","4","53","269902","270323"
"MU.osexp","C:\Users\Public\Experiments\IDs\05-WMC\MU","Tr6_test3.png","6","271858","C:/Users/Public/Experiments/IDs/05-WMC/MU/MU_SM01_results/MUsbj053.csv","test","0","4","53","271438","271859"
"MU.osexp","C:\Users\Public\Experiments\IDs\05-WMC\MU","Tr6_test4.png","6","273259","C:/Users/Public/Experiments/IDs/05-WMC/MU/MU_SM01_results/MUsbj053.csv","test","0","4","53","272971","273260"
"MU.osexp","C:\Users\Public\Experiments\IDs\05-WMC\MU","wait.png","6","273259","C:/Users/Public/Experiments/IDs/05-WMC/MU/MU_SM01_results/MUsbj053.csv","wait","5000","5","53","274401","273260"
"MU.osexp","C:\Users\Public\Experiments\IDs\05-WMC\MU","fixation.png","6","273259","C:/Users/Public/Experiments/IDs/05-WMC/MU/MU_SM01_results/MUsbj053.csv","fix","1500","5","53","279634","273260"
"MU.osexp","C:\Users\Public\Experiments\IDs\05-WMC\MU","Tr7_study1.png","6","273259","C:/Users/Public/Experiments/IDs/05-WMC/MU/MU_SM01_results/MUsbj053.csv","study","1000","5","53","281255","282257"
"MU.osexp","C:\Users\Public\Experiments\IDs\05-WMC\MU","Tr7_study2.png","6","273259","C:/Users/Public/Experiments/IDs/05-WMC/MU/MU_SM01_results/MUsbj053.csv","study","1000","5","53","282631","283633"
"MU.osexp","C:\Users\Public\Experiments\IDs\05-WMC\MU","Tr7_study3.png","6","273259","C:/Users/Public/Experiments/IDs/05-WMC/MU/MU_SM01_results/MUsbj053.csv","study","1000","5","53","284013","285015"
"MU.osexp","C:\Users\Public\Experiments\IDs\05-WMC\MU","Tr7_study4.png","6","273259","C:/Users/Public/Experiments/IDs/05-WMC/MU/MU_SM01_results/MUsbj053.csv","study","1000","5","53","285409","286411"
"MU.osexp","C:\Users\Public\Experiments\IDs\05-WMC\MU","Tr7_study5.png","6","273259","C:/Users/Public/Experiments/IDs/05-WMC/MU/MU_SM01_results/MUsbj053.csv","study","1000","5","53","286778","287780"
"MU.osexp","C:\Users\Public\Experiments\IDs\05-WMC\MU","Tr7_update1.png","6","273259","C:/Users/Public/Experiments/IDs/05-WMC/MU/MU_SM01_results/MUsbj053.csv","update","1300","5","53","288149","289451"
"MU.osexp","C:\Users\Public\Experiments\IDs\05-WMC\MU","Tr7_update2.png","6","273259","C:/Users/Public/Experiments/IDs/05-WMC/MU/MU_SM01_results/MUsbj053.csv","update","1300","5","53","289798","291100"
"MU.osexp","C:\Users\Public\Experiments\IDs\05-WMC\MU","Tr7_update3.png","6","273259","C:/Users/Public/Experiments/IDs/05-WMC/MU/MU_SM01_results/MUsbj053.csv","update","1300","5","53","291446","292748"
"MU.osexp","C:\Users\Public\Experiments\IDs\05-WMC\MU","Tr7_update4.png","6","273259","C:/Users/Public/Experiments/IDs/05-WMC/MU/MU_SM01_results/MUsbj053.csv","update","1300","5","53","293106","294408"
"MU.osexp","C:\Users\Public\Experiments\IDs\05-WMC\MU","Tr7_update5.png","6","273259","C:/Users/Public/Experiments/IDs/05-WMC/MU/MU_SM01_results/MUsbj053.csv","update","1300","5","53","294801","296103"
"MU.osexp","C:\Users\Public\Experiments\IDs\05-WMC\MU","Tr7_test1.png","2","297955","C:/Users/Public/Experiments/IDs/05-WMC/MU/MU_SM01_results/MUsbj053.csv","test","0","5","53","296489","297956"
"MU.osexp","C:\Users\Public\Experiments\IDs\05-WMC\MU","Tr7_test2.png","3","300394","C:/Users/Public/Experiments/IDs/05-WMC/MU/MU_SM01_results/MUsbj053.csv","test","0","5","53","299053","300395"
"MU.osexp","C:\Users\Public\Experiments\IDs\05-WMC\MU","Tr7_test3.png","1","303258","C:/Users/Public/Experiments/IDs/05-WMC/MU/MU_SM01_results/MUsbj053.csv","test","0","5","53","301468","303259"
"MU.osexp","C:\Users\Public\Experiments\IDs\05-WMC\MU","Tr7_test4.png","1","304970","C:/Users/Public/Experiments/IDs/05-WMC/MU/MU_SM01_results/MUsbj053.csv","test","0","5","53","304366","304971"
"MU.osexp","C:\Users\Public\Experiments\IDs\05-WMC\MU","Tr7_test5.png","4","306338","C:/Users/Public/Experiments/IDs/05-WMC/MU/MU_SM01_results/MUsbj053.csv","test","0","5","53","306071","306339"
"MU.osexp","C:\Users\Public\Experiments\IDs\05-WMC\MU","wait.png","4","306338","C:/Users/Public/Experiments/IDs/05-WMC/MU/MU_SM01_results/MUsbj053.csv","wait","5000","4","53","307447","306339"
"MU.osexp","C:\Users\Public\Experiments\IDs\05-WMC\MU","fixation.png","4","306338","C:/Users/Public/Experiments/IDs/05-WMC/MU/MU_SM01_results/MUsbj053.csv","fix","1500","4","53","312574","306339"
"MU.osexp","C:\Users\Public\Experiments\IDs\05-WMC\MU","Tr8_study1.png","4","306338","C:/Users/Public/Experiments/IDs/05-WMC/MU/MU_SM01_results/MUsbj053.csv","study","1000","4","53","314209","315211"
"MU.osexp","C:\Users\Public\Experiments\IDs\05-WMC\MU","Tr8_study2.png","4","306338","C:/Users/Public/Experiments/IDs/05-WMC/MU/MU_SM01_results/MUsbj053.csv","study","1000","4","53","315630","316632"
"MU.osexp","C:\Users\Public\Experiments\IDs\05-WMC\MU","Tr8_study3.png","4","306338","C:/Users/Public/Experiments/IDs/05-WMC/MU/MU_SM01_results/MUsbj053.csv","study","1000","4","53","317003","318005"
"MU.osexp","C:\Users\Public\Experiments\IDs\05-WMC\MU","Tr8_study4.png","4","306338","C:/Users/Public/Experiments/IDs/05-WMC/MU/MU_SM01_results/MUsbj053.csv","study","1000","4","53","318347","319349"
"MU.osexp","C:\Users\Public\Experiments\IDs\05-WMC\MU","Tr8_update1.png","4","306338","C:/Users/Public/Experiments/IDs/05-WMC/MU/MU_SM01_results/MUsbj053.csv","update","1300","4","53","319698","321000"
"MU.osexp","C:\Users\Public\Experiments\IDs\05-WMC\MU","Tr8_update2.png","4","306338","C:/Users/Public/Experiments/IDs/05-WMC/MU/MU_SM01_results/MUsbj053.csv","update","1300","4","53","321361","322663"
"MU.osexp","C:\Users\Public\Experiments\IDs\05-WMC\MU","Tr8_update3.png","4","306338","C:/Users/Public/Experiments/IDs/05-WMC/MU/MU_SM01_results/MUsbj053.csv","update","1300","4","53","323043","324345"
"MU.osexp","C:\Users\Public\Experiments\IDs\05-WMC\MU","Tr8_test1.png","4","326275","C:/Users/Public/Experiments/IDs/05-WMC/MU/MU_SM01_results/MUsbj053.csv","test","0","4","53","324703","326276"
"MU.osexp","C:\Users\Public\Experiments\IDs\05-WMC\MU","Tr8_test2.png","8","328875","C:/Users/Public/Experiments/IDs/05-WMC/MU/MU_SM01_results/MUsbj053.csv","test","0","4","53","327389","328876"
"MU.osexp","C:\Users\Public\Experiments\IDs\05-WMC\MU","Tr8_test3.png","6","331051","C:/Users/Public/Experiments/IDs/05-WMC/MU/MU_SM01_results/MUsbj053.csv","test","0","4","53","329980","331052"
"MU.osexp","C:\Users\Public\Experiments\IDs\05-WMC\MU","Tr8_test4.png","4","333467","C:/Users/Public/Experiments/IDs/05-WMC/MU/MU_SM01_results/MUsbj053.csv","test","0","4","53","332208","333467"
"MU.osexp","C:\Users\Public\Experiments\IDs\05-WMC\MU","wait.png","4","333467","C:/Users/Public/Experiments/IDs/05-WMC/MU/MU_SM01_results/MUsbj053.csv","wait","5000","5","53","334572","333467"
"MU.osexp","C:\Users\Public\Experiments\IDs\05-WMC\MU","fixation.png","4","333467","C:/Users/Public/Experiments/IDs/05-WMC/MU/MU_SM01_results/MUsbj053.csv","fix","1500","5","53","339673","333467"
"MU.osexp","C:\Users\Public\Experiments\IDs\05-WMC\MU","Tr9_study1.png","4","333467","C:/Users/Public/Experiments/IDs/05-WMC/MU/MU_SM01_results/MUsbj053.csv","study","1000","5","53","341270","342272"
"MU.osexp","C:\Users\Public\Experiments\IDs\05-WMC\MU","Tr9_study2.png","4","333467","C:/Users/Public/Experiments/IDs/05-WMC/MU/MU_SM01_results/MUsbj053.csv","study","1000","5","53","342638","343640"
"MU.osexp","C:\Users\Public\Experiments\IDs\05-WMC\MU","Tr9_study3.png","4","333467","C:/Users/Public/Experiments/IDs/05-WMC/MU/MU_SM01_results/MUsbj053.csv","study","1000","5","53","344030","345032"
"MU.osexp","C:\Users\Public\Experiments\IDs\05-WMC\MU","Tr9_study4.png","4","333467","C:/Users/Public/Experiments/IDs/05-WMC/MU/MU_SM01_results/MUsbj053.csv","study","1000","5","53","345395","346398"
"MU.osexp","C:\Users\Public\Experiments\IDs\05-WMC\MU","Tr9_study5.png","4","333467","C:/Users/Public/Experiments/IDs/05-WMC/MU/MU_SM01_results/MUsbj053.csv","study","1000","5","53","346750","347752"
"MU.osexp","C:\Users\Public\Experiments\IDs\05-WMC\MU","Tr9_update1.png","4","333467","C:/Users/Public/Experiments/IDs/05-WMC/MU/MU_SM01_results/MUsbj053.csv","update","1300","5","53","348117","349419"
"MU.osexp","C:\Users\Public\Experiments\IDs\05-WMC\MU","Tr9_update2.png","4","333467","C:/Users/Public/Experiments/IDs/05-WMC/MU/MU_SM01_results/MUsbj053.csv","update","1300","5","53","349773","351075"
"MU.osexp","C:\Users\Public\Experiments\IDs\05-WMC\MU","Tr9_test1.png","4","355066","C:/Users/Public/Experiments/IDs/05-WMC/MU/MU_SM01_results/MUsbj053.csv","test","0","5","53","351450","355067"
"MU.osexp","C:\Users\Public\Experiments\IDs\05-WMC\MU","Tr9_test2.png","7","357210","C:/Users/Public/Experiments/IDs/05-WMC/MU/MU_SM01_results/MUsbj053.csv","test","0","5","53","356190","357211"
"MU.osexp","C:\Users\Public\Experiments\IDs\05-WMC\MU","Tr9_test3.png","3","358802","C:/Users/Public/Experiments/IDs/05-WMC/MU/MU_SM01_results/MUsbj053.csv","test","0","5","53","358328","358803"
"MU.osexp","C:\Users\Public\Experiments\IDs\05-WMC\MU","Tr9_test4.png","5","360339","C:/Users/Public/Experiments/IDs/05-WMC/MU/MU_SM01_results/MUsbj053.csv","test","0","5","53","359976","360340"
"MU.osexp","C:\Users\Public\Experiments\IDs\05-WMC\MU","Tr9_test5.png","1","361715","C:/Users/Public/Experiments/IDs/05-WMC/MU/MU_SM01_results/MUsbj053.csv","test","0","5","53","361446","361716"
"MU.osexp","C:\Users\Public\Experiments\IDs\05-WMC\MU","wait.png","1","361715","C:/Users/Public/Experiments/IDs/05-WMC/MU/MU_SM01_results/MUsbj053.csv","wait","5000","3","53","362797","361716"
"MU.osexp","C:\Users\Public\Experiments\IDs\05-WMC\MU","fixation.png","1","361715","C:/Users/Public/Experiments/IDs/05-WMC/MU/MU_SM01_results/MUsbj053.csv","fix","1500","3","53","367897","361716"
"MU.osexp","C:\Users\Public\Experiments\IDs\05-WMC\MU","Tr10_study1.png","1","361715","C:/Users/Public/Experiments/IDs/05-WMC/MU/MU_SM01_results/MUsbj053.csv","study","1000","3","53","369500","370502"
"MU.osexp","C:\Users\Public\Experiments\IDs\05-WMC\MU","Tr10_study2.png","1","361715","C:/Users/Public/Experiments/IDs/05-WMC/MU/MU_SM01_results/MUsbj053.csv","study","1000","3","53","370850","371852"
"MU.osexp","C:\Users\Public\Experiments\IDs\05-WMC\MU","Tr10_study3.png","1","361715","C:/Users/Public/Experiments/IDs/05-WMC/MU/MU_SM01_results/MUsbj053.csv","study","1000","3","53","372231","373233"
"MU.osexp","C:\Users\Public\Experiments\IDs\05-WMC\MU","Tr10_update1.png","1","361715","C:/Users/Public/Experiments/IDs/05-WMC/MU/MU_SM01_results/MUsbj053.csv","update","1300","3","53","373587","374889"
"MU.osexp","C:\Users\Public\Experiments\IDs\05-WMC\MU","Tr10_update2.png","1","361715","C:/Users/Public/Experiments/IDs/05-WMC/MU/MU_SM01_results/MUsbj053.csv","update","1300","3","53","375246","376548"
"MU.osexp","C:\Users\Public\Experiments\IDs\05-WMC\MU","Tr10_test1.png","6","379627","C:/Users/Public/Experiments/IDs/05-WMC/MU/MU_SM01_results/MUsbj053.csv","test","0","3","53","376913","379628"
"MU.osexp","C:\Users\Public\Experiments\IDs\05-WMC\MU","Tr10_test2.png","0","382427","C:/Users/Public/Experiments/IDs/05-WMC/MU/MU_SM01_results/MUsbj053.csv","test","0","3","53","380739","382428"
"MU.osexp","C:\Users\Public\Experiments\IDs\05-WMC\MU","Tr10_test3.png","3","384915","C:/Users/Public/Experiments/IDs/05-WMC/MU/MU_SM01_results/MUsbj053.csv","test","0","3","53","383536","384916"
"MU.osexp","C:\Users\Public\Experiments\IDs\05-WMC\MU","wait.png","3","384915","C:/Users/Public/Experiments/IDs/05-WMC/MU/MU_SM01_results/MUsbj053.csv","wait","5000","5","53","386014","384916"
"MU.osexp","C:\Users\Public\Experiments\IDs\05-WMC\MU","fixation.png","3","384915","C:/Users/Public/Experiments/IDs/05-WMC/MU/MU_SM01_results/MUsbj053.csv","fix","1500","5","53","391110","384916"
"MU.osexp","C:\Users\Public\Experiments\IDs\05-WMC\MU","Tr11_study1.png","3","384915","C:/Users/Public/Experiments/IDs/05-WMC/MU/MU_SM01_results/MUsbj053.csv","study","1000","5","53","392734","393737"
"MU.osexp","C:\Users\Public\Experiments\IDs\05-WMC\MU","Tr11_study2.png","3","384915","C:/Users/Public/Experiments/IDs/05-WMC/MU/MU_SM01_results/MUsbj053.csv","study","1000","5","53","394090","395092"
"MU.osexp","C:\Users\Public\Experiments\IDs\05-WMC\MU","Tr11_study3.png","3","384915","C:/Users/Public/Experiments/IDs/05-WMC/MU/MU_SM01_results/MUsbj053.csv","study","1000","5","53","395456","396458"
"MU.osexp","C:\Users\Public\Experiments\IDs\05-WMC\MU","Tr11_study4.png","3","384915","C:/Users/Public/Experiments/IDs/05-WMC/MU/MU_SM01_results/MUsbj053.csv","study","1000","5","53","396817","397819"
"MU.osexp","C:\Users\Public\Experiments\IDs\05-WMC\MU","Tr11_study5.png","3","384915","C:/Users/Public/Experiments/IDs/05-WMC/MU/MU_SM01_results/MUsbj053.csv","study","1000","5","53","398179","399181"
"MU.osexp","C:\Users\Public\Experiments\IDs\05-WMC\MU","Tr11_update1.png","3","384915","C:/Users/Public/Experiments/IDs/05-WMC/MU/MU_SM01_results/MUsbj053.csv","update","1300","5","53","399536","400838"
"MU.osexp","C:\Users\Public\Experiments\IDs\05-WMC\MU","Tr11_update2.png","3","384915","C:/Users/Public/Experiments/IDs/05-WMC/MU/MU_SM01_results/MUsbj053.csv","update","1300","5","53","401208","402510"
"MU.osexp","C:\Users\Public\Experiments\IDs\05-WMC\MU","Tr11_update3.png","3","384915","C:/Users/Public/Experiments/IDs/05-WMC/MU/MU_SM01_results/MUsbj053.csv","update","1300","5","53","402847","404149"
"MU.osexp","C:\Users\Public\Experiments\IDs\05-WMC\MU","Tr11_test1.png","1","406842","C:/Users/Public/Experiments/IDs/05-WMC/MU/MU_SM01_results/MUsbj053.csv","test","0","5","53","404509","406843"
"MU.osexp","C:\Users\Public\Experiments\IDs\05-WMC\MU","Tr11_test2.png","6","409442","C:/Users/Public/Experiments/IDs/05-WMC/MU/MU_SM01_results/MUsbj053.csv","test","0","5","53","407946","409443"
"MU.osexp","C:\Users\Public\Experiments\IDs\05-WMC\MU","Tr11_test3.png","4","411106","C:/Users/Public/Experiments/IDs/05-WMC/MU/MU_SM01_results/MUsbj053.csv","test","0","5","53","410554","411107"
"MU.osexp","C:\Users\Public\Experiments\IDs\05-WMC\MU","Tr11_test4.png","3","412538","C:/Users/Public/Experiments/IDs/05-WMC/MU/MU_SM01_results/MUsbj053.csv","test","0","5","53","412210","412539"
"MU.osexp","C:\Users\Public\Experiments\IDs\05-WMC\MU","Tr11_test5.png","2","413971","C:/Users/Public/Experiments/IDs/05-WMC/MU/MU_SM01_results/MUsbj053.csv","test","0","5","53","413623","413972"
"MU.osexp","C:\Users\Public\Experiments\IDs\05-WMC\MU","wait.png","2","413971","C:/Users/Public/Experiments/IDs/05-WMC/MU/MU_SM01_results/MUsbj053.csv","wait","5000","3","53","415091","413972"
"MU.osexp","C:\Users\Public\Experiments\IDs\05-WMC\MU","fixation.png","2","413971","C:/Users/Public/Experiments/IDs/05-WMC/MU/MU_SM01_results/MUsbj053.csv","fix","1500","3","53","420192","413972"
"MU.osexp","C:\Users\Public\Experiments\IDs\05-WMC\MU","Tr12_study1.png","2","413971","C:/Users/Public/Experiments/IDs/05-WMC/MU/MU_SM01_results/MUsbj053.csv","study","1000","3","53","421800","422802"
"MU.osexp","C:\Users\Public\Experiments\IDs\05-WMC\MU","Tr12_study2.png","2","413971","C:/Users/Public/Experiments/IDs/05-WMC/MU/MU_SM01_results/MUsbj053.csv","study","1000","3","53","423154","424156"
"MU.osexp","C:\Users\Public\Experiments\IDs\05-WMC\MU","Tr12_study3.png","2","413971","C:/Users/Public/Experiments/IDs/05-WMC/MU/MU_SM01_results/MUsbj053.csv","study","1000","3","53","424518","425520"
"MU.osexp","C:\Users\Public\Experiments\IDs\05-WMC\MU","Tr12_update1.png","2","413971","C:/Users/Public/Experiments/IDs/05-WMC/MU/MU_SM01_results/MUsbj053.csv","update","1300","3","53","425868","427171"
"MU.osexp","C:\Users\Public\Experiments\IDs\05-WMC\MU","Tr12_update2.png","2","413971","C:/Users/Public/Experiments/IDs/05-WMC/MU/MU_SM01_results/MUsbj053.csv","update","1300","3","53","427535","428837"
"MU.osexp","C:\Users\Public\Experiments\IDs\05-WMC\MU","Tr12_update3.png","2","413971","C:/Users/Public/Experiments/IDs/05-WMC/MU/MU_SM01_results/MUsbj053.csv","update","1300","3","53","429173","430475"
"MU.osexp","C:\Users\Public\Experiments\IDs\05-WMC\MU","Tr12_update4.png","2","413971","C:/Users/Public/Experiments/IDs/05-WMC/MU/MU_SM01_results/MUsbj053.csv","update","1300","3","53","430839","432141"
"MU.osexp","C:\Users\Public\Experiments\IDs\05-WMC\MU","Tr12_update5.png","2","413971","C:/Users/Public/Experiments/IDs/05-WMC/MU/MU_SM01_results/MUsbj053.csv","update","1300","3","53","432499","433801"
"MU.osexp","C:\Users\Public\Experiments\IDs\05-WMC\MU","Tr12_test1.png","2","435475","C:/Users/Public/Experiments/IDs/05-WMC/MU/MU_SM01_results/MUsbj053.csv","test","0","3","53","434155","435476"
"MU.osexp","C:\Users\Public\Experiments\IDs\05-WMC\MU","Tr12_test2.png","3","437075","C:/Users/Public/Experiments/IDs/05-WMC/MU/MU_SM01_results/MUsbj053.csv","test","0","3","53","436580","437076"
"MU.osexp","C:\Users\Public\Experiments\IDs\05-WMC\MU","Tr12_test3.png","2","438451","C:/Users/Public/Experiments/IDs/05-WMC/MU/MU_SM01_results/MUsbj053.csv","test","0","3","53","438181","438452"
"MU.osexp","C:\Users\Public\Experiments\IDs\05-WMC\MU","wait.png","2","438451","C:/Users/Public/Experiments/IDs/05-WMC/MU/MU_SM01_results/MUsbj053.csv","wait","5000","3","53","439542","438452"
"MU.osexp","C:\Users\Public\Experiments\IDs\05-WMC\MU","fixation.png","2","438451","C:/Users/Public/Experiments/IDs/05-WMC/MU/MU_SM01_results/MUsbj053.csv","fix","1500","3","53","444641","438452"
"MU.osexp","C:\Users\Public\Experiments\IDs\05-WMC\MU","Tr13_study1.png","2","438451","C:/Users/Public/Experiments/IDs/05-WMC/MU/MU_SM01_results/MUsbj053.csv","study","1000","3","53","446271","447273"
"MU.osexp","C:\Users\Public\Experiments\IDs\05-WMC\MU","Tr13_study2.png","2","438451","C:/Users/Public/Experiments/IDs/05-WMC/MU/MU_SM01_results/MUsbj053.csv","study","1000","3","53","447642","448644"
"MU.osexp","C:\Users\Public\Experiments\IDs\05-WMC\MU","Tr13_study3.png","2","438451","C:/Users/Public/Experiments/IDs/05-WMC/MU/MU_SM01_results/MUsbj053.csv","study","1000","3","53","449009","450011"
"MU.osexp","C:\Users\Public\Experiments\IDs\05-WMC\MU","Tr13_update1.png","2","438451","C:/Users/Public/Experiments/IDs/05-WMC/MU/MU_SM01_results/MUsbj053.csv","update","1300","3","53","450370","451672"
"MU.osexp","C:\Users\Public\Experiments\IDs\05-WMC\MU","Tr13_update2.png","2","438451","C:/Users/Public/Experiments/IDs/05-WMC/MU/MU_SM01_results/MUsbj053.csv","update","1300","3","53","452045","453348"
"MU.osexp","C:\Users\Public\Experiments\IDs\05-WMC\MU","Tr13_update3.png","2","438451","C:/Users/Public/Experiments/IDs/05-WMC/MU/MU_SM01_results/MUsbj053.csv","update","1300","3","53","453715","455017"
"MU.osexp","C:\Users\Public\Experiments\IDs\05-WMC\MU","Tr13_update4.png","2","438451","C:/Users/Public/Experiments/IDs/05-WMC/MU/MU_SM01_results/MUsbj053.csv","update","1300","3","53","455380","456682"
"MU.osexp","C:\Users\Public\Experiments\IDs\05-WMC\MU","Tr13_test1.png","3","458707","C:/Users/Public/Experiments/IDs/05-WMC/MU/MU_SM01_results/MUsbj053.csv","test","0","3","53","457015","458707"
"MU.osexp","C:\Users\Public\Experiments\IDs\05-WMC\MU","Tr13_test2.png","7","461610","C:/Users/Public/Experiments/IDs/05-WMC/MU/MU_SM01_results/MUsbj053.csv","test","0","3","53","459801","461611"
"MU.osexp","C:\Users\Public\Experiments\IDs\05-WMC\MU","Tr13_test3.png","0","463362","C:/Users/Public/Experiments/IDs/05-WMC/MU/MU_SM01_results/MUsbj053.csv","test","0","3","53","462710","463363"
"MU.osexp","C:\Users\Public\Experiments\IDs\05-WMC\MU","wait.png","0","463362","C:/Users/Public/Experiments/IDs/05-WMC/MU/MU_SM01_results/MUsbj053.csv","wait","5000","5","53","464482","463363"
"MU.osexp","C:\Users\Public\Experiments\IDs\05-WMC\MU","fixation.png","0","463362","C:/Users/Public/Experiments/IDs/05-WMC/MU/MU_SM01_results/MUsbj053.csv","fix","1500","5","53","469571","463363"
"MU.osexp","C:\Users\Public\Experiments\IDs\05-WMC\MU","Tr14_study1.png","0","463362","C:/Users/Public/Experiments/IDs/05-WMC/MU/MU_SM01_results/MUsbj053.csv","study","1000","5","53","471187","472189"
"MU.osexp","C:\Users\Public\Experiments\IDs\05-WMC\MU","Tr14_study2.png","0","463362","C:/Users/Public/Experiments/IDs/05-WMC/MU/MU_SM01_results/MUsbj053.csv","study","1000","5","53","472559","473561"
"MU.osexp","C:\Users\Public\Experiments\IDs\05-WMC\MU","Tr14_study3.png","0","463362","C:/Users/Public/Experiments/IDs/05-WMC/MU/MU_SM01_results/MUsbj053.csv","study","1000","5","53","473918","474920"
"MU.osexp","C:\Users\Public\Experiments\IDs\05-WMC\MU","Tr14_study4.png","0","463362","C:/Users/Public/Experiments/IDs/05-WMC/MU/MU_SM01_results/MUsbj053.csv","study","1000","5","53","475379","476381"
"MU.osexp","C:\Users\Public\Experiments\IDs\05-WMC\MU","Tr14_study5.png","0","463362","C:/Users/Public/Experiments/IDs/05-WMC/MU/MU_SM01_results/MUsbj053.csv","study","1000","5","53","476740","477742"
"MU.osexp","C:\Users\Public\Experiments\IDs\05-WMC\MU","Tr14_update1.png","0","463362","C:/Users/Public/Experiments/IDs/05-WMC/MU/MU_SM01_results/MUsbj053.csv","update","1300","5","53","478101","479403"
"MU.osexp","C:\Users\Public\Experiments\IDs\05-WMC\MU","Tr14_update2.png","0","463362","C:/Users/Public/Experiments/IDs/05-WMC/MU/MU_SM01_results/MUsbj053.csv","update","1300","5","53","479767","481069"
"MU.osexp","C:\Users\Public\Experiments\IDs\05-WMC\MU","Tr14_update3.png","0","463362","C:/Users/Public/Experiments/IDs/05-WMC/MU/MU_SM01_results/MUsbj053.csv","update","1300","5","53","481433","482735"
"MU.osexp","C:\Users\Public\Experiments\IDs\05-WMC\MU","Tr14_update4.png","0","463362","C:/Users/Public/Experiments/IDs/05-WMC/MU/MU_SM01_results/MUsbj053.csv","update","1300","5","53","483077","484379"
"MU.osexp","C:\Users\Public\Experiments\IDs\05-WMC\MU","Tr14_test1.png","5","486059","C:/Users/Public/Experiments/IDs/05-WMC/MU/MU_SM01_results/MUsbj053.csv","test","0","5","53","484729","486060"
"MU.osexp","C:\Users\Public\Experiments\IDs\05-WMC\MU","Tr14_test2.png","6","487547","C:/Users/Public/Experiments/IDs/05-WMC/MU/MU_SM01_results/MUsbj053.csv","test","0","5","53","487149","487548"
"MU.osexp","C:\Users\Public\Experiments\IDs\05-WMC\MU","Tr14_test3.png","3","489139","C:/Users/Public/Experiments/IDs/05-WMC/MU/MU_SM01_results/MUsbj053.csv","test","0","5","53","488648","489140"
"MU.osexp","C:\Users\Public\Experiments\IDs\05-WMC\MU","Tr14_test4.png","8","491235","C:/Users/Public/Experiments/IDs/05-WMC/MU/MU_SM01_results/MUsbj053.csv","test","0","5","53","490249","491236"
"MU.osexp","C:\Users\Public\Experiments\IDs\05-WMC\MU","Tr14_test5.png","3","492571","C:/Users/Public/Experiments/IDs/05-WMC/MU/MU_SM01_results/MUsbj053.csv","test","0","5","53","492329","492572"
"MU.osexp","C:\Users\Public\Experiments\IDs\05-WMC\MU","wait.png","3","492571","C:/Users/Public/Experiments/IDs/05-WMC/MU/MU_SM01_results/MUsbj053.csv","wait","5000","4","53","493684","492572"
"MU.osexp","C:\Users\Public\Experiments\IDs\05-WMC\MU","fixation.png","3","492571","C:/Users/Public/Experiments/IDs/05-WMC/MU/MU_SM01_results/MUsbj053.csv","fix","1500","4","53","498774","492572"
"MU.osexp","C:\Users\Public\Experiments\IDs\05-WMC\MU","Tr15_study1.png","3","492571","C:/Users/Public/Experiments/IDs/05-WMC/MU/MU_SM01_results/MUsbj053.csv","study","1000","4","53","500362","501364"
"MU.osexp","C:\Users\Public\Experiments\IDs\05-WMC\MU","Tr15_study2.png","3","492571","C:/Users/Public/Experiments/IDs/05-WMC/MU/MU_SM01_results/MUsbj053.csv","study","1000","4","53","501728","502730"
"MU.osexp","C:\Users\Public\Experiments\IDs\05-WMC\MU","Tr15_study3.png","3","492571","C:/Users/Public/Experiments/IDs/05-WMC/MU/MU_SM01_results/MUsbj053.csv","study","1000","4","53","503078","504080"
"MU.osexp","C:\Users\Public\Experiments\IDs\05-WMC\MU","Tr15_study4.png","3","492571","C:/Users/Public/Experiments/IDs/05-WMC/MU/MU_SM01_results/MUsbj053.csv","study","1000","4","53","504470","505472"
"MU.osexp","C:\Users\Public\Experiments\IDs\05-WMC\MU","Tr15_update1.png","3","492571","C:/Users/Public/Experiments/IDs/05-WMC/MU/MU_SM01_results/MUsbj053.csv","update","1300","4","53","505818","507120"
"MU.osexp","C:\Users\Public\Experiments\IDs\05-WMC\MU","Tr15_update2.png","3","492571","C:/Users/Public/Experiments/IDs/05-WMC/MU/MU_SM01_results/MUsbj053.csv","update","1300","4","53","507487","508789"
"MU.osexp","C:\Users\Public\Experiments\IDs\05-WMC\MU","Tr15_update3.png","3","492571","C:/Users/Public/Experiments/IDs/05-WMC/MU/MU_SM01_results/MUsbj053.csv","update","1300","4","53","509145","510448"
"MU.osexp","C:\Users\Public\Experiments\IDs\05-WMC\MU","Tr15_update4.png","3","492571","C:/Users/Public/Experiments/IDs/05-WMC/MU/MU_SM01_results/MUsbj053.csv","update","1300","4","53","510810","512112"
"MU.osexp","C:\Users\Public\Experiments\IDs\05-WMC\MU","Tr15_update5.png","3","492571","C:/Users/Public/Experiments/IDs/05-WMC/MU/MU_SM01_results/MUsbj053.csv","update","1300","4","53","512463","513765"
"MU.osexp","C:\Users\Public\Experiments\IDs\05-WMC\MU","Tr15_update6.png","3","492571","C:/Users/Public/Experiments/IDs/05-WMC/MU/MU_SM01_results/MUsbj053.csv","update","1300","4","53","514123","515425"
"MU.osexp","C:\Users\Public\Experiments\IDs\05-WMC\MU","Tr15_test1.png","5","517418","C:/Users/Public/Experiments/IDs/05-WMC/MU/MU_SM01_results/MUsbj053.csv","test","0","4","53","515772","517419"
"MU.osexp","C:\Users\Public\Experiments\IDs\05-WMC\MU","Tr15_test2.png","5","518939","C:/Users/Public/Experiments/IDs/05-WMC/MU/MU_SM01_results/MUsbj053.csv","test","0","4","53","518523","518940"
"MU.osexp","C:\Users\Public\Experiments\IDs\05-WMC\MU","Tr15_test3.png","6","520435","C:/Users/Public/Experiments/IDs/05-WMC/MU/MU_SM01_results/MUsbj053.csv","test","0","4","53","520050","520436"
"MU.osexp","C:\Users\Public\Experiments\IDs\05-WMC\MU","Tr15_test4.png","3","521835","C:/Users/Public/Experiments/IDs/05-WMC/MU/MU_SM01_results/MUsbj053.csv","test","0","4","53","521534","521836"
"MU.osexp","C:\Users\Public\Experiments\IDs\05-WMC\MU","wait.png","3","521835","C:/Users/Public/Experiments/IDs/05-WMC/MU/MU_SM01_results/MUsbj053.csv","wait","5000","4","53","522947","521836"
"MU.osexp","C:\Users\Public\Experiments\IDs\05-WMC\MU","fixation.png","3","521835","C:/Users/Public/Experiments/IDs/05-WMC/MU/MU_SM01_results/MUsbj053.csv","fix","1500","4","53","528046","521836"
"MU.osexp","C:\Users\Public\Experiments\IDs\05-WMC\MU","Tr16_study1.png","3","521835","C:/Users/Public/Experiments/IDs/05-WMC/MU/MU_SM01_results/MUsbj053.csv","study","1000","4","53","529658","530660"
"MU.osexp","C:\Users\Public\Experiments\IDs\05-WMC\MU","Tr16_study2.png","3","521835","C:/Users/Public/Experiments/IDs/05-WMC/MU/MU_SM01_results/MUsbj053.csv","study","1000","4","53","531025","532027"
"MU.osexp","C:\Users\Public\Experiments\IDs\05-WMC\MU","Tr16_study3.png","3","521835","C:/Users/Public/Experiments/IDs/05-WMC/MU/MU_SM01_results/MUsbj053.csv","study","1000","4","53","532404","533407"
"MU.osexp","C:\Users\Public\Experiments\IDs\05-WMC\MU","Tr16_study4.png","3","521835","C:/Users/Public/Experiments/IDs/05-WMC/MU/MU_SM01_results/MUsbj053.csv","study","1000","4","53","533753","534755"
"MU.osexp","C:\Users\Public\Experiments\IDs\05-WMC\MU","Tr16_update1.png","3","521835","C:/Users/Public/Experiments/IDs/05-WMC/MU/MU_SM01_results/MUsbj053.csv","update","1300","4","53","535116","536418"
"MU.osexp","C:\Users\Public\Experiments\IDs\05-WMC\MU","Tr16_update2.png","3","521835","C:/Users/Public/Experiments/IDs/05-WMC/MU/MU_SM01_results/MUsbj053.csv","update","1300","4","53","536784","538086"
"MU.osexp","C:\Users\Public\Experiments\IDs\05-WMC\MU","Tr16_test1.png","9","540427","C:/Users/Public/Experiments/IDs/05-WMC/MU/MU_SM01_results/MUsbj053.csv","test","0","4","53","538447","540428"
"MU.osexp","C:\Users\Public\Experiments\IDs\05-WMC\MU","Tr16_test2.png","7","542723","C:/Users/Public/Experiments/IDs/05-WMC/MU/MU_SM01_results/MUsbj053.csv","test","0","4","53","541657","542724"
"MU.osexp","C:\Users\Public\Experiments\IDs\05-WMC\MU","Tr16_test3.png","8","544635","C:/Users/Public/Experiments/IDs/05-WMC/MU/MU_SM01_results/MUsbj053.csv","test","0","4","53","543826","544636"
"MU.osexp","C:\Users\Public\Experiments\IDs\05-WMC\MU","Tr16_test4.png","5","546075","C:/Users/Public/Experiments/IDs/05-WMC/MU/MU_SM01_results/MUsbj053.csv","test","0","4","53","545748","546076"
"MU.osexp","C:\Users\Public\Experiments\IDs\05-WMC\MU","wait.png","5","546075","C:/Users/Public/Experiments/IDs/05-WMC/MU/MU_SM01_results/MUsbj053.csv","wait","5000","5","53","547178","546076"
"MU.osexp","C:\Users\Public\Experiments\IDs\05-WMC\MU","fixation.png","5","546075","C:/Users/Public/Experiments/IDs/05-WMC/MU/MU_SM01_results/MUsbj053.csv","fix","1500","5","53","552280","546076"
"MU.osexp","C:\Users\Public\Experiments\IDs\05-WMC\MU","Tr17_study1.png","5","546075","C:/Users/Public/Experiments/IDs/05-WMC/MU/MU_SM01_results/MUsbj053.csv","study","1000","5","53","553969","554971"
"MU.osexp","C:\Users\Public\Experiments\IDs\05-WMC\MU","Tr17_study2.png","5","546075","C:/Users/Public/Experiments/IDs/05-WMC/MU/MU_SM01_results/MUsbj053.csv","study","1000","5","53","555320","556322"
"MU.osexp","C:\Users\Public\Experiments\IDs\05-WMC\MU","Tr17_study3.png","5","546075","C:/Users/Public/Experiments/IDs/05-WMC/MU/MU_SM01_results/MUsbj053.csv","study","1000","5","53","556686","557688"
"MU.osexp","C:\Users\Public\Experiments\IDs\05-WMC\MU","Tr17_study4.png","5","546075","C:/Users/Public/Experiments/IDs/05-WMC/MU/MU_SM01_results/MUsbj053.csv","study","1000","5","53","558057","559059"
"MU.osexp","C:\Users\Public\Experiments\IDs\05-WMC\MU","Tr17_study5.png","5","546075","C:/Users/Public/Experiments/IDs/05-WMC/MU/MU_SM01_results/MUsbj053.csv","study","1000","5","53","559421","560423"
"MU.osexp","C:\Users\Public\Experiments\IDs\05-WMC\MU","Tr17_update1.png","5","546075","C:/Users/Public/Experiments/IDs/05-WMC/MU/MU_SM01_results/MUsbj053.csv","update","1300","5","53","560770","562072"
"MU.osexp","C:\Users\Public\Experiments\IDs\05-WMC\MU","Tr17_update2.png","5","546075","C:/Users/Public/Experiments/IDs/05-WMC/MU/MU_SM01_results/MUsbj053.csv","update","1300","5","53","562435","563737"
"MU.osexp","C:\Users\Public\Experiments\IDs\05-WMC\MU","Tr17_update3.png","5","546075","C:/Users/Public/Experiments/IDs/05-WMC/MU/MU_SM01_results/MUsbj053.csv","update","1300","5","53","564076","565378"
"MU.osexp","C:\Users\Public\Experiments\IDs\05-WMC\MU","Tr17_update4.png","5","546075","C:/Users/Public/Experiments/IDs/05-WMC/MU/MU_SM01_results/MUsbj053.csv","update","1300","5","53","565739","567041"
"MU.osexp","C:\Users\Public\Experiments\IDs\05-WMC\MU","Tr17_update5.png","5","546075","C:/Users/Public/Experiments/IDs/05-WMC/MU/MU_SM01_results/MUsbj053.csv","update","1300","5","53","567390","568692"
"MU.osexp","C:\Users\Public\Experiments\IDs\05-WMC\MU","Tr17_update6.png","5","546075","C:/Users/Public/Experiments/IDs/05-WMC/MU/MU_SM01_results/MUsbj053.csv","update","1300","5","53","569044","570346"
"MU.osexp","C:\Users\Public\Experiments\IDs\05-WMC\MU","Tr17_test1.png","2","572859","C:/Users/Public/Experiments/IDs/05-WMC/MU/MU_SM01_results/MUsbj053.csv","test","0","5","53","570694","572860"
"MU.osexp","C:\Users\Public\Experiments\IDs\05-WMC\MU","Tr17_test2.png","3","574819","C:/Users/Public/Experiments/IDs/05-WMC/MU/MU_SM01_results/MUsbj053.csv","test","0","5","53","573969","574820"
"MU.osexp","C:\Users\Public\Experiments\IDs\05-WMC\MU","Tr17_test3.png","2","576243","C:/Users/Public/Experiments/IDs/05-WMC/MU/MU_SM01_results/MUsbj053.csv","test","0","5","53","575956","576244"
"MU.osexp","C:\Users\Public\Experiments\IDs\05-WMC\MU","Tr17_test4.png","5","577619","C:/Users/Public/Experiments/IDs/05-WMC/MU/MU_SM01_results/MUsbj053.csv","test","0","5","53","577360","577620"
"MU.osexp","C:\Users\Public\Experiments\IDs\05-WMC\MU","Tr17_test5.png","3","579115","C:/Users/Public/Experiments/IDs/05-WMC/MU/MU_SM01_results/MUsbj053.csv","test","0","5","53","578751","579116"
