"experiment_file","experiment_path","image","key","key_time","logfile","phase","playtime","setSize","subject_nr","timestamp","waittime"
"MU.osexp","C:\Users\Public\Experiments\IDs\05-WMC\MU","ready1.png","NA","NA","C:/Users/Public/Experiments/IDs/05-WMC/MU/MU_SM01_results/MUsbj047.csv","pre","0","3","0","102215","NA"
"MU.osexp","C:\Users\Public\Experiments\IDs\05-WMC\MU","fixation.png","NA","NA","C:/Users/Public/Experiments/IDs/05-WMC/MU/MU_SM01_results/MUsbj047.csv","fix","1500","3","0","105277","NA"
"MU.osexp","C:\Users\Public\Experiments\IDs\05-WMC\MU","Tr1_study1.png","NA","NA","C:/Users/Public/Experiments/IDs/05-WMC/MU/MU_SM01_results/MUsbj047.csv","study","1000","3","0","106885","107887"
"MU.osexp","C:\Users\Public\Experiments\IDs\05-WMC\MU","Tr1_study2.png","NA","NA","C:/Users/Public/Experiments/IDs/05-WMC/MU/MU_SM01_results/MUsbj047.csv","study","1000","3","0","108252","109254"
"MU.osexp","C:\Users\Public\Experiments\IDs\05-WMC\MU","Tr1_study3.png","NA","NA","C:/Users/Public/Experiments/IDs/05-WMC/MU/MU_SM01_results/MUsbj047.csv","study","1000","3","0","109609","110611"
"MU.osexp","C:\Users\Public\Experiments\IDs\05-WMC\MU","Tr1_update1.png","NA","NA","C:/Users/Public/Experiments/IDs/05-WMC/MU/MU_SM01_results/MUsbj047.csv","update","1300","3","0","110980","112282"
"MU.osexp","C:\Users\Public\Experiments\IDs\05-WMC\MU","Tr1_update2.png","NA","NA","C:/Users/Public/Experiments/IDs/05-WMC/MU/MU_SM01_results/MUsbj047.csv","update","1300","3","0","112632","113934"
"MU.osexp","C:\Users\Public\Experiments\IDs\05-WMC\MU","Tr1_update3.png","NA","NA","C:/Users/Public/Experiments/IDs/05-WMC/MU/MU_SM01_results/MUsbj047.csv","update","1300","3","0","114316","115618"
"MU.osexp","C:\Users\Public\Experiments\IDs\05-WMC\MU","Tr1_test1.png","9","131837","C:/Users/Public/Experiments/IDs/05-WMC/MU/MU_SM01_results/MUsbj047.csv","test","0","3","0","116001","131838"
"MU.osexp","C:\Users\Public\Experiments\IDs\05-WMC\MU","Tr1_test2.png","7","142453","C:/Users/Public/Experiments/IDs/05-WMC/MU/MU_SM01_results/MUsbj047.csv","test","0","3","0","132964","142454"
"MU.osexp","C:\Users\Public\Experiments\IDs\05-WMC\MU","Tr1_test3.png","2","147725","C:/Users/Public/Experiments/IDs/05-WMC/MU/MU_SM01_results/MUsbj047.csv","test","0","3","0","143589","147726"
"MU.osexp","C:\Users\Public\Experiments\IDs\05-WMC\MU","wait.png","2","147725","C:/Users/Public/Experiments/IDs/05-WMC/MU/MU_SM01_results/MUsbj047.csv","wait","5000","3","0","148829","147726"
"MU.osexp","C:\Users\Public\Experiments\IDs\05-WMC\MU","fixation.png","2","147725","C:/Users/Public/Experiments/IDs/05-WMC/MU/MU_SM01_results/MUsbj047.csv","fix","1500","3","0","153940","147726"
"MU.osexp","C:\Users\Public\Experiments\IDs\05-WMC\MU","Tr2_study1.png","2","147725","C:/Users/Public/Experiments/IDs/05-WMC/MU/MU_SM01_results/MUsbj047.csv","study","1000","3","0","155557","156558"
"MU.osexp","C:\Users\Public\Experiments\IDs\05-WMC\MU","Tr2_study2.png","2","147725","C:/Users/Public/Experiments/IDs/05-WMC/MU/MU_SM01_results/MUsbj047.csv","study","1000","3","0","156921","157923"
"MU.osexp","C:\Users\Public\Experiments\IDs\05-WMC\MU","Tr2_study3.png","2","147725","C:/Users/Public/Experiments/IDs/05-WMC/MU/MU_SM01_results/MUsbj047.csv","study","1000","3","0","158316","159318"
"MU.osexp","C:\Users\Public\Experiments\IDs\05-WMC\MU","Tr2_update1.png","2","147725","C:/Users/Public/Experiments/IDs/05-WMC/MU/MU_SM01_results/MUsbj047.csv","update","1300","3","0","159670","160972"
"MU.osexp","C:\Users\Public\Experiments\IDs\05-WMC\MU","Tr2_update2.png","2","147725","C:/Users/Public/Experiments/IDs/05-WMC/MU/MU_SM01_results/MUsbj047.csv","update","1300","3","0","161346","162648"
"MU.osexp","C:\Users\Public\Experiments\IDs\05-WMC\MU","Tr2_update3.png","2","147725","C:/Users/Public/Experiments/IDs/05-WMC/MU/MU_SM01_results/MUsbj047.csv","update","1300","3","0","163000","164302"
"MU.osexp","C:\Users\Public\Experiments\IDs\05-WMC\MU","Tr2_test1.png","5","178869","C:/Users/Public/Experiments/IDs/05-WMC/MU/MU_SM01_results/MUsbj047.csv","test","0","3","0","164676","178870"
"MU.osexp","C:\Users\Public\Experiments\IDs\05-WMC\MU","Tr2_test2.png","7","188909","C:/Users/Public/Experiments/IDs/05-WMC/MU/MU_SM01_results/MUsbj047.csv","test","0","3","0","179983","188910"
"MU.osexp","C:\Users\Public\Experiments\IDs\05-WMC\MU","Tr2_test3.png","4","198581","C:/Users/Public/Experiments/IDs/05-WMC/MU/MU_SM01_results/MUsbj047.csv","test","0","3","0","190038","198582"
"MU.osexp","C:\Users\Public\Experiments\IDs\05-WMC\MU","ready2.png","4","198581","C:/Users/Public/Experiments/IDs/05-WMC/MU/MU_SM01_results/MUsbj047.csv","pre","0","3","0","223127","198582"
"MU.osexp","C:\Users\Public\Experiments\IDs\05-WMC\MU","fixation.png","4","198581","C:/Users/Public/Experiments/IDs/05-WMC/MU/MU_SM01_results/MUsbj047.csv","fix","1500","3","0","224983","198582"
"MU.osexp","C:\Users\Public\Experiments\IDs\05-WMC\MU","Tr3_study1.png","4","198581","C:/Users/Public/Experiments/IDs/05-WMC/MU/MU_SM01_results/MUsbj047.csv","study","1000","3","0","226589","227591"
"MU.osexp","C:\Users\Public\Experiments\IDs\05-WMC\MU","Tr3_study2.png","4","198581","C:/Users/Public/Experiments/IDs/05-WMC/MU/MU_SM01_results/MUsbj047.csv","study","1000","3","0","227961","228963"
"MU.osexp","C:\Users\Public\Experiments\IDs\05-WMC\MU","Tr3_study3.png","4","198581","C:/Users/Public/Experiments/IDs/05-WMC/MU/MU_SM01_results/MUsbj047.csv","study","1000","3","0","229343","230345"
"MU.osexp","C:\Users\Public\Experiments\IDs\05-WMC\MU","Tr3_update1.png","4","198581","C:/Users/Public/Experiments/IDs/05-WMC/MU/MU_SM01_results/MUsbj047.csv","update","1300","3","0","230739","232041"
"MU.osexp","C:\Users\Public\Experiments\IDs\05-WMC\MU","Tr3_update2.png","4","198581","C:/Users/Public/Experiments/IDs/05-WMC/MU/MU_SM01_results/MUsbj047.csv","update","1300","3","0","232428","233730"
"MU.osexp","C:\Users\Public\Experiments\IDs\05-WMC\MU","Tr3_update3.png","4","198581","C:/Users/Public/Experiments/IDs/05-WMC/MU/MU_SM01_results/MUsbj047.csv","update","1300","3","0","234112","235414"
"MU.osexp","C:\Users\Public\Experiments\IDs\05-WMC\MU","Tr3_test1.png","9","239333","C:/Users/Public/Experiments/IDs/05-WMC/MU/MU_SM01_results/MUsbj047.csv","test","0","3","0","235788","239334"
"MU.osexp","C:\Users\Public\Experiments\IDs\05-WMC\MU","Tr3_test2.png","6","253869","C:/Users/Public/Experiments/IDs/05-WMC/MU/MU_SM01_results/MUsbj047.csv","test","0","3","0","240444","253870"
"MU.osexp","C:\Users\Public\Experiments\IDs\05-WMC\MU","Tr3_test3.png","5","258141","C:/Users/Public/Experiments/IDs/05-WMC/MU/MU_SM01_results/MUsbj047.csv","test","0","3","0","255014","258142"
"MU.osexp","C:\Users\Public\Experiments\IDs\05-WMC\MU","wait.png","5","258141","C:/Users/Public/Experiments/IDs/05-WMC/MU/MU_SM01_results/MUsbj047.csv","wait","5000","4","0","259268","258142"
"MU.osexp","C:\Users\Public\Experiments\IDs\05-WMC\MU","fixation.png","5","258141","C:/Users/Public/Experiments/IDs/05-WMC/MU/MU_SM01_results/MUsbj047.csv","fix","1500","4","0","264395","258142"
"MU.osexp","C:\Users\Public\Experiments\IDs\05-WMC\MU","Tr4_study1.png","5","258141","C:/Users/Public/Experiments/IDs/05-WMC/MU/MU_SM01_results/MUsbj047.csv","study","1000","4","0","266011","267013"
"MU.osexp","C:\Users\Public\Experiments\IDs\05-WMC\MU","Tr4_study2.png","5","258141","C:/Users/Public/Experiments/IDs/05-WMC/MU/MU_SM01_results/MUsbj047.csv","study","1000","4","0","267368","268370"
"MU.osexp","C:\Users\Public\Experiments\IDs\05-WMC\MU","Tr4_study3.png","5","258141","C:/Users/Public/Experiments/IDs/05-WMC/MU/MU_SM01_results/MUsbj047.csv","study","1000","4","0","268751","269753"
"MU.osexp","C:\Users\Public\Experiments\IDs\05-WMC\MU","Tr4_study4.png","5","258141","C:/Users/Public/Experiments/IDs/05-WMC/MU/MU_SM01_results/MUsbj047.csv","study","1000","4","0","270141","271143"
"MU.osexp","C:\Users\Public\Experiments\IDs\05-WMC\MU","Tr4_update1.png","5","258141","C:/Users/Public/Experiments/IDs/05-WMC/MU/MU_SM01_results/MUsbj047.csv","update","1300","4","0","271511","272813"
"MU.osexp","C:\Users\Public\Experiments\IDs\05-WMC\MU","Tr4_update2.png","5","258141","C:/Users/Public/Experiments/IDs/05-WMC/MU/MU_SM01_results/MUsbj047.csv","update","1300","4","0","273166","274468"
"MU.osexp","C:\Users\Public\Experiments\IDs\05-WMC\MU","Tr4_update3.png","5","258141","C:/Users/Public/Experiments/IDs/05-WMC/MU/MU_SM01_results/MUsbj047.csv","update","1300","4","0","274843","276145"
"MU.osexp","C:\Users\Public\Experiments\IDs\05-WMC\MU","Tr4_update4.png","5","258141","C:/Users/Public/Experiments/IDs/05-WMC/MU/MU_SM01_results/MUsbj047.csv","update","1300","4","0","276496","277798"
"MU.osexp","C:\Users\Public\Experiments\IDs\05-WMC\MU","Tr4_test1.png","2","286917","C:/Users/Public/Experiments/IDs/05-WMC/MU/MU_SM01_results/MUsbj047.csv","test","0","4","0","278149","286918"
"MU.osexp","C:\Users\Public\Experiments\IDs\05-WMC\MU","Tr4_test2.png","4","290741","C:/Users/Public/Experiments/IDs/05-WMC/MU/MU_SM01_results/MUsbj047.csv","test","0","4","0","288038","290742"
"MU.osexp","C:\Users\Public\Experiments\IDs\05-WMC\MU","Tr4_test3.png","8","294669","C:/Users/Public/Experiments/IDs/05-WMC/MU/MU_SM01_results/MUsbj047.csv","test","0","4","0","291853","294670"
"MU.osexp","C:\Users\Public\Experiments\IDs\05-WMC\MU","Tr4_test4.png","1","298758","C:/Users/Public/Experiments/IDs/05-WMC/MU/MU_SM01_results/MUsbj047.csv","test","0","4","0","295775","298759"
"MU.osexp","C:\Users\Public\Experiments\IDs\05-WMC\MU","wait.png","1","298758","C:/Users/Public/Experiments/IDs/05-WMC/MU/MU_SM01_results/MUsbj047.csv","wait","5000","3","0","299862","298759"
"MU.osexp","C:\Users\Public\Experiments\IDs\05-WMC\MU","fixation.png","1","298758","C:/Users/Public/Experiments/IDs/05-WMC/MU/MU_SM01_results/MUsbj047.csv","fix","1500","3","0","304995","298759"
"MU.osexp","C:\Users\Public\Experiments\IDs\05-WMC\MU","Tr5_study1.png","1","298758","C:/Users/Public/Experiments/IDs/05-WMC/MU/MU_SM01_results/MUsbj047.csv","study","1000","3","0","306589","307591"
"MU.osexp","C:\Users\Public\Experiments\IDs\05-WMC\MU","Tr5_study2.png","1","298758","C:/Users/Public/Experiments/IDs/05-WMC/MU/MU_SM01_results/MUsbj047.csv","study","1000","3","0","307976","308978"
"MU.osexp","C:\Users\Public\Experiments\IDs\05-WMC\MU","Tr5_study3.png","1","298758","C:/Users/Public/Experiments/IDs/05-WMC/MU/MU_SM01_results/MUsbj047.csv","study","1000","3","0","309342","310344"
"MU.osexp","C:\Users\Public\Experiments\IDs\05-WMC\MU","Tr5_update1.png","1","298758","C:/Users/Public/Experiments/IDs/05-WMC/MU/MU_SM01_results/MUsbj047.csv","update","1300","3","0","310718","312020"
"MU.osexp","C:\Users\Public\Experiments\IDs\05-WMC\MU","Tr5_update2.png","1","298758","C:/Users/Public/Experiments/IDs/05-WMC/MU/MU_SM01_results/MUsbj047.csv","update","1300","3","0","312374","313676"
"MU.osexp","C:\Users\Public\Experiments\IDs\05-WMC\MU","Tr5_update3.png","1","298758","C:/Users/Public/Experiments/IDs/05-WMC/MU/MU_SM01_results/MUsbj047.csv","update","1300","3","0","314029","315331"
"MU.osexp","C:\Users\Public\Experiments\IDs\05-WMC\MU","Tr5_update4.png","1","298758","C:/Users/Public/Experiments/IDs/05-WMC/MU/MU_SM01_results/MUsbj047.csv","update","1300","3","0","315712","317014"
"MU.osexp","C:\Users\Public\Experiments\IDs\05-WMC\MU","Tr5_update5.png","1","298758","C:/Users/Public/Experiments/IDs/05-WMC/MU/MU_SM01_results/MUsbj047.csv","update","1300","3","0","317393","318695"
"MU.osexp","C:\Users\Public\Experiments\IDs\05-WMC\MU","Tr5_update6.png","1","298758","C:/Users/Public/Experiments/IDs/05-WMC/MU/MU_SM01_results/MUsbj047.csv","update","1300","3","0","319086","320388"
"MU.osexp","C:\Users\Public\Experiments\IDs\05-WMC\MU","Tr5_test1.png","3","325029","C:/Users/Public/Experiments/IDs/05-WMC/MU/MU_SM01_results/MUsbj047.csv","test","0","3","0","320743","325030"
"MU.osexp","C:\Users\Public\Experiments\IDs\05-WMC\MU","Tr5_test2.png","8","328085","C:/Users/Public/Experiments/IDs/05-WMC/MU/MU_SM01_results/MUsbj047.csv","test","0","3","0","326148","328086"
"MU.osexp","C:\Users\Public\Experiments\IDs\05-WMC\MU","Tr5_test3.png","4","336038","C:/Users/Public/Experiments/IDs/05-WMC/MU/MU_SM01_results/MUsbj047.csv","test","0","3","0","329258","336039"
"MU.osexp","C:\Users\Public\Experiments\IDs\05-WMC\MU","wait.png","4","336038","C:/Users/Public/Experiments/IDs/05-WMC/MU/MU_SM01_results/MUsbj047.csv","wait","5000","4","0","337125","336039"
"MU.osexp","C:\Users\Public\Experiments\IDs\05-WMC\MU","fixation.png","4","336038","C:/Users/Public/Experiments/IDs/05-WMC/MU/MU_SM01_results/MUsbj047.csv","fix","1500","4","0","342364","336039"
"MU.osexp","C:\Users\Public\Experiments\IDs\05-WMC\MU","Tr6_study1.png","4","336038","C:/Users/Public/Experiments/IDs/05-WMC/MU/MU_SM01_results/MUsbj047.csv","study","1000","4","0","343988","344990"
"MU.osexp","C:\Users\Public\Experiments\IDs\05-WMC\MU","Tr6_study2.png","4","336038","C:/Users/Public/Experiments/IDs/05-WMC/MU/MU_SM01_results/MUsbj047.csv","study","1000","4","0","345323","346325"
"MU.osexp","C:\Users\Public\Experiments\IDs\05-WMC\MU","Tr6_study3.png","4","336038","C:/Users/Public/Experiments/IDs/05-WMC/MU/MU_SM01_results/MUsbj047.csv","study","1000","4","0","346691","347693"
"MU.osexp","C:\Users\Public\Experiments\IDs\05-WMC\MU","Tr6_study4.png","4","336038","C:/Users/Public/Experiments/IDs/05-WMC/MU/MU_SM01_results/MUsbj047.csv","study","1000","4","0","348069","349071"
"MU.osexp","C:\Users\Public\Experiments\IDs\05-WMC\MU","Tr6_update1.png","4","336038","C:/Users/Public/Experiments/IDs/05-WMC/MU/MU_SM01_results/MUsbj047.csv","update","1300","4","0","349420","350722"
"MU.osexp","C:\Users\Public\Experiments\IDs\05-WMC\MU","Tr6_update2.png","4","336038","C:/Users/Public/Experiments/IDs/05-WMC/MU/MU_SM01_results/MUsbj047.csv","update","1300","4","0","351073","352375"
"MU.osexp","C:\Users\Public\Experiments\IDs\05-WMC\MU","Tr6_update3.png","4","336038","C:/Users/Public/Experiments/IDs/05-WMC/MU/MU_SM01_results/MUsbj047.csv","update","1300","4","0","352712","354014"
"MU.osexp","C:\Users\Public\Experiments\IDs\05-WMC\MU","Tr6_update4.png","4","336038","C:/Users/Public/Experiments/IDs/05-WMC/MU/MU_SM01_results/MUsbj047.csv","update","1300","4","0","354374","355676"
"MU.osexp","C:\Users\Public\Experiments\IDs\05-WMC\MU","Tr6_update5.png","4","336038","C:/Users/Public/Experiments/IDs/05-WMC/MU/MU_SM01_results/MUsbj047.csv","update","1300","4","0","356031","357333"
"MU.osexp","C:\Users\Public\Experiments\IDs\05-WMC\MU","Tr6_test1.png","6","365509","C:/Users/Public/Experiments/IDs/05-WMC/MU/MU_SM01_results/MUsbj047.csv","test","0","4","0","357694","365510"
"MU.osexp","C:\Users\Public\Experiments\IDs\05-WMC\MU","Tr6_test2.png","7","367518","C:/Users/Public/Experiments/IDs/05-WMC/MU/MU_SM01_results/MUsbj047.csv","test","0","4","0","366619","367519"
"MU.osexp","C:\Users\Public\Experiments\IDs\05-WMC\MU","Tr6_test3.png","3","370918","C:/Users/Public/Experiments/IDs/05-WMC/MU/MU_SM01_results/MUsbj047.csv","test","0","4","0","368639","370919"
"MU.osexp","C:\Users\Public\Experiments\IDs\05-WMC\MU","Tr6_test4.png","4","372397","C:/Users/Public/Experiments/IDs/05-WMC/MU/MU_SM01_results/MUsbj047.csv","test","0","4","0","372038","372398"
"MU.osexp","C:\Users\Public\Experiments\IDs\05-WMC\MU","wait.png","4","372397","C:/Users/Public/Experiments/IDs/05-WMC/MU/MU_SM01_results/MUsbj047.csv","wait","5000","5","0","373543","372398"
"MU.osexp","C:\Users\Public\Experiments\IDs\05-WMC\MU","fixation.png","4","372397","C:/Users/Public/Experiments/IDs/05-WMC/MU/MU_SM01_results/MUsbj047.csv","fix","1500","5","0","378756","372398"
"MU.osexp","C:\Users\Public\Experiments\IDs\05-WMC\MU","Tr7_study1.png","4","372397","C:/Users/Public/Experiments/IDs/05-WMC/MU/MU_SM01_results/MUsbj047.csv","study","1000","5","0","380376","381378"
"MU.osexp","C:\Users\Public\Experiments\IDs\05-WMC\MU","Tr7_study2.png","4","372397","C:/Users/Public/Experiments/IDs/05-WMC/MU/MU_SM01_results/MUsbj047.csv","study","1000","5","0","381731","382733"
"MU.osexp","C:\Users\Public\Experiments\IDs\05-WMC\MU","Tr7_study3.png","4","372397","C:/Users/Public/Experiments/IDs/05-WMC/MU/MU_SM01_results/MUsbj047.csv","study","1000","5","0","383101","384103"
"MU.osexp","C:\Users\Public\Experiments\IDs\05-WMC\MU","Tr7_study4.png","4","372397","C:/Users/Public/Experiments/IDs/05-WMC/MU/MU_SM01_results/MUsbj047.csv","study","1000","5","0","384479","385481"
"MU.osexp","C:\Users\Public\Experiments\IDs\05-WMC\MU","Tr7_study5.png","4","372397","C:/Users/Public/Experiments/IDs/05-WMC/MU/MU_SM01_results/MUsbj047.csv","study","1000","5","0","385857","386859"
"MU.osexp","C:\Users\Public\Experiments\IDs\05-WMC\MU","Tr7_update1.png","4","372397","C:/Users/Public/Experiments/IDs/05-WMC/MU/MU_SM01_results/MUsbj047.csv","update","1300","5","0","387224","388526"
"MU.osexp","C:\Users\Public\Experiments\IDs\05-WMC\MU","Tr7_update2.png","4","372397","C:/Users/Public/Experiments/IDs/05-WMC/MU/MU_SM01_results/MUsbj047.csv","update","1300","5","0","388993","390295"
"MU.osexp","C:\Users\Public\Experiments\IDs\05-WMC\MU","Tr7_update3.png","4","372397","C:/Users/Public/Experiments/IDs/05-WMC/MU/MU_SM01_results/MUsbj047.csv","update","1300","5","0","390739","392041"
"MU.osexp","C:\Users\Public\Experiments\IDs\05-WMC\MU","Tr7_update4.png","4","372397","C:/Users/Public/Experiments/IDs/05-WMC/MU/MU_SM01_results/MUsbj047.csv","update","1300","5","0","392409","393711"
"MU.osexp","C:\Users\Public\Experiments\IDs\05-WMC\MU","Tr7_update5.png","4","372397","C:/Users/Public/Experiments/IDs/05-WMC/MU/MU_SM01_results/MUsbj047.csv","update","1300","5","0","394086","395388"
"MU.osexp","C:\Users\Public\Experiments\IDs\05-WMC\MU","Tr7_test1.png","2","399037","C:/Users/Public/Experiments/IDs/05-WMC/MU/MU_SM01_results/MUsbj047.csv","test","0","5","0","395766","399038"
"MU.osexp","C:\Users\Public\Experiments\IDs\05-WMC\MU","Tr7_test2.png","6","402662","C:/Users/Public/Experiments/IDs/05-WMC/MU/MU_SM01_results/MUsbj047.csv","test","0","5","0","400166","402663"
"MU.osexp","C:\Users\Public\Experiments\IDs\05-WMC\MU","Tr7_test3.png","7","404206","C:/Users/Public/Experiments/IDs/05-WMC/MU/MU_SM01_results/MUsbj047.csv","test","0","5","0","403763","404207"
"MU.osexp","C:\Users\Public\Experiments\IDs\05-WMC\MU","Tr7_test4.png","5","407669","C:/Users/Public/Experiments/IDs/05-WMC/MU/MU_SM01_results/MUsbj047.csv","test","0","5","0","405326","407671"
"MU.osexp","C:\Users\Public\Experiments\IDs\05-WMC\MU","Tr7_test5.png","4","410085","C:/Users/Public/Experiments/IDs/05-WMC/MU/MU_SM01_results/MUsbj047.csv","test","0","5","0","408806","410086"
"MU.osexp","C:\Users\Public\Experiments\IDs\05-WMC\MU","wait.png","4","410085","C:/Users/Public/Experiments/IDs/05-WMC/MU/MU_SM01_results/MUsbj047.csv","wait","5000","4","0","411196","410086"
"MU.osexp","C:\Users\Public\Experiments\IDs\05-WMC\MU","fixation.png","4","410085","C:/Users/Public/Experiments/IDs/05-WMC/MU/MU_SM01_results/MUsbj047.csv","fix","1500","4","0","416318","410086"
"MU.osexp","C:\Users\Public\Experiments\IDs\05-WMC\MU","Tr8_study1.png","4","410085","C:/Users/Public/Experiments/IDs/05-WMC/MU/MU_SM01_results/MUsbj047.csv","study","1000","4","0","417939","418942"
"MU.osexp","C:\Users\Public\Experiments\IDs\05-WMC\MU","Tr8_study2.png","4","410085","C:/Users/Public/Experiments/IDs/05-WMC/MU/MU_SM01_results/MUsbj047.csv","study","1000","4","0","419313","420315"
"MU.osexp","C:\Users\Public\Experiments\IDs\05-WMC\MU","Tr8_study3.png","4","410085","C:/Users/Public/Experiments/IDs/05-WMC/MU/MU_SM01_results/MUsbj047.csv","study","1000","4","0","420714","421716"
"MU.osexp","C:\Users\Public\Experiments\IDs\05-WMC\MU","Tr8_study4.png","4","410085","C:/Users/Public/Experiments/IDs/05-WMC/MU/MU_SM01_results/MUsbj047.csv","study","1000","4","0","422083","423085"
"MU.osexp","C:\Users\Public\Experiments\IDs\05-WMC\MU","Tr8_update1.png","4","410085","C:/Users/Public/Experiments/IDs/05-WMC/MU/MU_SM01_results/MUsbj047.csv","update","1300","4","0","423471","424773"
"MU.osexp","C:\Users\Public\Experiments\IDs\05-WMC\MU","Tr8_update2.png","4","410085","C:/Users/Public/Experiments/IDs/05-WMC/MU/MU_SM01_results/MUsbj047.csv","update","1300","4","0","425164","426466"
"MU.osexp","C:\Users\Public\Experiments\IDs\05-WMC\MU","Tr8_update3.png","4","410085","C:/Users/Public/Experiments/IDs/05-WMC/MU/MU_SM01_results/MUsbj047.csv","update","1300","4","0","426845","428147"
"MU.osexp","C:\Users\Public\Experiments\IDs\05-WMC\MU","Tr8_test1.png","6","433373","C:/Users/Public/Experiments/IDs/05-WMC/MU/MU_SM01_results/MUsbj047.csv","test","0","4","0","428488","433374"
"MU.osexp","C:\Users\Public\Experiments\IDs\05-WMC\MU","Tr8_test2.png","9","437029","C:/Users/Public/Experiments/IDs/05-WMC/MU/MU_SM01_results/MUsbj047.csv","test","0","4","0","434481","437030"
"MU.osexp","C:\Users\Public\Experiments\IDs\05-WMC\MU","Tr8_test3.png","5","439390","C:/Users/Public/Experiments/IDs/05-WMC/MU/MU_SM01_results/MUsbj047.csv","test","0","4","0","438156","439391"
"MU.osexp","C:\Users\Public\Experiments\IDs\05-WMC\MU","Tr8_test4.png","4","443293","C:/Users/Public/Experiments/IDs/05-WMC/MU/MU_SM01_results/MUsbj047.csv","test","0","4","0","440533","443294"
"MU.osexp","C:\Users\Public\Experiments\IDs\05-WMC\MU","wait.png","4","443293","C:/Users/Public/Experiments/IDs/05-WMC/MU/MU_SM01_results/MUsbj047.csv","wait","5000","5","0","444411","443294"
"MU.osexp","C:\Users\Public\Experiments\IDs\05-WMC\MU","fixation.png","4","443293","C:/Users/Public/Experiments/IDs/05-WMC/MU/MU_SM01_results/MUsbj047.csv","fix","1500","5","0","449528","443294"
"MU.osexp","C:\Users\Public\Experiments\IDs\05-WMC\MU","Tr9_study1.png","4","443293","C:/Users/Public/Experiments/IDs/05-WMC/MU/MU_SM01_results/MUsbj047.csv","study","1000","5","0","451148","452150"
"MU.osexp","C:\Users\Public\Experiments\IDs\05-WMC\MU","Tr9_study2.png","4","443293","C:/Users/Public/Experiments/IDs/05-WMC/MU/MU_SM01_results/MUsbj047.csv","study","1000","5","0","452503","453505"
"MU.osexp","C:\Users\Public\Experiments\IDs\05-WMC\MU","Tr9_study3.png","4","443293","C:/Users/Public/Experiments/IDs/05-WMC/MU/MU_SM01_results/MUsbj047.csv","study","1000","5","0","453855","454857"
"MU.osexp","C:\Users\Public\Experiments\IDs\05-WMC\MU","Tr9_study4.png","4","443293","C:/Users/Public/Experiments/IDs/05-WMC/MU/MU_SM01_results/MUsbj047.csv","study","1000","5","0","455183","456185"
"MU.osexp","C:\Users\Public\Experiments\IDs\05-WMC\MU","Tr9_study5.png","4","443293","C:/Users/Public/Experiments/IDs/05-WMC/MU/MU_SM01_results/MUsbj047.csv","study","1000","5","0","456552","457554"
"MU.osexp","C:\Users\Public\Experiments\IDs\05-WMC\MU","Tr9_update1.png","4","443293","C:/Users/Public/Experiments/IDs/05-WMC/MU/MU_SM01_results/MUsbj047.csv","update","1300","5","0","457907","459209"
"MU.osexp","C:\Users\Public\Experiments\IDs\05-WMC\MU","Tr9_update2.png","4","443293","C:/Users/Public/Experiments/IDs/05-WMC/MU/MU_SM01_results/MUsbj047.csv","update","1300","5","0","459560","460862"
"MU.osexp","C:\Users\Public\Experiments\IDs\05-WMC\MU","Tr9_test1.png","4","463413","C:/Users/Public/Experiments/IDs/05-WMC/MU/MU_SM01_results/MUsbj047.csv","test","0","5","0","461331","463414"
"MU.osexp","C:\Users\Public\Experiments\IDs\05-WMC\MU","Tr9_test2.png","7","468845","C:/Users/Public/Experiments/IDs/05-WMC/MU/MU_SM01_results/MUsbj047.csv","test","0","5","0","464538","468846"
"MU.osexp","C:\Users\Public\Experiments\IDs\05-WMC\MU","Tr9_test3.png","5","471629","C:/Users/Public/Experiments/IDs/05-WMC/MU/MU_SM01_results/MUsbj047.csv","test","0","5","0","469949","471630"
"MU.osexp","C:\Users\Public\Experiments\IDs\05-WMC\MU","Tr9_test4.png","1","478437","C:/Users/Public/Experiments/IDs/05-WMC/MU/MU_SM01_results/MUsbj047.csv","test","0","5","0","472748","478438"
"MU.osexp","C:\Users\Public\Experiments\IDs\05-WMC\MU","Tr9_test5.png","5","480773","C:/Users/Public/Experiments/IDs/05-WMC/MU/MU_SM01_results/MUsbj047.csv","test","0","5","0","479538","480774"
"MU.osexp","C:\Users\Public\Experiments\IDs\05-WMC\MU","wait.png","5","480773","C:/Users/Public/Experiments/IDs/05-WMC/MU/MU_SM01_results/MUsbj047.csv","wait","5000","3","0","481896","480774"
"MU.osexp","C:\Users\Public\Experiments\IDs\05-WMC\MU","fixation.png","5","480773","C:/Users/Public/Experiments/IDs/05-WMC/MU/MU_SM01_results/MUsbj047.csv","fix","1500","3","0","486998","480774"
"MU.osexp","C:\Users\Public\Experiments\IDs\05-WMC\MU","Tr10_study1.png","5","480773","C:/Users/Public/Experiments/IDs/05-WMC/MU/MU_SM01_results/MUsbj047.csv","study","1000","3","0","488617","489619"
"MU.osexp","C:\Users\Public\Experiments\IDs\05-WMC\MU","Tr10_study2.png","5","480773","C:/Users/Public/Experiments/IDs/05-WMC/MU/MU_SM01_results/MUsbj047.csv","study","1000","3","0","489988","490990"
"MU.osexp","C:\Users\Public\Experiments\IDs\05-WMC\MU","Tr10_study3.png","5","480773","C:/Users/Public/Experiments/IDs/05-WMC/MU/MU_SM01_results/MUsbj047.csv","study","1000","3","0","491323","492325"
"MU.osexp","C:\Users\Public\Experiments\IDs\05-WMC\MU","Tr10_update1.png","5","480773","C:/Users/Public/Experiments/IDs/05-WMC/MU/MU_SM01_results/MUsbj047.csv","update","1300","3","0","492709","494011"
"MU.osexp","C:\Users\Public\Experiments\IDs\05-WMC\MU","Tr10_update2.png","5","480773","C:/Users/Public/Experiments/IDs/05-WMC/MU/MU_SM01_results/MUsbj047.csv","update","1300","3","0","494370","495672"
"MU.osexp","C:\Users\Public\Experiments\IDs\05-WMC\MU","Tr10_test1.png","5","498077","C:/Users/Public/Experiments/IDs/05-WMC/MU/MU_SM01_results/MUsbj047.csv","test","0","3","0","496018","498078"
"MU.osexp","C:\Users\Public\Experiments\IDs\05-WMC\MU","Tr10_test2.png","7","500653","C:/Users/Public/Experiments/IDs/05-WMC/MU/MU_SM01_results/MUsbj047.csv","test","0","3","0","499198","500654"
"MU.osexp","C:\Users\Public\Experiments\IDs\05-WMC\MU","Tr10_test3.png","2","502157","C:/Users/Public/Experiments/IDs/05-WMC/MU/MU_SM01_results/MUsbj047.csv","test","0","3","0","501779","502158"
"MU.osexp","C:\Users\Public\Experiments\IDs\05-WMC\MU","wait.png","2","502157","C:/Users/Public/Experiments/IDs/05-WMC/MU/MU_SM01_results/MUsbj047.csv","wait","5000","5","0","503285","502158"
"MU.osexp","C:\Users\Public\Experiments\IDs\05-WMC\MU","fixation.png","2","502157","C:/Users/Public/Experiments/IDs/05-WMC/MU/MU_SM01_results/MUsbj047.csv","fix","1500","5","0","508414","502158"
"MU.osexp","C:\Users\Public\Experiments\IDs\05-WMC\MU","Tr11_study1.png","2","502157","C:/Users/Public/Experiments/IDs/05-WMC/MU/MU_SM01_results/MUsbj047.csv","study","1000","5","0","510037","511039"
"MU.osexp","C:\Users\Public\Experiments\IDs\05-WMC\MU","Tr11_study2.png","2","502157","C:/Users/Public/Experiments/IDs/05-WMC/MU/MU_SM01_results/MUsbj047.csv","study","1000","5","0","511372","512374"
"MU.osexp","C:\Users\Public\Experiments\IDs\05-WMC\MU","Tr11_study3.png","2","502157","C:/Users/Public/Experiments/IDs/05-WMC/MU/MU_SM01_results/MUsbj047.csv","study","1000","5","0","512735","513737"
"MU.osexp","C:\Users\Public\Experiments\IDs\05-WMC\MU","Tr11_study4.png","2","502157","C:/Users/Public/Experiments/IDs/05-WMC/MU/MU_SM01_results/MUsbj047.csv","study","1000","5","0","514115","515117"
"MU.osexp","C:\Users\Public\Experiments\IDs\05-WMC\MU","Tr11_study5.png","2","502157","C:/Users/Public/Experiments/IDs/05-WMC/MU/MU_SM01_results/MUsbj047.csv","study","1000","5","0","515495","516497"
"MU.osexp","C:\Users\Public\Experiments\IDs\05-WMC\MU","Tr11_update1.png","2","502157","C:/Users/Public/Experiments/IDs/05-WMC/MU/MU_SM01_results/MUsbj047.csv","update","1300","5","0","516847","518149"
"MU.osexp","C:\Users\Public\Experiments\IDs\05-WMC\MU","Tr11_update2.png","2","502157","C:/Users/Public/Experiments/IDs/05-WMC/MU/MU_SM01_results/MUsbj047.csv","update","1300","5","0","518514","519816"
"MU.osexp","C:\Users\Public\Experiments\IDs\05-WMC\MU","Tr11_update3.png","2","502157","C:/Users/Public/Experiments/IDs/05-WMC/MU/MU_SM01_results/MUsbj047.csv","update","1300","5","0","520192","521494"
"MU.osexp","C:\Users\Public\Experiments\IDs\05-WMC\MU","Tr11_test1.png","3","523485","C:/Users/Public/Experiments/IDs/05-WMC/MU/MU_SM01_results/MUsbj047.csv","test","0","5","0","521868","523486"
"MU.osexp","C:\Users\Public\Experiments\IDs\05-WMC\MU","Tr11_test2.png","5","535597","C:/Users/Public/Experiments/IDs/05-WMC/MU/MU_SM01_results/MUsbj047.csv","test","0","5","0","524591","535598"
"MU.osexp","C:\Users\Public\Experiments\IDs\05-WMC\MU","Tr11_test3.png","3","546222","C:/Users/Public/Experiments/IDs/05-WMC/MU/MU_SM01_results/MUsbj047.csv","test","0","5","0","536704","546223"
"MU.osexp","C:\Users\Public\Experiments\IDs\05-WMC\MU","Tr11_test4.png","6","548550","C:/Users/Public/Experiments/IDs/05-WMC/MU/MU_SM01_results/MUsbj047.csv","test","0","5","0","547311","548550"
"MU.osexp","C:\Users\Public\Experiments\IDs\05-WMC\MU","Tr11_test5.png","4","555453","C:/Users/Public/Experiments/IDs/05-WMC/MU/MU_SM01_results/MUsbj047.csv","test","0","5","0","549728","555454"
"MU.osexp","C:\Users\Public\Experiments\IDs\05-WMC\MU","wait.png","4","555453","C:/Users/Public/Experiments/IDs/05-WMC/MU/MU_SM01_results/MUsbj047.csv","wait","5000","3","0","556564","555454"
"MU.osexp","C:\Users\Public\Experiments\IDs\05-WMC\MU","fixation.png","4","555453","C:/Users/Public/Experiments/IDs/05-WMC/MU/MU_SM01_results/MUsbj047.csv","fix","1500","3","0","561681","555454"
"MU.osexp","C:\Users\Public\Experiments\IDs\05-WMC\MU","Tr12_study1.png","4","555453","C:/Users/Public/Experiments/IDs/05-WMC/MU/MU_SM01_results/MUsbj047.csv","study","1000","3","0","563293","564295"
"MU.osexp","C:\Users\Public\Experiments\IDs\05-WMC\MU","Tr12_study2.png","4","555453","C:/Users/Public/Experiments/IDs/05-WMC/MU/MU_SM01_results/MUsbj047.csv","study","1000","3","0","564681","565683"
"MU.osexp","C:\Users\Public\Experiments\IDs\05-WMC\MU","Tr12_study3.png","4","555453","C:/Users/Public/Experiments/IDs/05-WMC/MU/MU_SM01_results/MUsbj047.csv","study","1000","3","0","566033","567035"
"MU.osexp","C:\Users\Public\Experiments\IDs\05-WMC\MU","Tr12_update1.png","4","555453","C:/Users/Public/Experiments/IDs/05-WMC/MU/MU_SM01_results/MUsbj047.csv","update","1300","3","0","567398","568700"
"MU.osexp","C:\Users\Public\Experiments\IDs\05-WMC\MU","Tr12_update2.png","4","555453","C:/Users/Public/Experiments/IDs/05-WMC/MU/MU_SM01_results/MUsbj047.csv","update","1300","3","0","569171","570473"
"MU.osexp","C:\Users\Public\Experiments\IDs\05-WMC\MU","Tr12_update3.png","4","555453","C:/Users/Public/Experiments/IDs/05-WMC/MU/MU_SM01_results/MUsbj047.csv","update","1300","3","0","570846","572148"
"MU.osexp","C:\Users\Public\Experiments\IDs\05-WMC\MU","Tr12_update4.png","4","555453","C:/Users/Public/Experiments/IDs/05-WMC/MU/MU_SM01_results/MUsbj047.csv","update","1300","3","0","572537","573839"
"MU.osexp","C:\Users\Public\Experiments\IDs\05-WMC\MU","Tr12_update5.png","4","555453","C:/Users/Public/Experiments/IDs/05-WMC/MU/MU_SM01_results/MUsbj047.csv","update","1300","3","0","574170","575472"
"MU.osexp","C:\Users\Public\Experiments\IDs\05-WMC\MU","Tr12_test1.png","3","578542","C:/Users/Public/Experiments/IDs/05-WMC/MU/MU_SM01_results/MUsbj047.csv","test","0","3","0","575830","578543"
"MU.osexp","C:\Users\Public\Experiments\IDs\05-WMC\MU","Tr12_test2.png","1","580806","C:/Users/Public/Experiments/IDs/05-WMC/MU/MU_SM01_results/MUsbj047.csv","test","0","3","0","579653","580807"
"MU.osexp","C:\Users\Public\Experiments\IDs\05-WMC\MU","Tr12_test3.png","4","582222","C:/Users/Public/Experiments/IDs/05-WMC/MU/MU_SM01_results/MUsbj047.csv","test","0","3","0","581945","582223"
"MU.osexp","C:\Users\Public\Experiments\IDs\05-WMC\MU","wait.png","4","582222","C:/Users/Public/Experiments/IDs/05-WMC/MU/MU_SM01_results/MUsbj047.csv","wait","5000","3","0","583304","582223"
"MU.osexp","C:\Users\Public\Experiments\IDs\05-WMC\MU","fixation.png","4","582222","C:/Users/Public/Experiments/IDs/05-WMC/MU/MU_SM01_results/MUsbj047.csv","fix","1500","3","0","588389","582223"
"MU.osexp","C:\Users\Public\Experiments\IDs\05-WMC\MU","Tr13_study1.png","4","582222","C:/Users/Public/Experiments/IDs/05-WMC/MU/MU_SM01_results/MUsbj047.csv","study","1000","3","0","590005","591007"
"MU.osexp","C:\Users\Public\Experiments\IDs\05-WMC\MU","Tr13_study2.png","4","582222","C:/Users/Public/Experiments/IDs/05-WMC/MU/MU_SM01_results/MUsbj047.csv","study","1000","3","0","591368","592370"
"MU.osexp","C:\Users\Public\Experiments\IDs\05-WMC\MU","Tr13_study3.png","4","582222","C:/Users/Public/Experiments/IDs/05-WMC/MU/MU_SM01_results/MUsbj047.csv","study","1000","3","0","592718","593720"
"MU.osexp","C:\Users\Public\Experiments\IDs\05-WMC\MU","Tr13_update1.png","4","582222","C:/Users/Public/Experiments/IDs/05-WMC/MU/MU_SM01_results/MUsbj047.csv","update","1300","3","0","594060","595362"
"MU.osexp","C:\Users\Public\Experiments\IDs\05-WMC\MU","Tr13_update2.png","4","582222","C:/Users/Public/Experiments/IDs/05-WMC/MU/MU_SM01_results/MUsbj047.csv","update","1300","3","0","595718","597020"
"MU.osexp","C:\Users\Public\Experiments\IDs\05-WMC\MU","Tr13_update3.png","4","582222","C:/Users/Public/Experiments/IDs/05-WMC/MU/MU_SM01_results/MUsbj047.csv","update","1300","3","0","597374","598676"
"MU.osexp","C:\Users\Public\Experiments\IDs\05-WMC\MU","Tr13_update4.png","4","582222","C:/Users/Public/Experiments/IDs/05-WMC/MU/MU_SM01_results/MUsbj047.csv","update","1300","3","0","599053","600355"
"MU.osexp","C:\Users\Public\Experiments\IDs\05-WMC\MU","Tr13_test1.png","2","603221","C:/Users/Public/Experiments/IDs/05-WMC/MU/MU_SM01_results/MUsbj047.csv","test","0","3","0","600709","603222"
"MU.osexp","C:\Users\Public\Experiments\IDs\05-WMC\MU","Tr13_test2.png","1","604725","C:/Users/Public/Experiments/IDs/05-WMC/MU/MU_SM01_results/MUsbj047.csv","test","0","3","0","604335","604726"
"MU.osexp","C:\Users\Public\Experiments\IDs\05-WMC\MU","Tr13_test3.png","5","605885","C:/Users/Public/Experiments/IDs/05-WMC/MU/MU_SM01_results/MUsbj047.csv","test","0","3","0","605830","605886"
"MU.osexp","C:\Users\Public\Experiments\IDs\05-WMC\MU","wait.png","5","605885","C:/Users/Public/Experiments/IDs/05-WMC/MU/MU_SM01_results/MUsbj047.csv","wait","5000","5","0","606976","605886"
"MU.osexp","C:\Users\Public\Experiments\IDs\05-WMC\MU","fixation.png","5","605885","C:/Users/Public/Experiments/IDs/05-WMC/MU/MU_SM01_results/MUsbj047.csv","fix","1500","5","0","612077","605886"
"MU.osexp","C:\Users\Public\Experiments\IDs\05-WMC\MU","Tr14_study1.png","5","605885","C:/Users/Public/Experiments/IDs/05-WMC/MU/MU_SM01_results/MUsbj047.csv","study","1000","5","0","613760","614762"
"MU.osexp","C:\Users\Public\Experiments\IDs\05-WMC\MU","Tr14_study2.png","5","605885","C:/Users/Public/Experiments/IDs/05-WMC/MU/MU_SM01_results/MUsbj047.csv","study","1000","5","0","615111","616113"
"MU.osexp","C:\Users\Public\Experiments\IDs\05-WMC\MU","Tr14_study3.png","5","605885","C:/Users/Public/Experiments/IDs/05-WMC/MU/MU_SM01_results/MUsbj047.csv","study","1000","5","0","616477","617479"
"MU.osexp","C:\Users\Public\Experiments\IDs\05-WMC\MU","Tr14_study4.png","5","605885","C:/Users/Public/Experiments/IDs/05-WMC/MU/MU_SM01_results/MUsbj047.csv","study","1000","5","0","617851","618853"
"MU.osexp","C:\Users\Public\Experiments\IDs\05-WMC\MU","Tr14_study5.png","5","605885","C:/Users/Public/Experiments/IDs/05-WMC/MU/MU_SM01_results/MUsbj047.csv","study","1000","5","0","619206","620208"
"MU.osexp","C:\Users\Public\Experiments\IDs\05-WMC\MU","Tr14_update1.png","5","605885","C:/Users/Public/Experiments/IDs/05-WMC/MU/MU_SM01_results/MUsbj047.csv","update","1300","5","0","620568","621870"
"MU.osexp","C:\Users\Public\Experiments\IDs\05-WMC\MU","Tr14_update2.png","5","605885","C:/Users/Public/Experiments/IDs/05-WMC/MU/MU_SM01_results/MUsbj047.csv","update","1300","5","0","622229","623531"
"MU.osexp","C:\Users\Public\Experiments\IDs\05-WMC\MU","Tr14_update3.png","5","605885","C:/Users/Public/Experiments/IDs/05-WMC/MU/MU_SM01_results/MUsbj047.csv","update","1300","5","0","623886","625188"
"MU.osexp","C:\Users\Public\Experiments\IDs\05-WMC\MU","Tr14_update4.png","5","605885","C:/Users/Public/Experiments/IDs/05-WMC/MU/MU_SM01_results/MUsbj047.csv","update","1300","5","0","625516","626818"
"MU.osexp","C:\Users\Public\Experiments\IDs\05-WMC\MU","Tr14_test1.png","2","631374","C:/Users/Public/Experiments/IDs/05-WMC/MU/MU_SM01_results/MUsbj047.csv","test","0","5","0","627158","631375"
"MU.osexp","C:\Users\Public\Experiments\IDs\05-WMC\MU","Tr14_test2.png","5","634502","C:/Users/Public/Experiments/IDs/05-WMC/MU/MU_SM01_results/MUsbj047.csv","test","0","5","0","632497","634503"
"MU.osexp","C:\Users\Public\Experiments\IDs\05-WMC\MU","Tr14_test3.png","4","638477","C:/Users/Public/Experiments/IDs/05-WMC/MU/MU_SM01_results/MUsbj047.csv","test","0","5","0","635599","638478"
"MU.osexp","C:\Users\Public\Experiments\IDs\05-WMC\MU","Tr14_test4.png","3","639909","C:/Users/Public/Experiments/IDs/05-WMC/MU/MU_SM01_results/MUsbj047.csv","test","0","5","0","639566","639910"
"MU.osexp","C:\Users\Public\Experiments\IDs\05-WMC\MU","Tr14_test5.png","5","641357","C:/Users/Public/Experiments/IDs/05-WMC/MU/MU_SM01_results/MUsbj047.csv","test","0","5","0","641007","641358"
"MU.osexp","C:\Users\Public\Experiments\IDs\05-WMC\MU","wait.png","5","641357","C:/Users/Public/Experiments/IDs/05-WMC/MU/MU_SM01_results/MUsbj047.csv","wait","5000","4","0","642461","641358"
"MU.osexp","C:\Users\Public\Experiments\IDs\05-WMC\MU","fixation.png","5","641357","C:/Users/Public/Experiments/IDs/05-WMC/MU/MU_SM01_results/MUsbj047.csv","fix","1500","4","0","647566","641358"
"MU.osexp","C:\Users\Public\Experiments\IDs\05-WMC\MU","Tr15_study1.png","5","641357","C:/Users/Public/Experiments/IDs/05-WMC/MU/MU_SM01_results/MUsbj047.csv","study","1000","4","0","649340","650342"
"MU.osexp","C:\Users\Public\Experiments\IDs\05-WMC\MU","Tr15_study2.png","5","641357","C:/Users/Public/Experiments/IDs/05-WMC/MU/MU_SM01_results/MUsbj047.csv","study","1000","4","0","650735","651737"
"MU.osexp","C:\Users\Public\Experiments\IDs\05-WMC\MU","Tr15_study3.png","5","641357","C:/Users/Public/Experiments/IDs/05-WMC/MU/MU_SM01_results/MUsbj047.csv","study","1000","4","0","652073","653075"
"MU.osexp","C:\Users\Public\Experiments\IDs\05-WMC\MU","Tr15_study4.png","5","641357","C:/Users/Public/Experiments/IDs/05-WMC/MU/MU_SM01_results/MUsbj047.csv","study","1000","4","0","653438","654440"
"MU.osexp","C:\Users\Public\Experiments\IDs\05-WMC\MU","Tr15_update1.png","5","641357","C:/Users/Public/Experiments/IDs/05-WMC/MU/MU_SM01_results/MUsbj047.csv","update","1300","4","0","654788","656089"
"MU.osexp","C:\Users\Public\Experiments\IDs\05-WMC\MU","Tr15_update2.png","5","641357","C:/Users/Public/Experiments/IDs/05-WMC/MU/MU_SM01_results/MUsbj047.csv","update","1300","4","0","656416","657718"
"MU.osexp","C:\Users\Public\Experiments\IDs\05-WMC\MU","Tr15_update3.png","5","641357","C:/Users/Public/Experiments/IDs/05-WMC/MU/MU_SM01_results/MUsbj047.csv","update","1300","4","0","658069","659371"
"MU.osexp","C:\Users\Public\Experiments\IDs\05-WMC\MU","Tr15_update4.png","5","641357","C:/Users/Public/Experiments/IDs/05-WMC/MU/MU_SM01_results/MUsbj047.csv","update","1300","4","0","659737","661039"
"MU.osexp","C:\Users\Public\Experiments\IDs\05-WMC\MU","Tr15_update5.png","5","641357","C:/Users/Public/Experiments/IDs/05-WMC/MU/MU_SM01_results/MUsbj047.csv","update","1300","4","0","661364","662666"
"MU.osexp","C:\Users\Public\Experiments\IDs\05-WMC\MU","Tr15_update6.png","5","641357","C:/Users/Public/Experiments/IDs/05-WMC/MU/MU_SM01_results/MUsbj047.csv","update","1300","4","0","663041","664343"
"MU.osexp","C:\Users\Public\Experiments\IDs\05-WMC\MU","Tr15_test1.png","6","666366","C:/Users/Public/Experiments/IDs/05-WMC/MU/MU_SM01_results/MUsbj047.csv","test","0","4","0","664710","666367"
"MU.osexp","C:\Users\Public\Experiments\IDs\05-WMC\MU","Tr15_test2.png","4","669358","C:/Users/Public/Experiments/IDs/05-WMC/MU/MU_SM01_results/MUsbj047.csv","test","0","4","0","667460","669359"
"MU.osexp","C:\Users\Public\Experiments\IDs\05-WMC\MU","Tr15_test3.png","4","672862","C:/Users/Public/Experiments/IDs/05-WMC/MU/MU_SM01_results/MUsbj047.csv","test","0","4","0","670450","672862"
"MU.osexp","C:\Users\Public\Experiments\IDs\05-WMC\MU","Tr15_test4.png","9","674229","C:/Users/Public/Experiments/IDs/05-WMC/MU/MU_SM01_results/MUsbj047.csv","test","0","4","0","673964","674230"
"MU.osexp","C:\Users\Public\Experiments\IDs\05-WMC\MU","wait.png","9","674229","C:/Users/Public/Experiments/IDs/05-WMC/MU/MU_SM01_results/MUsbj047.csv","wait","5000","4","0","675336","674230"
"MU.osexp","C:\Users\Public\Experiments\IDs\05-WMC\MU","fixation.png","9","674229","C:/Users/Public/Experiments/IDs/05-WMC/MU/MU_SM01_results/MUsbj047.csv","fix","1500","4","0","680415","674230"
"MU.osexp","C:\Users\Public\Experiments\IDs\05-WMC\MU","Tr16_study1.png","9","674229","C:/Users/Public/Experiments/IDs/05-WMC/MU/MU_SM01_results/MUsbj047.csv","study","1000","4","0","682011","683013"
"MU.osexp","C:\Users\Public\Experiments\IDs\05-WMC\MU","Tr16_study2.png","9","674229","C:/Users/Public/Experiments/IDs/05-WMC/MU/MU_SM01_results/MUsbj047.csv","study","1000","4","0","683454","684456"
"MU.osexp","C:\Users\Public\Experiments\IDs\05-WMC\MU","Tr16_study3.png","9","674229","C:/Users/Public/Experiments/IDs/05-WMC/MU/MU_SM01_results/MUsbj047.csv","study","1000","4","0","684818","685820"
"MU.osexp","C:\Users\Public\Experiments\IDs\05-WMC\MU","Tr16_study4.png","9","674229","C:/Users/Public/Experiments/IDs/05-WMC/MU/MU_SM01_results/MUsbj047.csv","study","1000","4","0","686233","687235"
"MU.osexp","C:\Users\Public\Experiments\IDs\05-WMC\MU","Tr16_update1.png","9","674229","C:/Users/Public/Experiments/IDs/05-WMC/MU/MU_SM01_results/MUsbj047.csv","update","1300","4","0","687616","688918"
"MU.osexp","C:\Users\Public\Experiments\IDs\05-WMC\MU","Tr16_update2.png","9","674229","C:/Users/Public/Experiments/IDs/05-WMC/MU/MU_SM01_results/MUsbj047.csv","update","1300","4","0","689299","690601"
"MU.osexp","C:\Users\Public\Experiments\IDs\05-WMC\MU","Tr16_test1.png","9","694285","C:/Users/Public/Experiments/IDs/05-WMC/MU/MU_SM01_results/MUsbj047.csv","test","0","4","0","691004","694286"
"MU.osexp","C:\Users\Public\Experiments\IDs\05-WMC\MU","Tr16_test2.png","8","697821","C:/Users/Public/Experiments/IDs/05-WMC/MU/MU_SM01_results/MUsbj047.csv","test","0","4","0","695400","697822"
"MU.osexp","C:\Users\Public\Experiments\IDs\05-WMC\MU","Tr16_test3.png","5","714389","C:/Users/Public/Experiments/IDs/05-WMC/MU/MU_SM01_results/MUsbj047.csv","test","0","4","0","698933","714390"
"MU.osexp","C:\Users\Public\Experiments\IDs\05-WMC\MU","Tr16_test4.png","6","717638","C:/Users/Public/Experiments/IDs/05-WMC/MU/MU_SM01_results/MUsbj047.csv","test","0","4","0","715507","717639"
"MU.osexp","C:\Users\Public\Experiments\IDs\05-WMC\MU","wait.png","6","717638","C:/Users/Public/Experiments/IDs/05-WMC/MU/MU_SM01_results/MUsbj047.csv","wait","5000","5","0","718752","717639"
"MU.osexp","C:\Users\Public\Experiments\IDs\05-WMC\MU","fixation.png","6","717638","C:/Users/Public/Experiments/IDs/05-WMC/MU/MU_SM01_results/MUsbj047.csv","fix","1500","5","0","723874","717639"
"MU.osexp","C:\Users\Public\Experiments\IDs\05-WMC\MU","Tr17_study1.png","6","717638","C:/Users/Public/Experiments/IDs/05-WMC/MU/MU_SM01_results/MUsbj047.csv","study","1000","5","0","725496","726499"
"MU.osexp","C:\Users\Public\Experiments\IDs\05-WMC\MU","Tr17_study2.png","6","717638","C:/Users/Public/Experiments/IDs/05-WMC/MU/MU_SM01_results/MUsbj047.csv","study","1000","5","0","726877","727879"
"MU.osexp","C:\Users\Public\Experiments\IDs\05-WMC\MU","Tr17_study3.png","6","717638","C:/Users/Public/Experiments/IDs/05-WMC/MU/MU_SM01_results/MUsbj047.csv","study","1000","5","0","728230","729232"
"MU.osexp","C:\Users\Public\Experiments\IDs\05-WMC\MU","Tr17_study4.png","6","717638","C:/Users/Public/Experiments/IDs/05-WMC/MU/MU_SM01_results/MUsbj047.csv","study","1000","5","0","729603","730605"
"MU.osexp","C:\Users\Public\Experiments\IDs\05-WMC\MU","Tr17_study5.png","6","717638","C:/Users/Public/Experiments/IDs/05-WMC/MU/MU_SM01_results/MUsbj047.csv","study","1000","5","0","730968","731970"
"MU.osexp","C:\Users\Public\Experiments\IDs\05-WMC\MU","Tr17_update1.png","6","717638","C:/Users/Public/Experiments/IDs/05-WMC/MU/MU_SM01_results/MUsbj047.csv","update","1300","5","0","732320","733622"
"MU.osexp","C:\Users\Public\Experiments\IDs\05-WMC\MU","Tr17_update2.png","6","717638","C:/Users/Public/Experiments/IDs/05-WMC/MU/MU_SM01_results/MUsbj047.csv","update","1300","5","0","733985","735287"
"MU.osexp","C:\Users\Public\Experiments\IDs\05-WMC\MU","Tr17_update3.png","6","717638","C:/Users/Public/Experiments/IDs/05-WMC/MU/MU_SM01_results/MUsbj047.csv","update","1300","5","0","735615","736917"
"MU.osexp","C:\Users\Public\Experiments\IDs\05-WMC\MU","Tr17_update4.png","6","717638","C:/Users/Public/Experiments/IDs/05-WMC/MU/MU_SM01_results/MUsbj047.csv","update","1300","5","0","737258","738560"
"MU.osexp","C:\Users\Public\Experiments\IDs\05-WMC\MU","Tr17_update5.png","6","717638","C:/Users/Public/Experiments/IDs/05-WMC/MU/MU_SM01_results/MUsbj047.csv","update","1300","5","0","738890","740192"
"MU.osexp","C:\Users\Public\Experiments\IDs\05-WMC\MU","Tr17_update6.png","6","717638","C:/Users/Public/Experiments/IDs/05-WMC/MU/MU_SM01_results/MUsbj047.csv","update","1300","5","0","740550","741852"
"MU.osexp","C:\Users\Public\Experiments\IDs\05-WMC\MU","Tr17_test1.png","2","747229","C:/Users/Public/Experiments/IDs/05-WMC/MU/MU_SM01_results/MUsbj047.csv","test","0","5","0","742187","747230"
"MU.osexp","C:\Users\Public\Experiments\IDs\05-WMC\MU","Tr17_test2.png","1","753614","C:/Users/Public/Experiments/IDs/05-WMC/MU/MU_SM01_results/MUsbj047.csv","test","0","5","0","748317","753615"
"MU.osexp","C:\Users\Public\Experiments\IDs\05-WMC\MU","Tr17_test3.png","6","756598","C:/Users/Public/Experiments/IDs/05-WMC/MU/MU_SM01_results/MUsbj047.csv","test","0","5","0","754735","756599"
"MU.osexp","C:\Users\Public\Experiments\IDs\05-WMC\MU","Tr17_test4.png","5","759990","C:/Users/Public/Experiments/IDs/05-WMC/MU/MU_SM01_results/MUsbj047.csv","test","0","5","0","757689","759991"
"MU.osexp","C:\Users\Public\Experiments\IDs\05-WMC\MU","Tr17_test5.png","4","762213","C:/Users/Public/Experiments/IDs/05-WMC/MU/MU_SM01_results/MUsbj047.csv","test","0","5","0","761087","762214"
