"experiment_file","experiment_path","image","key","key_time","logfile","phase","playtime","setSize","subject_nr","timestamp","waittime"
"MU.osexp","C:\Users\Public\Experiments\IDs\05-WMC\MU","ready1.png","NA","NA","C:/Users/Public/Experiments/IDs/05-WMC/MU/MUsbj071.csv","pre","0","3","71","130961","NA"
"MU.osexp","C:\Users\Public\Experiments\IDs\05-WMC\MU","fixation.png","NA","NA","C:/Users/Public/Experiments/IDs/05-WMC/MU/MUsbj071.csv","fix","1500","3","71","132632","NA"
"MU.osexp","C:\Users\Public\Experiments\IDs\05-WMC\MU","Tr1_study1.png","NA","NA","C:/Users/Public/Experiments/IDs/05-WMC/MU/MUsbj071.csv","study","1000","3","71","134248","135250"
"MU.osexp","C:\Users\Public\Experiments\IDs\05-WMC\MU","Tr1_study2.png","NA","NA","C:/Users/Public/Experiments/IDs/05-WMC/MU/MUsbj071.csv","study","1000","3","71","135628","136629"
"MU.osexp","C:\Users\Public\Experiments\IDs\05-WMC\MU","Tr1_study3.png","NA","NA","C:/Users/Public/Experiments/IDs/05-WMC/MU/MUsbj071.csv","study","1000","3","71","137020","138022"
"MU.osexp","C:\Users\Public\Experiments\IDs\05-WMC\MU","Tr1_update1.png","NA","NA","C:/Users/Public/Experiments/IDs/05-WMC/MU/MUsbj071.csv","update","1300","3","71","138378","139680"
"MU.osexp","C:\Users\Public\Experiments\IDs\05-WMC\MU","Tr1_update2.png","NA","NA","C:/Users/Public/Experiments/IDs/05-WMC/MU/MUsbj071.csv","update","1300","3","71","140036","141338"
"MU.osexp","C:\Users\Public\Experiments\IDs\05-WMC\MU","Tr1_update3.png","NA","NA","C:/Users/Public/Experiments/IDs/05-WMC/MU/MUsbj071.csv","update","1300","3","71","141697","142999"
"MU.osexp","C:\Users\Public\Experiments\IDs\05-WMC\MU","Tr1_test1.png","2","156375","C:/Users/Public/Experiments/IDs/05-WMC/MU/MUsbj071.csv","test","0","3","71","143339","156376"
"MU.osexp","C:\Users\Public\Experiments\IDs\05-WMC\MU","Tr1_test2.png","2","159687","C:/Users/Public/Experiments/IDs/05-WMC/MU/MUsbj071.csv","test","0","3","71","157491","159688"
"MU.osexp","C:\Users\Public\Experiments\IDs\05-WMC\MU","Tr1_test3.png","2","161359","C:/Users/Public/Experiments/IDs/05-WMC/MU/MUsbj071.csv","test","0","3","71","160793","161360"
"MU.osexp","C:\Users\Public\Experiments\IDs\05-WMC\MU","wait.png","2","161359","C:/Users/Public/Experiments/IDs/05-WMC/MU/MUsbj071.csv","wait","5000","3","71","162597","161360"
"MU.osexp","C:\Users\Public\Experiments\IDs\05-WMC\MU","fixation.png","2","161359","C:/Users/Public/Experiments/IDs/05-WMC/MU/MUsbj071.csv","fix","1500","3","71","167690","161360"
"MU.osexp","C:\Users\Public\Experiments\IDs\05-WMC\MU","Tr2_study1.png","2","161359","C:/Users/Public/Experiments/IDs/05-WMC/MU/MUsbj071.csv","study","1000","3","71","169311","170313"
"MU.osexp","C:\Users\Public\Experiments\IDs\05-WMC\MU","Tr2_study2.png","2","161359","C:/Users/Public/Experiments/IDs/05-WMC/MU/MUsbj071.csv","study","1000","3","71","170683","171685"
"MU.osexp","C:\Users\Public\Experiments\IDs\05-WMC\MU","Tr2_study3.png","2","161359","C:/Users/Public/Experiments/IDs/05-WMC/MU/MUsbj071.csv","study","1000","3","71","172052","173054"
"MU.osexp","C:\Users\Public\Experiments\IDs\05-WMC\MU","Tr2_update1.png","2","161359","C:/Users/Public/Experiments/IDs/05-WMC/MU/MUsbj071.csv","update","1300","3","71","173405","174707"
"MU.osexp","C:\Users\Public\Experiments\IDs\05-WMC\MU","Tr2_update2.png","2","161359","C:/Users/Public/Experiments/IDs/05-WMC/MU/MUsbj071.csv","update","1300","3","71","175066","176368"
"MU.osexp","C:\Users\Public\Experiments\IDs\05-WMC\MU","Tr2_update3.png","2","161359","C:/Users/Public/Experiments/IDs/05-WMC/MU/MUsbj071.csv","update","1300","3","71","176748","178048"
"MU.osexp","C:\Users\Public\Experiments\IDs\05-WMC\MU","Tr2_test1.png","3","187158","C:/Users/Public/Experiments/IDs/05-WMC/MU/MUsbj071.csv","test","0","3","71","178386","187159"
"MU.osexp","C:\Users\Public\Experiments\IDs\05-WMC\MU","Tr2_test2.png","0","189583","C:/Users/Public/Experiments/IDs/05-WMC/MU/MUsbj071.csv","test","0","3","71","188268","189584"
"MU.osexp","C:\Users\Public\Experiments\IDs\05-WMC\MU","Tr2_test3.png","5","192471","C:/Users/Public/Experiments/IDs/05-WMC/MU/MUsbj071.csv","test","0","3","71","190705","192472"
"MU.osexp","C:\Users\Public\Experiments\IDs\05-WMC\MU","ready2.png","5","192471","C:/Users/Public/Experiments/IDs/05-WMC/MU/MUsbj071.csv","pre","0","3","71","213723","192472"
"MU.osexp","C:\Users\Public\Experiments\IDs\05-WMC\MU","fixation.png","5","192471","C:/Users/Public/Experiments/IDs/05-WMC/MU/MUsbj071.csv","fix","1500","3","71","216265","192472"
"MU.osexp","C:\Users\Public\Experiments\IDs\05-WMC\MU","Tr3_study1.png","5","192471","C:/Users/Public/Experiments/IDs/05-WMC/MU/MUsbj071.csv","study","1000","3","71","217888","218890"
"MU.osexp","C:\Users\Public\Experiments\IDs\05-WMC\MU","Tr3_study2.png","5","192471","C:/Users/Public/Experiments/IDs/05-WMC/MU/MUsbj071.csv","study","1000","3","71","219259","220261"
"MU.osexp","C:\Users\Public\Experiments\IDs\05-WMC\MU","Tr3_study3.png","5","192471","C:/Users/Public/Experiments/IDs/05-WMC/MU/MUsbj071.csv","study","1000","3","71","220611","221611"
"MU.osexp","C:\Users\Public\Experiments\IDs\05-WMC\MU","Tr3_update1.png","5","192471","C:/Users/Public/Experiments/IDs/05-WMC/MU/MUsbj071.csv","update","1300","3","71","221973","223275"
"MU.osexp","C:\Users\Public\Experiments\IDs\05-WMC\MU","Tr3_update2.png","5","192471","C:/Users/Public/Experiments/IDs/05-WMC/MU/MUsbj071.csv","update","1300","3","71","223724","225026"
"MU.osexp","C:\Users\Public\Experiments\IDs\05-WMC\MU","Tr3_update3.png","5","192471","C:/Users/Public/Experiments/IDs/05-WMC/MU/MUsbj071.csv","update","1300","3","71","225378","226680"
"MU.osexp","C:\Users\Public\Experiments\IDs\05-WMC\MU","Tr3_test1.png","3","238007","C:/Users/Public/Experiments/IDs/05-WMC/MU/MUsbj071.csv","test","0","3","71","227029","238007"
"MU.osexp","C:\Users\Public\Experiments\IDs\05-WMC\MU","Tr3_test2.png","7","254887","C:/Users/Public/Experiments/IDs/05-WMC/MU/MUsbj071.csv","test","0","3","71","239136","254888"
"MU.osexp","C:\Users\Public\Experiments\IDs\05-WMC\MU","Tr3_test3.png","1","259031","C:/Users/Public/Experiments/IDs/05-WMC/MU/MUsbj071.csv","test","0","3","71","256010","259032"
"MU.osexp","C:\Users\Public\Experiments\IDs\05-WMC\MU","wait.png","1","259031","C:/Users/Public/Experiments/IDs/05-WMC/MU/MUsbj071.csv","wait","5000","4","71","260246","259032"
"MU.osexp","C:\Users\Public\Experiments\IDs\05-WMC\MU","fixation.png","1","259031","C:/Users/Public/Experiments/IDs/05-WMC/MU/MUsbj071.csv","fix","1500","4","71","265374","259032"
"MU.osexp","C:\Users\Public\Experiments\IDs\05-WMC\MU","Tr4_study1.png","1","259031","C:/Users/Public/Experiments/IDs/05-WMC/MU/MUsbj071.csv","study","1000","4","71","266995","267996"
"MU.osexp","C:\Users\Public\Experiments\IDs\05-WMC\MU","Tr4_study2.png","1","259031","C:/Users/Public/Experiments/IDs/05-WMC/MU/MUsbj071.csv","study","1000","4","71","268352","269354"
"MU.osexp","C:\Users\Public\Experiments\IDs\05-WMC\MU","Tr4_study3.png","1","259031","C:/Users/Public/Experiments/IDs/05-WMC/MU/MUsbj071.csv","study","1000","4","71","269711","270712"
"MU.osexp","C:\Users\Public\Experiments\IDs\05-WMC\MU","Tr4_study4.png","1","259031","C:/Users/Public/Experiments/IDs/05-WMC/MU/MUsbj071.csv","study","1000","4","71","271107","272109"
"MU.osexp","C:\Users\Public\Experiments\IDs\05-WMC\MU","Tr4_update1.png","1","259031","C:/Users/Public/Experiments/IDs/05-WMC/MU/MUsbj071.csv","update","1300","4","71","272495","273797"
"MU.osexp","C:\Users\Public\Experiments\IDs\05-WMC\MU","Tr4_update2.png","1","259031","C:/Users/Public/Experiments/IDs/05-WMC/MU/MUsbj071.csv","update","1300","4","71","274181","275483"
"MU.osexp","C:\Users\Public\Experiments\IDs\05-WMC\MU","Tr4_update3.png","1","259031","C:/Users/Public/Experiments/IDs/05-WMC/MU/MUsbj071.csv","update","1300","4","71","275852","277154"
"MU.osexp","C:\Users\Public\Experiments\IDs\05-WMC\MU","Tr4_update4.png","1","259031","C:/Users/Public/Experiments/IDs/05-WMC/MU/MUsbj071.csv","update","1300","4","71","277528","278830"
"MU.osexp","C:\Users\Public\Experiments\IDs\05-WMC\MU","Tr4_test1.png","1","283031","C:/Users/Public/Experiments/IDs/05-WMC/MU/MUsbj071.csv","test","0","4","71","279206","283032"
"MU.osexp","C:\Users\Public\Experiments\IDs\05-WMC\MU","Tr4_test2.png","6","290895","C:/Users/Public/Experiments/IDs/05-WMC/MU/MUsbj071.csv","test","0","4","71","284140","290895"
"MU.osexp","C:\Users\Public\Experiments\IDs\05-WMC\MU","Tr4_test3.png","7","297135","C:/Users/Public/Experiments/IDs/05-WMC/MU/MUsbj071.csv","test","0","4","71","291995","297136"
"MU.osexp","C:\Users\Public\Experiments\IDs\05-WMC\MU","Tr4_test4.png","9","301263","C:/Users/Public/Experiments/IDs/05-WMC/MU/MUsbj071.csv","test","0","4","71","298256","301264"
"MU.osexp","C:\Users\Public\Experiments\IDs\05-WMC\MU","wait.png","9","301263","C:/Users/Public/Experiments/IDs/05-WMC/MU/MUsbj071.csv","wait","5000","3","71","302370","301264"
"MU.osexp","C:\Users\Public\Experiments\IDs\05-WMC\MU","fixation.png","9","301263","C:/Users/Public/Experiments/IDs/05-WMC/MU/MUsbj071.csv","fix","1500","3","71","307557","301264"
"MU.osexp","C:\Users\Public\Experiments\IDs\05-WMC\MU","Tr5_study1.png","9","301263","C:/Users/Public/Experiments/IDs/05-WMC/MU/MUsbj071.csv","study","1000","3","71","309188","310190"
"MU.osexp","C:\Users\Public\Experiments\IDs\05-WMC\MU","Tr5_study2.png","9","301263","C:/Users/Public/Experiments/IDs/05-WMC/MU/MUsbj071.csv","study","1000","3","71","310565","311567"
"MU.osexp","C:\Users\Public\Experiments\IDs\05-WMC\MU","Tr5_study3.png","9","301263","C:/Users/Public/Experiments/IDs/05-WMC/MU/MUsbj071.csv","study","1000","3","71","311935","312936"
"MU.osexp","C:\Users\Public\Experiments\IDs\05-WMC\MU","Tr5_update1.png","9","301263","C:/Users/Public/Experiments/IDs/05-WMC/MU/MUsbj071.csv","update","1300","3","71","313299","314601"
"MU.osexp","C:\Users\Public\Experiments\IDs\05-WMC\MU","Tr5_update2.png","9","301263","C:/Users/Public/Experiments/IDs/05-WMC/MU/MUsbj071.csv","update","1300","3","71","314944","316246"
"MU.osexp","C:\Users\Public\Experiments\IDs\05-WMC\MU","Tr5_update3.png","9","301263","C:/Users/Public/Experiments/IDs/05-WMC/MU/MUsbj071.csv","update","1300","3","71","316618","317920"
"MU.osexp","C:\Users\Public\Experiments\IDs\05-WMC\MU","Tr5_update4.png","9","301263","C:/Users/Public/Experiments/IDs/05-WMC/MU/MUsbj071.csv","update","1300","3","71","318296","319597"
"MU.osexp","C:\Users\Public\Experiments\IDs\05-WMC\MU","Tr5_update5.png","9","301263","C:/Users/Public/Experiments/IDs/05-WMC/MU/MUsbj071.csv","update","1300","3","71","319969","321271"
"MU.osexp","C:\Users\Public\Experiments\IDs\05-WMC\MU","Tr5_update6.png","9","301263","C:/Users/Public/Experiments/IDs/05-WMC/MU/MUsbj071.csv","update","1300","3","71","321641","322943"
"MU.osexp","C:\Users\Public\Experiments\IDs\05-WMC\MU","Tr5_test1.png","1","326807","C:/Users/Public/Experiments/IDs/05-WMC/MU/MUsbj071.csv","test","0","3","71","323337","326807"
"MU.osexp","C:\Users\Public\Experiments\IDs\05-WMC\MU","Tr5_test2.png","1","328342","C:/Users/Public/Experiments/IDs/05-WMC/MU/MUsbj071.csv","test","0","3","71","327921","328343"
"MU.osexp","C:\Users\Public\Experiments\IDs\05-WMC\MU","Tr5_test3.png","1","330951","C:/Users/Public/Experiments/IDs/05-WMC/MU/MUsbj071.csv","test","0","3","71","329476","330952"
"MU.osexp","C:\Users\Public\Experiments\IDs\05-WMC\MU","wait.png","1","330951","C:/Users/Public/Experiments/IDs/05-WMC/MU/MUsbj071.csv","wait","5000","4","71","332069","330952"
"MU.osexp","C:\Users\Public\Experiments\IDs\05-WMC\MU","fixation.png","1","330951","C:/Users/Public/Experiments/IDs/05-WMC/MU/MUsbj071.csv","fix","1500","4","71","337194","330952"
"MU.osexp","C:\Users\Public\Experiments\IDs\05-WMC\MU","Tr6_study1.png","1","330951","C:/Users/Public/Experiments/IDs/05-WMC/MU/MUsbj071.csv","study","1000","4","71","338812","339813"
"MU.osexp","C:\Users\Public\Experiments\IDs\05-WMC\MU","Tr6_study2.png","1","330951","C:/Users/Public/Experiments/IDs/05-WMC/MU/MUsbj071.csv","study","1000","4","71","340186","341188"
"MU.osexp","C:\Users\Public\Experiments\IDs\05-WMC\MU","Tr6_study3.png","1","330951","C:/Users/Public/Experiments/IDs/05-WMC/MU/MUsbj071.csv","study","1000","4","71","341562","342564"
"MU.osexp","C:\Users\Public\Experiments\IDs\05-WMC\MU","Tr6_study4.png","1","330951","C:/Users/Public/Experiments/IDs/05-WMC/MU/MUsbj071.csv","study","1000","4","71","342931","343933"
"MU.osexp","C:\Users\Public\Experiments\IDs\05-WMC\MU","Tr6_update1.png","1","330951","C:/Users/Public/Experiments/IDs/05-WMC/MU/MUsbj071.csv","update","1300","4","71","344284","345586"
"MU.osexp","C:\Users\Public\Experiments\IDs\05-WMC\MU","Tr6_update2.png","1","330951","C:/Users/Public/Experiments/IDs/05-WMC/MU/MUsbj071.csv","update","1300","4","71","345957","347259"
"MU.osexp","C:\Users\Public\Experiments\IDs\05-WMC\MU","Tr6_update3.png","1","330951","C:/Users/Public/Experiments/IDs/05-WMC/MU/MUsbj071.csv","update","1300","4","71","347630","348932"
"MU.osexp","C:\Users\Public\Experiments\IDs\05-WMC\MU","Tr6_update4.png","1","330951","C:/Users/Public/Experiments/IDs/05-WMC/MU/MUsbj071.csv","update","1300","4","71","349317","350618"
"MU.osexp","C:\Users\Public\Experiments\IDs\05-WMC\MU","Tr6_update5.png","1","330951","C:/Users/Public/Experiments/IDs/05-WMC/MU/MUsbj071.csv","update","1300","4","71","350989","352291"
"MU.osexp","C:\Users\Public\Experiments\IDs\05-WMC\MU","Tr6_test1.png","3","356895","C:/Users/Public/Experiments/IDs/05-WMC/MU/MUsbj071.csv","test","0","4","71","352663","356896"
"MU.osexp","C:\Users\Public\Experiments\IDs\05-WMC\MU","Tr6_test2.png","5","360039","C:/Users/Public/Experiments/IDs/05-WMC/MU/MUsbj071.csv","test","0","4","71","358006","360040"
"MU.osexp","C:\Users\Public\Experiments\IDs\05-WMC\MU","Tr6_test3.png","3","365087","C:/Users/Public/Experiments/IDs/05-WMC/MU/MUsbj071.csv","test","0","4","71","361127","365088"
"MU.osexp","C:\Users\Public\Experiments\IDs\05-WMC\MU","Tr6_test4.png","6","367759","C:/Users/Public/Experiments/IDs/05-WMC/MU/MUsbj071.csv","test","0","4","71","366201","367760"
"MU.osexp","C:\Users\Public\Experiments\IDs\05-WMC\MU","wait.png","6","367759","C:/Users/Public/Experiments/IDs/05-WMC/MU/MUsbj071.csv","wait","5000","5","71","368867","367760"
"MU.osexp","C:\Users\Public\Experiments\IDs\05-WMC\MU","fixation.png","6","367759","C:/Users/Public/Experiments/IDs/05-WMC/MU/MUsbj071.csv","fix","1500","5","71","373978","367760"
"MU.osexp","C:\Users\Public\Experiments\IDs\05-WMC\MU","Tr7_study1.png","6","367759","C:/Users/Public/Experiments/IDs/05-WMC/MU/MUsbj071.csv","study","1000","5","71","375604","376606"
"MU.osexp","C:\Users\Public\Experiments\IDs\05-WMC\MU","Tr7_study2.png","6","367759","C:/Users/Public/Experiments/IDs/05-WMC/MU/MUsbj071.csv","study","1000","5","71","376967","377969"
"MU.osexp","C:\Users\Public\Experiments\IDs\05-WMC\MU","Tr7_study3.png","6","367759","C:/Users/Public/Experiments/IDs/05-WMC/MU/MUsbj071.csv","study","1000","5","71","378346","379348"
"MU.osexp","C:\Users\Public\Experiments\IDs\05-WMC\MU","Tr7_study4.png","6","367759","C:/Users/Public/Experiments/IDs/05-WMC/MU/MUsbj071.csv","study","1000","5","71","379713","380715"
"MU.osexp","C:\Users\Public\Experiments\IDs\05-WMC\MU","Tr7_study5.png","6","367759","C:/Users/Public/Experiments/IDs/05-WMC/MU/MUsbj071.csv","study","1000","5","71","381087","382089"
"MU.osexp","C:\Users\Public\Experiments\IDs\05-WMC\MU","Tr7_update1.png","6","367759","C:/Users/Public/Experiments/IDs/05-WMC/MU/MUsbj071.csv","update","1300","5","71","382476","383779"
"MU.osexp","C:\Users\Public\Experiments\IDs\05-WMC\MU","Tr7_update2.png","6","367759","C:/Users/Public/Experiments/IDs/05-WMC/MU/MUsbj071.csv","update","1300","5","71","384162","385464"
"MU.osexp","C:\Users\Public\Experiments\IDs\05-WMC\MU","Tr7_update3.png","6","367759","C:/Users/Public/Experiments/IDs/05-WMC/MU/MUsbj071.csv","update","1300","5","71","385821","387123"
"MU.osexp","C:\Users\Public\Experiments\IDs\05-WMC\MU","Tr7_update4.png","6","367759","C:/Users/Public/Experiments/IDs/05-WMC/MU/MUsbj071.csv","update","1300","5","71","387498","388800"
"MU.osexp","C:\Users\Public\Experiments\IDs\05-WMC\MU","Tr7_update5.png","6","367759","C:/Users/Public/Experiments/IDs/05-WMC/MU/MUsbj071.csv","update","1300","5","71","389166","390468"
"MU.osexp","C:\Users\Public\Experiments\IDs\05-WMC\MU","Tr7_test1.png","8","394311","C:/Users/Public/Experiments/IDs/05-WMC/MU/MUsbj071.csv","test","0","5","71","390845","394312"
"MU.osexp","C:\Users\Public\Experiments\IDs\05-WMC\MU","Tr7_test2.png","6","396079","C:/Users/Public/Experiments/IDs/05-WMC/MU/MUsbj071.csv","test","0","5","71","395446","396079"
"MU.osexp","C:\Users\Public\Experiments\IDs\05-WMC\MU","Tr7_test3.png","1","398350","C:/Users/Public/Experiments/IDs/05-WMC/MU/MUsbj071.csv","test","0","5","71","397236","398351"
"MU.osexp","C:\Users\Public\Experiments\IDs\05-WMC\MU","Tr7_test4.png","5","401999","C:/Users/Public/Experiments/IDs/05-WMC/MU/MUsbj071.csv","test","0","5","71","399453","402000"
"MU.osexp","C:\Users\Public\Experiments\IDs\05-WMC\MU","Tr7_test5.png","1","403871","C:/Users/Public/Experiments/IDs/05-WMC/MU/MUsbj071.csv","test","0","5","71","403096","403872"
"MU.osexp","C:\Users\Public\Experiments\IDs\05-WMC\MU","wait.png","1","403871","C:/Users/Public/Experiments/IDs/05-WMC/MU/MUsbj071.csv","wait","5000","4","71","404960","403872"
"MU.osexp","C:\Users\Public\Experiments\IDs\05-WMC\MU","fixation.png","1","403871","C:/Users/Public/Experiments/IDs/05-WMC/MU/MUsbj071.csv","fix","1500","4","71","410070","403872"
"MU.osexp","C:\Users\Public\Experiments\IDs\05-WMC\MU","Tr8_study1.png","1","403871","C:/Users/Public/Experiments/IDs/05-WMC/MU/MUsbj071.csv","study","1000","4","71","411687","412689"
"MU.osexp","C:\Users\Public\Experiments\IDs\05-WMC\MU","Tr8_study2.png","1","403871","C:/Users/Public/Experiments/IDs/05-WMC/MU/MUsbj071.csv","study","1000","4","71","413060","414062"
"MU.osexp","C:\Users\Public\Experiments\IDs\05-WMC\MU","Tr8_study3.png","1","403871","C:/Users/Public/Experiments/IDs/05-WMC/MU/MUsbj071.csv","study","1000","4","71","414420","415420"
"MU.osexp","C:\Users\Public\Experiments\IDs\05-WMC\MU","Tr8_study4.png","1","403871","C:/Users/Public/Experiments/IDs/05-WMC/MU/MUsbj071.csv","study","1000","4","71","415732","416734"
"MU.osexp","C:\Users\Public\Experiments\IDs\05-WMC\MU","Tr8_update1.png","1","403871","C:/Users/Public/Experiments/IDs/05-WMC/MU/MUsbj071.csv","update","1300","4","71","417124","418426"
"MU.osexp","C:\Users\Public\Experiments\IDs\05-WMC\MU","Tr8_update2.png","1","403871","C:/Users/Public/Experiments/IDs/05-WMC/MU/MUsbj071.csv","update","1300","4","71","418786","420088"
"MU.osexp","C:\Users\Public\Experiments\IDs\05-WMC\MU","Tr8_update3.png","1","403871","C:/Users/Public/Experiments/IDs/05-WMC/MU/MUsbj071.csv","update","1300","4","71","420446","421747"
"MU.osexp","C:\Users\Public\Experiments\IDs\05-WMC\MU","Tr8_test1.png","5","432599","C:/Users/Public/Experiments/IDs/05-WMC/MU/MUsbj071.csv","test","0","4","71","422106","432599"
"MU.osexp","C:\Users\Public\Experiments\IDs\05-WMC\MU","Tr8_test2.png","4","437111","C:/Users/Public/Experiments/IDs/05-WMC/MU/MUsbj071.csv","test","0","4","71","433723","437112"
"MU.osexp","C:\Users\Public\Experiments\IDs\05-WMC\MU","Tr8_test3.png","9","440255","C:/Users/Public/Experiments/IDs/05-WMC/MU/MUsbj071.csv","test","0","4","71","438221","440256"
"MU.osexp","C:\Users\Public\Experiments\IDs\05-WMC\MU","Tr8_test4.png","2","441783","C:/Users/Public/Experiments/IDs/05-WMC/MU/MUsbj071.csv","test","0","4","71","441385","441784"
"MU.osexp","C:\Users\Public\Experiments\IDs\05-WMC\MU","wait.png","2","441783","C:/Users/Public/Experiments/IDs/05-WMC/MU/MUsbj071.csv","wait","5000","5","71","442914","441784"
"MU.osexp","C:\Users\Public\Experiments\IDs\05-WMC\MU","fixation.png","2","441783","C:/Users/Public/Experiments/IDs/05-WMC/MU/MUsbj071.csv","fix","1500","5","71","448015","441784"
"MU.osexp","C:\Users\Public\Experiments\IDs\05-WMC\MU","Tr9_study1.png","2","441783","C:/Users/Public/Experiments/IDs/05-WMC/MU/MUsbj071.csv","study","1000","5","71","449631","450632"
"MU.osexp","C:\Users\Public\Experiments\IDs\05-WMC\MU","Tr9_study2.png","2","441783","C:/Users/Public/Experiments/IDs/05-WMC/MU/MUsbj071.csv","study","1000","5","71","450987","451989"
"MU.osexp","C:\Users\Public\Experiments\IDs\05-WMC\MU","Tr9_study3.png","2","441783","C:/Users/Public/Experiments/IDs/05-WMC/MU/MUsbj071.csv","study","1000","5","71","452358","453360"
"MU.osexp","C:\Users\Public\Experiments\IDs\05-WMC\MU","Tr9_study4.png","2","441783","C:/Users/Public/Experiments/IDs/05-WMC/MU/MUsbj071.csv","study","1000","5","71","453709","454711"
"MU.osexp","C:\Users\Public\Experiments\IDs\05-WMC\MU","Tr9_study5.png","2","441783","C:/Users/Public/Experiments/IDs/05-WMC/MU/MUsbj071.csv","study","1000","5","71","455092","456093"
"MU.osexp","C:\Users\Public\Experiments\IDs\05-WMC\MU","Tr9_update1.png","2","441783","C:/Users/Public/Experiments/IDs/05-WMC/MU/MUsbj071.csv","update","1300","5","71","456426","457728"
"MU.osexp","C:\Users\Public\Experiments\IDs\05-WMC\MU","Tr9_update2.png","2","441783","C:/Users/Public/Experiments/IDs/05-WMC/MU/MUsbj071.csv","update","1300","5","71","458098","459400"
"MU.osexp","C:\Users\Public\Experiments\IDs\05-WMC\MU","Tr9_test1.png","4","462543","C:/Users/Public/Experiments/IDs/05-WMC/MU/MUsbj071.csv","test","0","5","71","459803","462544"
"MU.osexp","C:\Users\Public\Experiments\IDs\05-WMC\MU","Tr9_test2.png","7","465623","C:/Users/Public/Experiments/IDs/05-WMC/MU/MUsbj071.csv","test","0","5","71","463671","465623"
"MU.osexp","C:\Users\Public\Experiments\IDs\05-WMC\MU","Tr9_test3.png","2","470447","C:/Users/Public/Experiments/IDs/05-WMC/MU/MUsbj071.csv","test","0","5","71","466869","470448"
"MU.osexp","C:\Users\Public\Experiments\IDs\05-WMC\MU","Tr9_test4.png","9","473279","C:/Users/Public/Experiments/IDs/05-WMC/MU/MUsbj071.csv","test","0","5","71","471544","473280"
"MU.osexp","C:\Users\Public\Experiments\IDs\05-WMC\MU","Tr9_test5.png","3","481415","C:/Users/Public/Experiments/IDs/05-WMC/MU/MUsbj071.csv","test","0","5","71","474398","481416"
"MU.osexp","C:\Users\Public\Experiments\IDs\05-WMC\MU","wait.png","3","481415","C:/Users/Public/Experiments/IDs/05-WMC/MU/MUsbj071.csv","wait","5000","3","71","482526","481416"
"MU.osexp","C:\Users\Public\Experiments\IDs\05-WMC\MU","fixation.png","3","481415","C:/Users/Public/Experiments/IDs/05-WMC/MU/MUsbj071.csv","fix","1500","3","71","487646","481416"
"MU.osexp","C:\Users\Public\Experiments\IDs\05-WMC\MU","Tr10_study1.png","3","481415","C:/Users/Public/Experiments/IDs/05-WMC/MU/MUsbj071.csv","study","1000","3","71","489280","490281"
"MU.osexp","C:\Users\Public\Experiments\IDs\05-WMC\MU","Tr10_study2.png","3","481415","C:/Users/Public/Experiments/IDs/05-WMC/MU/MUsbj071.csv","study","1000","3","71","490663","491665"
"MU.osexp","C:\Users\Public\Experiments\IDs\05-WMC\MU","Tr10_study3.png","3","481415","C:/Users/Public/Experiments/IDs/05-WMC/MU/MUsbj071.csv","study","1000","3","71","492019","493020"
"MU.osexp","C:\Users\Public\Experiments\IDs\05-WMC\MU","Tr10_update1.png","3","481415","C:/Users/Public/Experiments/IDs/05-WMC/MU/MUsbj071.csv","update","1300","3","71","493377","494679"
"MU.osexp","C:\Users\Public\Experiments\IDs\05-WMC\MU","Tr10_update2.png","3","481415","C:/Users/Public/Experiments/IDs/05-WMC/MU/MUsbj071.csv","update","1300","3","71","495072","496374"
"MU.osexp","C:\Users\Public\Experiments\IDs\05-WMC\MU","Tr10_test1.png","5","500559","C:/Users/Public/Experiments/IDs/05-WMC/MU/MUsbj071.csv","test","0","3","71","496734","500560"
"MU.osexp","C:\Users\Public\Experiments\IDs\05-WMC\MU","Tr10_test2.png","2","504863","C:/Users/Public/Experiments/IDs/05-WMC/MU/MUsbj071.csv","test","0","3","71","501663","504864"
"MU.osexp","C:\Users\Public\Experiments\IDs\05-WMC\MU","Tr10_test3.png","8","514023","C:/Users/Public/Experiments/IDs/05-WMC/MU/MUsbj071.csv","test","0","3","71","505990","514024"
"MU.osexp","C:\Users\Public\Experiments\IDs\05-WMC\MU","wait.png","8","514023","C:/Users/Public/Experiments/IDs/05-WMC/MU/MUsbj071.csv","wait","5000","5","71","515138","514024"
"MU.osexp","C:\Users\Public\Experiments\IDs\05-WMC\MU","fixation.png","8","514023","C:/Users/Public/Experiments/IDs/05-WMC/MU/MUsbj071.csv","fix","1500","5","71","520233","514024"
"MU.osexp","C:\Users\Public\Experiments\IDs\05-WMC\MU","Tr11_study1.png","8","514023","C:/Users/Public/Experiments/IDs/05-WMC/MU/MUsbj071.csv","study","1000","5","71","521849","522851"
"MU.osexp","C:\Users\Public\Experiments\IDs\05-WMC\MU","Tr11_study2.png","8","514023","C:/Users/Public/Experiments/IDs/05-WMC/MU/MUsbj071.csv","study","1000","5","71","523206","524208"
"MU.osexp","C:\Users\Public\Experiments\IDs\05-WMC\MU","Tr11_study3.png","8","514023","C:/Users/Public/Experiments/IDs/05-WMC/MU/MUsbj071.csv","study","1000","5","71","524600","525601"
"MU.osexp","C:\Users\Public\Experiments\IDs\05-WMC\MU","Tr11_study4.png","8","514023","C:/Users/Public/Experiments/IDs/05-WMC/MU/MUsbj071.csv","study","1000","5","71","525929","526932"
"MU.osexp","C:\Users\Public\Experiments\IDs\05-WMC\MU","Tr11_study5.png","8","514023","C:/Users/Public/Experiments/IDs/05-WMC/MU/MUsbj071.csv","study","1000","5","71","527319","528319"
"MU.osexp","C:\Users\Public\Experiments\IDs\05-WMC\MU","Tr11_update1.png","8","514023","C:/Users/Public/Experiments/IDs/05-WMC/MU/MUsbj071.csv","update","1300","5","71","528687","529989"
"MU.osexp","C:\Users\Public\Experiments\IDs\05-WMC\MU","Tr11_update2.png","8","514023","C:/Users/Public/Experiments/IDs/05-WMC/MU/MUsbj071.csv","update","1300","5","71","530338","531640"
"MU.osexp","C:\Users\Public\Experiments\IDs\05-WMC\MU","Tr11_update3.png","8","514023","C:/Users/Public/Experiments/IDs/05-WMC/MU/MUsbj071.csv","update","1300","5","71","532026","533328"
"MU.osexp","C:\Users\Public\Experiments\IDs\05-WMC\MU","Tr11_test1.png","1","535575","C:/Users/Public/Experiments/IDs/05-WMC/MU/MUsbj071.csv","test","0","5","71","533691","535576"
"MU.osexp","C:\Users\Public\Experiments\IDs\05-WMC\MU","Tr11_test2.png","7","538600","C:/Users/Public/Experiments/IDs/05-WMC/MU/MUsbj071.csv","test","0","5","71","536681","538600"
"MU.osexp","C:\Users\Public\Experiments\IDs\05-WMC\MU","Tr11_test3.png","3","541111","C:/Users/Public/Experiments/IDs/05-WMC/MU/MUsbj071.csv","test","0","5","71","539701","541112"
"MU.osexp","C:\Users\Public\Experiments\IDs\05-WMC\MU","Tr11_test4.png","9","543463","C:/Users/Public/Experiments/IDs/05-WMC/MU/MUsbj071.csv","test","0","5","71","542230","543464"
"MU.osexp","C:\Users\Public\Experiments\IDs\05-WMC\MU","Tr11_test5.png","7","546511","C:/Users/Public/Experiments/IDs/05-WMC/MU/MUsbj071.csv","test","0","5","71","544577","546512"
"MU.osexp","C:\Users\Public\Experiments\IDs\05-WMC\MU","wait.png","7","546511","C:/Users/Public/Experiments/IDs/05-WMC/MU/MUsbj071.csv","wait","5000","3","71","547613","546512"
"MU.osexp","C:\Users\Public\Experiments\IDs\05-WMC\MU","fixation.png","7","546511","C:/Users/Public/Experiments/IDs/05-WMC/MU/MUsbj071.csv","fix","1500","3","71","552726","546512"
"MU.osexp","C:\Users\Public\Experiments\IDs\05-WMC\MU","Tr12_study1.png","7","546511","C:/Users/Public/Experiments/IDs/05-WMC/MU/MUsbj071.csv","study","1000","3","71","554318","555318"
"MU.osexp","C:\Users\Public\Experiments\IDs\05-WMC\MU","Tr12_study2.png","7","546511","C:/Users/Public/Experiments/IDs/05-WMC/MU/MUsbj071.csv","study","1000","3","71","555666","556668"
"MU.osexp","C:\Users\Public\Experiments\IDs\05-WMC\MU","Tr12_study3.png","7","546511","C:/Users/Public/Experiments/IDs/05-WMC/MU/MUsbj071.csv","study","1000","3","71","557048","558050"
"MU.osexp","C:\Users\Public\Experiments\IDs\05-WMC\MU","Tr12_update1.png","7","546511","C:/Users/Public/Experiments/IDs/05-WMC/MU/MUsbj071.csv","update","1300","3","71","558410","559712"
"MU.osexp","C:\Users\Public\Experiments\IDs\05-WMC\MU","Tr12_update2.png","7","546511","C:/Users/Public/Experiments/IDs/05-WMC/MU/MUsbj071.csv","update","1300","3","71","560089","561391"
"MU.osexp","C:\Users\Public\Experiments\IDs\05-WMC\MU","Tr12_update3.png","7","546511","C:/Users/Public/Experiments/IDs/05-WMC/MU/MUsbj071.csv","update","1300","3","71","561750","563052"
"MU.osexp","C:\Users\Public\Experiments\IDs\05-WMC\MU","Tr12_update4.png","7","546511","C:/Users/Public/Experiments/IDs/05-WMC/MU/MUsbj071.csv","update","1300","3","71","563427","564729"
"MU.osexp","C:\Users\Public\Experiments\IDs\05-WMC\MU","Tr12_update5.png","7","546511","C:/Users/Public/Experiments/IDs/05-WMC/MU/MUsbj071.csv","update","1300","3","71","565099","566401"
"MU.osexp","C:\Users\Public\Experiments\IDs\05-WMC\MU","Tr12_test1.png","4","568399","C:/Users/Public/Experiments/IDs/05-WMC/MU/MUsbj071.csv","test","0","3","71","566778","568400"
"MU.osexp","C:\Users\Public\Experiments\IDs\05-WMC\MU","Tr12_test2.png","6","574136","C:/Users/Public/Experiments/IDs/05-WMC/MU/MUsbj071.csv","test","0","3","71","569494","574136"
"MU.osexp","C:\Users\Public\Experiments\IDs\05-WMC\MU","Tr12_test3.png","3","576423","C:/Users/Public/Experiments/IDs/05-WMC/MU/MUsbj071.csv","test","0","3","71","575254","576424"
"MU.osexp","C:\Users\Public\Experiments\IDs\05-WMC\MU","wait.png","3","576423","C:/Users/Public/Experiments/IDs/05-WMC/MU/MUsbj071.csv","wait","5000","3","71","577527","576424"
"MU.osexp","C:\Users\Public\Experiments\IDs\05-WMC\MU","fixation.png","3","576423","C:/Users/Public/Experiments/IDs/05-WMC/MU/MUsbj071.csv","fix","1500","3","71","582636","576424"
"MU.osexp","C:\Users\Public\Experiments\IDs\05-WMC\MU","Tr13_study1.png","3","576423","C:/Users/Public/Experiments/IDs/05-WMC/MU/MUsbj071.csv","study","1000","3","71","584330","585332"
"MU.osexp","C:\Users\Public\Experiments\IDs\05-WMC\MU","Tr13_study2.png","3","576423","C:/Users/Public/Experiments/IDs/05-WMC/MU/MUsbj071.csv","study","1000","3","71","585691","586693"
"MU.osexp","C:\Users\Public\Experiments\IDs\05-WMC\MU","Tr13_study3.png","3","576423","C:/Users/Public/Experiments/IDs/05-WMC/MU/MUsbj071.csv","study","1000","3","71","587060","588061"
"MU.osexp","C:\Users\Public\Experiments\IDs\05-WMC\MU","Tr13_update1.png","3","576423","C:/Users/Public/Experiments/IDs/05-WMC/MU/MUsbj071.csv","update","1300","3","71","588404","589706"
"MU.osexp","C:\Users\Public\Experiments\IDs\05-WMC\MU","Tr13_update2.png","3","576423","C:/Users/Public/Experiments/IDs/05-WMC/MU/MUsbj071.csv","update","1300","3","71","590069","591371"
"MU.osexp","C:\Users\Public\Experiments\IDs\05-WMC\MU","Tr13_update3.png","3","576423","C:/Users/Public/Experiments/IDs/05-WMC/MU/MUsbj071.csv","update","1300","3","71","591747","593049"
"MU.osexp","C:\Users\Public\Experiments\IDs\05-WMC\MU","Tr13_update4.png","3","576423","C:/Users/Public/Experiments/IDs/05-WMC/MU/MUsbj071.csv","update","1300","3","71","593408","594710"
"MU.osexp","C:\Users\Public\Experiments\IDs\05-WMC\MU","Tr13_test1.png","9","601063","C:/Users/Public/Experiments/IDs/05-WMC/MU/MUsbj071.csv","test","0","3","71","595086","601064"
"MU.osexp","C:\Users\Public\Experiments\IDs\05-WMC\MU","Tr13_test2.png","9","609752","C:/Users/Public/Experiments/IDs/05-WMC/MU/MUsbj071.csv","test","0","3","71","602176","609752"
"MU.osexp","C:\Users\Public\Experiments\IDs\05-WMC\MU","Tr13_test3.png","5","611279","C:/Users/Public/Experiments/IDs/05-WMC/MU/MUsbj071.csv","test","0","3","71","610855","611280"
"MU.osexp","C:\Users\Public\Experiments\IDs\05-WMC\MU","wait.png","5","611279","C:/Users/Public/Experiments/IDs/05-WMC/MU/MUsbj071.csv","wait","5000","5","71","612385","611280"
"MU.osexp","C:\Users\Public\Experiments\IDs\05-WMC\MU","fixation.png","5","611279","C:/Users/Public/Experiments/IDs/05-WMC/MU/MUsbj071.csv","fix","1500","5","71","617487","611280"
"MU.osexp","C:\Users\Public\Experiments\IDs\05-WMC\MU","Tr14_study1.png","5","611279","C:/Users/Public/Experiments/IDs/05-WMC/MU/MUsbj071.csv","study","1000","5","71","619108","620109"
"MU.osexp","C:\Users\Public\Experiments\IDs\05-WMC\MU","Tr14_study2.png","5","611279","C:/Users/Public/Experiments/IDs/05-WMC/MU/MUsbj071.csv","study","1000","5","71","620595","621597"
"MU.osexp","C:\Users\Public\Experiments\IDs\05-WMC\MU","Tr14_study3.png","5","611279","C:/Users/Public/Experiments/IDs/05-WMC/MU/MUsbj071.csv","study","1000","5","71","621935","622936"
"MU.osexp","C:\Users\Public\Experiments\IDs\05-WMC\MU","Tr14_study4.png","5","611279","C:/Users/Public/Experiments/IDs/05-WMC/MU/MUsbj071.csv","study","1000","5","71","623279","624281"
"MU.osexp","C:\Users\Public\Experiments\IDs\05-WMC\MU","Tr14_study5.png","5","611279","C:/Users/Public/Experiments/IDs/05-WMC/MU/MUsbj071.csv","study","1000","5","71","624639","625640"
"MU.osexp","C:\Users\Public\Experiments\IDs\05-WMC\MU","Tr14_update1.png","5","611279","C:/Users/Public/Experiments/IDs/05-WMC/MU/MUsbj071.csv","update","1300","5","71","625979","627281"
"MU.osexp","C:\Users\Public\Experiments\IDs\05-WMC\MU","Tr14_update2.png","5","611279","C:/Users/Public/Experiments/IDs/05-WMC/MU/MUsbj071.csv","update","1300","5","71","627649","628951"
"MU.osexp","C:\Users\Public\Experiments\IDs\05-WMC\MU","Tr14_update3.png","5","611279","C:/Users/Public/Experiments/IDs/05-WMC/MU/MUsbj071.csv","update","1300","5","71","629326","630628"
"MU.osexp","C:\Users\Public\Experiments\IDs\05-WMC\MU","Tr14_update4.png","5","611279","C:/Users/Public/Experiments/IDs/05-WMC/MU/MUsbj071.csv","update","1300","5","71","631004","632306"
"MU.osexp","C:\Users\Public\Experiments\IDs\05-WMC\MU","Tr14_test1.png","5","634375","C:/Users/Public/Experiments/IDs/05-WMC/MU/MUsbj071.csv","test","0","5","71","632677","634376"
"MU.osexp","C:\Users\Public\Experiments\IDs\05-WMC\MU","Tr14_test2.png","7","637679","C:/Users/Public/Experiments/IDs/05-WMC/MU/MUsbj071.csv","test","0","5","71","635486","637680"
"MU.osexp","C:\Users\Public\Experiments\IDs\05-WMC\MU","Tr14_test3.png","2","639167","C:/Users/Public/Experiments/IDs/05-WMC/MU/MUsbj071.csv","test","0","5","71","638798","639168"
"MU.osexp","C:\Users\Public\Experiments\IDs\05-WMC\MU","Tr14_test4.png","8","640575","C:/Users/Public/Experiments/IDs/05-WMC/MU/MUsbj071.csv","test","0","5","71","640268","640576"
"MU.osexp","C:\Users\Public\Experiments\IDs\05-WMC\MU","Tr14_test5.png","3","642303","C:/Users/Public/Experiments/IDs/05-WMC/MU/MUsbj071.csv","test","0","5","71","641681","642303"
"MU.osexp","C:\Users\Public\Experiments\IDs\05-WMC\MU","wait.png","3","642303","C:/Users/Public/Experiments/IDs/05-WMC/MU/MUsbj071.csv","wait","5000","4","71","643434","642303"
"MU.osexp","C:\Users\Public\Experiments\IDs\05-WMC\MU","fixation.png","3","642303","C:/Users/Public/Experiments/IDs/05-WMC/MU/MUsbj071.csv","fix","1500","4","71","648568","642303"
"MU.osexp","C:\Users\Public\Experiments\IDs\05-WMC\MU","Tr15_study1.png","3","642303","C:/Users/Public/Experiments/IDs/05-WMC/MU/MUsbj071.csv","study","1000","4","71","650163","651164"
"MU.osexp","C:\Users\Public\Experiments\IDs\05-WMC\MU","Tr15_study2.png","3","642303","C:/Users/Public/Experiments/IDs/05-WMC/MU/MUsbj071.csv","study","1000","4","71","651527","652529"
"MU.osexp","C:\Users\Public\Experiments\IDs\05-WMC\MU","Tr15_study3.png","3","642303","C:/Users/Public/Experiments/IDs/05-WMC/MU/MUsbj071.csv","study","1000","4","71","652909","653910"
"MU.osexp","C:\Users\Public\Experiments\IDs\05-WMC\MU","Tr15_study4.png","3","642303","C:/Users/Public/Experiments/IDs/05-WMC/MU/MUsbj071.csv","study","1000","4","71","654280","655282"
"MU.osexp","C:\Users\Public\Experiments\IDs\05-WMC\MU","Tr15_update1.png","3","642303","C:/Users/Public/Experiments/IDs/05-WMC/MU/MUsbj071.csv","update","1300","4","71","655646","656948"
"MU.osexp","C:\Users\Public\Experiments\IDs\05-WMC\MU","Tr15_update2.png","3","642303","C:/Users/Public/Experiments/IDs/05-WMC/MU/MUsbj071.csv","update","1300","4","71","657327","658629"
"MU.osexp","C:\Users\Public\Experiments\IDs\05-WMC\MU","Tr15_update3.png","3","642303","C:/Users/Public/Experiments/IDs/05-WMC/MU/MUsbj071.csv","update","1300","4","71","658999","660301"
"MU.osexp","C:\Users\Public\Experiments\IDs\05-WMC\MU","Tr15_update4.png","3","642303","C:/Users/Public/Experiments/IDs/05-WMC/MU/MUsbj071.csv","update","1300","4","71","660657","661959"
"MU.osexp","C:\Users\Public\Experiments\IDs\05-WMC\MU","Tr15_update5.png","3","642303","C:/Users/Public/Experiments/IDs/05-WMC/MU/MUsbj071.csv","update","1300","4","71","662328","663630"
"MU.osexp","C:\Users\Public\Experiments\IDs\05-WMC\MU","Tr15_update6.png","3","642303","C:/Users/Public/Experiments/IDs/05-WMC/MU/MUsbj071.csv","update","1300","4","71","663986","665288"
"MU.osexp","C:\Users\Public\Experiments\IDs\05-WMC\MU","Tr15_test1.png","9","667103","C:/Users/Public/Experiments/IDs/05-WMC/MU/MUsbj071.csv","test","0","4","71","665673","667104"
"MU.osexp","C:\Users\Public\Experiments\IDs\05-WMC\MU","Tr15_test2.png","5","668799","C:/Users/Public/Experiments/IDs/05-WMC/MU/MUsbj071.csv","test","0","4","71","668201","668800"
"MU.osexp","C:\Users\Public\Experiments\IDs\05-WMC\MU","Tr15_test3.png","7","670407","C:/Users/Public/Experiments/IDs/05-WMC/MU/MUsbj071.csv","test","0","4","71","669932","670408"
"MU.osexp","C:\Users\Public\Experiments\IDs\05-WMC\MU","Tr15_test4.png","2","672439","C:/Users/Public/Experiments/IDs/05-WMC/MU/MUsbj071.csv","test","0","4","71","671512","672440"
"MU.osexp","C:\Users\Public\Experiments\IDs\05-WMC\MU","wait.png","2","672439","C:/Users/Public/Experiments/IDs/05-WMC/MU/MUsbj071.csv","wait","5000","4","71","673565","672440"
"MU.osexp","C:\Users\Public\Experiments\IDs\05-WMC\MU","fixation.png","2","672439","C:/Users/Public/Experiments/IDs/05-WMC/MU/MUsbj071.csv","fix","1500","4","71","678670","672440"
"MU.osexp","C:\Users\Public\Experiments\IDs\05-WMC\MU","Tr16_study1.png","2","672439","C:/Users/Public/Experiments/IDs/05-WMC/MU/MUsbj071.csv","study","1000","4","71","680261","681262"
"MU.osexp","C:\Users\Public\Experiments\IDs\05-WMC\MU","Tr16_study2.png","2","672439","C:/Users/Public/Experiments/IDs/05-WMC/MU/MUsbj071.csv","study","1000","4","71","681631","682633"
"MU.osexp","C:\Users\Public\Experiments\IDs\05-WMC\MU","Tr16_study3.png","2","672439","C:/Users/Public/Experiments/IDs/05-WMC/MU/MUsbj071.csv","study","1000","4","71","682986","683987"
"MU.osexp","C:\Users\Public\Experiments\IDs\05-WMC\MU","Tr16_study4.png","2","672439","C:/Users/Public/Experiments/IDs/05-WMC/MU/MUsbj071.csv","study","1000","4","71","684351","685353"
"MU.osexp","C:\Users\Public\Experiments\IDs\05-WMC\MU","Tr16_update1.png","2","672439","C:/Users/Public/Experiments/IDs/05-WMC/MU/MUsbj071.csv","update","1300","4","71","685691","686993"
"MU.osexp","C:\Users\Public\Experiments\IDs\05-WMC\MU","Tr16_update2.png","2","672439","C:/Users/Public/Experiments/IDs/05-WMC/MU/MUsbj071.csv","update","1300","4","71","687360","688662"
"MU.osexp","C:\Users\Public\Experiments\IDs\05-WMC\MU","Tr16_test1.png","9","694791","C:/Users/Public/Experiments/IDs/05-WMC/MU/MUsbj071.csv","test","0","4","71","689004","694792"
"MU.osexp","C:\Users\Public\Experiments\IDs\05-WMC\MU","Tr16_test2.png","7","698248","C:/Users/Public/Experiments/IDs/05-WMC/MU/MUsbj071.csv","test","0","4","71","695906","698248"
"MU.osexp","C:\Users\Public\Experiments\IDs\05-WMC\MU","Tr16_test3.png","8","713287","C:/Users/Public/Experiments/IDs/05-WMC/MU/MUsbj071.csv","test","0","4","71","699499","713287"
"MU.osexp","C:\Users\Public\Experiments\IDs\05-WMC\MU","Tr16_test4.png","6","717519","C:/Users/Public/Experiments/IDs/05-WMC/MU/MUsbj071.csv","test","0","4","71","714409","717520"
"MU.osexp","C:\Users\Public\Experiments\IDs\05-WMC\MU","wait.png","6","717519","C:/Users/Public/Experiments/IDs/05-WMC/MU/MUsbj071.csv","wait","5000","5","71","718632","717520"
"MU.osexp","C:\Users\Public\Experiments\IDs\05-WMC\MU","fixation.png","6","717519","C:/Users/Public/Experiments/IDs/05-WMC/MU/MUsbj071.csv","fix","1500","5","71","723737","717520"
"MU.osexp","C:\Users\Public\Experiments\IDs\05-WMC\MU","Tr17_study1.png","6","717519","C:/Users/Public/Experiments/IDs/05-WMC/MU/MUsbj071.csv","study","1000","5","71","725378","726380"
"MU.osexp","C:\Users\Public\Experiments\IDs\05-WMC\MU","Tr17_study2.png","6","717519","C:/Users/Public/Experiments/IDs/05-WMC/MU/MUsbj071.csv","study","1000","5","71","726752","727754"
"MU.osexp","C:\Users\Public\Experiments\IDs\05-WMC\MU","Tr17_study3.png","6","717519","C:/Users/Public/Experiments/IDs/05-WMC/MU/MUsbj071.csv","study","1000","5","71","728119","729120"
"MU.osexp","C:\Users\Public\Experiments\IDs\05-WMC\MU","Tr17_study4.png","6","717519","C:/Users/Public/Experiments/IDs/05-WMC/MU/MUsbj071.csv","study","1000","5","71","729476","730477"
"MU.osexp","C:\Users\Public\Experiments\IDs\05-WMC\MU","Tr17_study5.png","6","717519","C:/Users/Public/Experiments/IDs/05-WMC/MU/MUsbj071.csv","study","1000","5","71","730848","731849"
"MU.osexp","C:\Users\Public\Experiments\IDs\05-WMC\MU","Tr17_update1.png","6","717519","C:/Users/Public/Experiments/IDs/05-WMC/MU/MUsbj071.csv","update","1300","5","71","732197","733499"
"MU.osexp","C:\Users\Public\Experiments\IDs\05-WMC\MU","Tr17_update2.png","6","717519","C:/Users/Public/Experiments/IDs/05-WMC/MU/MUsbj071.csv","update","1300","5","71","733852","735154"
"MU.osexp","C:\Users\Public\Experiments\IDs\05-WMC\MU","Tr17_update3.png","6","717519","C:/Users/Public/Experiments/IDs/05-WMC/MU/MUsbj071.csv","update","1300","5","71","735521","736823"
"MU.osexp","C:\Users\Public\Experiments\IDs\05-WMC\MU","Tr17_update4.png","6","717519","C:/Users/Public/Experiments/IDs/05-WMC/MU/MUsbj071.csv","update","1300","5","71","737203","738505"
"MU.osexp","C:\Users\Public\Experiments\IDs\05-WMC\MU","Tr17_update5.png","6","717519","C:/Users/Public/Experiments/IDs/05-WMC/MU/MUsbj071.csv","update","1300","5","71","738869","740170"
"MU.osexp","C:\Users\Public\Experiments\IDs\05-WMC\MU","Tr17_update6.png","6","717519","C:/Users/Public/Experiments/IDs/05-WMC/MU/MUsbj071.csv","update","1300","5","71","740540","741842"
"MU.osexp","C:\Users\Public\Experiments\IDs\05-WMC\MU","Tr17_test1.png","1","747983","C:/Users/Public/Experiments/IDs/05-WMC/MU/MUsbj071.csv","test","0","5","71","742203","747984"
"MU.osexp","C:\Users\Public\Experiments\IDs\05-WMC\MU","Tr17_test2.png","1","749552","C:/Users/Public/Experiments/IDs/05-WMC/MU/MUsbj071.csv","test","0","5","71","749083","749553"
"MU.osexp","C:\Users\Public\Experiments\IDs\05-WMC\MU","Tr17_test3.png","1","751104","C:/Users/Public/Experiments/IDs/05-WMC/MU/MUsbj071.csv","test","0","5","71","750644","751104"
"MU.osexp","C:\Users\Public\Experiments\IDs\05-WMC\MU","Tr17_test4.png","1","752496","C:/Users/Public/Experiments/IDs/05-WMC/MU/MUsbj071.csv","test","0","5","71","752210","752496"
"MU.osexp","C:\Users\Public\Experiments\IDs\05-WMC\MU","Tr17_test5.png","1","753855","C:/Users/Public/Experiments/IDs/05-WMC/MU/MUsbj071.csv","test","0","5","71","753608","753856"
