"experiment_file","experiment_path","image","key","key_time","logfile","phase","playtime","setSize","subject_nr","timestamp","waittime"
"MU.osexp","C:\Users\Public\Experiments\IDs\05-WMC\MU","ready1.png","NA","NA","C:/Users/Public/Experiments/IDs/05-WMC/MU/MUsbj058.csv","pre","0","3","58","35602","NA"
"MU.osexp","C:\Users\Public\Experiments\IDs\05-WMC\MU","fixation.png","NA","NA","C:/Users/Public/Experiments/IDs/05-WMC/MU/MUsbj058.csv","fix","1500","3","58","37292","NA"
"MU.osexp","C:\Users\Public\Experiments\IDs\05-WMC\MU","Tr1_study1.png","NA","NA","C:/Users/Public/Experiments/IDs/05-WMC/MU/MUsbj058.csv","study","1000","3","58","38908","39909"
"MU.osexp","C:\Users\Public\Experiments\IDs\05-WMC\MU","Tr1_study2.png","NA","NA","C:/Users/Public/Experiments/IDs/05-WMC/MU/MUsbj058.csv","study","1000","3","58","40277","41279"
"MU.osexp","C:\Users\Public\Experiments\IDs\05-WMC\MU","Tr1_study3.png","NA","NA","C:/Users/Public/Experiments/IDs/05-WMC/MU/MUsbj058.csv","study","1000","3","58","41647","42648"
"MU.osexp","C:\Users\Public\Experiments\IDs\05-WMC\MU","Tr1_update1.png","NA","NA","C:/Users/Public/Experiments/IDs/05-WMC/MU/MUsbj058.csv","update","1300","3","58","43016","44318"
"MU.osexp","C:\Users\Public\Experiments\IDs\05-WMC\MU","Tr1_update2.png","NA","NA","C:/Users/Public/Experiments/IDs/05-WMC/MU/MUsbj058.csv","update","1300","3","58","44670","45971"
"MU.osexp","C:\Users\Public\Experiments\IDs\05-WMC\MU","Tr1_update3.png","NA","NA","C:/Users/Public/Experiments/IDs/05-WMC/MU/MUsbj058.csv","update","1300","3","58","46302","47604"
"MU.osexp","C:\Users\Public\Experiments\IDs\05-WMC\MU","Tr1_test1.png","7","104055","C:/Users/Public/Experiments/IDs/05-WMC/MU/MUsbj058.csv","test","0","3","58","47976","104056"
"MU.osexp","C:\Users\Public\Experiments\IDs\05-WMC\MU","Tr1_test2.png","4","109832","C:/Users/Public/Experiments/IDs/05-WMC/MU/MUsbj058.csv","test","0","3","58","105148","109833"
"MU.osexp","C:\Users\Public\Experiments\IDs\05-WMC\MU","Tr1_test3.png","8","111376","C:/Users/Public/Experiments/IDs/05-WMC/MU/MUsbj058.csv","test","0","3","58","110954","111377"
"MU.osexp","C:\Users\Public\Experiments\IDs\05-WMC\MU","wait.png","8","111376","C:/Users/Public/Experiments/IDs/05-WMC/MU/MUsbj058.csv","wait","5000","3","58","112488","111377"
"MU.osexp","C:\Users\Public\Experiments\IDs\05-WMC\MU","fixation.png","8","111376","C:/Users/Public/Experiments/IDs/05-WMC/MU/MUsbj058.csv","fix","1500","3","58","117618","111377"
"MU.osexp","C:\Users\Public\Experiments\IDs\05-WMC\MU","Tr2_study1.png","8","111376","C:/Users/Public/Experiments/IDs/05-WMC/MU/MUsbj058.csv","study","1000","3","58","119233","120234"
"MU.osexp","C:\Users\Public\Experiments\IDs\05-WMC\MU","Tr2_study2.png","8","111376","C:/Users/Public/Experiments/IDs/05-WMC/MU/MUsbj058.csv","study","1000","3","58","120617","121619"
"MU.osexp","C:\Users\Public\Experiments\IDs\05-WMC\MU","Tr2_study3.png","8","111376","C:/Users/Public/Experiments/IDs/05-WMC/MU/MUsbj058.csv","study","1000","3","58","121972","122973"
"MU.osexp","C:\Users\Public\Experiments\IDs\05-WMC\MU","Tr2_update1.png","8","111376","C:/Users/Public/Experiments/IDs/05-WMC/MU/MUsbj058.csv","update","1300","3","58","123346","124648"
"MU.osexp","C:\Users\Public\Experiments\IDs\05-WMC\MU","Tr2_update2.png","8","111376","C:/Users/Public/Experiments/IDs/05-WMC/MU/MUsbj058.csv","update","1300","3","58","125029","126331"
"MU.osexp","C:\Users\Public\Experiments\IDs\05-WMC\MU","Tr2_update3.png","8","111376","C:/Users/Public/Experiments/IDs/05-WMC/MU/MUsbj058.csv","update","1300","3","58","126702","128004"
"MU.osexp","C:\Users\Public\Experiments\IDs\05-WMC\MU","Tr2_test1.png","4","136144","C:/Users/Public/Experiments/IDs/05-WMC/MU/MUsbj058.csv","test","0","3","58","128381","136145"
"MU.osexp","C:\Users\Public\Experiments\IDs\05-WMC\MU","Tr2_test2.png","0","139063","C:/Users/Public/Experiments/IDs/05-WMC/MU/MUsbj058.csv","test","0","3","58","137233","139064"
"MU.osexp","C:\Users\Public\Experiments\IDs\05-WMC\MU","Tr2_test3.png","7","144032","C:/Users/Public/Experiments/IDs/05-WMC/MU/MUsbj058.csv","test","0","3","58","140143","144033"
"MU.osexp","C:\Users\Public\Experiments\IDs\05-WMC\MU","ready2.png","7","144032","C:/Users/Public/Experiments/IDs/05-WMC/MU/MUsbj058.csv","pre","0","3","58","146980","144033"
"MU.osexp","C:\Users\Public\Experiments\IDs\05-WMC\MU","fixation.png","7","144032","C:/Users/Public/Experiments/IDs/05-WMC/MU/MUsbj058.csv","fix","1500","3","58","148406","144033"
"MU.osexp","C:\Users\Public\Experiments\IDs\05-WMC\MU","Tr3_study1.png","7","144032","C:/Users/Public/Experiments/IDs/05-WMC/MU/MUsbj058.csv","study","1000","3","58","149995","150995"
"MU.osexp","C:\Users\Public\Experiments\IDs\05-WMC\MU","Tr3_study2.png","7","144032","C:/Users/Public/Experiments/IDs/05-WMC/MU/MUsbj058.csv","study","1000","3","58","151342","152342"
"MU.osexp","C:\Users\Public\Experiments\IDs\05-WMC\MU","Tr3_study3.png","7","144032","C:/Users/Public/Experiments/IDs/05-WMC/MU/MUsbj058.csv","study","1000","3","58","152678","153678"
"MU.osexp","C:\Users\Public\Experiments\IDs\05-WMC\MU","Tr3_update1.png","7","144032","C:/Users/Public/Experiments/IDs/05-WMC/MU/MUsbj058.csv","update","1300","3","58","154017","155317"
"MU.osexp","C:\Users\Public\Experiments\IDs\05-WMC\MU","Tr3_update2.png","7","144032","C:/Users/Public/Experiments/IDs/05-WMC/MU/MUsbj058.csv","update","1300","3","58","155737","157037"
"MU.osexp","C:\Users\Public\Experiments\IDs\05-WMC\MU","Tr3_update3.png","7","144032","C:/Users/Public/Experiments/IDs/05-WMC/MU/MUsbj058.csv","update","1300","3","58","157380","158680"
"MU.osexp","C:\Users\Public\Experiments\IDs\05-WMC\MU","Tr3_test1.png","9","162592","C:/Users/Public/Experiments/IDs/05-WMC/MU/MUsbj058.csv","test","0","3","58","159012","162593"
"MU.osexp","C:\Users\Public\Experiments\IDs\05-WMC\MU","Tr3_test2.png","1","166888","C:/Users/Public/Experiments/IDs/05-WMC/MU/MUsbj058.csv","test","0","3","58","163731","166889"
"MU.osexp","C:\Users\Public\Experiments\IDs\05-WMC\MU","Tr3_test3.png","6","171000","C:/Users/Public/Experiments/IDs/05-WMC/MU/MUsbj058.csv","test","0","3","58","168021","171001"
"MU.osexp","C:\Users\Public\Experiments\IDs\05-WMC\MU","wait.png","6","171000","C:/Users/Public/Experiments/IDs/05-WMC/MU/MUsbj058.csv","wait","5000","4","58","172089","171001"
"MU.osexp","C:\Users\Public\Experiments\IDs\05-WMC\MU","fixation.png","6","171000","C:/Users/Public/Experiments/IDs/05-WMC/MU/MUsbj058.csv","fix","1500","4","58","177173","171001"
"MU.osexp","C:\Users\Public\Experiments\IDs\05-WMC\MU","Tr4_study1.png","6","171000","C:/Users/Public/Experiments/IDs/05-WMC/MU/MUsbj058.csv","study","1000","4","58","178759","179759"
"MU.osexp","C:\Users\Public\Experiments\IDs\05-WMC\MU","Tr4_study2.png","6","171000","C:/Users/Public/Experiments/IDs/05-WMC/MU/MUsbj058.csv","study","1000","4","58","180094","181094"
"MU.osexp","C:\Users\Public\Experiments\IDs\05-WMC\MU","Tr4_study3.png","6","171000","C:/Users/Public/Experiments/IDs/05-WMC/MU/MUsbj058.csv","study","1000","4","58","181432","182432"
"MU.osexp","C:\Users\Public\Experiments\IDs\05-WMC\MU","Tr4_study4.png","6","171000","C:/Users/Public/Experiments/IDs/05-WMC/MU/MUsbj058.csv","study","1000","4","58","182765","183765"
"MU.osexp","C:\Users\Public\Experiments\IDs\05-WMC\MU","Tr4_update1.png","6","171000","C:/Users/Public/Experiments/IDs/05-WMC/MU/MUsbj058.csv","update","1300","4","58","184099","185400"
"MU.osexp","C:\Users\Public\Experiments\IDs\05-WMC\MU","Tr4_update2.png","6","171000","C:/Users/Public/Experiments/IDs/05-WMC/MU/MUsbj058.csv","update","1300","4","58","185758","187058"
"MU.osexp","C:\Users\Public\Experiments\IDs\05-WMC\MU","Tr4_update3.png","6","171000","C:/Users/Public/Experiments/IDs/05-WMC/MU/MUsbj058.csv","update","1300","4","58","187401","188701"
"MU.osexp","C:\Users\Public\Experiments\IDs\05-WMC\MU","Tr4_update4.png","6","171000","C:/Users/Public/Experiments/IDs/05-WMC/MU/MUsbj058.csv","update","1300","4","58","189041","190342"
"MU.osexp","C:\Users\Public\Experiments\IDs\05-WMC\MU","Tr4_test1.png","2","192295","C:/Users/Public/Experiments/IDs/05-WMC/MU/MUsbj058.csv","test","0","4","58","190676","192296"
"MU.osexp","C:\Users\Public\Experiments\IDs\05-WMC\MU","Tr4_test2.png","3","195727","C:/Users/Public/Experiments/IDs/05-WMC/MU/MUsbj058.csv","test","0","4","58","193384","195728"
"MU.osexp","C:\Users\Public\Experiments\IDs\05-WMC\MU","Tr4_test3.png","1","197944","C:/Users/Public/Experiments/IDs/05-WMC/MU/MUsbj058.csv","test","0","4","58","196817","197945"
"MU.osexp","C:\Users\Public\Experiments\IDs\05-WMC\MU","Tr4_test4.png","6","200864","C:/Users/Public/Experiments/IDs/05-WMC/MU/MUsbj058.csv","test","0","4","58","199035","200865"
"MU.osexp","C:\Users\Public\Experiments\IDs\05-WMC\MU","wait.png","6","200864","C:/Users/Public/Experiments/IDs/05-WMC/MU/MUsbj058.csv","wait","5000","3","58","201950","200865"
"MU.osexp","C:\Users\Public\Experiments\IDs\05-WMC\MU","fixation.png","6","200864","C:/Users/Public/Experiments/IDs/05-WMC/MU/MUsbj058.csv","fix","1500","3","58","207034","200865"
"MU.osexp","C:\Users\Public\Experiments\IDs\05-WMC\MU","Tr5_study1.png","6","200864","C:/Users/Public/Experiments/IDs/05-WMC/MU/MUsbj058.csv","study","1000","3","58","208619","209619"
"MU.osexp","C:\Users\Public\Experiments\IDs\05-WMC\MU","Tr5_study2.png","6","200864","C:/Users/Public/Experiments/IDs/05-WMC/MU/MUsbj058.csv","study","1000","3","58","209953","210953"
"MU.osexp","C:\Users\Public\Experiments\IDs\05-WMC\MU","Tr5_study3.png","6","200864","C:/Users/Public/Experiments/IDs/05-WMC/MU/MUsbj058.csv","study","1000","3","58","211286","212286"
"MU.osexp","C:\Users\Public\Experiments\IDs\05-WMC\MU","Tr5_update1.png","6","200864","C:/Users/Public/Experiments/IDs/05-WMC/MU/MUsbj058.csv","update","1300","3","58","212619","213919"
"MU.osexp","C:\Users\Public\Experiments\IDs\05-WMC\MU","Tr5_update2.png","6","200864","C:/Users/Public/Experiments/IDs/05-WMC/MU/MUsbj058.csv","update","1300","3","58","214245","215545"
"MU.osexp","C:\Users\Public\Experiments\IDs\05-WMC\MU","Tr5_update3.png","6","200864","C:/Users/Public/Experiments/IDs/05-WMC/MU/MUsbj058.csv","update","1300","3","58","215879","217179"
"MU.osexp","C:\Users\Public\Experiments\IDs\05-WMC\MU","Tr5_update4.png","6","200864","C:/Users/Public/Experiments/IDs/05-WMC/MU/MUsbj058.csv","update","1300","3","58","217504","218804"
"MU.osexp","C:\Users\Public\Experiments\IDs\05-WMC\MU","Tr5_update5.png","6","200864","C:/Users/Public/Experiments/IDs/05-WMC/MU/MUsbj058.csv","update","1300","3","58","219171","220471"
"MU.osexp","C:\Users\Public\Experiments\IDs\05-WMC\MU","Tr5_update6.png","6","200864","C:/Users/Public/Experiments/IDs/05-WMC/MU/MUsbj058.csv","update","1300","3","58","220804","222104"
"MU.osexp","C:\Users\Public\Experiments\IDs\05-WMC\MU","Tr5_test1.png","4","225664","C:/Users/Public/Experiments/IDs/05-WMC/MU/MUsbj058.csv","test","0","3","58","222438","225664"
"MU.osexp","C:\Users\Public\Experiments\IDs\05-WMC\MU","Tr5_test2.png","3","228047","C:/Users/Public/Experiments/IDs/05-WMC/MU/MUsbj058.csv","test","0","3","58","226746","228048"
"MU.osexp","C:\Users\Public\Experiments\IDs\05-WMC\MU","Tr5_test3.png","2","230856","C:/Users/Public/Experiments/IDs/05-WMC/MU/MUsbj058.csv","test","0","3","58","229170","230857"
"MU.osexp","C:\Users\Public\Experiments\IDs\05-WMC\MU","wait.png","2","230856","C:/Users/Public/Experiments/IDs/05-WMC/MU/MUsbj058.csv","wait","5000","4","58","231938","230857"
"MU.osexp","C:\Users\Public\Experiments\IDs\05-WMC\MU","fixation.png","2","230856","C:/Users/Public/Experiments/IDs/05-WMC/MU/MUsbj058.csv","fix","1500","4","58","237041","230857"
"MU.osexp","C:\Users\Public\Experiments\IDs\05-WMC\MU","Tr6_study1.png","2","230856","C:/Users/Public/Experiments/IDs/05-WMC/MU/MUsbj058.csv","study","1000","4","58","238659","239660"
"MU.osexp","C:\Users\Public\Experiments\IDs\05-WMC\MU","Tr6_study2.png","2","230856","C:/Users/Public/Experiments/IDs/05-WMC/MU/MUsbj058.csv","study","1000","4","58","240023","241025"
"MU.osexp","C:\Users\Public\Experiments\IDs\05-WMC\MU","Tr6_study3.png","2","230856","C:/Users/Public/Experiments/IDs/05-WMC/MU/MUsbj058.csv","study","1000","4","58","241407","242409"
"MU.osexp","C:\Users\Public\Experiments\IDs\05-WMC\MU","Tr6_study4.png","2","230856","C:/Users/Public/Experiments/IDs/05-WMC/MU/MUsbj058.csv","study","1000","4","58","242762","243764"
"MU.osexp","C:\Users\Public\Experiments\IDs\05-WMC\MU","Tr6_update1.png","2","230856","C:/Users/Public/Experiments/IDs/05-WMC/MU/MUsbj058.csv","update","1300","4","58","244109","245411"
"MU.osexp","C:\Users\Public\Experiments\IDs\05-WMC\MU","Tr6_update2.png","2","230856","C:/Users/Public/Experiments/IDs/05-WMC/MU/MUsbj058.csv","update","1300","4","58","245768","247070"
"MU.osexp","C:\Users\Public\Experiments\IDs\05-WMC\MU","Tr6_update3.png","2","230856","C:/Users/Public/Experiments/IDs/05-WMC/MU/MUsbj058.csv","update","1300","4","58","247450","248752"
"MU.osexp","C:\Users\Public\Experiments\IDs\05-WMC\MU","Tr6_update4.png","2","230856","C:/Users/Public/Experiments/IDs/05-WMC/MU/MUsbj058.csv","update","1300","4","58","249098","250400"
"MU.osexp","C:\Users\Public\Experiments\IDs\05-WMC\MU","Tr6_update5.png","2","230856","C:/Users/Public/Experiments/IDs/05-WMC/MU/MUsbj058.csv","update","1300","4","58","250766","252068"
"MU.osexp","C:\Users\Public\Experiments\IDs\05-WMC\MU","Tr6_test1.png","4","256024","C:/Users/Public/Experiments/IDs/05-WMC/MU/MUsbj058.csv","test","0","4","58","252419","256025"
"MU.osexp","C:\Users\Public\Experiments\IDs\05-WMC\MU","Tr6_test2.png","3","262823","C:/Users/Public/Experiments/IDs/05-WMC/MU/MUsbj058.csv","test","0","4","58","257170","262824"
"MU.osexp","C:\Users\Public\Experiments\IDs\05-WMC\MU","Tr6_test3.png","7","266400","C:/Users/Public/Experiments/IDs/05-WMC/MU/MUsbj058.csv","test","0","4","58","263948","266401"
"MU.osexp","C:\Users\Public\Experiments\IDs\05-WMC\MU","Tr6_test4.png","1","268872","C:/Users/Public/Experiments/IDs/05-WMC/MU/MUsbj058.csv","test","0","4","58","267523","268873"
"MU.osexp","C:\Users\Public\Experiments\IDs\05-WMC\MU","wait.png","1","268872","C:/Users/Public/Experiments/IDs/05-WMC/MU/MUsbj058.csv","wait","5000","5","58","269994","268873"
"MU.osexp","C:\Users\Public\Experiments\IDs\05-WMC\MU","fixation.png","1","268872","C:/Users/Public/Experiments/IDs/05-WMC/MU/MUsbj058.csv","fix","1500","5","58","275119","268873"
"MU.osexp","C:\Users\Public\Experiments\IDs\05-WMC\MU","Tr7_study1.png","1","268872","C:/Users/Public/Experiments/IDs/05-WMC/MU/MUsbj058.csv","study","1000","5","58","276720","277721"
"MU.osexp","C:\Users\Public\Experiments\IDs\05-WMC\MU","Tr7_study2.png","1","268872","C:/Users/Public/Experiments/IDs/05-WMC/MU/MUsbj058.csv","study","1000","5","58","278077","279079"
"MU.osexp","C:\Users\Public\Experiments\IDs\05-WMC\MU","Tr7_study3.png","1","268872","C:/Users/Public/Experiments/IDs/05-WMC/MU/MUsbj058.csv","study","1000","5","58","279459","280461"
"MU.osexp","C:\Users\Public\Experiments\IDs\05-WMC\MU","Tr7_study4.png","1","268872","C:/Users/Public/Experiments/IDs/05-WMC/MU/MUsbj058.csv","study","1000","5","58","280813","281815"
"MU.osexp","C:\Users\Public\Experiments\IDs\05-WMC\MU","Tr7_study5.png","1","268872","C:/Users/Public/Experiments/IDs/05-WMC/MU/MUsbj058.csv","study","1000","5","58","282194","283195"
"MU.osexp","C:\Users\Public\Experiments\IDs\05-WMC\MU","Tr7_update1.png","1","268872","C:/Users/Public/Experiments/IDs/05-WMC/MU/MUsbj058.csv","update","1300","5","58","283568","284869"
"MU.osexp","C:\Users\Public\Experiments\IDs\05-WMC\MU","Tr7_update2.png","1","268872","C:/Users/Public/Experiments/IDs/05-WMC/MU/MUsbj058.csv","update","1300","5","58","285250","286551"
"MU.osexp","C:\Users\Public\Experiments\IDs\05-WMC\MU","Tr7_update3.png","1","268872","C:/Users/Public/Experiments/IDs/05-WMC/MU/MUsbj058.csv","update","1300","5","58","286891","288193"
"MU.osexp","C:\Users\Public\Experiments\IDs\05-WMC\MU","Tr7_update4.png","1","268872","C:/Users/Public/Experiments/IDs/05-WMC/MU/MUsbj058.csv","update","1300","5","58","288535","289837"
"MU.osexp","C:\Users\Public\Experiments\IDs\05-WMC\MU","Tr7_update5.png","1","268872","C:/Users/Public/Experiments/IDs/05-WMC/MU/MUsbj058.csv","update","1300","5","58","290193","291495"
"MU.osexp","C:\Users\Public\Experiments\IDs\05-WMC\MU","Tr7_test1.png","4","295200","C:/Users/Public/Experiments/IDs/05-WMC/MU/MUsbj058.csv","test","0","5","58","291845","295200"
"MU.osexp","C:\Users\Public\Experiments\IDs\05-WMC\MU","Tr7_test2.png","8","298791","C:/Users/Public/Experiments/IDs/05-WMC/MU/MUsbj058.csv","test","0","5","58","296305","298792"
"MU.osexp","C:\Users\Public\Experiments\IDs\05-WMC\MU","Tr7_test3.png","1","301568","C:/Users/Public/Experiments/IDs/05-WMC/MU/MUsbj058.csv","test","0","5","58","299919","301569"
"MU.osexp","C:\Users\Public\Experiments\IDs\05-WMC\MU","Tr7_test4.png","2","304464","C:/Users/Public/Experiments/IDs/05-WMC/MU/MUsbj058.csv","test","0","5","58","302686","304465"
"MU.osexp","C:\Users\Public\Experiments\IDs\05-WMC\MU","Tr7_test5.png","1","306272","C:/Users/Public/Experiments/IDs/05-WMC/MU/MUsbj058.csv","test","0","5","58","305565","306273"
"MU.osexp","C:\Users\Public\Experiments\IDs\05-WMC\MU","wait.png","1","306272","C:/Users/Public/Experiments/IDs/05-WMC/MU/MUsbj058.csv","wait","5000","4","58","307378","306273"
"MU.osexp","C:\Users\Public\Experiments\IDs\05-WMC\MU","fixation.png","1","306272","C:/Users/Public/Experiments/IDs/05-WMC/MU/MUsbj058.csv","fix","1500","4","58","312481","306273"
"MU.osexp","C:\Users\Public\Experiments\IDs\05-WMC\MU","Tr8_study1.png","1","306272","C:/Users/Public/Experiments/IDs/05-WMC/MU/MUsbj058.csv","study","1000","4","58","314084","315086"
"MU.osexp","C:\Users\Public\Experiments\IDs\05-WMC\MU","Tr8_study2.png","1","306272","C:/Users/Public/Experiments/IDs/05-WMC/MU/MUsbj058.csv","study","1000","4","58","315439","316441"
"MU.osexp","C:\Users\Public\Experiments\IDs\05-WMC\MU","Tr8_study3.png","1","306272","C:/Users/Public/Experiments/IDs/05-WMC/MU/MUsbj058.csv","study","1000","4","58","316839","317841"
"MU.osexp","C:\Users\Public\Experiments\IDs\05-WMC\MU","Tr8_study4.png","1","306272","C:/Users/Public/Experiments/IDs/05-WMC/MU/MUsbj058.csv","study","1000","4","58","318191","319193"
"MU.osexp","C:\Users\Public\Experiments\IDs\05-WMC\MU","Tr8_update1.png","1","306272","C:/Users/Public/Experiments/IDs/05-WMC/MU/MUsbj058.csv","update","1300","4","58","319546","320848"
"MU.osexp","C:\Users\Public\Experiments\IDs\05-WMC\MU","Tr8_update2.png","1","306272","C:/Users/Public/Experiments/IDs/05-WMC/MU/MUsbj058.csv","update","1300","4","58","321191","322493"
"MU.osexp","C:\Users\Public\Experiments\IDs\05-WMC\MU","Tr8_update3.png","1","306272","C:/Users/Public/Experiments/IDs/05-WMC/MU/MUsbj058.csv","update","1300","4","58","322841","324141"
"MU.osexp","C:\Users\Public\Experiments\IDs\05-WMC\MU","Tr8_test1.png","4","327720","C:/Users/Public/Experiments/IDs/05-WMC/MU/MUsbj058.csv","test","0","4","58","324530","327721"
"MU.osexp","C:\Users\Public\Experiments\IDs\05-WMC\MU","Tr8_test2.png","3","330504","C:/Users/Public/Experiments/IDs/05-WMC/MU/MUsbj058.csv","test","0","4","58","328830","330504"
"MU.osexp","C:\Users\Public\Experiments\IDs\05-WMC\MU","Tr8_test3.png","9","333000","C:/Users/Public/Experiments/IDs/05-WMC/MU/MUsbj058.csv","test","0","4","58","331607","333000"
"MU.osexp","C:\Users\Public\Experiments\IDs\05-WMC\MU","Tr8_test4.png","0","335543","C:/Users/Public/Experiments/IDs/05-WMC/MU/MUsbj058.csv","test","0","4","58","334110","335544"
"MU.osexp","C:\Users\Public\Experiments\IDs\05-WMC\MU","wait.png","0","335543","C:/Users/Public/Experiments/IDs/05-WMC/MU/MUsbj058.csv","wait","5000","5","58","336640","335544"
"MU.osexp","C:\Users\Public\Experiments\IDs\05-WMC\MU","fixation.png","0","335543","C:/Users/Public/Experiments/IDs/05-WMC/MU/MUsbj058.csv","fix","1500","5","58","341737","335544"
"MU.osexp","C:\Users\Public\Experiments\IDs\05-WMC\MU","Tr9_study1.png","0","335543","C:/Users/Public/Experiments/IDs/05-WMC/MU/MUsbj058.csv","study","1000","5","58","343381","344383"
"MU.osexp","C:\Users\Public\Experiments\IDs\05-WMC\MU","Tr9_study2.png","0","335543","C:/Users/Public/Experiments/IDs/05-WMC/MU/MUsbj058.csv","study","1000","5","58","344750","345752"
"MU.osexp","C:\Users\Public\Experiments\IDs\05-WMC\MU","Tr9_study3.png","0","335543","C:/Users/Public/Experiments/IDs/05-WMC/MU/MUsbj058.csv","study","1000","5","58","346131","347133"
"MU.osexp","C:\Users\Public\Experiments\IDs\05-WMC\MU","Tr9_study4.png","0","335543","C:/Users/Public/Experiments/IDs/05-WMC/MU/MUsbj058.csv","study","1000","5","58","347471","348473"
"MU.osexp","C:\Users\Public\Experiments\IDs\05-WMC\MU","Tr9_study5.png","0","335543","C:/Users/Public/Experiments/IDs/05-WMC/MU/MUsbj058.csv","study","1000","5","58","348861","349862"
"MU.osexp","C:\Users\Public\Experiments\IDs\05-WMC\MU","Tr9_update1.png","0","335543","C:/Users/Public/Experiments/IDs/05-WMC/MU/MUsbj058.csv","update","1300","5","58","350229","351531"
"MU.osexp","C:\Users\Public\Experiments\IDs\05-WMC\MU","Tr9_update2.png","0","335543","C:/Users/Public/Experiments/IDs/05-WMC/MU/MUsbj058.csv","update","1300","5","58","351913","353215"
"MU.osexp","C:\Users\Public\Experiments\IDs\05-WMC\MU","Tr9_test1.png","4","355448","C:/Users/Public/Experiments/IDs/05-WMC/MU/MUsbj058.csv","test","0","5","58","353563","355449"
"MU.osexp","C:\Users\Public\Experiments\IDs\05-WMC\MU","Tr9_test2.png","7","357704","C:/Users/Public/Experiments/IDs/05-WMC/MU/MUsbj058.csv","test","0","5","58","356550","357705"
"MU.osexp","C:\Users\Public\Experiments\IDs\05-WMC\MU","Tr9_test3.png","1","359936","C:/Users/Public/Experiments/IDs/05-WMC/MU/MUsbj058.csv","test","0","5","58","358803","359937"
"MU.osexp","C:\Users\Public\Experiments\IDs\05-WMC\MU","Tr9_test4.png","3","361408","C:/Users/Public/Experiments/IDs/05-WMC/MU/MUsbj058.csv","test","0","5","58","361034","361409"
"MU.osexp","C:\Users\Public\Experiments\IDs\05-WMC\MU","Tr9_test5.png","3","363472","C:/Users/Public/Experiments/IDs/05-WMC/MU/MUsbj058.csv","test","0","5","58","362515","363473"
"MU.osexp","C:\Users\Public\Experiments\IDs\05-WMC\MU","wait.png","3","363472","C:/Users/Public/Experiments/IDs/05-WMC/MU/MUsbj058.csv","wait","5000","3","58","364562","363473"
"MU.osexp","C:\Users\Public\Experiments\IDs\05-WMC\MU","fixation.png","3","363472","C:/Users/Public/Experiments/IDs/05-WMC/MU/MUsbj058.csv","fix","1500","3","58","369658","363473"
"MU.osexp","C:\Users\Public\Experiments\IDs\05-WMC\MU","Tr10_study1.png","3","363472","C:/Users/Public/Experiments/IDs/05-WMC/MU/MUsbj058.csv","study","1000","3","58","371392","372393"
"MU.osexp","C:\Users\Public\Experiments\IDs\05-WMC\MU","Tr10_study2.png","3","363472","C:/Users/Public/Experiments/IDs/05-WMC/MU/MUsbj058.csv","study","1000","3","58","372759","373761"
"MU.osexp","C:\Users\Public\Experiments\IDs\05-WMC\MU","Tr10_study3.png","3","363472","C:/Users/Public/Experiments/IDs/05-WMC/MU/MUsbj058.csv","study","1000","3","58","374111","375112"
"MU.osexp","C:\Users\Public\Experiments\IDs\05-WMC\MU","Tr10_update1.png","3","363472","C:/Users/Public/Experiments/IDs/05-WMC/MU/MUsbj058.csv","update","1300","3","58","375464","376766"
"MU.osexp","C:\Users\Public\Experiments\IDs\05-WMC\MU","Tr10_update2.png","3","363472","C:/Users/Public/Experiments/IDs/05-WMC/MU/MUsbj058.csv","update","1300","3","58","377124","378426"
"MU.osexp","C:\Users\Public\Experiments\IDs\05-WMC\MU","Tr10_test1.png","5","380848","C:/Users/Public/Experiments/IDs/05-WMC/MU/MUsbj058.csv","test","0","3","58","378793","380849"
"MU.osexp","C:\Users\Public\Experiments\IDs\05-WMC\MU","Tr10_test2.png","3","383168","C:/Users/Public/Experiments/IDs/05-WMC/MU/MUsbj058.csv","test","0","3","58","381946","383169"
"MU.osexp","C:\Users\Public\Experiments\IDs\05-WMC\MU","Tr10_test3.png","5","384768","C:/Users/Public/Experiments/IDs/05-WMC/MU/MUsbj058.csv","test","0","3","58","384270","384768"
"MU.osexp","C:\Users\Public\Experiments\IDs\05-WMC\MU","wait.png","5","384768","C:/Users/Public/Experiments/IDs/05-WMC/MU/MUsbj058.csv","wait","5000","5","58","385877","384768"
"MU.osexp","C:\Users\Public\Experiments\IDs\05-WMC\MU","fixation.png","5","384768","C:/Users/Public/Experiments/IDs/05-WMC/MU/MUsbj058.csv","fix","1500","5","58","390987","384768"
"MU.osexp","C:\Users\Public\Experiments\IDs\05-WMC\MU","Tr11_study1.png","5","384768","C:/Users/Public/Experiments/IDs/05-WMC/MU/MUsbj058.csv","study","1000","5","58","392624","393624"
"MU.osexp","C:\Users\Public\Experiments\IDs\05-WMC\MU","Tr11_study2.png","5","384768","C:/Users/Public/Experiments/IDs/05-WMC/MU/MUsbj058.csv","study","1000","5","58","393979","394981"
"MU.osexp","C:\Users\Public\Experiments\IDs\05-WMC\MU","Tr11_study3.png","5","384768","C:/Users/Public/Experiments/IDs/05-WMC/MU/MUsbj058.csv","study","1000","5","58","395354","396355"
"MU.osexp","C:\Users\Public\Experiments\IDs\05-WMC\MU","Tr11_study4.png","5","384768","C:/Users/Public/Experiments/IDs/05-WMC/MU/MUsbj058.csv","study","1000","5","58","396700","397702"
"MU.osexp","C:\Users\Public\Experiments\IDs\05-WMC\MU","Tr11_study5.png","5","384768","C:/Users/Public/Experiments/IDs/05-WMC/MU/MUsbj058.csv","study","1000","5","58","398053","399054"
"MU.osexp","C:\Users\Public\Experiments\IDs\05-WMC\MU","Tr11_update1.png","5","384768","C:/Users/Public/Experiments/IDs/05-WMC/MU/MUsbj058.csv","update","1300","5","58","399426","400728"
"MU.osexp","C:\Users\Public\Experiments\IDs\05-WMC\MU","Tr11_update2.png","5","384768","C:/Users/Public/Experiments/IDs/05-WMC/MU/MUsbj058.csv","update","1300","5","58","401082","402384"
"MU.osexp","C:\Users\Public\Experiments\IDs\05-WMC\MU","Tr11_update3.png","5","384768","C:/Users/Public/Experiments/IDs/05-WMC/MU/MUsbj058.csv","update","1300","5","58","402732","404034"
"MU.osexp","C:\Users\Public\Experiments\IDs\05-WMC\MU","Tr11_test1.png","5","405872","C:/Users/Public/Experiments/IDs/05-WMC/MU/MUsbj058.csv","test","0","5","58","404385","405873"
"MU.osexp","C:\Users\Public\Experiments\IDs\05-WMC\MU","Tr11_test2.png","3","409592","C:/Users/Public/Experiments/IDs/05-WMC/MU/MUsbj058.csv","test","0","5","58","406971","409593"
"MU.osexp","C:\Users\Public\Experiments\IDs\05-WMC\MU","Tr11_test3.png","1","411624","C:/Users/Public/Experiments/IDs/05-WMC/MU/MUsbj058.csv","test","0","5","58","410714","411625"
"MU.osexp","C:\Users\Public\Experiments\IDs\05-WMC\MU","Tr11_test4.png","6","413808","C:/Users/Public/Experiments/IDs/05-WMC/MU/MUsbj058.csv","test","0","5","58","412731","413809"
"MU.osexp","C:\Users\Public\Experiments\IDs\05-WMC\MU","Tr11_test5.png","4","416064","C:/Users/Public/Experiments/IDs/05-WMC/MU/MUsbj058.csv","test","0","5","58","414931","416065"
"MU.osexp","C:\Users\Public\Experiments\IDs\05-WMC\MU","wait.png","4","416064","C:/Users/Public/Experiments/IDs/05-WMC/MU/MUsbj058.csv","wait","5000","3","58","417160","416065"
"MU.osexp","C:\Users\Public\Experiments\IDs\05-WMC\MU","fixation.png","4","416064","C:/Users/Public/Experiments/IDs/05-WMC/MU/MUsbj058.csv","fix","1500","3","58","422267","416065"
"MU.osexp","C:\Users\Public\Experiments\IDs\05-WMC\MU","Tr12_study1.png","4","416064","C:/Users/Public/Experiments/IDs/05-WMC/MU/MUsbj058.csv","study","1000","3","58","423885","424886"
"MU.osexp","C:\Users\Public\Experiments\IDs\05-WMC\MU","Tr12_study2.png","4","416064","C:/Users/Public/Experiments/IDs/05-WMC/MU/MUsbj058.csv","study","1000","3","58","425245","426247"
"MU.osexp","C:\Users\Public\Experiments\IDs\05-WMC\MU","Tr12_study3.png","4","416064","C:/Users/Public/Experiments/IDs/05-WMC/MU/MUsbj058.csv","study","1000","3","58","426609","427609"
"MU.osexp","C:\Users\Public\Experiments\IDs\05-WMC\MU","Tr12_update1.png","4","416064","C:/Users/Public/Experiments/IDs/05-WMC/MU/MUsbj058.csv","update","1300","3","58","427976","429278"
"MU.osexp","C:\Users\Public\Experiments\IDs\05-WMC\MU","Tr12_update2.png","4","416064","C:/Users/Public/Experiments/IDs/05-WMC/MU/MUsbj058.csv","update","1300","3","58","429656","430958"
"MU.osexp","C:\Users\Public\Experiments\IDs\05-WMC\MU","Tr12_update3.png","4","416064","C:/Users/Public/Experiments/IDs/05-WMC/MU/MUsbj058.csv","update","1300","3","58","431307","432609"
"MU.osexp","C:\Users\Public\Experiments\IDs\05-WMC\MU","Tr12_update4.png","4","416064","C:/Users/Public/Experiments/IDs/05-WMC/MU/MUsbj058.csv","update","1300","3","58","432963","434265"
"MU.osexp","C:\Users\Public\Experiments\IDs\05-WMC\MU","Tr12_update5.png","4","416064","C:/Users/Public/Experiments/IDs/05-WMC/MU/MUsbj058.csv","update","1300","3","58","434614","435916"
"MU.osexp","C:\Users\Public\Experiments\IDs\05-WMC\MU","Tr12_test1.png","3","437960","C:/Users/Public/Experiments/IDs/05-WMC/MU/MUsbj058.csv","test","0","3","58","436282","437960"
"MU.osexp","C:\Users\Public\Experiments\IDs\05-WMC\MU","Tr12_test2.png","3","439512","C:/Users/Public/Experiments/IDs/05-WMC/MU/MUsbj058.csv","test","0","3","58","439053","439512"
"MU.osexp","C:\Users\Public\Experiments\IDs\05-WMC\MU","Tr12_test3.png","8","442744","C:/Users/Public/Experiments/IDs/05-WMC/MU/MUsbj058.csv","test","0","3","58","440607","442745"
"MU.osexp","C:\Users\Public\Experiments\IDs\05-WMC\MU","wait.png","8","442744","C:/Users/Public/Experiments/IDs/05-WMC/MU/MUsbj058.csv","wait","5000","3","58","443835","442745"
"MU.osexp","C:\Users\Public\Experiments\IDs\05-WMC\MU","fixation.png","8","442744","C:/Users/Public/Experiments/IDs/05-WMC/MU/MUsbj058.csv","fix","1500","3","58","448932","442745"
"MU.osexp","C:\Users\Public\Experiments\IDs\05-WMC\MU","Tr13_study1.png","8","442744","C:/Users/Public/Experiments/IDs/05-WMC/MU/MUsbj058.csv","study","1000","3","58","450552","451554"
"MU.osexp","C:\Users\Public\Experiments\IDs\05-WMC\MU","Tr13_study2.png","8","442744","C:/Users/Public/Experiments/IDs/05-WMC/MU/MUsbj058.csv","study","1000","3","58","452012","453014"
"MU.osexp","C:\Users\Public\Experiments\IDs\05-WMC\MU","Tr13_study3.png","8","442744","C:/Users/Public/Experiments/IDs/05-WMC/MU/MUsbj058.csv","study","1000","3","58","453361","454362"
"MU.osexp","C:\Users\Public\Experiments\IDs\05-WMC\MU","Tr13_update1.png","8","442744","C:/Users/Public/Experiments/IDs/05-WMC/MU/MUsbj058.csv","update","1300","3","58","454708","456010"
"MU.osexp","C:\Users\Public\Experiments\IDs\05-WMC\MU","Tr13_update2.png","8","442744","C:/Users/Public/Experiments/IDs/05-WMC/MU/MUsbj058.csv","update","1300","3","58","456381","457683"
"MU.osexp","C:\Users\Public\Experiments\IDs\05-WMC\MU","Tr13_update3.png","8","442744","C:/Users/Public/Experiments/IDs/05-WMC/MU/MUsbj058.csv","update","1300","3","58","458032","459334"
"MU.osexp","C:\Users\Public\Experiments\IDs\05-WMC\MU","Tr13_update4.png","8","442744","C:/Users/Public/Experiments/IDs/05-WMC/MU/MUsbj058.csv","update","1300","3","58","459758","461060"
"MU.osexp","C:\Users\Public\Experiments\IDs\05-WMC\MU","Tr13_test1.png","4","463840","C:/Users/Public/Experiments/IDs/05-WMC/MU/MUsbj058.csv","test","0","3","58","461422","463841"
"MU.osexp","C:\Users\Public\Experiments\IDs\05-WMC\MU","Tr13_test2.png","1","467184","C:/Users/Public/Experiments/IDs/05-WMC/MU/MUsbj058.csv","test","0","3","58","464951","467185"
"MU.osexp","C:\Users\Public\Experiments\IDs\05-WMC\MU","Tr13_test3.png","2","469904","C:/Users/Public/Experiments/IDs/05-WMC/MU/MUsbj058.csv","test","0","3","58","468290","469905"
"MU.osexp","C:\Users\Public\Experiments\IDs\05-WMC\MU","wait.png","2","469904","C:/Users/Public/Experiments/IDs/05-WMC/MU/MUsbj058.csv","wait","5000","5","58","470990","469905"
"MU.osexp","C:\Users\Public\Experiments\IDs\05-WMC\MU","fixation.png","2","469904","C:/Users/Public/Experiments/IDs/05-WMC/MU/MUsbj058.csv","fix","1500","5","58","476085","469905"
"MU.osexp","C:\Users\Public\Experiments\IDs\05-WMC\MU","Tr14_study1.png","2","469904","C:/Users/Public/Experiments/IDs/05-WMC/MU/MUsbj058.csv","study","1000","5","58","477720","478720"
"MU.osexp","C:\Users\Public\Experiments\IDs\05-WMC\MU","Tr14_study2.png","2","469904","C:/Users/Public/Experiments/IDs/05-WMC/MU/MUsbj058.csv","study","1000","5","58","479058","480058"
"MU.osexp","C:\Users\Public\Experiments\IDs\05-WMC\MU","Tr14_study3.png","2","469904","C:/Users/Public/Experiments/IDs/05-WMC/MU/MUsbj058.csv","study","1000","5","58","480420","481420"
"MU.osexp","C:\Users\Public\Experiments\IDs\05-WMC\MU","Tr14_study4.png","2","469904","C:/Users/Public/Experiments/IDs/05-WMC/MU/MUsbj058.csv","study","1000","5","58","481753","482753"
"MU.osexp","C:\Users\Public\Experiments\IDs\05-WMC\MU","Tr14_study5.png","2","469904","C:/Users/Public/Experiments/IDs/05-WMC/MU/MUsbj058.csv","study","1000","5","58","483085","484085"
"MU.osexp","C:\Users\Public\Experiments\IDs\05-WMC\MU","Tr14_update1.png","2","469904","C:/Users/Public/Experiments/IDs/05-WMC/MU/MUsbj058.csv","update","1300","5","58","484418","485718"
"MU.osexp","C:\Users\Public\Experiments\IDs\05-WMC\MU","Tr14_update2.png","2","469904","C:/Users/Public/Experiments/IDs/05-WMC/MU/MUsbj058.csv","update","1300","5","58","486050","487350"
"MU.osexp","C:\Users\Public\Experiments\IDs\05-WMC\MU","Tr14_update3.png","2","469904","C:/Users/Public/Experiments/IDs/05-WMC/MU/MUsbj058.csv","update","1300","5","58","487699","488999"
"MU.osexp","C:\Users\Public\Experiments\IDs\05-WMC\MU","Tr14_update4.png","2","469904","C:/Users/Public/Experiments/IDs/05-WMC/MU/MUsbj058.csv","update","1300","5","58","489330","490630"
"MU.osexp","C:\Users\Public\Experiments\IDs\05-WMC\MU","Tr14_test1.png","6","492688","C:/Users/Public/Experiments/IDs/05-WMC/MU/MUsbj058.csv","test","0","5","58","490964","492688"
"MU.osexp","C:\Users\Public\Experiments\IDs\05-WMC\MU","Tr14_test2.png","1","494264","C:/Users/Public/Experiments/IDs/05-WMC/MU/MUsbj058.csv","test","0","5","58","493769","494265"
"MU.osexp","C:\Users\Public\Experiments\IDs\05-WMC\MU","Tr14_test3.png","9","497504","C:/Users/Public/Experiments/IDs/05-WMC/MU/MUsbj058.csv","test","0","5","58","495344","497505"
"MU.osexp","C:\Users\Public\Experiments\IDs\05-WMC\MU","Tr14_test4.png","8","499456","C:/Users/Public/Experiments/IDs/05-WMC/MU/MUsbj058.csv","test","0","5","58","498622","499457"
"MU.osexp","C:\Users\Public\Experiments\IDs\05-WMC\MU","Tr14_test5.png","3","501160","C:/Users/Public/Experiments/IDs/05-WMC/MU/MUsbj058.csv","test","0","5","58","500537","501161"
"MU.osexp","C:\Users\Public\Experiments\IDs\05-WMC\MU","wait.png","3","501160","C:/Users/Public/Experiments/IDs/05-WMC/MU/MUsbj058.csv","wait","5000","4","58","502240","501161"
"MU.osexp","C:\Users\Public\Experiments\IDs\05-WMC\MU","fixation.png","3","501160","C:/Users/Public/Experiments/IDs/05-WMC/MU/MUsbj058.csv","fix","1500","4","58","507321","501161"
"MU.osexp","C:\Users\Public\Experiments\IDs\05-WMC\MU","Tr15_study1.png","3","501160","C:/Users/Public/Experiments/IDs/05-WMC/MU/MUsbj058.csv","study","1000","4","58","508903","509903"
"MU.osexp","C:\Users\Public\Experiments\IDs\05-WMC\MU","Tr15_study2.png","3","501160","C:/Users/Public/Experiments/IDs/05-WMC/MU/MUsbj058.csv","study","1000","4","58","510231","511231"
"MU.osexp","C:\Users\Public\Experiments\IDs\05-WMC\MU","Tr15_study3.png","3","501160","C:/Users/Public/Experiments/IDs/05-WMC/MU/MUsbj058.csv","study","1000","4","58","511557","512557"
"MU.osexp","C:\Users\Public\Experiments\IDs\05-WMC\MU","Tr15_study4.png","3","501160","C:/Users/Public/Experiments/IDs/05-WMC/MU/MUsbj058.csv","study","1000","4","58","512874","513874"
"MU.osexp","C:\Users\Public\Experiments\IDs\05-WMC\MU","Tr15_update1.png","3","501160","C:/Users/Public/Experiments/IDs/05-WMC/MU/MUsbj058.csv","update","1300","4","58","514201","515503"
"MU.osexp","C:\Users\Public\Experiments\IDs\05-WMC\MU","Tr15_update2.png","3","501160","C:/Users/Public/Experiments/IDs/05-WMC/MU/MUsbj058.csv","update","1300","4","58","515990","517292"
"MU.osexp","C:\Users\Public\Experiments\IDs\05-WMC\MU","Tr15_update3.png","3","501160","C:/Users/Public/Experiments/IDs/05-WMC/MU/MUsbj058.csv","update","1300","4","58","517753","519055"
"MU.osexp","C:\Users\Public\Experiments\IDs\05-WMC\MU","Tr15_update4.png","3","501160","C:/Users/Public/Experiments/IDs/05-WMC/MU/MUsbj058.csv","update","1300","4","58","519405","520707"
"MU.osexp","C:\Users\Public\Experiments\IDs\05-WMC\MU","Tr15_update5.png","3","501160","C:/Users/Public/Experiments/IDs/05-WMC/MU/MUsbj058.csv","update","1300","4","58","521060","522362"
"MU.osexp","C:\Users\Public\Experiments\IDs\05-WMC\MU","Tr15_update6.png","3","501160","C:/Users/Public/Experiments/IDs/05-WMC/MU/MUsbj058.csv","update","1300","4","58","522700","524002"
"MU.osexp","C:\Users\Public\Experiments\IDs\05-WMC\MU","Tr15_test1.png","4","526168","C:/Users/Public/Experiments/IDs/05-WMC/MU/MUsbj058.csv","test","0","4","58","524353","526168"
"MU.osexp","C:\Users\Public\Experiments\IDs\05-WMC\MU","Tr15_test2.png","3","527680","C:/Users/Public/Experiments/IDs/05-WMC/MU/MUsbj058.csv","test","0","4","58","527258","527680"
"MU.osexp","C:\Users\Public\Experiments\IDs\05-WMC\MU","Tr15_test3.png","9","529264","C:/Users/Public/Experiments/IDs/05-WMC/MU/MUsbj058.csv","test","0","4","58","528837","529265"
"MU.osexp","C:\Users\Public\Experiments\IDs\05-WMC\MU","Tr15_test4.png","7","530768","C:/Users/Public/Experiments/IDs/05-WMC/MU/MUsbj058.csv","test","0","4","58","530378","530769"
"MU.osexp","C:\Users\Public\Experiments\IDs\05-WMC\MU","wait.png","7","530768","C:/Users/Public/Experiments/IDs/05-WMC/MU/MUsbj058.csv","wait","5000","4","58","531883","530769"
"MU.osexp","C:\Users\Public\Experiments\IDs\05-WMC\MU","fixation.png","7","530768","C:/Users/Public/Experiments/IDs/05-WMC/MU/MUsbj058.csv","fix","1500","4","58","536984","530769"
"MU.osexp","C:\Users\Public\Experiments\IDs\05-WMC\MU","Tr16_study1.png","7","530768","C:/Users/Public/Experiments/IDs/05-WMC/MU/MUsbj058.csv","study","1000","4","58","538620","539622"
"MU.osexp","C:\Users\Public\Experiments\IDs\05-WMC\MU","Tr16_study2.png","7","530768","C:/Users/Public/Experiments/IDs/05-WMC/MU/MUsbj058.csv","study","1000","4","58","539973","540975"
"MU.osexp","C:\Users\Public\Experiments\IDs\05-WMC\MU","Tr16_study3.png","7","530768","C:/Users/Public/Experiments/IDs/05-WMC/MU/MUsbj058.csv","study","1000","4","58","541341","542343"
"MU.osexp","C:\Users\Public\Experiments\IDs\05-WMC\MU","Tr16_study4.png","7","530768","C:/Users/Public/Experiments/IDs/05-WMC/MU/MUsbj058.csv","study","1000","4","58","542699","543701"
"MU.osexp","C:\Users\Public\Experiments\IDs\05-WMC\MU","Tr16_update1.png","7","530768","C:/Users/Public/Experiments/IDs/05-WMC/MU/MUsbj058.csv","update","1300","4","58","544038","545340"
"MU.osexp","C:\Users\Public\Experiments\IDs\05-WMC\MU","Tr16_update2.png","7","530768","C:/Users/Public/Experiments/IDs/05-WMC/MU/MUsbj058.csv","update","1300","4","58","545696","546998"
"MU.osexp","C:\Users\Public\Experiments\IDs\05-WMC\MU","Tr16_test1.png","7","552720","C:/Users/Public/Experiments/IDs/05-WMC/MU/MUsbj058.csv","test","0","4","58","547401","552721"
"MU.osexp","C:\Users\Public\Experiments\IDs\05-WMC\MU","Tr16_test2.png","8","554896","C:/Users/Public/Experiments/IDs/05-WMC/MU/MUsbj058.csv","test","0","4","58","553829","554897"
"MU.osexp","C:\Users\Public\Experiments\IDs\05-WMC\MU","Tr16_test3.png","8","561520","C:/Users/Public/Experiments/IDs/05-WMC/MU/MUsbj058.csv","test","0","4","58","556002","561520"
"MU.osexp","C:\Users\Public\Experiments\IDs\05-WMC\MU","Tr16_test4.png","6","564097","C:/Users/Public/Experiments/IDs/05-WMC/MU/MUsbj058.csv","test","0","4","58","562619","564097"
"MU.osexp","C:\Users\Public\Experiments\IDs\05-WMC\MU","wait.png","6","564097","C:/Users/Public/Experiments/IDs/05-WMC/MU/MUsbj058.csv","wait","5000","5","58","565198","564097"
"MU.osexp","C:\Users\Public\Experiments\IDs\05-WMC\MU","fixation.png","6","564097","C:/Users/Public/Experiments/IDs/05-WMC/MU/MUsbj058.csv","fix","1500","5","58","570298","564097"
"MU.osexp","C:\Users\Public\Experiments\IDs\05-WMC\MU","Tr17_study1.png","6","564097","C:/Users/Public/Experiments/IDs/05-WMC/MU/MUsbj058.csv","study","1000","5","58","571905","572906"
"MU.osexp","C:\Users\Public\Experiments\IDs\05-WMC\MU","Tr17_study2.png","6","564097","C:/Users/Public/Experiments/IDs/05-WMC/MU/MUsbj058.csv","study","1000","5","58","573255","574257"
"MU.osexp","C:\Users\Public\Experiments\IDs\05-WMC\MU","Tr17_study3.png","6","564097","C:/Users/Public/Experiments/IDs/05-WMC/MU/MUsbj058.csv","study","1000","5","58","574633","575633"
"MU.osexp","C:\Users\Public\Experiments\IDs\05-WMC\MU","Tr17_study4.png","6","564097","C:/Users/Public/Experiments/IDs/05-WMC/MU/MUsbj058.csv","study","1000","5","58","575989","576991"
"MU.osexp","C:\Users\Public\Experiments\IDs\05-WMC\MU","Tr17_study5.png","6","564097","C:/Users/Public/Experiments/IDs/05-WMC/MU/MUsbj058.csv","study","1000","5","58","577363","578364"
"MU.osexp","C:\Users\Public\Experiments\IDs\05-WMC\MU","Tr17_update1.png","6","564097","C:/Users/Public/Experiments/IDs/05-WMC/MU/MUsbj058.csv","update","1300","5","58","578719","580021"
"MU.osexp","C:\Users\Public\Experiments\IDs\05-WMC\MU","Tr17_update2.png","6","564097","C:/Users/Public/Experiments/IDs/05-WMC/MU/MUsbj058.csv","update","1300","5","58","580389","581691"
"MU.osexp","C:\Users\Public\Experiments\IDs\05-WMC\MU","Tr17_update3.png","6","564097","C:/Users/Public/Experiments/IDs/05-WMC/MU/MUsbj058.csv","update","1300","5","58","582046","583348"
"MU.osexp","C:\Users\Public\Experiments\IDs\05-WMC\MU","Tr17_update4.png","6","564097","C:/Users/Public/Experiments/IDs/05-WMC/MU/MUsbj058.csv","update","1300","5","58","583708","585010"
"MU.osexp","C:\Users\Public\Experiments\IDs\05-WMC\MU","Tr17_update5.png","6","564097","C:/Users/Public/Experiments/IDs/05-WMC/MU/MUsbj058.csv","update","1300","5","58","585366","586668"
"MU.osexp","C:\Users\Public\Experiments\IDs\05-WMC\MU","Tr17_update6.png","6","564097","C:/Users/Public/Experiments/IDs/05-WMC/MU/MUsbj058.csv","update","1300","5","58","587016","588318"
"MU.osexp","C:\Users\Public\Experiments\IDs\05-WMC\MU","Tr17_test1.png","4","589904","C:/Users/Public/Experiments/IDs/05-WMC/MU/MUsbj058.csv","test","0","5","58","588671","589905"
"MU.osexp","C:\Users\Public\Experiments\IDs\05-WMC\MU","Tr17_test2.png","4","591264","C:/Users/Public/Experiments/IDs/05-WMC/MU/MUsbj058.csv","test","0","5","58","591011","591265"
"MU.osexp","C:\Users\Public\Experiments\IDs\05-WMC\MU","Tr17_test3.png","8","592808","C:/Users/Public/Experiments/IDs/05-WMC/MU/MUsbj058.csv","test","0","5","58","592395","592809"
"MU.osexp","C:\Users\Public\Experiments\IDs\05-WMC\MU","Tr17_test4.png","3","594016","C:/Users/Public/Experiments/IDs/05-WMC/MU/MUsbj058.csv","test","0","5","58","593914","594016"
"MU.osexp","C:\Users\Public\Experiments\IDs\05-WMC\MU","Tr17_test5.png","6","595472","C:/Users/Public/Experiments/IDs/05-WMC/MU/MUsbj058.csv","test","0","5","58","595139","595473"
