"experiment_file","experiment_path","image","key","key_time","logfile","phase","playtime","setSize","subject_nr","timestamp","waittime"
"MU.osexp","C:\Users\Public\Experiments\SM01\05-WMC\MU","ready1.png","NA","NA","C:/Users/Public/Experiments/SM01/05-WMC/MU/MU_results/MUsbj009.csv","pre","0","3","9","113765","NA"
"MU.osexp","C:\Users\Public\Experiments\SM01\05-WMC\MU","fixation.png","NA","NA","C:/Users/Public/Experiments/SM01/05-WMC/MU/MU_results/MUsbj009.csv","fix","1500","3","9","115783","NA"
"MU.osexp","C:\Users\Public\Experiments\SM01\05-WMC\MU","Tr1_study1.png","NA","NA","C:/Users/Public/Experiments/SM01/05-WMC/MU/MU_results/MUsbj009.csv","study","1000","3","9","117400","118402"
"MU.osexp","C:\Users\Public\Experiments\SM01\05-WMC\MU","Tr1_study2.png","NA","NA","C:/Users/Public/Experiments/SM01/05-WMC/MU/MU_results/MUsbj009.csv","study","1000","3","9","118768","119770"
"MU.osexp","C:\Users\Public\Experiments\SM01\05-WMC\MU","Tr1_study3.png","NA","NA","C:/Users/Public/Experiments/SM01/05-WMC/MU/MU_results/MUsbj009.csv","study","1000","3","9","120107","121109"
"MU.osexp","C:\Users\Public\Experiments\SM01\05-WMC\MU","Tr1_update1.png","NA","NA","C:/Users/Public/Experiments/SM01/05-WMC/MU/MU_results/MUsbj009.csv","update","1300","3","9","121458","122759"
"MU.osexp","C:\Users\Public\Experiments\SM01\05-WMC\MU","Tr1_update2.png","NA","NA","C:/Users/Public/Experiments/SM01/05-WMC/MU/MU_results/MUsbj009.csv","update","1300","3","9","123107","124409"
"MU.osexp","C:\Users\Public\Experiments\SM01\05-WMC\MU","Tr1_update3.png","NA","NA","C:/Users/Public/Experiments/SM01/05-WMC/MU/MU_results/MUsbj009.csv","update","1300","3","9","124773","126075"
"MU.osexp","C:\Users\Public\Experiments\SM01\05-WMC\MU","Tr1_test1.png","9","129031","C:/Users/Public/Experiments/SM01/05-WMC/MU/MU_results/MUsbj009.csv","test","0","3","9","126439","129032"
"MU.osexp","C:\Users\Public\Experiments\SM01\05-WMC\MU","Tr1_test2.png","8","131279","C:/Users/Public/Experiments/SM01/05-WMC/MU/MU_results/MUsbj009.csv","test","0","3","9","130144","131280"
"MU.osexp","C:\Users\Public\Experiments\SM01\05-WMC\MU","Tr1_test3.png","2","133040","C:/Users/Public/Experiments/SM01/05-WMC/MU/MU_results/MUsbj009.csv","test","0","3","9","132405","133041"
"MU.osexp","C:\Users\Public\Experiments\SM01\05-WMC\MU","wait.png","2","133040","C:/Users/Public/Experiments/SM01/05-WMC/MU/MU_results/MUsbj009.csv","wait","5000","3","9","134153","133041"
"MU.osexp","C:\Users\Public\Experiments\SM01\05-WMC\MU","fixation.png","2","133040","C:/Users/Public/Experiments/SM01/05-WMC/MU/MU_results/MUsbj009.csv","fix","1500","3","9","139249","133041"
"MU.osexp","C:\Users\Public\Experiments\SM01\05-WMC\MU","Tr2_study1.png","2","133040","C:/Users/Public/Experiments/SM01/05-WMC/MU/MU_results/MUsbj009.csv","study","1000","3","9","140867","141868"
"MU.osexp","C:\Users\Public\Experiments\SM01\05-WMC\MU","Tr2_study2.png","2","133040","C:/Users/Public/Experiments/SM01/05-WMC/MU/MU_results/MUsbj009.csv","study","1000","3","9","142247","143249"
"MU.osexp","C:\Users\Public\Experiments\SM01\05-WMC\MU","Tr2_study3.png","2","133040","C:/Users/Public/Experiments/SM01/05-WMC/MU/MU_results/MUsbj009.csv","study","1000","3","9","143608","144610"
"MU.osexp","C:\Users\Public\Experiments\SM01\05-WMC\MU","Tr2_update1.png","2","133040","C:/Users/Public/Experiments/SM01/05-WMC/MU/MU_results/MUsbj009.csv","update","1300","3","9","144938","146240"
"MU.osexp","C:\Users\Public\Experiments\SM01\05-WMC\MU","Tr2_update2.png","2","133040","C:/Users/Public/Experiments/SM01/05-WMC/MU/MU_results/MUsbj009.csv","update","1300","3","9","146602","147904"
"MU.osexp","C:\Users\Public\Experiments\SM01\05-WMC\MU","Tr2_update3.png","2","133040","C:/Users/Public/Experiments/SM01/05-WMC/MU/MU_results/MUsbj009.csv","update","1300","3","9","148277","149579"
"MU.osexp","C:\Users\Public\Experiments\SM01\05-WMC\MU","Tr2_test1.png","4","151496","C:/Users/Public/Experiments/SM01/05-WMC/MU/MU_results/MUsbj009.csv","test","0","3","9","149936","151497"
"MU.osexp","C:\Users\Public\Experiments\SM01\05-WMC\MU","Tr2_test2.png","6","153575","C:/Users/Public/Experiments/SM01/05-WMC/MU/MU_results/MUsbj009.csv","test","0","3","9","152649","153576"
"MU.osexp","C:\Users\Public\Experiments\SM01\05-WMC\MU","Tr2_test3.png","1","155439","C:/Users/Public/Experiments/SM01/05-WMC/MU/MU_results/MUsbj009.csv","test","0","3","9","154699","155440"
"MU.osexp","C:\Users\Public\Experiments\SM01\05-WMC\MU","ready2.png","1","155439","C:/Users/Public/Experiments/SM01/05-WMC/MU/MU_results/MUsbj009.csv","pre","0","3","9","159160","155440"
"MU.osexp","C:\Users\Public\Experiments\SM01\05-WMC\MU","fixation.png","1","155439","C:/Users/Public/Experiments/SM01/05-WMC/MU/MU_results/MUsbj009.csv","fix","1500","3","9","161154","155440"
"MU.osexp","C:\Users\Public\Experiments\SM01\05-WMC\MU","Tr3_study1.png","1","155439","C:/Users/Public/Experiments/SM01/05-WMC/MU/MU_results/MUsbj009.csv","study","1000","3","9","162769","163771"
"MU.osexp","C:\Users\Public\Experiments\SM01\05-WMC\MU","Tr3_study2.png","1","155439","C:/Users/Public/Experiments/SM01/05-WMC/MU/MU_results/MUsbj009.csv","study","1000","3","9","164146","165148"
"MU.osexp","C:\Users\Public\Experiments\SM01\05-WMC\MU","Tr3_study3.png","1","155439","C:/Users/Public/Experiments/SM01/05-WMC/MU/MU_results/MUsbj009.csv","study","1000","3","9","165526","166528"
"MU.osexp","C:\Users\Public\Experiments\SM01\05-WMC\MU","Tr3_update1.png","1","155439","C:/Users/Public/Experiments/SM01/05-WMC/MU/MU_results/MUsbj009.csv","update","1300","3","9","166998","168300"
"MU.osexp","C:\Users\Public\Experiments\SM01\05-WMC\MU","Tr3_update2.png","1","155439","C:/Users/Public/Experiments/SM01/05-WMC/MU/MU_results/MUsbj009.csv","update","1300","3","9","168676","169978"
"MU.osexp","C:\Users\Public\Experiments\SM01\05-WMC\MU","Tr3_update3.png","1","155439","C:/Users/Public/Experiments/SM01/05-WMC/MU/MU_results/MUsbj009.csv","update","1300","3","9","170349","171650"
"MU.osexp","C:\Users\Public\Experiments\SM01\05-WMC\MU","Tr3_test1.png","9","173415","C:/Users/Public/Experiments/SM01/05-WMC/MU/MU_results/MUsbj009.csv","test","0","3","9","172007","173416"
"MU.osexp","C:\Users\Public\Experiments\SM01\05-WMC\MU","Tr3_test2.png","7","175519","C:/Users/Public/Experiments/SM01/05-WMC/MU/MU_results/MUsbj009.csv","test","0","3","9","174532","175520"
"MU.osexp","C:\Users\Public\Experiments\SM01\05-WMC\MU","Tr3_test3.png","3","177447","C:/Users/Public/Experiments/SM01/05-WMC/MU/MU_results/MUsbj009.csv","test","0","3","9","176629","177448"
"MU.osexp","C:\Users\Public\Experiments\SM01\05-WMC\MU","wait.png","3","177447","C:/Users/Public/Experiments/SM01/05-WMC/MU/MU_results/MUsbj009.csv","wait","5000","4","9","178561","177448"
"MU.osexp","C:\Users\Public\Experiments\SM01\05-WMC\MU","fixation.png","3","177447","C:/Users/Public/Experiments/SM01/05-WMC/MU/MU_results/MUsbj009.csv","fix","1500","4","9","183678","177448"
"MU.osexp","C:\Users\Public\Experiments\SM01\05-WMC\MU","Tr4_study1.png","3","177447","C:/Users/Public/Experiments/SM01/05-WMC/MU/MU_results/MUsbj009.csv","study","1000","4","9","185290","186292"
"MU.osexp","C:\Users\Public\Experiments\SM01\05-WMC\MU","Tr4_study2.png","3","177447","C:/Users/Public/Experiments/SM01/05-WMC/MU/MU_results/MUsbj009.csv","study","1000","4","9","186635","187637"
"MU.osexp","C:\Users\Public\Experiments\SM01\05-WMC\MU","Tr4_study3.png","3","177447","C:/Users/Public/Experiments/SM01/05-WMC/MU/MU_results/MUsbj009.csv","study","1000","4","9","188002","189004"
"MU.osexp","C:\Users\Public\Experiments\SM01\05-WMC\MU","Tr4_study4.png","3","177447","C:/Users/Public/Experiments/SM01/05-WMC/MU/MU_results/MUsbj009.csv","study","1000","4","9","189476","190478"
"MU.osexp","C:\Users\Public\Experiments\SM01\05-WMC\MU","Tr4_update1.png","3","177447","C:/Users/Public/Experiments/SM01/05-WMC/MU/MU_results/MUsbj009.csv","update","1300","4","9","190825","192127"
"MU.osexp","C:\Users\Public\Experiments\SM01\05-WMC\MU","Tr4_update2.png","3","177447","C:/Users/Public/Experiments/SM01/05-WMC/MU/MU_results/MUsbj009.csv","update","1300","4","9","192473","193775"
"MU.osexp","C:\Users\Public\Experiments\SM01\05-WMC\MU","Tr4_update3.png","3","177447","C:/Users/Public/Experiments/SM01/05-WMC/MU/MU_results/MUsbj009.csv","update","1300","4","9","194125","195427"
"MU.osexp","C:\Users\Public\Experiments\SM01\05-WMC\MU","Tr4_update4.png","3","177447","C:/Users/Public/Experiments/SM01/05-WMC/MU/MU_results/MUsbj009.csv","update","1300","4","9","195801","197103"
"MU.osexp","C:\Users\Public\Experiments\SM01\05-WMC\MU","Tr4_test1.png","3","199815","C:/Users/Public/Experiments/SM01/05-WMC/MU/MU_results/MUsbj009.csv","test","0","4","9","197574","199816"
"MU.osexp","C:\Users\Public\Experiments\SM01\05-WMC\MU","Tr4_test2.png","9","201863","C:/Users/Public/Experiments/SM01/05-WMC/MU/MU_results/MUsbj009.csv","test","0","4","9","200930","201864"
"MU.osexp","C:\Users\Public\Experiments\SM01\05-WMC\MU","Tr4_test3.png","1","203856","C:/Users/Public/Experiments/SM01/05-WMC/MU/MU_results/MUsbj009.csv","test","0","4","9","202999","203857"
"MU.osexp","C:\Users\Public\Experiments\SM01\05-WMC\MU","Tr4_test4.png","7","205864","C:/Users/Public/Experiments/SM01/05-WMC/MU/MU_results/MUsbj009.csv","test","0","4","9","204950","205864"
"MU.osexp","C:\Users\Public\Experiments\SM01\05-WMC\MU","wait.png","7","205864","C:/Users/Public/Experiments/SM01/05-WMC/MU/MU_results/MUsbj009.csv","wait","5000","3","9","206987","205864"
"MU.osexp","C:\Users\Public\Experiments\SM01\05-WMC\MU","fixation.png","7","205864","C:/Users/Public/Experiments/SM01/05-WMC/MU/MU_results/MUsbj009.csv","fix","1500","3","9","212098","205864"
"MU.osexp","C:\Users\Public\Experiments\SM01\05-WMC\MU","Tr5_study1.png","7","205864","C:/Users/Public/Experiments/SM01/05-WMC/MU/MU_results/MUsbj009.csv","study","1000","3","9","213735","214737"
"MU.osexp","C:\Users\Public\Experiments\SM01\05-WMC\MU","Tr5_study2.png","7","205864","C:/Users/Public/Experiments/SM01/05-WMC/MU/MU_results/MUsbj009.csv","study","1000","3","9","215092","216094"
"MU.osexp","C:\Users\Public\Experiments\SM01\05-WMC\MU","Tr5_study3.png","7","205864","C:/Users/Public/Experiments/SM01/05-WMC/MU/MU_results/MUsbj009.csv","study","1000","3","9","216467","217469"
"MU.osexp","C:\Users\Public\Experiments\SM01\05-WMC\MU","Tr5_update1.png","7","205864","C:/Users/Public/Experiments/SM01/05-WMC/MU/MU_results/MUsbj009.csv","update","1300","3","9","217828","219131"
"MU.osexp","C:\Users\Public\Experiments\SM01\05-WMC\MU","Tr5_update2.png","7","205864","C:/Users/Public/Experiments/SM01/05-WMC/MU/MU_results/MUsbj009.csv","update","1300","3","9","219498","220800"
"MU.osexp","C:\Users\Public\Experiments\SM01\05-WMC\MU","Tr5_update3.png","7","205864","C:/Users/Public/Experiments/SM01/05-WMC/MU/MU_results/MUsbj009.csv","update","1300","3","9","221178","222480"
"MU.osexp","C:\Users\Public\Experiments\SM01\05-WMC\MU","Tr5_update4.png","7","205864","C:/Users/Public/Experiments/SM01/05-WMC/MU/MU_results/MUsbj009.csv","update","1300","3","9","222829","224131"
"MU.osexp","C:\Users\Public\Experiments\SM01\05-WMC\MU","Tr5_update5.png","7","205864","C:/Users/Public/Experiments/SM01/05-WMC/MU/MU_results/MUsbj009.csv","update","1300","3","9","224482","225784"
"MU.osexp","C:\Users\Public\Experiments\SM01\05-WMC\MU","Tr5_update6.png","7","205864","C:/Users/Public/Experiments/SM01/05-WMC/MU/MU_results/MUsbj009.csv","update","1300","3","9","226172","227474"
"MU.osexp","C:\Users\Public\Experiments\SM01\05-WMC\MU","Tr5_test1.png","4","229399","C:/Users/Public/Experiments/SM01/05-WMC/MU/MU_results/MUsbj009.csv","test","0","3","9","227818","229400"
"MU.osexp","C:\Users\Public\Experiments\SM01\05-WMC\MU","Tr5_test2.png","5","231271","C:/Users/Public/Experiments/SM01/05-WMC/MU/MU_results/MUsbj009.csv","test","0","3","9","230511","231272"
"MU.osexp","C:\Users\Public\Experiments\SM01\05-WMC\MU","Tr5_test3.png","3","233031","C:/Users/Public/Experiments/SM01/05-WMC/MU/MU_results/MUsbj009.csv","test","0","3","9","232396","233032"
"MU.osexp","C:\Users\Public\Experiments\SM01\05-WMC\MU","wait.png","3","233031","C:/Users/Public/Experiments/SM01/05-WMC/MU/MU_results/MUsbj009.csv","wait","5000","4","9","234140","233032"
"MU.osexp","C:\Users\Public\Experiments\SM01\05-WMC\MU","fixation.png","3","233031","C:/Users/Public/Experiments/SM01/05-WMC/MU/MU_results/MUsbj009.csv","fix","1500","4","9","239235","233032"
"MU.osexp","C:\Users\Public\Experiments\SM01\05-WMC\MU","Tr6_study1.png","3","233031","C:/Users/Public/Experiments/SM01/05-WMC/MU/MU_results/MUsbj009.csv","study","1000","4","9","240857","241859"
"MU.osexp","C:\Users\Public\Experiments\SM01\05-WMC\MU","Tr6_study2.png","3","233031","C:/Users/Public/Experiments/SM01/05-WMC/MU/MU_results/MUsbj009.csv","study","1000","4","9","242241","243244"
"MU.osexp","C:\Users\Public\Experiments\SM01\05-WMC\MU","Tr6_study3.png","3","233031","C:/Users/Public/Experiments/SM01/05-WMC/MU/MU_results/MUsbj009.csv","study","1000","4","9","243710","244712"
"MU.osexp","C:\Users\Public\Experiments\SM01\05-WMC\MU","Tr6_study4.png","3","233031","C:/Users/Public/Experiments/SM01/05-WMC/MU/MU_results/MUsbj009.csv","study","1000","4","9","245062","246064"
"MU.osexp","C:\Users\Public\Experiments\SM01\05-WMC\MU","Tr6_update1.png","3","233031","C:/Users/Public/Experiments/SM01/05-WMC/MU/MU_results/MUsbj009.csv","update","1300","4","9","246414","247716"
"MU.osexp","C:\Users\Public\Experiments\SM01\05-WMC\MU","Tr6_update2.png","3","233031","C:/Users/Public/Experiments/SM01/05-WMC/MU/MU_results/MUsbj009.csv","update","1300","4","9","248086","249387"
"MU.osexp","C:\Users\Public\Experiments\SM01\05-WMC\MU","Tr6_update3.png","3","233031","C:/Users/Public/Experiments/SM01/05-WMC/MU/MU_results/MUsbj009.csv","update","1300","4","9","249724","251024"
"MU.osexp","C:\Users\Public\Experiments\SM01\05-WMC\MU","Tr6_update4.png","3","233031","C:/Users/Public/Experiments/SM01/05-WMC/MU/MU_results/MUsbj009.csv","update","1300","4","9","251438","252738"
"MU.osexp","C:\Users\Public\Experiments\SM01\05-WMC\MU","Tr6_update5.png","3","233031","C:/Users/Public/Experiments/SM01/05-WMC/MU/MU_results/MUsbj009.csv","update","1300","4","9","253056","254357"
"MU.osexp","C:\Users\Public\Experiments\SM01\05-WMC\MU","Tr6_test1.png","6","256664","C:/Users/Public/Experiments/SM01/05-WMC/MU/MU_results/MUsbj009.csv","test","0","4","9","254674","256665"
"MU.osexp","C:\Users\Public\Experiments\SM01\05-WMC\MU","Tr6_test2.png","1","258496","C:/Users/Public/Experiments/SM01/05-WMC/MU/MU_results/MUsbj009.csv","test","0","4","9","257746","258497"
"MU.osexp","C:\Users\Public\Experiments\SM01\05-WMC\MU","Tr6_test3.png","6","260575","C:/Users/Public/Experiments/SM01/05-WMC/MU/MU_results/MUsbj009.csv","test","0","4","9","259566","260577"
"MU.osexp","C:\Users\Public\Experiments\SM01\05-WMC\MU","Tr6_test4.png","8","262167","C:/Users/Public/Experiments/SM01/05-WMC/MU/MU_results/MUsbj009.csv","test","0","4","9","261658","262168"
"MU.osexp","C:\Users\Public\Experiments\SM01\05-WMC\MU","wait.png","8","262167","C:/Users/Public/Experiments/SM01/05-WMC/MU/MU_results/MUsbj009.csv","wait","5000","5","9","263255","262168"
"MU.osexp","C:\Users\Public\Experiments\SM01\05-WMC\MU","fixation.png","8","262167","C:/Users/Public/Experiments/SM01/05-WMC/MU/MU_results/MUsbj009.csv","fix","1500","5","9","268332","262168"
"MU.osexp","C:\Users\Public\Experiments\SM01\05-WMC\MU","Tr7_study1.png","8","262167","C:/Users/Public/Experiments/SM01/05-WMC/MU/MU_results/MUsbj009.csv","study","1000","5","9","269934","270936"
"MU.osexp","C:\Users\Public\Experiments\SM01\05-WMC\MU","Tr7_study2.png","8","262167","C:/Users/Public/Experiments/SM01/05-WMC/MU/MU_results/MUsbj009.csv","study","1000","5","9","271285","272287"
"MU.osexp","C:\Users\Public\Experiments\SM01\05-WMC\MU","Tr7_study3.png","8","262167","C:/Users/Public/Experiments/SM01/05-WMC/MU/MU_results/MUsbj009.csv","study","1000","5","9","272635","273637"
"MU.osexp","C:\Users\Public\Experiments\SM01\05-WMC\MU","Tr7_study4.png","8","262167","C:/Users/Public/Experiments/SM01/05-WMC/MU/MU_results/MUsbj009.csv","study","1000","5","9","273984","274986"
"MU.osexp","C:\Users\Public\Experiments\SM01\05-WMC\MU","Tr7_study5.png","8","262167","C:/Users/Public/Experiments/SM01/05-WMC/MU/MU_results/MUsbj009.csv","study","1000","5","9","275324","276326"
"MU.osexp","C:\Users\Public\Experiments\SM01\05-WMC\MU","Tr7_update1.png","8","262167","C:/Users/Public/Experiments/SM01/05-WMC/MU/MU_results/MUsbj009.csv","update","1300","5","9","276680","277982"
"MU.osexp","C:\Users\Public\Experiments\SM01\05-WMC\MU","Tr7_update2.png","8","262167","C:/Users/Public/Experiments/SM01/05-WMC/MU/MU_results/MUsbj009.csv","update","1300","5","9","278358","279660"
"MU.osexp","C:\Users\Public\Experiments\SM01\05-WMC\MU","Tr7_update3.png","8","262167","C:/Users/Public/Experiments/SM01/05-WMC/MU/MU_results/MUsbj009.csv","update","1300","5","9","279992","281294"
"MU.osexp","C:\Users\Public\Experiments\SM01\05-WMC\MU","Tr7_update4.png","8","262167","C:/Users/Public/Experiments/SM01/05-WMC/MU/MU_results/MUsbj009.csv","update","1300","5","9","281652","282954"
"MU.osexp","C:\Users\Public\Experiments\SM01\05-WMC\MU","Tr7_update5.png","8","262167","C:/Users/Public/Experiments/SM01/05-WMC/MU/MU_results/MUsbj009.csv","update","1300","5","9","283302","284603"
"MU.osexp","C:\Users\Public\Experiments\SM01\05-WMC\MU","Tr7_test1.png","5","290304","C:/Users/Public/Experiments/SM01/05-WMC/MU/MU_results/MUsbj009.csv","test","0","5","9","285022","290305"
"MU.osexp","C:\Users\Public\Experiments\SM01\05-WMC\MU","Tr7_test2.png","6","293040","C:/Users/Public/Experiments/SM01/05-WMC/MU/MU_results/MUsbj009.csv","test","0","5","9","291470","293040"
"MU.osexp","C:\Users\Public\Experiments\SM01\05-WMC\MU","Tr7_test3.png","1","298151","C:/Users/Public/Experiments/SM01/05-WMC/MU/MU_results/MUsbj009.csv","test","0","5","9","294167","298152"
"MU.osexp","C:\Users\Public\Experiments\SM01\05-WMC\MU","Tr7_test4.png","1","300871","C:/Users/Public/Experiments/SM01/05-WMC/MU/MU_results/MUsbj009.csv","test","0","5","9","299288","300872"
"MU.osexp","C:\Users\Public\Experiments\SM01\05-WMC\MU","Tr7_test5.png","1","302263","C:/Users/Public/Experiments/SM01/05-WMC/MU/MU_results/MUsbj009.csv","test","0","5","9","301974","302264"
"MU.osexp","C:\Users\Public\Experiments\SM01\05-WMC\MU","wait.png","1","302263","C:/Users/Public/Experiments/SM01/05-WMC/MU/MU_results/MUsbj009.csv","wait","5000","4","9","303385","302264"
"MU.osexp","C:\Users\Public\Experiments\SM01\05-WMC\MU","fixation.png","1","302263","C:/Users/Public/Experiments/SM01/05-WMC/MU/MU_results/MUsbj009.csv","fix","1500","4","9","308482","302264"
"MU.osexp","C:\Users\Public\Experiments\SM01\05-WMC\MU","Tr8_study1.png","1","302263","C:/Users/Public/Experiments/SM01/05-WMC/MU/MU_results/MUsbj009.csv","study","1000","4","9","310096","311099"
"MU.osexp","C:\Users\Public\Experiments\SM01\05-WMC\MU","Tr8_study2.png","1","302263","C:/Users/Public/Experiments/SM01/05-WMC/MU/MU_results/MUsbj009.csv","study","1000","4","9","311452","312454"
"MU.osexp","C:\Users\Public\Experiments\SM01\05-WMC\MU","Tr8_study3.png","1","302263","C:/Users/Public/Experiments/SM01/05-WMC/MU/MU_results/MUsbj009.csv","study","1000","4","9","312808","313810"
"MU.osexp","C:\Users\Public\Experiments\SM01\05-WMC\MU","Tr8_study4.png","1","302263","C:/Users/Public/Experiments/SM01/05-WMC/MU/MU_results/MUsbj009.csv","study","1000","4","9","314151","315153"
"MU.osexp","C:\Users\Public\Experiments\SM01\05-WMC\MU","Tr8_update1.png","1","302263","C:/Users/Public/Experiments/SM01/05-WMC/MU/MU_results/MUsbj009.csv","update","1300","4","9","315505","316807"
"MU.osexp","C:\Users\Public\Experiments\SM01\05-WMC\MU","Tr8_update2.png","1","302263","C:/Users/Public/Experiments/SM01/05-WMC/MU/MU_results/MUsbj009.csv","update","1300","4","9","317151","318453"
"MU.osexp","C:\Users\Public\Experiments\SM01\05-WMC\MU","Tr8_update3.png","1","302263","C:/Users/Public/Experiments/SM01/05-WMC/MU/MU_results/MUsbj009.csv","update","1300","4","9","318828","320129"
"MU.osexp","C:\Users\Public\Experiments\SM01\05-WMC\MU","Tr8_test1.png","2","321847","C:/Users/Public/Experiments/SM01/05-WMC/MU/MU_results/MUsbj009.csv","test","0","4","9","320520","321848"
"MU.osexp","C:\Users\Public\Experiments\SM01\05-WMC\MU","Tr8_test2.png","4","323999","C:/Users/Public/Experiments/SM01/05-WMC/MU/MU_results/MUsbj009.csv","test","0","4","9","322955","324000"
"MU.osexp","C:\Users\Public\Experiments\SM01\05-WMC\MU","Tr8_test3.png","9","326568","C:/Users/Public/Experiments/SM01/05-WMC/MU/MU_results/MUsbj009.csv","test","0","4","9","325096","326569"
"MU.osexp","C:\Users\Public\Experiments\SM01\05-WMC\MU","Tr8_test4.png","2","328360","C:/Users/Public/Experiments/SM01/05-WMC/MU/MU_results/MUsbj009.csv","test","0","4","9","327654","328361"
"MU.osexp","C:\Users\Public\Experiments\SM01\05-WMC\MU","wait.png","2","328360","C:/Users/Public/Experiments/SM01/05-WMC/MU/MU_results/MUsbj009.csv","wait","5000","5","9","329435","328361"
"MU.osexp","C:\Users\Public\Experiments\SM01\05-WMC\MU","fixation.png","2","328360","C:/Users/Public/Experiments/SM01/05-WMC/MU/MU_results/MUsbj009.csv","fix","1500","5","9","334519","328361"
"MU.osexp","C:\Users\Public\Experiments\SM01\05-WMC\MU","Tr9_study1.png","2","328360","C:/Users/Public/Experiments/SM01/05-WMC/MU/MU_results/MUsbj009.csv","study","1000","5","9","336137","337139"
"MU.osexp","C:\Users\Public\Experiments\SM01\05-WMC\MU","Tr9_study2.png","2","328360","C:/Users/Public/Experiments/SM01/05-WMC/MU/MU_results/MUsbj009.csv","study","1000","5","9","337511","338514"
"MU.osexp","C:\Users\Public\Experiments\SM01\05-WMC\MU","Tr9_study3.png","2","328360","C:/Users/Public/Experiments/SM01/05-WMC/MU/MU_results/MUsbj009.csv","study","1000","5","9","339011","340013"
"MU.osexp","C:\Users\Public\Experiments\SM01\05-WMC\MU","Tr9_study4.png","2","328360","C:/Users/Public/Experiments/SM01/05-WMC/MU/MU_results/MUsbj009.csv","study","1000","5","9","340357","341359"
"MU.osexp","C:\Users\Public\Experiments\SM01\05-WMC\MU","Tr9_study5.png","2","328360","C:/Users/Public/Experiments/SM01/05-WMC/MU/MU_results/MUsbj009.csv","study","1000","5","9","341719","342721"
"MU.osexp","C:\Users\Public\Experiments\SM01\05-WMC\MU","Tr9_update1.png","2","328360","C:/Users/Public/Experiments/SM01/05-WMC/MU/MU_results/MUsbj009.csv","update","1300","5","9","343072","344374"
"MU.osexp","C:\Users\Public\Experiments\SM01\05-WMC\MU","Tr9_update2.png","2","328360","C:/Users/Public/Experiments/SM01/05-WMC/MU/MU_results/MUsbj009.csv","update","1300","5","9","344720","346022"
"MU.osexp","C:\Users\Public\Experiments\SM01\05-WMC\MU","Tr9_test1.png","4","348183","C:/Users/Public/Experiments/SM01/05-WMC/MU/MU_results/MUsbj009.csv","test","0","5","9","346372","348184"
"MU.osexp","C:\Users\Public\Experiments\SM01\05-WMC\MU","Tr9_test2.png","6","350695","C:/Users/Public/Experiments/SM01/05-WMC/MU/MU_results/MUsbj009.csv","test","0","5","9","349277","350696"
"MU.osexp","C:\Users\Public\Experiments\SM01\05-WMC\MU","Tr9_test3.png","1","352527","C:/Users/Public/Experiments/SM01/05-WMC/MU/MU_results/MUsbj009.csv","test","0","5","9","351784","352528"
"MU.osexp","C:\Users\Public\Experiments\SM01\05-WMC\MU","Tr9_test4.png","5","354999","C:/Users/Public/Experiments/SM01/05-WMC/MU/MU_results/MUsbj009.csv","test","0","5","9","353633","355000"
"MU.osexp","C:\Users\Public\Experiments\SM01\05-WMC\MU","Tr9_test5.png","9","356783","C:/Users/Public/Experiments/SM01/05-WMC/MU/MU_results/MUsbj009.csv","test","0","5","9","356089","356784"
"MU.osexp","C:\Users\Public\Experiments\SM01\05-WMC\MU","wait.png","9","356783","C:/Users/Public/Experiments/SM01/05-WMC/MU/MU_results/MUsbj009.csv","wait","5000","3","9","357862","356784"
"MU.osexp","C:\Users\Public\Experiments\SM01\05-WMC\MU","fixation.png","9","356783","C:/Users/Public/Experiments/SM01/05-WMC/MU/MU_results/MUsbj009.csv","fix","1500","3","9","362961","356784"
"MU.osexp","C:\Users\Public\Experiments\SM01\05-WMC\MU","Tr10_study1.png","9","356783","C:/Users/Public/Experiments/SM01/05-WMC/MU/MU_results/MUsbj009.csv","study","1000","3","9","364578","365580"
"MU.osexp","C:\Users\Public\Experiments\SM01\05-WMC\MU","Tr10_study2.png","9","356783","C:/Users/Public/Experiments/SM01/05-WMC/MU/MU_results/MUsbj009.csv","study","1000","3","9","365934","366936"
"MU.osexp","C:\Users\Public\Experiments\SM01\05-WMC\MU","Tr10_study3.png","9","356783","C:/Users/Public/Experiments/SM01/05-WMC/MU/MU_results/MUsbj009.csv","study","1000","3","9","367307","368309"
"MU.osexp","C:\Users\Public\Experiments\SM01\05-WMC\MU","Tr10_update1.png","9","356783","C:/Users/Public/Experiments/SM01/05-WMC/MU/MU_results/MUsbj009.csv","update","1300","3","9","368664","369966"
"MU.osexp","C:\Users\Public\Experiments\SM01\05-WMC\MU","Tr10_update2.png","9","356783","C:/Users/Public/Experiments/SM01/05-WMC/MU/MU_results/MUsbj009.csv","update","1300","3","9","370340","371642"
"MU.osexp","C:\Users\Public\Experiments\SM01\05-WMC\MU","Tr10_test1.png","5","373391","C:/Users/Public/Experiments/SM01/05-WMC/MU/MU_results/MUsbj009.csv","test","0","3","9","371994","373392"
"MU.osexp","C:\Users\Public\Experiments\SM01\05-WMC\MU","Tr10_test2.png","2","375527","C:/Users/Public/Experiments/SM01/05-WMC/MU/MU_results/MUsbj009.csv","test","0","3","9","374486","375528"
"MU.osexp","C:\Users\Public\Experiments\SM01\05-WMC\MU","Tr10_test3.png","5","377015","C:/Users/Public/Experiments/SM01/05-WMC/MU/MU_results/MUsbj009.csv","test","0","3","9","376613","377016"
"MU.osexp","C:\Users\Public\Experiments\SM01\05-WMC\MU","wait.png","5","377015","C:/Users/Public/Experiments/SM01/05-WMC/MU/MU_results/MUsbj009.csv","wait","5000","5","9","378123","377016"
"MU.osexp","C:\Users\Public\Experiments\SM01\05-WMC\MU","fixation.png","5","377015","C:/Users/Public/Experiments/SM01/05-WMC/MU/MU_results/MUsbj009.csv","fix","1500","5","9","383217","377016"
"MU.osexp","C:\Users\Public\Experiments\SM01\05-WMC\MU","Tr11_study1.png","5","377015","C:/Users/Public/Experiments/SM01/05-WMC/MU/MU_results/MUsbj009.csv","study","1000","5","9","384828","385830"
"MU.osexp","C:\Users\Public\Experiments\SM01\05-WMC\MU","Tr11_study2.png","5","377015","C:/Users/Public/Experiments/SM01/05-WMC/MU/MU_results/MUsbj009.csv","study","1000","5","9","386183","387185"
"MU.osexp","C:\Users\Public\Experiments\SM01\05-WMC\MU","Tr11_study3.png","5","377015","C:/Users/Public/Experiments/SM01/05-WMC/MU/MU_results/MUsbj009.csv","study","1000","5","9","387535","388537"
"MU.osexp","C:\Users\Public\Experiments\SM01\05-WMC\MU","Tr11_study4.png","5","377015","C:/Users/Public/Experiments/SM01/05-WMC/MU/MU_results/MUsbj009.csv","study","1000","5","9","388888","389890"
"MU.osexp","C:\Users\Public\Experiments\SM01\05-WMC\MU","Tr11_study5.png","5","377015","C:/Users/Public/Experiments/SM01/05-WMC/MU/MU_results/MUsbj009.csv","study","1000","5","9","390257","391260"
"MU.osexp","C:\Users\Public\Experiments\SM01\05-WMC\MU","Tr11_update1.png","5","377015","C:/Users/Public/Experiments/SM01/05-WMC/MU/MU_results/MUsbj009.csv","update","1300","5","9","391611","392913"
"MU.osexp","C:\Users\Public\Experiments\SM01\05-WMC\MU","Tr11_update2.png","5","377015","C:/Users/Public/Experiments/SM01/05-WMC/MU/MU_results/MUsbj009.csv","update","1300","5","9","393286","394588"
"MU.osexp","C:\Users\Public\Experiments\SM01\05-WMC\MU","Tr11_update3.png","5","377015","C:/Users/Public/Experiments/SM01/05-WMC/MU/MU_results/MUsbj009.csv","update","1300","5","9","394942","396244"
"MU.osexp","C:\Users\Public\Experiments\SM01\05-WMC\MU","Tr11_test1.png","1","398136","C:/Users/Public/Experiments/SM01/05-WMC/MU/MU_results/MUsbj009.csv","test","0","5","9","396618","398137"
"MU.osexp","C:\Users\Public\Experiments\SM01\05-WMC\MU","Tr11_test2.png","2","401575","C:/Users/Public/Experiments/SM01/05-WMC/MU/MU_results/MUsbj009.csv","test","0","5","9","399224","401576"
"MU.osexp","C:\Users\Public\Experiments\SM01\05-WMC\MU","Tr11_test3.png","5","403623","C:/Users/Public/Experiments/SM01/05-WMC/MU/MU_results/MUsbj009.csv","test","0","5","9","402675","403624"
"MU.osexp","C:\Users\Public\Experiments\SM01\05-WMC\MU","Tr11_test4.png","6","405535","C:/Users/Public/Experiments/SM01/05-WMC/MU/MU_results/MUsbj009.csv","test","0","5","9","404709","405536"
"MU.osexp","C:\Users\Public\Experiments\SM01\05-WMC\MU","Tr11_test5.png","7","407727","C:/Users/Public/Experiments/SM01/05-WMC/MU/MU_results/MUsbj009.csv","test","0","5","9","406642","407728"
"MU.osexp","C:\Users\Public\Experiments\SM01\05-WMC\MU","wait.png","7","407727","C:/Users/Public/Experiments/SM01/05-WMC/MU/MU_results/MUsbj009.csv","wait","5000","3","9","408838","407728"
"MU.osexp","C:\Users\Public\Experiments\SM01\05-WMC\MU","fixation.png","7","407727","C:/Users/Public/Experiments/SM01/05-WMC/MU/MU_results/MUsbj009.csv","fix","1500","3","9","413929","407728"
"MU.osexp","C:\Users\Public\Experiments\SM01\05-WMC\MU","Tr12_study1.png","7","407727","C:/Users/Public/Experiments/SM01/05-WMC/MU/MU_results/MUsbj009.csv","study","1000","3","9","415548","416550"
"MU.osexp","C:\Users\Public\Experiments\SM01\05-WMC\MU","Tr12_study2.png","7","407727","C:/Users/Public/Experiments/SM01/05-WMC/MU/MU_results/MUsbj009.csv","study","1000","3","9","416885","417887"
"MU.osexp","C:\Users\Public\Experiments\SM01\05-WMC\MU","Tr12_study3.png","7","407727","C:/Users/Public/Experiments/SM01/05-WMC/MU/MU_results/MUsbj009.csv","study","1000","3","9","418248","419250"
"MU.osexp","C:\Users\Public\Experiments\SM01\05-WMC\MU","Tr12_update1.png","7","407727","C:/Users/Public/Experiments/SM01/05-WMC/MU/MU_results/MUsbj009.csv","update","1300","3","9","419596","420898"
"MU.osexp","C:\Users\Public\Experiments\SM01\05-WMC\MU","Tr12_update2.png","7","407727","C:/Users/Public/Experiments/SM01/05-WMC/MU/MU_results/MUsbj009.csv","update","1300","3","9","421252","422554"
"MU.osexp","C:\Users\Public\Experiments\SM01\05-WMC\MU","Tr12_update3.png","7","407727","C:/Users/Public/Experiments/SM01/05-WMC/MU/MU_results/MUsbj009.csv","update","1300","3","9","422898","424200"
"MU.osexp","C:\Users\Public\Experiments\SM01\05-WMC\MU","Tr12_update4.png","7","407727","C:/Users/Public/Experiments/SM01/05-WMC/MU/MU_results/MUsbj009.csv","update","1300","3","9","424558","425860"
"MU.osexp","C:\Users\Public\Experiments\SM01\05-WMC\MU","Tr12_update5.png","7","407727","C:/Users/Public/Experiments/SM01/05-WMC/MU/MU_results/MUsbj009.csv","update","1300","3","9","426203","427505"
"MU.osexp","C:\Users\Public\Experiments\SM01\05-WMC\MU","Tr12_test1.png","4","430272","C:/Users/Public/Experiments/SM01/05-WMC/MU/MU_results/MUsbj009.csv","test","0","3","9","427850","430273"
"MU.osexp","C:\Users\Public\Experiments\SM01\05-WMC\MU","Tr12_test2.png","9","432160","C:/Users/Public/Experiments/SM01/05-WMC/MU/MU_results/MUsbj009.csv","test","0","3","9","431478","432161"
"MU.osexp","C:\Users\Public\Experiments\SM01\05-WMC\MU","Tr12_test3.png","4","433568","C:/Users/Public/Experiments/SM01/05-WMC/MU/MU_results/MUsbj009.csv","test","0","3","9","433277","433569"
"MU.osexp","C:\Users\Public\Experiments\SM01\05-WMC\MU","wait.png","4","433568","C:/Users/Public/Experiments/SM01/05-WMC/MU/MU_results/MUsbj009.csv","wait","5000","3","9","434659","433569"
"MU.osexp","C:\Users\Public\Experiments\SM01\05-WMC\MU","fixation.png","4","433568","C:/Users/Public/Experiments/SM01/05-WMC/MU/MU_results/MUsbj009.csv","fix","1500","3","9","439762","433569"
"MU.osexp","C:\Users\Public\Experiments\SM01\05-WMC\MU","Tr13_study1.png","4","433568","C:/Users/Public/Experiments/SM01/05-WMC/MU/MU_results/MUsbj009.csv","study","1000","3","9","441472","442474"
"MU.osexp","C:\Users\Public\Experiments\SM01\05-WMC\MU","Tr13_study2.png","4","433568","C:/Users/Public/Experiments/SM01/05-WMC/MU/MU_results/MUsbj009.csv","study","1000","3","9","442822","443824"
"MU.osexp","C:\Users\Public\Experiments\SM01\05-WMC\MU","Tr13_study3.png","4","433568","C:/Users/Public/Experiments/SM01/05-WMC/MU/MU_results/MUsbj009.csv","study","1000","3","9","444196","445198"
"MU.osexp","C:\Users\Public\Experiments\SM01\05-WMC\MU","Tr13_update1.png","4","433568","C:/Users/Public/Experiments/SM01/05-WMC/MU/MU_results/MUsbj009.csv","update","1300","3","9","445562","446864"
"MU.osexp","C:\Users\Public\Experiments\SM01\05-WMC\MU","Tr13_update2.png","4","433568","C:/Users/Public/Experiments/SM01/05-WMC/MU/MU_results/MUsbj009.csv","update","1300","3","9","447229","448531"
"MU.osexp","C:\Users\Public\Experiments\SM01\05-WMC\MU","Tr13_update3.png","4","433568","C:/Users/Public/Experiments/SM01/05-WMC/MU/MU_results/MUsbj009.csv","update","1300","3","9","448898","450200"
"MU.osexp","C:\Users\Public\Experiments\SM01\05-WMC\MU","Tr13_update4.png","4","433568","C:/Users/Public/Experiments/SM01/05-WMC/MU/MU_results/MUsbj009.csv","update","1300","3","9","450537","451839"
"MU.osexp","C:\Users\Public\Experiments\SM01\05-WMC\MU","Tr13_test1.png","3","453520","C:/Users/Public/Experiments/SM01/05-WMC/MU/MU_results/MUsbj009.csv","test","0","3","9","452194","453520"
"MU.osexp","C:\Users\Public\Experiments\SM01\05-WMC\MU","Tr13_test2.png","1","455335","C:/Users/Public/Experiments/SM01/05-WMC/MU/MU_results/MUsbj009.csv","test","0","3","9","454614","455336"
"MU.osexp","C:\Users\Public\Experiments\SM01\05-WMC\MU","Tr13_test3.png","5","457207","C:/Users/Public/Experiments/SM01/05-WMC/MU/MU_results/MUsbj009.csv","test","0","3","9","456448","457208"
"MU.osexp","C:\Users\Public\Experiments\SM01\05-WMC\MU","wait.png","5","457207","C:/Users/Public/Experiments/SM01/05-WMC/MU/MU_results/MUsbj009.csv","wait","5000","5","9","458317","457208"
"MU.osexp","C:\Users\Public\Experiments\SM01\05-WMC\MU","fixation.png","5","457207","C:/Users/Public/Experiments/SM01/05-WMC/MU/MU_results/MUsbj009.csv","fix","1500","5","9","463451","457208"
"MU.osexp","C:\Users\Public\Experiments\SM01\05-WMC\MU","Tr14_study1.png","5","457207","C:/Users/Public/Experiments/SM01/05-WMC/MU/MU_results/MUsbj009.csv","study","1000","5","9","465078","466080"
"MU.osexp","C:\Users\Public\Experiments\SM01\05-WMC\MU","Tr14_study2.png","5","457207","C:/Users/Public/Experiments/SM01/05-WMC/MU/MU_results/MUsbj009.csv","study","1000","5","9","466435","467437"
"MU.osexp","C:\Users\Public\Experiments\SM01\05-WMC\MU","Tr14_study3.png","5","457207","C:/Users/Public/Experiments/SM01/05-WMC/MU/MU_results/MUsbj009.csv","study","1000","5","9","467808","468810"
"MU.osexp","C:\Users\Public\Experiments\SM01\05-WMC\MU","Tr14_study4.png","5","457207","C:/Users/Public/Experiments/SM01/05-WMC/MU/MU_results/MUsbj009.csv","study","1000","5","9","469175","470177"
"MU.osexp","C:\Users\Public\Experiments\SM01\05-WMC\MU","Tr14_study5.png","5","457207","C:/Users/Public/Experiments/SM01/05-WMC/MU/MU_results/MUsbj009.csv","study","1000","5","9","470540","471542"
"MU.osexp","C:\Users\Public\Experiments\SM01\05-WMC\MU","Tr14_update1.png","5","457207","C:/Users/Public/Experiments/SM01/05-WMC/MU/MU_results/MUsbj009.csv","update","1300","5","9","471891","473193"
"MU.osexp","C:\Users\Public\Experiments\SM01\05-WMC\MU","Tr14_update2.png","5","457207","C:/Users/Public/Experiments/SM01/05-WMC/MU/MU_results/MUsbj009.csv","update","1300","5","9","473567","474869"
"MU.osexp","C:\Users\Public\Experiments\SM01\05-WMC\MU","Tr14_update3.png","5","457207","C:/Users/Public/Experiments/SM01/05-WMC/MU/MU_results/MUsbj009.csv","update","1300","5","9","475222","476524"
"MU.osexp","C:\Users\Public\Experiments\SM01\05-WMC\MU","Tr14_update4.png","5","457207","C:/Users/Public/Experiments/SM01/05-WMC/MU/MU_results/MUsbj009.csv","update","1300","5","9","476896","478198"
"MU.osexp","C:\Users\Public\Experiments\SM01\05-WMC\MU","Tr14_test1.png","7","481055","C:/Users/Public/Experiments/SM01/05-WMC/MU/MU_results/MUsbj009.csv","test","0","5","9","478554","481056"
"MU.osexp","C:\Users\Public\Experiments\SM01\05-WMC\MU","Tr14_test2.png","7","482904","C:/Users/Public/Experiments/SM01/05-WMC/MU/MU_results/MUsbj009.csv","test","0","5","9","482146","482905"
"MU.osexp","C:\Users\Public\Experiments\SM01\05-WMC\MU","Tr14_test3.png","3","485008","C:/Users/Public/Experiments/SM01/05-WMC/MU/MU_results/MUsbj009.csv","test","0","5","9","483988","485009"
"MU.osexp","C:\Users\Public\Experiments\SM01\05-WMC\MU","Tr14_test4.png","5","486768","C:/Users/Public/Experiments/SM01/05-WMC/MU/MU_results/MUsbj009.csv","test","0","5","9","486114","486769"
"MU.osexp","C:\Users\Public\Experiments\SM01\05-WMC\MU","Tr14_test5.png","8","488176","C:/Users/Public/Experiments/SM01/05-WMC/MU/MU_results/MUsbj009.csv","test","0","5","9","487868","488177"
"MU.osexp","C:\Users\Public\Experiments\SM01\05-WMC\MU","wait.png","8","488176","C:/Users/Public/Experiments/SM01/05-WMC/MU/MU_results/MUsbj009.csv","wait","5000","4","9","489278","488177"
"MU.osexp","C:\Users\Public\Experiments\SM01\05-WMC\MU","fixation.png","8","488176","C:/Users/Public/Experiments/SM01/05-WMC/MU/MU_results/MUsbj009.csv","fix","1500","4","9","494365","488177"
"MU.osexp","C:\Users\Public\Experiments\SM01\05-WMC\MU","Tr15_study1.png","8","488176","C:/Users/Public/Experiments/SM01/05-WMC/MU/MU_results/MUsbj009.csv","study","1000","4","9","495979","496981"
"MU.osexp","C:\Users\Public\Experiments\SM01\05-WMC\MU","Tr15_study2.png","8","488176","C:/Users/Public/Experiments/SM01/05-WMC/MU/MU_results/MUsbj009.csv","study","1000","4","9","497334","498336"
"MU.osexp","C:\Users\Public\Experiments\SM01\05-WMC\MU","Tr15_study3.png","8","488176","C:/Users/Public/Experiments/SM01/05-WMC/MU/MU_results/MUsbj009.csv","study","1000","4","9","498700","499703"
"MU.osexp","C:\Users\Public\Experiments\SM01\05-WMC\MU","Tr15_study4.png","8","488176","C:/Users/Public/Experiments/SM01/05-WMC/MU/MU_results/MUsbj009.csv","study","1000","4","9","500032","501034"
"MU.osexp","C:\Users\Public\Experiments\SM01\05-WMC\MU","Tr15_update1.png","8","488176","C:/Users/Public/Experiments/SM01/05-WMC/MU/MU_results/MUsbj009.csv","update","1300","4","9","501386","502688"
"MU.osexp","C:\Users\Public\Experiments\SM01\05-WMC\MU","Tr15_update2.png","8","488176","C:/Users/Public/Experiments/SM01/05-WMC/MU/MU_results/MUsbj009.csv","update","1300","4","9","503029","504331"
"MU.osexp","C:\Users\Public\Experiments\SM01\05-WMC\MU","Tr15_update3.png","8","488176","C:/Users/Public/Experiments/SM01/05-WMC/MU/MU_results/MUsbj009.csv","update","1300","4","9","504659","505961"
"MU.osexp","C:\Users\Public\Experiments\SM01\05-WMC\MU","Tr15_update4.png","8","488176","C:/Users/Public/Experiments/SM01/05-WMC/MU/MU_results/MUsbj009.csv","update","1300","4","9","506306","507608"
"MU.osexp","C:\Users\Public\Experiments\SM01\05-WMC\MU","Tr15_update5.png","8","488176","C:/Users/Public/Experiments/SM01/05-WMC/MU/MU_results/MUsbj009.csv","update","1300","4","9","507975","509277"
"MU.osexp","C:\Users\Public\Experiments\SM01\05-WMC\MU","Tr15_update6.png","8","488176","C:/Users/Public/Experiments/SM01/05-WMC/MU/MU_results/MUsbj009.csv","update","1300","4","9","509606","510908"
"MU.osexp","C:\Users\Public\Experiments\SM01\05-WMC\MU","Tr15_test1.png","9","519152","C:/Users/Public/Experiments/SM01/05-WMC/MU/MU_results/MUsbj009.csv","test","0","4","9","511279","519153"
"MU.osexp","C:\Users\Public\Experiments\SM01\05-WMC\MU","Tr15_test2.png","3","521520","C:/Users/Public/Experiments/SM01/05-WMC/MU/MU_results/MUsbj009.csv","test","0","4","9","520245","521521"
"MU.osexp","C:\Users\Public\Experiments\SM01\05-WMC\MU","Tr15_test3.png","8","523808","C:/Users/Public/Experiments/SM01/05-WMC/MU/MU_results/MUsbj009.csv","test","0","4","9","522616","523809"
"MU.osexp","C:\Users\Public\Experiments\SM01\05-WMC\MU","Tr15_test4.png","9","526023","C:/Users/Public/Experiments/SM01/05-WMC/MU/MU_results/MUsbj009.csv","test","0","4","9","524986","526024"
"MU.osexp","C:\Users\Public\Experiments\SM01\05-WMC\MU","wait.png","9","526023","C:/Users/Public/Experiments/SM01/05-WMC/MU/MU_results/MUsbj009.csv","wait","5000","4","9","527117","526024"
"MU.osexp","C:\Users\Public\Experiments\SM01\05-WMC\MU","fixation.png","9","526023","C:/Users/Public/Experiments/SM01/05-WMC/MU/MU_results/MUsbj009.csv","fix","1500","4","9","532218","526024"
"MU.osexp","C:\Users\Public\Experiments\SM01\05-WMC\MU","Tr16_study1.png","9","526023","C:/Users/Public/Experiments/SM01/05-WMC/MU/MU_results/MUsbj009.csv","study","1000","4","9","533813","534815"
"MU.osexp","C:\Users\Public\Experiments\SM01\05-WMC\MU","Tr16_study2.png","9","526023","C:/Users/Public/Experiments/SM01/05-WMC/MU/MU_results/MUsbj009.csv","study","1000","4","9","535159","536161"
"MU.osexp","C:\Users\Public\Experiments\SM01\05-WMC\MU","Tr16_study3.png","9","526023","C:/Users/Public/Experiments/SM01/05-WMC/MU/MU_results/MUsbj009.csv","study","1000","4","9","536520","537522"
"MU.osexp","C:\Users\Public\Experiments\SM01\05-WMC\MU","Tr16_study4.png","9","526023","C:/Users/Public/Experiments/SM01/05-WMC/MU/MU_results/MUsbj009.csv","study","1000","4","9","537863","538865"
"MU.osexp","C:\Users\Public\Experiments\SM01\05-WMC\MU","Tr16_update1.png","9","526023","C:/Users/Public/Experiments/SM01/05-WMC/MU/MU_results/MUsbj009.csv","update","1300","4","9","539215","540517"
"MU.osexp","C:\Users\Public\Experiments\SM01\05-WMC\MU","Tr16_update2.png","9","526023","C:/Users/Public/Experiments/SM01/05-WMC/MU/MU_results/MUsbj009.csv","update","1300","4","9","540978","542280"
"MU.osexp","C:\Users\Public\Experiments\SM01\05-WMC\MU","Tr16_test1.png","8","544775","C:/Users/Public/Experiments/SM01/05-WMC/MU/MU_results/MUsbj009.csv","test","0","4","9","542629","544776"
"MU.osexp","C:\Users\Public\Experiments\SM01\05-WMC\MU","Tr16_test2.png","7","546943","C:/Users/Public/Experiments/SM01/05-WMC/MU/MU_results/MUsbj009.csv","test","0","4","9","545894","546944"
"MU.osexp","C:\Users\Public\Experiments\SM01\05-WMC\MU","Tr16_test3.png","8","549463","C:/Users/Public/Experiments/SM01/05-WMC/MU/MU_results/MUsbj009.csv","test","0","4","9","548129","549464"
"MU.osexp","C:\Users\Public\Experiments\SM01\05-WMC\MU","Tr16_test4.png","6","551231","C:/Users/Public/Experiments/SM01/05-WMC/MU/MU_results/MUsbj009.csv","test","0","4","9","550559","551232"
"MU.osexp","C:\Users\Public\Experiments\SM01\05-WMC\MU","wait.png","6","551231","C:/Users/Public/Experiments/SM01/05-WMC/MU/MU_results/MUsbj009.csv","wait","5000","5","9","552349","551232"
"MU.osexp","C:\Users\Public\Experiments\SM01\05-WMC\MU","fixation.png","6","551231","C:/Users/Public/Experiments/SM01/05-WMC/MU/MU_results/MUsbj009.csv","fix","1500","5","9","557453","551232"
"MU.osexp","C:\Users\Public\Experiments\SM01\05-WMC\MU","Tr17_study1.png","6","551231","C:/Users/Public/Experiments/SM01/05-WMC/MU/MU_results/MUsbj009.csv","study","1000","5","9","559068","560070"
"MU.osexp","C:\Users\Public\Experiments\SM01\05-WMC\MU","Tr17_study2.png","6","551231","C:/Users/Public/Experiments/SM01/05-WMC/MU/MU_results/MUsbj009.csv","study","1000","5","9","560426","561428"
"MU.osexp","C:\Users\Public\Experiments\SM01\05-WMC\MU","Tr17_study3.png","6","551231","C:/Users/Public/Experiments/SM01/05-WMC/MU/MU_results/MUsbj009.csv","study","1000","5","9","561798","562800"
"MU.osexp","C:\Users\Public\Experiments\SM01\05-WMC\MU","Tr17_study4.png","6","551231","C:/Users/Public/Experiments/SM01/05-WMC/MU/MU_results/MUsbj009.csv","study","1000","5","9","563153","564155"
"MU.osexp","C:\Users\Public\Experiments\SM01\05-WMC\MU","Tr17_study5.png","6","551231","C:/Users/Public/Experiments/SM01/05-WMC/MU/MU_results/MUsbj009.csv","study","1000","5","9","564512","565514"
"MU.osexp","C:\Users\Public\Experiments\SM01\05-WMC\MU","Tr17_update1.png","6","551231","C:/Users/Public/Experiments/SM01/05-WMC/MU/MU_results/MUsbj009.csv","update","1300","5","9","565862","567164"
"MU.osexp","C:\Users\Public\Experiments\SM01\05-WMC\MU","Tr17_update2.png","6","551231","C:/Users/Public/Experiments/SM01/05-WMC/MU/MU_results/MUsbj009.csv","update","1300","5","9","567528","568831"
"MU.osexp","C:\Users\Public\Experiments\SM01\05-WMC\MU","Tr17_update3.png","6","551231","C:/Users/Public/Experiments/SM01/05-WMC/MU/MU_results/MUsbj009.csv","update","1300","5","9","569183","570485"
"MU.osexp","C:\Users\Public\Experiments\SM01\05-WMC\MU","Tr17_update4.png","6","551231","C:/Users/Public/Experiments/SM01/05-WMC/MU/MU_results/MUsbj009.csv","update","1300","5","9","570826","572129"
"MU.osexp","C:\Users\Public\Experiments\SM01\05-WMC\MU","Tr17_update5.png","6","551231","C:/Users/Public/Experiments/SM01/05-WMC/MU/MU_results/MUsbj009.csv","update","1300","5","9","572483","573785"
"MU.osexp","C:\Users\Public\Experiments\SM01\05-WMC\MU","Tr17_update6.png","6","551231","C:/Users/Public/Experiments/SM01/05-WMC/MU/MU_results/MUsbj009.csv","update","1300","5","9","574133","575435"
"MU.osexp","C:\Users\Public\Experiments\SM01\05-WMC\MU","Tr17_test1.png","2","578687","C:/Users/Public/Experiments/SM01/05-WMC/MU/MU_results/MUsbj009.csv","test","0","5","9","575781","578688"
"MU.osexp","C:\Users\Public\Experiments\SM01\05-WMC\MU","Tr17_test2.png","8","580983","C:/Users/Public/Experiments/SM01/05-WMC/MU/MU_results/MUsbj009.csv","test","0","5","9","579778","580984"
"MU.osexp","C:\Users\Public\Experiments\SM01\05-WMC\MU","Tr17_test3.png","8","582503","C:/Users/Public/Experiments/SM01/05-WMC/MU/MU_results/MUsbj009.csv","test","0","5","9","582091","582504"
"MU.osexp","C:\Users\Public\Experiments\SM01\05-WMC\MU","Tr17_test4.png","1","584375","C:/Users/Public/Experiments/SM01/05-WMC/MU/MU_results/MUsbj009.csv","test","0","5","9","583614","584376"
"MU.osexp","C:\Users\Public\Experiments\SM01\05-WMC\MU","Tr17_test5.png","9","586095","C:/Users/Public/Experiments/SM01/05-WMC/MU/MU_results/MUsbj009.csv","test","0","5","9","585482","586096"
