"experiment_file","experiment_path","image","key","key_time","logfile","phase","playtime","setSize","subject_nr","timestamp","waittime"
"MU.osexp","C:\Users\Public\Experiments\IDs\05-WMC\MU","ready1.png","NA","NA","C:/Users/Public/Experiments/IDs/05-WMC/MU/MUsbj100.csv","pre","0","3","100","74367","NA"
"MU.osexp","C:\Users\Public\Experiments\IDs\05-WMC\MU","fixation.png","NA","NA","C:/Users/Public/Experiments/IDs/05-WMC/MU/MUsbj100.csv","fix","1500","3","100","75535","NA"
"MU.osexp","C:\Users\Public\Experiments\IDs\05-WMC\MU","Tr1_study1.png","NA","NA","C:/Users/Public/Experiments/IDs/05-WMC/MU/MUsbj100.csv","study","1000","3","100","77117","78117"
"MU.osexp","C:\Users\Public\Experiments\IDs\05-WMC\MU","Tr1_study2.png","NA","NA","C:/Users/Public/Experiments/IDs/05-WMC/MU/MUsbj100.csv","study","1000","3","100","78451","79451"
"MU.osexp","C:\Users\Public\Experiments\IDs\05-WMC\MU","Tr1_study3.png","NA","NA","C:/Users/Public/Experiments/IDs/05-WMC/MU/MUsbj100.csv","study","1000","3","100","79766","80766"
"MU.osexp","C:\Users\Public\Experiments\IDs\05-WMC\MU","Tr1_update1.png","NA","NA","C:/Users/Public/Experiments/IDs/05-WMC/MU/MUsbj100.csv","update","1300","3","100","81109","82410"
"MU.osexp","C:\Users\Public\Experiments\IDs\05-WMC\MU","Tr1_update2.png","NA","NA","C:/Users/Public/Experiments/IDs/05-WMC/MU/MUsbj100.csv","update","1300","3","100","82822","84124"
"MU.osexp","C:\Users\Public\Experiments\IDs\05-WMC\MU","Tr1_update3.png","NA","NA","C:/Users/Public/Experiments/IDs/05-WMC/MU/MUsbj100.csv","update","1300","3","100","84454","85756"
"MU.osexp","C:\Users\Public\Experiments\IDs\05-WMC\MU","Tr1_test1.png","5","111272","C:/Users/Public/Experiments/IDs/05-WMC/MU/MUsbj100.csv","test","0","3","100","86136","111273"
"MU.osexp","C:\Users\Public\Experiments\IDs\05-WMC\MU","Tr1_test2.png","7","118104","C:/Users/Public/Experiments/IDs/05-WMC/MU/MUsbj100.csv","test","0","3","100","112372","118104"
"MU.osexp","C:\Users\Public\Experiments\IDs\05-WMC\MU","Tr1_test3.png","2","120376","C:/Users/Public/Experiments/IDs/05-WMC/MU/MUsbj100.csv","test","0","3","100","119212","120377"
"MU.osexp","C:\Users\Public\Experiments\IDs\05-WMC\MU","wait.png","2","120376","C:/Users/Public/Experiments/IDs/05-WMC/MU/MUsbj100.csv","wait","5000","3","100","121475","120377"
"MU.osexp","C:\Users\Public\Experiments\IDs\05-WMC\MU","fixation.png","2","120376","C:/Users/Public/Experiments/IDs/05-WMC/MU/MUsbj100.csv","fix","1500","3","100","126571","120377"
"MU.osexp","C:\Users\Public\Experiments\IDs\05-WMC\MU","Tr2_study1.png","2","120376","C:/Users/Public/Experiments/IDs/05-WMC/MU/MUsbj100.csv","study","1000","3","100","128203","129206"
"MU.osexp","C:\Users\Public\Experiments\IDs\05-WMC\MU","Tr2_study2.png","2","120376","C:/Users/Public/Experiments/IDs/05-WMC/MU/MUsbj100.csv","study","1000","3","100","129554","130556"
"MU.osexp","C:\Users\Public\Experiments\IDs\05-WMC\MU","Tr2_study3.png","2","120376","C:/Users/Public/Experiments/IDs/05-WMC/MU/MUsbj100.csv","study","1000","3","100","130926","131928"
"MU.osexp","C:\Users\Public\Experiments\IDs\05-WMC\MU","Tr2_update1.png","2","120376","C:/Users/Public/Experiments/IDs/05-WMC/MU/MUsbj100.csv","update","1300","3","100","132302","133604"
"MU.osexp","C:\Users\Public\Experiments\IDs\05-WMC\MU","Tr2_update2.png","2","120376","C:/Users/Public/Experiments/IDs/05-WMC/MU/MUsbj100.csv","update","1300","3","100","133972","135274"
"MU.osexp","C:\Users\Public\Experiments\IDs\05-WMC\MU","Tr2_update3.png","2","120376","C:/Users/Public/Experiments/IDs/05-WMC/MU/MUsbj100.csv","update","1300","3","100","135633","136935"
"MU.osexp","C:\Users\Public\Experiments\IDs\05-WMC\MU","Tr2_test1.png","3","141912","C:/Users/Public/Experiments/IDs/05-WMC/MU/MUsbj100.csv","test","0","3","100","137303","141913"
"MU.osexp","C:\Users\Public\Experiments\IDs\05-WMC\MU","Tr2_test2.png","6","145544","C:/Users/Public/Experiments/IDs/05-WMC/MU/MUsbj100.csv","test","0","3","100","142999","145545"
"MU.osexp","C:\Users\Public\Experiments\IDs\05-WMC\MU","Tr2_test3.png","5","148808","C:/Users/Public/Experiments/IDs/05-WMC/MU/MUsbj100.csv","test","0","3","100","146642","148809"
"MU.osexp","C:\Users\Public\Experiments\IDs\05-WMC\MU","ready2.png","5","148808","C:/Users/Public/Experiments/IDs/05-WMC/MU/MUsbj100.csv","pre","0","3","100","153611","148809"
"MU.osexp","C:\Users\Public\Experiments\IDs\05-WMC\MU","fixation.png","5","148808","C:/Users/Public/Experiments/IDs/05-WMC/MU/MUsbj100.csv","fix","1500","3","100","155369","148809"
"MU.osexp","C:\Users\Public\Experiments\IDs\05-WMC\MU","Tr3_study1.png","5","148808","C:/Users/Public/Experiments/IDs/05-WMC/MU/MUsbj100.csv","study","1000","3","100","157000","158002"
"MU.osexp","C:\Users\Public\Experiments\IDs\05-WMC\MU","Tr3_study2.png","5","148808","C:/Users/Public/Experiments/IDs/05-WMC/MU/MUsbj100.csv","study","1000","3","100","158372","159374"
"MU.osexp","C:\Users\Public\Experiments\IDs\05-WMC\MU","Tr3_study3.png","5","148808","C:/Users/Public/Experiments/IDs/05-WMC/MU/MUsbj100.csv","study","1000","3","100","159741","160743"
"MU.osexp","C:\Users\Public\Experiments\IDs\05-WMC\MU","Tr3_update1.png","5","148808","C:/Users/Public/Experiments/IDs/05-WMC/MU/MUsbj100.csv","update","1300","3","100","161095","162397"
"MU.osexp","C:\Users\Public\Experiments\IDs\05-WMC\MU","Tr3_update2.png","5","148808","C:/Users/Public/Experiments/IDs/05-WMC/MU/MUsbj100.csv","update","1300","3","100","162743","164045"
"MU.osexp","C:\Users\Public\Experiments\IDs\05-WMC\MU","Tr3_update3.png","5","148808","C:/Users/Public/Experiments/IDs/05-WMC/MU/MUsbj100.csv","update","1300","3","100","164405","165707"
"MU.osexp","C:\Users\Public\Experiments\IDs\05-WMC\MU","Tr3_test1.png","9","168584","C:/Users/Public/Experiments/IDs/05-WMC/MU/MUsbj100.csv","test","0","3","100","166053","168585"
"MU.osexp","C:\Users\Public\Experiments\IDs\05-WMC\MU","Tr3_test2.png","7","170728","C:/Users/Public/Experiments/IDs/05-WMC/MU/MUsbj100.csv","test","0","3","100","169689","170728"
"MU.osexp","C:\Users\Public\Experiments\IDs\05-WMC\MU","Tr3_test3.png","7","172680","C:/Users/Public/Experiments/IDs/05-WMC/MU/MUsbj100.csv","test","0","3","100","171917","172681"
"MU.osexp","C:\Users\Public\Experiments\IDs\05-WMC\MU","wait.png","7","172680","C:/Users/Public/Experiments/IDs/05-WMC/MU/MUsbj100.csv","wait","5000","4","100","173909","172681"
"MU.osexp","C:\Users\Public\Experiments\IDs\05-WMC\MU","fixation.png","7","172680","C:/Users/Public/Experiments/IDs/05-WMC/MU/MUsbj100.csv","fix","1500","4","100","179008","172681"
"MU.osexp","C:\Users\Public\Experiments\IDs\05-WMC\MU","Tr4_study1.png","7","172680","C:/Users/Public/Experiments/IDs/05-WMC/MU/MUsbj100.csv","study","1000","4","100","180613","181614"
"MU.osexp","C:\Users\Public\Experiments\IDs\05-WMC\MU","Tr4_study2.png","7","172680","C:/Users/Public/Experiments/IDs/05-WMC/MU/MUsbj100.csv","study","1000","4","100","181979","182981"
"MU.osexp","C:\Users\Public\Experiments\IDs\05-WMC\MU","Tr4_study3.png","7","172680","C:/Users/Public/Experiments/IDs/05-WMC/MU/MUsbj100.csv","study","1000","4","100","183329","184330"
"MU.osexp","C:\Users\Public\Experiments\IDs\05-WMC\MU","Tr4_study4.png","7","172680","C:/Users/Public/Experiments/IDs/05-WMC/MU/MUsbj100.csv","study","1000","4","100","184661","185663"
"MU.osexp","C:\Users\Public\Experiments\IDs\05-WMC\MU","Tr4_update1.png","7","172680","C:/Users/Public/Experiments/IDs/05-WMC/MU/MUsbj100.csv","update","1300","4","100","186025","187327"
"MU.osexp","C:\Users\Public\Experiments\IDs\05-WMC\MU","Tr4_update2.png","7","172680","C:/Users/Public/Experiments/IDs/05-WMC/MU/MUsbj100.csv","update","1300","4","100","187695","188997"
"MU.osexp","C:\Users\Public\Experiments\IDs\05-WMC\MU","Tr4_update3.png","7","172680","C:/Users/Public/Experiments/IDs/05-WMC/MU/MUsbj100.csv","update","1300","4","100","189375","190677"
"MU.osexp","C:\Users\Public\Experiments\IDs\05-WMC\MU","Tr4_update4.png","7","172680","C:/Users/Public/Experiments/IDs/05-WMC/MU/MUsbj100.csv","update","1300","4","100","191031","192333"
"MU.osexp","C:\Users\Public\Experiments\IDs\05-WMC\MU","Tr4_test1.png","1","203696","C:/Users/Public/Experiments/IDs/05-WMC/MU/MUsbj100.csv","test","0","4","100","192702","203697"
"MU.osexp","C:\Users\Public\Experiments\IDs\05-WMC\MU","Tr4_test2.png","1","208400","C:/Users/Public/Experiments/IDs/05-WMC/MU/MUsbj100.csv","test","0","4","100","204792","208401"
"MU.osexp","C:\Users\Public\Experiments\IDs\05-WMC\MU","Tr4_test3.png","7","211088","C:/Users/Public/Experiments/IDs/05-WMC/MU/MUsbj100.csv","test","0","4","100","209487","211089"
"MU.osexp","C:\Users\Public\Experiments\IDs\05-WMC\MU","Tr4_test4.png","6","214928","C:/Users/Public/Experiments/IDs/05-WMC/MU/MUsbj100.csv","test","0","4","100","212210","214929"
"MU.osexp","C:\Users\Public\Experiments\IDs\05-WMC\MU","wait.png","6","214928","C:/Users/Public/Experiments/IDs/05-WMC/MU/MUsbj100.csv","wait","5000","3","100","216003","214929"
"MU.osexp","C:\Users\Public\Experiments\IDs\05-WMC\MU","fixation.png","6","214928","C:/Users/Public/Experiments/IDs/05-WMC/MU/MUsbj100.csv","fix","1500","3","100","221101","214929"
"MU.osexp","C:\Users\Public\Experiments\IDs\05-WMC\MU","Tr5_study1.png","6","214928","C:/Users/Public/Experiments/IDs/05-WMC/MU/MUsbj100.csv","study","1000","3","100","222716","223718"
"MU.osexp","C:\Users\Public\Experiments\IDs\05-WMC\MU","Tr5_study2.png","6","214928","C:/Users/Public/Experiments/IDs/05-WMC/MU/MUsbj100.csv","study","1000","3","100","224056","225056"
"MU.osexp","C:\Users\Public\Experiments\IDs\05-WMC\MU","Tr5_study3.png","6","214928","C:/Users/Public/Experiments/IDs/05-WMC/MU/MUsbj100.csv","study","1000","3","100","225370","226370"
"MU.osexp","C:\Users\Public\Experiments\IDs\05-WMC\MU","Tr5_update1.png","6","214928","C:/Users/Public/Experiments/IDs/05-WMC/MU/MUsbj100.csv","update","1300","3","100","226704","228006"
"MU.osexp","C:\Users\Public\Experiments\IDs\05-WMC\MU","Tr5_update2.png","6","214928","C:/Users/Public/Experiments/IDs/05-WMC/MU/MUsbj100.csv","update","1300","3","100","228381","229683"
"MU.osexp","C:\Users\Public\Experiments\IDs\05-WMC\MU","Tr5_update3.png","6","214928","C:/Users/Public/Experiments/IDs/05-WMC/MU/MUsbj100.csv","update","1300","3","100","230021","231323"
"MU.osexp","C:\Users\Public\Experiments\IDs\05-WMC\MU","Tr5_update4.png","6","214928","C:/Users/Public/Experiments/IDs/05-WMC/MU/MUsbj100.csv","update","1300","3","100","231703","233005"
"MU.osexp","C:\Users\Public\Experiments\IDs\05-WMC\MU","Tr5_update5.png","6","214928","C:/Users/Public/Experiments/IDs/05-WMC/MU/MUsbj100.csv","update","1300","3","100","233351","234653"
"MU.osexp","C:\Users\Public\Experiments\IDs\05-WMC\MU","Tr5_update6.png","6","214928","C:/Users/Public/Experiments/IDs/05-WMC/MU/MUsbj100.csv","update","1300","3","100","235020","236322"
"MU.osexp","C:\Users\Public\Experiments\IDs\05-WMC\MU","Tr5_test1.png","2","239616","C:/Users/Public/Experiments/IDs/05-WMC/MU/MUsbj100.csv","test","0","3","100","236684","239617"
"MU.osexp","C:\Users\Public\Experiments\IDs\05-WMC\MU","Tr5_test2.png","5","244192","C:/Users/Public/Experiments/IDs/05-WMC/MU/MUsbj100.csv","test","0","3","100","240717","244193"
"MU.osexp","C:\Users\Public\Experiments\IDs\05-WMC\MU","Tr5_test3.png","8","252752","C:/Users/Public/Experiments/IDs/05-WMC/MU/MUsbj100.csv","test","0","3","100","245278","252753"
"MU.osexp","C:\Users\Public\Experiments\IDs\05-WMC\MU","wait.png","8","252752","C:/Users/Public/Experiments/IDs/05-WMC/MU/MUsbj100.csv","wait","5000","4","100","253857","252753"
"MU.osexp","C:\Users\Public\Experiments\IDs\05-WMC\MU","fixation.png","8","252752","C:/Users/Public/Experiments/IDs/05-WMC/MU/MUsbj100.csv","fix","1500","4","100","258961","252753"
"MU.osexp","C:\Users\Public\Experiments\IDs\05-WMC\MU","Tr6_study1.png","8","252752","C:/Users/Public/Experiments/IDs/05-WMC/MU/MUsbj100.csv","study","1000","4","100","260670","261672"
"MU.osexp","C:\Users\Public\Experiments\IDs\05-WMC\MU","Tr6_study2.png","8","252752","C:/Users/Public/Experiments/IDs/05-WMC/MU/MUsbj100.csv","study","1000","4","100","262015","263017"
"MU.osexp","C:\Users\Public\Experiments\IDs\05-WMC\MU","Tr6_study3.png","8","252752","C:/Users/Public/Experiments/IDs/05-WMC/MU/MUsbj100.csv","study","1000","4","100","263392","264394"
"MU.osexp","C:\Users\Public\Experiments\IDs\05-WMC\MU","Tr6_study4.png","8","252752","C:/Users/Public/Experiments/IDs/05-WMC/MU/MUsbj100.csv","study","1000","4","100","264756","265758"
"MU.osexp","C:\Users\Public\Experiments\IDs\05-WMC\MU","Tr6_update1.png","8","252752","C:/Users/Public/Experiments/IDs/05-WMC/MU/MUsbj100.csv","update","1300","4","100","266115","267417"
"MU.osexp","C:\Users\Public\Experiments\IDs\05-WMC\MU","Tr6_update2.png","8","252752","C:/Users/Public/Experiments/IDs/05-WMC/MU/MUsbj100.csv","update","1300","4","100","267769","269070"
"MU.osexp","C:\Users\Public\Experiments\IDs\05-WMC\MU","Tr6_update3.png","8","252752","C:/Users/Public/Experiments/IDs/05-WMC/MU/MUsbj100.csv","update","1300","4","100","269407","270709"
"MU.osexp","C:\Users\Public\Experiments\IDs\05-WMC\MU","Tr6_update4.png","8","252752","C:/Users/Public/Experiments/IDs/05-WMC/MU/MUsbj100.csv","update","1300","4","100","271059","272361"
"MU.osexp","C:\Users\Public\Experiments\IDs\05-WMC\MU","Tr6_update5.png","8","252752","C:/Users/Public/Experiments/IDs/05-WMC/MU/MUsbj100.csv","update","1300","4","100","272717","274019"
"MU.osexp","C:\Users\Public\Experiments\IDs\05-WMC\MU","Tr6_test1.png","1","278944","C:/Users/Public/Experiments/IDs/05-WMC/MU/MUsbj100.csv","test","0","4","100","274365","278945"
"MU.osexp","C:\Users\Public\Experiments\IDs\05-WMC\MU","Tr6_test2.png","9","284544","C:/Users/Public/Experiments/IDs/05-WMC/MU/MUsbj100.csv","test","0","4","100","280037","284545"
"MU.osexp","C:\Users\Public\Experiments\IDs\05-WMC\MU","Tr6_test3.png","5","289272","C:/Users/Public/Experiments/IDs/05-WMC/MU/MUsbj100.csv","test","0","4","100","285634","289273"
"MU.osexp","C:\Users\Public\Experiments\IDs\05-WMC\MU","Tr6_test4.png","5","294681","C:/Users/Public/Experiments/IDs/05-WMC/MU/MUsbj100.csv","test","0","4","100","290375","294681"
"MU.osexp","C:\Users\Public\Experiments\IDs\05-WMC\MU","wait.png","5","294681","C:/Users/Public/Experiments/IDs/05-WMC/MU/MUsbj100.csv","wait","5000","5","100","295793","294681"
"MU.osexp","C:\Users\Public\Experiments\IDs\05-WMC\MU","fixation.png","5","294681","C:/Users/Public/Experiments/IDs/05-WMC/MU/MUsbj100.csv","fix","1500","5","100","300904","294681"
"MU.osexp","C:\Users\Public\Experiments\IDs\05-WMC\MU","Tr7_study1.png","5","294681","C:/Users/Public/Experiments/IDs/05-WMC/MU/MUsbj100.csv","study","1000","5","100","302533","303534"
"MU.osexp","C:\Users\Public\Experiments\IDs\05-WMC\MU","Tr7_study2.png","5","294681","C:/Users/Public/Experiments/IDs/05-WMC/MU/MUsbj100.csv","study","1000","5","100","303910","304912"
"MU.osexp","C:\Users\Public\Experiments\IDs\05-WMC\MU","Tr7_study3.png","5","294681","C:/Users/Public/Experiments/IDs/05-WMC/MU/MUsbj100.csv","study","1000","5","100","305256","306257"
"MU.osexp","C:\Users\Public\Experiments\IDs\05-WMC\MU","Tr7_study4.png","5","294681","C:/Users/Public/Experiments/IDs/05-WMC/MU/MUsbj100.csv","study","1000","5","100","306603","307605"
"MU.osexp","C:\Users\Public\Experiments\IDs\05-WMC\MU","Tr7_study5.png","5","294681","C:/Users/Public/Experiments/IDs/05-WMC/MU/MUsbj100.csv","study","1000","5","100","307962","308963"
"MU.osexp","C:\Users\Public\Experiments\IDs\05-WMC\MU","Tr7_update1.png","5","294681","C:/Users/Public/Experiments/IDs/05-WMC/MU/MUsbj100.csv","update","1300","5","100","309313","310615"
"MU.osexp","C:\Users\Public\Experiments\IDs\05-WMC\MU","Tr7_update2.png","5","294681","C:/Users/Public/Experiments/IDs/05-WMC/MU/MUsbj100.csv","update","1300","5","100","310968","312270"
"MU.osexp","C:\Users\Public\Experiments\IDs\05-WMC\MU","Tr7_update3.png","5","294681","C:/Users/Public/Experiments/IDs/05-WMC/MU/MUsbj100.csv","update","1300","5","100","312633","313935"
"MU.osexp","C:\Users\Public\Experiments\IDs\05-WMC\MU","Tr7_update4.png","5","294681","C:/Users/Public/Experiments/IDs/05-WMC/MU/MUsbj100.csv","update","1300","5","100","314298","315600"
"MU.osexp","C:\Users\Public\Experiments\IDs\05-WMC\MU","Tr7_update5.png","5","294681","C:/Users/Public/Experiments/IDs/05-WMC/MU/MUsbj100.csv","update","1300","5","100","315955","317257"
"MU.osexp","C:\Users\Public\Experiments\IDs\05-WMC\MU","Tr7_test1.png","1","319240","C:/Users/Public/Experiments/IDs/05-WMC/MU/MUsbj100.csv","test","0","5","100","317601","319241"
"MU.osexp","C:\Users\Public\Experiments\IDs\05-WMC\MU","Tr7_test2.png","8","321824","C:/Users/Public/Experiments/IDs/05-WMC/MU/MUsbj100.csv","test","0","5","100","320365","321825"
"MU.osexp","C:\Users\Public\Experiments\IDs\05-WMC\MU","Tr7_test3.png","1","323568","C:/Users/Public/Experiments/IDs/05-WMC/MU/MUsbj100.csv","test","0","5","100","322941","323569"
"MU.osexp","C:\Users\Public\Experiments\IDs\05-WMC\MU","Tr7_test4.png","9","326680","C:/Users/Public/Experiments/IDs/05-WMC/MU/MUsbj100.csv","test","0","5","100","324657","326681"
"MU.osexp","C:\Users\Public\Experiments\IDs\05-WMC\MU","Tr7_test5.png","1","328304","C:/Users/Public/Experiments/IDs/05-WMC/MU/MUsbj100.csv","test","0","5","100","327882","328305"
"MU.osexp","C:\Users\Public\Experiments\IDs\05-WMC\MU","wait.png","1","328304","C:/Users/Public/Experiments/IDs/05-WMC/MU/MUsbj100.csv","wait","5000","4","100","329412","328305"
"MU.osexp","C:\Users\Public\Experiments\IDs\05-WMC\MU","fixation.png","1","328304","C:/Users/Public/Experiments/IDs/05-WMC/MU/MUsbj100.csv","fix","1500","4","100","334512","328305"
"MU.osexp","C:\Users\Public\Experiments\IDs\05-WMC\MU","Tr8_study1.png","1","328304","C:/Users/Public/Experiments/IDs/05-WMC/MU/MUsbj100.csv","study","1000","4","100","336137","337138"
"MU.osexp","C:\Users\Public\Experiments\IDs\05-WMC\MU","Tr8_study2.png","1","328304","C:/Users/Public/Experiments/IDs/05-WMC/MU/MUsbj100.csv","study","1000","4","100","337481","338483"
"MU.osexp","C:\Users\Public\Experiments\IDs\05-WMC\MU","Tr8_study3.png","1","328304","C:/Users/Public/Experiments/IDs/05-WMC/MU/MUsbj100.csv","study","1000","4","100","338829","339829"
"MU.osexp","C:\Users\Public\Experiments\IDs\05-WMC\MU","Tr8_study4.png","1","328304","C:/Users/Public/Experiments/IDs/05-WMC/MU/MUsbj100.csv","study","1000","4","100","340181","341183"
"MU.osexp","C:\Users\Public\Experiments\IDs\05-WMC\MU","Tr8_update1.png","1","328304","C:/Users/Public/Experiments/IDs/05-WMC/MU/MUsbj100.csv","update","1300","4","100","341540","342841"
"MU.osexp","C:\Users\Public\Experiments\IDs\05-WMC\MU","Tr8_update2.png","1","328304","C:/Users/Public/Experiments/IDs/05-WMC/MU/MUsbj100.csv","update","1300","4","100","343195","344497"
"MU.osexp","C:\Users\Public\Experiments\IDs\05-WMC\MU","Tr8_update3.png","1","328304","C:/Users/Public/Experiments/IDs/05-WMC/MU/MUsbj100.csv","update","1300","4","100","344877","346180"
"MU.osexp","C:\Users\Public\Experiments\IDs\05-WMC\MU","Tr8_test1.png","2","348481","C:/Users/Public/Experiments/IDs/05-WMC/MU/MUsbj100.csv","test","0","4","100","346527","348481"
"MU.osexp","C:\Users\Public\Experiments\IDs\05-WMC\MU","Tr8_test2.png","4","350832","C:/Users/Public/Experiments/IDs/05-WMC/MU/MUsbj100.csv","test","0","4","100","349575","350833"
"MU.osexp","C:\Users\Public\Experiments\IDs\05-WMC\MU","Tr8_test3.png","9","353848","C:/Users/Public/Experiments/IDs/05-WMC/MU/MUsbj100.csv","test","0","4","100","351930","353849"
"MU.osexp","C:\Users\Public\Experiments\IDs\05-WMC\MU","Tr8_test4.png","2","355944","C:/Users/Public/Experiments/IDs/05-WMC/MU/MUsbj100.csv","test","0","4","100","354941","355945"
"MU.osexp","C:\Users\Public\Experiments\IDs\05-WMC\MU","wait.png","2","355944","C:/Users/Public/Experiments/IDs/05-WMC/MU/MUsbj100.csv","wait","5000","5","100","357043","355945"
"MU.osexp","C:\Users\Public\Experiments\IDs\05-WMC\MU","fixation.png","2","355944","C:/Users/Public/Experiments/IDs/05-WMC/MU/MUsbj100.csv","fix","1500","5","100","362139","355945"
"MU.osexp","C:\Users\Public\Experiments\IDs\05-WMC\MU","Tr9_study1.png","2","355944","C:/Users/Public/Experiments/IDs/05-WMC/MU/MUsbj100.csv","study","1000","5","100","363742","364743"
"MU.osexp","C:\Users\Public\Experiments\IDs\05-WMC\MU","Tr9_study2.png","2","355944","C:/Users/Public/Experiments/IDs/05-WMC/MU/MUsbj100.csv","study","1000","5","100","365086","366088"
"MU.osexp","C:\Users\Public\Experiments\IDs\05-WMC\MU","Tr9_study3.png","2","355944","C:/Users/Public/Experiments/IDs/05-WMC/MU/MUsbj100.csv","study","1000","5","100","366424","367426"
"MU.osexp","C:\Users\Public\Experiments\IDs\05-WMC\MU","Tr9_study4.png","2","355944","C:/Users/Public/Experiments/IDs/05-WMC/MU/MUsbj100.csv","study","1000","5","100","367771","368773"
"MU.osexp","C:\Users\Public\Experiments\IDs\05-WMC\MU","Tr9_study5.png","2","355944","C:/Users/Public/Experiments/IDs/05-WMC/MU/MUsbj100.csv","study","1000","5","100","369143","370145"
"MU.osexp","C:\Users\Public\Experiments\IDs\05-WMC\MU","Tr9_update1.png","2","355944","C:/Users/Public/Experiments/IDs/05-WMC/MU/MUsbj100.csv","update","1300","5","100","370497","371799"
"MU.osexp","C:\Users\Public\Experiments\IDs\05-WMC\MU","Tr9_update2.png","2","355944","C:/Users/Public/Experiments/IDs/05-WMC/MU/MUsbj100.csv","update","1300","5","100","372149","373451"
"MU.osexp","C:\Users\Public\Experiments\IDs\05-WMC\MU","Tr9_test1.png","3","377904","C:/Users/Public/Experiments/IDs/05-WMC/MU/MUsbj100.csv","test","0","5","100","373914","377905"
"MU.osexp","C:\Users\Public\Experiments\IDs\05-WMC\MU","Tr9_test2.png","6","382289","C:/Users/Public/Experiments/IDs/05-WMC/MU/MUsbj100.csv","test","0","5","100","379003","382289"
"MU.osexp","C:\Users\Public\Experiments\IDs\05-WMC\MU","Tr9_test3.png","5","384697","C:/Users/Public/Experiments/IDs/05-WMC/MU/MUsbj100.csv","test","0","5","100","383396","384697"
"MU.osexp","C:\Users\Public\Experiments\IDs\05-WMC\MU","Tr9_test4.png","4","386880","C:/Users/Public/Experiments/IDs/05-WMC/MU/MUsbj100.csv","test","0","5","100","385817","386881"
"MU.osexp","C:\Users\Public\Experiments\IDs\05-WMC\MU","Tr9_test5.png","7","388384","C:/Users/Public/Experiments/IDs/05-WMC/MU/MUsbj100.csv","test","0","5","100","387974","388385"
"MU.osexp","C:\Users\Public\Experiments\IDs\05-WMC\MU","wait.png","7","388384","C:/Users/Public/Experiments/IDs/05-WMC/MU/MUsbj100.csv","wait","5000","3","100","389481","388385"
"MU.osexp","C:\Users\Public\Experiments\IDs\05-WMC\MU","fixation.png","7","388384","C:/Users/Public/Experiments/IDs/05-WMC/MU/MUsbj100.csv","fix","1500","3","100","394589","388385"
"MU.osexp","C:\Users\Public\Experiments\IDs\05-WMC\MU","Tr10_study1.png","7","388384","C:/Users/Public/Experiments/IDs/05-WMC/MU/MUsbj100.csv","study","1000","3","100","396211","397213"
"MU.osexp","C:\Users\Public\Experiments\IDs\05-WMC\MU","Tr10_study2.png","7","388384","C:/Users/Public/Experiments/IDs/05-WMC/MU/MUsbj100.csv","study","1000","3","100","397569","398571"
"MU.osexp","C:\Users\Public\Experiments\IDs\05-WMC\MU","Tr10_study3.png","7","388384","C:/Users/Public/Experiments/IDs/05-WMC/MU/MUsbj100.csv","study","1000","3","100","398932","399933"
"MU.osexp","C:\Users\Public\Experiments\IDs\05-WMC\MU","Tr10_update1.png","7","388384","C:/Users/Public/Experiments/IDs/05-WMC/MU/MUsbj100.csv","update","1300","3","100","400270","401572"
"MU.osexp","C:\Users\Public\Experiments\IDs\05-WMC\MU","Tr10_update2.png","7","388384","C:/Users/Public/Experiments/IDs/05-WMC/MU/MUsbj100.csv","update","1300","3","100","401941","403243"
"MU.osexp","C:\Users\Public\Experiments\IDs\05-WMC\MU","Tr10_test1.png","5","405144","C:/Users/Public/Experiments/IDs/05-WMC/MU/MUsbj100.csv","test","0","3","100","403586","405145"
"MU.osexp","C:\Users\Public\Experiments\IDs\05-WMC\MU","Tr10_test2.png","2","412560","C:/Users/Public/Experiments/IDs/05-WMC/MU/MUsbj100.csv","test","0","3","100","406251","412561"
"MU.osexp","C:\Users\Public\Experiments\IDs\05-WMC\MU","Tr10_test3.png","5","414896","C:/Users/Public/Experiments/IDs/05-WMC/MU/MUsbj100.csv","test","0","3","100","413642","414897"
"MU.osexp","C:\Users\Public\Experiments\IDs\05-WMC\MU","wait.png","5","414896","C:/Users/Public/Experiments/IDs/05-WMC/MU/MUsbj100.csv","wait","5000","5","100","415983","414897"
"MU.osexp","C:\Users\Public\Experiments\IDs\05-WMC\MU","fixation.png","5","414896","C:/Users/Public/Experiments/IDs/05-WMC/MU/MUsbj100.csv","fix","1500","5","100","421080","414897"
"MU.osexp","C:\Users\Public\Experiments\IDs\05-WMC\MU","Tr11_study1.png","5","414896","C:/Users/Public/Experiments/IDs/05-WMC/MU/MUsbj100.csv","study","1000","5","100","422704","423706"
"MU.osexp","C:\Users\Public\Experiments\IDs\05-WMC\MU","Tr11_study2.png","5","414896","C:/Users/Public/Experiments/IDs/05-WMC/MU/MUsbj100.csv","study","1000","5","100","424072","425074"
"MU.osexp","C:\Users\Public\Experiments\IDs\05-WMC\MU","Tr11_study3.png","5","414896","C:/Users/Public/Experiments/IDs/05-WMC/MU/MUsbj100.csv","study","1000","5","100","425400","426401"
"MU.osexp","C:\Users\Public\Experiments\IDs\05-WMC\MU","Tr11_study4.png","5","414896","C:/Users/Public/Experiments/IDs/05-WMC/MU/MUsbj100.csv","study","1000","5","100","426748","427750"
"MU.osexp","C:\Users\Public\Experiments\IDs\05-WMC\MU","Tr11_study5.png","5","414896","C:/Users/Public/Experiments/IDs/05-WMC/MU/MUsbj100.csv","study","1000","5","100","428082","429084"
"MU.osexp","C:\Users\Public\Experiments\IDs\05-WMC\MU","Tr11_update1.png","5","414896","C:/Users/Public/Experiments/IDs/05-WMC/MU/MUsbj100.csv","update","1300","5","100","429440","430742"
"MU.osexp","C:\Users\Public\Experiments\IDs\05-WMC\MU","Tr11_update2.png","5","414896","C:/Users/Public/Experiments/IDs/05-WMC/MU/MUsbj100.csv","update","1300","5","100","431067","432369"
"MU.osexp","C:\Users\Public\Experiments\IDs\05-WMC\MU","Tr11_update3.png","5","414896","C:/Users/Public/Experiments/IDs/05-WMC/MU/MUsbj100.csv","update","1300","5","100","432716","434018"
"MU.osexp","C:\Users\Public\Experiments\IDs\05-WMC\MU","Tr11_test1.png","2","441248","C:/Users/Public/Experiments/IDs/05-WMC/MU/MUsbj100.csv","test","0","5","100","434350","441249"
"MU.osexp","C:\Users\Public\Experiments\IDs\05-WMC\MU","Tr11_test2.png","1","443488","C:/Users/Public/Experiments/IDs/05-WMC/MU/MUsbj100.csv","test","0","5","100","442346","443489"
"MU.osexp","C:\Users\Public\Experiments\IDs\05-WMC\MU","Tr11_test3.png","5","445728","C:/Users/Public/Experiments/IDs/05-WMC/MU/MUsbj100.csv","test","0","5","100","444593","445729"
"MU.osexp","C:\Users\Public\Experiments\IDs\05-WMC\MU","Tr11_test4.png","6","448344","C:/Users/Public/Experiments/IDs/05-WMC/MU/MUsbj100.csv","test","0","5","100","446832","448345"
"MU.osexp","C:\Users\Public\Experiments\IDs\05-WMC\MU","Tr11_test5.png","5","449800","C:/Users/Public/Experiments/IDs/05-WMC/MU/MUsbj100.csv","test","0","5","100","449430","449801"
"MU.osexp","C:\Users\Public\Experiments\IDs\05-WMC\MU","wait.png","5","449800","C:/Users/Public/Experiments/IDs/05-WMC/MU/MUsbj100.csv","wait","5000","3","100","450907","449801"
"MU.osexp","C:\Users\Public\Experiments\IDs\05-WMC\MU","fixation.png","5","449800","C:/Users/Public/Experiments/IDs/05-WMC/MU/MUsbj100.csv","fix","1500","3","100","456000","449801"
"MU.osexp","C:\Users\Public\Experiments\IDs\05-WMC\MU","Tr12_study1.png","5","449800","C:/Users/Public/Experiments/IDs/05-WMC/MU/MUsbj100.csv","study","1000","3","100","457566","458568"
"MU.osexp","C:\Users\Public\Experiments\IDs\05-WMC\MU","Tr12_study2.png","5","449800","C:/Users/Public/Experiments/IDs/05-WMC/MU/MUsbj100.csv","study","1000","3","100","458936","459938"
"MU.osexp","C:\Users\Public\Experiments\IDs\05-WMC\MU","Tr12_study3.png","5","449800","C:/Users/Public/Experiments/IDs/05-WMC/MU/MUsbj100.csv","study","1000","3","100","460300","461301"
"MU.osexp","C:\Users\Public\Experiments\IDs\05-WMC\MU","Tr12_update1.png","5","449800","C:/Users/Public/Experiments/IDs/05-WMC/MU/MUsbj100.csv","update","1300","3","100","461654","462956"
"MU.osexp","C:\Users\Public\Experiments\IDs\05-WMC\MU","Tr12_update2.png","5","449800","C:/Users/Public/Experiments/IDs/05-WMC/MU/MUsbj100.csv","update","1300","3","100","463320","464622"
"MU.osexp","C:\Users\Public\Experiments\IDs\05-WMC\MU","Tr12_update3.png","5","449800","C:/Users/Public/Experiments/IDs/05-WMC/MU/MUsbj100.csv","update","1300","3","100","464963","466264"
"MU.osexp","C:\Users\Public\Experiments\IDs\05-WMC\MU","Tr12_update4.png","5","449800","C:/Users/Public/Experiments/IDs/05-WMC/MU/MUsbj100.csv","update","1300","3","100","466609","467911"
"MU.osexp","C:\Users\Public\Experiments\IDs\05-WMC\MU","Tr12_update5.png","5","449800","C:/Users/Public/Experiments/IDs/05-WMC/MU/MUsbj100.csv","update","1300","3","100","468257","469559"
"MU.osexp","C:\Users\Public\Experiments\IDs\05-WMC\MU","Tr12_test1.png","4","473729","C:/Users/Public/Experiments/IDs/05-WMC/MU/MUsbj100.csv","test","0","3","100","469915","473729"
"MU.osexp","C:\Users\Public\Experiments\IDs\05-WMC\MU","Tr12_test2.png","5","477792","C:/Users/Public/Experiments/IDs/05-WMC/MU/MUsbj100.csv","test","0","3","100","474836","477793"
"MU.osexp","C:\Users\Public\Experiments\IDs\05-WMC\MU","Tr12_test3.png","8","496904","C:/Users/Public/Experiments/IDs/05-WMC/MU/MUsbj100.csv","test","0","3","100","478883","496905"
"MU.osexp","C:\Users\Public\Experiments\IDs\05-WMC\MU","wait.png","8","496904","C:/Users/Public/Experiments/IDs/05-WMC/MU/MUsbj100.csv","wait","5000","3","100","497996","496905"
"MU.osexp","C:\Users\Public\Experiments\IDs\05-WMC\MU","fixation.png","8","496904","C:/Users/Public/Experiments/IDs/05-WMC/MU/MUsbj100.csv","fix","1500","3","100","503090","496905"
"MU.osexp","C:\Users\Public\Experiments\IDs\05-WMC\MU","Tr13_study1.png","8","496904","C:/Users/Public/Experiments/IDs/05-WMC/MU/MUsbj100.csv","study","1000","3","100","504703","505704"
"MU.osexp","C:\Users\Public\Experiments\IDs\05-WMC\MU","Tr13_study2.png","8","496904","C:/Users/Public/Experiments/IDs/05-WMC/MU/MUsbj100.csv","study","1000","3","100","506036","507038"
"MU.osexp","C:\Users\Public\Experiments\IDs\05-WMC\MU","Tr13_study3.png","8","496904","C:/Users/Public/Experiments/IDs/05-WMC/MU/MUsbj100.csv","study","1000","3","100","507377","508378"
"MU.osexp","C:\Users\Public\Experiments\IDs\05-WMC\MU","Tr13_update1.png","8","496904","C:/Users/Public/Experiments/IDs/05-WMC/MU/MUsbj100.csv","update","1300","3","100","508729","510031"
"MU.osexp","C:\Users\Public\Experiments\IDs\05-WMC\MU","Tr13_update2.png","8","496904","C:/Users/Public/Experiments/IDs/05-WMC/MU/MUsbj100.csv","update","1300","3","100","510384","511686"
"MU.osexp","C:\Users\Public\Experiments\IDs\05-WMC\MU","Tr13_update3.png","8","496904","C:/Users/Public/Experiments/IDs/05-WMC/MU/MUsbj100.csv","update","1300","3","100","512046","513348"
"MU.osexp","C:\Users\Public\Experiments\IDs\05-WMC\MU","Tr13_update4.png","8","496904","C:/Users/Public/Experiments/IDs/05-WMC/MU/MUsbj100.csv","update","1300","3","100","513686","514988"
"MU.osexp","C:\Users\Public\Experiments\IDs\05-WMC\MU","Tr13_test1.png","3","517144","C:/Users/Public/Experiments/IDs/05-WMC/MU/MUsbj100.csv","test","0","3","100","515330","517145"
"MU.osexp","C:\Users\Public\Experiments\IDs\05-WMC\MU","Tr13_test2.png","3","523545","C:/Users/Public/Experiments/IDs/05-WMC/MU/MUsbj100.csv","test","0","3","100","518226","523545"
"MU.osexp","C:\Users\Public\Experiments\IDs\05-WMC\MU","Tr13_test3.png","4","527472","C:/Users/Public/Experiments/IDs/05-WMC/MU/MUsbj100.csv","test","0","3","100","524639","527473"
"MU.osexp","C:\Users\Public\Experiments\IDs\05-WMC\MU","wait.png","4","527472","C:/Users/Public/Experiments/IDs/05-WMC/MU/MUsbj100.csv","wait","5000","5","100","528565","527473"
"MU.osexp","C:\Users\Public\Experiments\IDs\05-WMC\MU","fixation.png","4","527472","C:/Users/Public/Experiments/IDs/05-WMC/MU/MUsbj100.csv","fix","1500","5","100","533661","527473"
"MU.osexp","C:\Users\Public\Experiments\IDs\05-WMC\MU","Tr14_study1.png","4","527472","C:/Users/Public/Experiments/IDs/05-WMC/MU/MUsbj100.csv","study","1000","5","100","535294","536296"
"MU.osexp","C:\Users\Public\Experiments\IDs\05-WMC\MU","Tr14_study2.png","4","527472","C:/Users/Public/Experiments/IDs/05-WMC/MU/MUsbj100.csv","study","1000","5","100","536639","537641"
"MU.osexp","C:\Users\Public\Experiments\IDs\05-WMC\MU","Tr14_study3.png","4","527472","C:/Users/Public/Experiments/IDs/05-WMC/MU/MUsbj100.csv","study","1000","5","100","537982","538983"
"MU.osexp","C:\Users\Public\Experiments\IDs\05-WMC\MU","Tr14_study4.png","4","527472","C:/Users/Public/Experiments/IDs/05-WMC/MU/MUsbj100.csv","study","1000","5","100","539312","540314"
"MU.osexp","C:\Users\Public\Experiments\IDs\05-WMC\MU","Tr14_study5.png","4","527472","C:/Users/Public/Experiments/IDs/05-WMC/MU/MUsbj100.csv","study","1000","5","100","540675","541676"
"MU.osexp","C:\Users\Public\Experiments\IDs\05-WMC\MU","Tr14_update1.png","4","527472","C:/Users/Public/Experiments/IDs/05-WMC/MU/MUsbj100.csv","update","1300","5","100","542023","543325"
"MU.osexp","C:\Users\Public\Experiments\IDs\05-WMC\MU","Tr14_update2.png","4","527472","C:/Users/Public/Experiments/IDs/05-WMC/MU/MUsbj100.csv","update","1300","5","100","543701","545003"
"MU.osexp","C:\Users\Public\Experiments\IDs\05-WMC\MU","Tr14_update3.png","4","527472","C:/Users/Public/Experiments/IDs/05-WMC/MU/MUsbj100.csv","update","1300","5","100","545361","546663"
"MU.osexp","C:\Users\Public\Experiments\IDs\05-WMC\MU","Tr14_update4.png","4","527472","C:/Users/Public/Experiments/IDs/05-WMC/MU/MUsbj100.csv","update","1300","5","100","546998","548300"
"MU.osexp","C:\Users\Public\Experiments\IDs\05-WMC\MU","Tr14_test1.png","9","550584","C:/Users/Public/Experiments/IDs/05-WMC/MU/MUsbj100.csv","test","0","5","100","548657","550585"
"MU.osexp","C:\Users\Public\Experiments\IDs\05-WMC\MU","Tr14_test2.png","5","553160","C:/Users/Public/Experiments/IDs/05-WMC/MU/MUsbj100.csv","test","0","5","100","551674","553161"
"MU.osexp","C:\Users\Public\Experiments\IDs\05-WMC\MU","Tr14_test3.png","1","557833","C:/Users/Public/Experiments/IDs/05-WMC/MU/MUsbj100.csv","test","0","5","100","554255","557834"
"MU.osexp","C:\Users\Public\Experiments\IDs\05-WMC\MU","Tr14_test4.png","5","560129","C:/Users/Public/Experiments/IDs/05-WMC/MU/MUsbj100.csv","test","0","5","100","558926","560129"
"MU.osexp","C:\Users\Public\Experiments\IDs\05-WMC\MU","Tr14_test5.png","8","561617","C:/Users/Public/Experiments/IDs/05-WMC/MU/MUsbj100.csv","test","0","5","100","561232","561617"
"MU.osexp","C:\Users\Public\Experiments\IDs\05-WMC\MU","wait.png","8","561617","C:/Users/Public/Experiments/IDs/05-WMC/MU/MUsbj100.csv","wait","5000","4","100","562728","561617"
"MU.osexp","C:\Users\Public\Experiments\IDs\05-WMC\MU","fixation.png","8","561617","C:/Users/Public/Experiments/IDs/05-WMC/MU/MUsbj100.csv","fix","1500","4","100","567909","561617"
"MU.osexp","C:\Users\Public\Experiments\IDs\05-WMC\MU","Tr15_study1.png","8","561617","C:/Users/Public/Experiments/IDs/05-WMC/MU/MUsbj100.csv","study","1000","4","100","569496","570497"
"MU.osexp","C:\Users\Public\Experiments\IDs\05-WMC\MU","Tr15_study2.png","8","561617","C:/Users/Public/Experiments/IDs/05-WMC/MU/MUsbj100.csv","study","1000","4","100","570850","571852"
"MU.osexp","C:\Users\Public\Experiments\IDs\05-WMC\MU","Tr15_study3.png","8","561617","C:/Users/Public/Experiments/IDs/05-WMC/MU/MUsbj100.csv","study","1000","4","100","572198","573199"
"MU.osexp","C:\Users\Public\Experiments\IDs\05-WMC\MU","Tr15_study4.png","8","561617","C:/Users/Public/Experiments/IDs/05-WMC/MU/MUsbj100.csv","study","1000","4","100","573553","574555"
"MU.osexp","C:\Users\Public\Experiments\IDs\05-WMC\MU","Tr15_update1.png","8","561617","C:/Users/Public/Experiments/IDs/05-WMC/MU/MUsbj100.csv","update","1300","4","100","574903","576205"
"MU.osexp","C:\Users\Public\Experiments\IDs\05-WMC\MU","Tr15_update2.png","8","561617","C:/Users/Public/Experiments/IDs/05-WMC/MU/MUsbj100.csv","update","1300","4","100","576549","577851"
"MU.osexp","C:\Users\Public\Experiments\IDs\05-WMC\MU","Tr15_update3.png","8","561617","C:/Users/Public/Experiments/IDs/05-WMC/MU/MUsbj100.csv","update","1300","4","100","578203","579505"
"MU.osexp","C:\Users\Public\Experiments\IDs\05-WMC\MU","Tr15_update4.png","8","561617","C:/Users/Public/Experiments/IDs/05-WMC/MU/MUsbj100.csv","update","1300","4","100","579844","581146"
"MU.osexp","C:\Users\Public\Experiments\IDs\05-WMC\MU","Tr15_update5.png","8","561617","C:/Users/Public/Experiments/IDs/05-WMC/MU/MUsbj100.csv","update","1300","4","100","581533","582835"
"MU.osexp","C:\Users\Public\Experiments\IDs\05-WMC\MU","Tr15_update6.png","8","561617","C:/Users/Public/Experiments/IDs/05-WMC/MU/MUsbj100.csv","update","1300","4","100","583197","584499"
"MU.osexp","C:\Users\Public\Experiments\IDs\05-WMC\MU","Tr15_test1.png","9","589448","C:/Users/Public/Experiments/IDs/05-WMC/MU/MUsbj100.csv","test","0","4","100","584860","589449"
"MU.osexp","C:\Users\Public\Experiments\IDs\05-WMC\MU","Tr15_test2.png","9","592129","C:/Users/Public/Experiments/IDs/05-WMC/MU/MUsbj100.csv","test","0","4","100","590547","592130"
"MU.osexp","C:\Users\Public\Experiments\IDs\05-WMC\MU","Tr15_test3.png","7","594777","C:/Users/Public/Experiments/IDs/05-WMC/MU/MUsbj100.csv","test","0","4","100","593247","594777"
"MU.osexp","C:\Users\Public\Experiments\IDs\05-WMC\MU","Tr15_test4.png","5","598576","C:/Users/Public/Experiments/IDs/05-WMC/MU/MUsbj100.csv","test","0","4","100","595878","598577"
"MU.osexp","C:\Users\Public\Experiments\IDs\05-WMC\MU","wait.png","5","598576","C:/Users/Public/Experiments/IDs/05-WMC/MU/MUsbj100.csv","wait","5000","4","100","599662","598577"
"MU.osexp","C:\Users\Public\Experiments\IDs\05-WMC\MU","fixation.png","5","598576","C:/Users/Public/Experiments/IDs/05-WMC/MU/MUsbj100.csv","fix","1500","4","100","604785","598577"
"MU.osexp","C:\Users\Public\Experiments\IDs\05-WMC\MU","Tr16_study1.png","5","598576","C:/Users/Public/Experiments/IDs/05-WMC/MU/MUsbj100.csv","study","1000","4","100","606386","607388"
"MU.osexp","C:\Users\Public\Experiments\IDs\05-WMC\MU","Tr16_study2.png","5","598576","C:/Users/Public/Experiments/IDs/05-WMC/MU/MUsbj100.csv","study","1000","4","100","607731","608733"
"MU.osexp","C:\Users\Public\Experiments\IDs\05-WMC\MU","Tr16_study3.png","5","598576","C:/Users/Public/Experiments/IDs/05-WMC/MU/MUsbj100.csv","study","1000","4","100","609104","610105"
"MU.osexp","C:\Users\Public\Experiments\IDs\05-WMC\MU","Tr16_study4.png","5","598576","C:/Users/Public/Experiments/IDs/05-WMC/MU/MUsbj100.csv","study","1000","4","100","610437","611439"
"MU.osexp","C:\Users\Public\Experiments\IDs\05-WMC\MU","Tr16_update1.png","5","598576","C:/Users/Public/Experiments/IDs/05-WMC/MU/MUsbj100.csv","update","1300","4","100","611924","613226"
"MU.osexp","C:\Users\Public\Experiments\IDs\05-WMC\MU","Tr16_update2.png","5","598576","C:/Users/Public/Experiments/IDs/05-WMC/MU/MUsbj100.csv","update","1300","4","100","613558","614860"
"MU.osexp","C:\Users\Public\Experiments\IDs\05-WMC\MU","Tr16_test1.png","8","617256","C:/Users/Public/Experiments/IDs/05-WMC/MU/MUsbj100.csv","test","0","4","100","615232","617257"
"MU.osexp","C:\Users\Public\Experiments\IDs\05-WMC\MU","Tr16_test2.png","7","620208","C:/Users/Public/Experiments/IDs/05-WMC/MU/MUsbj100.csv","test","0","4","100","618355","620209"
"MU.osexp","C:\Users\Public\Experiments\IDs\05-WMC\MU","Tr16_test3.png","5","622392","C:/Users/Public/Experiments/IDs/05-WMC/MU/MUsbj100.csv","test","0","4","100","621335","622393"
"MU.osexp","C:\Users\Public\Experiments\IDs\05-WMC\MU","Tr16_test4.png","2","624032","C:/Users/Public/Experiments/IDs/05-WMC/MU/MUsbj100.csv","test","0","4","100","623677","624033"
"MU.osexp","C:\Users\Public\Experiments\IDs\05-WMC\MU","wait.png","2","624032","C:/Users/Public/Experiments/IDs/05-WMC/MU/MUsbj100.csv","wait","5000","5","100","625154","624033"
"MU.osexp","C:\Users\Public\Experiments\IDs\05-WMC\MU","fixation.png","2","624032","C:/Users/Public/Experiments/IDs/05-WMC/MU/MUsbj100.csv","fix","1500","5","100","630258","624033"
"MU.osexp","C:\Users\Public\Experiments\IDs\05-WMC\MU","Tr17_study1.png","2","624032","C:/Users/Public/Experiments/IDs/05-WMC/MU/MUsbj100.csv","study","1000","5","100","631913","632915"
"MU.osexp","C:\Users\Public\Experiments\IDs\05-WMC\MU","Tr17_study2.png","2","624032","C:/Users/Public/Experiments/IDs/05-WMC/MU/MUsbj100.csv","study","1000","5","100","633266","634268"
"MU.osexp","C:\Users\Public\Experiments\IDs\05-WMC\MU","Tr17_study3.png","2","624032","C:/Users/Public/Experiments/IDs/05-WMC/MU/MUsbj100.csv","study","1000","5","100","634634","635635"
"MU.osexp","C:\Users\Public\Experiments\IDs\05-WMC\MU","Tr17_study4.png","2","624032","C:/Users/Public/Experiments/IDs/05-WMC/MU/MUsbj100.csv","study","1000","5","100","635986","636988"
"MU.osexp","C:\Users\Public\Experiments\IDs\05-WMC\MU","Tr17_study5.png","2","624032","C:/Users/Public/Experiments/IDs/05-WMC/MU/MUsbj100.csv","study","1000","5","100","637335","638336"
"MU.osexp","C:\Users\Public\Experiments\IDs\05-WMC\MU","Tr17_update1.png","2","624032","C:/Users/Public/Experiments/IDs/05-WMC/MU/MUsbj100.csv","update","1300","5","100","638675","639977"
"MU.osexp","C:\Users\Public\Experiments\IDs\05-WMC\MU","Tr17_update2.png","2","624032","C:/Users/Public/Experiments/IDs/05-WMC/MU/MUsbj100.csv","update","1300","5","100","640352","641654"
"MU.osexp","C:\Users\Public\Experiments\IDs\05-WMC\MU","Tr17_update3.png","2","624032","C:/Users/Public/Experiments/IDs/05-WMC/MU/MUsbj100.csv","update","1300","5","100","642014","643316"
"MU.osexp","C:\Users\Public\Experiments\IDs\05-WMC\MU","Tr17_update4.png","2","624032","C:/Users/Public/Experiments/IDs/05-WMC/MU/MUsbj100.csv","update","1300","5","100","643671","644973"
"MU.osexp","C:\Users\Public\Experiments\IDs\05-WMC\MU","Tr17_update5.png","2","624032","C:/Users/Public/Experiments/IDs/05-WMC/MU/MUsbj100.csv","update","1300","5","100","645323","646625"
"MU.osexp","C:\Users\Public\Experiments\IDs\05-WMC\MU","Tr17_update6.png","2","624032","C:/Users/Public/Experiments/IDs/05-WMC/MU/MUsbj100.csv","update","1300","5","100","646992","648294"
"MU.osexp","C:\Users\Public\Experiments\IDs\05-WMC\MU","Tr17_test1.png","0","653568","C:/Users/Public/Experiments/IDs/05-WMC/MU/MUsbj100.csv","test","0","5","100","648669","653569"
"MU.osexp","C:\Users\Public\Experiments\IDs\05-WMC\MU","Tr17_test2.png","1","657600","C:/Users/Public/Experiments/IDs/05-WMC/MU/MUsbj100.csv","test","0","5","100","654678","657601"
"MU.osexp","C:\Users\Public\Experiments\IDs\05-WMC\MU","Tr17_test3.png","6","660344","C:/Users/Public/Experiments/IDs/05-WMC/MU/MUsbj100.csv","test","0","5","100","658694","660345"
"MU.osexp","C:\Users\Public\Experiments\IDs\05-WMC\MU","Tr17_test4.png","4","662745","C:/Users/Public/Experiments/IDs/05-WMC/MU/MUsbj100.csv","test","0","5","100","661572","662746"
"MU.osexp","C:\Users\Public\Experiments\IDs\05-WMC\MU","Tr17_test5.png","5","664753","C:/Users/Public/Experiments/IDs/05-WMC/MU/MUsbj100.csv","test","0","5","100","663841","664754"
