"experiment_file","experiment_path","image","key","key_time","logfile","phase","playtime","setSize","subject_nr","timestamp","waittime"
"MU.osexp","C:\Users\Public\Experiments\IDs\05-WMC\MU","ready1.png","NA","NA","C:/Users/Public/Experiments/IDs/05-WMC/MU/MUsbj069.csv","pre","0","3","69","215766","NA"
"MU.osexp","C:\Users\Public\Experiments\IDs\05-WMC\MU","fixation.png","NA","NA","C:/Users/Public/Experiments/IDs/05-WMC/MU/MUsbj069.csv","fix","1500","3","69","217986","NA"
"MU.osexp","C:\Users\Public\Experiments\IDs\05-WMC\MU","Tr1_study1.png","NA","NA","C:/Users/Public/Experiments/IDs/05-WMC/MU/MUsbj069.csv","study","1000","3","69","219581","220581"
"MU.osexp","C:\Users\Public\Experiments\IDs\05-WMC\MU","Tr1_study2.png","NA","NA","C:/Users/Public/Experiments/IDs/05-WMC/MU/MUsbj069.csv","study","1000","3","69","220913","221913"
"MU.osexp","C:\Users\Public\Experiments\IDs\05-WMC\MU","Tr1_study3.png","NA","NA","C:/Users/Public/Experiments/IDs/05-WMC/MU/MUsbj069.csv","study","1000","3","69","222239","223239"
"MU.osexp","C:\Users\Public\Experiments\IDs\05-WMC\MU","Tr1_update1.png","NA","NA","C:/Users/Public/Experiments/IDs/05-WMC/MU/MUsbj069.csv","update","1300","3","69","223558","224859"
"MU.osexp","C:\Users\Public\Experiments\IDs\05-WMC\MU","Tr1_update2.png","NA","NA","C:/Users/Public/Experiments/IDs/05-WMC/MU/MUsbj069.csv","update","1300","3","69","225176","226476"
"MU.osexp","C:\Users\Public\Experiments\IDs\05-WMC\MU","Tr1_update3.png","NA","NA","C:/Users/Public/Experiments/IDs/05-WMC/MU/MUsbj069.csv","update","1300","3","69","226810","228110"
"MU.osexp","C:\Users\Public\Experiments\IDs\05-WMC\MU","Tr1_test1.png","1","235959","C:/Users/Public/Experiments/IDs/05-WMC/MU/MUsbj069.csv","test","0","3","69","228444","235960"
"MU.osexp","C:\Users\Public\Experiments\IDs\05-WMC\MU","Tr1_test2.png","8","244616","C:/Users/Public/Experiments/IDs/05-WMC/MU/MUsbj069.csv","test","0","3","69","237132","244617"
"MU.osexp","C:\Users\Public\Experiments\IDs\05-WMC\MU","Tr1_test3.png","4","250839","C:/Users/Public/Experiments/IDs/05-WMC/MU/MUsbj069.csv","test","0","3","69","245706","250840"
"MU.osexp","C:\Users\Public\Experiments\IDs\05-WMC\MU","wait.png","4","250839","C:/Users/Public/Experiments/IDs/05-WMC/MU/MUsbj069.csv","wait","5000","3","69","251946","250840"
"MU.osexp","C:\Users\Public\Experiments\IDs\05-WMC\MU","fixation.png","4","250839","C:/Users/Public/Experiments/IDs/05-WMC/MU/MUsbj069.csv","fix","1500","3","69","257042","250840"
"MU.osexp","C:\Users\Public\Experiments\IDs\05-WMC\MU","Tr2_study1.png","4","250839","C:/Users/Public/Experiments/IDs/05-WMC/MU/MUsbj069.csv","study","1000","3","69","258696","259698"
"MU.osexp","C:\Users\Public\Experiments\IDs\05-WMC\MU","Tr2_study2.png","4","250839","C:/Users/Public/Experiments/IDs/05-WMC/MU/MUsbj069.csv","study","1000","3","69","260049","261051"
"MU.osexp","C:\Users\Public\Experiments\IDs\05-WMC\MU","Tr2_study3.png","4","250839","C:/Users/Public/Experiments/IDs/05-WMC/MU/MUsbj069.csv","study","1000","3","69","261414","262415"
"MU.osexp","C:\Users\Public\Experiments\IDs\05-WMC\MU","Tr2_update1.png","4","250839","C:/Users/Public/Experiments/IDs/05-WMC/MU/MUsbj069.csv","update","1300","3","69","262758","264060"
"MU.osexp","C:\Users\Public\Experiments\IDs\05-WMC\MU","Tr2_update2.png","4","250839","C:/Users/Public/Experiments/IDs/05-WMC/MU/MUsbj069.csv","update","1300","3","69","264407","265709"
"MU.osexp","C:\Users\Public\Experiments\IDs\05-WMC\MU","Tr2_update3.png","4","250839","C:/Users/Public/Experiments/IDs/05-WMC/MU/MUsbj069.csv","update","1300","3","69","266066","267368"
"MU.osexp","C:\Users\Public\Experiments\IDs\05-WMC\MU","Tr2_test1.png","4","272207","C:/Users/Public/Experiments/IDs/05-WMC/MU/MUsbj069.csv","test","0","3","69","267728","272208"
"MU.osexp","C:\Users\Public\Experiments\IDs\05-WMC\MU","Tr2_test2.png","6","274655","C:/Users/Public/Experiments/IDs/05-WMC/MU/MUsbj069.csv","test","0","3","69","273323","274656"
"MU.osexp","C:\Users\Public\Experiments\IDs\05-WMC\MU","Tr2_test3.png","7","276776","C:/Users/Public/Experiments/IDs/05-WMC/MU/MUsbj069.csv","test","0","3","69","275784","276777"
"MU.osexp","C:\Users\Public\Experiments\IDs\05-WMC\MU","ready2.png","7","276776","C:/Users/Public/Experiments/IDs/05-WMC/MU/MUsbj069.csv","pre","0","3","69","280666","276777"
"MU.osexp","C:\Users\Public\Experiments\IDs\05-WMC\MU","fixation.png","7","276776","C:/Users/Public/Experiments/IDs/05-WMC/MU/MUsbj069.csv","fix","1500","3","69","281756","276777"
"MU.osexp","C:\Users\Public\Experiments\IDs\05-WMC\MU","Tr3_study1.png","7","276776","C:/Users/Public/Experiments/IDs/05-WMC/MU/MUsbj069.csv","study","1000","3","69","283356","284357"
"MU.osexp","C:\Users\Public\Experiments\IDs\05-WMC\MU","Tr3_study2.png","7","276776","C:/Users/Public/Experiments/IDs/05-WMC/MU/MUsbj069.csv","study","1000","3","69","284702","285703"
"MU.osexp","C:\Users\Public\Experiments\IDs\05-WMC\MU","Tr3_study3.png","7","276776","C:/Users/Public/Experiments/IDs/05-WMC/MU/MUsbj069.csv","study","1000","3","69","286058","287060"
"MU.osexp","C:\Users\Public\Experiments\IDs\05-WMC\MU","Tr3_update1.png","7","276776","C:/Users/Public/Experiments/IDs/05-WMC/MU/MUsbj069.csv","update","1300","3","69","287404","288705"
"MU.osexp","C:\Users\Public\Experiments\IDs\05-WMC\MU","Tr3_update2.png","7","276776","C:/Users/Public/Experiments/IDs/05-WMC/MU/MUsbj069.csv","update","1300","3","69","289058","290360"
"MU.osexp","C:\Users\Public\Experiments\IDs\05-WMC\MU","Tr3_update3.png","7","276776","C:/Users/Public/Experiments/IDs/05-WMC/MU/MUsbj069.csv","update","1300","3","69","290711","292013"
"MU.osexp","C:\Users\Public\Experiments\IDs\05-WMC\MU","Tr3_test1.png","9","297664","C:/Users/Public/Experiments/IDs/05-WMC/MU/MUsbj069.csv","test","0","3","69","292355","297664"
"MU.osexp","C:\Users\Public\Experiments\IDs\05-WMC\MU","Tr3_test2.png","7","301055","C:/Users/Public/Experiments/IDs/05-WMC/MU/MUsbj069.csv","test","0","3","69","298738","301056"
"MU.osexp","C:\Users\Public\Experiments\IDs\05-WMC\MU","Tr3_test3.png","2","316688","C:/Users/Public/Experiments/IDs/05-WMC/MU/MUsbj069.csv","test","0","3","69","302159","316688"
"MU.osexp","C:\Users\Public\Experiments\IDs\05-WMC\MU","wait.png","2","316688","C:/Users/Public/Experiments/IDs/05-WMC/MU/MUsbj069.csv","wait","5000","4","69","317774","316688"
"MU.osexp","C:\Users\Public\Experiments\IDs\05-WMC\MU","fixation.png","2","316688","C:/Users/Public/Experiments/IDs/05-WMC/MU/MUsbj069.csv","fix","1500","4","69","322872","316688"
"MU.osexp","C:\Users\Public\Experiments\IDs\05-WMC\MU","Tr4_study1.png","2","316688","C:/Users/Public/Experiments/IDs/05-WMC/MU/MUsbj069.csv","study","1000","4","69","324462","325464"
"MU.osexp","C:\Users\Public\Experiments\IDs\05-WMC\MU","Tr4_study2.png","2","316688","C:/Users/Public/Experiments/IDs/05-WMC/MU/MUsbj069.csv","study","1000","4","69","325832","326834"
"MU.osexp","C:\Users\Public\Experiments\IDs\05-WMC\MU","Tr4_study3.png","2","316688","C:/Users/Public/Experiments/IDs/05-WMC/MU/MUsbj069.csv","study","1000","4","69","327181","328182"
"MU.osexp","C:\Users\Public\Experiments\IDs\05-WMC\MU","Tr4_study4.png","2","316688","C:/Users/Public/Experiments/IDs/05-WMC/MU/MUsbj069.csv","study","1000","4","69","328536","329538"
"MU.osexp","C:\Users\Public\Experiments\IDs\05-WMC\MU","Tr4_update1.png","2","316688","C:/Users/Public/Experiments/IDs/05-WMC/MU/MUsbj069.csv","update","1300","4","69","329905","331207"
"MU.osexp","C:\Users\Public\Experiments\IDs\05-WMC\MU","Tr4_update2.png","2","316688","C:/Users/Public/Experiments/IDs/05-WMC/MU/MUsbj069.csv","update","1300","4","69","331559","332861"
"MU.osexp","C:\Users\Public\Experiments\IDs\05-WMC\MU","Tr4_update3.png","2","316688","C:/Users/Public/Experiments/IDs/05-WMC/MU/MUsbj069.csv","update","1300","4","69","333189","334491"
"MU.osexp","C:\Users\Public\Experiments\IDs\05-WMC\MU","Tr4_update4.png","2","316688","C:/Users/Public/Experiments/IDs/05-WMC/MU/MUsbj069.csv","update","1300","4","69","334853","336155"
"MU.osexp","C:\Users\Public\Experiments\IDs\05-WMC\MU","Tr4_test1.png","3","359087","C:/Users/Public/Experiments/IDs/05-WMC/MU/MUsbj069.csv","test","0","4","69","336505","359088"
"MU.osexp","C:\Users\Public\Experiments\IDs\05-WMC\MU","Tr4_test2.png","9","362055","C:/Users/Public/Experiments/IDs/05-WMC/MU/MUsbj069.csv","test","0","4","69","360185","362056"
"MU.osexp","C:\Users\Public\Experiments\IDs\05-WMC\MU","Tr4_test3.png","1","364648","C:/Users/Public/Experiments/IDs/05-WMC/MU/MUsbj069.csv","test","0","4","69","363158","364649"
"MU.osexp","C:\Users\Public\Experiments\IDs\05-WMC\MU","Tr4_test4.png","7","369624","C:/Users/Public/Experiments/IDs/05-WMC/MU/MUsbj069.csv","test","0","4","69","365764","369625"
"MU.osexp","C:\Users\Public\Experiments\IDs\05-WMC\MU","wait.png","7","369624","C:/Users/Public/Experiments/IDs/05-WMC/MU/MUsbj069.csv","wait","5000","3","69","370724","369625"
"MU.osexp","C:\Users\Public\Experiments\IDs\05-WMC\MU","fixation.png","7","369624","C:/Users/Public/Experiments/IDs/05-WMC/MU/MUsbj069.csv","fix","1500","3","69","375822","369625"
"MU.osexp","C:\Users\Public\Experiments\IDs\05-WMC\MU","Tr5_study1.png","7","369624","C:/Users/Public/Experiments/IDs/05-WMC/MU/MUsbj069.csv","study","1000","3","69","377434","378436"
"MU.osexp","C:\Users\Public\Experiments\IDs\05-WMC\MU","Tr5_study2.png","7","369624","C:/Users/Public/Experiments/IDs/05-WMC/MU/MUsbj069.csv","study","1000","3","69","378782","379784"
"MU.osexp","C:\Users\Public\Experiments\IDs\05-WMC\MU","Tr5_study3.png","7","369624","C:/Users/Public/Experiments/IDs/05-WMC/MU/MUsbj069.csv","study","1000","3","69","380128","381129"
"MU.osexp","C:\Users\Public\Experiments\IDs\05-WMC\MU","Tr5_update1.png","7","369624","C:/Users/Public/Experiments/IDs/05-WMC/MU/MUsbj069.csv","update","1300","3","69","381549","382851"
"MU.osexp","C:\Users\Public\Experiments\IDs\05-WMC\MU","Tr5_update2.png","7","369624","C:/Users/Public/Experiments/IDs/05-WMC/MU/MUsbj069.csv","update","1300","3","69","383208","384510"
"MU.osexp","C:\Users\Public\Experiments\IDs\05-WMC\MU","Tr5_update3.png","7","369624","C:/Users/Public/Experiments/IDs/05-WMC/MU/MUsbj069.csv","update","1300","3","69","384864","386166"
"MU.osexp","C:\Users\Public\Experiments\IDs\05-WMC\MU","Tr5_update4.png","7","369624","C:/Users/Public/Experiments/IDs/05-WMC/MU/MUsbj069.csv","update","1300","3","69","386517","387819"
"MU.osexp","C:\Users\Public\Experiments\IDs\05-WMC\MU","Tr5_update5.png","7","369624","C:/Users/Public/Experiments/IDs/05-WMC/MU/MUsbj069.csv","update","1300","3","69","388150","389452"
"MU.osexp","C:\Users\Public\Experiments\IDs\05-WMC\MU","Tr5_update6.png","7","369624","C:/Users/Public/Experiments/IDs/05-WMC/MU/MUsbj069.csv","update","1300","3","69","389795","391097"
"MU.osexp","C:\Users\Public\Experiments\IDs\05-WMC\MU","Tr5_test1.png","4","409087","C:/Users/Public/Experiments/IDs/05-WMC/MU/MUsbj069.csv","test","0","3","69","391555","409088"
"MU.osexp","C:\Users\Public\Experiments\IDs\05-WMC\MU","Tr5_test2.png","8","417312","C:/Users/Public/Experiments/IDs/05-WMC/MU/MUsbj069.csv","test","0","3","69","410187","417313"
"MU.osexp","C:\Users\Public\Experiments\IDs\05-WMC\MU","Tr5_test3.png","3","419192","C:/Users/Public/Experiments/IDs/05-WMC/MU/MUsbj069.csv","test","0","3","69","418403","419193"
"MU.osexp","C:\Users\Public\Experiments\IDs\05-WMC\MU","wait.png","3","419192","C:/Users/Public/Experiments/IDs/05-WMC/MU/MUsbj069.csv","wait","5000","4","69","420293","419193"
"MU.osexp","C:\Users\Public\Experiments\IDs\05-WMC\MU","fixation.png","3","419192","C:/Users/Public/Experiments/IDs/05-WMC/MU/MUsbj069.csv","fix","1500","4","69","425383","419193"
"MU.osexp","C:\Users\Public\Experiments\IDs\05-WMC\MU","Tr6_study1.png","3","419192","C:/Users/Public/Experiments/IDs/05-WMC/MU/MUsbj069.csv","study","1000","4","69","426997","427999"
"MU.osexp","C:\Users\Public\Experiments\IDs\05-WMC\MU","Tr6_study2.png","3","419192","C:/Users/Public/Experiments/IDs/05-WMC/MU/MUsbj069.csv","study","1000","4","69","428344","429345"
"MU.osexp","C:\Users\Public\Experiments\IDs\05-WMC\MU","Tr6_study3.png","3","419192","C:/Users/Public/Experiments/IDs/05-WMC/MU/MUsbj069.csv","study","1000","4","69","429720","430721"
"MU.osexp","C:\Users\Public\Experiments\IDs\05-WMC\MU","Tr6_study4.png","3","419192","C:/Users/Public/Experiments/IDs/05-WMC/MU/MUsbj069.csv","study","1000","4","69","431073","432075"
"MU.osexp","C:\Users\Public\Experiments\IDs\05-WMC\MU","Tr6_update1.png","3","419192","C:/Users/Public/Experiments/IDs/05-WMC/MU/MUsbj069.csv","update","1300","4","69","432444","433746"
"MU.osexp","C:\Users\Public\Experiments\IDs\05-WMC\MU","Tr6_update2.png","3","419192","C:/Users/Public/Experiments/IDs/05-WMC/MU/MUsbj069.csv","update","1300","4","69","434110","435412"
"MU.osexp","C:\Users\Public\Experiments\IDs\05-WMC\MU","Tr6_update3.png","3","419192","C:/Users/Public/Experiments/IDs/05-WMC/MU/MUsbj069.csv","update","1300","4","69","435757","437059"
"MU.osexp","C:\Users\Public\Experiments\IDs\05-WMC\MU","Tr6_update4.png","3","419192","C:/Users/Public/Experiments/IDs/05-WMC/MU/MUsbj069.csv","update","1300","4","69","437412","438714"
"MU.osexp","C:\Users\Public\Experiments\IDs\05-WMC\MU","Tr6_update5.png","3","419192","C:/Users/Public/Experiments/IDs/05-WMC/MU/MUsbj069.csv","update","1300","4","69","439081","440383"
"MU.osexp","C:\Users\Public\Experiments\IDs\05-WMC\MU","Tr6_test1.png","5","444703","C:/Users/Public/Experiments/IDs/05-WMC/MU/MUsbj069.csv","test","0","4","69","440734","444704"
"MU.osexp","C:\Users\Public\Experiments\IDs\05-WMC\MU","Tr6_test2.png","1","452352","C:/Users/Public/Experiments/IDs/05-WMC/MU/MUsbj069.csv","test","0","4","69","445804","452353"
"MU.osexp","C:\Users\Public\Experiments\IDs\05-WMC\MU","Tr6_test3.png","6","455056","C:/Users/Public/Experiments/IDs/05-WMC/MU/MUsbj069.csv","test","0","4","69","453450","455056"
"MU.osexp","C:\Users\Public\Experiments\IDs\05-WMC\MU","Tr6_test4.png","4","457024","C:/Users/Public/Experiments/IDs/05-WMC/MU/MUsbj069.csv","test","0","4","69","456156","457024"
"MU.osexp","C:\Users\Public\Experiments\IDs\05-WMC\MU","wait.png","4","457024","C:/Users/Public/Experiments/IDs/05-WMC/MU/MUsbj069.csv","wait","5000","5","69","458135","457024"
"MU.osexp","C:\Users\Public\Experiments\IDs\05-WMC\MU","fixation.png","4","457024","C:/Users/Public/Experiments/IDs/05-WMC/MU/MUsbj069.csv","fix","1500","5","69","463234","457024"
"MU.osexp","C:\Users\Public\Experiments\IDs\05-WMC\MU","Tr7_study1.png","4","457024","C:/Users/Public/Experiments/IDs/05-WMC/MU/MUsbj069.csv","study","1000","5","69","464845","465846"
"MU.osexp","C:\Users\Public\Experiments\IDs\05-WMC\MU","Tr7_study2.png","4","457024","C:/Users/Public/Experiments/IDs/05-WMC/MU/MUsbj069.csv","study","1000","5","69","466195","467197"
"MU.osexp","C:\Users\Public\Experiments\IDs\05-WMC\MU","Tr7_study3.png","4","457024","C:/Users/Public/Experiments/IDs/05-WMC/MU/MUsbj069.csv","study","1000","5","69","467546","468546"
"MU.osexp","C:\Users\Public\Experiments\IDs\05-WMC\MU","Tr7_study4.png","4","457024","C:/Users/Public/Experiments/IDs/05-WMC/MU/MUsbj069.csv","study","1000","5","69","468900","469902"
"MU.osexp","C:\Users\Public\Experiments\IDs\05-WMC\MU","Tr7_study5.png","4","457024","C:/Users/Public/Experiments/IDs/05-WMC/MU/MUsbj069.csv","study","1000","5","69","470259","471260"
"MU.osexp","C:\Users\Public\Experiments\IDs\05-WMC\MU","Tr7_update1.png","4","457024","C:/Users/Public/Experiments/IDs/05-WMC/MU/MUsbj069.csv","update","1300","5","69","471606","472908"
"MU.osexp","C:\Users\Public\Experiments\IDs\05-WMC\MU","Tr7_update2.png","4","457024","C:/Users/Public/Experiments/IDs/05-WMC/MU/MUsbj069.csv","update","1300","5","69","473274","474576"
"MU.osexp","C:\Users\Public\Experiments\IDs\05-WMC\MU","Tr7_update3.png","4","457024","C:/Users/Public/Experiments/IDs/05-WMC/MU/MUsbj069.csv","update","1300","5","69","474913","476215"
"MU.osexp","C:\Users\Public\Experiments\IDs\05-WMC\MU","Tr7_update4.png","4","457024","C:/Users/Public/Experiments/IDs/05-WMC/MU/MUsbj069.csv","update","1300","5","69","476556","477857"
"MU.osexp","C:\Users\Public\Experiments\IDs\05-WMC\MU","Tr7_update5.png","4","457024","C:/Users/Public/Experiments/IDs/05-WMC/MU/MUsbj069.csv","update","1300","5","69","478206","479508"
"MU.osexp","C:\Users\Public\Experiments\IDs\05-WMC\MU","Tr7_test1.png","1","492008","C:/Users/Public/Experiments/IDs/05-WMC/MU/MUsbj069.csv","test","0","5","69","479882","492009"
"MU.osexp","C:\Users\Public\Experiments\IDs\05-WMC\MU","Tr7_test2.png","8","494479","C:/Users/Public/Experiments/IDs/05-WMC/MU/MUsbj069.csv","test","0","5","69","493112","494480"
"MU.osexp","C:\Users\Public\Experiments\IDs\05-WMC\MU","Tr7_test3.png","1","496567","C:/Users/Public/Experiments/IDs/05-WMC/MU/MUsbj069.csv","test","0","5","69","495590","496568"
"MU.osexp","C:\Users\Public\Experiments\IDs\05-WMC\MU","Tr7_test4.png","8","498831","C:/Users/Public/Experiments/IDs/05-WMC/MU/MUsbj069.csv","test","0","5","69","497665","498832"
"MU.osexp","C:\Users\Public\Experiments\IDs\05-WMC\MU","Tr7_test5.png","1","500623","C:/Users/Public/Experiments/IDs/05-WMC/MU/MUsbj069.csv","test","0","5","69","499950","500624"
"MU.osexp","C:\Users\Public\Experiments\IDs\05-WMC\MU","wait.png","1","500623","C:/Users/Public/Experiments/IDs/05-WMC/MU/MUsbj069.csv","wait","5000","4","69","501724","500624"
"MU.osexp","C:\Users\Public\Experiments\IDs\05-WMC\MU","fixation.png","1","500623","C:/Users/Public/Experiments/IDs/05-WMC/MU/MUsbj069.csv","fix","1500","4","69","506829","500624"
"MU.osexp","C:\Users\Public\Experiments\IDs\05-WMC\MU","Tr8_study1.png","1","500623","C:/Users/Public/Experiments/IDs/05-WMC/MU/MUsbj069.csv","study","1000","4","69","508443","509444"
"MU.osexp","C:\Users\Public\Experiments\IDs\05-WMC\MU","Tr8_study2.png","1","500623","C:/Users/Public/Experiments/IDs/05-WMC/MU/MUsbj069.csv","study","1000","4","69","509794","510795"
"MU.osexp","C:\Users\Public\Experiments\IDs\05-WMC\MU","Tr8_study3.png","1","500623","C:/Users/Public/Experiments/IDs/05-WMC/MU/MUsbj069.csv","study","1000","4","69","511147","512148"
"MU.osexp","C:\Users\Public\Experiments\IDs\05-WMC\MU","Tr8_study4.png","1","500623","C:/Users/Public/Experiments/IDs/05-WMC/MU/MUsbj069.csv","study","1000","4","69","512492","513494"
"MU.osexp","C:\Users\Public\Experiments\IDs\05-WMC\MU","Tr8_update1.png","1","500623","C:/Users/Public/Experiments/IDs/05-WMC/MU/MUsbj069.csv","update","1300","4","69","513835","515137"
"MU.osexp","C:\Users\Public\Experiments\IDs\05-WMC\MU","Tr8_update2.png","1","500623","C:/Users/Public/Experiments/IDs/05-WMC/MU/MUsbj069.csv","update","1300","4","69","515555","516857"
"MU.osexp","C:\Users\Public\Experiments\IDs\05-WMC\MU","Tr8_update3.png","1","500623","C:/Users/Public/Experiments/IDs/05-WMC/MU/MUsbj069.csv","update","1300","4","69","517201","518503"
"MU.osexp","C:\Users\Public\Experiments\IDs\05-WMC\MU","Tr8_test1.png","2","534391","C:/Users/Public/Experiments/IDs/05-WMC/MU/MUsbj069.csv","test","0","4","69","518875","534392"
"MU.osexp","C:\Users\Public\Experiments\IDs\05-WMC\MU","Tr8_test2.png","2","536911","C:/Users/Public/Experiments/IDs/05-WMC/MU/MUsbj069.csv","test","0","4","69","535573","536912"
"MU.osexp","C:\Users\Public\Experiments\IDs\05-WMC\MU","Tr8_test3.png","5","538944","C:/Users/Public/Experiments/IDs/05-WMC/MU/MUsbj069.csv","test","0","4","69","538006","538945"
"MU.osexp","C:\Users\Public\Experiments\IDs\05-WMC\MU","Tr8_test4.png","2","543152","C:/Users/Public/Experiments/IDs/05-WMC/MU/MUsbj069.csv","test","0","4","69","540043","543153"
"MU.osexp","C:\Users\Public\Experiments\IDs\05-WMC\MU","wait.png","2","543152","C:/Users/Public/Experiments/IDs/05-WMC/MU/MUsbj069.csv","wait","5000","5","69","544250","543153"
"MU.osexp","C:\Users\Public\Experiments\IDs\05-WMC\MU","fixation.png","2","543152","C:/Users/Public/Experiments/IDs/05-WMC/MU/MUsbj069.csv","fix","1500","5","69","549360","543153"
"MU.osexp","C:\Users\Public\Experiments\IDs\05-WMC\MU","Tr9_study1.png","2","543152","C:/Users/Public/Experiments/IDs/05-WMC/MU/MUsbj069.csv","study","1000","5","69","550956","551957"
"MU.osexp","C:\Users\Public\Experiments\IDs\05-WMC\MU","Tr9_study2.png","2","543152","C:/Users/Public/Experiments/IDs/05-WMC/MU/MUsbj069.csv","study","1000","5","69","552303","553305"
"MU.osexp","C:\Users\Public\Experiments\IDs\05-WMC\MU","Tr9_study3.png","2","543152","C:/Users/Public/Experiments/IDs/05-WMC/MU/MUsbj069.csv","study","1000","5","69","553646","554647"
"MU.osexp","C:\Users\Public\Experiments\IDs\05-WMC\MU","Tr9_study4.png","2","543152","C:/Users/Public/Experiments/IDs/05-WMC/MU/MUsbj069.csv","study","1000","5","69","555007","556009"
"MU.osexp","C:\Users\Public\Experiments\IDs\05-WMC\MU","Tr9_study5.png","2","543152","C:/Users/Public/Experiments/IDs/05-WMC/MU/MUsbj069.csv","study","1000","5","69","556357","557358"
"MU.osexp","C:\Users\Public\Experiments\IDs\05-WMC\MU","Tr9_update1.png","2","543152","C:/Users/Public/Experiments/IDs/05-WMC/MU/MUsbj069.csv","update","1300","5","69","557720","559022"
"MU.osexp","C:\Users\Public\Experiments\IDs\05-WMC\MU","Tr9_update2.png","2","543152","C:/Users/Public/Experiments/IDs/05-WMC/MU/MUsbj069.csv","update","1300","5","69","559389","560691"
"MU.osexp","C:\Users\Public\Experiments\IDs\05-WMC\MU","Tr9_test1.png","4","564552","C:/Users/Public/Experiments/IDs/05-WMC/MU/MUsbj069.csv","test","0","5","69","561031","564552"
"MU.osexp","C:\Users\Public\Experiments\IDs\05-WMC\MU","Tr9_test2.png","2","568367","C:/Users/Public/Experiments/IDs/05-WMC/MU/MUsbj069.csv","test","0","5","69","565657","568368"
"MU.osexp","C:\Users\Public\Experiments\IDs\05-WMC\MU","Tr9_test3.png","5","570527","C:/Users/Public/Experiments/IDs/05-WMC/MU/MUsbj069.csv","test","0","5","69","569475","570528"
"MU.osexp","C:\Users\Public\Experiments\IDs\05-WMC\MU","Tr9_test4.png","1","573103","C:/Users/Public/Experiments/IDs/05-WMC/MU/MUsbj069.csv","test","0","5","69","571610","573104"
"MU.osexp","C:\Users\Public\Experiments\IDs\05-WMC\MU","Tr9_test5.png","9","582712","C:/Users/Public/Experiments/IDs/05-WMC/MU/MUsbj069.csv","test","0","5","69","574197","582712"
"MU.osexp","C:\Users\Public\Experiments\IDs\05-WMC\MU","wait.png","9","582712","C:/Users/Public/Experiments/IDs/05-WMC/MU/MUsbj069.csv","wait","5000","3","69","583813","582712"
"MU.osexp","C:\Users\Public\Experiments\IDs\05-WMC\MU","fixation.png","9","582712","C:/Users/Public/Experiments/IDs/05-WMC/MU/MUsbj069.csv","fix","1500","3","69","588908","582712"
"MU.osexp","C:\Users\Public\Experiments\IDs\05-WMC\MU","Tr10_study1.png","9","582712","C:/Users/Public/Experiments/IDs/05-WMC/MU/MUsbj069.csv","study","1000","3","69","590523","591525"
"MU.osexp","C:\Users\Public\Experiments\IDs\05-WMC\MU","Tr10_study2.png","9","582712","C:/Users/Public/Experiments/IDs/05-WMC/MU/MUsbj069.csv","study","1000","3","69","591890","592892"
"MU.osexp","C:\Users\Public\Experiments\IDs\05-WMC\MU","Tr10_study3.png","9","582712","C:/Users/Public/Experiments/IDs/05-WMC/MU/MUsbj069.csv","study","1000","3","69","593246","594247"
"MU.osexp","C:\Users\Public\Experiments\IDs\05-WMC\MU","Tr10_update1.png","9","582712","C:/Users/Public/Experiments/IDs/05-WMC/MU/MUsbj069.csv","update","1300","3","69","594595","595897"
"MU.osexp","C:\Users\Public\Experiments\IDs\05-WMC\MU","Tr10_update2.png","9","582712","C:/Users/Public/Experiments/IDs/05-WMC/MU/MUsbj069.csv","update","1300","3","69","596247","597549"
"MU.osexp","C:\Users\Public\Experiments\IDs\05-WMC\MU","Tr10_test1.png","5","601583","C:/Users/Public/Experiments/IDs/05-WMC/MU/MUsbj069.csv","test","0","3","69","597909","601584"
"MU.osexp","C:\Users\Public\Experiments\IDs\05-WMC\MU","Tr10_test2.png","2","604847","C:/Users/Public/Experiments/IDs/05-WMC/MU/MUsbj069.csv","test","0","3","69","602680","604848"
"MU.osexp","C:\Users\Public\Experiments\IDs\05-WMC\MU","Tr10_test3.png","5","606887","C:/Users/Public/Experiments/IDs/05-WMC/MU/MUsbj069.csv","test","0","3","69","605963","606888"
"MU.osexp","C:\Users\Public\Experiments\IDs\05-WMC\MU","wait.png","5","606887","C:/Users/Public/Experiments/IDs/05-WMC/MU/MUsbj069.csv","wait","5000","5","69","607985","606888"
"MU.osexp","C:\Users\Public\Experiments\IDs\05-WMC\MU","fixation.png","5","606887","C:/Users/Public/Experiments/IDs/05-WMC/MU/MUsbj069.csv","fix","1500","5","69","613078","606888"
"MU.osexp","C:\Users\Public\Experiments\IDs\05-WMC\MU","Tr11_study1.png","5","606887","C:/Users/Public/Experiments/IDs/05-WMC/MU/MUsbj069.csv","study","1000","5","69","614739","615741"
"MU.osexp","C:\Users\Public\Experiments\IDs\05-WMC\MU","Tr11_study2.png","5","606887","C:/Users/Public/Experiments/IDs/05-WMC/MU/MUsbj069.csv","study","1000","5","69","616078","617080"
"MU.osexp","C:\Users\Public\Experiments\IDs\05-WMC\MU","Tr11_study3.png","5","606887","C:/Users/Public/Experiments/IDs/05-WMC/MU/MUsbj069.csv","study","1000","5","69","617451","618452"
"MU.osexp","C:\Users\Public\Experiments\IDs\05-WMC\MU","Tr11_study4.png","5","606887","C:/Users/Public/Experiments/IDs/05-WMC/MU/MUsbj069.csv","study","1000","5","69","618796","619798"
"MU.osexp","C:\Users\Public\Experiments\IDs\05-WMC\MU","Tr11_study5.png","5","606887","C:/Users/Public/Experiments/IDs/05-WMC/MU/MUsbj069.csv","study","1000","5","69","620144","621145"
"MU.osexp","C:\Users\Public\Experiments\IDs\05-WMC\MU","Tr11_update1.png","5","606887","C:/Users/Public/Experiments/IDs/05-WMC/MU/MUsbj069.csv","update","1300","5","69","621585","622887"
"MU.osexp","C:\Users\Public\Experiments\IDs\05-WMC\MU","Tr11_update2.png","5","606887","C:/Users/Public/Experiments/IDs/05-WMC/MU/MUsbj069.csv","update","1300","5","69","623240","624542"
"MU.osexp","C:\Users\Public\Experiments\IDs\05-WMC\MU","Tr11_update3.png","5","606887","C:/Users/Public/Experiments/IDs/05-WMC/MU/MUsbj069.csv","update","1300","5","69","624882","626184"
"MU.osexp","C:\Users\Public\Experiments\IDs\05-WMC\MU","Tr11_test1.png","1","628704","C:/Users/Public/Experiments/IDs/05-WMC/MU/MUsbj069.csv","test","0","5","69","626545","628705"
"MU.osexp","C:\Users\Public\Experiments\IDs\05-WMC\MU","Tr11_test2.png","2","630472","C:/Users/Public/Experiments/IDs/05-WMC/MU/MUsbj069.csv","test","0","5","69","629804","630473"
"MU.osexp","C:\Users\Public\Experiments\IDs\05-WMC\MU","Tr11_test3.png","5","633816","C:/Users/Public/Experiments/IDs/05-WMC/MU/MUsbj069.csv","test","0","5","69","631573","633816"
"MU.osexp","C:\Users\Public\Experiments\IDs\05-WMC\MU","Tr11_test4.png","7","638343","C:/Users/Public/Experiments/IDs/05-WMC/MU/MUsbj069.csv","test","0","5","69","634930","638344"
"MU.osexp","C:\Users\Public\Experiments\IDs\05-WMC\MU","Tr11_test5.png","2","646096","C:/Users/Public/Experiments/IDs/05-WMC/MU/MUsbj069.csv","test","0","5","69","639561","646097"
"MU.osexp","C:\Users\Public\Experiments\IDs\05-WMC\MU","wait.png","2","646096","C:/Users/Public/Experiments/IDs/05-WMC/MU/MUsbj069.csv","wait","5000","3","69","647220","646097"
"MU.osexp","C:\Users\Public\Experiments\IDs\05-WMC\MU","fixation.png","2","646096","C:/Users/Public/Experiments/IDs/05-WMC/MU/MUsbj069.csv","fix","1500","3","69","652321","646097"
"MU.osexp","C:\Users\Public\Experiments\IDs\05-WMC\MU","Tr12_study1.png","2","646096","C:/Users/Public/Experiments/IDs/05-WMC/MU/MUsbj069.csv","study","1000","3","69","653973","654975"
"MU.osexp","C:\Users\Public\Experiments\IDs\05-WMC\MU","Tr12_study2.png","2","646096","C:/Users/Public/Experiments/IDs/05-WMC/MU/MUsbj069.csv","study","1000","3","69","655314","656316"
"MU.osexp","C:\Users\Public\Experiments\IDs\05-WMC\MU","Tr12_study3.png","2","646096","C:/Users/Public/Experiments/IDs/05-WMC/MU/MUsbj069.csv","study","1000","3","69","656664","657665"
"MU.osexp","C:\Users\Public\Experiments\IDs\05-WMC\MU","Tr12_update1.png","2","646096","C:/Users/Public/Experiments/IDs/05-WMC/MU/MUsbj069.csv","update","1300","3","69","658005","659307"
"MU.osexp","C:\Users\Public\Experiments\IDs\05-WMC\MU","Tr12_update2.png","2","646096","C:/Users/Public/Experiments/IDs/05-WMC/MU/MUsbj069.csv","update","1300","3","69","659674","660975"
"MU.osexp","C:\Users\Public\Experiments\IDs\05-WMC\MU","Tr12_update3.png","2","646096","C:/Users/Public/Experiments/IDs/05-WMC/MU/MUsbj069.csv","update","1300","3","69","661311","662613"
"MU.osexp","C:\Users\Public\Experiments\IDs\05-WMC\MU","Tr12_update4.png","2","646096","C:/Users/Public/Experiments/IDs/05-WMC/MU/MUsbj069.csv","update","1300","3","69","662973","664274"
"MU.osexp","C:\Users\Public\Experiments\IDs\05-WMC\MU","Tr12_update5.png","2","646096","C:/Users/Public/Experiments/IDs/05-WMC/MU/MUsbj069.csv","update","1300","3","69","664624","665925"
"MU.osexp","C:\Users\Public\Experiments\IDs\05-WMC\MU","Tr12_test1.png","2","679072","C:/Users/Public/Experiments/IDs/05-WMC/MU/MUsbj069.csv","test","0","3","69","666267","679073"
"MU.osexp","C:\Users\Public\Experiments\IDs\05-WMC\MU","Tr12_test2.png","2","684408","C:/Users/Public/Experiments/IDs/05-WMC/MU/MUsbj069.csv","test","0","3","69","680172","684409"
"MU.osexp","C:\Users\Public\Experiments\IDs\05-WMC\MU","Tr12_test3.png","3","686648","C:/Users/Public/Experiments/IDs/05-WMC/MU/MUsbj069.csv","test","0","3","69","685539","686648"
"MU.osexp","C:\Users\Public\Experiments\IDs\05-WMC\MU","wait.png","3","686648","C:/Users/Public/Experiments/IDs/05-WMC/MU/MUsbj069.csv","wait","5000","3","69","687735","686648"
"MU.osexp","C:\Users\Public\Experiments\IDs\05-WMC\MU","fixation.png","3","686648","C:/Users/Public/Experiments/IDs/05-WMC/MU/MUsbj069.csv","fix","1500","3","69","692860","686648"
"MU.osexp","C:\Users\Public\Experiments\IDs\05-WMC\MU","Tr13_study1.png","3","686648","C:/Users/Public/Experiments/IDs/05-WMC/MU/MUsbj069.csv","study","1000","3","69","694466","695467"
"MU.osexp","C:\Users\Public\Experiments\IDs\05-WMC\MU","Tr13_study2.png","3","686648","C:/Users/Public/Experiments/IDs/05-WMC/MU/MUsbj069.csv","study","1000","3","69","695866","696868"
"MU.osexp","C:\Users\Public\Experiments\IDs\05-WMC\MU","Tr13_study3.png","3","686648","C:/Users/Public/Experiments/IDs/05-WMC/MU/MUsbj069.csv","study","1000","3","69","697209","698211"
"MU.osexp","C:\Users\Public\Experiments\IDs\05-WMC\MU","Tr13_update1.png","3","686648","C:/Users/Public/Experiments/IDs/05-WMC/MU/MUsbj069.csv","update","1300","3","69","698547","699849"
"MU.osexp","C:\Users\Public\Experiments\IDs\05-WMC\MU","Tr13_update2.png","3","686648","C:/Users/Public/Experiments/IDs/05-WMC/MU/MUsbj069.csv","update","1300","3","69","700202","701504"
"MU.osexp","C:\Users\Public\Experiments\IDs\05-WMC\MU","Tr13_update3.png","3","686648","C:/Users/Public/Experiments/IDs/05-WMC/MU/MUsbj069.csv","update","1300","3","69","701865","703167"
"MU.osexp","C:\Users\Public\Experiments\IDs\05-WMC\MU","Tr13_update4.png","3","686648","C:/Users/Public/Experiments/IDs/05-WMC/MU/MUsbj069.csv","update","1300","3","69","703526","704828"
"MU.osexp","C:\Users\Public\Experiments\IDs\05-WMC\MU","Tr13_test1.png","6","712071","C:/Users/Public/Experiments/IDs/05-WMC/MU/MUsbj069.csv","test","0","3","69","705166","712072"
"MU.osexp","C:\Users\Public\Experiments\IDs\05-WMC\MU","Tr13_test2.png","1","714456","C:/Users/Public/Experiments/IDs/05-WMC/MU/MUsbj069.csv","test","0","3","69","713185","714457"
"MU.osexp","C:\Users\Public\Experiments\IDs\05-WMC\MU","Tr13_test3.png","9","716544","C:/Users/Public/Experiments/IDs/05-WMC/MU/MUsbj069.csv","test","0","3","69","715544","716545"
"MU.osexp","C:\Users\Public\Experiments\IDs\05-WMC\MU","wait.png","9","716544","C:/Users/Public/Experiments/IDs/05-WMC/MU/MUsbj069.csv","wait","5000","5","69","717637","716545"
"MU.osexp","C:\Users\Public\Experiments\IDs\05-WMC\MU","fixation.png","9","716544","C:/Users/Public/Experiments/IDs/05-WMC/MU/MUsbj069.csv","fix","1500","5","69","722879","716545"
"MU.osexp","C:\Users\Public\Experiments\IDs\05-WMC\MU","Tr14_study1.png","9","716544","C:/Users/Public/Experiments/IDs/05-WMC/MU/MUsbj069.csv","study","1000","5","69","724454","725454"
"MU.osexp","C:\Users\Public\Experiments\IDs\05-WMC\MU","Tr14_study2.png","9","716544","C:/Users/Public/Experiments/IDs/05-WMC/MU/MUsbj069.csv","study","1000","5","69","725766","726766"
"MU.osexp","C:\Users\Public\Experiments\IDs\05-WMC\MU","Tr14_study3.png","9","716544","C:/Users/Public/Experiments/IDs/05-WMC/MU/MUsbj069.csv","study","1000","5","69","727097","728097"
"MU.osexp","C:\Users\Public\Experiments\IDs\05-WMC\MU","Tr14_study4.png","9","716544","C:/Users/Public/Experiments/IDs/05-WMC/MU/MUsbj069.csv","study","1000","5","69","728416","729416"
"MU.osexp","C:\Users\Public\Experiments\IDs\05-WMC\MU","Tr14_study5.png","9","716544","C:/Users/Public/Experiments/IDs/05-WMC/MU/MUsbj069.csv","study","1000","5","69","729738","730738"
"MU.osexp","C:\Users\Public\Experiments\IDs\05-WMC\MU","Tr14_update1.png","9","716544","C:/Users/Public/Experiments/IDs/05-WMC/MU/MUsbj069.csv","update","1300","5","69","731059","732359"
"MU.osexp","C:\Users\Public\Experiments\IDs\05-WMC\MU","Tr14_update2.png","9","716544","C:/Users/Public/Experiments/IDs/05-WMC/MU/MUsbj069.csv","update","1300","5","69","732698","733998"
"MU.osexp","C:\Users\Public\Experiments\IDs\05-WMC\MU","Tr14_update3.png","9","716544","C:/Users/Public/Experiments/IDs/05-WMC/MU/MUsbj069.csv","update","1300","5","69","734321","735622"
"MU.osexp","C:\Users\Public\Experiments\IDs\05-WMC\MU","Tr14_update4.png","9","716544","C:/Users/Public/Experiments/IDs/05-WMC/MU/MUsbj069.csv","update","1300","5","69","735947","737247"
"MU.osexp","C:\Users\Public\Experiments\IDs\05-WMC\MU","Tr14_test1.png","8","748752","C:/Users/Public/Experiments/IDs/05-WMC/MU/MUsbj069.csv","test","0","5","69","737584","748753"
"MU.osexp","C:\Users\Public\Experiments\IDs\05-WMC\MU","Tr14_test2.png","7","757128","C:/Users/Public/Experiments/IDs/05-WMC/MU/MUsbj069.csv","test","0","5","69","749831","757129"
"MU.osexp","C:\Users\Public\Experiments\IDs\05-WMC\MU","Tr14_test3.png","3","764719","C:/Users/Public/Experiments/IDs/05-WMC/MU/MUsbj069.csv","test","0","5","69","758214","764720"
"MU.osexp","C:\Users\Public\Experiments\IDs\05-WMC\MU","Tr14_test4.png","5","767656","C:/Users/Public/Experiments/IDs/05-WMC/MU/MUsbj069.csv","test","0","5","69","765846","767657"
"MU.osexp","C:\Users\Public\Experiments\IDs\05-WMC\MU","Tr14_test5.png","8","769576","C:/Users/Public/Experiments/IDs/05-WMC/MU/MUsbj069.csv","test","0","5","69","768750","769577"
"MU.osexp","C:\Users\Public\Experiments\IDs\05-WMC\MU","wait.png","8","769576","C:/Users/Public/Experiments/IDs/05-WMC/MU/MUsbj069.csv","wait","5000","4","69","770685","769577"
"MU.osexp","C:\Users\Public\Experiments\IDs\05-WMC\MU","fixation.png","8","769576","C:/Users/Public/Experiments/IDs/05-WMC/MU/MUsbj069.csv","fix","1500","4","69","775803","769577"
"MU.osexp","C:\Users\Public\Experiments\IDs\05-WMC\MU","Tr15_study1.png","8","769576","C:/Users/Public/Experiments/IDs/05-WMC/MU/MUsbj069.csv","study","1000","4","69","777422","778424"
"MU.osexp","C:\Users\Public\Experiments\IDs\05-WMC\MU","Tr15_study2.png","8","769576","C:/Users/Public/Experiments/IDs/05-WMC/MU/MUsbj069.csv","study","1000","4","69","778795","779797"
"MU.osexp","C:\Users\Public\Experiments\IDs\05-WMC\MU","Tr15_study3.png","8","769576","C:/Users/Public/Experiments/IDs/05-WMC/MU/MUsbj069.csv","study","1000","4","69","780157","781159"
"MU.osexp","C:\Users\Public\Experiments\IDs\05-WMC\MU","Tr15_study4.png","8","769576","C:/Users/Public/Experiments/IDs/05-WMC/MU/MUsbj069.csv","study","1000","4","69","781526","782528"
"MU.osexp","C:\Users\Public\Experiments\IDs\05-WMC\MU","Tr15_update1.png","8","769576","C:/Users/Public/Experiments/IDs/05-WMC/MU/MUsbj069.csv","update","1300","4","69","782882","784184"
"MU.osexp","C:\Users\Public\Experiments\IDs\05-WMC\MU","Tr15_update2.png","8","769576","C:/Users/Public/Experiments/IDs/05-WMC/MU/MUsbj069.csv","update","1300","4","69","784535","785837"
"MU.osexp","C:\Users\Public\Experiments\IDs\05-WMC\MU","Tr15_update3.png","8","769576","C:/Users/Public/Experiments/IDs/05-WMC/MU/MUsbj069.csv","update","1300","4","69","786204","787505"
"MU.osexp","C:\Users\Public\Experiments\IDs\05-WMC\MU","Tr15_update4.png","8","769576","C:/Users/Public/Experiments/IDs/05-WMC/MU/MUsbj069.csv","update","1300","4","69","787882","789184"
"MU.osexp","C:\Users\Public\Experiments\IDs\05-WMC\MU","Tr15_update5.png","8","769576","C:/Users/Public/Experiments/IDs/05-WMC/MU/MUsbj069.csv","update","1300","4","69","789542","790843"
"MU.osexp","C:\Users\Public\Experiments\IDs\05-WMC\MU","Tr15_update6.png","8","769576","C:/Users/Public/Experiments/IDs/05-WMC/MU/MUsbj069.csv","update","1300","4","69","791206","792508"
"MU.osexp","C:\Users\Public\Experiments\IDs\05-WMC\MU","Tr15_test1.png","8","804920","C:/Users/Public/Experiments/IDs/05-WMC/MU/MUsbj069.csv","test","0","4","69","792851","804921"
"MU.osexp","C:\Users\Public\Experiments\IDs\05-WMC\MU","Tr15_test2.png","6","834207","C:/Users/Public/Experiments/IDs/05-WMC/MU/MUsbj069.csv","test","0","4","69","806027","834208"
"MU.osexp","C:\Users\Public\Experiments\IDs\05-WMC\MU","Tr15_test3.png","8","836808","C:/Users/Public/Experiments/IDs/05-WMC/MU/MUsbj069.csv","test","0","4","69","835287","836809"
"MU.osexp","C:\Users\Public\Experiments\IDs\05-WMC\MU","Tr15_test4.png","6","873504","C:/Users/Public/Experiments/IDs/05-WMC/MU/MUsbj069.csv","test","0","4","69","837916","873505"
"MU.osexp","C:\Users\Public\Experiments\IDs\05-WMC\MU","wait.png","6","873504","C:/Users/Public/Experiments/IDs/05-WMC/MU/MUsbj069.csv","wait","5000","4","69","874624","873505"
"MU.osexp","C:\Users\Public\Experiments\IDs\05-WMC\MU","fixation.png","6","873504","C:/Users/Public/Experiments/IDs/05-WMC/MU/MUsbj069.csv","fix","1500","4","69","879728","873505"
"MU.osexp","C:\Users\Public\Experiments\IDs\05-WMC\MU","Tr16_study1.png","6","873504","C:/Users/Public/Experiments/IDs/05-WMC/MU/MUsbj069.csv","study","1000","4","69","881395","882397"
"MU.osexp","C:\Users\Public\Experiments\IDs\05-WMC\MU","Tr16_study2.png","6","873504","C:/Users/Public/Experiments/IDs/05-WMC/MU/MUsbj069.csv","study","1000","4","69","882743","883745"
"MU.osexp","C:\Users\Public\Experiments\IDs\05-WMC\MU","Tr16_study3.png","6","873504","C:/Users/Public/Experiments/IDs/05-WMC/MU/MUsbj069.csv","study","1000","4","69","884222","885224"
"MU.osexp","C:\Users\Public\Experiments\IDs\05-WMC\MU","Tr16_study4.png","6","873504","C:/Users/Public/Experiments/IDs/05-WMC/MU/MUsbj069.csv","study","1000","4","69","885583","886585"
"MU.osexp","C:\Users\Public\Experiments\IDs\05-WMC\MU","Tr16_update1.png","6","873504","C:/Users/Public/Experiments/IDs/05-WMC/MU/MUsbj069.csv","update","1300","4","69","886940","888242"
"MU.osexp","C:\Users\Public\Experiments\IDs\05-WMC\MU","Tr16_update2.png","6","873504","C:/Users/Public/Experiments/IDs/05-WMC/MU/MUsbj069.csv","update","1300","4","69","888608","889910"
"MU.osexp","C:\Users\Public\Experiments\IDs\05-WMC\MU","Tr16_test1.png","8","893264","C:/Users/Public/Experiments/IDs/05-WMC/MU/MUsbj069.csv","test","0","4","69","890260","893265"
"MU.osexp","C:\Users\Public\Experiments\IDs\05-WMC\MU","Tr16_test2.png","7","897344","C:/Users/Public/Experiments/IDs/05-WMC/MU/MUsbj069.csv","test","0","4","69","894378","897345"
"MU.osexp","C:\Users\Public\Experiments\IDs\05-WMC\MU","Tr16_test3.png","9","899736","C:/Users/Public/Experiments/IDs/05-WMC/MU/MUsbj069.csv","test","0","4","69","898439","899736"
"MU.osexp","C:\Users\Public\Experiments\IDs\05-WMC\MU","Tr16_test4.png","6","902207","C:/Users/Public/Experiments/IDs/05-WMC/MU/MUsbj069.csv","test","0","4","69","900847","902208"
"MU.osexp","C:\Users\Public\Experiments\IDs\05-WMC\MU","wait.png","6","902207","C:/Users/Public/Experiments/IDs/05-WMC/MU/MUsbj069.csv","wait","5000","5","69","903302","902208"
"MU.osexp","C:\Users\Public\Experiments\IDs\05-WMC\MU","fixation.png","6","902207","C:/Users/Public/Experiments/IDs/05-WMC/MU/MUsbj069.csv","fix","1500","5","69","908393","902208"
"MU.osexp","C:\Users\Public\Experiments\IDs\05-WMC\MU","Tr17_study1.png","6","902207","C:/Users/Public/Experiments/IDs/05-WMC/MU/MUsbj069.csv","study","1000","5","69","909998","910999"
"MU.osexp","C:\Users\Public\Experiments\IDs\05-WMC\MU","Tr17_study2.png","6","902207","C:/Users/Public/Experiments/IDs/05-WMC/MU/MUsbj069.csv","study","1000","5","69","911372","912374"
"MU.osexp","C:\Users\Public\Experiments\IDs\05-WMC\MU","Tr17_study3.png","6","902207","C:/Users/Public/Experiments/IDs/05-WMC/MU/MUsbj069.csv","study","1000","5","69","912725","913726"
"MU.osexp","C:\Users\Public\Experiments\IDs\05-WMC\MU","Tr17_study4.png","6","902207","C:/Users/Public/Experiments/IDs/05-WMC/MU/MUsbj069.csv","study","1000","5","69","914073","915074"
"MU.osexp","C:\Users\Public\Experiments\IDs\05-WMC\MU","Tr17_study5.png","6","902207","C:/Users/Public/Experiments/IDs/05-WMC/MU/MUsbj069.csv","study","1000","5","69","915445","916446"
"MU.osexp","C:\Users\Public\Experiments\IDs\05-WMC\MU","Tr17_update1.png","6","902207","C:/Users/Public/Experiments/IDs/05-WMC/MU/MUsbj069.csv","update","1300","5","69","916794","918096"
"MU.osexp","C:\Users\Public\Experiments\IDs\05-WMC\MU","Tr17_update2.png","6","902207","C:/Users/Public/Experiments/IDs/05-WMC/MU/MUsbj069.csv","update","1300","5","69","918451","919753"
"MU.osexp","C:\Users\Public\Experiments\IDs\05-WMC\MU","Tr17_update3.png","6","902207","C:/Users/Public/Experiments/IDs/05-WMC/MU/MUsbj069.csv","update","1300","5","69","920210","921512"
"MU.osexp","C:\Users\Public\Experiments\IDs\05-WMC\MU","Tr17_update4.png","6","902207","C:/Users/Public/Experiments/IDs/05-WMC/MU/MUsbj069.csv","update","1300","5","69","921874","923176"
"MU.osexp","C:\Users\Public\Experiments\IDs\05-WMC\MU","Tr17_update5.png","6","902207","C:/Users/Public/Experiments/IDs/05-WMC/MU/MUsbj069.csv","update","1300","5","69","923515","924817"
"MU.osexp","C:\Users\Public\Experiments\IDs\05-WMC\MU","Tr17_update6.png","6","902207","C:/Users/Public/Experiments/IDs/05-WMC/MU/MUsbj069.csv","update","1300","5","69","925179","926481"
"MU.osexp","C:\Users\Public\Experiments\IDs\05-WMC\MU","Tr17_test1.png","4","939983","C:/Users/Public/Experiments/IDs/05-WMC/MU/MUsbj069.csv","test","0","5","69","926836","939984"
"MU.osexp","C:\Users\Public\Experiments\IDs\05-WMC\MU","Tr17_test2.png","1","942448","C:/Users/Public/Experiments/IDs/05-WMC/MU/MUsbj069.csv","test","0","5","69","941086","942449"
"MU.osexp","C:\Users\Public\Experiments\IDs\05-WMC\MU","Tr17_test3.png","6","945096","C:/Users/Public/Experiments/IDs/05-WMC/MU/MUsbj069.csv","test","0","5","69","943553","945097"
"MU.osexp","C:\Users\Public\Experiments\IDs\05-WMC\MU","Tr17_test4.png","8","947656","C:/Users/Public/Experiments/IDs/05-WMC/MU/MUsbj069.csv","test","0","5","69","946209","947657"
"MU.osexp","C:\Users\Public\Experiments\IDs\05-WMC\MU","Tr17_test5.png","9","949664","C:/Users/Public/Experiments/IDs/05-WMC/MU/MUsbj069.csv","test","0","5","69","948765","949665"
