"experiment_file","experiment_path","image","key","key_time","logfile","phase","playtime","setSize","subject_nr","timestamp","waittime"
"MU.osexp","C:\Users\Public\Experiments\IDs\05-WMC\MU","ready1.png","NA","NA","C:/Users/Public/Experiments/IDs/05-WMC/MU/subject-74.csv","pre","0","3","74","163936","NA"
"MU.osexp","C:\Users\Public\Experiments\IDs\05-WMC\MU","fixation.png","NA","NA","C:/Users/Public/Experiments/IDs/05-WMC/MU/subject-74.csv","fix","1500","3","74","166285","NA"
"MU.osexp","C:\Users\Public\Experiments\IDs\05-WMC\MU","Tr1_study1.png","NA","NA","C:/Users/Public/Experiments/IDs/05-WMC/MU/subject-74.csv","study","1000","3","74","167926","168928"
"MU.osexp","C:\Users\Public\Experiments\IDs\05-WMC\MU","Tr1_study2.png","NA","NA","C:/Users/Public/Experiments/IDs/05-WMC/MU/subject-74.csv","study","1000","3","74","169303","170305"
"MU.osexp","C:\Users\Public\Experiments\IDs\05-WMC\MU","Tr1_study3.png","NA","NA","C:/Users/Public/Experiments/IDs/05-WMC/MU/subject-74.csv","study","1000","3","74","170678","171680"
"MU.osexp","C:\Users\Public\Experiments\IDs\05-WMC\MU","Tr1_update1.png","NA","NA","C:/Users/Public/Experiments/IDs/05-WMC/MU/subject-74.csv","update","1300","3","74","172051","173353"
"MU.osexp","C:\Users\Public\Experiments\IDs\05-WMC\MU","Tr1_update2.png","NA","NA","C:/Users/Public/Experiments/IDs/05-WMC/MU/subject-74.csv","update","1300","3","74","173764","175066"
"MU.osexp","C:\Users\Public\Experiments\IDs\05-WMC\MU","Tr1_update3.png","NA","NA","C:/Users/Public/Experiments/IDs/05-WMC/MU/subject-74.csv","update","1300","3","74","175419","176722"
"MU.osexp","C:\Users\Public\Experiments\IDs\05-WMC\MU","Tr1_test1.png","7","181523","C:/Users/Public/Experiments/IDs/05-WMC/MU/subject-74.csv","test","0","3","74","177091","181524"
"MU.osexp","C:\Users\Public\Experiments\IDs\05-WMC\MU","Tr1_test2.png","8","183923","C:/Users/Public/Experiments/IDs/05-WMC/MU/subject-74.csv","test","0","3","74","182736","183924"
"MU.osexp","C:\Users\Public\Experiments\IDs\05-WMC\MU","Tr1_test3.png","8","186667","C:/Users/Public/Experiments/IDs/05-WMC/MU/subject-74.csv","test","0","3","74","184998","186668"
"MU.osexp","C:\Users\Public\Experiments\IDs\05-WMC\MU","wait.png","8","186667","C:/Users/Public/Experiments/IDs/05-WMC/MU/subject-74.csv","wait","5000","3","74","187756","186668"
"MU.osexp","C:\Users\Public\Experiments\IDs\05-WMC\MU","fixation.png","8","186667","C:/Users/Public/Experiments/IDs/05-WMC/MU/subject-74.csv","fix","1500","3","74","192921","186668"
"MU.osexp","C:\Users\Public\Experiments\IDs\05-WMC\MU","Tr2_study1.png","8","186667","C:/Users/Public/Experiments/IDs/05-WMC/MU/subject-74.csv","study","1000","3","74","194506","195506"
"MU.osexp","C:\Users\Public\Experiments\IDs\05-WMC\MU","Tr2_study2.png","8","186667","C:/Users/Public/Experiments/IDs/05-WMC/MU/subject-74.csv","study","1000","3","74","195844","196844"
"MU.osexp","C:\Users\Public\Experiments\IDs\05-WMC\MU","Tr2_study3.png","8","186667","C:/Users/Public/Experiments/IDs/05-WMC/MU/subject-74.csv","study","1000","3","74","197165","198165"
"MU.osexp","C:\Users\Public\Experiments\IDs\05-WMC\MU","Tr2_update1.png","8","186667","C:/Users/Public/Experiments/IDs/05-WMC/MU/subject-74.csv","update","1300","3","74","198505","199805"
"MU.osexp","C:\Users\Public\Experiments\IDs\05-WMC\MU","Tr2_update2.png","8","186667","C:/Users/Public/Experiments/IDs/05-WMC/MU/subject-74.csv","update","1300","3","74","200146","201447"
"MU.osexp","C:\Users\Public\Experiments\IDs\05-WMC\MU","Tr2_update3.png","8","186667","C:/Users/Public/Experiments/IDs/05-WMC/MU/subject-74.csv","update","1300","3","74","201787","203088"
"MU.osexp","C:\Users\Public\Experiments\IDs\05-WMC\MU","Tr2_test1.png","8","214396","C:/Users/Public/Experiments/IDs/05-WMC/MU/subject-74.csv","test","0","3","74","203475","214396"
"MU.osexp","C:\Users\Public\Experiments\IDs\05-WMC\MU","Tr2_test2.png","4","221971","C:/Users/Public/Experiments/IDs/05-WMC/MU/subject-74.csv","test","0","3","74","215482","221972"
"MU.osexp","C:\Users\Public\Experiments\IDs\05-WMC\MU","Tr2_test3.png","5","225523","C:/Users/Public/Experiments/IDs/05-WMC/MU/subject-74.csv","test","0","3","74","223106","225524"
"MU.osexp","C:\Users\Public\Experiments\IDs\05-WMC\MU","ready2.png","5","225523","C:/Users/Public/Experiments/IDs/05-WMC/MU/subject-74.csv","pre","0","3","74","229622","225524"
"MU.osexp","C:\Users\Public\Experiments\IDs\05-WMC\MU","fixation.png","5","225523","C:/Users/Public/Experiments/IDs/05-WMC/MU/subject-74.csv","fix","1500","3","74","232921","225524"
"MU.osexp","C:\Users\Public\Experiments\IDs\05-WMC\MU","Tr3_study1.png","5","225523","C:/Users/Public/Experiments/IDs/05-WMC/MU/subject-74.csv","study","1000","3","74","234535","235536"
"MU.osexp","C:\Users\Public\Experiments\IDs\05-WMC\MU","Tr3_study2.png","5","225523","C:/Users/Public/Experiments/IDs/05-WMC/MU/subject-74.csv","study","1000","3","74","235912","236914"
"MU.osexp","C:\Users\Public\Experiments\IDs\05-WMC\MU","Tr3_study3.png","5","225523","C:/Users/Public/Experiments/IDs/05-WMC/MU/subject-74.csv","study","1000","3","74","237246","238247"
"MU.osexp","C:\Users\Public\Experiments\IDs\05-WMC\MU","Tr3_update1.png","5","225523","C:/Users/Public/Experiments/IDs/05-WMC/MU/subject-74.csv","update","1300","3","74","238616","239918"
"MU.osexp","C:\Users\Public\Experiments\IDs\05-WMC\MU","Tr3_update2.png","5","225523","C:/Users/Public/Experiments/IDs/05-WMC/MU/subject-74.csv","update","1300","3","74","240331","241633"
"MU.osexp","C:\Users\Public\Experiments\IDs\05-WMC\MU","Tr3_update3.png","5","225523","C:/Users/Public/Experiments/IDs/05-WMC/MU/subject-74.csv","update","1300","3","74","241963","243265"
"MU.osexp","C:\Users\Public\Experiments\IDs\05-WMC\MU","Tr3_test1.png","8","254363","C:/Users/Public/Experiments/IDs/05-WMC/MU/subject-74.csv","test","0","3","74","243633","254364"
"MU.osexp","C:\Users\Public\Experiments\IDs\05-WMC\MU","Tr3_test2.png","1","259115","C:/Users/Public/Experiments/IDs/05-WMC/MU/subject-74.csv","test","0","3","74","255468","259116"
"MU.osexp","C:\Users\Public\Experiments\IDs\05-WMC\MU","Tr3_test3.png","4","263052","C:/Users/Public/Experiments/IDs/05-WMC/MU/subject-74.csv","test","0","3","74","260210","263053"
"MU.osexp","C:\Users\Public\Experiments\IDs\05-WMC\MU","wait.png","4","263052","C:/Users/Public/Experiments/IDs/05-WMC/MU/subject-74.csv","wait","5000","4","74","264164","263053"
"MU.osexp","C:\Users\Public\Experiments\IDs\05-WMC\MU","fixation.png","4","263052","C:/Users/Public/Experiments/IDs/05-WMC/MU/subject-74.csv","fix","1500","4","74","269285","263053"
"MU.osexp","C:\Users\Public\Experiments\IDs\05-WMC\MU","Tr4_study1.png","4","263052","C:/Users/Public/Experiments/IDs/05-WMC/MU/subject-74.csv","study","1000","4","74","270901","271902"
"MU.osexp","C:\Users\Public\Experiments\IDs\05-WMC\MU","Tr4_study2.png","4","263052","C:/Users/Public/Experiments/IDs/05-WMC/MU/subject-74.csv","study","1000","4","74","272273","273275"
"MU.osexp","C:\Users\Public\Experiments\IDs\05-WMC\MU","Tr4_study3.png","4","263052","C:/Users/Public/Experiments/IDs/05-WMC/MU/subject-74.csv","study","1000","4","74","273666","274668"
"MU.osexp","C:\Users\Public\Experiments\IDs\05-WMC\MU","Tr4_study4.png","4","263052","C:/Users/Public/Experiments/IDs/05-WMC/MU/subject-74.csv","study","1000","4","74","275034","276036"
"MU.osexp","C:\Users\Public\Experiments\IDs\05-WMC\MU","Tr4_update1.png","4","263052","C:/Users/Public/Experiments/IDs/05-WMC/MU/subject-74.csv","update","1300","4","74","276393","277696"
"MU.osexp","C:\Users\Public\Experiments\IDs\05-WMC\MU","Tr4_update2.png","4","263052","C:/Users/Public/Experiments/IDs/05-WMC/MU/subject-74.csv","update","1300","4","74","278095","279397"
"MU.osexp","C:\Users\Public\Experiments\IDs\05-WMC\MU","Tr4_update3.png","4","263052","C:/Users/Public/Experiments/IDs/05-WMC/MU/subject-74.csv","update","1300","4","74","279775","281077"
"MU.osexp","C:\Users\Public\Experiments\IDs\05-WMC\MU","Tr4_update4.png","4","263052","C:/Users/Public/Experiments/IDs/05-WMC/MU/subject-74.csv","update","1300","4","74","281427","282729"
"MU.osexp","C:\Users\Public\Experiments\IDs\05-WMC\MU","Tr4_test1.png","8","287451","C:/Users/Public/Experiments/IDs/05-WMC/MU/subject-74.csv","test","0","4","74","283110","287452"
"MU.osexp","C:\Users\Public\Experiments\IDs\05-WMC\MU","Tr4_test2.png","6","289059","C:/Users/Public/Experiments/IDs/05-WMC/MU/subject-74.csv","test","0","4","74","288590","289060"
"MU.osexp","C:\Users\Public\Experiments\IDs\05-WMC\MU","Tr4_test3.png","7","290515","C:/Users/Public/Experiments/IDs/05-WMC/MU/subject-74.csv","test","0","4","74","290199","290516"
"MU.osexp","C:\Users\Public\Experiments\IDs\05-WMC\MU","Tr4_test4.png","6","291907","C:/Users/Public/Experiments/IDs/05-WMC/MU/subject-74.csv","test","0","4","74","291628","291908"
"MU.osexp","C:\Users\Public\Experiments\IDs\05-WMC\MU","wait.png","6","291907","C:/Users/Public/Experiments/IDs/05-WMC/MU/subject-74.csv","wait","5000","3","74","293139","291908"
"MU.osexp","C:\Users\Public\Experiments\IDs\05-WMC\MU","fixation.png","6","291907","C:/Users/Public/Experiments/IDs/05-WMC/MU/subject-74.csv","fix","1500","3","74","298244","291908"
"MU.osexp","C:\Users\Public\Experiments\IDs\05-WMC\MU","Tr5_study1.png","6","291907","C:/Users/Public/Experiments/IDs/05-WMC/MU/subject-74.csv","study","1000","3","74","299856","300857"
"MU.osexp","C:\Users\Public\Experiments\IDs\05-WMC\MU","Tr5_study2.png","6","291907","C:/Users/Public/Experiments/IDs/05-WMC/MU/subject-74.csv","study","1000","3","74","301203","302205"
"MU.osexp","C:\Users\Public\Experiments\IDs\05-WMC\MU","Tr5_study3.png","6","291907","C:/Users/Public/Experiments/IDs/05-WMC/MU/subject-74.csv","study","1000","3","74","302551","303552"
"MU.osexp","C:\Users\Public\Experiments\IDs\05-WMC\MU","Tr5_update1.png","6","291907","C:/Users/Public/Experiments/IDs/05-WMC/MU/subject-74.csv","update","1300","3","74","303899","305201"
"MU.osexp","C:\Users\Public\Experiments\IDs\05-WMC\MU","Tr5_update2.png","6","291907","C:/Users/Public/Experiments/IDs/05-WMC/MU/subject-74.csv","update","1300","3","74","305582","306883"
"MU.osexp","C:\Users\Public\Experiments\IDs\05-WMC\MU","Tr5_update3.png","6","291907","C:/Users/Public/Experiments/IDs/05-WMC/MU/subject-74.csv","update","1300","3","74","307255","308557"
"MU.osexp","C:\Users\Public\Experiments\IDs\05-WMC\MU","Tr5_update4.png","6","291907","C:/Users/Public/Experiments/IDs/05-WMC/MU/subject-74.csv","update","1300","3","74","308909","310211"
"MU.osexp","C:\Users\Public\Experiments\IDs\05-WMC\MU","Tr5_update5.png","6","291907","C:/Users/Public/Experiments/IDs/05-WMC/MU/subject-74.csv","update","1300","3","74","310594","311896"
"MU.osexp","C:\Users\Public\Experiments\IDs\05-WMC\MU","Tr5_update6.png","6","291907","C:/Users/Public/Experiments/IDs/05-WMC/MU/subject-74.csv","update","1300","3","74","312268","313570"
"MU.osexp","C:\Users\Public\Experiments\IDs\05-WMC\MU","Tr5_test1.png","6","323019","C:/Users/Public/Experiments/IDs/05-WMC/MU/subject-74.csv","test","0","3","74","313958","323020"
"MU.osexp","C:\Users\Public\Experiments\IDs\05-WMC\MU","Tr5_test2.png","5","325011","C:/Users/Public/Experiments/IDs/05-WMC/MU/subject-74.csv","test","0","3","74","324142","325012"
"MU.osexp","C:\Users\Public\Experiments\IDs\05-WMC\MU","Tr5_test3.png","9","327195","C:/Users/Public/Experiments/IDs/05-WMC/MU/subject-74.csv","test","0","3","74","326129","327196"
"MU.osexp","C:\Users\Public\Experiments\IDs\05-WMC\MU","wait.png","9","327195","C:/Users/Public/Experiments/IDs/05-WMC/MU/subject-74.csv","wait","5000","4","74","328307","327196"
"MU.osexp","C:\Users\Public\Experiments\IDs\05-WMC\MU","fixation.png","9","327195","C:/Users/Public/Experiments/IDs/05-WMC/MU/subject-74.csv","fix","1500","4","74","333511","327196"
"MU.osexp","C:\Users\Public\Experiments\IDs\05-WMC\MU","Tr6_study1.png","9","327195","C:/Users/Public/Experiments/IDs/05-WMC/MU/subject-74.csv","study","1000","4","74","335134","336136"
"MU.osexp","C:\Users\Public\Experiments\IDs\05-WMC\MU","Tr6_study2.png","9","327195","C:/Users/Public/Experiments/IDs/05-WMC/MU/subject-74.csv","study","1000","4","74","336497","337499"
"MU.osexp","C:\Users\Public\Experiments\IDs\05-WMC\MU","Tr6_study3.png","9","327195","C:/Users/Public/Experiments/IDs/05-WMC/MU/subject-74.csv","study","1000","4","74","337839","338840"
"MU.osexp","C:\Users\Public\Experiments\IDs\05-WMC\MU","Tr6_study4.png","9","327195","C:/Users/Public/Experiments/IDs/05-WMC/MU/subject-74.csv","study","1000","4","74","339202","340204"
"MU.osexp","C:\Users\Public\Experiments\IDs\05-WMC\MU","Tr6_update1.png","9","327195","C:/Users/Public/Experiments/IDs/05-WMC/MU/subject-74.csv","update","1300","4","74","340567","341869"
"MU.osexp","C:\Users\Public\Experiments\IDs\05-WMC\MU","Tr6_update2.png","9","327195","C:/Users/Public/Experiments/IDs/05-WMC/MU/subject-74.csv","update","1300","4","74","342235","343537"
"MU.osexp","C:\Users\Public\Experiments\IDs\05-WMC\MU","Tr6_update3.png","9","327195","C:/Users/Public/Experiments/IDs/05-WMC/MU/subject-74.csv","update","1300","4","74","343896","345198"
"MU.osexp","C:\Users\Public\Experiments\IDs\05-WMC\MU","Tr6_update4.png","9","327195","C:/Users/Public/Experiments/IDs/05-WMC/MU/subject-74.csv","update","1300","4","74","345573","346875"
"MU.osexp","C:\Users\Public\Experiments\IDs\05-WMC\MU","Tr6_update5.png","9","327195","C:/Users/Public/Experiments/IDs/05-WMC/MU/subject-74.csv","update","1300","4","74","347255","348557"
"MU.osexp","C:\Users\Public\Experiments\IDs\05-WMC\MU","Tr6_test1.png","9","357267","C:/Users/Public/Experiments/IDs/05-WMC/MU/subject-74.csv","test","0","4","74","348932","357268"
"MU.osexp","C:\Users\Public\Experiments\IDs\05-WMC\MU","Tr6_test2.png","0","359363","C:/Users/Public/Experiments/IDs/05-WMC/MU/subject-74.csv","test","0","4","74","358394","359364"
"MU.osexp","C:\Users\Public\Experiments\IDs\05-WMC\MU","Tr6_test3.png","8","361067","C:/Users/Public/Experiments/IDs/05-WMC/MU/subject-74.csv","test","0","4","74","360475","361068"
"MU.osexp","C:\Users\Public\Experiments\IDs\05-WMC\MU","Tr6_test4.png","7","362515","C:/Users/Public/Experiments/IDs/05-WMC/MU/subject-74.csv","test","0","4","74","362179","362516"
"MU.osexp","C:\Users\Public\Experiments\IDs\05-WMC\MU","wait.png","7","362515","C:/Users/Public/Experiments/IDs/05-WMC/MU/subject-74.csv","wait","5000","5","74","363636","362516"
"MU.osexp","C:\Users\Public\Experiments\IDs\05-WMC\MU","fixation.png","7","362515","C:/Users/Public/Experiments/IDs/05-WMC/MU/subject-74.csv","fix","1500","5","74","368733","362516"
"MU.osexp","C:\Users\Public\Experiments\IDs\05-WMC\MU","Tr7_study1.png","7","362515","C:/Users/Public/Experiments/IDs/05-WMC/MU/subject-74.csv","study","1000","5","74","370354","371356"
"MU.osexp","C:\Users\Public\Experiments\IDs\05-WMC\MU","Tr7_study2.png","7","362515","C:/Users/Public/Experiments/IDs/05-WMC/MU/subject-74.csv","study","1000","5","74","371725","372727"
"MU.osexp","C:\Users\Public\Experiments\IDs\05-WMC\MU","Tr7_study3.png","7","362515","C:/Users/Public/Experiments/IDs/05-WMC/MU/subject-74.csv","study","1000","5","74","373080","374081"
"MU.osexp","C:\Users\Public\Experiments\IDs\05-WMC\MU","Tr7_study4.png","7","362515","C:/Users/Public/Experiments/IDs/05-WMC/MU/subject-74.csv","study","1000","5","74","374455","375456"
"MU.osexp","C:\Users\Public\Experiments\IDs\05-WMC\MU","Tr7_study5.png","7","362515","C:/Users/Public/Experiments/IDs/05-WMC/MU/subject-74.csv","study","1000","5","74","375839","376840"
"MU.osexp","C:\Users\Public\Experiments\IDs\05-WMC\MU","Tr7_update1.png","7","362515","C:/Users/Public/Experiments/IDs/05-WMC/MU/subject-74.csv","update","1300","5","74","377188","378489"
"MU.osexp","C:\Users\Public\Experiments\IDs\05-WMC\MU","Tr7_update2.png","7","362515","C:/Users/Public/Experiments/IDs/05-WMC/MU/subject-74.csv","update","1300","5","74","378840","380141"
"MU.osexp","C:\Users\Public\Experiments\IDs\05-WMC\MU","Tr7_update3.png","7","362515","C:/Users/Public/Experiments/IDs/05-WMC/MU/subject-74.csv","update","1300","5","74","380505","381807"
"MU.osexp","C:\Users\Public\Experiments\IDs\05-WMC\MU","Tr7_update4.png","7","362515","C:/Users/Public/Experiments/IDs/05-WMC/MU/subject-74.csv","update","1300","5","74","382179","383481"
"MU.osexp","C:\Users\Public\Experiments\IDs\05-WMC\MU","Tr7_update5.png","7","362515","C:/Users/Public/Experiments/IDs/05-WMC/MU/subject-74.csv","update","1300","5","74","383844","385146"
"MU.osexp","C:\Users\Public\Experiments\IDs\05-WMC\MU","Tr7_test1.png","9","388132","C:/Users/Public/Experiments/IDs/05-WMC/MU/subject-74.csv","test","0","5","74","385491","388132"
"MU.osexp","C:\Users\Public\Experiments\IDs\05-WMC\MU","Tr7_test2.png","0","389388","C:/Users/Public/Experiments/IDs/05-WMC/MU/subject-74.csv","test","0","5","74","389235","389388"
"MU.osexp","C:\Users\Public\Experiments\IDs\05-WMC\MU","Tr7_test3.png","0","390916","C:/Users/Public/Experiments/IDs/05-WMC/MU/subject-74.csv","test","0","5","74","390526","390916"
"MU.osexp","C:\Users\Public\Experiments\IDs\05-WMC\MU","Tr7_test4.png","0","392603","C:/Users/Public/Experiments/IDs/05-WMC/MU/subject-74.csv","test","0","5","74","392011","392604"
"MU.osexp","C:\Users\Public\Experiments\IDs\05-WMC\MU","Tr7_test5.png","1","394771","C:/Users/Public/Experiments/IDs/05-WMC/MU/subject-74.csv","test","0","5","74","393727","394772"
"MU.osexp","C:\Users\Public\Experiments\IDs\05-WMC\MU","wait.png","1","394771","C:/Users/Public/Experiments/IDs/05-WMC/MU/subject-74.csv","wait","5000","4","74","395864","394772"
"MU.osexp","C:\Users\Public\Experiments\IDs\05-WMC\MU","fixation.png","1","394771","C:/Users/Public/Experiments/IDs/05-WMC/MU/subject-74.csv","fix","1500","4","74","400959","394772"
"MU.osexp","C:\Users\Public\Experiments\IDs\05-WMC\MU","Tr8_study1.png","1","394771","C:/Users/Public/Experiments/IDs/05-WMC/MU/subject-74.csv","study","1000","4","74","402624","403626"
"MU.osexp","C:\Users\Public\Experiments\IDs\05-WMC\MU","Tr8_study2.png","1","394771","C:/Users/Public/Experiments/IDs/05-WMC/MU/subject-74.csv","study","1000","4","74","404004","405006"
"MU.osexp","C:\Users\Public\Experiments\IDs\05-WMC\MU","Tr8_study3.png","1","394771","C:/Users/Public/Experiments/IDs/05-WMC/MU/subject-74.csv","study","1000","4","74","405500","406502"
"MU.osexp","C:\Users\Public\Experiments\IDs\05-WMC\MU","Tr8_study4.png","1","394771","C:/Users/Public/Experiments/IDs/05-WMC/MU/subject-74.csv","study","1000","4","74","406898","407900"
"MU.osexp","C:\Users\Public\Experiments\IDs\05-WMC\MU","Tr8_update1.png","1","394771","C:/Users/Public/Experiments/IDs/05-WMC/MU/subject-74.csv","update","1300","4","74","408286","409588"
"MU.osexp","C:\Users\Public\Experiments\IDs\05-WMC\MU","Tr8_update2.png","1","394771","C:/Users/Public/Experiments/IDs/05-WMC/MU/subject-74.csv","update","1300","4","74","409957","411259"
"MU.osexp","C:\Users\Public\Experiments\IDs\05-WMC\MU","Tr8_update3.png","1","394771","C:/Users/Public/Experiments/IDs/05-WMC/MU/subject-74.csv","update","1300","4","74","411618","412920"
"MU.osexp","C:\Users\Public\Experiments\IDs\05-WMC\MU","Tr8_test1.png","9","419236","C:/Users/Public/Experiments/IDs/05-WMC/MU/subject-74.csv","test","0","4","74","413289","419237"
"MU.osexp","C:\Users\Public\Experiments\IDs\05-WMC\MU","Tr8_test2.png","8","420916","C:/Users/Public/Experiments/IDs/05-WMC/MU/subject-74.csv","test","0","4","74","420352","420917"
"MU.osexp","C:\Users\Public\Experiments\IDs\05-WMC\MU","Tr8_test3.png","9","422460","C:/Users/Public/Experiments/IDs/05-WMC/MU/subject-74.csv","test","0","4","74","422056","422461"
"MU.osexp","C:\Users\Public\Experiments\IDs\05-WMC\MU","Tr8_test4.png","9","424084","C:/Users/Public/Experiments/IDs/05-WMC/MU/subject-74.csv","test","0","4","74","423564","424084"
"MU.osexp","C:\Users\Public\Experiments\IDs\05-WMC\MU","wait.png","9","424084","C:/Users/Public/Experiments/IDs/05-WMC/MU/subject-74.csv","wait","5000","5","74","425189","424084"
"MU.osexp","C:\Users\Public\Experiments\IDs\05-WMC\MU","fixation.png","9","424084","C:/Users/Public/Experiments/IDs/05-WMC/MU/subject-74.csv","fix","1500","5","74","430299","424084"
"MU.osexp","C:\Users\Public\Experiments\IDs\05-WMC\MU","Tr9_study1.png","9","424084","C:/Users/Public/Experiments/IDs/05-WMC/MU/subject-74.csv","study","1000","5","74","431916","432918"
"MU.osexp","C:\Users\Public\Experiments\IDs\05-WMC\MU","Tr9_study2.png","9","424084","C:/Users/Public/Experiments/IDs/05-WMC/MU/subject-74.csv","study","1000","5","74","433272","434274"
"MU.osexp","C:\Users\Public\Experiments\IDs\05-WMC\MU","Tr9_study3.png","9","424084","C:/Users/Public/Experiments/IDs/05-WMC/MU/subject-74.csv","study","1000","5","74","434778","435780"
"MU.osexp","C:\Users\Public\Experiments\IDs\05-WMC\MU","Tr9_study4.png","9","424084","C:/Users/Public/Experiments/IDs/05-WMC/MU/subject-74.csv","study","1000","5","74","436151","437152"
"MU.osexp","C:\Users\Public\Experiments\IDs\05-WMC\MU","Tr9_study5.png","9","424084","C:/Users/Public/Experiments/IDs/05-WMC/MU/subject-74.csv","study","1000","5","74","437517","438519"
"MU.osexp","C:\Users\Public\Experiments\IDs\05-WMC\MU","Tr9_update1.png","9","424084","C:/Users/Public/Experiments/IDs/05-WMC/MU/subject-74.csv","update","1300","5","74","438907","440209"
"MU.osexp","C:\Users\Public\Experiments\IDs\05-WMC\MU","Tr9_update2.png","9","424084","C:/Users/Public/Experiments/IDs/05-WMC/MU/subject-74.csv","update","1300","5","74","440586","441887"
"MU.osexp","C:\Users\Public\Experiments\IDs\05-WMC\MU","Tr9_test1.png","4","446683","C:/Users/Public/Experiments/IDs/05-WMC/MU/subject-74.csv","test","0","5","74","442222","446684"
"MU.osexp","C:\Users\Public\Experiments\IDs\05-WMC\MU","Tr9_test2.png","8","450147","C:/Users/Public/Experiments/IDs/05-WMC/MU/subject-74.csv","test","0","5","74","447789","450148"
"MU.osexp","C:\Users\Public\Experiments\IDs\05-WMC\MU","Tr9_test3.png","9","451587","C:/Users/Public/Experiments/IDs/05-WMC/MU/subject-74.csv","test","0","5","74","451253","451588"
"MU.osexp","C:\Users\Public\Experiments\IDs\05-WMC\MU","Tr9_test4.png","0","452915","C:/Users/Public/Experiments/IDs/05-WMC/MU/subject-74.csv","test","0","5","74","452682","452916"
"MU.osexp","C:\Users\Public\Experiments\IDs\05-WMC\MU","Tr9_test5.png","9","455948","C:/Users/Public/Experiments/IDs/05-WMC/MU/subject-74.csv","test","0","5","74","454000","455949"
"MU.osexp","C:\Users\Public\Experiments\IDs\05-WMC\MU","wait.png","9","455948","C:/Users/Public/Experiments/IDs/05-WMC/MU/subject-74.csv","wait","5000","3","74","457062","455949"
"MU.osexp","C:\Users\Public\Experiments\IDs\05-WMC\MU","fixation.png","9","455948","C:/Users/Public/Experiments/IDs/05-WMC/MU/subject-74.csv","fix","1500","3","74","462176","455949"
"MU.osexp","C:\Users\Public\Experiments\IDs\05-WMC\MU","Tr10_study1.png","9","455948","C:/Users/Public/Experiments/IDs/05-WMC/MU/subject-74.csv","study","1000","3","74","463786","464787"
"MU.osexp","C:\Users\Public\Experiments\IDs\05-WMC\MU","Tr10_study2.png","9","455948","C:/Users/Public/Experiments/IDs/05-WMC/MU/subject-74.csv","study","1000","3","74","465153","466155"
"MU.osexp","C:\Users\Public\Experiments\IDs\05-WMC\MU","Tr10_study3.png","9","455948","C:/Users/Public/Experiments/IDs/05-WMC/MU/subject-74.csv","study","1000","3","74","466497","467499"
"MU.osexp","C:\Users\Public\Experiments\IDs\05-WMC\MU","Tr10_update1.png","9","455948","C:/Users/Public/Experiments/IDs/05-WMC/MU/subject-74.csv","update","1300","3","74","467859","469161"
"MU.osexp","C:\Users\Public\Experiments\IDs\05-WMC\MU","Tr10_update2.png","9","455948","C:/Users/Public/Experiments/IDs/05-WMC/MU/subject-74.csv","update","1300","3","74","469562","470864"
"MU.osexp","C:\Users\Public\Experiments\IDs\05-WMC\MU","Tr10_test1.png","5","474812","C:/Users/Public/Experiments/IDs/05-WMC/MU/subject-74.csv","test","0","3","74","471235","474813"
"MU.osexp","C:\Users\Public\Experiments\IDs\05-WMC\MU","Tr10_test2.png","7","476964","C:/Users/Public/Experiments/IDs/05-WMC/MU/subject-74.csv","test","0","3","74","475906","476964"
"MU.osexp","C:\Users\Public\Experiments\IDs\05-WMC\MU","Tr10_test3.png","5","478388","C:/Users/Public/Experiments/IDs/05-WMC/MU/subject-74.csv","test","0","3","74","478102","478388"
"MU.osexp","C:\Users\Public\Experiments\IDs\05-WMC\MU","wait.png","5","478388","C:/Users/Public/Experiments/IDs/05-WMC/MU/subject-74.csv","wait","5000","5","74","479509","478388"
"MU.osexp","C:\Users\Public\Experiments\IDs\05-WMC\MU","fixation.png","5","478388","C:/Users/Public/Experiments/IDs/05-WMC/MU/subject-74.csv","fix","1500","5","74","484623","478388"
"MU.osexp","C:\Users\Public\Experiments\IDs\05-WMC\MU","Tr11_study1.png","5","478388","C:/Users/Public/Experiments/IDs/05-WMC/MU/subject-74.csv","study","1000","5","74","486303","487305"
"MU.osexp","C:\Users\Public\Experiments\IDs\05-WMC\MU","Tr11_study2.png","5","478388","C:/Users/Public/Experiments/IDs/05-WMC/MU/subject-74.csv","study","1000","5","74","487667","488669"
"MU.osexp","C:\Users\Public\Experiments\IDs\05-WMC\MU","Tr11_study3.png","5","478388","C:/Users/Public/Experiments/IDs/05-WMC/MU/subject-74.csv","study","1000","5","74","489304","490306"
"MU.osexp","C:\Users\Public\Experiments\IDs\05-WMC\MU","Tr11_study4.png","5","478388","C:/Users/Public/Experiments/IDs/05-WMC/MU/subject-74.csv","study","1000","5","74","490669","491671"
"MU.osexp","C:\Users\Public\Experiments\IDs\05-WMC\MU","Tr11_study5.png","5","478388","C:/Users/Public/Experiments/IDs/05-WMC/MU/subject-74.csv","study","1000","5","74","492056","493058"
"MU.osexp","C:\Users\Public\Experiments\IDs\05-WMC\MU","Tr11_update1.png","5","478388","C:/Users/Public/Experiments/IDs/05-WMC/MU/subject-74.csv","update","1300","5","74","493436","494738"
"MU.osexp","C:\Users\Public\Experiments\IDs\05-WMC\MU","Tr11_update2.png","5","478388","C:/Users/Public/Experiments/IDs/05-WMC/MU/subject-74.csv","update","1300","5","74","495115","496417"
"MU.osexp","C:\Users\Public\Experiments\IDs\05-WMC\MU","Tr11_update3.png","5","478388","C:/Users/Public/Experiments/IDs/05-WMC/MU/subject-74.csv","update","1300","5","74","496854","498156"
"MU.osexp","C:\Users\Public\Experiments\IDs\05-WMC\MU","Tr11_test1.png","1","501147","C:/Users/Public/Experiments/IDs/05-WMC/MU/subject-74.csv","test","0","5","74","498554","501148"
"MU.osexp","C:\Users\Public\Experiments\IDs\05-WMC\MU","Tr11_test2.png","4","503227","C:/Users/Public/Experiments/IDs/05-WMC/MU/subject-74.csv","test","0","5","74","502254","503228"
"MU.osexp","C:\Users\Public\Experiments\IDs\05-WMC\MU","Tr11_test3.png","5","504707","C:/Users/Public/Experiments/IDs/05-WMC/MU/subject-74.csv","test","0","5","74","504333","504708"
"MU.osexp","C:\Users\Public\Experiments\IDs\05-WMC\MU","Tr11_test4.png","6","507340","C:/Users/Public/Experiments/IDs/05-WMC/MU/subject-74.csv","test","0","5","74","505845","507341"
"MU.osexp","C:\Users\Public\Experiments\IDs\05-WMC\MU","Tr11_test5.png","7","508660","C:/Users/Public/Experiments/IDs/05-WMC/MU/subject-74.csv","test","0","5","74","508435","508661"
"MU.osexp","C:\Users\Public\Experiments\IDs\05-WMC\MU","wait.png","7","508660","C:/Users/Public/Experiments/IDs/05-WMC/MU/subject-74.csv","wait","5000","3","74","509766","508661"
"MU.osexp","C:\Users\Public\Experiments\IDs\05-WMC\MU","fixation.png","7","508660","C:/Users/Public/Experiments/IDs/05-WMC/MU/subject-74.csv","fix","1500","3","74","514870","508661"
"MU.osexp","C:\Users\Public\Experiments\IDs\05-WMC\MU","Tr12_study1.png","7","508660","C:/Users/Public/Experiments/IDs/05-WMC/MU/subject-74.csv","study","1000","3","74","516501","517503"
"MU.osexp","C:\Users\Public\Experiments\IDs\05-WMC\MU","Tr12_study2.png","7","508660","C:/Users/Public/Experiments/IDs/05-WMC/MU/subject-74.csv","study","1000","3","74","517857","518859"
"MU.osexp","C:\Users\Public\Experiments\IDs\05-WMC\MU","Tr12_study3.png","7","508660","C:/Users/Public/Experiments/IDs/05-WMC/MU/subject-74.csv","study","1000","3","74","519228","520229"
"MU.osexp","C:\Users\Public\Experiments\IDs\05-WMC\MU","Tr12_update1.png","7","508660","C:/Users/Public/Experiments/IDs/05-WMC/MU/subject-74.csv","update","1300","3","74","520627","521929"
"MU.osexp","C:\Users\Public\Experiments\IDs\05-WMC\MU","Tr12_update2.png","7","508660","C:/Users/Public/Experiments/IDs/05-WMC/MU/subject-74.csv","update","1300","3","74","522316","523618"
"MU.osexp","C:\Users\Public\Experiments\IDs\05-WMC\MU","Tr12_update3.png","7","508660","C:/Users/Public/Experiments/IDs/05-WMC/MU/subject-74.csv","update","1300","3","74","524002","525304"
"MU.osexp","C:\Users\Public\Experiments\IDs\05-WMC\MU","Tr12_update4.png","7","508660","C:/Users/Public/Experiments/IDs/05-WMC/MU/subject-74.csv","update","1300","3","74","525690","526992"
"MU.osexp","C:\Users\Public\Experiments\IDs\05-WMC\MU","Tr12_update5.png","7","508660","C:/Users/Public/Experiments/IDs/05-WMC/MU/subject-74.csv","update","1300","3","74","527354","528656"
"MU.osexp","C:\Users\Public\Experiments\IDs\05-WMC\MU","Tr12_test1.png","4","531660","C:/Users/Public/Experiments/IDs/05-WMC/MU/subject-74.csv","test","0","3","74","529023","531660"
"MU.osexp","C:\Users\Public\Experiments\IDs\05-WMC\MU","Tr12_test2.png","1","532876","C:/Users/Public/Experiments/IDs/05-WMC/MU/subject-74.csv","test","0","3","74","532774","532876"
"MU.osexp","C:\Users\Public\Experiments\IDs\05-WMC\MU","Tr12_test3.png","7","534603","C:/Users/Public/Experiments/IDs/05-WMC/MU/subject-74.csv","test","0","3","74","534007","534604"
"MU.osexp","C:\Users\Public\Experiments\IDs\05-WMC\MU","wait.png","7","534603","C:/Users/Public/Experiments/IDs/05-WMC/MU/subject-74.csv","wait","5000","3","74","535705","534604"
"MU.osexp","C:\Users\Public\Experiments\IDs\05-WMC\MU","fixation.png","7","534603","C:/Users/Public/Experiments/IDs/05-WMC/MU/subject-74.csv","fix","1500","3","74","540809","534604"
"MU.osexp","C:\Users\Public\Experiments\IDs\05-WMC\MU","Tr13_study1.png","7","534603","C:/Users/Public/Experiments/IDs/05-WMC/MU/subject-74.csv","study","1000","3","74","542429","543431"
"MU.osexp","C:\Users\Public\Experiments\IDs\05-WMC\MU","Tr13_study2.png","7","534603","C:/Users/Public/Experiments/IDs/05-WMC/MU/subject-74.csv","study","1000","3","74","543807","544809"
"MU.osexp","C:\Users\Public\Experiments\IDs\05-WMC\MU","Tr13_study3.png","7","534603","C:/Users/Public/Experiments/IDs/05-WMC/MU/subject-74.csv","study","1000","3","74","545158","546159"
"MU.osexp","C:\Users\Public\Experiments\IDs\05-WMC\MU","Tr13_update1.png","7","534603","C:/Users/Public/Experiments/IDs/05-WMC/MU/subject-74.csv","update","1300","3","74","546539","547841"
"MU.osexp","C:\Users\Public\Experiments\IDs\05-WMC\MU","Tr13_update2.png","7","534603","C:/Users/Public/Experiments/IDs/05-WMC/MU/subject-74.csv","update","1300","3","74","548178","549480"
"MU.osexp","C:\Users\Public\Experiments\IDs\05-WMC\MU","Tr13_update3.png","7","534603","C:/Users/Public/Experiments/IDs/05-WMC/MU/subject-74.csv","update","1300","3","74","549822","551124"
"MU.osexp","C:\Users\Public\Experiments\IDs\05-WMC\MU","Tr13_update4.png","7","534603","C:/Users/Public/Experiments/IDs/05-WMC/MU/subject-74.csv","update","1300","3","74","551494","552796"
"MU.osexp","C:\Users\Public\Experiments\IDs\05-WMC\MU","Tr13_test1.png","8","555715","C:/Users/Public/Experiments/IDs/05-WMC/MU/subject-74.csv","test","0","3","74","553145","555716"
"MU.osexp","C:\Users\Public\Experiments\IDs\05-WMC\MU","Tr13_test2.png","7","557283","C:/Users/Public/Experiments/IDs/05-WMC/MU/subject-74.csv","test","0","3","74","556830","557284"
"MU.osexp","C:\Users\Public\Experiments\IDs\05-WMC\MU","Tr13_test3.png","8","558852","C:/Users/Public/Experiments/IDs/05-WMC/MU/subject-74.csv","test","0","3","74","558390","558853"
"MU.osexp","C:\Users\Public\Experiments\IDs\05-WMC\MU","wait.png","8","558852","C:/Users/Public/Experiments/IDs/05-WMC/MU/subject-74.csv","wait","5000","5","74","559956","558853"
"MU.osexp","C:\Users\Public\Experiments\IDs\05-WMC\MU","fixation.png","8","558852","C:/Users/Public/Experiments/IDs/05-WMC/MU/subject-74.csv","fix","1500","5","74","565201","558853"
"MU.osexp","C:\Users\Public\Experiments\IDs\05-WMC\MU","Tr14_study1.png","8","558852","C:/Users/Public/Experiments/IDs/05-WMC/MU/subject-74.csv","study","1000","5","74","566830","567832"
"MU.osexp","C:\Users\Public\Experiments\IDs\05-WMC\MU","Tr14_study2.png","8","558852","C:/Users/Public/Experiments/IDs/05-WMC/MU/subject-74.csv","study","1000","5","74","568309","569311"
"MU.osexp","C:\Users\Public\Experiments\IDs\05-WMC\MU","Tr14_study3.png","8","558852","C:/Users/Public/Experiments/IDs/05-WMC/MU/subject-74.csv","study","1000","5","74","569653","570654"
"MU.osexp","C:\Users\Public\Experiments\IDs\05-WMC\MU","Tr14_study4.png","8","558852","C:/Users/Public/Experiments/IDs/05-WMC/MU/subject-74.csv","study","1000","5","74","571009","572011"
"MU.osexp","C:\Users\Public\Experiments\IDs\05-WMC\MU","Tr14_study5.png","8","558852","C:/Users/Public/Experiments/IDs/05-WMC/MU/subject-74.csv","study","1000","5","74","572382","573383"
"MU.osexp","C:\Users\Public\Experiments\IDs\05-WMC\MU","Tr14_update1.png","8","558852","C:/Users/Public/Experiments/IDs/05-WMC/MU/subject-74.csv","update","1300","5","74","573752","575054"
"MU.osexp","C:\Users\Public\Experiments\IDs\05-WMC\MU","Tr14_update2.png","8","558852","C:/Users/Public/Experiments/IDs/05-WMC/MU/subject-74.csv","update","1300","5","74","575425","576727"
"MU.osexp","C:\Users\Public\Experiments\IDs\05-WMC\MU","Tr14_update3.png","8","558852","C:/Users/Public/Experiments/IDs/05-WMC/MU/subject-74.csv","update","1300","5","74","577083","578385"
"MU.osexp","C:\Users\Public\Experiments\IDs\05-WMC\MU","Tr14_update4.png","8","558852","C:/Users/Public/Experiments/IDs/05-WMC/MU/subject-74.csv","update","1300","5","74","578761","580063"
"MU.osexp","C:\Users\Public\Experiments\IDs\05-WMC\MU","Tr14_test1.png","7","582500","C:/Users/Public/Experiments/IDs/05-WMC/MU/subject-74.csv","test","0","5","74","580419","582501"
"MU.osexp","C:\Users\Public\Experiments\IDs\05-WMC\MU","Tr14_test2.png","7","585196","C:/Users/Public/Experiments/IDs/05-WMC/MU/subject-74.csv","test","0","5","74","583734","585196"
"MU.osexp","C:\Users\Public\Experiments\IDs\05-WMC\MU","Tr14_test3.png","8","587035","C:/Users/Public/Experiments/IDs/05-WMC/MU/subject-74.csv","test","0","5","74","586318","587036"
"MU.osexp","C:\Users\Public\Experiments\IDs\05-WMC\MU","Tr14_test4.png","5","589067","C:/Users/Public/Experiments/IDs/05-WMC/MU/subject-74.csv","test","0","5","74","588156","589068"
"MU.osexp","C:\Users\Public\Experiments\IDs\05-WMC\MU","Tr14_test5.png","7","590467","C:/Users/Public/Experiments/IDs/05-WMC/MU/subject-74.csv","test","0","5","74","590161","590468"
"MU.osexp","C:\Users\Public\Experiments\IDs\05-WMC\MU","wait.png","7","590467","C:/Users/Public/Experiments/IDs/05-WMC/MU/subject-74.csv","wait","5000","4","74","591587","590468"
"MU.osexp","C:\Users\Public\Experiments\IDs\05-WMC\MU","fixation.png","7","590467","C:/Users/Public/Experiments/IDs/05-WMC/MU/subject-74.csv","fix","1500","4","74","596705","590468"
"MU.osexp","C:\Users\Public\Experiments\IDs\05-WMC\MU","Tr15_study1.png","7","590467","C:/Users/Public/Experiments/IDs/05-WMC/MU/subject-74.csv","study","1000","4","74","598317","599318"
"MU.osexp","C:\Users\Public\Experiments\IDs\05-WMC\MU","Tr15_study2.png","7","590467","C:/Users/Public/Experiments/IDs/05-WMC/MU/subject-74.csv","study","1000","4","74","599674","600676"
"MU.osexp","C:\Users\Public\Experiments\IDs\05-WMC\MU","Tr15_study3.png","7","590467","C:/Users/Public/Experiments/IDs/05-WMC/MU/subject-74.csv","study","1000","4","74","601025","602026"
"MU.osexp","C:\Users\Public\Experiments\IDs\05-WMC\MU","Tr15_study4.png","7","590467","C:/Users/Public/Experiments/IDs/05-WMC/MU/subject-74.csv","study","1000","4","74","602372","603374"
"MU.osexp","C:\Users\Public\Experiments\IDs\05-WMC\MU","Tr15_update1.png","7","590467","C:/Users/Public/Experiments/IDs/05-WMC/MU/subject-74.csv","update","1300","4","74","603755","605057"
"MU.osexp","C:\Users\Public\Experiments\IDs\05-WMC\MU","Tr15_update2.png","7","590467","C:/Users/Public/Experiments/IDs/05-WMC/MU/subject-74.csv","update","1300","4","74","605423","606725"
"MU.osexp","C:\Users\Public\Experiments\IDs\05-WMC\MU","Tr15_update3.png","7","590467","C:/Users/Public/Experiments/IDs/05-WMC/MU/subject-74.csv","update","1300","4","74","607088","608391"
"MU.osexp","C:\Users\Public\Experiments\IDs\05-WMC\MU","Tr15_update4.png","7","590467","C:/Users/Public/Experiments/IDs/05-WMC/MU/subject-74.csv","update","1300","4","74","608737","610039"
"MU.osexp","C:\Users\Public\Experiments\IDs\05-WMC\MU","Tr15_update5.png","7","590467","C:/Users/Public/Experiments/IDs/05-WMC/MU/subject-74.csv","update","1300","4","74","610404","611706"
"MU.osexp","C:\Users\Public\Experiments\IDs\05-WMC\MU","Tr15_update6.png","7","590467","C:/Users/Public/Experiments/IDs/05-WMC/MU/subject-74.csv","update","1300","4","74","612046","613348"
"MU.osexp","C:\Users\Public\Experiments\IDs\05-WMC\MU","Tr15_test1.png","9","615900","C:/Users/Public/Experiments/IDs/05-WMC/MU/subject-74.csv","test","0","4","74","613744","615901"
"MU.osexp","C:\Users\Public\Experiments\IDs\05-WMC\MU","Tr15_test2.png","8","618076","C:/Users/Public/Experiments/IDs/05-WMC/MU/subject-74.csv","test","0","4","74","617004","618076"
"MU.osexp","C:\Users\Public\Experiments\IDs\05-WMC\MU","Tr15_test3.png","7","619484","C:/Users/Public/Experiments/IDs/05-WMC/MU/subject-74.csv","test","0","4","74","619189","619485"
"MU.osexp","C:\Users\Public\Experiments\IDs\05-WMC\MU","Tr15_test4.png","7","620964","C:/Users/Public/Experiments/IDs/05-WMC/MU/subject-74.csv","test","0","4","74","620623","620964"
"MU.osexp","C:\Users\Public\Experiments\IDs\05-WMC\MU","wait.png","7","620964","C:/Users/Public/Experiments/IDs/05-WMC/MU/subject-74.csv","wait","5000","4","74","622078","620964"
"MU.osexp","C:\Users\Public\Experiments\IDs\05-WMC\MU","fixation.png","7","620964","C:/Users/Public/Experiments/IDs/05-WMC/MU/subject-74.csv","fix","1500","4","74","627192","620964"
"MU.osexp","C:\Users\Public\Experiments\IDs\05-WMC\MU","Tr16_study1.png","7","620964","C:/Users/Public/Experiments/IDs/05-WMC/MU/subject-74.csv","study","1000","4","74","628825","629826"
"MU.osexp","C:\Users\Public\Experiments\IDs\05-WMC\MU","Tr16_study2.png","7","620964","C:/Users/Public/Experiments/IDs/05-WMC/MU/subject-74.csv","study","1000","4","74","630163","631165"
"MU.osexp","C:\Users\Public\Experiments\IDs\05-WMC\MU","Tr16_study3.png","7","620964","C:/Users/Public/Experiments/IDs/05-WMC/MU/subject-74.csv","study","1000","4","74","631534","632536"
"MU.osexp","C:\Users\Public\Experiments\IDs\05-WMC\MU","Tr16_study4.png","7","620964","C:/Users/Public/Experiments/IDs/05-WMC/MU/subject-74.csv","study","1000","4","74","632898","633900"
"MU.osexp","C:\Users\Public\Experiments\IDs\05-WMC\MU","Tr16_update1.png","7","620964","C:/Users/Public/Experiments/IDs/05-WMC/MU/subject-74.csv","update","1300","4","74","634302","635604"
"MU.osexp","C:\Users\Public\Experiments\IDs\05-WMC\MU","Tr16_update2.png","7","620964","C:/Users/Public/Experiments/IDs/05-WMC/MU/subject-74.csv","update","1300","4","74","635954","637256"
"MU.osexp","C:\Users\Public\Experiments\IDs\05-WMC\MU","Tr16_test1.png","8","639963","C:/Users/Public/Experiments/IDs/05-WMC/MU/subject-74.csv","test","0","4","74","637617","639964"
"MU.osexp","C:\Users\Public\Experiments\IDs\05-WMC\MU","Tr16_test2.png","7","642051","C:/Users/Public/Experiments/IDs/05-WMC/MU/subject-74.csv","test","0","4","74","641058","642052"
"MU.osexp","C:\Users\Public\Experiments\IDs\05-WMC\MU","Tr16_test3.png","8","643899","C:/Users/Public/Experiments/IDs/05-WMC/MU/subject-74.csv","test","0","4","74","643152","643900"
"MU.osexp","C:\Users\Public\Experiments\IDs\05-WMC\MU","Tr16_test4.png","6","645307","C:/Users/Public/Experiments/IDs/05-WMC/MU/subject-74.csv","test","0","4","74","645043","645308"
"MU.osexp","C:\Users\Public\Experiments\IDs\05-WMC\MU","wait.png","6","645307","C:/Users/Public/Experiments/IDs/05-WMC/MU/subject-74.csv","wait","5000","5","74","646412","645308"
"MU.osexp","C:\Users\Public\Experiments\IDs\05-WMC\MU","fixation.png","6","645307","C:/Users/Public/Experiments/IDs/05-WMC/MU/subject-74.csv","fix","1500","5","74","651524","645308"
"MU.osexp","C:\Users\Public\Experiments\IDs\05-WMC\MU","Tr17_study1.png","6","645307","C:/Users/Public/Experiments/IDs/05-WMC/MU/subject-74.csv","study","1000","5","74","653136","654137"
"MU.osexp","C:\Users\Public\Experiments\IDs\05-WMC\MU","Tr17_study2.png","6","645307","C:/Users/Public/Experiments/IDs/05-WMC/MU/subject-74.csv","study","1000","5","74","654497","655499"
"MU.osexp","C:\Users\Public\Experiments\IDs\05-WMC\MU","Tr17_study3.png","6","645307","C:/Users/Public/Experiments/IDs/05-WMC/MU/subject-74.csv","study","1000","5","74","655888","656890"
"MU.osexp","C:\Users\Public\Experiments\IDs\05-WMC\MU","Tr17_study4.png","6","645307","C:/Users/Public/Experiments/IDs/05-WMC/MU/subject-74.csv","study","1000","5","74","657254","658256"
"MU.osexp","C:\Users\Public\Experiments\IDs\05-WMC\MU","Tr17_study5.png","6","645307","C:/Users/Public/Experiments/IDs/05-WMC/MU/subject-74.csv","study","1000","5","74","658613","659614"
"MU.osexp","C:\Users\Public\Experiments\IDs\05-WMC\MU","Tr17_update1.png","6","645307","C:/Users/Public/Experiments/IDs/05-WMC/MU/subject-74.csv","update","1300","5","74","659972","661274"
"MU.osexp","C:\Users\Public\Experiments\IDs\05-WMC\MU","Tr17_update2.png","6","645307","C:/Users/Public/Experiments/IDs/05-WMC/MU/subject-74.csv","update","1300","5","74","661651","662953"
"MU.osexp","C:\Users\Public\Experiments\IDs\05-WMC\MU","Tr17_update3.png","6","645307","C:/Users/Public/Experiments/IDs/05-WMC/MU/subject-74.csv","update","1300","5","74","663297","664599"
"MU.osexp","C:\Users\Public\Experiments\IDs\05-WMC\MU","Tr17_update4.png","6","645307","C:/Users/Public/Experiments/IDs/05-WMC/MU/subject-74.csv","update","1300","5","74","664975","666277"
"MU.osexp","C:\Users\Public\Experiments\IDs\05-WMC\MU","Tr17_update5.png","6","645307","C:/Users/Public/Experiments/IDs/05-WMC/MU/subject-74.csv","update","1300","5","74","666651","667953"
"MU.osexp","C:\Users\Public\Experiments\IDs\05-WMC\MU","Tr17_update6.png","6","645307","C:/Users/Public/Experiments/IDs/05-WMC/MU/subject-74.csv","update","1300","5","74","668330","669632"
"MU.osexp","C:\Users\Public\Experiments\IDs\05-WMC\MU","Tr17_test1.png","8","673612","C:/Users/Public/Experiments/IDs/05-WMC/MU/subject-74.csv","test","0","5","74","669978","673612"
"MU.osexp","C:\Users\Public\Experiments\IDs\05-WMC\MU","Tr17_test2.png","1","675635","C:/Users/Public/Experiments/IDs/05-WMC/MU/subject-74.csv","test","0","5","74","674720","675636"
"MU.osexp","C:\Users\Public\Experiments\IDs\05-WMC\MU","Tr17_test3.png","7","677811","C:/Users/Public/Experiments/IDs/05-WMC/MU/subject-74.csv","test","0","5","74","676741","677812"
"MU.osexp","C:\Users\Public\Experiments\IDs\05-WMC\MU","Tr17_test4.png","9","679955","C:/Users/Public/Experiments/IDs/05-WMC/MU/subject-74.csv","test","0","5","74","678913","679956"
"MU.osexp","C:\Users\Public\Experiments\IDs\05-WMC\MU","Tr17_test5.png","9","681356","C:/Users/Public/Experiments/IDs/05-WMC/MU/subject-74.csv","test","0","5","74","681089","681357"
