"experiment_file","experiment_path","image","key","key_time","logfile","phase","playtime","setSize","subject_nr","timestamp","waittime"
"MU.osexp","C:\Users\Public\Experiments\SM01\05-WMC\MU","ready1.png","NA","NA","C:/Users/Public/Experiments/SM01/05-WMC/MU/MU_results/MUsbj006.csv","pre","0","3","6","164879","NA"
"MU.osexp","C:\Users\Public\Experiments\SM01\05-WMC\MU","fixation.png","NA","NA","C:/Users/Public/Experiments/SM01/05-WMC/MU/MU_results/MUsbj006.csv","fix","1500","3","6","166606","NA"
"MU.osexp","C:\Users\Public\Experiments\SM01\05-WMC\MU","Tr1_study1.png","NA","NA","C:/Users/Public/Experiments/SM01/05-WMC/MU/MU_results/MUsbj006.csv","study","1000","3","6","168180","169180"
"MU.osexp","C:\Users\Public\Experiments\SM01\05-WMC\MU","Tr1_study2.png","NA","NA","C:/Users/Public/Experiments/SM01/05-WMC/MU/MU_results/MUsbj006.csv","study","1000","3","6","169504","170505"
"MU.osexp","C:\Users\Public\Experiments\SM01\05-WMC\MU","Tr1_study3.png","NA","NA","C:/Users/Public/Experiments/SM01/05-WMC/MU/MU_results/MUsbj006.csv","study","1000","3","6","170957","171957"
"MU.osexp","C:\Users\Public\Experiments\SM01\05-WMC\MU","Tr1_update1.png","NA","NA","C:/Users/Public/Experiments/SM01/05-WMC/MU/MU_results/MUsbj006.csv","update","1300","3","6","172284","173584"
"MU.osexp","C:\Users\Public\Experiments\SM01\05-WMC\MU","Tr1_update2.png","NA","NA","C:/Users/Public/Experiments/SM01/05-WMC/MU/MU_results/MUsbj006.csv","update","1300","3","6","173899","175200"
"MU.osexp","C:\Users\Public\Experiments\SM01\05-WMC\MU","Tr1_update3.png","NA","NA","C:/Users/Public/Experiments/SM01/05-WMC/MU/MU_results/MUsbj006.csv","update","1300","3","6","175525","176826"
"MU.osexp","C:\Users\Public\Experiments\SM01\05-WMC\MU","Tr1_test1.png","8","181235","C:/Users/Public/Experiments/SM01/05-WMC/MU/MU_results/MUsbj006.csv","test","0","3","6","177150","181237"
"MU.osexp","C:\Users\Public\Experiments\SM01\05-WMC\MU","Tr1_test2.png","8","182523","C:/Users/Public/Experiments/SM01/05-WMC/MU/MU_results/MUsbj006.csv","test","0","3","6","182316","182524"
"MU.osexp","C:\Users\Public\Experiments\SM01\05-WMC\MU","Tr1_test3.png","5","192732","C:/Users/Public/Experiments/SM01/05-WMC/MU/MU_results/MUsbj006.csv","test","0","3","6","183599","192733"
"MU.osexp","C:\Users\Public\Experiments\SM01\05-WMC\MU","wait.png","5","192732","C:/Users/Public/Experiments/SM01/05-WMC/MU/MU_results/MUsbj006.csv","wait","5000","3","6","193964","192733"
"MU.osexp","C:\Users\Public\Experiments\SM01\05-WMC\MU","fixation.png","5","192732","C:/Users/Public/Experiments/SM01/05-WMC/MU/MU_results/MUsbj006.csv","fix","1500","3","6","199073","192733"
"MU.osexp","C:\Users\Public\Experiments\SM01\05-WMC\MU","Tr2_study1.png","5","192732","C:/Users/Public/Experiments/SM01/05-WMC/MU/MU_results/MUsbj006.csv","study","1000","3","6","200684","201686"
"MU.osexp","C:\Users\Public\Experiments\SM01\05-WMC\MU","Tr2_study2.png","5","192732","C:/Users/Public/Experiments/SM01/05-WMC/MU/MU_results/MUsbj006.csv","study","1000","3","6","202061","203063"
"MU.osexp","C:\Users\Public\Experiments\SM01\05-WMC\MU","Tr2_study3.png","5","192732","C:/Users/Public/Experiments/SM01/05-WMC/MU/MU_results/MUsbj006.csv","study","1000","3","6","203424","204426"
"MU.osexp","C:\Users\Public\Experiments\SM01\05-WMC\MU","Tr2_update1.png","5","192732","C:/Users/Public/Experiments/SM01/05-WMC/MU/MU_results/MUsbj006.csv","update","1300","3","6","204759","206061"
"MU.osexp","C:\Users\Public\Experiments\SM01\05-WMC\MU","Tr2_update2.png","5","192732","C:/Users/Public/Experiments/SM01/05-WMC/MU/MU_results/MUsbj006.csv","update","1300","3","6","206424","207726"
"MU.osexp","C:\Users\Public\Experiments\SM01\05-WMC\MU","Tr2_update3.png","5","192732","C:/Users/Public/Experiments/SM01/05-WMC/MU/MU_results/MUsbj006.csv","update","1300","3","6","208086","209388"
"MU.osexp","C:\Users\Public\Experiments\SM01\05-WMC\MU","Tr2_test1.png","4","213372","C:/Users/Public/Experiments/SM01/05-WMC/MU/MU_results/MUsbj006.csv","test","0","3","6","209743","213373"
"MU.osexp","C:\Users\Public\Experiments\SM01\05-WMC\MU","Tr2_test2.png","5","215835","C:/Users/Public/Experiments/SM01/05-WMC/MU/MU_results/MUsbj006.csv","test","0","3","6","214484","215836"
"MU.osexp","C:\Users\Public\Experiments\SM01\05-WMC\MU","Tr2_test3.png","0","221212","C:/Users/Public/Experiments/SM01/05-WMC/MU/MU_results/MUsbj006.csv","test","0","3","6","216949","221213"
"MU.osexp","C:\Users\Public\Experiments\SM01\05-WMC\MU","ready2.png","0","221212","C:/Users/Public/Experiments/SM01/05-WMC/MU/MU_results/MUsbj006.csv","pre","0","3","6","242389","221213"
"MU.osexp","C:\Users\Public\Experiments\SM01\05-WMC\MU","fixation.png","0","221212","C:/Users/Public/Experiments/SM01/05-WMC/MU/MU_results/MUsbj006.csv","fix","1500","3","6","246817","221213"
"MU.osexp","C:\Users\Public\Experiments\SM01\05-WMC\MU","Tr3_study1.png","0","221212","C:/Users/Public/Experiments/SM01/05-WMC/MU/MU_results/MUsbj006.csv","study","1000","3","6","248442","249444"
"MU.osexp","C:\Users\Public\Experiments\SM01\05-WMC\MU","Tr3_study2.png","0","221212","C:/Users/Public/Experiments/SM01/05-WMC/MU/MU_results/MUsbj006.csv","study","1000","3","6","249800","250802"
"MU.osexp","C:\Users\Public\Experiments\SM01\05-WMC\MU","Tr3_study3.png","0","221212","C:/Users/Public/Experiments/SM01/05-WMC/MU/MU_results/MUsbj006.csv","study","1000","3","6","251219","252221"
"MU.osexp","C:\Users\Public\Experiments\SM01\05-WMC\MU","Tr3_update1.png","0","221212","C:/Users/Public/Experiments/SM01/05-WMC/MU/MU_results/MUsbj006.csv","update","1300","3","6","252564","253866"
"MU.osexp","C:\Users\Public\Experiments\SM01\05-WMC\MU","Tr3_update2.png","0","221212","C:/Users/Public/Experiments/SM01/05-WMC/MU/MU_results/MUsbj006.csv","update","1300","3","6","254277","255579"
"MU.osexp","C:\Users\Public\Experiments\SM01\05-WMC\MU","Tr3_update3.png","0","221212","C:/Users/Public/Experiments/SM01/05-WMC/MU/MU_results/MUsbj006.csv","update","1300","3","6","255919","257221"
"MU.osexp","C:\Users\Public\Experiments\SM01\05-WMC\MU","Tr3_test1.png","0","260228","C:/Users/Public/Experiments/SM01/05-WMC/MU/MU_results/MUsbj006.csv","test","0","3","6","257593","260229"
"MU.osexp","C:\Users\Public\Experiments\SM01\05-WMC\MU","Tr3_test2.png","7","261804","C:/Users/Public/Experiments/SM01/05-WMC/MU/MU_results/MUsbj006.csv","test","0","3","6","261309","261805"
"MU.osexp","C:\Users\Public\Experiments\SM01\05-WMC\MU","Tr3_test3.png","7","263236","C:/Users/Public/Experiments/SM01/05-WMC/MU/MU_results/MUsbj006.csv","test","0","3","6","262914","263237"
"MU.osexp","C:\Users\Public\Experiments\SM01\05-WMC\MU","wait.png","7","263236","C:/Users/Public/Experiments/SM01/05-WMC/MU/MU_results/MUsbj006.csv","wait","5000","4","6","264340","263237"
"MU.osexp","C:\Users\Public\Experiments\SM01\05-WMC\MU","fixation.png","7","263236","C:/Users/Public/Experiments/SM01/05-WMC/MU/MU_results/MUsbj006.csv","fix","1500","4","6","269539","263237"
"MU.osexp","C:\Users\Public\Experiments\SM01\05-WMC\MU","Tr4_study1.png","7","263236","C:/Users/Public/Experiments/SM01/05-WMC/MU/MU_results/MUsbj006.csv","study","1000","4","6","271145","272147"
"MU.osexp","C:\Users\Public\Experiments\SM01\05-WMC\MU","Tr4_study2.png","7","263236","C:/Users/Public/Experiments/SM01/05-WMC/MU/MU_results/MUsbj006.csv","study","1000","4","6","272489","273491"
"MU.osexp","C:\Users\Public\Experiments\SM01\05-WMC\MU","Tr4_study3.png","7","263236","C:/Users/Public/Experiments/SM01/05-WMC/MU/MU_results/MUsbj006.csv","study","1000","4","6","273914","274916"
"MU.osexp","C:\Users\Public\Experiments\SM01\05-WMC\MU","Tr4_study4.png","7","263236","C:/Users/Public/Experiments/SM01/05-WMC/MU/MU_results/MUsbj006.csv","study","1000","4","6","275247","276249"
"MU.osexp","C:\Users\Public\Experiments\SM01\05-WMC\MU","Tr4_update1.png","7","263236","C:/Users/Public/Experiments/SM01/05-WMC/MU/MU_results/MUsbj006.csv","update","1300","4","6","276606","277908"
"MU.osexp","C:\Users\Public\Experiments\SM01\05-WMC\MU","Tr4_update2.png","7","263236","C:/Users/Public/Experiments/SM01/05-WMC/MU/MU_results/MUsbj006.csv","update","1300","4","6","278266","279568"
"MU.osexp","C:\Users\Public\Experiments\SM01\05-WMC\MU","Tr4_update3.png","7","263236","C:/Users/Public/Experiments/SM01/05-WMC/MU/MU_results/MUsbj006.csv","update","1300","4","6","279942","281244"
"MU.osexp","C:\Users\Public\Experiments\SM01\05-WMC\MU","Tr4_update4.png","7","263236","C:/Users/Public/Experiments/SM01/05-WMC/MU/MU_results/MUsbj006.csv","update","1300","4","6","281596","282898"
"MU.osexp","C:\Users\Public\Experiments\SM01\05-WMC\MU","Tr4_test1.png","3","287283","C:/Users/Public/Experiments/SM01/05-WMC/MU/MU_results/MUsbj006.csv","test","0","4","6","283277","287284"
"MU.osexp","C:\Users\Public\Experiments\SM01\05-WMC\MU","Tr4_test2.png","9","289891","C:/Users/Public/Experiments/SM01/05-WMC/MU/MU_results/MUsbj006.csv","test","0","4","6","288383","289892"
"MU.osexp","C:\Users\Public\Experiments\SM01\05-WMC\MU","Tr4_test3.png","1","291740","C:/Users/Public/Experiments/SM01/05-WMC/MU/MU_results/MUsbj006.csv","test","0","4","6","290986","291741"
"MU.osexp","C:\Users\Public\Experiments\SM01\05-WMC\MU","Tr4_test4.png","7","293884","C:/Users/Public/Experiments/SM01/05-WMC/MU/MU_results/MUsbj006.csv","test","0","4","6","292848","293885"
"MU.osexp","C:\Users\Public\Experiments\SM01\05-WMC\MU","wait.png","7","293884","C:/Users/Public/Experiments/SM01/05-WMC/MU/MU_results/MUsbj006.csv","wait","5000","3","6","294977","293885"
"MU.osexp","C:\Users\Public\Experiments\SM01\05-WMC\MU","fixation.png","7","293884","C:/Users/Public/Experiments/SM01/05-WMC/MU/MU_results/MUsbj006.csv","fix","1500","3","6","300101","293885"
"MU.osexp","C:\Users\Public\Experiments\SM01\05-WMC\MU","Tr5_study1.png","7","293884","C:/Users/Public/Experiments/SM01/05-WMC/MU/MU_results/MUsbj006.csv","study","1000","3","6","301698","302700"
"MU.osexp","C:\Users\Public\Experiments\SM01\05-WMC\MU","Tr5_study2.png","7","293884","C:/Users/Public/Experiments/SM01/05-WMC/MU/MU_results/MUsbj006.csv","study","1000","3","6","303076","304078"
"MU.osexp","C:\Users\Public\Experiments\SM01\05-WMC\MU","Tr5_study3.png","7","293884","C:/Users/Public/Experiments/SM01/05-WMC/MU/MU_results/MUsbj006.csv","study","1000","3","6","304428","305430"
"MU.osexp","C:\Users\Public\Experiments\SM01\05-WMC\MU","Tr5_update1.png","7","293884","C:/Users/Public/Experiments/SM01/05-WMC/MU/MU_results/MUsbj006.csv","update","1300","3","6","305802","307104"
"MU.osexp","C:\Users\Public\Experiments\SM01\05-WMC\MU","Tr5_update2.png","7","293884","C:/Users/Public/Experiments/SM01/05-WMC/MU/MU_results/MUsbj006.csv","update","1300","3","6","307454","308756"
"MU.osexp","C:\Users\Public\Experiments\SM01\05-WMC\MU","Tr5_update3.png","7","293884","C:/Users/Public/Experiments/SM01/05-WMC/MU/MU_results/MUsbj006.csv","update","1300","3","6","309108","310410"
"MU.osexp","C:\Users\Public\Experiments\SM01\05-WMC\MU","Tr5_update4.png","7","293884","C:/Users/Public/Experiments/SM01/05-WMC/MU/MU_results/MUsbj006.csv","update","1300","3","6","310758","312060"
"MU.osexp","C:\Users\Public\Experiments\SM01\05-WMC\MU","Tr5_update5.png","7","293884","C:/Users/Public/Experiments/SM01/05-WMC/MU/MU_results/MUsbj006.csv","update","1300","3","6","312432","313734"
"MU.osexp","C:\Users\Public\Experiments\SM01\05-WMC\MU","Tr5_update6.png","7","293884","C:/Users/Public/Experiments/SM01/05-WMC/MU/MU_results/MUsbj006.csv","update","1300","3","6","314089","315391"
"MU.osexp","C:\Users\Public\Experiments\SM01\05-WMC\MU","Tr5_test1.png","4","319572","C:/Users/Public/Experiments/SM01/05-WMC/MU/MU_results/MUsbj006.csv","test","0","3","6","315736","319573"
"MU.osexp","C:\Users\Public\Experiments\SM01\05-WMC\MU","Tr5_test2.png","9","323147","C:/Users/Public/Experiments/SM01/05-WMC/MU/MU_results/MUsbj006.csv","test","0","3","6","320667","323148"
"MU.osexp","C:\Users\Public\Experiments\SM01\05-WMC\MU","Tr5_test3.png","6","324851","C:/Users/Public/Experiments/SM01/05-WMC/MU/MU_results/MUsbj006.csv","test","0","3","6","324259","324852"
"MU.osexp","C:\Users\Public\Experiments\SM01\05-WMC\MU","wait.png","6","324851","C:/Users/Public/Experiments/SM01/05-WMC/MU/MU_results/MUsbj006.csv","wait","5000","4","6","325953","324852"
"MU.osexp","C:\Users\Public\Experiments\SM01\05-WMC\MU","fixation.png","6","324851","C:/Users/Public/Experiments/SM01/05-WMC/MU/MU_results/MUsbj006.csv","fix","1500","4","6","331042","324852"
"MU.osexp","C:\Users\Public\Experiments\SM01\05-WMC\MU","Tr6_study1.png","6","324851","C:/Users/Public/Experiments/SM01/05-WMC/MU/MU_results/MUsbj006.csv","study","1000","4","6","332635","333637"
"MU.osexp","C:\Users\Public\Experiments\SM01\05-WMC\MU","Tr6_study2.png","6","324851","C:/Users/Public/Experiments/SM01/05-WMC/MU/MU_results/MUsbj006.csv","study","1000","4","6","333985","334987"
"MU.osexp","C:\Users\Public\Experiments\SM01\05-WMC\MU","Tr6_study3.png","6","324851","C:/Users/Public/Experiments/SM01/05-WMC/MU/MU_results/MUsbj006.csv","study","1000","4","6","335355","336357"
"MU.osexp","C:\Users\Public\Experiments\SM01\05-WMC\MU","Tr6_study4.png","6","324851","C:/Users/Public/Experiments/SM01/05-WMC/MU/MU_results/MUsbj006.csv","study","1000","4","6","336716","337717"
"MU.osexp","C:\Users\Public\Experiments\SM01\05-WMC\MU","Tr6_update1.png","6","324851","C:/Users/Public/Experiments/SM01/05-WMC/MU/MU_results/MUsbj006.csv","update","1300","4","6","338068","339370"
"MU.osexp","C:\Users\Public\Experiments\SM01\05-WMC\MU","Tr6_update2.png","6","324851","C:/Users/Public/Experiments/SM01/05-WMC/MU/MU_results/MUsbj006.csv","update","1300","4","6","339719","341021"
"MU.osexp","C:\Users\Public\Experiments\SM01\05-WMC\MU","Tr6_update3.png","6","324851","C:/Users/Public/Experiments/SM01/05-WMC/MU/MU_results/MUsbj006.csv","update","1300","4","6","341381","342683"
"MU.osexp","C:\Users\Public\Experiments\SM01\05-WMC\MU","Tr6_update4.png","6","324851","C:/Users/Public/Experiments/SM01/05-WMC/MU/MU_results/MUsbj006.csv","update","1300","4","6","343017","344319"
"MU.osexp","C:\Users\Public\Experiments\SM01\05-WMC\MU","Tr6_update5.png","6","324851","C:/Users/Public/Experiments/SM01/05-WMC/MU/MU_results/MUsbj006.csv","update","1300","4","6","344686","345988"
"MU.osexp","C:\Users\Public\Experiments\SM01\05-WMC\MU","Tr6_test1.png","0","350604","C:/Users/Public/Experiments/SM01/05-WMC/MU/MU_results/MUsbj006.csv","test","0","4","6","346341","350605"
"MU.osexp","C:\Users\Public\Experiments\SM01\05-WMC\MU","Tr6_test2.png","1","351940","C:/Users/Public/Experiments/SM01/05-WMC/MU/MU_results/MUsbj006.csv","test","0","4","6","351708","351941"
"MU.osexp","C:\Users\Public\Experiments\SM01\05-WMC\MU","Tr6_test3.png","7","355916","C:/Users/Public/Experiments/SM01/05-WMC/MU/MU_results/MUsbj006.csv","test","0","4","6","353034","355917"
"MU.osexp","C:\Users\Public\Experiments\SM01\05-WMC\MU","Tr6_test4.png","8","357387","C:/Users/Public/Experiments/SM01/05-WMC/MU/MU_results/MUsbj006.csv","test","0","4","6","357005","357389"
"MU.osexp","C:\Users\Public\Experiments\SM01\05-WMC\MU","wait.png","8","357387","C:/Users/Public/Experiments/SM01/05-WMC/MU/MU_results/MUsbj006.csv","wait","5000","5","6","358463","357389"
"MU.osexp","C:\Users\Public\Experiments\SM01\05-WMC\MU","fixation.png","8","357387","C:/Users/Public/Experiments/SM01/05-WMC/MU/MU_results/MUsbj006.csv","fix","1500","5","6","363523","357389"
"MU.osexp","C:\Users\Public\Experiments\SM01\05-WMC\MU","Tr7_study1.png","8","357387","C:/Users/Public/Experiments/SM01/05-WMC/MU/MU_results/MUsbj006.csv","study","1000","5","6","365091","366092"
"MU.osexp","C:\Users\Public\Experiments\SM01\05-WMC\MU","Tr7_study2.png","8","357387","C:/Users/Public/Experiments/SM01/05-WMC/MU/MU_results/MUsbj006.csv","study","1000","5","6","366416","367417"
"MU.osexp","C:\Users\Public\Experiments\SM01\05-WMC\MU","Tr7_study3.png","8","357387","C:/Users/Public/Experiments/SM01/05-WMC/MU/MU_results/MUsbj006.csv","study","1000","5","6","367750","368751"
"MU.osexp","C:\Users\Public\Experiments\SM01\05-WMC\MU","Tr7_study4.png","8","357387","C:/Users/Public/Experiments/SM01/05-WMC/MU/MU_results/MUsbj006.csv","study","1000","5","6","369067","370067"
"MU.osexp","C:\Users\Public\Experiments\SM01\05-WMC\MU","Tr7_study5.png","8","357387","C:/Users/Public/Experiments/SM01/05-WMC/MU/MU_results/MUsbj006.csv","study","1000","5","6","370391","371391"
"MU.osexp","C:\Users\Public\Experiments\SM01\05-WMC\MU","Tr7_update1.png","8","357387","C:/Users/Public/Experiments/SM01/05-WMC/MU/MU_results/MUsbj006.csv","update","1300","5","6","371716","373018"
"MU.osexp","C:\Users\Public\Experiments\SM01\05-WMC\MU","Tr7_update2.png","8","357387","C:/Users/Public/Experiments/SM01/05-WMC/MU/MU_results/MUsbj006.csv","update","1300","5","6","373368","374670"
"MU.osexp","C:\Users\Public\Experiments\SM01\05-WMC\MU","Tr7_update3.png","8","357387","C:/Users/Public/Experiments/SM01/05-WMC/MU/MU_results/MUsbj006.csv","update","1300","5","6","375023","376325"
"MU.osexp","C:\Users\Public\Experiments\SM01\05-WMC\MU","Tr7_update4.png","8","357387","C:/Users/Public/Experiments/SM01/05-WMC/MU/MU_results/MUsbj006.csv","update","1300","5","6","376653","377955"
"MU.osexp","C:\Users\Public\Experiments\SM01\05-WMC\MU","Tr7_update5.png","8","357387","C:/Users/Public/Experiments/SM01/05-WMC/MU/MU_results/MUsbj006.csv","update","1300","5","6","378343","379645"
"MU.osexp","C:\Users\Public\Experiments\SM01\05-WMC\MU","Tr7_test1.png","1","382204","C:/Users/Public/Experiments/SM01/05-WMC/MU/MU_results/MUsbj006.csv","test","0","5","6","379999","382205"
"MU.osexp","C:\Users\Public\Experiments\SM01\05-WMC\MU","Tr7_test2.png","8","384332","C:/Users/Public/Experiments/SM01/05-WMC/MU/MU_results/MUsbj006.csv","test","0","5","6","383295","384333"
"MU.osexp","C:\Users\Public\Experiments\SM01\05-WMC\MU","Tr7_test3.png","1","386508","C:/Users/Public/Experiments/SM01/05-WMC/MU/MU_results/MUsbj006.csv","test","0","5","6","385423","386509"
"MU.osexp","C:\Users\Public\Experiments\SM01\05-WMC\MU","Tr7_test4.png","7","388508","C:/Users/Public/Experiments/SM01/05-WMC/MU/MU_results/MUsbj006.csv","test","0","5","6","387623","388509"
"MU.osexp","C:\Users\Public\Experiments\SM01\05-WMC\MU","Tr7_test5.png","1","390292","C:/Users/Public/Experiments/SM01/05-WMC/MU/MU_results/MUsbj006.csv","test","0","5","6","389621","390293"
"MU.osexp","C:\Users\Public\Experiments\SM01\05-WMC\MU","wait.png","1","390292","C:/Users/Public/Experiments/SM01/05-WMC/MU/MU_results/MUsbj006.csv","wait","5000","4","6","391386","390293"
"MU.osexp","C:\Users\Public\Experiments\SM01\05-WMC\MU","fixation.png","1","390292","C:/Users/Public/Experiments/SM01/05-WMC/MU/MU_results/MUsbj006.csv","fix","1500","4","6","396498","390293"
"MU.osexp","C:\Users\Public\Experiments\SM01\05-WMC\MU","Tr8_study1.png","1","390292","C:/Users/Public/Experiments/SM01/05-WMC/MU/MU_results/MUsbj006.csv","study","1000","4","6","398114","399116"
"MU.osexp","C:\Users\Public\Experiments\SM01\05-WMC\MU","Tr8_study2.png","1","390292","C:/Users/Public/Experiments/SM01/05-WMC/MU/MU_results/MUsbj006.csv","study","1000","4","6","399441","400444"
"MU.osexp","C:\Users\Public\Experiments\SM01\05-WMC\MU","Tr8_study3.png","1","390292","C:/Users/Public/Experiments/SM01/05-WMC/MU/MU_results/MUsbj006.csv","study","1000","4","6","400800","401802"
"MU.osexp","C:\Users\Public\Experiments\SM01\05-WMC\MU","Tr8_study4.png","1","390292","C:/Users/Public/Experiments/SM01/05-WMC/MU/MU_results/MUsbj006.csv","study","1000","4","6","402140","403142"
"MU.osexp","C:\Users\Public\Experiments\SM01\05-WMC\MU","Tr8_update1.png","1","390292","C:/Users/Public/Experiments/SM01/05-WMC/MU/MU_results/MUsbj006.csv","update","1300","4","6","403543","404845"
"MU.osexp","C:\Users\Public\Experiments\SM01\05-WMC\MU","Tr8_update2.png","1","390292","C:/Users/Public/Experiments/SM01/05-WMC/MU/MU_results/MUsbj006.csv","update","1300","4","6","405197","406499"
"MU.osexp","C:\Users\Public\Experiments\SM01\05-WMC\MU","Tr8_update3.png","1","390292","C:/Users/Public/Experiments/SM01/05-WMC/MU/MU_results/MUsbj006.csv","update","1300","4","6","406873","408175"
"MU.osexp","C:\Users\Public\Experiments\SM01\05-WMC\MU","Tr8_test1.png","0","422380","C:/Users/Public/Experiments/SM01/05-WMC/MU/MU_results/MUsbj006.csv","test","0","4","6","408517","422381"
"MU.osexp","C:\Users\Public\Experiments\SM01\05-WMC\MU","Tr8_test2.png","4","426156","C:/Users/Public/Experiments/SM01/05-WMC/MU/MU_results/MUsbj006.csv","test","0","4","6","423523","426157"
"MU.osexp","C:\Users\Public\Experiments\SM01\05-WMC\MU","Tr8_test3.png","0","428163","C:/Users/Public/Experiments/SM01/05-WMC/MU/MU_results/MUsbj006.csv","test","0","4","6","427253","428164"
"MU.osexp","C:\Users\Public\Experiments\SM01\05-WMC\MU","Tr8_test4.png","2","429619","C:/Users/Public/Experiments/SM01/05-WMC/MU/MU_results/MUsbj006.csv","test","0","4","6","429248","429620"
"MU.osexp","C:\Users\Public\Experiments\SM01\05-WMC\MU","wait.png","2","429619","C:/Users/Public/Experiments/SM01/05-WMC/MU/MU_results/MUsbj006.csv","wait","5000","5","6","430788","429620"
"MU.osexp","C:\Users\Public\Experiments\SM01\05-WMC\MU","fixation.png","2","429619","C:/Users/Public/Experiments/SM01/05-WMC/MU/MU_results/MUsbj006.csv","fix","1500","5","6","435894","429620"
"MU.osexp","C:\Users\Public\Experiments\SM01\05-WMC\MU","Tr9_study1.png","2","429619","C:/Users/Public/Experiments/SM01/05-WMC/MU/MU_results/MUsbj006.csv","study","1000","5","6","437538","438540"
"MU.osexp","C:\Users\Public\Experiments\SM01\05-WMC\MU","Tr9_study2.png","2","429619","C:/Users/Public/Experiments/SM01/05-WMC/MU/MU_results/MUsbj006.csv","study","1000","5","6","438928","439930"
"MU.osexp","C:\Users\Public\Experiments\SM01\05-WMC\MU","Tr9_study3.png","2","429619","C:/Users/Public/Experiments/SM01/05-WMC/MU/MU_results/MUsbj006.csv","study","1000","5","6","440294","441296"
"MU.osexp","C:\Users\Public\Experiments\SM01\05-WMC\MU","Tr9_study4.png","2","429619","C:/Users/Public/Experiments/SM01/05-WMC/MU/MU_results/MUsbj006.csv","study","1000","5","6","441672","442674"
"MU.osexp","C:\Users\Public\Experiments\SM01\05-WMC\MU","Tr9_study5.png","2","429619","C:/Users/Public/Experiments/SM01/05-WMC/MU/MU_results/MUsbj006.csv","study","1000","5","6","443024","444026"
"MU.osexp","C:\Users\Public\Experiments\SM01\05-WMC\MU","Tr9_update1.png","2","429619","C:/Users/Public/Experiments/SM01/05-WMC/MU/MU_results/MUsbj006.csv","update","1300","5","6","444382","445684"
"MU.osexp","C:\Users\Public\Experiments\SM01\05-WMC\MU","Tr9_update2.png","2","429619","C:/Users/Public/Experiments/SM01/05-WMC/MU/MU_results/MUsbj006.csv","update","1300","5","6","446016","447318"
"MU.osexp","C:\Users\Public\Experiments\SM01\05-WMC\MU","Tr9_test1.png","4","452948","C:/Users/Public/Experiments/SM01/05-WMC/MU/MU_results/MUsbj006.csv","test","0","5","6","447680","452949"
"MU.osexp","C:\Users\Public\Experiments\SM01\05-WMC\MU","Tr9_test2.png","6","455860","C:/Users/Public/Experiments/SM01/05-WMC/MU/MU_results/MUsbj006.csv","test","0","5","6","454064","455861"
"MU.osexp","C:\Users\Public\Experiments\SM01\05-WMC\MU","Tr9_test3.png","5","457996","C:/Users/Public/Experiments/SM01/05-WMC/MU/MU_results/MUsbj006.csv","test","0","5","6","457032","457997"
"MU.osexp","C:\Users\Public\Experiments\SM01\05-WMC\MU","Tr9_test4.png","1","460820","C:/Users/Public/Experiments/SM01/05-WMC/MU/MU_results/MUsbj006.csv","test","0","5","6","459103","460821"
"MU.osexp","C:\Users\Public\Experiments\SM01\05-WMC\MU","Tr9_test5.png","9","463843","C:/Users/Public/Experiments/SM01/05-WMC/MU/MU_results/MUsbj006.csv","test","0","5","6","461929","463844"
"MU.osexp","C:\Users\Public\Experiments\SM01\05-WMC\MU","wait.png","9","463843","C:/Users/Public/Experiments/SM01/05-WMC/MU/MU_results/MUsbj006.csv","wait","5000","3","6","464951","463844"
"MU.osexp","C:\Users\Public\Experiments\SM01\05-WMC\MU","fixation.png","9","463843","C:/Users/Public/Experiments/SM01/05-WMC/MU/MU_results/MUsbj006.csv","fix","1500","3","6","470056","463844"
"MU.osexp","C:\Users\Public\Experiments\SM01\05-WMC\MU","Tr10_study1.png","9","463843","C:/Users/Public/Experiments/SM01/05-WMC/MU/MU_results/MUsbj006.csv","study","1000","3","6","471795","472797"
"MU.osexp","C:\Users\Public\Experiments\SM01\05-WMC\MU","Tr10_study2.png","9","463843","C:/Users/Public/Experiments/SM01/05-WMC/MU/MU_results/MUsbj006.csv","study","1000","3","6","473145","474147"
"MU.osexp","C:\Users\Public\Experiments\SM01\05-WMC\MU","Tr10_study3.png","9","463843","C:/Users/Public/Experiments/SM01/05-WMC/MU/MU_results/MUsbj006.csv","study","1000","3","6","474611","475613"
"MU.osexp","C:\Users\Public\Experiments\SM01\05-WMC\MU","Tr10_update1.png","9","463843","C:/Users/Public/Experiments/SM01/05-WMC/MU/MU_results/MUsbj006.csv","update","1300","3","6","475943","477245"
"MU.osexp","C:\Users\Public\Experiments\SM01\05-WMC\MU","Tr10_update2.png","9","463843","C:/Users/Public/Experiments/SM01/05-WMC/MU/MU_results/MUsbj006.csv","update","1300","3","6","477598","478900"
"MU.osexp","C:\Users\Public\Experiments\SM01\05-WMC\MU","Tr10_test1.png","5","481123","C:/Users/Public/Experiments/SM01/05-WMC/MU/MU_results/MUsbj006.csv","test","0","3","6","479261","481124"
"MU.osexp","C:\Users\Public\Experiments\SM01\05-WMC\MU","Tr10_test2.png","7","483020","C:/Users/Public/Experiments/SM01/05-WMC/MU/MU_results/MUsbj006.csv","test","0","3","6","482213","483022"
"MU.osexp","C:\Users\Public\Experiments\SM01\05-WMC\MU","Tr10_test3.png","2","487892","C:/Users/Public/Experiments/SM01/05-WMC/MU/MU_results/MUsbj006.csv","test","0","3","6","484124","487893"
"MU.osexp","C:\Users\Public\Experiments\SM01\05-WMC\MU","wait.png","2","487892","C:/Users/Public/Experiments/SM01/05-WMC/MU/MU_results/MUsbj006.csv","wait","5000","5","6","489012","487893"
"MU.osexp","C:\Users\Public\Experiments\SM01\05-WMC\MU","fixation.png","2","487892","C:/Users/Public/Experiments/SM01/05-WMC/MU/MU_results/MUsbj006.csv","fix","1500","5","6","494123","487893"
"MU.osexp","C:\Users\Public\Experiments\SM01\05-WMC\MU","Tr11_study1.png","2","487892","C:/Users/Public/Experiments/SM01/05-WMC/MU/MU_results/MUsbj006.csv","study","1000","5","6","495735","496737"
"MU.osexp","C:\Users\Public\Experiments\SM01\05-WMC\MU","Tr11_study2.png","2","487892","C:/Users/Public/Experiments/SM01/05-WMC/MU/MU_results/MUsbj006.csv","study","1000","5","6","497085","498087"
"MU.osexp","C:\Users\Public\Experiments\SM01\05-WMC\MU","Tr11_study3.png","2","487892","C:/Users/Public/Experiments/SM01/05-WMC/MU/MU_results/MUsbj006.csv","study","1000","5","6","498462","499464"
"MU.osexp","C:\Users\Public\Experiments\SM01\05-WMC\MU","Tr11_study4.png","2","487892","C:/Users/Public/Experiments/SM01/05-WMC/MU/MU_results/MUsbj006.csv","study","1000","5","6","499840","500842"
"MU.osexp","C:\Users\Public\Experiments\SM01\05-WMC\MU","Tr11_study5.png","2","487892","C:/Users/Public/Experiments/SM01/05-WMC/MU/MU_results/MUsbj006.csv","study","1000","5","6","501195","502197"
"MU.osexp","C:\Users\Public\Experiments\SM01\05-WMC\MU","Tr11_update1.png","2","487892","C:/Users/Public/Experiments/SM01/05-WMC/MU/MU_results/MUsbj006.csv","update","1300","5","6","502547","503849"
"MU.osexp","C:\Users\Public\Experiments\SM01\05-WMC\MU","Tr11_update2.png","2","487892","C:/Users/Public/Experiments/SM01/05-WMC/MU/MU_results/MUsbj006.csv","update","1300","5","6","504222","505524"
"MU.osexp","C:\Users\Public\Experiments\SM01\05-WMC\MU","Tr11_update3.png","2","487892","C:/Users/Public/Experiments/SM01/05-WMC/MU/MU_results/MUsbj006.csv","update","1300","5","6","505878","507180"
"MU.osexp","C:\Users\Public\Experiments\SM01\05-WMC\MU","Tr11_test1.png","8","511988","C:/Users/Public/Experiments/SM01/05-WMC/MU/MU_results/MUsbj006.csv","test","0","5","6","507643","511989"
"MU.osexp","C:\Users\Public\Experiments\SM01\05-WMC\MU","Tr11_test2.png","1","515364","C:/Users/Public/Experiments/SM01/05-WMC/MU/MU_results/MUsbj006.csv","test","0","5","6","513106","515365"
"MU.osexp","C:\Users\Public\Experiments\SM01\05-WMC\MU","Tr11_test3.png","5","517355","C:/Users/Public/Experiments/SM01/05-WMC/MU/MU_results/MUsbj006.csv","test","0","5","6","516467","517356"
"MU.osexp","C:\Users\Public\Experiments\SM01\05-WMC\MU","Tr11_test4.png","6","520980","C:/Users/Public/Experiments/SM01/05-WMC/MU/MU_results/MUsbj006.csv","test","0","5","6","518474","520981"
"MU.osexp","C:\Users\Public\Experiments\SM01\05-WMC\MU","Tr11_test5.png","5","524324","C:/Users/Public/Experiments/SM01/05-WMC/MU/MU_results/MUsbj006.csv","test","0","5","6","522105","524325"
"MU.osexp","C:\Users\Public\Experiments\SM01\05-WMC\MU","wait.png","5","524324","C:/Users/Public/Experiments/SM01/05-WMC/MU/MU_results/MUsbj006.csv","wait","5000","3","6","525553","524325"
"MU.osexp","C:\Users\Public\Experiments\SM01\05-WMC\MU","fixation.png","5","524324","C:/Users/Public/Experiments/SM01/05-WMC/MU/MU_results/MUsbj006.csv","fix","1500","3","6","530659","524325"
"MU.osexp","C:\Users\Public\Experiments\SM01\05-WMC\MU","Tr12_study1.png","5","524324","C:/Users/Public/Experiments/SM01/05-WMC/MU/MU_results/MUsbj006.csv","study","1000","3","6","532277","533279"
"MU.osexp","C:\Users\Public\Experiments\SM01\05-WMC\MU","Tr12_study2.png","5","524324","C:/Users/Public/Experiments/SM01/05-WMC/MU/MU_results/MUsbj006.csv","study","1000","3","6","533605","534607"
"MU.osexp","C:\Users\Public\Experiments\SM01\05-WMC\MU","Tr12_study3.png","5","524324","C:/Users/Public/Experiments/SM01/05-WMC/MU/MU_results/MUsbj006.csv","study","1000","3","6","534972","535974"
"MU.osexp","C:\Users\Public\Experiments\SM01\05-WMC\MU","Tr12_update1.png","5","524324","C:/Users/Public/Experiments/SM01/05-WMC/MU/MU_results/MUsbj006.csv","update","1300","3","6","536354","537656"
"MU.osexp","C:\Users\Public\Experiments\SM01\05-WMC\MU","Tr12_update2.png","5","524324","C:/Users/Public/Experiments/SM01/05-WMC/MU/MU_results/MUsbj006.csv","update","1300","3","6","538013","539315"
"MU.osexp","C:\Users\Public\Experiments\SM01\05-WMC\MU","Tr12_update3.png","5","524324","C:/Users/Public/Experiments/SM01/05-WMC/MU/MU_results/MUsbj006.csv","update","1300","3","6","539663","540965"
"MU.osexp","C:\Users\Public\Experiments\SM01\05-WMC\MU","Tr12_update4.png","5","524324","C:/Users/Public/Experiments/SM01/05-WMC/MU/MU_results/MUsbj006.csv","update","1300","3","6","541311","542612"
"MU.osexp","C:\Users\Public\Experiments\SM01\05-WMC\MU","Tr12_update5.png","5","524324","C:/Users/Public/Experiments/SM01/05-WMC/MU/MU_results/MUsbj006.csv","update","1300","3","6","542975","544277"
"MU.osexp","C:\Users\Public\Experiments\SM01\05-WMC\MU","Tr12_test1.png","4","546764","C:/Users/Public/Experiments/SM01/05-WMC/MU/MU_results/MUsbj006.csv","test","0","3","6","544663","546765"
"MU.osexp","C:\Users\Public\Experiments\SM01\05-WMC\MU","Tr12_test2.png","9","548900","C:/Users/Public/Experiments/SM01/05-WMC/MU/MU_results/MUsbj006.csv","test","0","3","6","547874","548901"
"MU.osexp","C:\Users\Public\Experiments\SM01\05-WMC\MU","Tr12_test3.png","1","553156","C:/Users/Public/Experiments/SM01/05-WMC/MU/MU_results/MUsbj006.csv","test","0","3","6","550013","553157"
"MU.osexp","C:\Users\Public\Experiments\SM01\05-WMC\MU","wait.png","1","553156","C:/Users/Public/Experiments/SM01/05-WMC/MU/MU_results/MUsbj006.csv","wait","5000","3","6","554265","553157"
"MU.osexp","C:\Users\Public\Experiments\SM01\05-WMC\MU","fixation.png","1","553156","C:/Users/Public/Experiments/SM01/05-WMC/MU/MU_results/MUsbj006.csv","fix","1500","3","6","559374","553157"
"MU.osexp","C:\Users\Public\Experiments\SM01\05-WMC\MU","Tr13_study1.png","1","553156","C:/Users/Public/Experiments/SM01/05-WMC/MU/MU_results/MUsbj006.csv","study","1000","3","6","560983","561985"
"MU.osexp","C:\Users\Public\Experiments\SM01\05-WMC\MU","Tr13_study2.png","1","553156","C:/Users/Public/Experiments/SM01/05-WMC/MU/MU_results/MUsbj006.csv","study","1000","3","6","562365","563367"
"MU.osexp","C:\Users\Public\Experiments\SM01\05-WMC\MU","Tr13_study3.png","1","553156","C:/Users/Public/Experiments/SM01/05-WMC/MU/MU_results/MUsbj006.csv","study","1000","3","6","563714","564714"
"MU.osexp","C:\Users\Public\Experiments\SM01\05-WMC\MU","Tr13_update1.png","1","553156","C:/Users/Public/Experiments/SM01/05-WMC/MU/MU_results/MUsbj006.csv","update","1300","3","6","565032","566334"
"MU.osexp","C:\Users\Public\Experiments\SM01\05-WMC\MU","Tr13_update2.png","1","553156","C:/Users/Public/Experiments/SM01/05-WMC/MU/MU_results/MUsbj006.csv","update","1300","3","6","566672","567974"
"MU.osexp","C:\Users\Public\Experiments\SM01\05-WMC\MU","Tr13_update3.png","1","553156","C:/Users/Public/Experiments/SM01/05-WMC/MU/MU_results/MUsbj006.csv","update","1300","3","6","568332","569634"
"MU.osexp","C:\Users\Public\Experiments\SM01\05-WMC\MU","Tr13_update4.png","1","553156","C:/Users/Public/Experiments/SM01/05-WMC/MU/MU_results/MUsbj006.csv","update","1300","3","6","569989","571292"
"MU.osexp","C:\Users\Public\Experiments\SM01\05-WMC\MU","Tr13_test1.png","3","573164","C:/Users/Public/Experiments/SM01/05-WMC/MU/MU_results/MUsbj006.csv","test","0","3","6","571640","573165"
"MU.osexp","C:\Users\Public\Experiments\SM01\05-WMC\MU","Tr13_test2.png","5","575292","C:/Users/Public/Experiments/SM01/05-WMC/MU/MU_results/MUsbj006.csv","test","0","3","6","574310","575293"
"MU.osexp","C:\Users\Public\Experiments\SM01\05-WMC\MU","Tr13_test3.png","1","577924","C:/Users/Public/Experiments/SM01/05-WMC/MU/MU_results/MUsbj006.csv","test","0","3","6","576403","577925"
"MU.osexp","C:\Users\Public\Experiments\SM01\05-WMC\MU","wait.png","1","577924","C:/Users/Public/Experiments/SM01/05-WMC/MU/MU_results/MUsbj006.csv","wait","5000","5","6","579025","577925"
"MU.osexp","C:\Users\Public\Experiments\SM01\05-WMC\MU","fixation.png","1","577924","C:/Users/Public/Experiments/SM01/05-WMC/MU/MU_results/MUsbj006.csv","fix","1500","5","6","584141","577925"
"MU.osexp","C:\Users\Public\Experiments\SM01\05-WMC\MU","Tr14_study1.png","1","577924","C:/Users/Public/Experiments/SM01/05-WMC/MU/MU_results/MUsbj006.csv","study","1000","5","6","585762","586764"
"MU.osexp","C:\Users\Public\Experiments\SM01\05-WMC\MU","Tr14_study2.png","1","577924","C:/Users/Public/Experiments/SM01/05-WMC/MU/MU_results/MUsbj006.csv","study","1000","5","6","587141","588143"
"MU.osexp","C:\Users\Public\Experiments\SM01\05-WMC\MU","Tr14_study3.png","1","577924","C:/Users/Public/Experiments/SM01/05-WMC/MU/MU_results/MUsbj006.csv","study","1000","5","6","588511","589513"
"MU.osexp","C:\Users\Public\Experiments\SM01\05-WMC\MU","Tr14_study4.png","1","577924","C:/Users/Public/Experiments/SM01/05-WMC/MU/MU_results/MUsbj006.csv","study","1000","5","6","589874","590876"
"MU.osexp","C:\Users\Public\Experiments\SM01\05-WMC\MU","Tr14_study5.png","1","577924","C:/Users/Public/Experiments/SM01/05-WMC/MU/MU_results/MUsbj006.csv","study","1000","5","6","591234","592236"
"MU.osexp","C:\Users\Public\Experiments\SM01\05-WMC\MU","Tr14_update1.png","1","577924","C:/Users/Public/Experiments/SM01/05-WMC/MU/MU_results/MUsbj006.csv","update","1300","5","6","592585","593887"
"MU.osexp","C:\Users\Public\Experiments\SM01\05-WMC\MU","Tr14_update2.png","1","577924","C:/Users/Public/Experiments/SM01/05-WMC/MU/MU_results/MUsbj006.csv","update","1300","5","6","594247","595549"
"MU.osexp","C:\Users\Public\Experiments\SM01\05-WMC\MU","Tr14_update3.png","1","577924","C:/Users/Public/Experiments/SM01/05-WMC/MU/MU_results/MUsbj006.csv","update","1300","5","6","595906","597208"
"MU.osexp","C:\Users\Public\Experiments\SM01\05-WMC\MU","Tr14_update4.png","1","577924","C:/Users/Public/Experiments/SM01/05-WMC/MU/MU_results/MUsbj006.csv","update","1300","5","6","597582","598884"
"MU.osexp","C:\Users\Public\Experiments\SM01\05-WMC\MU","Tr14_test1.png","8","603916","C:/Users/Public/Experiments/SM01/05-WMC/MU/MU_results/MUsbj006.csv","test","0","5","6","599237","603917"
"MU.osexp","C:\Users\Public\Experiments\SM01\05-WMC\MU","Tr14_test2.png","7","606108","C:/Users/Public/Experiments/SM01/05-WMC/MU/MU_results/MUsbj006.csv","test","0","5","6","605030","606109"
"MU.osexp","C:\Users\Public\Experiments\SM01\05-WMC\MU","Tr14_test3.png","3","607940","C:/Users/Public/Experiments/SM01/05-WMC/MU/MU_results/MUsbj006.csv","test","0","5","6","607209","607941"
"MU.osexp","C:\Users\Public\Experiments\SM01\05-WMC\MU","Tr14_test4.png","5","613940","C:/Users/Public/Experiments/SM01/05-WMC/MU/MU_results/MUsbj006.csv","test","0","5","6","609054","613941"
"MU.osexp","C:\Users\Public\Experiments\SM01\05-WMC\MU","Tr14_test5.png","8","615404","C:/Users/Public/Experiments/SM01/05-WMC/MU/MU_results/MUsbj006.csv","test","0","5","6","615027","615405"
"MU.osexp","C:\Users\Public\Experiments\SM01\05-WMC\MU","wait.png","8","615404","C:/Users/Public/Experiments/SM01/05-WMC/MU/MU_results/MUsbj006.csv","wait","5000","4","6","616522","615405"
"MU.osexp","C:\Users\Public\Experiments\SM01\05-WMC\MU","fixation.png","8","615404","C:/Users/Public/Experiments/SM01/05-WMC/MU/MU_results/MUsbj006.csv","fix","1500","4","6","621633","615405"
"MU.osexp","C:\Users\Public\Experiments\SM01\05-WMC\MU","Tr15_study1.png","8","615404","C:/Users/Public/Experiments/SM01/05-WMC/MU/MU_results/MUsbj006.csv","study","1000","4","6","623242","624244"
"MU.osexp","C:\Users\Public\Experiments\SM01\05-WMC\MU","Tr15_study2.png","8","615404","C:/Users/Public/Experiments/SM01/05-WMC/MU/MU_results/MUsbj006.csv","study","1000","4","6","624614","625616"
"MU.osexp","C:\Users\Public\Experiments\SM01\05-WMC\MU","Tr15_study3.png","8","615404","C:/Users/Public/Experiments/SM01/05-WMC/MU/MU_results/MUsbj006.csv","study","1000","4","6","625970","626972"
"MU.osexp","C:\Users\Public\Experiments\SM01\05-WMC\MU","Tr15_study4.png","8","615404","C:/Users/Public/Experiments/SM01/05-WMC/MU/MU_results/MUsbj006.csv","study","1000","4","6","627330","628332"
"MU.osexp","C:\Users\Public\Experiments\SM01\05-WMC\MU","Tr15_update1.png","8","615404","C:/Users/Public/Experiments/SM01/05-WMC/MU/MU_results/MUsbj006.csv","update","1300","4","6","628694","629996"
"MU.osexp","C:\Users\Public\Experiments\SM01\05-WMC\MU","Tr15_update2.png","8","615404","C:/Users/Public/Experiments/SM01/05-WMC/MU/MU_results/MUsbj006.csv","update","1300","4","6","630338","631640"
"MU.osexp","C:\Users\Public\Experiments\SM01\05-WMC\MU","Tr15_update3.png","8","615404","C:/Users/Public/Experiments/SM01/05-WMC/MU/MU_results/MUsbj006.csv","update","1300","4","6","631994","633295"
"MU.osexp","C:\Users\Public\Experiments\SM01\05-WMC\MU","Tr15_update4.png","8","615404","C:/Users/Public/Experiments/SM01/05-WMC/MU/MU_results/MUsbj006.csv","update","1300","4","6","633647","634949"
"MU.osexp","C:\Users\Public\Experiments\SM01\05-WMC\MU","Tr15_update5.png","8","615404","C:/Users/Public/Experiments/SM01/05-WMC/MU/MU_results/MUsbj006.csv","update","1300","4","6","635297","636598"
"MU.osexp","C:\Users\Public\Experiments\SM01\05-WMC\MU","Tr15_update6.png","8","615404","C:/Users/Public/Experiments/SM01/05-WMC/MU/MU_results/MUsbj006.csv","update","1300","4","6","636954","638256"
"MU.osexp","C:\Users\Public\Experiments\SM01\05-WMC\MU","Tr15_test1.png","3","640876","C:/Users/Public/Experiments/SM01/05-WMC/MU/MU_results/MUsbj006.csv","test","0","4","6","638623","640877"
"MU.osexp","C:\Users\Public\Experiments\SM01\05-WMC\MU","Tr15_test2.png","9","643484","C:/Users/Public/Experiments/SM01/05-WMC/MU/MU_results/MUsbj006.csv","test","0","4","6","641985","643485"
"MU.osexp","C:\Users\Public\Experiments\SM01\05-WMC\MU","Tr15_test3.png","1","645508","C:/Users/Public/Experiments/SM01/05-WMC/MU/MU_results/MUsbj006.csv","test","0","4","6","644594","645509"
"MU.osexp","C:\Users\Public\Experiments\SM01\05-WMC\MU","Tr15_test4.png","9","646820","C:/Users/Public/Experiments/SM01/05-WMC/MU/MU_results/MUsbj006.csv","test","0","4","6","646610","646821"
"MU.osexp","C:\Users\Public\Experiments\SM01\05-WMC\MU","wait.png","9","646820","C:/Users/Public/Experiments/SM01/05-WMC/MU/MU_results/MUsbj006.csv","wait","5000","4","6","647934","646821"
"MU.osexp","C:\Users\Public\Experiments\SM01\05-WMC\MU","fixation.png","9","646820","C:/Users/Public/Experiments/SM01/05-WMC/MU/MU_results/MUsbj006.csv","fix","1500","4","6","653029","646821"
"MU.osexp","C:\Users\Public\Experiments\SM01\05-WMC\MU","Tr16_study1.png","9","646820","C:/Users/Public/Experiments/SM01/05-WMC/MU/MU_results/MUsbj006.csv","study","1000","4","6","654644","655646"
"MU.osexp","C:\Users\Public\Experiments\SM01\05-WMC\MU","Tr16_study2.png","9","646820","C:/Users/Public/Experiments/SM01/05-WMC/MU/MU_results/MUsbj006.csv","study","1000","4","6","655996","656998"
"MU.osexp","C:\Users\Public\Experiments\SM01\05-WMC\MU","Tr16_study3.png","9","646820","C:/Users/Public/Experiments/SM01/05-WMC/MU/MU_results/MUsbj006.csv","study","1000","4","6","657349","658351"
"MU.osexp","C:\Users\Public\Experiments\SM01\05-WMC\MU","Tr16_study4.png","9","646820","C:/Users/Public/Experiments/SM01/05-WMC/MU/MU_results/MUsbj006.csv","study","1000","4","6","658700","659702"
"MU.osexp","C:\Users\Public\Experiments\SM01\05-WMC\MU","Tr16_update1.png","9","646820","C:/Users/Public/Experiments/SM01/05-WMC/MU/MU_results/MUsbj006.csv","update","1300","4","6","660072","661374"
"MU.osexp","C:\Users\Public\Experiments\SM01\05-WMC\MU","Tr16_update2.png","9","646820","C:/Users/Public/Experiments/SM01/05-WMC/MU/MU_results/MUsbj006.csv","update","1300","4","6","661734","663036"
"MU.osexp","C:\Users\Public\Experiments\SM01\05-WMC\MU","Tr16_test1.png","8","667636","C:/Users/Public/Experiments/SM01/05-WMC/MU/MU_results/MUsbj006.csv","test","0","4","6","663395","667637"
"MU.osexp","C:\Users\Public\Experiments\SM01\05-WMC\MU","Tr16_test2.png","7","670092","C:/Users/Public/Experiments/SM01/05-WMC/MU/MU_results/MUsbj006.csv","test","0","4","6","668744","670093"
"MU.osexp","C:\Users\Public\Experiments\SM01\05-WMC\MU","Tr16_test3.png","2","672004","C:/Users/Public/Experiments/SM01/05-WMC/MU/MU_results/MUsbj006.csv","test","0","4","6","671292","672005"
"MU.osexp","C:\Users\Public\Experiments\SM01\05-WMC\MU","Tr16_test4.png","6","673948","C:/Users/Public/Experiments/SM01/05-WMC/MU/MU_results/MUsbj006.csv","test","0","4","6","673123","673949"
"MU.osexp","C:\Users\Public\Experiments\SM01\05-WMC\MU","wait.png","6","673948","C:/Users/Public/Experiments/SM01/05-WMC/MU/MU_results/MUsbj006.csv","wait","5000","5","6","675054","673949"
"MU.osexp","C:\Users\Public\Experiments\SM01\05-WMC\MU","fixation.png","6","673948","C:/Users/Public/Experiments/SM01/05-WMC/MU/MU_results/MUsbj006.csv","fix","1500","5","6","680175","673949"
"MU.osexp","C:\Users\Public\Experiments\SM01\05-WMC\MU","Tr17_study1.png","6","673948","C:/Users/Public/Experiments/SM01/05-WMC/MU/MU_results/MUsbj006.csv","study","1000","5","6","681852","682854"
"MU.osexp","C:\Users\Public\Experiments\SM01\05-WMC\MU","Tr17_study2.png","6","673948","C:/Users/Public/Experiments/SM01/05-WMC/MU/MU_results/MUsbj006.csv","study","1000","5","6","683183","684185"
"MU.osexp","C:\Users\Public\Experiments\SM01\05-WMC\MU","Tr17_study3.png","6","673948","C:/Users/Public/Experiments/SM01/05-WMC/MU/MU_results/MUsbj006.csv","study","1000","5","6","684534","685536"
"MU.osexp","C:\Users\Public\Experiments\SM01\05-WMC\MU","Tr17_study4.png","6","673948","C:/Users/Public/Experiments/SM01/05-WMC/MU/MU_results/MUsbj006.csv","study","1000","5","6","685886","686888"
"MU.osexp","C:\Users\Public\Experiments\SM01\05-WMC\MU","Tr17_study5.png","6","673948","C:/Users/Public/Experiments/SM01/05-WMC/MU/MU_results/MUsbj006.csv","study","1000","5","6","687252","688254"
"MU.osexp","C:\Users\Public\Experiments\SM01\05-WMC\MU","Tr17_update1.png","6","673948","C:/Users/Public/Experiments/SM01/05-WMC/MU/MU_results/MUsbj006.csv","update","1300","5","6","688584","689886"
"MU.osexp","C:\Users\Public\Experiments\SM01\05-WMC\MU","Tr17_update2.png","6","673948","C:/Users/Public/Experiments/SM01/05-WMC/MU/MU_results/MUsbj006.csv","update","1300","5","6","690253","691555"
"MU.osexp","C:\Users\Public\Experiments\SM01\05-WMC\MU","Tr17_update3.png","6","673948","C:/Users/Public/Experiments/SM01/05-WMC/MU/MU_results/MUsbj006.csv","update","1300","5","6","691917","693219"
"MU.osexp","C:\Users\Public\Experiments\SM01\05-WMC\MU","Tr17_update4.png","6","673948","C:/Users/Public/Experiments/SM01/05-WMC/MU/MU_results/MUsbj006.csv","update","1300","5","6","693570","694872"
"MU.osexp","C:\Users\Public\Experiments\SM01\05-WMC\MU","Tr17_update5.png","6","673948","C:/Users/Public/Experiments/SM01/05-WMC/MU/MU_results/MUsbj006.csv","update","1300","5","6","695213","696516"
"MU.osexp","C:\Users\Public\Experiments\SM01\05-WMC\MU","Tr17_update6.png","6","673948","C:/Users/Public/Experiments/SM01/05-WMC/MU/MU_results/MUsbj006.csv","update","1300","5","6","696876","698178"
"MU.osexp","C:\Users\Public\Experiments\SM01\05-WMC\MU","Tr17_test1.png","4","701180","C:/Users/Public/Experiments/SM01/05-WMC/MU/MU_results/MUsbj006.csv","test","0","5","6","698519","701181"
"MU.osexp","C:\Users\Public\Experiments\SM01\05-WMC\MU","Tr17_test2.png","1","706316","C:/Users/Public/Experiments/SM01/05-WMC/MU/MU_results/MUsbj006.csv","test","0","5","6","702341","706317"
"MU.osexp","C:\Users\Public\Experiments\SM01\05-WMC\MU","Tr17_test3.png","8","708876","C:/Users/Public/Experiments/SM01/05-WMC/MU/MU_results/MUsbj006.csv","test","0","5","6","707537","708877"
"MU.osexp","C:\Users\Public\Experiments\SM01\05-WMC\MU","Tr17_test4.png","6","710621","C:/Users/Public/Experiments/SM01/05-WMC/MU/MU_results/MUsbj006.csv","test","0","5","6","709970","710621"
"MU.osexp","C:\Users\Public\Experiments\SM01\05-WMC\MU","Tr17_test5.png","9","711996","C:/Users/Public/Experiments/SM01/05-WMC/MU/MU_results/MUsbj006.csv","test","0","5","6","711736","711997"
