"experiment_file","experiment_path","image","key","key_time","logfile","phase","playtime","setSize","subject_nr","timestamp","waittime"
"MU.osexp","C:\Users\Public\Experiments\IDs\05-WMC\MU","ready1.png","NA","NA","C:/Users/Public/Experiments/IDs/05-WMC/MU/MU_SM01_results/MUsbj050.csv","pre","0","3","0","89759","NA"
"MU.osexp","C:\Users\Public\Experiments\IDs\05-WMC\MU","fixation.png","NA","NA","C:/Users/Public/Experiments/IDs/05-WMC/MU/MU_SM01_results/MUsbj050.csv","fix","1500","3","0","92625","NA"
"MU.osexp","C:\Users\Public\Experiments\IDs\05-WMC\MU","Tr1_study1.png","NA","NA","C:/Users/Public/Experiments/IDs/05-WMC/MU/MU_SM01_results/MUsbj050.csv","study","1000","3","0","94236","95238"
"MU.osexp","C:\Users\Public\Experiments\IDs\05-WMC\MU","Tr1_study2.png","NA","NA","C:/Users/Public/Experiments/IDs/05-WMC/MU/MU_SM01_results/MUsbj050.csv","study","1000","3","0","95602","96604"
"MU.osexp","C:\Users\Public\Experiments\IDs\05-WMC\MU","Tr1_study3.png","NA","NA","C:/Users/Public/Experiments/IDs/05-WMC/MU/MU_SM01_results/MUsbj050.csv","study","1000","3","0","96951","97953"
"MU.osexp","C:\Users\Public\Experiments\IDs\05-WMC\MU","Tr1_update1.png","NA","NA","C:/Users/Public/Experiments/IDs/05-WMC/MU/MU_SM01_results/MUsbj050.csv","update","1300","3","0","98291","99593"
"MU.osexp","C:\Users\Public\Experiments\IDs\05-WMC\MU","Tr1_update2.png","NA","NA","C:/Users/Public/Experiments/IDs/05-WMC/MU/MU_SM01_results/MUsbj050.csv","update","1300","3","0","99957","101259"
"MU.osexp","C:\Users\Public\Experiments\IDs\05-WMC\MU","Tr1_update3.png","NA","NA","C:/Users/Public/Experiments/IDs/05-WMC/MU/MU_SM01_results/MUsbj050.csv","update","1300","3","0","101622","102924"
"MU.osexp","C:\Users\Public\Experiments\IDs\05-WMC\MU","Tr1_test1.png","1","107316","C:/Users/Public/Experiments/IDs/05-WMC/MU/MU_SM01_results/MUsbj050.csv","test","0","3","0","103289","107317"
"MU.osexp","C:\Users\Public\Experiments\IDs\05-WMC\MU","Tr1_test2.png","8","114563","C:/Users/Public/Experiments/IDs/05-WMC/MU/MU_SM01_results/MUsbj050.csv","test","0","3","0","108431","114564"
"MU.osexp","C:\Users\Public\Experiments\IDs\05-WMC\MU","Tr1_test3.png","9","117172","C:/Users/Public/Experiments/IDs/05-WMC/MU/MU_SM01_results/MUsbj050.csv","test","0","3","0","115661","117173"
"MU.osexp","C:\Users\Public\Experiments\IDs\05-WMC\MU","wait.png","9","117172","C:/Users/Public/Experiments/IDs/05-WMC/MU/MU_SM01_results/MUsbj050.csv","wait","5000","3","0","118263","117173"
"MU.osexp","C:\Users\Public\Experiments\IDs\05-WMC\MU","fixation.png","9","117172","C:/Users/Public/Experiments/IDs/05-WMC/MU/MU_SM01_results/MUsbj050.csv","fix","1500","3","0","123358","117173"
"MU.osexp","C:\Users\Public\Experiments\IDs\05-WMC\MU","Tr2_study1.png","9","117172","C:/Users/Public/Experiments/IDs/05-WMC/MU/MU_SM01_results/MUsbj050.csv","study","1000","3","0","124974","125976"
"MU.osexp","C:\Users\Public\Experiments\IDs\05-WMC\MU","Tr2_study2.png","9","117172","C:/Users/Public/Experiments/IDs/05-WMC/MU/MU_SM01_results/MUsbj050.csv","study","1000","3","0","126327","127329"
"MU.osexp","C:\Users\Public\Experiments\IDs\05-WMC\MU","Tr2_study3.png","9","117172","C:/Users/Public/Experiments/IDs/05-WMC/MU/MU_SM01_results/MUsbj050.csv","study","1000","3","0","127709","128711"
"MU.osexp","C:\Users\Public\Experiments\IDs\05-WMC\MU","Tr2_update1.png","9","117172","C:/Users/Public/Experiments/IDs/05-WMC/MU/MU_SM01_results/MUsbj050.csv","update","1300","3","0","129061","130363"
"MU.osexp","C:\Users\Public\Experiments\IDs\05-WMC\MU","Tr2_update2.png","9","117172","C:/Users/Public/Experiments/IDs/05-WMC/MU/MU_SM01_results/MUsbj050.csv","update","1300","3","0","130729","132031"
"MU.osexp","C:\Users\Public\Experiments\IDs\05-WMC\MU","Tr2_update3.png","9","117172","C:/Users/Public/Experiments/IDs/05-WMC/MU/MU_SM01_results/MUsbj050.csv","update","1300","3","0","132385","133687"
"MU.osexp","C:\Users\Public\Experiments\IDs\05-WMC\MU","Tr2_test1.png","4","136324","C:/Users/Public/Experiments/IDs/05-WMC/MU/MU_SM01_results/MUsbj050.csv","test","0","3","0","134064","136325"
"MU.osexp","C:\Users\Public\Experiments\IDs\05-WMC\MU","Tr2_test2.png","0","138604","C:/Users/Public/Experiments/IDs/05-WMC/MU/MU_SM01_results/MUsbj050.csv","test","0","3","0","137426","138605"
"MU.osexp","C:\Users\Public\Experiments\IDs\05-WMC\MU","Tr2_test3.png","5","142244","C:/Users/Public/Experiments/IDs/05-WMC/MU/MU_SM01_results/MUsbj050.csv","test","0","3","0","139703","142245"
"MU.osexp","C:\Users\Public\Experiments\IDs\05-WMC\MU","ready2.png","5","142244","C:/Users/Public/Experiments/IDs/05-WMC/MU/MU_SM01_results/MUsbj050.csv","pre","0","3","0","148693","142245"
"MU.osexp","C:\Users\Public\Experiments\IDs\05-WMC\MU","fixation.png","5","142244","C:/Users/Public/Experiments/IDs/05-WMC/MU/MU_SM01_results/MUsbj050.csv","fix","1500","3","0","151257","142245"
"MU.osexp","C:\Users\Public\Experiments\IDs\05-WMC\MU","Tr3_study1.png","5","142244","C:/Users/Public/Experiments/IDs/05-WMC/MU/MU_SM01_results/MUsbj050.csv","study","1000","3","0","152859","153861"
"MU.osexp","C:\Users\Public\Experiments\IDs\05-WMC\MU","Tr3_study2.png","5","142244","C:/Users/Public/Experiments/IDs/05-WMC/MU/MU_SM01_results/MUsbj050.csv","study","1000","3","0","154226","155228"
"MU.osexp","C:\Users\Public\Experiments\IDs\05-WMC\MU","Tr3_study3.png","5","142244","C:/Users/Public/Experiments/IDs/05-WMC/MU/MU_SM01_results/MUsbj050.csv","study","1000","3","0","155578","156580"
"MU.osexp","C:\Users\Public\Experiments\IDs\05-WMC\MU","Tr3_update1.png","5","142244","C:/Users/Public/Experiments/IDs/05-WMC/MU/MU_SM01_results/MUsbj050.csv","update","1300","3","0","156948","158250"
"MU.osexp","C:\Users\Public\Experiments\IDs\05-WMC\MU","Tr3_update2.png","5","142244","C:/Users/Public/Experiments/IDs/05-WMC/MU/MU_SM01_results/MUsbj050.csv","update","1300","3","0","158597","159899"
"MU.osexp","C:\Users\Public\Experiments\IDs\05-WMC\MU","Tr3_update3.png","5","142244","C:/Users/Public/Experiments/IDs/05-WMC/MU/MU_SM01_results/MUsbj050.csv","update","1300","3","0","160271","161573"
"MU.osexp","C:\Users\Public\Experiments\IDs\05-WMC\MU","Tr3_test1.png","9","166380","C:/Users/Public/Experiments/IDs/05-WMC/MU/MU_SM01_results/MUsbj050.csv","test","0","3","0","161914","166380"
"MU.osexp","C:\Users\Public\Experiments\IDs\05-WMC\MU","Tr3_test2.png","4","170348","C:/Users/Public/Experiments/IDs/05-WMC/MU/MU_SM01_results/MUsbj050.csv","test","0","3","0","167460","170349"
"MU.osexp","C:\Users\Public\Experiments\IDs\05-WMC\MU","Tr3_test3.png","9","172524","C:/Users/Public/Experiments/IDs/05-WMC/MU/MU_SM01_results/MUsbj050.csv","test","0","3","0","171454","172525"
"MU.osexp","C:\Users\Public\Experiments\IDs\05-WMC\MU","wait.png","9","172524","C:/Users/Public/Experiments/IDs/05-WMC/MU/MU_SM01_results/MUsbj050.csv","wait","5000","4","0","173670","172525"
"MU.osexp","C:\Users\Public\Experiments\IDs\05-WMC\MU","fixation.png","9","172524","C:/Users/Public/Experiments/IDs/05-WMC/MU/MU_SM01_results/MUsbj050.csv","fix","1500","4","0","178767","172525"
"MU.osexp","C:\Users\Public\Experiments\IDs\05-WMC\MU","Tr4_study1.png","9","172524","C:/Users/Public/Experiments/IDs/05-WMC/MU/MU_SM01_results/MUsbj050.csv","study","1000","4","0","180385","181387"
"MU.osexp","C:\Users\Public\Experiments\IDs\05-WMC\MU","Tr4_study2.png","9","172524","C:/Users/Public/Experiments/IDs/05-WMC/MU/MU_SM01_results/MUsbj050.csv","study","1000","4","0","181723","182725"
"MU.osexp","C:\Users\Public\Experiments\IDs\05-WMC\MU","Tr4_study3.png","9","172524","C:/Users/Public/Experiments/IDs/05-WMC/MU/MU_SM01_results/MUsbj050.csv","study","1000","4","0","183092","184094"
"MU.osexp","C:\Users\Public\Experiments\IDs\05-WMC\MU","Tr4_study4.png","9","172524","C:/Users/Public/Experiments/IDs/05-WMC/MU/MU_SM01_results/MUsbj050.csv","study","1000","4","0","184453","185455"
"MU.osexp","C:\Users\Public\Experiments\IDs\05-WMC\MU","Tr4_update1.png","9","172524","C:/Users/Public/Experiments/IDs/05-WMC/MU/MU_SM01_results/MUsbj050.csv","update","1300","4","0","185804","187106"
"MU.osexp","C:\Users\Public\Experiments\IDs\05-WMC\MU","Tr4_update2.png","9","172524","C:/Users/Public/Experiments/IDs/05-WMC/MU/MU_SM01_results/MUsbj050.csv","update","1300","4","0","187446","188748"
"MU.osexp","C:\Users\Public\Experiments\IDs\05-WMC\MU","Tr4_update3.png","9","172524","C:/Users/Public/Experiments/IDs/05-WMC/MU/MU_SM01_results/MUsbj050.csv","update","1300","4","0","189115","190417"
"MU.osexp","C:\Users\Public\Experiments\IDs\05-WMC\MU","Tr4_update4.png","9","172524","C:/Users/Public/Experiments/IDs/05-WMC/MU/MU_SM01_results/MUsbj050.csv","update","1300","4","0","190784","192087"
"MU.osexp","C:\Users\Public\Experiments\IDs\05-WMC\MU","Tr4_test1.png","1","194236","C:/Users/Public/Experiments/IDs/05-WMC/MU/MU_SM01_results/MUsbj050.csv","test","0","4","0","192445","194237"
"MU.osexp","C:\Users\Public\Experiments\IDs\05-WMC\MU","Tr4_test2.png","3","197116","C:/Users/Public/Experiments/IDs/05-WMC/MU/MU_SM01_results/MUsbj050.csv","test","0","4","0","195332","197117"
"MU.osexp","C:\Users\Public\Experiments\IDs\05-WMC\MU","Tr4_test3.png","6","199412","C:/Users/Public/Experiments/IDs/05-WMC/MU/MU_SM01_results/MUsbj050.csv","test","0","4","0","198207","199413"
"MU.osexp","C:\Users\Public\Experiments\IDs\05-WMC\MU","Tr4_test4.png","6","201915","C:/Users/Public/Experiments/IDs/05-WMC/MU/MU_SM01_results/MUsbj050.csv","test","0","4","0","200527","201916"
"MU.osexp","C:\Users\Public\Experiments\IDs\05-WMC\MU","wait.png","6","201915","C:/Users/Public/Experiments/IDs/05-WMC/MU/MU_SM01_results/MUsbj050.csv","wait","5000","3","0","203015","201916"
"MU.osexp","C:\Users\Public\Experiments\IDs\05-WMC\MU","fixation.png","6","201915","C:/Users/Public/Experiments/IDs/05-WMC/MU/MU_SM01_results/MUsbj050.csv","fix","1500","3","0","208112","201916"
"MU.osexp","C:\Users\Public\Experiments\IDs\05-WMC\MU","Tr5_study1.png","6","201915","C:/Users/Public/Experiments/IDs/05-WMC/MU/MU_SM01_results/MUsbj050.csv","study","1000","3","0","209732","210734"
"MU.osexp","C:\Users\Public\Experiments\IDs\05-WMC\MU","Tr5_study2.png","6","201915","C:/Users/Public/Experiments/IDs/05-WMC/MU/MU_SM01_results/MUsbj050.csv","study","1000","3","0","211086","212088"
"MU.osexp","C:\Users\Public\Experiments\IDs\05-WMC\MU","Tr5_study3.png","6","201915","C:/Users/Public/Experiments/IDs/05-WMC/MU/MU_SM01_results/MUsbj050.csv","study","1000","3","0","212447","213449"
"MU.osexp","C:\Users\Public\Experiments\IDs\05-WMC\MU","Tr5_update1.png","6","201915","C:/Users/Public/Experiments/IDs/05-WMC/MU/MU_SM01_results/MUsbj050.csv","update","1300","3","0","213804","215106"
"MU.osexp","C:\Users\Public\Experiments\IDs\05-WMC\MU","Tr5_update2.png","6","201915","C:/Users/Public/Experiments/IDs/05-WMC/MU/MU_SM01_results/MUsbj050.csv","update","1300","3","0","215437","216739"
"MU.osexp","C:\Users\Public\Experiments\IDs\05-WMC\MU","Tr5_update3.png","6","201915","C:/Users/Public/Experiments/IDs/05-WMC/MU/MU_SM01_results/MUsbj050.csv","update","1300","3","0","217095","218397"
"MU.osexp","C:\Users\Public\Experiments\IDs\05-WMC\MU","Tr5_update4.png","6","201915","C:/Users/Public/Experiments/IDs/05-WMC/MU/MU_SM01_results/MUsbj050.csv","update","1300","3","0","218747","220049"
"MU.osexp","C:\Users\Public\Experiments\IDs\05-WMC\MU","Tr5_update5.png","6","201915","C:/Users/Public/Experiments/IDs/05-WMC/MU/MU_SM01_results/MUsbj050.csv","update","1300","3","0","220425","221727"
"MU.osexp","C:\Users\Public\Experiments\IDs\05-WMC\MU","Tr5_update6.png","6","201915","C:/Users/Public/Experiments/IDs/05-WMC/MU/MU_SM01_results/MUsbj050.csv","update","1300","3","0","222111","223413"
"MU.osexp","C:\Users\Public\Experiments\IDs\05-WMC\MU","Tr5_test1.png","2","226028","C:/Users/Public/Experiments/IDs/05-WMC/MU/MU_SM01_results/MUsbj050.csv","test","0","3","0","223746","226029"
"MU.osexp","C:\Users\Public\Experiments\IDs\05-WMC\MU","Tr5_test2.png","6","228932","C:/Users/Public/Experiments/IDs/05-WMC/MU/MU_SM01_results/MUsbj050.csv","test","0","3","0","227137","228933"
"MU.osexp","C:\Users\Public\Experiments\IDs\05-WMC\MU","Tr5_test3.png","5","231156","C:/Users/Public/Experiments/IDs/05-WMC/MU/MU_SM01_results/MUsbj050.csv","test","0","3","0","230033","231157"
"MU.osexp","C:\Users\Public\Experiments\IDs\05-WMC\MU","wait.png","5","231156","C:/Users/Public/Experiments/IDs/05-WMC/MU/MU_SM01_results/MUsbj050.csv","wait","5000","4","0","232258","231157"
"MU.osexp","C:\Users\Public\Experiments\IDs\05-WMC\MU","fixation.png","5","231156","C:/Users/Public/Experiments/IDs/05-WMC/MU/MU_SM01_results/MUsbj050.csv","fix","1500","4","0","237368","231157"
"MU.osexp","C:\Users\Public\Experiments\IDs\05-WMC\MU","Tr6_study1.png","5","231156","C:/Users/Public/Experiments/IDs/05-WMC/MU/MU_SM01_results/MUsbj050.csv","study","1000","4","0","238963","239965"
"MU.osexp","C:\Users\Public\Experiments\IDs\05-WMC\MU","Tr6_study2.png","5","231156","C:/Users/Public/Experiments/IDs/05-WMC/MU/MU_SM01_results/MUsbj050.csv","study","1000","4","0","240326","241328"
"MU.osexp","C:\Users\Public\Experiments\IDs\05-WMC\MU","Tr6_study3.png","5","231156","C:/Users/Public/Experiments/IDs/05-WMC/MU/MU_SM01_results/MUsbj050.csv","study","1000","4","0","241695","242697"
"MU.osexp","C:\Users\Public\Experiments\IDs\05-WMC\MU","Tr6_study4.png","5","231156","C:/Users/Public/Experiments/IDs/05-WMC/MU/MU_SM01_results/MUsbj050.csv","study","1000","4","0","243089","244091"
"MU.osexp","C:\Users\Public\Experiments\IDs\05-WMC\MU","Tr6_update1.png","5","231156","C:/Users/Public/Experiments/IDs/05-WMC/MU/MU_SM01_results/MUsbj050.csv","update","1300","4","0","244455","245757"
"MU.osexp","C:\Users\Public\Experiments\IDs\05-WMC\MU","Tr6_update2.png","5","231156","C:/Users/Public/Experiments/IDs/05-WMC/MU/MU_SM01_results/MUsbj050.csv","update","1300","4","0","246130","247432"
"MU.osexp","C:\Users\Public\Experiments\IDs\05-WMC\MU","Tr6_update3.png","5","231156","C:/Users/Public/Experiments/IDs/05-WMC/MU/MU_SM01_results/MUsbj050.csv","update","1300","4","0","247781","249083"
"MU.osexp","C:\Users\Public\Experiments\IDs\05-WMC\MU","Tr6_update4.png","5","231156","C:/Users/Public/Experiments/IDs/05-WMC/MU/MU_SM01_results/MUsbj050.csv","update","1300","4","0","249445","250747"
"MU.osexp","C:\Users\Public\Experiments\IDs\05-WMC\MU","Tr6_update5.png","5","231156","C:/Users/Public/Experiments/IDs/05-WMC/MU/MU_SM01_results/MUsbj050.csv","update","1300","4","0","251086","252388"
"MU.osexp","C:\Users\Public\Experiments\IDs\05-WMC\MU","Tr6_test1.png","3","256068","C:/Users/Public/Experiments/IDs/05-WMC/MU/MU_SM01_results/MUsbj050.csv","test","0","4","0","252743","256069"
"MU.osexp","C:\Users\Public\Experiments\IDs\05-WMC\MU","Tr6_test2.png","2","258356","C:/Users/Public/Experiments/IDs/05-WMC/MU/MU_SM01_results/MUsbj050.csv","test","0","4","0","257184","258357"
"MU.osexp","C:\Users\Public\Experiments\IDs\05-WMC\MU","Tr6_test3.png","6","260684","C:/Users/Public/Experiments/IDs/05-WMC/MU/MU_SM01_results/MUsbj050.csv","test","0","4","0","259444","260685"
"MU.osexp","C:\Users\Public\Experiments\IDs\05-WMC\MU","Tr6_test4.png","8","262692","C:/Users/Public/Experiments/IDs/05-WMC/MU/MU_SM01_results/MUsbj050.csv","test","0","4","0","261780","262693"
"MU.osexp","C:\Users\Public\Experiments\IDs\05-WMC\MU","wait.png","8","262692","C:/Users/Public/Experiments/IDs/05-WMC/MU/MU_SM01_results/MUsbj050.csv","wait","5000","5","0","263814","262693"
"MU.osexp","C:\Users\Public\Experiments\IDs\05-WMC\MU","fixation.png","8","262692","C:/Users/Public/Experiments/IDs/05-WMC/MU/MU_SM01_results/MUsbj050.csv","fix","1500","5","0","268917","262693"
"MU.osexp","C:\Users\Public\Experiments\IDs\05-WMC\MU","Tr7_study1.png","8","262692","C:/Users/Public/Experiments/IDs/05-WMC/MU/MU_SM01_results/MUsbj050.csv","study","1000","5","0","270548","271550"
"MU.osexp","C:\Users\Public\Experiments\IDs\05-WMC\MU","Tr7_study2.png","8","262692","C:/Users/Public/Experiments/IDs/05-WMC/MU/MU_SM01_results/MUsbj050.csv","study","1000","5","0","271915","272917"
"MU.osexp","C:\Users\Public\Experiments\IDs\05-WMC\MU","Tr7_study3.png","8","262692","C:/Users/Public/Experiments/IDs/05-WMC/MU/MU_SM01_results/MUsbj050.csv","study","1000","5","0","273261","274263"
"MU.osexp","C:\Users\Public\Experiments\IDs\05-WMC\MU","Tr7_study4.png","8","262692","C:/Users/Public/Experiments/IDs/05-WMC/MU/MU_SM01_results/MUsbj050.csv","study","1000","5","0","274615","275617"
"MU.osexp","C:\Users\Public\Experiments\IDs\05-WMC\MU","Tr7_study5.png","8","262692","C:/Users/Public/Experiments/IDs/05-WMC/MU/MU_SM01_results/MUsbj050.csv","study","1000","5","0","275960","276962"
"MU.osexp","C:\Users\Public\Experiments\IDs\05-WMC\MU","Tr7_update1.png","8","262692","C:/Users/Public/Experiments/IDs/05-WMC/MU/MU_SM01_results/MUsbj050.csv","update","1300","5","0","277335","278638"
"MU.osexp","C:\Users\Public\Experiments\IDs\05-WMC\MU","Tr7_update2.png","8","262692","C:/Users/Public/Experiments/IDs/05-WMC/MU/MU_SM01_results/MUsbj050.csv","update","1300","5","0","279018","280320"
"MU.osexp","C:\Users\Public\Experiments\IDs\05-WMC\MU","Tr7_update3.png","8","262692","C:/Users/Public/Experiments/IDs/05-WMC/MU/MU_SM01_results/MUsbj050.csv","update","1300","5","0","280676","281978"
"MU.osexp","C:\Users\Public\Experiments\IDs\05-WMC\MU","Tr7_update4.png","8","262692","C:/Users/Public/Experiments/IDs/05-WMC/MU/MU_SM01_results/MUsbj050.csv","update","1300","5","0","282346","283648"
"MU.osexp","C:\Users\Public\Experiments\IDs\05-WMC\MU","Tr7_update5.png","8","262692","C:/Users/Public/Experiments/IDs/05-WMC/MU/MU_SM01_results/MUsbj050.csv","update","1300","5","0","284032","285334"
"MU.osexp","C:\Users\Public\Experiments\IDs\05-WMC\MU","Tr7_test1.png","5","287348","C:/Users/Public/Experiments/IDs/05-WMC/MU/MU_SM01_results/MUsbj050.csv","test","0","5","0","285803","287349"
"MU.osexp","C:\Users\Public\Experiments\IDs\05-WMC\MU","Tr7_test2.png","5","289764","C:/Users/Public/Experiments/IDs/05-WMC/MU/MU_SM01_results/MUsbj050.csv","test","0","5","0","288449","289765"
"MU.osexp","C:\Users\Public\Experiments\IDs\05-WMC\MU","Tr7_test3.png","9","292804","C:/Users/Public/Experiments/IDs/05-WMC/MU/MU_SM01_results/MUsbj050.csv","test","0","5","0","290878","292805"
"MU.osexp","C:\Users\Public\Experiments\IDs\05-WMC\MU","Tr7_test4.png","4","294916","C:/Users/Public/Experiments/IDs/05-WMC/MU/MU_SM01_results/MUsbj050.csv","test","0","5","0","293918","294917"
"MU.osexp","C:\Users\Public\Experiments\IDs\05-WMC\MU","Tr7_test5.png","1","296700","C:/Users/Public/Experiments/IDs/05-WMC/MU/MU_SM01_results/MUsbj050.csv","test","0","5","0","296035","296701"
"MU.osexp","C:\Users\Public\Experiments\IDs\05-WMC\MU","wait.png","1","296700","C:/Users/Public/Experiments/IDs/05-WMC/MU/MU_SM01_results/MUsbj050.csv","wait","5000","4","0","297811","296701"
"MU.osexp","C:\Users\Public\Experiments\IDs\05-WMC\MU","fixation.png","1","296700","C:/Users/Public/Experiments/IDs/05-WMC/MU/MU_SM01_results/MUsbj050.csv","fix","1500","4","0","302933","296701"
"MU.osexp","C:\Users\Public\Experiments\IDs\05-WMC\MU","Tr8_study1.png","1","296700","C:/Users/Public/Experiments/IDs/05-WMC/MU/MU_SM01_results/MUsbj050.csv","study","1000","4","0","304547","305549"
"MU.osexp","C:\Users\Public\Experiments\IDs\05-WMC\MU","Tr8_study2.png","1","296700","C:/Users/Public/Experiments/IDs/05-WMC/MU/MU_SM01_results/MUsbj050.csv","study","1000","4","0","305892","306893"
"MU.osexp","C:\Users\Public\Experiments\IDs\05-WMC\MU","Tr8_study3.png","1","296700","C:/Users/Public/Experiments/IDs/05-WMC/MU/MU_SM01_results/MUsbj050.csv","study","1000","4","0","307248","308250"
"MU.osexp","C:\Users\Public\Experiments\IDs\05-WMC\MU","Tr8_study4.png","1","296700","C:/Users/Public/Experiments/IDs/05-WMC/MU/MU_SM01_results/MUsbj050.csv","study","1000","4","0","308602","309604"
"MU.osexp","C:\Users\Public\Experiments\IDs\05-WMC\MU","Tr8_update1.png","1","296700","C:/Users/Public/Experiments/IDs/05-WMC/MU/MU_SM01_results/MUsbj050.csv","update","1300","4","0","309954","311256"
"MU.osexp","C:\Users\Public\Experiments\IDs\05-WMC\MU","Tr8_update2.png","1","296700","C:/Users/Public/Experiments/IDs/05-WMC/MU/MU_SM01_results/MUsbj050.csv","update","1300","4","0","311629","312931"
"MU.osexp","C:\Users\Public\Experiments\IDs\05-WMC\MU","Tr8_update3.png","1","296700","C:/Users/Public/Experiments/IDs/05-WMC/MU/MU_SM01_results/MUsbj050.csv","update","1300","4","0","313298","314600"
"MU.osexp","C:\Users\Public\Experiments\IDs\05-WMC\MU","Tr8_test1.png","5","319204","C:/Users/Public/Experiments/IDs/05-WMC/MU/MU_SM01_results/MUsbj050.csv","test","0","4","0","315007","319205"
"MU.osexp","C:\Users\Public\Experiments\IDs\05-WMC\MU","Tr8_test2.png","4","321372","C:/Users/Public/Experiments/IDs/05-WMC/MU/MU_SM01_results/MUsbj050.csv","test","0","4","0","320312","321373"
"MU.osexp","C:\Users\Public\Experiments\IDs\05-WMC\MU","Tr8_test3.png","7","324660","C:/Users/Public/Experiments/IDs/05-WMC/MU/MU_SM01_results/MUsbj050.csv","test","0","4","0","322484","324661"
"MU.osexp","C:\Users\Public\Experiments\IDs\05-WMC\MU","Tr8_test4.png","2","326124","C:/Users/Public/Experiments/IDs/05-WMC/MU/MU_SM01_results/MUsbj050.csv","test","0","4","0","325772","326125"
"MU.osexp","C:\Users\Public\Experiments\IDs\05-WMC\MU","wait.png","2","326124","C:/Users/Public/Experiments/IDs/05-WMC/MU/MU_SM01_results/MUsbj050.csv","wait","5000","5","0","327239","326125"
"MU.osexp","C:\Users\Public\Experiments\IDs\05-WMC\MU","fixation.png","2","326124","C:/Users/Public/Experiments/IDs/05-WMC/MU/MU_SM01_results/MUsbj050.csv","fix","1500","5","0","332362","326125"
"MU.osexp","C:\Users\Public\Experiments\IDs\05-WMC\MU","Tr9_study1.png","2","326124","C:/Users/Public/Experiments/IDs/05-WMC/MU/MU_SM01_results/MUsbj050.csv","study","1000","5","0","333990","334993"
"MU.osexp","C:\Users\Public\Experiments\IDs\05-WMC\MU","Tr9_study2.png","2","326124","C:/Users/Public/Experiments/IDs/05-WMC/MU/MU_SM01_results/MUsbj050.csv","study","1000","5","0","335356","336358"
"MU.osexp","C:\Users\Public\Experiments\IDs\05-WMC\MU","Tr9_study3.png","2","326124","C:/Users/Public/Experiments/IDs/05-WMC/MU/MU_SM01_results/MUsbj050.csv","study","1000","5","0","336715","337717"
"MU.osexp","C:\Users\Public\Experiments\IDs\05-WMC\MU","Tr9_study4.png","2","326124","C:/Users/Public/Experiments/IDs/05-WMC/MU/MU_SM01_results/MUsbj050.csv","study","1000","5","0","338058","339060"
"MU.osexp","C:\Users\Public\Experiments\IDs\05-WMC\MU","Tr9_study5.png","2","326124","C:/Users/Public/Experiments/IDs/05-WMC/MU/MU_SM01_results/MUsbj050.csv","study","1000","5","0","339426","340429"
"MU.osexp","C:\Users\Public\Experiments\IDs\05-WMC\MU","Tr9_update1.png","2","326124","C:/Users/Public/Experiments/IDs/05-WMC/MU/MU_SM01_results/MUsbj050.csv","update","1300","5","0","340779","342081"
"MU.osexp","C:\Users\Public\Experiments\IDs\05-WMC\MU","Tr9_update2.png","2","326124","C:/Users/Public/Experiments/IDs/05-WMC/MU/MU_SM01_results/MUsbj050.csv","update","1300","5","0","342439","343741"
"MU.osexp","C:\Users\Public\Experiments\IDs\05-WMC\MU","Tr9_test1.png","4","346116","C:/Users/Public/Experiments/IDs/05-WMC/MU/MU_SM01_results/MUsbj050.csv","test","0","5","0","344101","346117"
"MU.osexp","C:\Users\Public\Experiments\IDs\05-WMC\MU","Tr9_test2.png","6","350180","C:/Users/Public/Experiments/IDs/05-WMC/MU/MU_SM01_results/MUsbj050.csv","test","0","5","0","347236","350181"
"MU.osexp","C:\Users\Public\Experiments\IDs\05-WMC\MU","Tr9_test3.png","4","353068","C:/Users/Public/Experiments/IDs/05-WMC/MU/MU_SM01_results/MUsbj050.csv","test","0","5","0","351384","353069"
"MU.osexp","C:\Users\Public\Experiments\IDs\05-WMC\MU","Tr9_test4.png","6","355580","C:/Users/Public/Experiments/IDs/05-WMC/MU/MU_SM01_results/MUsbj050.csv","test","0","5","0","354194","355581"
"MU.osexp","C:\Users\Public\Experiments\IDs\05-WMC\MU","Tr9_test5.png","1","357124","C:/Users/Public/Experiments/IDs/05-WMC/MU/MU_SM01_results/MUsbj050.csv","test","0","5","0","356723","357125"
"MU.osexp","C:\Users\Public\Experiments\IDs\05-WMC\MU","wait.png","1","357124","C:/Users/Public/Experiments/IDs/05-WMC/MU/MU_SM01_results/MUsbj050.csv","wait","5000","3","0","358231","357125"
"MU.osexp","C:\Users\Public\Experiments\IDs\05-WMC\MU","fixation.png","1","357124","C:/Users/Public/Experiments/IDs/05-WMC/MU/MU_SM01_results/MUsbj050.csv","fix","1500","3","0","363353","357125"
"MU.osexp","C:\Users\Public\Experiments\IDs\05-WMC\MU","Tr10_study1.png","1","357124","C:/Users/Public/Experiments/IDs/05-WMC/MU/MU_SM01_results/MUsbj050.csv","study","1000","3","0","364953","365955"
"MU.osexp","C:\Users\Public\Experiments\IDs\05-WMC\MU","Tr10_study2.png","1","357124","C:/Users/Public/Experiments/IDs/05-WMC/MU/MU_SM01_results/MUsbj050.csv","study","1000","3","0","366311","367313"
"MU.osexp","C:\Users\Public\Experiments\IDs\05-WMC\MU","Tr10_study3.png","1","357124","C:/Users/Public/Experiments/IDs/05-WMC/MU/MU_SM01_results/MUsbj050.csv","study","1000","3","0","367794","368796"
"MU.osexp","C:\Users\Public\Experiments\IDs\05-WMC\MU","Tr10_update1.png","1","357124","C:/Users/Public/Experiments/IDs/05-WMC/MU/MU_SM01_results/MUsbj050.csv","update","1300","3","0","369126","370428"
"MU.osexp","C:\Users\Public\Experiments\IDs\05-WMC\MU","Tr10_update2.png","1","357124","C:/Users/Public/Experiments/IDs/05-WMC/MU/MU_SM01_results/MUsbj050.csv","update","1300","3","0","370797","372099"
"MU.osexp","C:\Users\Public\Experiments\IDs\05-WMC\MU","Tr10_test1.png","5","374284","C:/Users/Public/Experiments/IDs/05-WMC/MU/MU_SM01_results/MUsbj050.csv","test","0","3","0","372446","374285"
"MU.osexp","C:\Users\Public\Experiments\IDs\05-WMC\MU","Tr10_test2.png","2","376876","C:/Users/Public/Experiments/IDs/05-WMC/MU/MU_SM01_results/MUsbj050.csv","test","0","3","0","375386","376877"
"MU.osexp","C:\Users\Public\Experiments\IDs\05-WMC\MU","Tr10_test3.png","5","378461","C:/Users/Public/Experiments/IDs/05-WMC/MU/MU_SM01_results/MUsbj050.csv","test","0","3","0","377995","378461"
"MU.osexp","C:\Users\Public\Experiments\IDs\05-WMC\MU","wait.png","5","378461","C:/Users/Public/Experiments/IDs/05-WMC/MU/MU_SM01_results/MUsbj050.csv","wait","5000","5","0","379686","378461"
"MU.osexp","C:\Users\Public\Experiments\IDs\05-WMC\MU","fixation.png","5","378461","C:/Users/Public/Experiments/IDs/05-WMC/MU/MU_SM01_results/MUsbj050.csv","fix","1500","5","0","384804","378461"
"MU.osexp","C:\Users\Public\Experiments\IDs\05-WMC\MU","Tr11_study1.png","5","378461","C:/Users/Public/Experiments/IDs/05-WMC/MU/MU_SM01_results/MUsbj050.csv","study","1000","5","0","386419","387421"
"MU.osexp","C:\Users\Public\Experiments\IDs\05-WMC\MU","Tr11_study2.png","5","378461","C:/Users/Public/Experiments/IDs/05-WMC/MU/MU_SM01_results/MUsbj050.csv","study","1000","5","0","387777","388779"
"MU.osexp","C:\Users\Public\Experiments\IDs\05-WMC\MU","Tr11_study3.png","5","378461","C:/Users/Public/Experiments/IDs/05-WMC/MU/MU_SM01_results/MUsbj050.csv","study","1000","5","0","389125","390127"
"MU.osexp","C:\Users\Public\Experiments\IDs\05-WMC\MU","Tr11_study4.png","5","378461","C:/Users/Public/Experiments/IDs/05-WMC/MU/MU_SM01_results/MUsbj050.csv","study","1000","5","0","390463","391465"
"MU.osexp","C:\Users\Public\Experiments\IDs\05-WMC\MU","Tr11_study5.png","5","378461","C:/Users/Public/Experiments/IDs/05-WMC/MU/MU_SM01_results/MUsbj050.csv","study","1000","5","0","391827","392829"
"MU.osexp","C:\Users\Public\Experiments\IDs\05-WMC\MU","Tr11_update1.png","5","378461","C:/Users/Public/Experiments/IDs/05-WMC/MU/MU_SM01_results/MUsbj050.csv","update","1300","5","0","393156","394458"
"MU.osexp","C:\Users\Public\Experiments\IDs\05-WMC\MU","Tr11_update2.png","5","378461","C:/Users/Public/Experiments/IDs/05-WMC/MU/MU_SM01_results/MUsbj050.csv","update","1300","5","0","394841","396143"
"MU.osexp","C:\Users\Public\Experiments\IDs\05-WMC\MU","Tr11_update3.png","5","378461","C:/Users/Public/Experiments/IDs/05-WMC/MU/MU_SM01_results/MUsbj050.csv","update","1300","5","0","396524","397826"
"MU.osexp","C:\Users\Public\Experiments\IDs\05-WMC\MU","Tr11_test1.png","6","399612","C:/Users/Public/Experiments/IDs/05-WMC/MU/MU_SM01_results/MUsbj050.csv","test","0","5","0","398179","399613"
"MU.osexp","C:\Users\Public\Experiments\IDs\05-WMC\MU","Tr11_test2.png","4","401764","C:/Users/Public/Experiments/IDs/05-WMC/MU/MU_SM01_results/MUsbj050.csv","test","0","5","0","400711","401765"
"MU.osexp","C:\Users\Public\Experiments\IDs\05-WMC\MU","Tr11_test3.png","5","405116","C:/Users/Public/Experiments/IDs/05-WMC/MU/MU_SM01_results/MUsbj050.csv","test","0","5","0","402888","405117"
"MU.osexp","C:\Users\Public\Experiments\IDs\05-WMC\MU","Tr11_test4.png","3","407652","C:/Users/Public/Experiments/IDs/05-WMC/MU/MU_SM01_results/MUsbj050.csv","test","0","5","0","406227","407653"
"MU.osexp","C:\Users\Public\Experiments\IDs\05-WMC\MU","Tr11_test5.png","1","409444","C:/Users/Public/Experiments/IDs/05-WMC/MU/MU_SM01_results/MUsbj050.csv","test","0","5","0","408795","409445"
"MU.osexp","C:\Users\Public\Experiments\IDs\05-WMC\MU","wait.png","1","409444","C:/Users/Public/Experiments/IDs/05-WMC/MU/MU_SM01_results/MUsbj050.csv","wait","5000","3","0","410544","409445"
"MU.osexp","C:\Users\Public\Experiments\IDs\05-WMC\MU","fixation.png","1","409444","C:/Users/Public/Experiments/IDs/05-WMC/MU/MU_SM01_results/MUsbj050.csv","fix","1500","3","0","415650","409445"
"MU.osexp","C:\Users\Public\Experiments\IDs\05-WMC\MU","Tr12_study1.png","1","409444","C:/Users/Public/Experiments/IDs/05-WMC/MU/MU_SM01_results/MUsbj050.csv","study","1000","3","0","417378","418380"
"MU.osexp","C:\Users\Public\Experiments\IDs\05-WMC\MU","Tr12_study2.png","1","409444","C:/Users/Public/Experiments/IDs/05-WMC/MU/MU_SM01_results/MUsbj050.csv","study","1000","3","0","418737","419739"
"MU.osexp","C:\Users\Public\Experiments\IDs\05-WMC\MU","Tr12_study3.png","1","409444","C:/Users/Public/Experiments/IDs/05-WMC/MU/MU_SM01_results/MUsbj050.csv","study","1000","3","0","420113","421115"
"MU.osexp","C:\Users\Public\Experiments\IDs\05-WMC\MU","Tr12_update1.png","1","409444","C:/Users/Public/Experiments/IDs/05-WMC/MU/MU_SM01_results/MUsbj050.csv","update","1300","3","0","421488","422790"
"MU.osexp","C:\Users\Public\Experiments\IDs\05-WMC\MU","Tr12_update2.png","1","409444","C:/Users/Public/Experiments/IDs/05-WMC/MU/MU_SM01_results/MUsbj050.csv","update","1300","3","0","423123","424425"
"MU.osexp","C:\Users\Public\Experiments\IDs\05-WMC\MU","Tr12_update3.png","1","409444","C:/Users/Public/Experiments/IDs/05-WMC/MU/MU_SM01_results/MUsbj050.csv","update","1300","3","0","424763","426065"
"MU.osexp","C:\Users\Public\Experiments\IDs\05-WMC\MU","Tr12_update4.png","1","409444","C:/Users/Public/Experiments/IDs/05-WMC/MU/MU_SM01_results/MUsbj050.csv","update","1300","3","0","426418","427720"
"MU.osexp","C:\Users\Public\Experiments\IDs\05-WMC\MU","Tr12_update5.png","1","409444","C:/Users/Public/Experiments/IDs/05-WMC/MU/MU_SM01_results/MUsbj050.csv","update","1300","3","0","428066","429368"
"MU.osexp","C:\Users\Public\Experiments\IDs\05-WMC\MU","Tr12_test1.png","4","434948","C:/Users/Public/Experiments/IDs/05-WMC/MU/MU_SM01_results/MUsbj050.csv","test","0","3","0","429716","434949"
"MU.osexp","C:\Users\Public\Experiments\IDs\05-WMC\MU","Tr12_test2.png","9","437036","C:/Users/Public/Experiments/IDs/05-WMC/MU/MU_SM01_results/MUsbj050.csv","test","0","3","0","436049","437037"
"MU.osexp","C:\Users\Public\Experiments\IDs\05-WMC\MU","Tr12_test3.png","1","438740","C:/Users/Public/Experiments/IDs/05-WMC/MU/MU_SM01_results/MUsbj050.csv","test","0","3","0","438148","438741"
"MU.osexp","C:\Users\Public\Experiments\IDs\05-WMC\MU","wait.png","1","438740","C:/Users/Public/Experiments/IDs/05-WMC/MU/MU_SM01_results/MUsbj050.csv","wait","5000","3","0","439834","438741"
"MU.osexp","C:\Users\Public\Experiments\IDs\05-WMC\MU","fixation.png","1","438740","C:/Users/Public/Experiments/IDs/05-WMC/MU/MU_SM01_results/MUsbj050.csv","fix","1500","3","0","444947","438741"
"MU.osexp","C:\Users\Public\Experiments\IDs\05-WMC\MU","Tr13_study1.png","1","438740","C:/Users/Public/Experiments/IDs/05-WMC/MU/MU_SM01_results/MUsbj050.csv","study","1000","3","0","446546","447548"
"MU.osexp","C:\Users\Public\Experiments\IDs\05-WMC\MU","Tr13_study2.png","1","438740","C:/Users/Public/Experiments/IDs/05-WMC/MU/MU_SM01_results/MUsbj050.csv","study","1000","3","0","448016","449018"
"MU.osexp","C:\Users\Public\Experiments\IDs\05-WMC\MU","Tr13_study3.png","1","438740","C:/Users/Public/Experiments/IDs/05-WMC/MU/MU_SM01_results/MUsbj050.csv","study","1000","3","0","449368","450370"
"MU.osexp","C:\Users\Public\Experiments\IDs\05-WMC\MU","Tr13_update1.png","1","438740","C:/Users/Public/Experiments/IDs/05-WMC/MU/MU_SM01_results/MUsbj050.csv","update","1300","3","0","450720","452022"
"MU.osexp","C:\Users\Public\Experiments\IDs\05-WMC\MU","Tr13_update2.png","1","438740","C:/Users/Public/Experiments/IDs/05-WMC/MU/MU_SM01_results/MUsbj050.csv","update","1300","3","0","452395","453697"
"MU.osexp","C:\Users\Public\Experiments\IDs\05-WMC\MU","Tr13_update3.png","1","438740","C:/Users/Public/Experiments/IDs/05-WMC/MU/MU_SM01_results/MUsbj050.csv","update","1300","3","0","454049","455350"
"MU.osexp","C:\Users\Public\Experiments\IDs\05-WMC\MU","Tr13_update4.png","1","438740","C:/Users/Public/Experiments/IDs/05-WMC/MU/MU_SM01_results/MUsbj050.csv","update","1300","3","0","455712","457014"
"MU.osexp","C:\Users\Public\Experiments\IDs\05-WMC\MU","Tr13_test1.png","3","459588","C:/Users/Public/Experiments/IDs/05-WMC/MU/MU_SM01_results/MUsbj050.csv","test","0","3","0","457367","459589"
"MU.osexp","C:\Users\Public\Experiments\IDs\05-WMC\MU","Tr13_test2.png","1","461580","C:/Users/Public/Experiments/IDs/05-WMC/MU/MU_SM01_results/MUsbj050.csv","test","0","3","0","460698","461581"
"MU.osexp","C:\Users\Public\Experiments\IDs\05-WMC\MU","Tr13_test3.png","5","463412","C:/Users/Public/Experiments/IDs/05-WMC/MU/MU_SM01_results/MUsbj050.csv","test","0","3","0","462683","463413"
"MU.osexp","C:\Users\Public\Experiments\IDs\05-WMC\MU","wait.png","5","463412","C:/Users/Public/Experiments/IDs/05-WMC/MU/MU_SM01_results/MUsbj050.csv","wait","5000","5","0","464518","463413"
"MU.osexp","C:\Users\Public\Experiments\IDs\05-WMC\MU","fixation.png","5","463412","C:/Users/Public/Experiments/IDs/05-WMC/MU/MU_SM01_results/MUsbj050.csv","fix","1500","5","0","469635","463413"
"MU.osexp","C:\Users\Public\Experiments\IDs\05-WMC\MU","Tr14_study1.png","5","463412","C:/Users/Public/Experiments/IDs/05-WMC/MU/MU_SM01_results/MUsbj050.csv","study","1000","5","0","471241","472243"
"MU.osexp","C:\Users\Public\Experiments\IDs\05-WMC\MU","Tr14_study2.png","5","463412","C:/Users/Public/Experiments/IDs/05-WMC/MU/MU_SM01_results/MUsbj050.csv","study","1000","5","0","472605","473607"
"MU.osexp","C:\Users\Public\Experiments\IDs\05-WMC\MU","Tr14_study3.png","5","463412","C:/Users/Public/Experiments/IDs/05-WMC/MU/MU_SM01_results/MUsbj050.csv","study","1000","5","0","473985","474987"
"MU.osexp","C:\Users\Public\Experiments\IDs\05-WMC\MU","Tr14_study4.png","5","463412","C:/Users/Public/Experiments/IDs/05-WMC/MU/MU_SM01_results/MUsbj050.csv","study","1000","5","0","475332","476334"
"MU.osexp","C:\Users\Public\Experiments\IDs\05-WMC\MU","Tr14_study5.png","5","463412","C:/Users/Public/Experiments/IDs/05-WMC/MU/MU_SM01_results/MUsbj050.csv","study","1000","5","0","476672","477674"
"MU.osexp","C:\Users\Public\Experiments\IDs\05-WMC\MU","Tr14_update1.png","5","463412","C:/Users/Public/Experiments/IDs/05-WMC/MU/MU_SM01_results/MUsbj050.csv","update","1300","5","0","478045","479347"
"MU.osexp","C:\Users\Public\Experiments\IDs\05-WMC\MU","Tr14_update2.png","5","463412","C:/Users/Public/Experiments/IDs/05-WMC/MU/MU_SM01_results/MUsbj050.csv","update","1300","5","0","479689","480992"
"MU.osexp","C:\Users\Public\Experiments\IDs\05-WMC\MU","Tr14_update3.png","5","463412","C:/Users/Public/Experiments/IDs/05-WMC/MU/MU_SM01_results/MUsbj050.csv","update","1300","5","0","481351","482653"
"MU.osexp","C:\Users\Public\Experiments\IDs\05-WMC\MU","Tr14_update4.png","5","463412","C:/Users/Public/Experiments/IDs/05-WMC/MU/MU_SM01_results/MUsbj050.csv","update","1300","5","0","483024","484326"
"MU.osexp","C:\Users\Public\Experiments\IDs\05-WMC\MU","Tr14_test1.png","7","486428","C:/Users/Public/Experiments/IDs/05-WMC/MU/MU_SM01_results/MUsbj050.csv","test","0","5","0","484677","486429"
"MU.osexp","C:\Users\Public\Experiments\IDs\05-WMC\MU","Tr14_test2.png","1","488484","C:/Users/Public/Experiments/IDs/05-WMC/MU/MU_SM01_results/MUsbj050.csv","test","0","5","0","487546","488485"
"MU.osexp","C:\Users\Public\Experiments\IDs\05-WMC\MU","Tr14_test3.png","2","491380","C:/Users/Public/Experiments/IDs/05-WMC/MU/MU_SM01_results/MUsbj050.csv","test","0","5","0","489598","491381"
"MU.osexp","C:\Users\Public\Experiments\IDs\05-WMC\MU","Tr14_test4.png","5","494356","C:/Users/Public/Experiments/IDs/05-WMC/MU/MU_SM01_results/MUsbj050.csv","test","0","5","0","492489","494357"
"MU.osexp","C:\Users\Public\Experiments\IDs\05-WMC\MU","Tr14_test5.png","8","495788","C:/Users/Public/Experiments/IDs/05-WMC/MU/MU_SM01_results/MUsbj050.csv","test","0","5","0","495451","495789"
"MU.osexp","C:\Users\Public\Experiments\IDs\05-WMC\MU","wait.png","8","495788","C:/Users/Public/Experiments/IDs/05-WMC/MU/MU_SM01_results/MUsbj050.csv","wait","5000","4","0","496891","495789"
"MU.osexp","C:\Users\Public\Experiments\IDs\05-WMC\MU","fixation.png","8","495788","C:/Users/Public/Experiments/IDs/05-WMC/MU/MU_SM01_results/MUsbj050.csv","fix","1500","4","0","502015","495789"
"MU.osexp","C:\Users\Public\Experiments\IDs\05-WMC\MU","Tr15_study1.png","8","495788","C:/Users/Public/Experiments/IDs/05-WMC/MU/MU_SM01_results/MUsbj050.csv","study","1000","4","0","503634","504636"
"MU.osexp","C:\Users\Public\Experiments\IDs\05-WMC\MU","Tr15_study2.png","8","495788","C:/Users/Public/Experiments/IDs/05-WMC/MU/MU_SM01_results/MUsbj050.csv","study","1000","4","0","505032","506034"
"MU.osexp","C:\Users\Public\Experiments\IDs\05-WMC\MU","Tr15_study3.png","8","495788","C:/Users/Public/Experiments/IDs/05-WMC/MU/MU_SM01_results/MUsbj050.csv","study","1000","4","0","506397","507399"
"MU.osexp","C:\Users\Public\Experiments\IDs\05-WMC\MU","Tr15_study4.png","8","495788","C:/Users/Public/Experiments/IDs/05-WMC/MU/MU_SM01_results/MUsbj050.csv","study","1000","4","0","507759","508761"
"MU.osexp","C:\Users\Public\Experiments\IDs\05-WMC\MU","Tr15_update1.png","8","495788","C:/Users/Public/Experiments/IDs/05-WMC/MU/MU_SM01_results/MUsbj050.csv","update","1300","4","0","509135","510437"
"MU.osexp","C:\Users\Public\Experiments\IDs\05-WMC\MU","Tr15_update2.png","8","495788","C:/Users/Public/Experiments/IDs/05-WMC/MU/MU_SM01_results/MUsbj050.csv","update","1300","4","0","510803","512105"
"MU.osexp","C:\Users\Public\Experiments\IDs\05-WMC\MU","Tr15_update3.png","8","495788","C:/Users/Public/Experiments/IDs/05-WMC/MU/MU_SM01_results/MUsbj050.csv","update","1300","4","0","512462","513764"
"MU.osexp","C:\Users\Public\Experiments\IDs\05-WMC\MU","Tr15_update4.png","8","495788","C:/Users/Public/Experiments/IDs/05-WMC/MU/MU_SM01_results/MUsbj050.csv","update","1300","4","0","514108","515410"
"MU.osexp","C:\Users\Public\Experiments\IDs\05-WMC\MU","Tr15_update5.png","8","495788","C:/Users/Public/Experiments/IDs/05-WMC/MU/MU_SM01_results/MUsbj050.csv","update","1300","4","0","515758","517060"
"MU.osexp","C:\Users\Public\Experiments\IDs\05-WMC\MU","Tr15_update6.png","8","495788","C:/Users/Public/Experiments/IDs/05-WMC/MU/MU_SM01_results/MUsbj050.csv","update","1300","4","0","517433","518735"
"MU.osexp","C:\Users\Public\Experiments\IDs\05-WMC\MU","Tr15_test1.png","9","520605","C:/Users/Public/Experiments/IDs/05-WMC/MU/MU_SM01_results/MUsbj050.csv","test","0","4","0","519098","520606"
"MU.osexp","C:\Users\Public\Experiments\IDs\05-WMC\MU","Tr15_test2.png","7","523724","C:/Users/Public/Experiments/IDs/05-WMC/MU/MU_SM01_results/MUsbj050.csv","test","0","4","0","521725","523725"
"MU.osexp","C:\Users\Public\Experiments\IDs\05-WMC\MU","Tr15_test3.png","8","526404","C:/Users/Public/Experiments/IDs/05-WMC/MU/MU_SM01_results/MUsbj050.csv","test","0","4","0","524818","526405"
"MU.osexp","C:\Users\Public\Experiments\IDs\05-WMC\MU","Tr15_test4.png","9","527852","C:/Users/Public/Experiments/IDs/05-WMC/MU/MU_SM01_results/MUsbj050.csv","test","0","4","0","527517","527853"
"MU.osexp","C:\Users\Public\Experiments\IDs\05-WMC\MU","wait.png","9","527852","C:/Users/Public/Experiments/IDs/05-WMC/MU/MU_SM01_results/MUsbj050.csv","wait","5000","4","0","528965","527853"
"MU.osexp","C:\Users\Public\Experiments\IDs\05-WMC\MU","fixation.png","9","527852","C:/Users/Public/Experiments/IDs/05-WMC/MU/MU_SM01_results/MUsbj050.csv","fix","1500","4","0","534083","527853"
"MU.osexp","C:\Users\Public\Experiments\IDs\05-WMC\MU","Tr16_study1.png","9","527852","C:/Users/Public/Experiments/IDs/05-WMC/MU/MU_SM01_results/MUsbj050.csv","study","1000","4","0","535704","536706"
"MU.osexp","C:\Users\Public\Experiments\IDs\05-WMC\MU","Tr16_study2.png","9","527852","C:/Users/Public/Experiments/IDs/05-WMC/MU/MU_SM01_results/MUsbj050.csv","study","1000","4","0","537063","538065"
"MU.osexp","C:\Users\Public\Experiments\IDs\05-WMC\MU","Tr16_study3.png","9","527852","C:/Users/Public/Experiments/IDs/05-WMC/MU/MU_SM01_results/MUsbj050.csv","study","1000","4","0","538435","539437"
"MU.osexp","C:\Users\Public\Experiments\IDs\05-WMC\MU","Tr16_study4.png","9","527852","C:/Users/Public/Experiments/IDs/05-WMC/MU/MU_SM01_results/MUsbj050.csv","study","1000","4","0","539814","540816"
"MU.osexp","C:\Users\Public\Experiments\IDs\05-WMC\MU","Tr16_update1.png","9","527852","C:/Users/Public/Experiments/IDs/05-WMC/MU/MU_SM01_results/MUsbj050.csv","update","1300","4","0","541180","542482"
"MU.osexp","C:\Users\Public\Experiments\IDs\05-WMC\MU","Tr16_update2.png","9","527852","C:/Users/Public/Experiments/IDs/05-WMC/MU/MU_SM01_results/MUsbj050.csv","update","1300","4","0","542840","544142"
"MU.osexp","C:\Users\Public\Experiments\IDs\05-WMC\MU","Tr16_test1.png","2","552653","C:/Users/Public/Experiments/IDs/05-WMC/MU/MU_SM01_results/MUsbj050.csv","test","0","4","0","544516","552654"
"MU.osexp","C:\Users\Public\Experiments\IDs\05-WMC\MU","Tr16_test2.png","2","554077","C:/Users/Public/Experiments/IDs/05-WMC/MU/MU_SM01_results/MUsbj050.csv","test","0","4","0","553768","554078"
"MU.osexp","C:\Users\Public\Experiments\IDs\05-WMC\MU","Tr16_test3.png","2","555445","C:/Users/Public/Experiments/IDs/05-WMC/MU/MU_SM01_results/MUsbj050.csv","test","0","4","0","555176","555446"
"MU.osexp","C:\Users\Public\Experiments\IDs\05-WMC\MU","Tr16_test4.png","2","556828","C:/Users/Public/Experiments/IDs/05-WMC/MU/MU_SM01_results/MUsbj050.csv","test","0","4","0","556576","556829"
"MU.osexp","C:\Users\Public\Experiments\IDs\05-WMC\MU","wait.png","2","556828","C:/Users/Public/Experiments/IDs/05-WMC/MU/MU_SM01_results/MUsbj050.csv","wait","5000","5","0","557941","556829"
"MU.osexp","C:\Users\Public\Experiments\IDs\05-WMC\MU","fixation.png","2","556828","C:/Users/Public/Experiments/IDs/05-WMC/MU/MU_SM01_results/MUsbj050.csv","fix","1500","5","0","563040","556829"
"MU.osexp","C:\Users\Public\Experiments\IDs\05-WMC\MU","Tr17_study1.png","2","556828","C:/Users/Public/Experiments/IDs/05-WMC/MU/MU_SM01_results/MUsbj050.csv","study","1000","5","0","564656","565658"
"MU.osexp","C:\Users\Public\Experiments\IDs\05-WMC\MU","Tr17_study2.png","2","556828","C:/Users/Public/Experiments/IDs/05-WMC/MU/MU_SM01_results/MUsbj050.csv","study","1000","5","0","566033","567035"
"MU.osexp","C:\Users\Public\Experiments\IDs\05-WMC\MU","Tr17_study3.png","2","556828","C:/Users/Public/Experiments/IDs/05-WMC/MU/MU_SM01_results/MUsbj050.csv","study","1000","5","0","567413","568415"
"MU.osexp","C:\Users\Public\Experiments\IDs\05-WMC\MU","Tr17_study4.png","2","556828","C:/Users/Public/Experiments/IDs/05-WMC/MU/MU_SM01_results/MUsbj050.csv","study","1000","5","0","568793","569795"
"MU.osexp","C:\Users\Public\Experiments\IDs\05-WMC\MU","Tr17_study5.png","2","556828","C:/Users/Public/Experiments/IDs/05-WMC/MU/MU_SM01_results/MUsbj050.csv","study","1000","5","0","570150","571152"
"MU.osexp","C:\Users\Public\Experiments\IDs\05-WMC\MU","Tr17_update1.png","2","556828","C:/Users/Public/Experiments/IDs/05-WMC/MU/MU_SM01_results/MUsbj050.csv","update","1300","5","0","571528","572830"
"MU.osexp","C:\Users\Public\Experiments\IDs\05-WMC\MU","Tr17_update2.png","2","556828","C:/Users/Public/Experiments/IDs/05-WMC/MU/MU_SM01_results/MUsbj050.csv","update","1300","5","0","573182","574484"
"MU.osexp","C:\Users\Public\Experiments\IDs\05-WMC\MU","Tr17_update3.png","2","556828","C:/Users/Public/Experiments/IDs/05-WMC/MU/MU_SM01_results/MUsbj050.csv","update","1300","5","0","574832","576134"
"MU.osexp","C:\Users\Public\Experiments\IDs\05-WMC\MU","Tr17_update4.png","2","556828","C:/Users/Public/Experiments/IDs/05-WMC/MU/MU_SM01_results/MUsbj050.csv","update","1300","5","0","576505","577807"
"MU.osexp","C:\Users\Public\Experiments\IDs\05-WMC\MU","Tr17_update5.png","2","556828","C:/Users/Public/Experiments/IDs/05-WMC/MU/MU_SM01_results/MUsbj050.csv","update","1300","5","0","578158","579460"
"MU.osexp","C:\Users\Public\Experiments\IDs\05-WMC\MU","Tr17_update6.png","2","556828","C:/Users/Public/Experiments/IDs/05-WMC/MU/MU_SM01_results/MUsbj050.csv","update","1300","5","0","579845","581147"
"MU.osexp","C:\Users\Public\Experiments\IDs\05-WMC\MU","Tr17_test1.png","2","582980","C:/Users/Public/Experiments/IDs/05-WMC/MU/MU_SM01_results/MUsbj050.csv","test","0","5","0","581514","582981"
"MU.osexp","C:\Users\Public\Experiments\IDs\05-WMC\MU","Tr17_test2.png","2","584668","C:/Users/Public/Experiments/IDs/05-WMC/MU/MU_SM01_results/MUsbj050.csv","test","0","5","0","584098","584669"
"MU.osexp","C:\Users\Public\Experiments\IDs\05-WMC\MU","Tr17_test3.png","2","586204","C:/Users/Public/Experiments/IDs/05-WMC/MU/MU_SM01_results/MUsbj050.csv","test","0","5","0","585792","586205"
"MU.osexp","C:\Users\Public\Experiments\IDs\05-WMC\MU","Tr17_test4.png","1","588653","C:/Users/Public/Experiments/IDs/05-WMC/MU/MU_SM01_results/MUsbj050.csv","test","0","5","0","587298","588654"
"MU.osexp","C:\Users\Public\Experiments\IDs\05-WMC\MU","Tr17_test5.png","7","590981","C:/Users/Public/Experiments/IDs/05-WMC/MU/MU_SM01_results/MUsbj050.csv","test","0","5","0","589767","590981"
