"experiment_file","experiment_path","image","key","key_time","logfile","phase","playtime","setSize","subject_nr","timestamp","waittime"
"MU.osexp","C:\Users\Public\Experiments\IDs\05-WMC\MU","ready1.png","NA","NA","C:/Users/Public/Experiments/IDs/05-WMC/MU/MUsbj083.csv","pre","0","3","83","52519","NA"
"MU.osexp","C:\Users\Public\Experiments\IDs\05-WMC\MU","fixation.png","NA","NA","C:/Users/Public/Experiments/IDs/05-WMC/MU/MUsbj083.csv","fix","1500","3","83","54176","NA"
"MU.osexp","C:\Users\Public\Experiments\IDs\05-WMC\MU","Tr1_study1.png","NA","NA","C:/Users/Public/Experiments/IDs/05-WMC/MU/MUsbj083.csv","study","1000","3","83","55779","56779"
"MU.osexp","C:\Users\Public\Experiments\IDs\05-WMC\MU","Tr1_study2.png","NA","NA","C:/Users/Public/Experiments/IDs/05-WMC/MU/MUsbj083.csv","study","1000","3","83","57139","58140"
"MU.osexp","C:\Users\Public\Experiments\IDs\05-WMC\MU","Tr1_study3.png","NA","NA","C:/Users/Public/Experiments/IDs/05-WMC/MU/MUsbj083.csv","study","1000","3","83","58548","59550"
"MU.osexp","C:\Users\Public\Experiments\IDs\05-WMC\MU","Tr1_update1.png","NA","NA","C:/Users/Public/Experiments/IDs/05-WMC/MU/MUsbj083.csv","update","1300","3","83","59869","61171"
"MU.osexp","C:\Users\Public\Experiments\IDs\05-WMC\MU","Tr1_update2.png","NA","NA","C:/Users/Public/Experiments/IDs/05-WMC/MU/MUsbj083.csv","update","1300","3","83","61523","62825"
"MU.osexp","C:\Users\Public\Experiments\IDs\05-WMC\MU","Tr1_update3.png","NA","NA","C:/Users/Public/Experiments/IDs/05-WMC/MU/MUsbj083.csv","update","1300","3","83","63160","64460"
"MU.osexp","C:\Users\Public\Experiments\IDs\05-WMC\MU","Tr1_test1.png","7","69763","C:/Users/Public/Experiments/IDs/05-WMC/MU/MUsbj083.csv","test","0","3","83","64792","69764"
"MU.osexp","C:\Users\Public\Experiments\IDs\05-WMC\MU","Tr1_test2.png","5","72946","C:/Users/Public/Experiments/IDs/05-WMC/MU/MUsbj083.csv","test","0","3","83","70861","72947"
"MU.osexp","C:\Users\Public\Experiments\IDs\05-WMC\MU","Tr1_test3.png","2","75339","C:/Users/Public/Experiments/IDs/05-WMC/MU/MUsbj083.csv","test","0","3","83","74038","75340"
"MU.osexp","C:\Users\Public\Experiments\IDs\05-WMC\MU","wait.png","2","75339","C:/Users/Public/Experiments/IDs/05-WMC/MU/MUsbj083.csv","wait","5000","3","83","76584","75340"
"MU.osexp","C:\Users\Public\Experiments\IDs\05-WMC\MU","fixation.png","2","75339","C:/Users/Public/Experiments/IDs/05-WMC/MU/MUsbj083.csv","fix","1500","3","83","81670","75340"
"MU.osexp","C:\Users\Public\Experiments\IDs\05-WMC\MU","Tr2_study1.png","2","75339","C:/Users/Public/Experiments/IDs/05-WMC/MU/MUsbj083.csv","study","1000","3","83","83250","84251"
"MU.osexp","C:\Users\Public\Experiments\IDs\05-WMC\MU","Tr2_study2.png","2","75339","C:/Users/Public/Experiments/IDs/05-WMC/MU/MUsbj083.csv","study","1000","3","83","84580","85582"
"MU.osexp","C:\Users\Public\Experiments\IDs\05-WMC\MU","Tr2_study3.png","2","75339","C:/Users/Public/Experiments/IDs/05-WMC/MU/MUsbj083.csv","study","1000","3","83","86005","87005"
"MU.osexp","C:\Users\Public\Experiments\IDs\05-WMC\MU","Tr2_update1.png","2","75339","C:/Users/Public/Experiments/IDs/05-WMC/MU/MUsbj083.csv","update","1300","3","83","87336","88638"
"MU.osexp","C:\Users\Public\Experiments\IDs\05-WMC\MU","Tr2_update2.png","2","75339","C:/Users/Public/Experiments/IDs/05-WMC/MU/MUsbj083.csv","update","1300","3","83","89075","90376"
"MU.osexp","C:\Users\Public\Experiments\IDs\05-WMC\MU","Tr2_update3.png","2","75339","C:/Users/Public/Experiments/IDs/05-WMC/MU/MUsbj083.csv","update","1300","3","83","90698","91998"
"MU.osexp","C:\Users\Public\Experiments\IDs\05-WMC\MU","Tr2_test1.png","4","96187","C:/Users/Public/Experiments/IDs/05-WMC/MU/MUsbj083.csv","test","0","3","83","92334","96188"
"MU.osexp","C:\Users\Public\Experiments\IDs\05-WMC\MU","Tr2_test2.png","8","100563","C:/Users/Public/Experiments/IDs/05-WMC/MU/MUsbj083.csv","test","0","3","83","97287","100564"
"MU.osexp","C:\Users\Public\Experiments\IDs\05-WMC\MU","Tr2_test3.png","0","105755","C:/Users/Public/Experiments/IDs/05-WMC/MU/MUsbj083.csv","test","0","3","83","101661","105756"
"MU.osexp","C:\Users\Public\Experiments\IDs\05-WMC\MU","ready2.png","0","105755","C:/Users/Public/Experiments/IDs/05-WMC/MU/MUsbj083.csv","pre","0","3","83","111854","105756"
"MU.osexp","C:\Users\Public\Experiments\IDs\05-WMC\MU","fixation.png","0","105755","C:/Users/Public/Experiments/IDs/05-WMC/MU/MUsbj083.csv","fix","1500","3","83","113380","105756"
"MU.osexp","C:\Users\Public\Experiments\IDs\05-WMC\MU","Tr3_study1.png","0","105755","C:/Users/Public/Experiments/IDs/05-WMC/MU/MUsbj083.csv","study","1000","3","83","114968","115968"
"MU.osexp","C:\Users\Public\Experiments\IDs\05-WMC\MU","Tr3_study2.png","0","105755","C:/Users/Public/Experiments/IDs/05-WMC/MU/MUsbj083.csv","study","1000","3","83","116291","117291"
"MU.osexp","C:\Users\Public\Experiments\IDs\05-WMC\MU","Tr3_study3.png","0","105755","C:/Users/Public/Experiments/IDs/05-WMC/MU/MUsbj083.csv","study","1000","3","83","117703","118703"
"MU.osexp","C:\Users\Public\Experiments\IDs\05-WMC\MU","Tr3_update1.png","0","105755","C:/Users/Public/Experiments/IDs/05-WMC/MU/MUsbj083.csv","update","1300","3","83","119033","120335"
"MU.osexp","C:\Users\Public\Experiments\IDs\05-WMC\MU","Tr3_update2.png","0","105755","C:/Users/Public/Experiments/IDs/05-WMC/MU/MUsbj083.csv","update","1300","3","83","120675","121976"
"MU.osexp","C:\Users\Public\Experiments\IDs\05-WMC\MU","Tr3_update3.png","0","105755","C:/Users/Public/Experiments/IDs/05-WMC/MU/MUsbj083.csv","update","1300","3","83","122316","123616"
"MU.osexp","C:\Users\Public\Experiments\IDs\05-WMC\MU","Tr3_test1.png","9","127923","C:/Users/Public/Experiments/IDs/05-WMC/MU/MUsbj083.csv","test","0","3","83","123967","127924"
"MU.osexp","C:\Users\Public\Experiments\IDs\05-WMC\MU","Tr3_test2.png","7","129867","C:/Users/Public/Experiments/IDs/05-WMC/MU/MUsbj083.csv","test","0","3","83","129000","129868"
"MU.osexp","C:\Users\Public\Experiments\IDs\05-WMC\MU","Tr3_test3.png","7","131139","C:/Users/Public/Experiments/IDs/05-WMC/MU/MUsbj083.csv","test","0","3","83","130960","131140"
"MU.osexp","C:\Users\Public\Experiments\IDs\05-WMC\MU","wait.png","7","131139","C:/Users/Public/Experiments/IDs/05-WMC/MU/MUsbj083.csv","wait","5000","4","83","132221","131140"
"MU.osexp","C:\Users\Public\Experiments\IDs\05-WMC\MU","fixation.png","7","131139","C:/Users/Public/Experiments/IDs/05-WMC/MU/MUsbj083.csv","fix","1500","4","83","137314","131140"
"MU.osexp","C:\Users\Public\Experiments\IDs\05-WMC\MU","Tr4_study1.png","7","131139","C:/Users/Public/Experiments/IDs/05-WMC/MU/MUsbj083.csv","study","1000","4","83","138894","139895"
"MU.osexp","C:\Users\Public\Experiments\IDs\05-WMC\MU","Tr4_study2.png","7","131139","C:/Users/Public/Experiments/IDs/05-WMC/MU/MUsbj083.csv","study","1000","4","83","140285","141285"
"MU.osexp","C:\Users\Public\Experiments\IDs\05-WMC\MU","Tr4_study3.png","7","131139","C:/Users/Public/Experiments/IDs/05-WMC/MU/MUsbj083.csv","study","1000","4","83","141618","142618"
"MU.osexp","C:\Users\Public\Experiments\IDs\05-WMC\MU","Tr4_study4.png","7","131139","C:/Users/Public/Experiments/IDs/05-WMC/MU/MUsbj083.csv","study","1000","4","83","142952","143952"
"MU.osexp","C:\Users\Public\Experiments\IDs\05-WMC\MU","Tr4_update1.png","7","131139","C:/Users/Public/Experiments/IDs/05-WMC/MU/MUsbj083.csv","update","1300","4","83","144302","145604"
"MU.osexp","C:\Users\Public\Experiments\IDs\05-WMC\MU","Tr4_update2.png","7","131139","C:/Users/Public/Experiments/IDs/05-WMC/MU/MUsbj083.csv","update","1300","4","83","145945","147247"
"MU.osexp","C:\Users\Public\Experiments\IDs\05-WMC\MU","Tr4_update3.png","7","131139","C:/Users/Public/Experiments/IDs/05-WMC/MU/MUsbj083.csv","update","1300","4","83","147596","148896"
"MU.osexp","C:\Users\Public\Experiments\IDs\05-WMC\MU","Tr4_update4.png","7","131139","C:/Users/Public/Experiments/IDs/05-WMC/MU/MUsbj083.csv","update","1300","4","83","149219","150521"
"MU.osexp","C:\Users\Public\Experiments\IDs\05-WMC\MU","Tr4_test1.png","1","153179","C:/Users/Public/Experiments/IDs/05-WMC/MU/MUsbj083.csv","test","0","4","83","150854","153180"
"MU.osexp","C:\Users\Public\Experiments\IDs\05-WMC\MU","Tr4_test2.png","7","156291","C:/Users/Public/Experiments/IDs/05-WMC/MU/MUsbj083.csv","test","0","4","83","154272","156292"
"MU.osexp","C:\Users\Public\Experiments\IDs\05-WMC\MU","Tr4_test3.png","2","158947","C:/Users/Public/Experiments/IDs/05-WMC/MU/MUsbj083.csv","test","0","4","83","157370","158947"
"MU.osexp","C:\Users\Public\Experiments\IDs\05-WMC\MU","Tr4_test4.png","6","161587","C:/Users/Public/Experiments/IDs/05-WMC/MU/MUsbj083.csv","test","0","4","83","160032","161588"
"MU.osexp","C:\Users\Public\Experiments\IDs\05-WMC\MU","wait.png","6","161587","C:/Users/Public/Experiments/IDs/05-WMC/MU/MUsbj083.csv","wait","5000","3","83","162798","161588"
"MU.osexp","C:\Users\Public\Experiments\IDs\05-WMC\MU","fixation.png","6","161587","C:/Users/Public/Experiments/IDs/05-WMC/MU/MUsbj083.csv","fix","1500","3","83","167891","161588"
"MU.osexp","C:\Users\Public\Experiments\IDs\05-WMC\MU","Tr5_study1.png","6","161587","C:/Users/Public/Experiments/IDs/05-WMC/MU/MUsbj083.csv","study","1000","3","83","169496","170497"
"MU.osexp","C:\Users\Public\Experiments\IDs\05-WMC\MU","Tr5_study2.png","6","161587","C:/Users/Public/Experiments/IDs/05-WMC/MU/MUsbj083.csv","study","1000","3","83","170896","171897"
"MU.osexp","C:\Users\Public\Experiments\IDs\05-WMC\MU","Tr5_study3.png","6","161587","C:/Users/Public/Experiments/IDs/05-WMC/MU/MUsbj083.csv","study","1000","3","83","172241","173242"
"MU.osexp","C:\Users\Public\Experiments\IDs\05-WMC\MU","Tr5_update1.png","6","161587","C:/Users/Public/Experiments/IDs/05-WMC/MU/MUsbj083.csv","update","1300","3","83","173578","174880"
"MU.osexp","C:\Users\Public\Experiments\IDs\05-WMC\MU","Tr5_update2.png","6","161587","C:/Users/Public/Experiments/IDs/05-WMC/MU/MUsbj083.csv","update","1300","3","83","175224","176526"
"MU.osexp","C:\Users\Public\Experiments\IDs\05-WMC\MU","Tr5_update3.png","6","161587","C:/Users/Public/Experiments/IDs/05-WMC/MU/MUsbj083.csv","update","1300","3","83","176863","178163"
"MU.osexp","C:\Users\Public\Experiments\IDs\05-WMC\MU","Tr5_update4.png","6","161587","C:/Users/Public/Experiments/IDs/05-WMC/MU/MUsbj083.csv","update","1300","3","83","178521","179823"
"MU.osexp","C:\Users\Public\Experiments\IDs\05-WMC\MU","Tr5_update5.png","6","161587","C:/Users/Public/Experiments/IDs/05-WMC/MU/MUsbj083.csv","update","1300","3","83","180188","181489"
"MU.osexp","C:\Users\Public\Experiments\IDs\05-WMC\MU","Tr5_update6.png","6","161587","C:/Users/Public/Experiments/IDs/05-WMC/MU/MUsbj083.csv","update","1300","3","83","181821","183123"
"MU.osexp","C:\Users\Public\Experiments\IDs\05-WMC\MU","Tr5_test1.png","2","188043","C:/Users/Public/Experiments/IDs/05-WMC/MU/MUsbj083.csv","test","0","3","83","183471","188044"
"MU.osexp","C:\Users\Public\Experiments\IDs\05-WMC\MU","Tr5_test2.png","3","191811","C:/Users/Public/Experiments/IDs/05-WMC/MU/MUsbj083.csv","test","0","3","83","189139","191812"
"MU.osexp","C:\Users\Public\Experiments\IDs\05-WMC\MU","Tr5_test3.png","1","194499","C:/Users/Public/Experiments/IDs/05-WMC/MU/MUsbj083.csv","test","0","3","83","192905","194499"
"MU.osexp","C:\Users\Public\Experiments\IDs\05-WMC\MU","wait.png","1","194499","C:/Users/Public/Experiments/IDs/05-WMC/MU/MUsbj083.csv","wait","5000","4","83","195603","194499"
"MU.osexp","C:\Users\Public\Experiments\IDs\05-WMC\MU","fixation.png","1","194499","C:/Users/Public/Experiments/IDs/05-WMC/MU/MUsbj083.csv","fix","1500","4","83","200701","194499"
"MU.osexp","C:\Users\Public\Experiments\IDs\05-WMC\MU","Tr6_study1.png","1","194499","C:/Users/Public/Experiments/IDs/05-WMC/MU/MUsbj083.csv","study","1000","4","83","202308","203308"
"MU.osexp","C:\Users\Public\Experiments\IDs\05-WMC\MU","Tr6_study2.png","1","194499","C:/Users/Public/Experiments/IDs/05-WMC/MU/MUsbj083.csv","study","1000","4","83","203680","204680"
"MU.osexp","C:\Users\Public\Experiments\IDs\05-WMC\MU","Tr6_study3.png","1","194499","C:/Users/Public/Experiments/IDs/05-WMC/MU/MUsbj083.csv","study","1000","4","83","205018","206019"
"MU.osexp","C:\Users\Public\Experiments\IDs\05-WMC\MU","Tr6_study4.png","1","194499","C:/Users/Public/Experiments/IDs/05-WMC/MU/MUsbj083.csv","study","1000","4","83","206347","207348"
"MU.osexp","C:\Users\Public\Experiments\IDs\05-WMC\MU","Tr6_update1.png","1","194499","C:/Users/Public/Experiments/IDs/05-WMC/MU/MUsbj083.csv","update","1300","4","83","207703","209005"
"MU.osexp","C:\Users\Public\Experiments\IDs\05-WMC\MU","Tr6_update2.png","1","194499","C:/Users/Public/Experiments/IDs/05-WMC/MU/MUsbj083.csv","update","1300","4","83","209370","210671"
"MU.osexp","C:\Users\Public\Experiments\IDs\05-WMC\MU","Tr6_update3.png","1","194499","C:/Users/Public/Experiments/IDs/05-WMC/MU/MUsbj083.csv","update","1300","4","83","211001","212301"
"MU.osexp","C:\Users\Public\Experiments\IDs\05-WMC\MU","Tr6_update4.png","1","194499","C:/Users/Public/Experiments/IDs/05-WMC/MU/MUsbj083.csv","update","1300","4","83","212646","213948"
"MU.osexp","C:\Users\Public\Experiments\IDs\05-WMC\MU","Tr6_update5.png","1","194499","C:/Users/Public/Experiments/IDs/05-WMC/MU/MUsbj083.csv","update","1300","4","83","214420","215722"
"MU.osexp","C:\Users\Public\Experiments\IDs\05-WMC\MU","Tr6_test1.png","6","219435","C:/Users/Public/Experiments/IDs/05-WMC/MU/MUsbj083.csv","test","0","4","83","216064","219436"
"MU.osexp","C:\Users\Public\Experiments\IDs\05-WMC\MU","Tr6_test2.png","2","224763","C:/Users/Public/Experiments/IDs/05-WMC/MU/MUsbj083.csv","test","0","4","83","220545","224764"
"MU.osexp","C:\Users\Public\Experiments\IDs\05-WMC\MU","Tr6_test3.png","9","227699","C:/Users/Public/Experiments/IDs/05-WMC/MU/MUsbj083.csv","test","0","4","83","225850","227700"
"MU.osexp","C:\Users\Public\Experiments\IDs\05-WMC\MU","Tr6_test4.png","2","229827","C:/Users/Public/Experiments/IDs/05-WMC/MU/MUsbj083.csv","test","0","4","83","228779","229827"
"MU.osexp","C:\Users\Public\Experiments\IDs\05-WMC\MU","wait.png","2","229827","C:/Users/Public/Experiments/IDs/05-WMC/MU/MUsbj083.csv","wait","5000","5","83","230945","229827"
"MU.osexp","C:\Users\Public\Experiments\IDs\05-WMC\MU","fixation.png","2","229827","C:/Users/Public/Experiments/IDs/05-WMC/MU/MUsbj083.csv","fix","1500","5","83","236039","229827"
"MU.osexp","C:\Users\Public\Experiments\IDs\05-WMC\MU","Tr7_study1.png","2","229827","C:/Users/Public/Experiments/IDs/05-WMC/MU/MUsbj083.csv","study","1000","5","83","237648","238648"
"MU.osexp","C:\Users\Public\Experiments\IDs\05-WMC\MU","Tr7_study2.png","2","229827","C:/Users/Public/Experiments/IDs/05-WMC/MU/MUsbj083.csv","study","1000","5","83","238988","239988"
"MU.osexp","C:\Users\Public\Experiments\IDs\05-WMC\MU","Tr7_study3.png","2","229827","C:/Users/Public/Experiments/IDs/05-WMC/MU/MUsbj083.csv","study","1000","5","83","240332","241332"
"MU.osexp","C:\Users\Public\Experiments\IDs\05-WMC\MU","Tr7_study4.png","2","229827","C:/Users/Public/Experiments/IDs/05-WMC/MU/MUsbj083.csv","study","1000","5","83","241669","242671"
"MU.osexp","C:\Users\Public\Experiments\IDs\05-WMC\MU","Tr7_study5.png","2","229827","C:/Users/Public/Experiments/IDs/05-WMC/MU/MUsbj083.csv","study","1000","5","83","242997","243997"
"MU.osexp","C:\Users\Public\Experiments\IDs\05-WMC\MU","Tr7_update1.png","2","229827","C:/Users/Public/Experiments/IDs/05-WMC/MU/MUsbj083.csv","update","1300","5","83","244439","245739"
"MU.osexp","C:\Users\Public\Experiments\IDs\05-WMC\MU","Tr7_update2.png","2","229827","C:/Users/Public/Experiments/IDs/05-WMC/MU/MUsbj083.csv","update","1300","5","83","246091","247393"
"MU.osexp","C:\Users\Public\Experiments\IDs\05-WMC\MU","Tr7_update3.png","2","229827","C:/Users/Public/Experiments/IDs/05-WMC/MU/MUsbj083.csv","update","1300","5","83","247728","249030"
"MU.osexp","C:\Users\Public\Experiments\IDs\05-WMC\MU","Tr7_update4.png","2","229827","C:/Users/Public/Experiments/IDs/05-WMC/MU/MUsbj083.csv","update","1300","5","83","249362","250663"
"MU.osexp","C:\Users\Public\Experiments\IDs\05-WMC\MU","Tr7_update5.png","2","229827","C:/Users/Public/Experiments/IDs/05-WMC/MU/MUsbj083.csv","update","1300","5","83","251017","252317"
"MU.osexp","C:\Users\Public\Experiments\IDs\05-WMC\MU","Tr7_test1.png","5","254531","C:/Users/Public/Experiments/IDs/05-WMC/MU/MUsbj083.csv","test","0","5","83","252655","254532"
"MU.osexp","C:\Users\Public\Experiments\IDs\05-WMC\MU","Tr7_test2.png","3","257635","C:/Users/Public/Experiments/IDs/05-WMC/MU/MUsbj083.csv","test","0","5","83","255636","257636"
"MU.osexp","C:\Users\Public\Experiments\IDs\05-WMC\MU","Tr7_test3.png","1","259395","C:/Users/Public/Experiments/IDs/05-WMC/MU/MUsbj083.csv","test","0","5","83","258829","259396"
"MU.osexp","C:\Users\Public\Experiments\IDs\05-WMC\MU","Tr7_test4.png","9","261747","C:/Users/Public/Experiments/IDs/05-WMC/MU/MUsbj083.csv","test","0","5","83","260629","261748"
"MU.osexp","C:\Users\Public\Experiments\IDs\05-WMC\MU","Tr7_test5.png","1","263035","C:/Users/Public/Experiments/IDs/05-WMC/MU/MUsbj083.csv","test","0","5","83","262838","263036"
"MU.osexp","C:\Users\Public\Experiments\IDs\05-WMC\MU","wait.png","1","263035","C:/Users/Public/Experiments/IDs/05-WMC/MU/MUsbj083.csv","wait","5000","4","83","264127","263036"
"MU.osexp","C:\Users\Public\Experiments\IDs\05-WMC\MU","fixation.png","1","263035","C:/Users/Public/Experiments/IDs/05-WMC/MU/MUsbj083.csv","fix","1500","4","83","269217","263036"
"MU.osexp","C:\Users\Public\Experiments\IDs\05-WMC\MU","Tr8_study1.png","1","263035","C:/Users/Public/Experiments/IDs/05-WMC/MU/MUsbj083.csv","study","1000","4","83","270817","271819"
"MU.osexp","C:\Users\Public\Experiments\IDs\05-WMC\MU","Tr8_study2.png","1","263035","C:/Users/Public/Experiments/IDs/05-WMC/MU/MUsbj083.csv","study","1000","4","83","272213","273215"
"MU.osexp","C:\Users\Public\Experiments\IDs\05-WMC\MU","Tr8_study3.png","1","263035","C:/Users/Public/Experiments/IDs/05-WMC/MU/MUsbj083.csv","study","1000","4","83","273554","274554"
"MU.osexp","C:\Users\Public\Experiments\IDs\05-WMC\MU","Tr8_study4.png","1","263035","C:/Users/Public/Experiments/IDs/05-WMC/MU/MUsbj083.csv","study","1000","4","83","274918","275920"
"MU.osexp","C:\Users\Public\Experiments\IDs\05-WMC\MU","Tr8_update1.png","1","263035","C:/Users/Public/Experiments/IDs/05-WMC/MU/MUsbj083.csv","update","1300","4","83","276263","277565"
"MU.osexp","C:\Users\Public\Experiments\IDs\05-WMC\MU","Tr8_update2.png","1","263035","C:/Users/Public/Experiments/IDs/05-WMC/MU/MUsbj083.csv","update","1300","4","83","277906","279206"
"MU.osexp","C:\Users\Public\Experiments\IDs\05-WMC\MU","Tr8_update3.png","1","263035","C:/Users/Public/Experiments/IDs/05-WMC/MU/MUsbj083.csv","update","1300","4","83","279554","280854"
"MU.osexp","C:\Users\Public\Experiments\IDs\05-WMC\MU","Tr8_test1.png","4","285124","C:/Users/Public/Experiments/IDs/05-WMC/MU/MUsbj083.csv","test","0","4","83","281201","285124"
"MU.osexp","C:\Users\Public\Experiments\IDs\05-WMC\MU","Tr8_test2.png","0","292259","C:/Users/Public/Experiments/IDs/05-WMC/MU/MUsbj083.csv","test","0","4","83","286196","292260"
"MU.osexp","C:\Users\Public\Experiments\IDs\05-WMC\MU","Tr8_test3.png","9","295083","C:/Users/Public/Experiments/IDs/05-WMC/MU/MUsbj083.csv","test","0","4","83","293402","295084"
"MU.osexp","C:\Users\Public\Experiments\IDs\05-WMC\MU","Tr8_test4.png","5","297371","C:/Users/Public/Experiments/IDs/05-WMC/MU/MUsbj083.csv","test","0","4","83","296177","297372"
"MU.osexp","C:\Users\Public\Experiments\IDs\05-WMC\MU","wait.png","5","297371","C:/Users/Public/Experiments/IDs/05-WMC/MU/MUsbj083.csv","wait","5000","5","83","298467","297372"
"MU.osexp","C:\Users\Public\Experiments\IDs\05-WMC\MU","fixation.png","5","297371","C:/Users/Public/Experiments/IDs/05-WMC/MU/MUsbj083.csv","fix","1500","5","83","303637","297372"
"MU.osexp","C:\Users\Public\Experiments\IDs\05-WMC\MU","Tr9_study1.png","5","297371","C:/Users/Public/Experiments/IDs/05-WMC/MU/MUsbj083.csv","study","1000","5","83","305227","306227"
"MU.osexp","C:\Users\Public\Experiments\IDs\05-WMC\MU","Tr9_study2.png","5","297371","C:/Users/Public/Experiments/IDs/05-WMC/MU/MUsbj083.csv","study","1000","5","83","306568","307569"
"MU.osexp","C:\Users\Public\Experiments\IDs\05-WMC\MU","Tr9_study3.png","5","297371","C:/Users/Public/Experiments/IDs/05-WMC/MU/MUsbj083.csv","study","1000","5","83","307908","308908"
"MU.osexp","C:\Users\Public\Experiments\IDs\05-WMC\MU","Tr9_study4.png","5","297371","C:/Users/Public/Experiments/IDs/05-WMC/MU/MUsbj083.csv","study","1000","5","83","309252","310252"
"MU.osexp","C:\Users\Public\Experiments\IDs\05-WMC\MU","Tr9_study5.png","5","297371","C:/Users/Public/Experiments/IDs/05-WMC/MU/MUsbj083.csv","study","1000","5","83","310595","311595"
"MU.osexp","C:\Users\Public\Experiments\IDs\05-WMC\MU","Tr9_update1.png","5","297371","C:/Users/Public/Experiments/IDs/05-WMC/MU/MUsbj083.csv","update","1300","5","83","311938","313238"
"MU.osexp","C:\Users\Public\Experiments\IDs\05-WMC\MU","Tr9_update2.png","5","297371","C:/Users/Public/Experiments/IDs/05-WMC/MU/MUsbj083.csv","update","1300","5","83","313577","314877"
"MU.osexp","C:\Users\Public\Experiments\IDs\05-WMC\MU","Tr9_test1.png","4","317555","C:/Users/Public/Experiments/IDs/05-WMC/MU/MUsbj083.csv","test","0","5","83","315211","317556"
"MU.osexp","C:\Users\Public\Experiments\IDs\05-WMC\MU","Tr9_test2.png","6","325411","C:/Users/Public/Experiments/IDs/05-WMC/MU/MUsbj083.csv","test","0","5","83","318629","325412"
"MU.osexp","C:\Users\Public\Experiments\IDs\05-WMC\MU","Tr9_test3.png","7","328803","C:/Users/Public/Experiments/IDs/05-WMC/MU/MUsbj083.csv","test","0","5","83","326488","328804"
"MU.osexp","C:\Users\Public\Experiments\IDs\05-WMC\MU","Tr9_test4.png","0","334827","C:/Users/Public/Experiments/IDs/05-WMC/MU/MUsbj083.csv","test","0","5","83","329907","334828"
"MU.osexp","C:\Users\Public\Experiments\IDs\05-WMC\MU","Tr9_test5.png","5","338859","C:/Users/Public/Experiments/IDs/05-WMC/MU/MUsbj083.csv","test","0","5","83","335962","338860"
"MU.osexp","C:\Users\Public\Experiments\IDs\05-WMC\MU","wait.png","5","338859","C:/Users/Public/Experiments/IDs/05-WMC/MU/MUsbj083.csv","wait","5000","3","83","339935","338860"
"MU.osexp","C:\Users\Public\Experiments\IDs\05-WMC\MU","fixation.png","5","338859","C:/Users/Public/Experiments/IDs/05-WMC/MU/MUsbj083.csv","fix","1500","3","83","345019","338860"
"MU.osexp","C:\Users\Public\Experiments\IDs\05-WMC\MU","Tr10_study1.png","5","338859","C:/Users/Public/Experiments/IDs/05-WMC/MU/MUsbj083.csv","study","1000","3","83","346621","347622"
"MU.osexp","C:\Users\Public\Experiments\IDs\05-WMC\MU","Tr10_study2.png","5","338859","C:/Users/Public/Experiments/IDs/05-WMC/MU/MUsbj083.csv","study","1000","3","83","347983","348983"
"MU.osexp","C:\Users\Public\Experiments\IDs\05-WMC\MU","Tr10_study3.png","5","338859","C:/Users/Public/Experiments/IDs/05-WMC/MU/MUsbj083.csv","study","1000","3","83","349314","350314"
"MU.osexp","C:\Users\Public\Experiments\IDs\05-WMC\MU","Tr10_update1.png","5","338859","C:/Users/Public/Experiments/IDs/05-WMC/MU/MUsbj083.csv","update","1300","3","83","350644","351946"
"MU.osexp","C:\Users\Public\Experiments\IDs\05-WMC\MU","Tr10_update2.png","5","338859","C:/Users/Public/Experiments/IDs/05-WMC/MU/MUsbj083.csv","update","1300","3","83","352269","353570"
"MU.osexp","C:\Users\Public\Experiments\IDs\05-WMC\MU","Tr10_test1.png","5","357531","C:/Users/Public/Experiments/IDs/05-WMC/MU/MUsbj083.csv","test","0","3","83","353910","357532"
"MU.osexp","C:\Users\Public\Experiments\IDs\05-WMC\MU","Tr10_test2.png","2","360067","C:/Users/Public/Experiments/IDs/05-WMC/MU/MUsbj083.csv","test","0","3","83","358637","360068"
"MU.osexp","C:\Users\Public\Experiments\IDs\05-WMC\MU","Tr10_test3.png","5","361803","C:/Users/Public/Experiments/IDs/05-WMC/MU/MUsbj083.csv","test","0","3","83","361154","361804"
"MU.osexp","C:\Users\Public\Experiments\IDs\05-WMC\MU","wait.png","5","361803","C:/Users/Public/Experiments/IDs/05-WMC/MU/MUsbj083.csv","wait","5000","5","83","362906","361804"
"MU.osexp","C:\Users\Public\Experiments\IDs\05-WMC\MU","fixation.png","5","361803","C:/Users/Public/Experiments/IDs/05-WMC/MU/MUsbj083.csv","fix","1500","5","83","367995","361804"
"MU.osexp","C:\Users\Public\Experiments\IDs\05-WMC\MU","Tr11_study1.png","5","361803","C:/Users/Public/Experiments/IDs/05-WMC/MU/MUsbj083.csv","study","1000","5","83","369580","370581"
"MU.osexp","C:\Users\Public\Experiments\IDs\05-WMC\MU","Tr11_study2.png","5","361803","C:/Users/Public/Experiments/IDs/05-WMC/MU/MUsbj083.csv","study","1000","5","83","370923","371923"
"MU.osexp","C:\Users\Public\Experiments\IDs\05-WMC\MU","Tr11_study3.png","5","361803","C:/Users/Public/Experiments/IDs/05-WMC/MU/MUsbj083.csv","study","1000","5","83","372248","373250"
"MU.osexp","C:\Users\Public\Experiments\IDs\05-WMC\MU","Tr11_study4.png","5","361803","C:/Users/Public/Experiments/IDs/05-WMC/MU/MUsbj083.csv","study","1000","5","83","373595","374595"
"MU.osexp","C:\Users\Public\Experiments\IDs\05-WMC\MU","Tr11_study5.png","5","361803","C:/Users/Public/Experiments/IDs/05-WMC/MU/MUsbj083.csv","study","1000","5","83","374933","375933"
"MU.osexp","C:\Users\Public\Experiments\IDs\05-WMC\MU","Tr11_update1.png","5","361803","C:/Users/Public/Experiments/IDs/05-WMC/MU/MUsbj083.csv","update","1300","5","83","376266","377566"
"MU.osexp","C:\Users\Public\Experiments\IDs\05-WMC\MU","Tr11_update2.png","5","361803","C:/Users/Public/Experiments/IDs/05-WMC/MU/MUsbj083.csv","update","1300","5","83","377898","379200"
"MU.osexp","C:\Users\Public\Experiments\IDs\05-WMC\MU","Tr11_update3.png","5","361803","C:/Users/Public/Experiments/IDs/05-WMC/MU/MUsbj083.csv","update","1300","5","83","379540","380840"
"MU.osexp","C:\Users\Public\Experiments\IDs\05-WMC\MU","Tr11_test1.png","2","387075","C:/Users/Public/Experiments/IDs/05-WMC/MU/MUsbj083.csv","test","0","5","83","381199","387076"
"MU.osexp","C:\Users\Public\Experiments\IDs\05-WMC\MU","Tr11_test2.png","4","389572","C:/Users/Public/Experiments/IDs/05-WMC/MU/MUsbj083.csv","test","0","5","83","388212","389573"
"MU.osexp","C:\Users\Public\Experiments\IDs\05-WMC\MU","Tr11_test3.png","6","392507","C:/Users/Public/Experiments/IDs/05-WMC/MU/MUsbj083.csv","test","0","5","83","390670","392508"
"MU.osexp","C:\Users\Public\Experiments\IDs\05-WMC\MU","Tr11_test4.png","6","394979","C:/Users/Public/Experiments/IDs/05-WMC/MU/MUsbj083.csv","test","0","5","83","393611","394980"
"MU.osexp","C:\Users\Public\Experiments\IDs\05-WMC\MU","Tr11_test5.png","2","396435","C:/Users/Public/Experiments/IDs/05-WMC/MU/MUsbj083.csv","test","0","5","83","396056","396436"
"MU.osexp","C:\Users\Public\Experiments\IDs\05-WMC\MU","wait.png","2","396435","C:/Users/Public/Experiments/IDs/05-WMC/MU/MUsbj083.csv","wait","5000","3","83","397524","396436"
"MU.osexp","C:\Users\Public\Experiments\IDs\05-WMC\MU","fixation.png","2","396435","C:/Users/Public/Experiments/IDs/05-WMC/MU/MUsbj083.csv","fix","1500","3","83","402610","396436"
"MU.osexp","C:\Users\Public\Experiments\IDs\05-WMC\MU","Tr12_study1.png","2","396435","C:/Users/Public/Experiments/IDs/05-WMC/MU/MUsbj083.csv","study","1000","3","83","404189","405189"
"MU.osexp","C:\Users\Public\Experiments\IDs\05-WMC\MU","Tr12_study2.png","2","396435","C:/Users/Public/Experiments/IDs/05-WMC/MU/MUsbj083.csv","study","1000","3","83","405538","406540"
"MU.osexp","C:\Users\Public\Experiments\IDs\05-WMC\MU","Tr12_study3.png","2","396435","C:/Users/Public/Experiments/IDs/05-WMC/MU/MUsbj083.csv","study","1000","3","83","406892","407892"
"MU.osexp","C:\Users\Public\Experiments\IDs\05-WMC\MU","Tr12_update1.png","2","396435","C:/Users/Public/Experiments/IDs/05-WMC/MU/MUsbj083.csv","update","1300","3","83","408227","409528"
"MU.osexp","C:\Users\Public\Experiments\IDs\05-WMC\MU","Tr12_update2.png","2","396435","C:/Users/Public/Experiments/IDs/05-WMC/MU/MUsbj083.csv","update","1300","3","83","409868","411168"
"MU.osexp","C:\Users\Public\Experiments\IDs\05-WMC\MU","Tr12_update3.png","2","396435","C:/Users/Public/Experiments/IDs/05-WMC/MU/MUsbj083.csv","update","1300","3","83","411503","412804"
"MU.osexp","C:\Users\Public\Experiments\IDs\05-WMC\MU","Tr12_update4.png","2","396435","C:/Users/Public/Experiments/IDs/05-WMC/MU/MUsbj083.csv","update","1300","3","83","413185","414487"
"MU.osexp","C:\Users\Public\Experiments\IDs\05-WMC\MU","Tr12_update5.png","2","396435","C:/Users/Public/Experiments/IDs/05-WMC/MU/MUsbj083.csv","update","1300","3","83","414901","416202"
"MU.osexp","C:\Users\Public\Experiments\IDs\05-WMC\MU","Tr12_test1.png","4","420755","C:/Users/Public/Experiments/IDs/05-WMC/MU/MUsbj083.csv","test","0","3","83","416569","420756"
"MU.osexp","C:\Users\Public\Experiments\IDs\05-WMC\MU","Tr12_test2.png","5","426780","C:/Users/Public/Experiments/IDs/05-WMC/MU/MUsbj083.csv","test","0","3","83","421834","426780"
"MU.osexp","C:\Users\Public\Experiments\IDs\05-WMC\MU","Tr12_test3.png","1","430963","C:/Users/Public/Experiments/IDs/05-WMC/MU/MUsbj083.csv","test","0","3","83","427882","430964"
"MU.osexp","C:\Users\Public\Experiments\IDs\05-WMC\MU","wait.png","1","430963","C:/Users/Public/Experiments/IDs/05-WMC/MU/MUsbj083.csv","wait","5000","3","83","432045","430964"
"MU.osexp","C:\Users\Public\Experiments\IDs\05-WMC\MU","fixation.png","1","430963","C:/Users/Public/Experiments/IDs/05-WMC/MU/MUsbj083.csv","fix","1500","3","83","437168","430964"
"MU.osexp","C:\Users\Public\Experiments\IDs\05-WMC\MU","Tr13_study1.png","1","430963","C:/Users/Public/Experiments/IDs/05-WMC/MU/MUsbj083.csv","study","1000","3","83","438861","439861"
"MU.osexp","C:\Users\Public\Experiments\IDs\05-WMC\MU","Tr13_study2.png","1","430963","C:/Users/Public/Experiments/IDs/05-WMC/MU/MUsbj083.csv","study","1000","3","83","440216","441216"
"MU.osexp","C:\Users\Public\Experiments\IDs\05-WMC\MU","Tr13_study3.png","1","430963","C:/Users/Public/Experiments/IDs/05-WMC/MU/MUsbj083.csv","study","1000","3","83","441554","442554"
"MU.osexp","C:\Users\Public\Experiments\IDs\05-WMC\MU","Tr13_update1.png","1","430963","C:/Users/Public/Experiments/IDs/05-WMC/MU/MUsbj083.csv","update","1300","3","83","442911","444211"
"MU.osexp","C:\Users\Public\Experiments\IDs\05-WMC\MU","Tr13_update2.png","1","430963","C:/Users/Public/Experiments/IDs/05-WMC/MU/MUsbj083.csv","update","1300","3","83","444628","445929"
"MU.osexp","C:\Users\Public\Experiments\IDs\05-WMC\MU","Tr13_update3.png","1","430963","C:/Users/Public/Experiments/IDs/05-WMC/MU/MUsbj083.csv","update","1300","3","83","446271","447571"
"MU.osexp","C:\Users\Public\Experiments\IDs\05-WMC\MU","Tr13_update4.png","1","430963","C:/Users/Public/Experiments/IDs/05-WMC/MU/MUsbj083.csv","update","1300","3","83","447919","449221"
"MU.osexp","C:\Users\Public\Experiments\IDs\05-WMC\MU","Tr13_test1.png","3","452019","C:/Users/Public/Experiments/IDs/05-WMC/MU/MUsbj083.csv","test","0","3","83","449551","452020"
"MU.osexp","C:\Users\Public\Experiments\IDs\05-WMC\MU","Tr13_test2.png","1","454075","C:/Users/Public/Experiments/IDs/05-WMC/MU/MUsbj083.csv","test","0","3","83","453113","454076"
"MU.osexp","C:\Users\Public\Experiments\IDs\05-WMC\MU","Tr13_test3.png","9","455459","C:/Users/Public/Experiments/IDs/05-WMC/MU/MUsbj083.csv","test","0","3","83","455169","455460"
"MU.osexp","C:\Users\Public\Experiments\IDs\05-WMC\MU","wait.png","9","455459","C:/Users/Public/Experiments/IDs/05-WMC/MU/MUsbj083.csv","wait","5000","5","83","456550","455460"
"MU.osexp","C:\Users\Public\Experiments\IDs\05-WMC\MU","fixation.png","9","455459","C:/Users/Public/Experiments/IDs/05-WMC/MU/MUsbj083.csv","fix","1500","5","83","461638","455460"
"MU.osexp","C:\Users\Public\Experiments\IDs\05-WMC\MU","Tr14_study1.png","9","455459","C:/Users/Public/Experiments/IDs/05-WMC/MU/MUsbj083.csv","study","1000","5","83","463223","464224"
"MU.osexp","C:\Users\Public\Experiments\IDs\05-WMC\MU","Tr14_study2.png","9","455459","C:/Users/Public/Experiments/IDs/05-WMC/MU/MUsbj083.csv","study","1000","5","83","464551","465553"
"MU.osexp","C:\Users\Public\Experiments\IDs\05-WMC\MU","Tr14_study3.png","9","455459","C:/Users/Public/Experiments/IDs/05-WMC/MU/MUsbj083.csv","study","1000","5","83","465893","466894"
"MU.osexp","C:\Users\Public\Experiments\IDs\05-WMC\MU","Tr14_study4.png","9","455459","C:/Users/Public/Experiments/IDs/05-WMC/MU/MUsbj083.csv","study","1000","5","83","467231","468231"
"MU.osexp","C:\Users\Public\Experiments\IDs\05-WMC\MU","Tr14_study5.png","9","455459","C:/Users/Public/Experiments/IDs/05-WMC/MU/MUsbj083.csv","study","1000","5","83","468582","469582"
"MU.osexp","C:\Users\Public\Experiments\IDs\05-WMC\MU","Tr14_update1.png","9","455459","C:/Users/Public/Experiments/IDs/05-WMC/MU/MUsbj083.csv","update","1300","5","83","469914","471214"
"MU.osexp","C:\Users\Public\Experiments\IDs\05-WMC\MU","Tr14_update2.png","9","455459","C:/Users/Public/Experiments/IDs/05-WMC/MU/MUsbj083.csv","update","1300","5","83","471556","472858"
"MU.osexp","C:\Users\Public\Experiments\IDs\05-WMC\MU","Tr14_update3.png","9","455459","C:/Users/Public/Experiments/IDs/05-WMC/MU/MUsbj083.csv","update","1300","5","83","473198","474498"
"MU.osexp","C:\Users\Public\Experiments\IDs\05-WMC\MU","Tr14_update4.png","9","455459","C:/Users/Public/Experiments/IDs/05-WMC/MU/MUsbj083.csv","update","1300","5","83","474850","476150"
"MU.osexp","C:\Users\Public\Experiments\IDs\05-WMC\MU","Tr14_test1.png","2","480179","C:/Users/Public/Experiments/IDs/05-WMC/MU/MUsbj083.csv","test","0","5","83","476493","480180"
"MU.osexp","C:\Users\Public\Experiments\IDs\05-WMC\MU","Tr14_test2.png","1","482211","C:/Users/Public/Experiments/IDs/05-WMC/MU/MUsbj083.csv","test","0","5","83","481268","482212"
"MU.osexp","C:\Users\Public\Experiments\IDs\05-WMC\MU","Tr14_test3.png","5","483651","C:/Users/Public/Experiments/IDs/05-WMC/MU/MUsbj083.csv","test","0","5","83","483307","483652"
"MU.osexp","C:\Users\Public\Experiments\IDs\05-WMC\MU","Tr14_test4.png","6","486107","C:/Users/Public/Experiments/IDs/05-WMC/MU/MUsbj083.csv","test","0","5","83","484727","486108"
"MU.osexp","C:\Users\Public\Experiments\IDs\05-WMC\MU","Tr14_test5.png","4","490539","C:/Users/Public/Experiments/IDs/05-WMC/MU/MUsbj083.csv","test","0","5","83","487185","490540"
"MU.osexp","C:\Users\Public\Experiments\IDs\05-WMC\MU","wait.png","4","490539","C:/Users/Public/Experiments/IDs/05-WMC/MU/MUsbj083.csv","wait","5000","4","83","491631","490540"
"MU.osexp","C:\Users\Public\Experiments\IDs\05-WMC\MU","fixation.png","4","490539","C:/Users/Public/Experiments/IDs/05-WMC/MU/MUsbj083.csv","fix","1500","4","83","496719","490540"
"MU.osexp","C:\Users\Public\Experiments\IDs\05-WMC\MU","Tr15_study1.png","4","490539","C:/Users/Public/Experiments/IDs/05-WMC/MU/MUsbj083.csv","study","1000","4","83","498302","499302"
"MU.osexp","C:\Users\Public\Experiments\IDs\05-WMC\MU","Tr15_study2.png","4","490539","C:/Users/Public/Experiments/IDs/05-WMC/MU/MUsbj083.csv","study","1000","4","83","499648","500650"
"MU.osexp","C:\Users\Public\Experiments\IDs\05-WMC\MU","Tr15_study3.png","4","490539","C:/Users/Public/Experiments/IDs/05-WMC/MU/MUsbj083.csv","study","1000","4","83","501083","502085"
"MU.osexp","C:\Users\Public\Experiments\IDs\05-WMC\MU","Tr15_study4.png","4","490539","C:/Users/Public/Experiments/IDs/05-WMC/MU/MUsbj083.csv","study","1000","4","83","502456","503456"
"MU.osexp","C:\Users\Public\Experiments\IDs\05-WMC\MU","Tr15_update1.png","4","490539","C:/Users/Public/Experiments/IDs/05-WMC/MU/MUsbj083.csv","update","1300","4","83","503879","505179"
"MU.osexp","C:\Users\Public\Experiments\IDs\05-WMC\MU","Tr15_update2.png","4","490539","C:/Users/Public/Experiments/IDs/05-WMC/MU/MUsbj083.csv","update","1300","4","83","505548","506848"
"MU.osexp","C:\Users\Public\Experiments\IDs\05-WMC\MU","Tr15_update3.png","4","490539","C:/Users/Public/Experiments/IDs/05-WMC/MU/MUsbj083.csv","update","1300","4","83","507186","508488"
"MU.osexp","C:\Users\Public\Experiments\IDs\05-WMC\MU","Tr15_update4.png","4","490539","C:/Users/Public/Experiments/IDs/05-WMC/MU/MUsbj083.csv","update","1300","4","83","508828","510130"
"MU.osexp","C:\Users\Public\Experiments\IDs\05-WMC\MU","Tr15_update5.png","4","490539","C:/Users/Public/Experiments/IDs/05-WMC/MU/MUsbj083.csv","update","1300","4","83","510467","511769"
"MU.osexp","C:\Users\Public\Experiments\IDs\05-WMC\MU","Tr15_update6.png","4","490539","C:/Users/Public/Experiments/IDs/05-WMC/MU/MUsbj083.csv","update","1300","4","83","512110","513410"
"MU.osexp","C:\Users\Public\Experiments\IDs\05-WMC\MU","Tr15_test1.png","9","518723","C:/Users/Public/Experiments/IDs/05-WMC/MU/MUsbj083.csv","test","0","4","83","513766","518724"
"MU.osexp","C:\Users\Public\Experiments\IDs\05-WMC\MU","Tr15_test2.png","4","521099","C:/Users/Public/Experiments/IDs/05-WMC/MU/MUsbj083.csv","test","0","4","83","519817","521100"
"MU.osexp","C:\Users\Public\Experiments\IDs\05-WMC\MU","Tr15_test3.png","8","523491","C:/Users/Public/Experiments/IDs/05-WMC/MU/MUsbj083.csv","test","0","4","83","522215","523492"
"MU.osexp","C:\Users\Public\Experiments\IDs\05-WMC\MU","Tr15_test4.png","2","524947","C:/Users/Public/Experiments/IDs/05-WMC/MU/MUsbj083.csv","test","0","4","83","524604","524948"
"MU.osexp","C:\Users\Public\Experiments\IDs\05-WMC\MU","wait.png","2","524947","C:/Users/Public/Experiments/IDs/05-WMC/MU/MUsbj083.csv","wait","5000","4","83","526021","524948"
"MU.osexp","C:\Users\Public\Experiments\IDs\05-WMC\MU","fixation.png","2","524947","C:/Users/Public/Experiments/IDs/05-WMC/MU/MUsbj083.csv","fix","1500","4","83","531113","524948"
"MU.osexp","C:\Users\Public\Experiments\IDs\05-WMC\MU","Tr16_study1.png","2","524947","C:/Users/Public/Experiments/IDs/05-WMC/MU/MUsbj083.csv","study","1000","4","83","532706","533706"
"MU.osexp","C:\Users\Public\Experiments\IDs\05-WMC\MU","Tr16_study2.png","2","524947","C:/Users/Public/Experiments/IDs/05-WMC/MU/MUsbj083.csv","study","1000","4","83","534042","535042"
"MU.osexp","C:\Users\Public\Experiments\IDs\05-WMC\MU","Tr16_study3.png","2","524947","C:/Users/Public/Experiments/IDs/05-WMC/MU/MUsbj083.csv","study","1000","4","83","535377","536377"
"MU.osexp","C:\Users\Public\Experiments\IDs\05-WMC\MU","Tr16_study4.png","2","524947","C:/Users/Public/Experiments/IDs/05-WMC/MU/MUsbj083.csv","study","1000","4","83","536876","537877"
"MU.osexp","C:\Users\Public\Experiments\IDs\05-WMC\MU","Tr16_update1.png","2","524947","C:/Users/Public/Experiments/IDs/05-WMC/MU/MUsbj083.csv","update","1300","4","83","538203","539503"
"MU.osexp","C:\Users\Public\Experiments\IDs\05-WMC\MU","Tr16_update2.png","2","524947","C:/Users/Public/Experiments/IDs/05-WMC/MU/MUsbj083.csv","update","1300","4","83","539833","541133"
"MU.osexp","C:\Users\Public\Experiments\IDs\05-WMC\MU","Tr16_test1.png","4","544995","C:/Users/Public/Experiments/IDs/05-WMC/MU/MUsbj083.csv","test","0","4","83","541456","544996"
"MU.osexp","C:\Users\Public\Experiments\IDs\05-WMC\MU","Tr16_test2.png","5","546612","C:/Users/Public/Experiments/IDs/05-WMC/MU/MUsbj083.csv","test","0","4","83","546073","546613"
"MU.osexp","C:\Users\Public\Experiments\IDs\05-WMC\MU","Tr16_test3.png","2","547988","C:/Users/Public/Experiments/IDs/05-WMC/MU/MUsbj083.csv","test","0","4","83","547707","547989"
"MU.osexp","C:\Users\Public\Experiments\IDs\05-WMC\MU","Tr16_test4.png","3","549388","C:/Users/Public/Experiments/IDs/05-WMC/MU/MUsbj083.csv","test","0","4","83","549083","549389"
"MU.osexp","C:\Users\Public\Experiments\IDs\05-WMC\MU","wait.png","3","549388","C:/Users/Public/Experiments/IDs/05-WMC/MU/MUsbj083.csv","wait","5000","5","83","550487","549389"
"MU.osexp","C:\Users\Public\Experiments\IDs\05-WMC\MU","fixation.png","3","549388","C:/Users/Public/Experiments/IDs/05-WMC/MU/MUsbj083.csv","fix","1500","5","83","555564","549389"
"MU.osexp","C:\Users\Public\Experiments\IDs\05-WMC\MU","Tr17_study1.png","3","549388","C:/Users/Public/Experiments/IDs/05-WMC/MU/MUsbj083.csv","study","1000","5","83","557151","558152"
"MU.osexp","C:\Users\Public\Experiments\IDs\05-WMC\MU","Tr17_study2.png","3","549388","C:/Users/Public/Experiments/IDs/05-WMC/MU/MUsbj083.csv","study","1000","5","83","558499","559499"
"MU.osexp","C:\Users\Public\Experiments\IDs\05-WMC\MU","Tr17_study3.png","3","549388","C:/Users/Public/Experiments/IDs/05-WMC/MU/MUsbj083.csv","study","1000","5","83","559844","560844"
"MU.osexp","C:\Users\Public\Experiments\IDs\05-WMC\MU","Tr17_study4.png","3","549388","C:/Users/Public/Experiments/IDs/05-WMC/MU/MUsbj083.csv","study","1000","5","83","561172","562174"
"MU.osexp","C:\Users\Public\Experiments\IDs\05-WMC\MU","Tr17_study5.png","3","549388","C:/Users/Public/Experiments/IDs/05-WMC/MU/MUsbj083.csv","study","1000","5","83","562588","563590"
"MU.osexp","C:\Users\Public\Experiments\IDs\05-WMC\MU","Tr17_update1.png","3","549388","C:/Users/Public/Experiments/IDs/05-WMC/MU/MUsbj083.csv","update","1300","5","83","563926","565228"
"MU.osexp","C:\Users\Public\Experiments\IDs\05-WMC\MU","Tr17_update2.png","3","549388","C:/Users/Public/Experiments/IDs/05-WMC/MU/MUsbj083.csv","update","1300","5","83","565559","566859"
"MU.osexp","C:\Users\Public\Experiments\IDs\05-WMC\MU","Tr17_update3.png","3","549388","C:/Users/Public/Experiments/IDs/05-WMC/MU/MUsbj083.csv","update","1300","5","83","567193","568493"
"MU.osexp","C:\Users\Public\Experiments\IDs\05-WMC\MU","Tr17_update4.png","3","549388","C:/Users/Public/Experiments/IDs/05-WMC/MU/MUsbj083.csv","update","1300","5","83","568814","570115"
"MU.osexp","C:\Users\Public\Experiments\IDs\05-WMC\MU","Tr17_update5.png","3","549388","C:/Users/Public/Experiments/IDs/05-WMC/MU/MUsbj083.csv","update","1300","5","83","570488","571790"
"MU.osexp","C:\Users\Public\Experiments\IDs\05-WMC\MU","Tr17_update6.png","3","549388","C:/Users/Public/Experiments/IDs/05-WMC/MU/MUsbj083.csv","update","1300","5","83","572136","573437"
"MU.osexp","C:\Users\Public\Experiments\IDs\05-WMC\MU","Tr17_test1.png","1","576859","C:/Users/Public/Experiments/IDs/05-WMC/MU/MUsbj083.csv","test","0","5","83","573773","576860"
"MU.osexp","C:\Users\Public\Experiments\IDs\05-WMC\MU","Tr17_test2.png","3","578547","C:/Users/Public/Experiments/IDs/05-WMC/MU/MUsbj083.csv","test","0","5","83","577943","578548"
"MU.osexp","C:\Users\Public\Experiments\IDs\05-WMC\MU","Tr17_test3.png","4","580468","C:/Users/Public/Experiments/IDs/05-WMC/MU/MUsbj083.csv","test","0","5","83","579672","580469"
"MU.osexp","C:\Users\Public\Experiments\IDs\05-WMC\MU","Tr17_test4.png","5","581844","C:/Users/Public/Experiments/IDs/05-WMC/MU/MUsbj083.csv","test","0","5","83","581560","581845"
"MU.osexp","C:\Users\Public\Experiments\IDs\05-WMC\MU","Tr17_test5.png","3","583508","C:/Users/Public/Experiments/IDs/05-WMC/MU/MUsbj083.csv","test","0","5","83","583045","583509"
