"experiment_file","experiment_path","image","key","key_time","logfile","phase","playtime","setSize","subject_nr","timestamp","waittime"
"MU.osexp","C:\Users\Public\Experiments\IDs\05-WMC\MU","ready1.png","NA","NA","C:/Users/Public/Experiments/IDs/05-WMC/MU/MUsbj089.csv","pre","0","3","89","127037","NA"
"MU.osexp","C:\Users\Public\Experiments\IDs\05-WMC\MU","fixation.png","NA","NA","C:/Users/Public/Experiments/IDs/05-WMC/MU/MUsbj089.csv","fix","1500","3","89","128768","NA"
"MU.osexp","C:\Users\Public\Experiments\IDs\05-WMC\MU","Tr1_study1.png","NA","NA","C:/Users/Public/Experiments/IDs/05-WMC/MU/MUsbj089.csv","study","1000","3","89","130345","131346"
"MU.osexp","C:\Users\Public\Experiments\IDs\05-WMC\MU","Tr1_study2.png","NA","NA","C:/Users/Public/Experiments/IDs/05-WMC/MU/MUsbj089.csv","study","1000","3","89","131684","132686"
"MU.osexp","C:\Users\Public\Experiments\IDs\05-WMC\MU","Tr1_study3.png","NA","NA","C:/Users/Public/Experiments/IDs/05-WMC/MU/MUsbj089.csv","study","1000","3","89","133036","134037"
"MU.osexp","C:\Users\Public\Experiments\IDs\05-WMC\MU","Tr1_update1.png","NA","NA","C:/Users/Public/Experiments/IDs/05-WMC/MU/MUsbj089.csv","update","1300","3","89","134361","135663"
"MU.osexp","C:\Users\Public\Experiments\IDs\05-WMC\MU","Tr1_update2.png","NA","NA","C:/Users/Public/Experiments/IDs/05-WMC/MU/MUsbj089.csv","update","1300","3","89","135992","137292"
"MU.osexp","C:\Users\Public\Experiments\IDs\05-WMC\MU","Tr1_update3.png","NA","NA","C:/Users/Public/Experiments/IDs/05-WMC/MU/MUsbj089.csv","update","1300","3","89","137654","138954"
"MU.osexp","C:\Users\Public\Experiments\IDs\05-WMC\MU","Tr1_test1.png","8","144608","C:/Users/Public/Experiments/IDs/05-WMC/MU/MUsbj089.csv","test","0","3","89","139269","144608"
"MU.osexp","C:\Users\Public\Experiments\IDs\05-WMC\MU","Tr1_test2.png","1","153727","C:/Users/Public/Experiments/IDs/05-WMC/MU/MUsbj089.csv","test","0","3","89","145718","153728"
"MU.osexp","C:\Users\Public\Experiments\IDs\05-WMC\MU","Tr1_test3.png","4","155856","C:/Users/Public/Experiments/IDs/05-WMC/MU/MUsbj089.csv","test","0","3","89","154796","155857"
"MU.osexp","C:\Users\Public\Experiments\IDs\05-WMC\MU","wait.png","4","155856","C:/Users/Public/Experiments/IDs/05-WMC/MU/MUsbj089.csv","wait","5000","3","89","156923","155857"
"MU.osexp","C:\Users\Public\Experiments\IDs\05-WMC\MU","fixation.png","4","155856","C:/Users/Public/Experiments/IDs/05-WMC/MU/MUsbj089.csv","fix","1500","3","89","162004","155857"
"MU.osexp","C:\Users\Public\Experiments\IDs\05-WMC\MU","Tr2_study1.png","4","155856","C:/Users/Public/Experiments/IDs/05-WMC/MU/MUsbj089.csv","study","1000","3","89","163590","164590"
"MU.osexp","C:\Users\Public\Experiments\IDs\05-WMC\MU","Tr2_study2.png","4","155856","C:/Users/Public/Experiments/IDs/05-WMC/MU/MUsbj089.csv","study","1000","3","89","165029","166030"
"MU.osexp","C:\Users\Public\Experiments\IDs\05-WMC\MU","Tr2_study3.png","4","155856","C:/Users/Public/Experiments/IDs/05-WMC/MU/MUsbj089.csv","study","1000","3","89","166369","167370"
"MU.osexp","C:\Users\Public\Experiments\IDs\05-WMC\MU","Tr2_update1.png","4","155856","C:/Users/Public/Experiments/IDs/05-WMC/MU/MUsbj089.csv","update","1300","3","89","167706","169006"
"MU.osexp","C:\Users\Public\Experiments\IDs\05-WMC\MU","Tr2_update2.png","4","155856","C:/Users/Public/Experiments/IDs/05-WMC/MU/MUsbj089.csv","update","1300","3","89","169328","170629"
"MU.osexp","C:\Users\Public\Experiments\IDs\05-WMC\MU","Tr2_update3.png","4","155856","C:/Users/Public/Experiments/IDs/05-WMC/MU/MUsbj089.csv","update","1300","3","89","170956","172257"
"MU.osexp","C:\Users\Public\Experiments\IDs\05-WMC\MU","Tr2_test1.png","4","175448","C:/Users/Public/Experiments/IDs/05-WMC/MU/MUsbj089.csv","test","0","3","89","172590","175449"
"MU.osexp","C:\Users\Public\Experiments\IDs\05-WMC\MU","Tr2_test2.png","6","177536","C:/Users/Public/Experiments/IDs/05-WMC/MU/MUsbj089.csv","test","0","3","89","176538","177536"
"MU.osexp","C:\Users\Public\Experiments\IDs\05-WMC\MU","Tr2_test3.png","1","179712","C:/Users/Public/Experiments/IDs/05-WMC/MU/MUsbj089.csv","test","0","3","89","178610","179712"
"MU.osexp","C:\Users\Public\Experiments\IDs\05-WMC\MU","ready2.png","1","179712","C:/Users/Public/Experiments/IDs/05-WMC/MU/MUsbj089.csv","pre","0","3","89","180842","179712"
"MU.osexp","C:\Users\Public\Experiments\IDs\05-WMC\MU","fixation.png","1","179712","C:/Users/Public/Experiments/IDs/05-WMC/MU/MUsbj089.csv","fix","1500","3","89","182890","179712"
"MU.osexp","C:\Users\Public\Experiments\IDs\05-WMC\MU","Tr3_study1.png","1","179712","C:/Users/Public/Experiments/IDs/05-WMC/MU/MUsbj089.csv","study","1000","3","89","184484","185485"
"MU.osexp","C:\Users\Public\Experiments\IDs\05-WMC\MU","Tr3_study2.png","1","179712","C:/Users/Public/Experiments/IDs/05-WMC/MU/MUsbj089.csv","study","1000","3","89","185846","186846"
"MU.osexp","C:\Users\Public\Experiments\IDs\05-WMC\MU","Tr3_study3.png","1","179712","C:/Users/Public/Experiments/IDs/05-WMC/MU/MUsbj089.csv","study","1000","3","89","187164","188164"
"MU.osexp","C:\Users\Public\Experiments\IDs\05-WMC\MU","Tr3_update1.png","1","179712","C:/Users/Public/Experiments/IDs/05-WMC/MU/MUsbj089.csv","update","1300","3","89","188509","189811"
"MU.osexp","C:\Users\Public\Experiments\IDs\05-WMC\MU","Tr3_update2.png","1","179712","C:/Users/Public/Experiments/IDs/05-WMC/MU/MUsbj089.csv","update","1300","3","89","190153","191455"
"MU.osexp","C:\Users\Public\Experiments\IDs\05-WMC\MU","Tr3_update3.png","1","179712","C:/Users/Public/Experiments/IDs/05-WMC/MU/MUsbj089.csv","update","1300","3","89","191780","193080"
"MU.osexp","C:\Users\Public\Experiments\IDs\05-WMC\MU","Tr3_test1.png","9","196064","C:/Users/Public/Experiments/IDs/05-WMC/MU/MUsbj089.csv","test","0","3","89","193412","196064"
"MU.osexp","C:\Users\Public\Experiments\IDs\05-WMC\MU","Tr3_test2.png","7","198999","C:/Users/Public/Experiments/IDs/05-WMC/MU/MUsbj089.csv","test","0","3","89","197138","199000"
"MU.osexp","C:\Users\Public\Experiments\IDs\05-WMC\MU","Tr3_test3.png","7","200359","C:/Users/Public/Experiments/IDs/05-WMC/MU/MUsbj089.csv","test","0","3","89","200081","200360"
"MU.osexp","C:\Users\Public\Experiments\IDs\05-WMC\MU","wait.png","7","200359","C:/Users/Public/Experiments/IDs/05-WMC/MU/MUsbj089.csv","wait","5000","4","89","201451","200360"
"MU.osexp","C:\Users\Public\Experiments\IDs\05-WMC\MU","fixation.png","7","200359","C:/Users/Public/Experiments/IDs/05-WMC/MU/MUsbj089.csv","fix","1500","4","89","206519","200360"
"MU.osexp","C:\Users\Public\Experiments\IDs\05-WMC\MU","Tr4_study1.png","7","200359","C:/Users/Public/Experiments/IDs/05-WMC/MU/MUsbj089.csv","study","1000","4","89","208090","209090"
"MU.osexp","C:\Users\Public\Experiments\IDs\05-WMC\MU","Tr4_study2.png","7","200359","C:/Users/Public/Experiments/IDs/05-WMC/MU/MUsbj089.csv","study","1000","4","89","209421","210421"
"MU.osexp","C:\Users\Public\Experiments\IDs\05-WMC\MU","Tr4_study3.png","7","200359","C:/Users/Public/Experiments/IDs/05-WMC/MU/MUsbj089.csv","study","1000","4","89","210735","211736"
"MU.osexp","C:\Users\Public\Experiments\IDs\05-WMC\MU","Tr4_study4.png","7","200359","C:/Users/Public/Experiments/IDs/05-WMC/MU/MUsbj089.csv","study","1000","4","89","212051","213051"
"MU.osexp","C:\Users\Public\Experiments\IDs\05-WMC\MU","Tr4_update1.png","7","200359","C:/Users/Public/Experiments/IDs/05-WMC/MU/MUsbj089.csv","update","1300","4","89","213379","214681"
"MU.osexp","C:\Users\Public\Experiments\IDs\05-WMC\MU","Tr4_update2.png","7","200359","C:/Users/Public/Experiments/IDs/05-WMC/MU/MUsbj089.csv","update","1300","4","89","215121","216421"
"MU.osexp","C:\Users\Public\Experiments\IDs\05-WMC\MU","Tr4_update3.png","7","200359","C:/Users/Public/Experiments/IDs/05-WMC/MU/MUsbj089.csv","update","1300","4","89","216748","218049"
"MU.osexp","C:\Users\Public\Experiments\IDs\05-WMC\MU","Tr4_update4.png","7","200359","C:/Users/Public/Experiments/IDs/05-WMC/MU/MUsbj089.csv","update","1300","4","89","218397","219699"
"MU.osexp","C:\Users\Public\Experiments\IDs\05-WMC\MU","Tr4_test1.png","3","222279","C:/Users/Public/Experiments/IDs/05-WMC/MU/MUsbj089.csv","test","0","4","89","220032","222280"
"MU.osexp","C:\Users\Public\Experiments\IDs\05-WMC\MU","Tr4_test2.png","6","225736","C:/Users/Public/Experiments/IDs/05-WMC/MU/MUsbj089.csv","test","0","4","89","223360","225737"
"MU.osexp","C:\Users\Public\Experiments\IDs\05-WMC\MU","Tr4_test3.png","4","228864","C:/Users/Public/Experiments/IDs/05-WMC/MU/MUsbj089.csv","test","0","4","89","226844","228865"
"MU.osexp","C:\Users\Public\Experiments\IDs\05-WMC\MU","Tr4_test4.png","4","230776","C:/Users/Public/Experiments/IDs/05-WMC/MU/MUsbj089.csv","test","0","4","89","229941","230777"
"MU.osexp","C:\Users\Public\Experiments\IDs\05-WMC\MU","wait.png","4","230776","C:/Users/Public/Experiments/IDs/05-WMC/MU/MUsbj089.csv","wait","5000","3","89","231849","230777"
"MU.osexp","C:\Users\Public\Experiments\IDs\05-WMC\MU","fixation.png","4","230776","C:/Users/Public/Experiments/IDs/05-WMC/MU/MUsbj089.csv","fix","1500","3","89","236910","230777"
"MU.osexp","C:\Users\Public\Experiments\IDs\05-WMC\MU","Tr5_study1.png","4","230776","C:/Users/Public/Experiments/IDs/05-WMC/MU/MUsbj089.csv","study","1000","3","89","238540","239541"
"MU.osexp","C:\Users\Public\Experiments\IDs\05-WMC\MU","Tr5_study2.png","4","230776","C:/Users/Public/Experiments/IDs/05-WMC/MU/MUsbj089.csv","study","1000","3","89","239864","240864"
"MU.osexp","C:\Users\Public\Experiments\IDs\05-WMC\MU","Tr5_study3.png","4","230776","C:/Users/Public/Experiments/IDs/05-WMC/MU/MUsbj089.csv","study","1000","3","89","241191","242192"
"MU.osexp","C:\Users\Public\Experiments\IDs\05-WMC\MU","Tr5_update1.png","4","230776","C:/Users/Public/Experiments/IDs/05-WMC/MU/MUsbj089.csv","update","1300","3","89","242500","243800"
"MU.osexp","C:\Users\Public\Experiments\IDs\05-WMC\MU","Tr5_update2.png","4","230776","C:/Users/Public/Experiments/IDs/05-WMC/MU/MUsbj089.csv","update","1300","3","89","244120","245422"
"MU.osexp","C:\Users\Public\Experiments\IDs\05-WMC\MU","Tr5_update3.png","4","230776","C:/Users/Public/Experiments/IDs/05-WMC/MU/MUsbj089.csv","update","1300","3","89","245752","247052"
"MU.osexp","C:\Users\Public\Experiments\IDs\05-WMC\MU","Tr5_update4.png","4","230776","C:/Users/Public/Experiments/IDs/05-WMC/MU/MUsbj089.csv","update","1300","3","89","247390","248692"
"MU.osexp","C:\Users\Public\Experiments\IDs\05-WMC\MU","Tr5_update5.png","4","230776","C:/Users/Public/Experiments/IDs/05-WMC/MU/MUsbj089.csv","update","1300","3","89","249114","250416"
"MU.osexp","C:\Users\Public\Experiments\IDs\05-WMC\MU","Tr5_update6.png","4","230776","C:/Users/Public/Experiments/IDs/05-WMC/MU/MUsbj089.csv","update","1300","3","89","250747","252048"
"MU.osexp","C:\Users\Public\Experiments\IDs\05-WMC\MU","Tr5_test1.png","1","254839","C:/Users/Public/Experiments/IDs/05-WMC/MU/MUsbj089.csv","test","0","3","89","252362","254840"
"MU.osexp","C:\Users\Public\Experiments\IDs\05-WMC\MU","Tr5_test2.png","5","257999","C:/Users/Public/Experiments/IDs/05-WMC/MU/MUsbj089.csv","test","0","3","89","255922","258000"
"MU.osexp","C:\Users\Public\Experiments\IDs\05-WMC\MU","Tr5_test3.png","3","259744","C:/Users/Public/Experiments/IDs/05-WMC/MU/MUsbj089.csv","test","0","3","89","259060","259745"
"MU.osexp","C:\Users\Public\Experiments\IDs\05-WMC\MU","wait.png","3","259744","C:/Users/Public/Experiments/IDs/05-WMC/MU/MUsbj089.csv","wait","5000","4","89","260824","259745"
"MU.osexp","C:\Users\Public\Experiments\IDs\05-WMC\MU","fixation.png","3","259744","C:/Users/Public/Experiments/IDs/05-WMC/MU/MUsbj089.csv","fix","1500","4","89","265971","259745"
"MU.osexp","C:\Users\Public\Experiments\IDs\05-WMC\MU","Tr6_study1.png","3","259744","C:/Users/Public/Experiments/IDs/05-WMC/MU/MUsbj089.csv","study","1000","4","89","267692","268692"
"MU.osexp","C:\Users\Public\Experiments\IDs\05-WMC\MU","Tr6_study2.png","3","259744","C:/Users/Public/Experiments/IDs/05-WMC/MU/MUsbj089.csv","study","1000","4","89","269007","270007"
"MU.osexp","C:\Users\Public\Experiments\IDs\05-WMC\MU","Tr6_study3.png","3","259744","C:/Users/Public/Experiments/IDs/05-WMC/MU/MUsbj089.csv","study","1000","4","89","270354","271355"
"MU.osexp","C:\Users\Public\Experiments\IDs\05-WMC\MU","Tr6_study4.png","3","259744","C:/Users/Public/Experiments/IDs/05-WMC/MU/MUsbj089.csv","study","1000","4","89","271687","272688"
"MU.osexp","C:\Users\Public\Experiments\IDs\05-WMC\MU","Tr6_update1.png","3","259744","C:/Users/Public/Experiments/IDs/05-WMC/MU/MUsbj089.csv","update","1300","4","89","273011","274311"
"MU.osexp","C:\Users\Public\Experiments\IDs\05-WMC\MU","Tr6_update2.png","3","259744","C:/Users/Public/Experiments/IDs/05-WMC/MU/MUsbj089.csv","update","1300","4","89","274656","275957"
"MU.osexp","C:\Users\Public\Experiments\IDs\05-WMC\MU","Tr6_update3.png","3","259744","C:/Users/Public/Experiments/IDs/05-WMC/MU/MUsbj089.csv","update","1300","4","89","276294","277594"
"MU.osexp","C:\Users\Public\Experiments\IDs\05-WMC\MU","Tr6_update4.png","3","259744","C:/Users/Public/Experiments/IDs/05-WMC/MU/MUsbj089.csv","update","1300","4","89","277917","279217"
"MU.osexp","C:\Users\Public\Experiments\IDs\05-WMC\MU","Tr6_update5.png","3","259744","C:/Users/Public/Experiments/IDs/05-WMC/MU/MUsbj089.csv","update","1300","4","89","279544","280845"
"MU.osexp","C:\Users\Public\Experiments\IDs\05-WMC\MU","Tr6_test1.png","4","285488","C:/Users/Public/Experiments/IDs/05-WMC/MU/MUsbj089.csv","test","0","4","89","281169","285488"
"MU.osexp","C:\Users\Public\Experiments\IDs\05-WMC\MU","Tr6_test2.png","8","288175","C:/Users/Public/Experiments/IDs/05-WMC/MU/MUsbj089.csv","test","0","4","89","286565","288176"
"MU.osexp","C:\Users\Public\Experiments\IDs\05-WMC\MU","Tr6_test3.png","8","289775","C:/Users/Public/Experiments/IDs/05-WMC/MU/MUsbj089.csv","test","0","4","89","289255","289776"
"MU.osexp","C:\Users\Public\Experiments\IDs\05-WMC\MU","Tr6_test4.png","8","291135","C:/Users/Public/Experiments/IDs/05-WMC/MU/MUsbj089.csv","test","0","4","89","290849","291136"
"MU.osexp","C:\Users\Public\Experiments\IDs\05-WMC\MU","wait.png","8","291135","C:/Users/Public/Experiments/IDs/05-WMC/MU/MUsbj089.csv","wait","5000","5","89","292215","291136"
"MU.osexp","C:\Users\Public\Experiments\IDs\05-WMC\MU","fixation.png","8","291135","C:/Users/Public/Experiments/IDs/05-WMC/MU/MUsbj089.csv","fix","1500","5","89","297287","291136"
"MU.osexp","C:\Users\Public\Experiments\IDs\05-WMC\MU","Tr7_study1.png","8","291135","C:/Users/Public/Experiments/IDs/05-WMC/MU/MUsbj089.csv","study","1000","5","89","298858","299859"
"MU.osexp","C:\Users\Public\Experiments\IDs\05-WMC\MU","Tr7_study2.png","8","291135","C:/Users/Public/Experiments/IDs/05-WMC/MU/MUsbj089.csv","study","1000","5","89","300225","301227"
"MU.osexp","C:\Users\Public\Experiments\IDs\05-WMC\MU","Tr7_study3.png","8","291135","C:/Users/Public/Experiments/IDs/05-WMC/MU/MUsbj089.csv","study","1000","5","89","301555","302557"
"MU.osexp","C:\Users\Public\Experiments\IDs\05-WMC\MU","Tr7_study4.png","8","291135","C:/Users/Public/Experiments/IDs/05-WMC/MU/MUsbj089.csv","study","1000","5","89","302894","303895"
"MU.osexp","C:\Users\Public\Experiments\IDs\05-WMC\MU","Tr7_study5.png","8","291135","C:/Users/Public/Experiments/IDs/05-WMC/MU/MUsbj089.csv","study","1000","5","89","304217","305219"
"MU.osexp","C:\Users\Public\Experiments\IDs\05-WMC\MU","Tr7_update1.png","8","291135","C:/Users/Public/Experiments/IDs/05-WMC/MU/MUsbj089.csv","update","1300","5","89","305557","306859"
"MU.osexp","C:\Users\Public\Experiments\IDs\05-WMC\MU","Tr7_update2.png","8","291135","C:/Users/Public/Experiments/IDs/05-WMC/MU/MUsbj089.csv","update","1300","5","89","307215","308515"
"MU.osexp","C:\Users\Public\Experiments\IDs\05-WMC\MU","Tr7_update3.png","8","291135","C:/Users/Public/Experiments/IDs/05-WMC/MU/MUsbj089.csv","update","1300","5","89","308856","310156"
"MU.osexp","C:\Users\Public\Experiments\IDs\05-WMC\MU","Tr7_update4.png","8","291135","C:/Users/Public/Experiments/IDs/05-WMC/MU/MUsbj089.csv","update","1300","5","89","310477","311777"
"MU.osexp","C:\Users\Public\Experiments\IDs\05-WMC\MU","Tr7_update5.png","8","291135","C:/Users/Public/Experiments/IDs/05-WMC/MU/MUsbj089.csv","update","1300","5","89","312111","313413"
"MU.osexp","C:\Users\Public\Experiments\IDs\05-WMC\MU","Tr7_test1.png","3","315512","C:/Users/Public/Experiments/IDs/05-WMC/MU/MUsbj089.csv","test","0","5","89","313728","315513"
"MU.osexp","C:\Users\Public\Experiments\IDs\05-WMC\MU","Tr7_test2.png","5","317760","C:/Users/Public/Experiments/IDs/05-WMC/MU/MUsbj089.csv","test","0","5","89","316599","317761"
"MU.osexp","C:\Users\Public\Experiments\IDs\05-WMC\MU","Tr7_test3.png","7","321768","C:/Users/Public/Experiments/IDs/05-WMC/MU/MUsbj089.csv","test","0","5","89","318992","321769"
"MU.osexp","C:\Users\Public\Experiments\IDs\05-WMC\MU","Tr7_test4.png","4","324007","C:/Users/Public/Experiments/IDs/05-WMC/MU/MUsbj089.csv","test","0","5","89","322852","324008"
"MU.osexp","C:\Users\Public\Experiments\IDs\05-WMC\MU","Tr7_test5.png","2","325415","C:/Users/Public/Experiments/IDs/05-WMC/MU/MUsbj089.csv","test","0","5","89","325089","325416"
"MU.osexp","C:\Users\Public\Experiments\IDs\05-WMC\MU","wait.png","2","325415","C:/Users/Public/Experiments/IDs/05-WMC/MU/MUsbj089.csv","wait","5000","4","89","326521","325416"
"MU.osexp","C:\Users\Public\Experiments\IDs\05-WMC\MU","fixation.png","2","325415","C:/Users/Public/Experiments/IDs/05-WMC/MU/MUsbj089.csv","fix","1500","4","89","331614","325416"
"MU.osexp","C:\Users\Public\Experiments\IDs\05-WMC\MU","Tr8_study1.png","2","325415","C:/Users/Public/Experiments/IDs/05-WMC/MU/MUsbj089.csv","study","1000","4","89","333206","334207"
"MU.osexp","C:\Users\Public\Experiments\IDs\05-WMC\MU","Tr8_study2.png","2","325415","C:/Users/Public/Experiments/IDs/05-WMC/MU/MUsbj089.csv","study","1000","4","89","334547","335547"
"MU.osexp","C:\Users\Public\Experiments\IDs\05-WMC\MU","Tr8_study3.png","2","325415","C:/Users/Public/Experiments/IDs/05-WMC/MU/MUsbj089.csv","study","1000","4","89","335870","336870"
"MU.osexp","C:\Users\Public\Experiments\IDs\05-WMC\MU","Tr8_study4.png","2","325415","C:/Users/Public/Experiments/IDs/05-WMC/MU/MUsbj089.csv","study","1000","4","89","337206","338207"
"MU.osexp","C:\Users\Public\Experiments\IDs\05-WMC\MU","Tr8_update1.png","2","325415","C:/Users/Public/Experiments/IDs/05-WMC/MU/MUsbj089.csv","update","1300","4","89","338549","339849"
"MU.osexp","C:\Users\Public\Experiments\IDs\05-WMC\MU","Tr8_update2.png","2","325415","C:/Users/Public/Experiments/IDs/05-WMC/MU/MUsbj089.csv","update","1300","4","89","340188","341490"
"MU.osexp","C:\Users\Public\Experiments\IDs\05-WMC\MU","Tr8_update3.png","2","325415","C:/Users/Public/Experiments/IDs/05-WMC/MU/MUsbj089.csv","update","1300","4","89","341803","343103"
"MU.osexp","C:\Users\Public\Experiments\IDs\05-WMC\MU","Tr8_test1.png","2","349312","C:/Users/Public/Experiments/IDs/05-WMC/MU/MUsbj089.csv","test","0","4","89","343429","349313"
"MU.osexp","C:\Users\Public\Experiments\IDs\05-WMC\MU","Tr8_test2.png","9","354552","C:/Users/Public/Experiments/IDs/05-WMC/MU/MUsbj089.csv","test","0","4","89","350403","354553"
"MU.osexp","C:\Users\Public\Experiments\IDs\05-WMC\MU","Tr8_test3.png","3","356472","C:/Users/Public/Experiments/IDs/05-WMC/MU/MUsbj089.csv","test","0","4","89","355639","356472"
"MU.osexp","C:\Users\Public\Experiments\IDs\05-WMC\MU","Tr8_test4.png","3","358144","C:/Users/Public/Experiments/IDs/05-WMC/MU/MUsbj089.csv","test","0","4","89","357547","358144"
"MU.osexp","C:\Users\Public\Experiments\IDs\05-WMC\MU","wait.png","3","358144","C:/Users/Public/Experiments/IDs/05-WMC/MU/MUsbj089.csv","wait","5000","5","89","359227","358144"
"MU.osexp","C:\Users\Public\Experiments\IDs\05-WMC\MU","fixation.png","3","358144","C:/Users/Public/Experiments/IDs/05-WMC/MU/MUsbj089.csv","fix","1500","5","89","364324","358144"
"MU.osexp","C:\Users\Public\Experiments\IDs\05-WMC\MU","Tr9_study1.png","3","358144","C:/Users/Public/Experiments/IDs/05-WMC/MU/MUsbj089.csv","study","1000","5","89","365899","366900"
"MU.osexp","C:\Users\Public\Experiments\IDs\05-WMC\MU","Tr9_study2.png","3","358144","C:/Users/Public/Experiments/IDs/05-WMC/MU/MUsbj089.csv","study","1000","5","89","367249","368250"
"MU.osexp","C:\Users\Public\Experiments\IDs\05-WMC\MU","Tr9_study3.png","3","358144","C:/Users/Public/Experiments/IDs/05-WMC/MU/MUsbj089.csv","study","1000","5","89","368581","369581"
"MU.osexp","C:\Users\Public\Experiments\IDs\05-WMC\MU","Tr9_study4.png","3","358144","C:/Users/Public/Experiments/IDs/05-WMC/MU/MUsbj089.csv","study","1000","5","89","369934","370936"
"MU.osexp","C:\Users\Public\Experiments\IDs\05-WMC\MU","Tr9_study5.png","3","358144","C:/Users/Public/Experiments/IDs/05-WMC/MU/MUsbj089.csv","study","1000","5","89","371268","372269"
"MU.osexp","C:\Users\Public\Experiments\IDs\05-WMC\MU","Tr9_update1.png","3","358144","C:/Users/Public/Experiments/IDs/05-WMC/MU/MUsbj089.csv","update","1300","5","89","372598","373899"
"MU.osexp","C:\Users\Public\Experiments\IDs\05-WMC\MU","Tr9_update2.png","3","358144","C:/Users/Public/Experiments/IDs/05-WMC/MU/MUsbj089.csv","update","1300","5","89","374222","375522"
"MU.osexp","C:\Users\Public\Experiments\IDs\05-WMC\MU","Tr9_test1.png","4","377871","C:/Users/Public/Experiments/IDs/05-WMC/MU/MUsbj089.csv","test","0","5","89","375848","377872"
"MU.osexp","C:\Users\Public\Experiments\IDs\05-WMC\MU","Tr9_test2.png","1","380983","C:/Users/Public/Experiments/IDs/05-WMC/MU/MUsbj089.csv","test","0","5","89","378953","380984"
"MU.osexp","C:\Users\Public\Experiments\IDs\05-WMC\MU","Tr9_test3.png","5","383256","C:/Users/Public/Experiments/IDs/05-WMC/MU/MUsbj089.csv","test","0","5","89","382050","383257"
"MU.osexp","C:\Users\Public\Experiments\IDs\05-WMC\MU","Tr9_test4.png","3","386344","C:/Users/Public/Experiments/IDs/05-WMC/MU/MUsbj089.csv","test","0","5","89","384356","386345"
"MU.osexp","C:\Users\Public\Experiments\IDs\05-WMC\MU","Tr9_test5.png","9","387768","C:/Users/Public/Experiments/IDs/05-WMC/MU/MUsbj089.csv","test","0","5","89","387435","387769"
"MU.osexp","C:\Users\Public\Experiments\IDs\05-WMC\MU","wait.png","9","387768","C:/Users/Public/Experiments/IDs/05-WMC/MU/MUsbj089.csv","wait","5000","3","89","388849","387769"
"MU.osexp","C:\Users\Public\Experiments\IDs\05-WMC\MU","fixation.png","9","387768","C:/Users/Public/Experiments/IDs/05-WMC/MU/MUsbj089.csv","fix","1500","3","89","393925","387769"
"MU.osexp","C:\Users\Public\Experiments\IDs\05-WMC\MU","Tr10_study1.png","9","387768","C:/Users/Public/Experiments/IDs/05-WMC/MU/MUsbj089.csv","study","1000","3","89","395506","396507"
"MU.osexp","C:\Users\Public\Experiments\IDs\05-WMC\MU","Tr10_study2.png","9","387768","C:/Users/Public/Experiments/IDs/05-WMC/MU/MUsbj089.csv","study","1000","3","89","396845","397847"
"MU.osexp","C:\Users\Public\Experiments\IDs\05-WMC\MU","Tr10_study3.png","9","387768","C:/Users/Public/Experiments/IDs/05-WMC/MU/MUsbj089.csv","study","1000","3","89","398178","399179"
"MU.osexp","C:\Users\Public\Experiments\IDs\05-WMC\MU","Tr10_update1.png","9","387768","C:/Users/Public/Experiments/IDs/05-WMC/MU/MUsbj089.csv","update","1300","3","89","399522","400823"
"MU.osexp","C:\Users\Public\Experiments\IDs\05-WMC\MU","Tr10_update2.png","9","387768","C:/Users/Public/Experiments/IDs/05-WMC/MU/MUsbj089.csv","update","1300","3","89","401152","402452"
"MU.osexp","C:\Users\Public\Experiments\IDs\05-WMC\MU","Tr10_test1.png","5","405592","C:/Users/Public/Experiments/IDs/05-WMC/MU/MUsbj089.csv","test","0","3","89","402780","405593"
"MU.osexp","C:\Users\Public\Experiments\IDs\05-WMC\MU","Tr10_test2.png","5","408528","C:/Users/Public/Experiments/IDs/05-WMC/MU/MUsbj089.csv","test","0","3","89","406683","408528"
"MU.osexp","C:\Users\Public\Experiments\IDs\05-WMC\MU","Tr10_test3.png","2","409864","C:/Users/Public/Experiments/IDs/05-WMC/MU/MUsbj089.csv","test","0","3","89","409593","409864"
"MU.osexp","C:\Users\Public\Experiments\IDs\05-WMC\MU","wait.png","2","409864","C:/Users/Public/Experiments/IDs/05-WMC/MU/MUsbj089.csv","wait","5000","5","89","410953","409864"
"MU.osexp","C:\Users\Public\Experiments\IDs\05-WMC\MU","fixation.png","2","409864","C:/Users/Public/Experiments/IDs/05-WMC/MU/MUsbj089.csv","fix","1500","5","89","416048","409864"
"MU.osexp","C:\Users\Public\Experiments\IDs\05-WMC\MU","Tr11_study1.png","2","409864","C:/Users/Public/Experiments/IDs/05-WMC/MU/MUsbj089.csv","study","1000","5","89","417610","418612"
"MU.osexp","C:\Users\Public\Experiments\IDs\05-WMC\MU","Tr11_study2.png","2","409864","C:/Users/Public/Experiments/IDs/05-WMC/MU/MUsbj089.csv","study","1000","5","89","418939","419940"
"MU.osexp","C:\Users\Public\Experiments\IDs\05-WMC\MU","Tr11_study3.png","2","409864","C:/Users/Public/Experiments/IDs/05-WMC/MU/MUsbj089.csv","study","1000","5","89","420422","421424"
"MU.osexp","C:\Users\Public\Experiments\IDs\05-WMC\MU","Tr11_study4.png","2","409864","C:/Users/Public/Experiments/IDs/05-WMC/MU/MUsbj089.csv","study","1000","5","89","421765","422766"
"MU.osexp","C:\Users\Public\Experiments\IDs\05-WMC\MU","Tr11_study5.png","2","409864","C:/Users/Public/Experiments/IDs/05-WMC/MU/MUsbj089.csv","study","1000","5","89","423246","424248"
"MU.osexp","C:\Users\Public\Experiments\IDs\05-WMC\MU","Tr11_update1.png","2","409864","C:/Users/Public/Experiments/IDs/05-WMC/MU/MUsbj089.csv","update","1300","5","89","424595","425897"
"MU.osexp","C:\Users\Public\Experiments\IDs\05-WMC\MU","Tr11_update2.png","2","409864","C:/Users/Public/Experiments/IDs/05-WMC/MU/MUsbj089.csv","update","1300","5","89","426228","427528"
"MU.osexp","C:\Users\Public\Experiments\IDs\05-WMC\MU","Tr11_update3.png","2","409864","C:/Users/Public/Experiments/IDs/05-WMC/MU/MUsbj089.csv","update","1300","5","89","427983","429283"
"MU.osexp","C:\Users\Public\Experiments\IDs\05-WMC\MU","Tr11_test1.png","1","431079","C:/Users/Public/Experiments/IDs/05-WMC/MU/MUsbj089.csv","test","0","5","89","429610","431080"
"MU.osexp","C:\Users\Public\Experiments\IDs\05-WMC\MU","Tr11_test2.png","2","433119","C:/Users/Public/Experiments/IDs/05-WMC/MU/MUsbj089.csv","test","0","5","89","432188","433120"
"MU.osexp","C:\Users\Public\Experiments\IDs\05-WMC\MU","Tr11_test3.png","7","439080","C:/Users/Public/Experiments/IDs/05-WMC/MU/MUsbj089.csv","test","0","5","89","434196","439081"
"MU.osexp","C:\Users\Public\Experiments\IDs\05-WMC\MU","Tr11_test4.png","6","444480","C:/Users/Public/Experiments/IDs/05-WMC/MU/MUsbj089.csv","test","0","5","89","440173","444480"
"MU.osexp","C:\Users\Public\Experiments\IDs\05-WMC\MU","Tr11_test5.png","4","447327","C:/Users/Public/Experiments/IDs/05-WMC/MU/MUsbj089.csv","test","0","5","89","445559","447328"
"MU.osexp","C:\Users\Public\Experiments\IDs\05-WMC\MU","wait.png","4","447327","C:/Users/Public/Experiments/IDs/05-WMC/MU/MUsbj089.csv","wait","5000","3","89","448416","447328"
"MU.osexp","C:\Users\Public\Experiments\IDs\05-WMC\MU","fixation.png","4","447327","C:/Users/Public/Experiments/IDs/05-WMC/MU/MUsbj089.csv","fix","1500","3","89","453483","447328"
"MU.osexp","C:\Users\Public\Experiments\IDs\05-WMC\MU","Tr12_study1.png","4","447327","C:/Users/Public/Experiments/IDs/05-WMC/MU/MUsbj089.csv","study","1000","3","89","455065","456067"
"MU.osexp","C:\Users\Public\Experiments\IDs\05-WMC\MU","Tr12_study2.png","4","447327","C:/Users/Public/Experiments/IDs/05-WMC/MU/MUsbj089.csv","study","1000","3","89","456400","457400"
"MU.osexp","C:\Users\Public\Experiments\IDs\05-WMC\MU","Tr12_study3.png","4","447327","C:/Users/Public/Experiments/IDs/05-WMC/MU/MUsbj089.csv","study","1000","3","89","457741","458742"
"MU.osexp","C:\Users\Public\Experiments\IDs\05-WMC\MU","Tr12_update1.png","4","447327","C:/Users/Public/Experiments/IDs/05-WMC/MU/MUsbj089.csv","update","1300","3","89","459145","460445"
"MU.osexp","C:\Users\Public\Experiments\IDs\05-WMC\MU","Tr12_update2.png","4","447327","C:/Users/Public/Experiments/IDs/05-WMC/MU/MUsbj089.csv","update","1300","3","89","460774","462075"
"MU.osexp","C:\Users\Public\Experiments\IDs\05-WMC\MU","Tr12_update3.png","4","447327","C:/Users/Public/Experiments/IDs/05-WMC/MU/MUsbj089.csv","update","1300","3","89","462429","463729"
"MU.osexp","C:\Users\Public\Experiments\IDs\05-WMC\MU","Tr12_update4.png","4","447327","C:/Users/Public/Experiments/IDs/05-WMC/MU/MUsbj089.csv","update","1300","3","89","464058","465360"
"MU.osexp","C:\Users\Public\Experiments\IDs\05-WMC\MU","Tr12_update5.png","4","447327","C:/Users/Public/Experiments/IDs/05-WMC/MU/MUsbj089.csv","update","1300","3","89","465693","466995"
"MU.osexp","C:\Users\Public\Experiments\IDs\05-WMC\MU","Tr12_test1.png","6","472112","C:/Users/Public/Experiments/IDs/05-WMC/MU/MUsbj089.csv","test","0","3","89","467320","472113"
"MU.osexp","C:\Users\Public\Experiments\IDs\05-WMC\MU","Tr12_test2.png","1","474936","C:/Users/Public/Experiments/IDs/05-WMC/MU/MUsbj089.csv","test","0","3","89","473250","474937"
"MU.osexp","C:\Users\Public\Experiments\IDs\05-WMC\MU","Tr12_test3.png","8","476368","C:/Users/Public/Experiments/IDs/05-WMC/MU/MUsbj089.csv","test","0","3","89","476045","476369"
"MU.osexp","C:\Users\Public\Experiments\IDs\05-WMC\MU","wait.png","8","476368","C:/Users/Public/Experiments/IDs/05-WMC/MU/MUsbj089.csv","wait","5000","3","89","477503","476369"
"MU.osexp","C:\Users\Public\Experiments\IDs\05-WMC\MU","fixation.png","8","476368","C:/Users/Public/Experiments/IDs/05-WMC/MU/MUsbj089.csv","fix","1500","3","89","482576","476369"
"MU.osexp","C:\Users\Public\Experiments\IDs\05-WMC\MU","Tr13_study1.png","8","476368","C:/Users/Public/Experiments/IDs/05-WMC/MU/MUsbj089.csv","study","1000","3","89","484160","485161"
"MU.osexp","C:\Users\Public\Experiments\IDs\05-WMC\MU","Tr13_study2.png","8","476368","C:/Users/Public/Experiments/IDs/05-WMC/MU/MUsbj089.csv","study","1000","3","89","485502","486504"
"MU.osexp","C:\Users\Public\Experiments\IDs\05-WMC\MU","Tr13_study3.png","8","476368","C:/Users/Public/Experiments/IDs/05-WMC/MU/MUsbj089.csv","study","1000","3","89","486839","487840"
"MU.osexp","C:\Users\Public\Experiments\IDs\05-WMC\MU","Tr13_update1.png","8","476368","C:/Users/Public/Experiments/IDs/05-WMC/MU/MUsbj089.csv","update","1300","3","89","488176","489477"
"MU.osexp","C:\Users\Public\Experiments\IDs\05-WMC\MU","Tr13_update2.png","8","476368","C:/Users/Public/Experiments/IDs/05-WMC/MU/MUsbj089.csv","update","1300","3","89","489883","491184"
"MU.osexp","C:\Users\Public\Experiments\IDs\05-WMC\MU","Tr13_update3.png","8","476368","C:/Users/Public/Experiments/IDs/05-WMC/MU/MUsbj089.csv","update","1300","3","89","491514","492816"
"MU.osexp","C:\Users\Public\Experiments\IDs\05-WMC\MU","Tr13_update4.png","8","476368","C:/Users/Public/Experiments/IDs/05-WMC/MU/MUsbj089.csv","update","1300","3","89","493143","494445"
"MU.osexp","C:\Users\Public\Experiments\IDs\05-WMC\MU","Tr13_test1.png","3","502007","C:/Users/Public/Experiments/IDs/05-WMC/MU/MUsbj089.csv","test","0","3","89","494771","502008"
"MU.osexp","C:\Users\Public\Experiments\IDs\05-WMC\MU","Tr13_test2.png","6","505048","C:/Users/Public/Experiments/IDs/05-WMC/MU/MUsbj089.csv","test","0","3","89","503095","505049"
"MU.osexp","C:\Users\Public\Experiments\IDs\05-WMC\MU","Tr13_test3.png","7","508384","C:/Users/Public/Experiments/IDs/05-WMC/MU/MUsbj089.csv","test","0","3","89","506129","508385"
"MU.osexp","C:\Users\Public\Experiments\IDs\05-WMC\MU","wait.png","7","508384","C:/Users/Public/Experiments/IDs/05-WMC/MU/MUsbj089.csv","wait","5000","5","89","509464","508385"
"MU.osexp","C:\Users\Public\Experiments\IDs\05-WMC\MU","fixation.png","7","508384","C:/Users/Public/Experiments/IDs/05-WMC/MU/MUsbj089.csv","fix","1500","5","89","514557","508385"
"MU.osexp","C:\Users\Public\Experiments\IDs\05-WMC\MU","Tr14_study1.png","7","508384","C:/Users/Public/Experiments/IDs/05-WMC/MU/MUsbj089.csv","study","1000","5","89","516136","517137"
"MU.osexp","C:\Users\Public\Experiments\IDs\05-WMC\MU","Tr14_study2.png","7","508384","C:/Users/Public/Experiments/IDs/05-WMC/MU/MUsbj089.csv","study","1000","5","89","517477","518477"
"MU.osexp","C:\Users\Public\Experiments\IDs\05-WMC\MU","Tr14_study3.png","7","508384","C:/Users/Public/Experiments/IDs/05-WMC/MU/MUsbj089.csv","study","1000","5","89","518804","519804"
"MU.osexp","C:\Users\Public\Experiments\IDs\05-WMC\MU","Tr14_study4.png","7","508384","C:/Users/Public/Experiments/IDs/05-WMC/MU/MUsbj089.csv","study","1000","5","89","520145","521147"
"MU.osexp","C:\Users\Public\Experiments\IDs\05-WMC\MU","Tr14_study5.png","7","508384","C:/Users/Public/Experiments/IDs/05-WMC/MU/MUsbj089.csv","study","1000","5","89","521485","522486"
"MU.osexp","C:\Users\Public\Experiments\IDs\05-WMC\MU","Tr14_update1.png","7","508384","C:/Users/Public/Experiments/IDs/05-WMC/MU/MUsbj089.csv","update","1300","5","89","522825","524126"
"MU.osexp","C:\Users\Public\Experiments\IDs\05-WMC\MU","Tr14_update2.png","7","508384","C:/Users/Public/Experiments/IDs/05-WMC/MU/MUsbj089.csv","update","1300","5","89","524464","525764"
"MU.osexp","C:\Users\Public\Experiments\IDs\05-WMC\MU","Tr14_update3.png","7","508384","C:/Users/Public/Experiments/IDs/05-WMC/MU/MUsbj089.csv","update","1300","5","89","526078","527378"
"MU.osexp","C:\Users\Public\Experiments\IDs\05-WMC\MU","Tr14_update4.png","7","508384","C:/Users/Public/Experiments/IDs/05-WMC/MU/MUsbj089.csv","update","1300","5","89","527712","529014"
"MU.osexp","C:\Users\Public\Experiments\IDs\05-WMC\MU","Tr14_test1.png","7","531392","C:/Users/Public/Experiments/IDs/05-WMC/MU/MUsbj089.csv","test","0","5","89","529335","531393"
"MU.osexp","C:\Users\Public\Experiments\IDs\05-WMC\MU","Tr14_test2.png","7","532912","C:/Users/Public/Experiments/IDs/05-WMC/MU/MUsbj089.csv","test","0","5","89","532466","532912"
"MU.osexp","C:\Users\Public\Experiments\IDs\05-WMC\MU","Tr14_test3.png","8","535048","C:/Users/Public/Experiments/IDs/05-WMC/MU/MUsbj089.csv","test","0","5","89","533983","535048"
"MU.osexp","C:\Users\Public\Experiments\IDs\05-WMC\MU","Tr14_test4.png","3","536463","C:/Users/Public/Experiments/IDs/05-WMC/MU/MUsbj089.csv","test","0","5","89","536124","536464"
"MU.osexp","C:\Users\Public\Experiments\IDs\05-WMC\MU","Tr14_test5.png","6","538848","C:/Users/Public/Experiments/IDs/05-WMC/MU/MUsbj089.csv","test","0","5","89","537549","538849"
"MU.osexp","C:\Users\Public\Experiments\IDs\05-WMC\MU","wait.png","6","538848","C:/Users/Public/Experiments/IDs/05-WMC/MU/MUsbj089.csv","wait","5000","4","89","539941","538849"
"MU.osexp","C:\Users\Public\Experiments\IDs\05-WMC\MU","fixation.png","6","538848","C:/Users/Public/Experiments/IDs/05-WMC/MU/MUsbj089.csv","fix","1500","4","89","545021","538849"
"MU.osexp","C:\Users\Public\Experiments\IDs\05-WMC\MU","Tr15_study1.png","6","538848","C:/Users/Public/Experiments/IDs/05-WMC/MU/MUsbj089.csv","study","1000","4","89","546597","547599"
"MU.osexp","C:\Users\Public\Experiments\IDs\05-WMC\MU","Tr15_study2.png","6","538848","C:/Users/Public/Experiments/IDs/05-WMC/MU/MUsbj089.csv","study","1000","4","89","547940","548942"
"MU.osexp","C:\Users\Public\Experiments\IDs\05-WMC\MU","Tr15_study3.png","6","538848","C:/Users/Public/Experiments/IDs/05-WMC/MU/MUsbj089.csv","study","1000","4","89","549258","550258"
"MU.osexp","C:\Users\Public\Experiments\IDs\05-WMC\MU","Tr15_study4.png","6","538848","C:/Users/Public/Experiments/IDs/05-WMC/MU/MUsbj089.csv","study","1000","4","89","550594","551595"
"MU.osexp","C:\Users\Public\Experiments\IDs\05-WMC\MU","Tr15_update1.png","6","538848","C:/Users/Public/Experiments/IDs/05-WMC/MU/MUsbj089.csv","update","1300","4","89","551925","553225"
"MU.osexp","C:\Users\Public\Experiments\IDs\05-WMC\MU","Tr15_update2.png","6","538848","C:/Users/Public/Experiments/IDs/05-WMC/MU/MUsbj089.csv","update","1300","4","89","553560","554861"
"MU.osexp","C:\Users\Public\Experiments\IDs\05-WMC\MU","Tr15_update3.png","6","538848","C:/Users/Public/Experiments/IDs/05-WMC/MU/MUsbj089.csv","update","1300","4","89","555197","556498"
"MU.osexp","C:\Users\Public\Experiments\IDs\05-WMC\MU","Tr15_update4.png","6","538848","C:/Users/Public/Experiments/IDs/05-WMC/MU/MUsbj089.csv","update","1300","4","89","556818","558118"
"MU.osexp","C:\Users\Public\Experiments\IDs\05-WMC\MU","Tr15_update5.png","6","538848","C:/Users/Public/Experiments/IDs/05-WMC/MU/MUsbj089.csv","update","1300","4","89","558445","559747"
"MU.osexp","C:\Users\Public\Experiments\IDs\05-WMC\MU","Tr15_update6.png","6","538848","C:/Users/Public/Experiments/IDs/05-WMC/MU/MUsbj089.csv","update","1300","4","89","560086","561388"
"MU.osexp","C:\Users\Public\Experiments\IDs\05-WMC\MU","Tr15_test1.png","9","563392","C:/Users/Public/Experiments/IDs/05-WMC/MU/MUsbj089.csv","test","0","4","89","561715","563393"
"MU.osexp","C:\Users\Public\Experiments\IDs\05-WMC\MU","Tr15_test2.png","9","565808","C:/Users/Public/Experiments/IDs/05-WMC/MU/MUsbj089.csv","test","0","4","89","564471","565809"
"MU.osexp","C:\Users\Public\Experiments\IDs\05-WMC\MU","Tr15_test3.png","9","567184","C:/Users/Public/Experiments/IDs/05-WMC/MU/MUsbj089.csv","test","0","4","89","566890","567185"
"MU.osexp","C:\Users\Public\Experiments\IDs\05-WMC\MU","Tr15_test4.png","9","568552","C:/Users/Public/Experiments/IDs/05-WMC/MU/MUsbj089.csv","test","0","4","89","568265","568552"
"MU.osexp","C:\Users\Public\Experiments\IDs\05-WMC\MU","wait.png","9","568552","C:/Users/Public/Experiments/IDs/05-WMC/MU/MUsbj089.csv","wait","5000","4","89","569633","568552"
"MU.osexp","C:\Users\Public\Experiments\IDs\05-WMC\MU","fixation.png","9","568552","C:/Users/Public/Experiments/IDs/05-WMC/MU/MUsbj089.csv","fix","1500","4","89","574710","568552"
"MU.osexp","C:\Users\Public\Experiments\IDs\05-WMC\MU","Tr16_study1.png","9","568552","C:/Users/Public/Experiments/IDs/05-WMC/MU/MUsbj089.csv","study","1000","4","89","576314","577315"
"MU.osexp","C:\Users\Public\Experiments\IDs\05-WMC\MU","Tr16_study2.png","9","568552","C:/Users/Public/Experiments/IDs/05-WMC/MU/MUsbj089.csv","study","1000","4","89","577627","578628"
"MU.osexp","C:\Users\Public\Experiments\IDs\05-WMC\MU","Tr16_study3.png","9","568552","C:/Users/Public/Experiments/IDs/05-WMC/MU/MUsbj089.csv","study","1000","4","89","578962","579963"
"MU.osexp","C:\Users\Public\Experiments\IDs\05-WMC\MU","Tr16_study4.png","9","568552","C:/Users/Public/Experiments/IDs/05-WMC/MU/MUsbj089.csv","study","1000","4","89","580294","581295"
"MU.osexp","C:\Users\Public\Experiments\IDs\05-WMC\MU","Tr16_update1.png","9","568552","C:/Users/Public/Experiments/IDs/05-WMC/MU/MUsbj089.csv","update","1300","4","89","581618","582920"
"MU.osexp","C:\Users\Public\Experiments\IDs\05-WMC\MU","Tr16_update2.png","9","568552","C:/Users/Public/Experiments/IDs/05-WMC/MU/MUsbj089.csv","update","1300","4","89","583274","584574"
"MU.osexp","C:\Users\Public\Experiments\IDs\05-WMC\MU","Tr16_test1.png","8","589151","C:/Users/Public/Experiments/IDs/05-WMC/MU/MUsbj089.csv","test","0","4","89","584915","589152"
"MU.osexp","C:\Users\Public\Experiments\IDs\05-WMC\MU","Tr16_test2.png","7","594064","C:/Users/Public/Experiments/IDs/05-WMC/MU/MUsbj089.csv","test","0","4","89","590232","594065"
"MU.osexp","C:\Users\Public\Experiments\IDs\05-WMC\MU","Tr16_test3.png","8","598264","C:/Users/Public/Experiments/IDs/05-WMC/MU/MUsbj089.csv","test","0","4","89","595162","598265"
"MU.osexp","C:\Users\Public\Experiments\IDs\05-WMC\MU","Tr16_test4.png","7","599616","C:/Users/Public/Experiments/IDs/05-WMC/MU/MUsbj089.csv","test","0","4","89","599344","599617"
"MU.osexp","C:\Users\Public\Experiments\IDs\05-WMC\MU","wait.png","7","599616","C:/Users/Public/Experiments/IDs/05-WMC/MU/MUsbj089.csv","wait","5000","5","89","600697","599617"
"MU.osexp","C:\Users\Public\Experiments\IDs\05-WMC\MU","fixation.png","7","599616","C:/Users/Public/Experiments/IDs/05-WMC/MU/MUsbj089.csv","fix","1500","5","89","605768","599617"
"MU.osexp","C:\Users\Public\Experiments\IDs\05-WMC\MU","Tr17_study1.png","7","599616","C:/Users/Public/Experiments/IDs/05-WMC/MU/MUsbj089.csv","study","1000","5","89","607360","608361"
"MU.osexp","C:\Users\Public\Experiments\IDs\05-WMC\MU","Tr17_study2.png","7","599616","C:/Users/Public/Experiments/IDs/05-WMC/MU/MUsbj089.csv","study","1000","5","89","608711","609713"
"MU.osexp","C:\Users\Public\Experiments\IDs\05-WMC\MU","Tr17_study3.png","7","599616","C:/Users/Public/Experiments/IDs/05-WMC/MU/MUsbj089.csv","study","1000","5","89","610047","611048"
"MU.osexp","C:\Users\Public\Experiments\IDs\05-WMC\MU","Tr17_study4.png","7","599616","C:/Users/Public/Experiments/IDs/05-WMC/MU/MUsbj089.csv","study","1000","5","89","611370","612371"
"MU.osexp","C:\Users\Public\Experiments\IDs\05-WMC\MU","Tr17_study5.png","7","599616","C:/Users/Public/Experiments/IDs/05-WMC/MU/MUsbj089.csv","study","1000","5","89","612691","613691"
"MU.osexp","C:\Users\Public\Experiments\IDs\05-WMC\MU","Tr17_update1.png","7","599616","C:/Users/Public/Experiments/IDs/05-WMC/MU/MUsbj089.csv","update","1300","5","89","614024","615326"
"MU.osexp","C:\Users\Public\Experiments\IDs\05-WMC\MU","Tr17_update2.png","7","599616","C:/Users/Public/Experiments/IDs/05-WMC/MU/MUsbj089.csv","update","1300","5","89","615656","616956"
"MU.osexp","C:\Users\Public\Experiments\IDs\05-WMC\MU","Tr17_update3.png","7","599616","C:/Users/Public/Experiments/IDs/05-WMC/MU/MUsbj089.csv","update","1300","5","89","617280","618581"
"MU.osexp","C:\Users\Public\Experiments\IDs\05-WMC\MU","Tr17_update4.png","7","599616","C:/Users/Public/Experiments/IDs/05-WMC/MU/MUsbj089.csv","update","1300","5","89","618897","620197"
"MU.osexp","C:\Users\Public\Experiments\IDs\05-WMC\MU","Tr17_update5.png","7","599616","C:/Users/Public/Experiments/IDs/05-WMC/MU/MUsbj089.csv","update","1300","5","89","620525","621827"
"MU.osexp","C:\Users\Public\Experiments\IDs\05-WMC\MU","Tr17_update6.png","7","599616","C:/Users/Public/Experiments/IDs/05-WMC/MU/MUsbj089.csv","update","1300","5","89","622158","623460"
"MU.osexp","C:\Users\Public\Experiments\IDs\05-WMC\MU","Tr17_test1.png","3","625815","C:/Users/Public/Experiments/IDs/05-WMC/MU/MUsbj089.csv","test","0","5","89","623789","625816"
"MU.osexp","C:\Users\Public\Experiments\IDs\05-WMC\MU","Tr17_test2.png","1","631016","C:/Users/Public/Experiments/IDs/05-WMC/MU/MUsbj089.csv","test","0","5","89","626882","631017"
"MU.osexp","C:\Users\Public\Experiments\IDs\05-WMC\MU","Tr17_test3.png","8","634136","C:/Users/Public/Experiments/IDs/05-WMC/MU/MUsbj089.csv","test","0","5","89","632106","634137"
"MU.osexp","C:\Users\Public\Experiments\IDs\05-WMC\MU","Tr17_test4.png","9","636208","C:/Users/Public/Experiments/IDs/05-WMC/MU/MUsbj089.csv","test","0","5","89","635217","636209"
"MU.osexp","C:\Users\Public\Experiments\IDs\05-WMC\MU","Tr17_test5.png","9","638840","C:/Users/Public/Experiments/IDs/05-WMC/MU/MUsbj089.csv","test","0","5","89","637305","638840"
