"experiment_file","experiment_path","image","key","key_time","logfile","phase","playtime","setSize","subject_nr","timestamp","waittime"
"MU.osexp","C:\Users\Public\Experiments\IDs\05-WMC\MU","ready1.png","NA","NA","C:/Users/Public/Experiments/IDs/05-WMC/MU/MUsbj068.csv","pre","0","3","68","178842","NA"
"MU.osexp","C:\Users\Public\Experiments\IDs\05-WMC\MU","fixation.png","NA","NA","C:/Users/Public/Experiments/IDs/05-WMC/MU/MUsbj068.csv","fix","1500","3","68","180852","NA"
"MU.osexp","C:\Users\Public\Experiments\IDs\05-WMC\MU","Tr1_study1.png","NA","NA","C:/Users/Public/Experiments/IDs/05-WMC/MU/MUsbj068.csv","study","1000","3","68","182474","183475"
"MU.osexp","C:\Users\Public\Experiments\IDs\05-WMC\MU","Tr1_study2.png","NA","NA","C:/Users/Public/Experiments/IDs/05-WMC/MU/MUsbj068.csv","study","1000","3","68","183843","184845"
"MU.osexp","C:\Users\Public\Experiments\IDs\05-WMC\MU","Tr1_study3.png","NA","NA","C:/Users/Public/Experiments/IDs/05-WMC/MU/MUsbj068.csv","study","1000","3","68","185249","186251"
"MU.osexp","C:\Users\Public\Experiments\IDs\05-WMC\MU","Tr1_update1.png","NA","NA","C:/Users/Public/Experiments/IDs/05-WMC/MU/MUsbj068.csv","update","1300","3","68","186594","187896"
"MU.osexp","C:\Users\Public\Experiments\IDs\05-WMC\MU","Tr1_update2.png","NA","NA","C:/Users/Public/Experiments/IDs/05-WMC/MU/MUsbj068.csv","update","1300","3","68","188263","189565"
"MU.osexp","C:\Users\Public\Experiments\IDs\05-WMC\MU","Tr1_update3.png","NA","NA","C:/Users/Public/Experiments/IDs/05-WMC/MU/MUsbj068.csv","update","1300","3","68","189917","191219"
"MU.osexp","C:\Users\Public\Experiments\IDs\05-WMC\MU","Tr1_test1.png","8","208547","C:/Users/Public/Experiments/IDs/05-WMC/MU/MUsbj068.csv","test","0","3","68","191612","208548"
"MU.osexp","C:\Users\Public\Experiments\IDs\05-WMC\MU","Tr1_test2.png","5","227171","C:/Users/Public/Experiments/IDs/05-WMC/MU/MUsbj068.csv","test","0","3","68","209651","227172"
"MU.osexp","C:\Users\Public\Experiments\IDs\05-WMC\MU","Tr1_test3.png","2","229635","C:/Users/Public/Experiments/IDs/05-WMC/MU/MUsbj068.csv","test","0","3","68","228378","229636"
"MU.osexp","C:\Users\Public\Experiments\IDs\05-WMC\MU","wait.png","2","229635","C:/Users/Public/Experiments/IDs/05-WMC/MU/MUsbj068.csv","wait","5000","3","68","230811","229636"
"MU.osexp","C:\Users\Public\Experiments\IDs\05-WMC\MU","fixation.png","2","229635","C:/Users/Public/Experiments/IDs/05-WMC/MU/MUsbj068.csv","fix","1500","3","68","235895","229636"
"MU.osexp","C:\Users\Public\Experiments\IDs\05-WMC\MU","Tr2_study1.png","2","229635","C:/Users/Public/Experiments/IDs/05-WMC/MU/MUsbj068.csv","study","1000","3","68","237466","238466"
"MU.osexp","C:\Users\Public\Experiments\IDs\05-WMC\MU","Tr2_study2.png","2","229635","C:/Users/Public/Experiments/IDs/05-WMC/MU/MUsbj068.csv","study","1000","3","68","238805","239805"
"MU.osexp","C:\Users\Public\Experiments\IDs\05-WMC\MU","Tr2_study3.png","2","229635","C:/Users/Public/Experiments/IDs/05-WMC/MU/MUsbj068.csv","study","1000","3","68","240137","241137"
"MU.osexp","C:\Users\Public\Experiments\IDs\05-WMC\MU","Tr2_update1.png","2","229635","C:/Users/Public/Experiments/IDs/05-WMC/MU/MUsbj068.csv","update","1300","3","68","241492","242794"
"MU.osexp","C:\Users\Public\Experiments\IDs\05-WMC\MU","Tr2_update2.png","2","229635","C:/Users/Public/Experiments/IDs/05-WMC/MU/MUsbj068.csv","update","1300","3","68","243169","244471"
"MU.osexp","C:\Users\Public\Experiments\IDs\05-WMC\MU","Tr2_update3.png","2","229635","C:/Users/Public/Experiments/IDs/05-WMC/MU/MUsbj068.csv","update","1300","3","68","244845","246147"
"MU.osexp","C:\Users\Public\Experiments\IDs\05-WMC\MU","Tr2_test1.png","4","261187","C:/Users/Public/Experiments/IDs/05-WMC/MU/MUsbj068.csv","test","0","3","68","246505","261189"
"MU.osexp","C:\Users\Public\Experiments\IDs\05-WMC\MU","Tr2_test2.png","6","264659","C:/Users/Public/Experiments/IDs/05-WMC/MU/MUsbj068.csv","test","0","3","68","262262","264660"
"MU.osexp","C:\Users\Public\Experiments\IDs\05-WMC\MU","Tr2_test3.png","1","268443","C:/Users/Public/Experiments/IDs/05-WMC/MU/MUsbj068.csv","test","0","3","68","265749","268444"
"MU.osexp","C:\Users\Public\Experiments\IDs\05-WMC\MU","ready2.png","1","268443","C:/Users/Public/Experiments/IDs/05-WMC/MU/MUsbj068.csv","pre","0","3","68","272582","268444"
"MU.osexp","C:\Users\Public\Experiments\IDs\05-WMC\MU","fixation.png","1","268443","C:/Users/Public/Experiments/IDs/05-WMC/MU/MUsbj068.csv","fix","1500","3","68","274784","268444"
"MU.osexp","C:\Users\Public\Experiments\IDs\05-WMC\MU","Tr3_study1.png","1","268443","C:/Users/Public/Experiments/IDs/05-WMC/MU/MUsbj068.csv","study","1000","3","68","276389","277390"
"MU.osexp","C:\Users\Public\Experiments\IDs\05-WMC\MU","Tr3_study2.png","1","268443","C:/Users/Public/Experiments/IDs/05-WMC/MU/MUsbj068.csv","study","1000","3","68","277727","278729"
"MU.osexp","C:\Users\Public\Experiments\IDs\05-WMC\MU","Tr3_study3.png","1","268443","C:/Users/Public/Experiments/IDs/05-WMC/MU/MUsbj068.csv","study","1000","3","68","279071","280073"
"MU.osexp","C:\Users\Public\Experiments\IDs\05-WMC\MU","Tr3_update1.png","1","268443","C:/Users/Public/Experiments/IDs/05-WMC/MU/MUsbj068.csv","update","1300","3","68","280459","281761"
"MU.osexp","C:\Users\Public\Experiments\IDs\05-WMC\MU","Tr3_update2.png","1","268443","C:/Users/Public/Experiments/IDs/05-WMC/MU/MUsbj068.csv","update","1300","3","68","282105","283407"
"MU.osexp","C:\Users\Public\Experiments\IDs\05-WMC\MU","Tr3_update3.png","1","268443","C:/Users/Public/Experiments/IDs/05-WMC/MU/MUsbj068.csv","update","1300","3","68","283772","285074"
"MU.osexp","C:\Users\Public\Experiments\IDs\05-WMC\MU","Tr3_test1.png","9","290316","C:/Users/Public/Experiments/IDs/05-WMC/MU/MUsbj068.csv","test","0","3","68","285425","290317"
"MU.osexp","C:\Users\Public\Experiments\IDs\05-WMC\MU","Tr3_test2.png","4","294196","C:/Users/Public/Experiments/IDs/05-WMC/MU/MUsbj068.csv","test","0","3","68","291413","294196"
"MU.osexp","C:\Users\Public\Experiments\IDs\05-WMC\MU","Tr3_test3.png","8","299219","C:/Users/Public/Experiments/IDs/05-WMC/MU/MUsbj068.csv","test","0","3","68","295313","299220"
"MU.osexp","C:\Users\Public\Experiments\IDs\05-WMC\MU","wait.png","8","299219","C:/Users/Public/Experiments/IDs/05-WMC/MU/MUsbj068.csv","wait","5000","4","68","300315","299220"
"MU.osexp","C:\Users\Public\Experiments\IDs\05-WMC\MU","fixation.png","8","299219","C:/Users/Public/Experiments/IDs/05-WMC/MU/MUsbj068.csv","fix","1500","4","68","305424","299220"
"MU.osexp","C:\Users\Public\Experiments\IDs\05-WMC\MU","Tr4_study1.png","8","299219","C:/Users/Public/Experiments/IDs/05-WMC/MU/MUsbj068.csv","study","1000","4","68","307057","308059"
"MU.osexp","C:\Users\Public\Experiments\IDs\05-WMC\MU","Tr4_study2.png","8","299219","C:/Users/Public/Experiments/IDs/05-WMC/MU/MUsbj068.csv","study","1000","4","68","308397","309399"
"MU.osexp","C:\Users\Public\Experiments\IDs\05-WMC\MU","Tr4_study3.png","8","299219","C:/Users/Public/Experiments/IDs/05-WMC/MU/MUsbj068.csv","study","1000","4","68","309771","310772"
"MU.osexp","C:\Users\Public\Experiments\IDs\05-WMC\MU","Tr4_study4.png","8","299219","C:/Users/Public/Experiments/IDs/05-WMC/MU/MUsbj068.csv","study","1000","4","68","311277","312279"
"MU.osexp","C:\Users\Public\Experiments\IDs\05-WMC\MU","Tr4_update1.png","8","299219","C:/Users/Public/Experiments/IDs/05-WMC/MU/MUsbj068.csv","update","1300","4","68","312667","313969"
"MU.osexp","C:\Users\Public\Experiments\IDs\05-WMC\MU","Tr4_update2.png","8","299219","C:/Users/Public/Experiments/IDs/05-WMC/MU/MUsbj068.csv","update","1300","4","68","314313","315615"
"MU.osexp","C:\Users\Public\Experiments\IDs\05-WMC\MU","Tr4_update3.png","8","299219","C:/Users/Public/Experiments/IDs/05-WMC/MU/MUsbj068.csv","update","1300","4","68","315981","317283"
"MU.osexp","C:\Users\Public\Experiments\IDs\05-WMC\MU","Tr4_update4.png","8","299219","C:/Users/Public/Experiments/IDs/05-WMC/MU/MUsbj068.csv","update","1300","4","68","317648","318950"
"MU.osexp","C:\Users\Public\Experiments\IDs\05-WMC\MU","Tr4_test1.png","9","331468","C:/Users/Public/Experiments/IDs/05-WMC/MU/MUsbj068.csv","test","0","4","68","319342","331468"
"MU.osexp","C:\Users\Public\Experiments\IDs\05-WMC\MU","Tr4_test2.png","8","343348","C:/Users/Public/Experiments/IDs/05-WMC/MU/MUsbj068.csv","test","0","4","68","332570","343349"
"MU.osexp","C:\Users\Public\Experiments\IDs\05-WMC\MU","Tr4_test3.png","1","349372","C:/Users/Public/Experiments/IDs/05-WMC/MU/MUsbj068.csv","test","0","4","68","344445","349372"
"MU.osexp","C:\Users\Public\Experiments\IDs\05-WMC\MU","Tr4_test4.png","6","356147","C:/Users/Public/Experiments/IDs/05-WMC/MU/MUsbj068.csv","test","0","4","68","350484","356148"
"MU.osexp","C:\Users\Public\Experiments\IDs\05-WMC\MU","wait.png","6","356147","C:/Users/Public/Experiments/IDs/05-WMC/MU/MUsbj068.csv","wait","5000","3","68","357240","356148"
"MU.osexp","C:\Users\Public\Experiments\IDs\05-WMC\MU","fixation.png","6","356147","C:/Users/Public/Experiments/IDs/05-WMC/MU/MUsbj068.csv","fix","1500","3","68","362343","356148"
"MU.osexp","C:\Users\Public\Experiments\IDs\05-WMC\MU","Tr5_study1.png","6","356147","C:/Users/Public/Experiments/IDs/05-WMC/MU/MUsbj068.csv","study","1000","3","68","363947","364949"
"MU.osexp","C:\Users\Public\Experiments\IDs\05-WMC\MU","Tr5_study2.png","6","356147","C:/Users/Public/Experiments/IDs/05-WMC/MU/MUsbj068.csv","study","1000","3","68","365278","366280"
"MU.osexp","C:\Users\Public\Experiments\IDs\05-WMC\MU","Tr5_study3.png","6","356147","C:/Users/Public/Experiments/IDs/05-WMC/MU/MUsbj068.csv","study","1000","3","68","366636","367637"
"MU.osexp","C:\Users\Public\Experiments\IDs\05-WMC\MU","Tr5_update1.png","6","356147","C:/Users/Public/Experiments/IDs/05-WMC/MU/MUsbj068.csv","update","1300","3","68","368002","369304"
"MU.osexp","C:\Users\Public\Experiments\IDs\05-WMC\MU","Tr5_update2.png","6","356147","C:/Users/Public/Experiments/IDs/05-WMC/MU/MUsbj068.csv","update","1300","3","68","369807","371109"
"MU.osexp","C:\Users\Public\Experiments\IDs\05-WMC\MU","Tr5_update3.png","6","356147","C:/Users/Public/Experiments/IDs/05-WMC/MU/MUsbj068.csv","update","1300","3","68","371454","372756"
"MU.osexp","C:\Users\Public\Experiments\IDs\05-WMC\MU","Tr5_update4.png","6","356147","C:/Users/Public/Experiments/IDs/05-WMC/MU/MUsbj068.csv","update","1300","3","68","373130","374432"
"MU.osexp","C:\Users\Public\Experiments\IDs\05-WMC\MU","Tr5_update5.png","6","356147","C:/Users/Public/Experiments/IDs/05-WMC/MU/MUsbj068.csv","update","1300","3","68","374854","376156"
"MU.osexp","C:\Users\Public\Experiments\IDs\05-WMC\MU","Tr5_update6.png","6","356147","C:/Users/Public/Experiments/IDs/05-WMC/MU/MUsbj068.csv","update","1300","3","68","376499","377801"
"MU.osexp","C:\Users\Public\Experiments\IDs\05-WMC\MU","Tr5_test1.png","5","385316","C:/Users/Public/Experiments/IDs/05-WMC/MU/MUsbj068.csv","test","0","3","68","378149","385316"
"MU.osexp","C:\Users\Public\Experiments\IDs\05-WMC\MU","Tr5_test2.png","6","388883","C:/Users/Public/Experiments/IDs/05-WMC/MU/MUsbj068.csv","test","0","3","68","386408","388884"
"MU.osexp","C:\Users\Public\Experiments\IDs\05-WMC\MU","Tr5_test3.png","8","393396","C:/Users/Public/Experiments/IDs/05-WMC/MU/MUsbj068.csv","test","0","3","68","389994","393397"
"MU.osexp","C:\Users\Public\Experiments\IDs\05-WMC\MU","wait.png","8","393396","C:/Users/Public/Experiments/IDs/05-WMC/MU/MUsbj068.csv","wait","5000","4","68","394520","393397"
"MU.osexp","C:\Users\Public\Experiments\IDs\05-WMC\MU","fixation.png","8","393396","C:/Users/Public/Experiments/IDs/05-WMC/MU/MUsbj068.csv","fix","1500","4","68","399593","393397"
"MU.osexp","C:\Users\Public\Experiments\IDs\05-WMC\MU","Tr6_study1.png","8","393396","C:/Users/Public/Experiments/IDs/05-WMC/MU/MUsbj068.csv","study","1000","4","68","401209","402209"
"MU.osexp","C:\Users\Public\Experiments\IDs\05-WMC\MU","Tr6_study2.png","8","393396","C:/Users/Public/Experiments/IDs/05-WMC/MU/MUsbj068.csv","study","1000","4","68","402563","403564"
"MU.osexp","C:\Users\Public\Experiments\IDs\05-WMC\MU","Tr6_study3.png","8","393396","C:/Users/Public/Experiments/IDs/05-WMC/MU/MUsbj068.csv","study","1000","4","68","403945","404945"
"MU.osexp","C:\Users\Public\Experiments\IDs\05-WMC\MU","Tr6_study4.png","8","393396","C:/Users/Public/Experiments/IDs/05-WMC/MU/MUsbj068.csv","study","1000","4","68","405276","406278"
"MU.osexp","C:\Users\Public\Experiments\IDs\05-WMC\MU","Tr6_update1.png","8","393396","C:/Users/Public/Experiments/IDs/05-WMC/MU/MUsbj068.csv","update","1300","4","68","406639","407940"
"MU.osexp","C:\Users\Public\Experiments\IDs\05-WMC\MU","Tr6_update2.png","8","393396","C:/Users/Public/Experiments/IDs/05-WMC/MU/MUsbj068.csv","update","1300","4","68","408284","409586"
"MU.osexp","C:\Users\Public\Experiments\IDs\05-WMC\MU","Tr6_update3.png","8","393396","C:/Users/Public/Experiments/IDs/05-WMC/MU/MUsbj068.csv","update","1300","4","68","409947","411249"
"MU.osexp","C:\Users\Public\Experiments\IDs\05-WMC\MU","Tr6_update4.png","8","393396","C:/Users/Public/Experiments/IDs/05-WMC/MU/MUsbj068.csv","update","1300","4","68","411608","412910"
"MU.osexp","C:\Users\Public\Experiments\IDs\05-WMC\MU","Tr6_update5.png","8","393396","C:/Users/Public/Experiments/IDs/05-WMC/MU/MUsbj068.csv","update","1300","4","68","413258","414560"
"MU.osexp","C:\Users\Public\Experiments\IDs\05-WMC\MU","Tr6_test1.png","6","424563","C:/Users/Public/Experiments/IDs/05-WMC/MU/MUsbj068.csv","test","0","4","68","414905","424564"
"MU.osexp","C:\Users\Public\Experiments\IDs\05-WMC\MU","Tr6_test2.png","2","433572","C:/Users/Public/Experiments/IDs/05-WMC/MU/MUsbj068.csv","test","0","4","68","425666","433573"
"MU.osexp","C:\Users\Public\Experiments\IDs\05-WMC\MU","Tr6_test3.png","4","437668","C:/Users/Public/Experiments/IDs/05-WMC/MU/MUsbj068.csv","test","0","4","68","434679","437668"
"MU.osexp","C:\Users\Public\Experiments\IDs\05-WMC\MU","Tr6_test4.png","2","442107","C:/Users/Public/Experiments/IDs/05-WMC/MU/MUsbj068.csv","test","0","4","68","438862","442108"
"MU.osexp","C:\Users\Public\Experiments\IDs\05-WMC\MU","wait.png","2","442107","C:/Users/Public/Experiments/IDs/05-WMC/MU/MUsbj068.csv","wait","5000","5","68","443210","442108"
"MU.osexp","C:\Users\Public\Experiments\IDs\05-WMC\MU","fixation.png","2","442107","C:/Users/Public/Experiments/IDs/05-WMC/MU/MUsbj068.csv","fix","1500","5","68","448316","442108"
"MU.osexp","C:\Users\Public\Experiments\IDs\05-WMC\MU","Tr7_study1.png","2","442107","C:/Users/Public/Experiments/IDs/05-WMC/MU/MUsbj068.csv","study","1000","5","68","449931","450932"
"MU.osexp","C:\Users\Public\Experiments\IDs\05-WMC\MU","Tr7_study2.png","2","442107","C:/Users/Public/Experiments/IDs/05-WMC/MU/MUsbj068.csv","study","1000","5","68","451293","452295"
"MU.osexp","C:\Users\Public\Experiments\IDs\05-WMC\MU","Tr7_study3.png","2","442107","C:/Users/Public/Experiments/IDs/05-WMC/MU/MUsbj068.csv","study","1000","5","68","452674","453674"
"MU.osexp","C:\Users\Public\Experiments\IDs\05-WMC\MU","Tr7_study4.png","2","442107","C:/Users/Public/Experiments/IDs/05-WMC/MU/MUsbj068.csv","study","1000","5","68","454035","455037"
"MU.osexp","C:\Users\Public\Experiments\IDs\05-WMC\MU","Tr7_study5.png","2","442107","C:/Users/Public/Experiments/IDs/05-WMC/MU/MUsbj068.csv","study","1000","5","68","455513","456514"
"MU.osexp","C:\Users\Public\Experiments\IDs\05-WMC\MU","Tr7_update1.png","2","442107","C:/Users/Public/Experiments/IDs/05-WMC/MU/MUsbj068.csv","update","1300","5","68","456878","458180"
"MU.osexp","C:\Users\Public\Experiments\IDs\05-WMC\MU","Tr7_update2.png","2","442107","C:/Users/Public/Experiments/IDs/05-WMC/MU/MUsbj068.csv","update","1300","5","68","458546","459848"
"MU.osexp","C:\Users\Public\Experiments\IDs\05-WMC\MU","Tr7_update3.png","2","442107","C:/Users/Public/Experiments/IDs/05-WMC/MU/MUsbj068.csv","update","1300","5","68","460206","461508"
"MU.osexp","C:\Users\Public\Experiments\IDs\05-WMC\MU","Tr7_update4.png","2","442107","C:/Users/Public/Experiments/IDs/05-WMC/MU/MUsbj068.csv","update","1300","5","68","461873","463175"
"MU.osexp","C:\Users\Public\Experiments\IDs\05-WMC\MU","Tr7_update5.png","2","442107","C:/Users/Public/Experiments/IDs/05-WMC/MU/MUsbj068.csv","update","1300","5","68","463530","464832"
"MU.osexp","C:\Users\Public\Experiments\IDs\05-WMC\MU","Tr7_test1.png","3","470004","C:/Users/Public/Experiments/IDs/05-WMC/MU/MUsbj068.csv","test","0","5","68","465214","470004"
"MU.osexp","C:\Users\Public\Experiments\IDs\05-WMC\MU","Tr7_test2.png","5","475339","C:/Users/Public/Experiments/IDs/05-WMC/MU/MUsbj068.csv","test","0","5","68","471147","475340"
"MU.osexp","C:\Users\Public\Experiments\IDs\05-WMC\MU","Tr7_test3.png","1","477963","C:/Users/Public/Experiments/IDs/05-WMC/MU/MUsbj068.csv","test","0","5","68","476427","477964"
"MU.osexp","C:\Users\Public\Experiments\IDs\05-WMC\MU","Tr7_test4.png","7","480148","C:/Users/Public/Experiments/IDs/05-WMC/MU/MUsbj068.csv","test","0","5","68","479068","480149"
"MU.osexp","C:\Users\Public\Experiments\IDs\05-WMC\MU","Tr7_test5.png","2","483852","C:/Users/Public/Experiments/IDs/05-WMC/MU/MUsbj068.csv","test","0","5","68","481242","483853"
"MU.osexp","C:\Users\Public\Experiments\IDs\05-WMC\MU","wait.png","2","483852","C:/Users/Public/Experiments/IDs/05-WMC/MU/MUsbj068.csv","wait","5000","4","68","484962","483853"
"MU.osexp","C:\Users\Public\Experiments\IDs\05-WMC\MU","fixation.png","2","483852","C:/Users/Public/Experiments/IDs/05-WMC/MU/MUsbj068.csv","fix","1500","4","68","490059","483853"
"MU.osexp","C:\Users\Public\Experiments\IDs\05-WMC\MU","Tr8_study1.png","2","483852","C:/Users/Public/Experiments/IDs/05-WMC/MU/MUsbj068.csv","study","1000","4","68","491682","492684"
"MU.osexp","C:\Users\Public\Experiments\IDs\05-WMC\MU","Tr8_study2.png","2","483852","C:/Users/Public/Experiments/IDs/05-WMC/MU/MUsbj068.csv","study","1000","4","68","493039","494040"
"MU.osexp","C:\Users\Public\Experiments\IDs\05-WMC\MU","Tr8_study3.png","2","483852","C:/Users/Public/Experiments/IDs/05-WMC/MU/MUsbj068.csv","study","1000","4","68","494392","495393"
"MU.osexp","C:\Users\Public\Experiments\IDs\05-WMC\MU","Tr8_study4.png","2","483852","C:/Users/Public/Experiments/IDs/05-WMC/MU/MUsbj068.csv","study","1000","4","68","495731","496733"
"MU.osexp","C:\Users\Public\Experiments\IDs\05-WMC\MU","Tr8_update1.png","2","483852","C:/Users/Public/Experiments/IDs/05-WMC/MU/MUsbj068.csv","update","1300","4","68","497131","498433"
"MU.osexp","C:\Users\Public\Experiments\IDs\05-WMC\MU","Tr8_update2.png","2","483852","C:/Users/Public/Experiments/IDs/05-WMC/MU/MUsbj068.csv","update","1300","4","68","498865","500167"
"MU.osexp","C:\Users\Public\Experiments\IDs\05-WMC\MU","Tr8_update3.png","2","483852","C:/Users/Public/Experiments/IDs/05-WMC/MU/MUsbj068.csv","update","1300","4","68","500534","501836"
"MU.osexp","C:\Users\Public\Experiments\IDs\05-WMC\MU","Tr8_test1.png","6","511315","C:/Users/Public/Experiments/IDs/05-WMC/MU/MUsbj068.csv","test","0","4","68","502214","511316"
"MU.osexp","C:\Users\Public\Experiments\IDs\05-WMC\MU","Tr8_test2.png","9","514620","C:/Users/Public/Experiments/IDs/05-WMC/MU/MUsbj068.csv","test","0","4","68","512447","514621"
"MU.osexp","C:\Users\Public\Experiments\IDs\05-WMC\MU","Tr8_test3.png","5","518020","C:/Users/Public/Experiments/IDs/05-WMC/MU/MUsbj068.csv","test","0","4","68","515718","518021"
"MU.osexp","C:\Users\Public\Experiments\IDs\05-WMC\MU","Tr8_test4.png","1","520364","C:/Users/Public/Experiments/IDs/05-WMC/MU/MUsbj068.csv","test","0","4","68","519162","520365"
"MU.osexp","C:\Users\Public\Experiments\IDs\05-WMC\MU","wait.png","1","520364","C:/Users/Public/Experiments/IDs/05-WMC/MU/MUsbj068.csv","wait","5000","5","68","521473","520365"
"MU.osexp","C:\Users\Public\Experiments\IDs\05-WMC\MU","fixation.png","1","520364","C:/Users/Public/Experiments/IDs/05-WMC/MU/MUsbj068.csv","fix","1500","5","68","526581","520365"
"MU.osexp","C:\Users\Public\Experiments\IDs\05-WMC\MU","Tr9_study1.png","1","520364","C:/Users/Public/Experiments/IDs/05-WMC/MU/MUsbj068.csv","study","1000","5","68","528193","529194"
"MU.osexp","C:\Users\Public\Experiments\IDs\05-WMC\MU","Tr9_study2.png","1","520364","C:/Users/Public/Experiments/IDs/05-WMC/MU/MUsbj068.csv","study","1000","5","68","529532","530534"
"MU.osexp","C:\Users\Public\Experiments\IDs\05-WMC\MU","Tr9_study3.png","1","520364","C:/Users/Public/Experiments/IDs/05-WMC/MU/MUsbj068.csv","study","1000","5","68","530904","531905"
"MU.osexp","C:\Users\Public\Experiments\IDs\05-WMC\MU","Tr9_study4.png","1","520364","C:/Users/Public/Experiments/IDs/05-WMC/MU/MUsbj068.csv","study","1000","5","68","532253","533255"
"MU.osexp","C:\Users\Public\Experiments\IDs\05-WMC\MU","Tr9_study5.png","1","520364","C:/Users/Public/Experiments/IDs/05-WMC/MU/MUsbj068.csv","study","1000","5","68","533604","534604"
"MU.osexp","C:\Users\Public\Experiments\IDs\05-WMC\MU","Tr9_update1.png","1","520364","C:/Users/Public/Experiments/IDs/05-WMC/MU/MUsbj068.csv","update","1300","5","68","534969","536271"
"MU.osexp","C:\Users\Public\Experiments\IDs\05-WMC\MU","Tr9_update2.png","1","520364","C:/Users/Public/Experiments/IDs/05-WMC/MU/MUsbj068.csv","update","1300","5","68","536611","537913"
"MU.osexp","C:\Users\Public\Experiments\IDs\05-WMC\MU","Tr9_test1.png","4","543156","C:/Users/Public/Experiments/IDs/05-WMC/MU/MUsbj068.csv","test","0","5","68","538257","543157"
"MU.osexp","C:\Users\Public\Experiments\IDs\05-WMC\MU","Tr9_test2.png","6","547571","C:/Users/Public/Experiments/IDs/05-WMC/MU/MUsbj068.csv","test","0","5","68","544222","547572"
"MU.osexp","C:\Users\Public\Experiments\IDs\05-WMC\MU","Tr9_test3.png","3","551316","C:/Users/Public/Experiments/IDs/05-WMC/MU/MUsbj068.csv","test","0","5","68","548638","551317"
"MU.osexp","C:\Users\Public\Experiments\IDs\05-WMC\MU","Tr9_test4.png","2","554108","C:/Users/Public/Experiments/IDs/05-WMC/MU/MUsbj068.csv","test","0","5","68","552394","554109"
"MU.osexp","C:\Users\Public\Experiments\IDs\05-WMC\MU","Tr9_test5.png","9","555908","C:/Users/Public/Experiments/IDs/05-WMC/MU/MUsbj068.csv","test","0","5","68","555188","555909"
"MU.osexp","C:\Users\Public\Experiments\IDs\05-WMC\MU","wait.png","9","555908","C:/Users/Public/Experiments/IDs/05-WMC/MU/MUsbj068.csv","wait","5000","3","68","556989","555909"
"MU.osexp","C:\Users\Public\Experiments\IDs\05-WMC\MU","fixation.png","9","555908","C:/Users/Public/Experiments/IDs/05-WMC/MU/MUsbj068.csv","fix","1500","3","68","562097","555909"
"MU.osexp","C:\Users\Public\Experiments\IDs\05-WMC\MU","Tr10_study1.png","9","555908","C:/Users/Public/Experiments/IDs/05-WMC/MU/MUsbj068.csv","study","1000","3","68","563720","564721"
"MU.osexp","C:\Users\Public\Experiments\IDs\05-WMC\MU","Tr10_study2.png","9","555908","C:/Users/Public/Experiments/IDs/05-WMC/MU/MUsbj068.csv","study","1000","3","68","565072","566072"
"MU.osexp","C:\Users\Public\Experiments\IDs\05-WMC\MU","Tr10_study3.png","9","555908","C:/Users/Public/Experiments/IDs/05-WMC/MU/MUsbj068.csv","study","1000","3","68","566390","567390"
"MU.osexp","C:\Users\Public\Experiments\IDs\05-WMC\MU","Tr10_update1.png","9","555908","C:/Users/Public/Experiments/IDs/05-WMC/MU/MUsbj068.csv","update","1300","3","68","567726","569026"
"MU.osexp","C:\Users\Public\Experiments\IDs\05-WMC\MU","Tr10_update2.png","9","555908","C:/Users/Public/Experiments/IDs/05-WMC/MU/MUsbj068.csv","update","1300","3","68","569358","570658"
"MU.osexp","C:\Users\Public\Experiments\IDs\05-WMC\MU","Tr10_test1.png","5","575156","C:/Users/Public/Experiments/IDs/05-WMC/MU/MUsbj068.csv","test","0","3","68","570982","575157"
"MU.osexp","C:\Users\Public\Experiments\IDs\05-WMC\MU","Tr10_test2.png","2","582483","C:/Users/Public/Experiments/IDs/05-WMC/MU/MUsbj068.csv","test","0","3","68","576286","582484"
"MU.osexp","C:\Users\Public\Experiments\IDs\05-WMC\MU","Tr10_test3.png","2","583899","C:/Users/Public/Experiments/IDs/05-WMC/MU/MUsbj068.csv","test","0","3","68","583559","583900"
"MU.osexp","C:\Users\Public\Experiments\IDs\05-WMC\MU","wait.png","2","583899","C:/Users/Public/Experiments/IDs/05-WMC/MU/MUsbj068.csv","wait","5000","5","68","585021","583900"
"MU.osexp","C:\Users\Public\Experiments\IDs\05-WMC\MU","fixation.png","2","583899","C:/Users/Public/Experiments/IDs/05-WMC/MU/MUsbj068.csv","fix","1500","5","68","590149","583900"
"MU.osexp","C:\Users\Public\Experiments\IDs\05-WMC\MU","Tr11_study1.png","2","583899","C:/Users/Public/Experiments/IDs/05-WMC/MU/MUsbj068.csv","study","1000","5","68","591762","592763"
"MU.osexp","C:\Users\Public\Experiments\IDs\05-WMC\MU","Tr11_study2.png","2","583899","C:/Users/Public/Experiments/IDs/05-WMC/MU/MUsbj068.csv","study","1000","5","68","593141","594143"
"MU.osexp","C:\Users\Public\Experiments\IDs\05-WMC\MU","Tr11_study3.png","2","583899","C:/Users/Public/Experiments/IDs/05-WMC/MU/MUsbj068.csv","study","1000","5","68","594495","595496"
"MU.osexp","C:\Users\Public\Experiments\IDs\05-WMC\MU","Tr11_study4.png","2","583899","C:/Users/Public/Experiments/IDs/05-WMC/MU/MUsbj068.csv","study","1000","5","68","595845","596847"
"MU.osexp","C:\Users\Public\Experiments\IDs\05-WMC\MU","Tr11_study5.png","2","583899","C:/Users/Public/Experiments/IDs/05-WMC/MU/MUsbj068.csv","study","1000","5","68","597229","598230"
"MU.osexp","C:\Users\Public\Experiments\IDs\05-WMC\MU","Tr11_update1.png","2","583899","C:/Users/Public/Experiments/IDs/05-WMC/MU/MUsbj068.csv","update","1300","5","68","598605","599907"
"MU.osexp","C:\Users\Public\Experiments\IDs\05-WMC\MU","Tr11_update2.png","2","583899","C:/Users/Public/Experiments/IDs/05-WMC/MU/MUsbj068.csv","update","1300","5","68","600265","601567"
"MU.osexp","C:\Users\Public\Experiments\IDs\05-WMC\MU","Tr11_update3.png","2","583899","C:/Users/Public/Experiments/IDs/05-WMC/MU/MUsbj068.csv","update","1300","5","68","601935","603237"
"MU.osexp","C:\Users\Public\Experiments\IDs\05-WMC\MU","Tr11_test1.png","1","605764","C:/Users/Public/Experiments/IDs/05-WMC/MU/MUsbj068.csv","test","0","5","68","603573","605765"
"MU.osexp","C:\Users\Public\Experiments\IDs\05-WMC\MU","Tr11_test2.png","5","609588","C:/Users/Public/Experiments/IDs/05-WMC/MU/MUsbj068.csv","test","0","5","68","606880","609589"
"MU.osexp","C:\Users\Public\Experiments\IDs\05-WMC\MU","Tr11_test3.png","5","612580","C:/Users/Public/Experiments/IDs/05-WMC/MU/MUsbj068.csv","test","0","5","68","610680","612580"
"MU.osexp","C:\Users\Public\Experiments\IDs\05-WMC\MU","Tr11_test4.png","6","615851","C:/Users/Public/Experiments/IDs/05-WMC/MU/MUsbj068.csv","test","0","5","68","613695","615852"
"MU.osexp","C:\Users\Public\Experiments\IDs\05-WMC\MU","Tr11_test5.png","3","619324","C:/Users/Public/Experiments/IDs/05-WMC/MU/MUsbj068.csv","test","0","5","68","616959","619325"
"MU.osexp","C:\Users\Public\Experiments\IDs\05-WMC\MU","wait.png","3","619324","C:/Users/Public/Experiments/IDs/05-WMC/MU/MUsbj068.csv","wait","5000","3","68","620451","619325"
"MU.osexp","C:\Users\Public\Experiments\IDs\05-WMC\MU","fixation.png","3","619324","C:/Users/Public/Experiments/IDs/05-WMC/MU/MUsbj068.csv","fix","1500","3","68","625553","619325"
"MU.osexp","C:\Users\Public\Experiments\IDs\05-WMC\MU","Tr12_study1.png","3","619324","C:/Users/Public/Experiments/IDs/05-WMC/MU/MUsbj068.csv","study","1000","3","68","627182","628184"
"MU.osexp","C:\Users\Public\Experiments\IDs\05-WMC\MU","Tr12_study2.png","3","619324","C:/Users/Public/Experiments/IDs/05-WMC/MU/MUsbj068.csv","study","1000","3","68","628563","629565"
"MU.osexp","C:\Users\Public\Experiments\IDs\05-WMC\MU","Tr12_study3.png","3","619324","C:/Users/Public/Experiments/IDs/05-WMC/MU/MUsbj068.csv","study","1000","3","68","629931","630932"
"MU.osexp","C:\Users\Public\Experiments\IDs\05-WMC\MU","Tr12_update1.png","3","619324","C:/Users/Public/Experiments/IDs/05-WMC/MU/MUsbj068.csv","update","1300","3","68","631281","632583"
"MU.osexp","C:\Users\Public\Experiments\IDs\05-WMC\MU","Tr12_update2.png","3","619324","C:/Users/Public/Experiments/IDs/05-WMC/MU/MUsbj068.csv","update","1300","3","68","632953","634255"
"MU.osexp","C:\Users\Public\Experiments\IDs\05-WMC\MU","Tr12_update3.png","3","619324","C:/Users/Public/Experiments/IDs/05-WMC/MU/MUsbj068.csv","update","1300","3","68","634590","635892"
"MU.osexp","C:\Users\Public\Experiments\IDs\05-WMC\MU","Tr12_update4.png","3","619324","C:/Users/Public/Experiments/IDs/05-WMC/MU/MUsbj068.csv","update","1300","3","68","636231","637533"
"MU.osexp","C:\Users\Public\Experiments\IDs\05-WMC\MU","Tr12_update5.png","3","619324","C:/Users/Public/Experiments/IDs/05-WMC/MU/MUsbj068.csv","update","1300","3","68","637899","639201"
"MU.osexp","C:\Users\Public\Experiments\IDs\05-WMC\MU","Tr12_test1.png","4","644100","C:/Users/Public/Experiments/IDs/05-WMC/MU/MUsbj068.csv","test","0","3","68","639562","644101"
"MU.osexp","C:\Users\Public\Experiments\IDs\05-WMC\MU","Tr12_test2.png","4","650484","C:/Users/Public/Experiments/IDs/05-WMC/MU/MUsbj068.csv","test","0","3","68","645223","650484"
"MU.osexp","C:\Users\Public\Experiments\IDs\05-WMC\MU","Tr12_test3.png","3","652659","C:/Users/Public/Experiments/IDs/05-WMC/MU/MUsbj068.csv","test","0","3","68","651603","652660"
"MU.osexp","C:\Users\Public\Experiments\IDs\05-WMC\MU","wait.png","3","652659","C:/Users/Public/Experiments/IDs/05-WMC/MU/MUsbj068.csv","wait","5000","3","68","653781","652660"
"MU.osexp","C:\Users\Public\Experiments\IDs\05-WMC\MU","fixation.png","3","652659","C:/Users/Public/Experiments/IDs/05-WMC/MU/MUsbj068.csv","fix","1500","3","68","658892","652660"
"MU.osexp","C:\Users\Public\Experiments\IDs\05-WMC\MU","Tr13_study1.png","3","652659","C:/Users/Public/Experiments/IDs/05-WMC/MU/MUsbj068.csv","study","1000","3","68","660516","661517"
"MU.osexp","C:\Users\Public\Experiments\IDs\05-WMC\MU","Tr13_study2.png","3","652659","C:/Users/Public/Experiments/IDs/05-WMC/MU/MUsbj068.csv","study","1000","3","68","661857","662859"
"MU.osexp","C:\Users\Public\Experiments\IDs\05-WMC\MU","Tr13_study3.png","3","652659","C:/Users/Public/Experiments/IDs/05-WMC/MU/MUsbj068.csv","study","1000","3","68","663210","664211"
"MU.osexp","C:\Users\Public\Experiments\IDs\05-WMC\MU","Tr13_update1.png","3","652659","C:/Users/Public/Experiments/IDs/05-WMC/MU/MUsbj068.csv","update","1300","3","68","664554","665856"
"MU.osexp","C:\Users\Public\Experiments\IDs\05-WMC\MU","Tr13_update2.png","3","652659","C:/Users/Public/Experiments/IDs/05-WMC/MU/MUsbj068.csv","update","1300","3","68","666230","667532"
"MU.osexp","C:\Users\Public\Experiments\IDs\05-WMC\MU","Tr13_update3.png","3","652659","C:/Users/Public/Experiments/IDs/05-WMC/MU/MUsbj068.csv","update","1300","3","68","667888","669190"
"MU.osexp","C:\Users\Public\Experiments\IDs\05-WMC\MU","Tr13_update4.png","3","652659","C:/Users/Public/Experiments/IDs/05-WMC/MU/MUsbj068.csv","update","1300","3","68","669541","670843"
"MU.osexp","C:\Users\Public\Experiments\IDs\05-WMC\MU","Tr13_test1.png","5","674292","C:/Users/Public/Experiments/IDs/05-WMC/MU/MUsbj068.csv","test","0","3","68","671181","674293"
"MU.osexp","C:\Users\Public\Experiments\IDs\05-WMC\MU","Tr13_test2.png","2","676740","C:/Users/Public/Experiments/IDs/05-WMC/MU/MUsbj068.csv","test","0","3","68","675387","676741"
"MU.osexp","C:\Users\Public\Experiments\IDs\05-WMC\MU","Tr13_test3.png","7","678684","C:/Users/Public/Experiments/IDs/05-WMC/MU/MUsbj068.csv","test","0","3","68","677840","678685"
"MU.osexp","C:\Users\Public\Experiments\IDs\05-WMC\MU","wait.png","7","678684","C:/Users/Public/Experiments/IDs/05-WMC/MU/MUsbj068.csv","wait","5000","5","68","679775","678685"
"MU.osexp","C:\Users\Public\Experiments\IDs\05-WMC\MU","fixation.png","7","678684","C:/Users/Public/Experiments/IDs/05-WMC/MU/MUsbj068.csv","fix","1500","5","68","684891","678685"
"MU.osexp","C:\Users\Public\Experiments\IDs\05-WMC\MU","Tr14_study1.png","7","678684","C:/Users/Public/Experiments/IDs/05-WMC/MU/MUsbj068.csv","study","1000","5","68","686509","687510"
"MU.osexp","C:\Users\Public\Experiments\IDs\05-WMC\MU","Tr14_study2.png","7","678684","C:/Users/Public/Experiments/IDs/05-WMC/MU/MUsbj068.csv","study","1000","5","68","687855","688857"
"MU.osexp","C:\Users\Public\Experiments\IDs\05-WMC\MU","Tr14_study3.png","7","678684","C:/Users/Public/Experiments/IDs/05-WMC/MU/MUsbj068.csv","study","1000","5","68","689252","690254"
"MU.osexp","C:\Users\Public\Experiments\IDs\05-WMC\MU","Tr14_study4.png","7","678684","C:/Users/Public/Experiments/IDs/05-WMC/MU/MUsbj068.csv","study","1000","5","68","690626","691628"
"MU.osexp","C:\Users\Public\Experiments\IDs\05-WMC\MU","Tr14_study5.png","7","678684","C:/Users/Public/Experiments/IDs/05-WMC/MU/MUsbj068.csv","study","1000","5","68","691988","692989"
"MU.osexp","C:\Users\Public\Experiments\IDs\05-WMC\MU","Tr14_update1.png","7","678684","C:/Users/Public/Experiments/IDs/05-WMC/MU/MUsbj068.csv","update","1300","5","68","693464","694766"
"MU.osexp","C:\Users\Public\Experiments\IDs\05-WMC\MU","Tr14_update2.png","7","678684","C:/Users/Public/Experiments/IDs/05-WMC/MU/MUsbj068.csv","update","1300","5","68","695149","696450"
"MU.osexp","C:\Users\Public\Experiments\IDs\05-WMC\MU","Tr14_update3.png","7","678684","C:/Users/Public/Experiments/IDs/05-WMC/MU/MUsbj068.csv","update","1300","5","68","696815","698117"
"MU.osexp","C:\Users\Public\Experiments\IDs\05-WMC\MU","Tr14_update4.png","7","678684","C:/Users/Public/Experiments/IDs/05-WMC/MU/MUsbj068.csv","update","1300","5","68","698612","699914"
"MU.osexp","C:\Users\Public\Experiments\IDs\05-WMC\MU","Tr14_test1.png","6","707372","C:/Users/Public/Experiments/IDs/05-WMC/MU/MUsbj068.csv","test","0","5","68","700283","707373"
"MU.osexp","C:\Users\Public\Experiments\IDs\05-WMC\MU","Tr14_test2.png","5","710020","C:/Users/Public/Experiments/IDs/05-WMC/MU/MUsbj068.csv","test","0","5","68","708460","710021"
"MU.osexp","C:\Users\Public\Experiments\IDs\05-WMC\MU","Tr14_test3.png","3","712380","C:/Users/Public/Experiments/IDs/05-WMC/MU/MUsbj068.csv","test","0","5","68","711140","712381"
"MU.osexp","C:\Users\Public\Experiments\IDs\05-WMC\MU","Tr14_test4.png","2","716012","C:/Users/Public/Experiments/IDs/05-WMC/MU/MUsbj068.csv","test","0","5","68","713482","716013"
"MU.osexp","C:\Users\Public\Experiments\IDs\05-WMC\MU","Tr14_test5.png","4","718684","C:/Users/Public/Experiments/IDs/05-WMC/MU/MUsbj068.csv","test","0","5","68","717135","718684"
"MU.osexp","C:\Users\Public\Experiments\IDs\05-WMC\MU","wait.png","4","718684","C:/Users/Public/Experiments/IDs/05-WMC/MU/MUsbj068.csv","wait","5000","4","68","719796","718684"
"MU.osexp","C:\Users\Public\Experiments\IDs\05-WMC\MU","fixation.png","4","718684","C:/Users/Public/Experiments/IDs/05-WMC/MU/MUsbj068.csv","fix","1500","4","68","724902","718684"
"MU.osexp","C:\Users\Public\Experiments\IDs\05-WMC\MU","Tr15_study1.png","4","718684","C:/Users/Public/Experiments/IDs/05-WMC/MU/MUsbj068.csv","study","1000","4","68","726533","727534"
"MU.osexp","C:\Users\Public\Experiments\IDs\05-WMC\MU","Tr15_study2.png","4","718684","C:/Users/Public/Experiments/IDs/05-WMC/MU/MUsbj068.csv","study","1000","4","68","727895","728897"
"MU.osexp","C:\Users\Public\Experiments\IDs\05-WMC\MU","Tr15_study3.png","4","718684","C:/Users/Public/Experiments/IDs/05-WMC/MU/MUsbj068.csv","study","1000","4","68","729353","730355"
"MU.osexp","C:\Users\Public\Experiments\IDs\05-WMC\MU","Tr15_study4.png","4","718684","C:/Users/Public/Experiments/IDs/05-WMC/MU/MUsbj068.csv","study","1000","4","68","730733","731735"
"MU.osexp","C:\Users\Public\Experiments\IDs\05-WMC\MU","Tr15_update1.png","4","718684","C:/Users/Public/Experiments/IDs/05-WMC/MU/MUsbj068.csv","update","1300","4","68","732108","733410"
"MU.osexp","C:\Users\Public\Experiments\IDs\05-WMC\MU","Tr15_update2.png","4","718684","C:/Users/Public/Experiments/IDs/05-WMC/MU/MUsbj068.csv","update","1300","4","68","733782","735084"
"MU.osexp","C:\Users\Public\Experiments\IDs\05-WMC\MU","Tr15_update3.png","4","718684","C:/Users/Public/Experiments/IDs/05-WMC/MU/MUsbj068.csv","update","1300","4","68","735426","736728"
"MU.osexp","C:\Users\Public\Experiments\IDs\05-WMC\MU","Tr15_update4.png","4","718684","C:/Users/Public/Experiments/IDs/05-WMC/MU/MUsbj068.csv","update","1300","4","68","737101","738403"
"MU.osexp","C:\Users\Public\Experiments\IDs\05-WMC\MU","Tr15_update5.png","4","718684","C:/Users/Public/Experiments/IDs/05-WMC/MU/MUsbj068.csv","update","1300","4","68","738771","740073"
"MU.osexp","C:\Users\Public\Experiments\IDs\05-WMC\MU","Tr15_update6.png","4","718684","C:/Users/Public/Experiments/IDs/05-WMC/MU/MUsbj068.csv","update","1300","4","68","740414","741716"
"MU.osexp","C:\Users\Public\Experiments\IDs\05-WMC\MU","Tr15_test1.png","8","744724","C:/Users/Public/Experiments/IDs/05-WMC/MU/MUsbj068.csv","test","0","4","68","742076","744725"
"MU.osexp","C:\Users\Public\Experiments\IDs\05-WMC\MU","Tr15_test2.png","6","747796","C:/Users/Public/Experiments/IDs/05-WMC/MU/MUsbj068.csv","test","0","4","68","745861","747797"
"MU.osexp","C:\Users\Public\Experiments\IDs\05-WMC\MU","Tr15_test3.png","1","750100","C:/Users/Public/Experiments/IDs/05-WMC/MU/MUsbj068.csv","test","0","4","68","748915","750101"
"MU.osexp","C:\Users\Public\Experiments\IDs\05-WMC\MU","Tr15_test4.png","4","752052","C:/Users/Public/Experiments/IDs/05-WMC/MU/MUsbj068.csv","test","0","4","68","751210","752053"
"MU.osexp","C:\Users\Public\Experiments\IDs\05-WMC\MU","wait.png","4","752052","C:/Users/Public/Experiments/IDs/05-WMC/MU/MUsbj068.csv","wait","5000","4","68","753136","752053"
"MU.osexp","C:\Users\Public\Experiments\IDs\05-WMC\MU","fixation.png","4","752052","C:/Users/Public/Experiments/IDs/05-WMC/MU/MUsbj068.csv","fix","1500","4","68","758236","752053"
"MU.osexp","C:\Users\Public\Experiments\IDs\05-WMC\MU","Tr16_study1.png","4","752052","C:/Users/Public/Experiments/IDs/05-WMC/MU/MUsbj068.csv","study","1000","4","68","759843","760843"
"MU.osexp","C:\Users\Public\Experiments\IDs\05-WMC\MU","Tr16_study2.png","4","752052","C:/Users/Public/Experiments/IDs/05-WMC/MU/MUsbj068.csv","study","1000","4","68","761237","762239"
"MU.osexp","C:\Users\Public\Experiments\IDs\05-WMC\MU","Tr16_study3.png","4","752052","C:/Users/Public/Experiments/IDs/05-WMC/MU/MUsbj068.csv","study","1000","4","68","762605","763606"
"MU.osexp","C:\Users\Public\Experiments\IDs\05-WMC\MU","Tr16_study4.png","4","752052","C:/Users/Public/Experiments/IDs/05-WMC/MU/MUsbj068.csv","study","1000","4","68","763973","764975"
"MU.osexp","C:\Users\Public\Experiments\IDs\05-WMC\MU","Tr16_update1.png","4","752052","C:/Users/Public/Experiments/IDs/05-WMC/MU/MUsbj068.csv","update","1300","4","68","765351","766652"
"MU.osexp","C:\Users\Public\Experiments\IDs\05-WMC\MU","Tr16_update2.png","4","752052","C:/Users/Public/Experiments/IDs/05-WMC/MU/MUsbj068.csv","update","1300","4","68","767019","768321"
"MU.osexp","C:\Users\Public\Experiments\IDs\05-WMC\MU","Tr16_test1.png","8","777196","C:/Users/Public/Experiments/IDs/05-WMC/MU/MUsbj068.csv","test","0","4","68","768647","777197"
"MU.osexp","C:\Users\Public\Experiments\IDs\05-WMC\MU","Tr16_test2.png","7","784028","C:/Users/Public/Experiments/IDs/05-WMC/MU/MUsbj068.csv","test","0","4","68","778301","784029"
"MU.osexp","C:\Users\Public\Experiments\IDs\05-WMC\MU","Tr16_test3.png","8","791940","C:/Users/Public/Experiments/IDs/05-WMC/MU/MUsbj068.csv","test","0","4","68","785117","791940"
"MU.osexp","C:\Users\Public\Experiments\IDs\05-WMC\MU","Tr16_test4.png","6","794612","C:/Users/Public/Experiments/IDs/05-WMC/MU/MUsbj068.csv","test","0","4","68","793046","794613"
"MU.osexp","C:\Users\Public\Experiments\IDs\05-WMC\MU","wait.png","6","794612","C:/Users/Public/Experiments/IDs/05-WMC/MU/MUsbj068.csv","wait","5000","5","68","795705","794613"
"MU.osexp","C:\Users\Public\Experiments\IDs\05-WMC\MU","fixation.png","6","794612","C:/Users/Public/Experiments/IDs/05-WMC/MU/MUsbj068.csv","fix","1500","5","68","800796","794613"
"MU.osexp","C:\Users\Public\Experiments\IDs\05-WMC\MU","Tr17_study1.png","6","794612","C:/Users/Public/Experiments/IDs/05-WMC/MU/MUsbj068.csv","study","1000","5","68","802385","803386"
"MU.osexp","C:\Users\Public\Experiments\IDs\05-WMC\MU","Tr17_study2.png","6","794612","C:/Users/Public/Experiments/IDs/05-WMC/MU/MUsbj068.csv","study","1000","5","68","803740","804742"
"MU.osexp","C:\Users\Public\Experiments\IDs\05-WMC\MU","Tr17_study3.png","6","794612","C:/Users/Public/Experiments/IDs/05-WMC/MU/MUsbj068.csv","study","1000","5","68","805100","806101"
"MU.osexp","C:\Users\Public\Experiments\IDs\05-WMC\MU","Tr17_study4.png","6","794612","C:/Users/Public/Experiments/IDs/05-WMC/MU/MUsbj068.csv","study","1000","5","68","806455","807457"
"MU.osexp","C:\Users\Public\Experiments\IDs\05-WMC\MU","Tr17_study5.png","6","794612","C:/Users/Public/Experiments/IDs/05-WMC/MU/MUsbj068.csv","study","1000","5","68","807911","808913"
"MU.osexp","C:\Users\Public\Experiments\IDs\05-WMC\MU","Tr17_update1.png","6","794612","C:/Users/Public/Experiments/IDs/05-WMC/MU/MUsbj068.csv","update","1300","5","68","809275","810577"
"MU.osexp","C:\Users\Public\Experiments\IDs\05-WMC\MU","Tr17_update2.png","6","794612","C:/Users/Public/Experiments/IDs/05-WMC/MU/MUsbj068.csv","update","1300","5","68","810950","812252"
"MU.osexp","C:\Users\Public\Experiments\IDs\05-WMC\MU","Tr17_update3.png","6","794612","C:/Users/Public/Experiments/IDs/05-WMC/MU/MUsbj068.csv","update","1300","5","68","812674","813976"
"MU.osexp","C:\Users\Public\Experiments\IDs\05-WMC\MU","Tr17_update4.png","6","794612","C:/Users/Public/Experiments/IDs/05-WMC/MU/MUsbj068.csv","update","1300","5","68","814341","815642"
"MU.osexp","C:\Users\Public\Experiments\IDs\05-WMC\MU","Tr17_update5.png","6","794612","C:/Users/Public/Experiments/IDs/05-WMC/MU/MUsbj068.csv","update","1300","5","68","815968","817270"
"MU.osexp","C:\Users\Public\Experiments\IDs\05-WMC\MU","Tr17_update6.png","6","794612","C:/Users/Public/Experiments/IDs/05-WMC/MU/MUsbj068.csv","update","1300","5","68","817642","818943"
"MU.osexp","C:\Users\Public\Experiments\IDs\05-WMC\MU","Tr17_test1.png","5","821748","C:/Users/Public/Experiments/IDs/05-WMC/MU/MUsbj068.csv","test","0","5","68","819282","821749"
"MU.osexp","C:\Users\Public\Experiments\IDs\05-WMC\MU","Tr17_test2.png","4","824012","C:/Users/Public/Experiments/IDs/05-WMC/MU/MUsbj068.csv","test","0","5","68","822867","824013"
"MU.osexp","C:\Users\Public\Experiments\IDs\05-WMC\MU","Tr17_test3.png","7","826340","C:/Users/Public/Experiments/IDs/05-WMC/MU/MUsbj068.csv","test","0","5","68","825123","826340"
"MU.osexp","C:\Users\Public\Experiments\IDs\05-WMC\MU","Tr17_test4.png","6","829140","C:/Users/Public/Experiments/IDs/05-WMC/MU/MUsbj068.csv","test","0","5","68","827436","829141"
"MU.osexp","C:\Users\Public\Experiments\IDs\05-WMC\MU","Tr17_test5.png","3","831676","C:/Users/Public/Experiments/IDs/05-WMC/MU/MUsbj068.csv","test","0","5","68","830241","831677"
