"experiment_file","experiment_path","image","key","key_time","logfile","phase","playtime","setSize","subject_nr","timestamp","waittime"
"MU.osexp","C:\Users\Public\Experiments\IDs\05-WMC\MU","ready1.png","NA","NA","C:/Users/Public/Experiments/IDs/05-WMC/MU/MU_SM01_results/MUsbj016.csv","pre","0","3","16","93952","NA"
"MU.osexp","C:\Users\Public\Experiments\IDs\05-WMC\MU","fixation.png","NA","NA","C:/Users/Public/Experiments/IDs/05-WMC/MU/MU_SM01_results/MUsbj016.csv","fix","1500","3","16","95429","NA"
"MU.osexp","C:\Users\Public\Experiments\IDs\05-WMC\MU","Tr1_study1.png","NA","NA","C:/Users/Public/Experiments/IDs/05-WMC/MU/MU_SM01_results/MUsbj016.csv","study","1000","3","16","97041","98043"
"MU.osexp","C:\Users\Public\Experiments\IDs\05-WMC\MU","Tr1_study2.png","NA","NA","C:/Users/Public/Experiments/IDs/05-WMC/MU/MU_SM01_results/MUsbj016.csv","study","1000","3","16","98390","99392"
"MU.osexp","C:\Users\Public\Experiments\IDs\05-WMC\MU","Tr1_study3.png","NA","NA","C:/Users/Public/Experiments/IDs/05-WMC/MU/MU_SM01_results/MUsbj016.csv","study","1000","3","16","99768","100770"
"MU.osexp","C:\Users\Public\Experiments\IDs\05-WMC\MU","Tr1_update1.png","NA","NA","C:/Users/Public/Experiments/IDs/05-WMC/MU/MU_SM01_results/MUsbj016.csv","update","1300","3","16","101133","102435"
"MU.osexp","C:\Users\Public\Experiments\IDs\05-WMC\MU","Tr1_update2.png","NA","NA","C:/Users/Public/Experiments/IDs/05-WMC/MU/MU_SM01_results/MUsbj016.csv","update","1300","3","16","102797","104099"
"MU.osexp","C:\Users\Public\Experiments\IDs\05-WMC\MU","Tr1_update3.png","NA","NA","C:/Users/Public/Experiments/IDs/05-WMC/MU/MU_SM01_results/MUsbj016.csv","update","1300","3","16","104435","105737"
"MU.osexp","C:\Users\Public\Experiments\IDs\05-WMC\MU","Tr1_test1.png","6","112330","C:/Users/Public/Experiments/IDs/05-WMC/MU/MU_SM01_results/MUsbj016.csv","test","0","3","16","106133","112331"
"MU.osexp","C:\Users\Public\Experiments\IDs\05-WMC\MU","Tr1_test2.png","3","120922","C:/Users/Public/Experiments/IDs/05-WMC/MU/MU_SM01_results/MUsbj016.csv","test","0","3","16","113428","120923"
"MU.osexp","C:\Users\Public\Experiments\IDs\05-WMC\MU","Tr1_test3.png","7","127890","C:/Users/Public/Experiments/IDs/05-WMC/MU/MU_SM01_results/MUsbj016.csv","test","0","3","16","122028","127891"
"MU.osexp","C:\Users\Public\Experiments\IDs\05-WMC\MU","wait.png","7","127890","C:/Users/Public/Experiments/IDs/05-WMC/MU/MU_SM01_results/MUsbj016.csv","wait","5000","3","16","129012","127891"
"MU.osexp","C:\Users\Public\Experiments\IDs\05-WMC\MU","fixation.png","7","127890","C:/Users/Public/Experiments/IDs/05-WMC/MU/MU_SM01_results/MUsbj016.csv","fix","1500","3","16","134123","127891"
"MU.osexp","C:\Users\Public\Experiments\IDs\05-WMC\MU","Tr2_study1.png","7","127890","C:/Users/Public/Experiments/IDs/05-WMC/MU/MU_SM01_results/MUsbj016.csv","study","1000","3","16","135738","136740"
"MU.osexp","C:\Users\Public\Experiments\IDs\05-WMC\MU","Tr2_study2.png","7","127890","C:/Users/Public/Experiments/IDs/05-WMC/MU/MU_SM01_results/MUsbj016.csv","study","1000","3","16","137091","138093"
"MU.osexp","C:\Users\Public\Experiments\IDs\05-WMC\MU","Tr2_study3.png","7","127890","C:/Users/Public/Experiments/IDs/05-WMC/MU/MU_SM01_results/MUsbj016.csv","study","1000","3","16","138467","139469"
"MU.osexp","C:\Users\Public\Experiments\IDs\05-WMC\MU","Tr2_update1.png","7","127890","C:/Users/Public/Experiments/IDs/05-WMC/MU/MU_SM01_results/MUsbj016.csv","update","1300","3","16","139833","141135"
"MU.osexp","C:\Users\Public\Experiments\IDs\05-WMC\MU","Tr2_update2.png","7","127890","C:/Users/Public/Experiments/IDs/05-WMC/MU/MU_SM01_results/MUsbj016.csv","update","1300","3","16","141475","142777"
"MU.osexp","C:\Users\Public\Experiments\IDs\05-WMC\MU","Tr2_update3.png","7","127890","C:/Users/Public/Experiments/IDs/05-WMC/MU/MU_SM01_results/MUsbj016.csv","update","1300","3","16","143141","144443"
"MU.osexp","C:\Users\Public\Experiments\IDs\05-WMC\MU","Tr2_test1.png","4","146122","C:/Users/Public/Experiments/IDs/05-WMC/MU/MU_SM01_results/MUsbj016.csv","test","0","3","16","144799","146123"
"MU.osexp","C:\Users\Public\Experiments\IDs\05-WMC\MU","Tr2_test2.png","7","148506","C:/Users/Public/Experiments/IDs/05-WMC/MU/MU_SM01_results/MUsbj016.csv","test","0","3","16","147271","148507"
"MU.osexp","C:\Users\Public\Experiments\IDs\05-WMC\MU","Tr2_test3.png","1","150515","C:/Users/Public/Experiments/IDs/05-WMC/MU/MU_SM01_results/MUsbj016.csv","test","0","3","16","149652","150515"
"MU.osexp","C:\Users\Public\Experiments\IDs\05-WMC\MU","ready2.png","1","150515","C:/Users/Public/Experiments/IDs/05-WMC/MU/MU_SM01_results/MUsbj016.csv","pre","0","3","16","159932","150515"
"MU.osexp","C:\Users\Public\Experiments\IDs\05-WMC\MU","fixation.png","1","150515","C:/Users/Public/Experiments/IDs/05-WMC/MU/MU_SM01_results/MUsbj016.csv","fix","1500","3","16","161424","150515"
"MU.osexp","C:\Users\Public\Experiments\IDs\05-WMC\MU","Tr3_study1.png","1","150515","C:/Users/Public/Experiments/IDs/05-WMC/MU/MU_SM01_results/MUsbj016.csv","study","1000","3","16","163034","164036"
"MU.osexp","C:\Users\Public\Experiments\IDs\05-WMC\MU","Tr3_study2.png","1","150515","C:/Users/Public/Experiments/IDs/05-WMC/MU/MU_SM01_results/MUsbj016.csv","study","1000","3","16","164394","165395"
"MU.osexp","C:\Users\Public\Experiments\IDs\05-WMC\MU","Tr3_study3.png","1","150515","C:/Users/Public/Experiments/IDs/05-WMC/MU/MU_SM01_results/MUsbj016.csv","study","1000","3","16","165753","166755"
"MU.osexp","C:\Users\Public\Experiments\IDs\05-WMC\MU","Tr3_update1.png","1","150515","C:/Users/Public/Experiments/IDs/05-WMC/MU/MU_SM01_results/MUsbj016.csv","update","1300","3","16","167112","168414"
"MU.osexp","C:\Users\Public\Experiments\IDs\05-WMC\MU","Tr3_update2.png","1","150515","C:/Users/Public/Experiments/IDs/05-WMC/MU/MU_SM01_results/MUsbj016.csv","update","1300","3","16","168775","170078"
"MU.osexp","C:\Users\Public\Experiments\IDs\05-WMC\MU","Tr3_update3.png","1","150515","C:/Users/Public/Experiments/IDs/05-WMC/MU/MU_SM01_results/MUsbj016.csv","update","1300","3","16","170425","171727"
"MU.osexp","C:\Users\Public\Experiments\IDs\05-WMC\MU","Tr3_test1.png","9","177554","C:/Users/Public/Experiments/IDs/05-WMC/MU/MU_SM01_results/MUsbj016.csv","test","0","3","16","172077","177555"
"MU.osexp","C:\Users\Public\Experiments\IDs\05-WMC\MU","Tr3_test2.png","7","183298","C:/Users/Public/Experiments/IDs/05-WMC/MU/MU_SM01_results/MUsbj016.csv","test","0","3","16","178748","183298"
"MU.osexp","C:\Users\Public\Experiments\IDs\05-WMC\MU","Tr3_test3.png","7","185306","C:/Users/Public/Experiments/IDs/05-WMC/MU/MU_SM01_results/MUsbj016.csv","test","0","3","16","184418","185306"
"MU.osexp","C:\Users\Public\Experiments\IDs\05-WMC\MU","wait.png","7","185306","C:/Users/Public/Experiments/IDs/05-WMC/MU/MU_SM01_results/MUsbj016.csv","wait","5000","4","16","186416","185306"
"MU.osexp","C:\Users\Public\Experiments\IDs\05-WMC\MU","fixation.png","7","185306","C:/Users/Public/Experiments/IDs/05-WMC/MU/MU_SM01_results/MUsbj016.csv","fix","1500","4","16","191516","185306"
"MU.osexp","C:\Users\Public\Experiments\IDs\05-WMC\MU","Tr4_study1.png","7","185306","C:/Users/Public/Experiments/IDs/05-WMC/MU/MU_SM01_results/MUsbj016.csv","study","1000","4","16","193107","194109"
"MU.osexp","C:\Users\Public\Experiments\IDs\05-WMC\MU","Tr4_study2.png","7","185306","C:/Users/Public/Experiments/IDs/05-WMC/MU/MU_SM01_results/MUsbj016.csv","study","1000","4","16","194449","195451"
"MU.osexp","C:\Users\Public\Experiments\IDs\05-WMC\MU","Tr4_study3.png","7","185306","C:/Users/Public/Experiments/IDs/05-WMC/MU/MU_SM01_results/MUsbj016.csv","study","1000","4","16","195821","196823"
"MU.osexp","C:\Users\Public\Experiments\IDs\05-WMC\MU","Tr4_study4.png","7","185306","C:/Users/Public/Experiments/IDs/05-WMC/MU/MU_SM01_results/MUsbj016.csv","study","1000","4","16","197166","198168"
"MU.osexp","C:\Users\Public\Experiments\IDs\05-WMC\MU","Tr4_update1.png","7","185306","C:/Users/Public/Experiments/IDs/05-WMC/MU/MU_SM01_results/MUsbj016.csv","update","1300","4","16","198506","199808"
"MU.osexp","C:\Users\Public\Experiments\IDs\05-WMC\MU","Tr4_update2.png","7","185306","C:/Users/Public/Experiments/IDs/05-WMC/MU/MU_SM01_results/MUsbj016.csv","update","1300","4","16","200159","201461"
"MU.osexp","C:\Users\Public\Experiments\IDs\05-WMC\MU","Tr4_update3.png","7","185306","C:/Users/Public/Experiments/IDs/05-WMC/MU/MU_SM01_results/MUsbj016.csv","update","1300","4","16","201801","203103"
"MU.osexp","C:\Users\Public\Experiments\IDs\05-WMC\MU","Tr4_update4.png","7","185306","C:/Users/Public/Experiments/IDs/05-WMC/MU/MU_SM01_results/MUsbj016.csv","update","1300","4","16","203606","204908"
"MU.osexp","C:\Users\Public\Experiments\IDs\05-WMC\MU","Tr4_test1.png","3","207874","C:/Users/Public/Experiments/IDs/05-WMC/MU/MU_SM01_results/MUsbj016.csv","test","0","4","16","205259","207875"
"MU.osexp","C:\Users\Public\Experiments\IDs\05-WMC\MU","Tr4_test2.png","1","214042","C:/Users/Public/Experiments/IDs/05-WMC/MU/MU_SM01_results/MUsbj016.csv","test","0","4","16","208971","214043"
"MU.osexp","C:\Users\Public\Experiments\IDs\05-WMC\MU","Tr4_test3.png","1","217522","C:/Users/Public/Experiments/IDs/05-WMC/MU/MU_SM01_results/MUsbj016.csv","test","0","4","16","215154","217523"
"MU.osexp","C:\Users\Public\Experiments\IDs\05-WMC\MU","Tr4_test4.png","7","223066","C:/Users/Public/Experiments/IDs/05-WMC/MU/MU_SM01_results/MUsbj016.csv","test","0","4","16","218615","223067"
"MU.osexp","C:\Users\Public\Experiments\IDs\05-WMC\MU","wait.png","7","223066","C:/Users/Public/Experiments/IDs/05-WMC/MU/MU_SM01_results/MUsbj016.csv","wait","5000","3","16","224156","223067"
"MU.osexp","C:\Users\Public\Experiments\IDs\05-WMC\MU","fixation.png","7","223066","C:/Users/Public/Experiments/IDs/05-WMC/MU/MU_SM01_results/MUsbj016.csv","fix","1500","3","16","229257","223067"
"MU.osexp","C:\Users\Public\Experiments\IDs\05-WMC\MU","Tr5_study1.png","7","223066","C:/Users/Public/Experiments/IDs/05-WMC/MU/MU_SM01_results/MUsbj016.csv","study","1000","3","16","230853","231855"
"MU.osexp","C:\Users\Public\Experiments\IDs\05-WMC\MU","Tr5_study2.png","7","223066","C:/Users/Public/Experiments/IDs/05-WMC/MU/MU_SM01_results/MUsbj016.csv","study","1000","3","16","232203","233205"
"MU.osexp","C:\Users\Public\Experiments\IDs\05-WMC\MU","Tr5_study3.png","7","223066","C:/Users/Public/Experiments/IDs/05-WMC/MU/MU_SM01_results/MUsbj016.csv","study","1000","3","16","233560","234562"
"MU.osexp","C:\Users\Public\Experiments\IDs\05-WMC\MU","Tr5_update1.png","7","223066","C:/Users/Public/Experiments/IDs/05-WMC/MU/MU_SM01_results/MUsbj016.csv","update","1300","3","16","234920","236222"
"MU.osexp","C:\Users\Public\Experiments\IDs\05-WMC\MU","Tr5_update2.png","7","223066","C:/Users/Public/Experiments/IDs/05-WMC/MU/MU_SM01_results/MUsbj016.csv","update","1300","3","16","236590","237892"
"MU.osexp","C:\Users\Public\Experiments\IDs\05-WMC\MU","Tr5_update3.png","7","223066","C:/Users/Public/Experiments/IDs/05-WMC/MU/MU_SM01_results/MUsbj016.csv","update","1300","3","16","238227","239529"
"MU.osexp","C:\Users\Public\Experiments\IDs\05-WMC\MU","Tr5_update4.png","7","223066","C:/Users/Public/Experiments/IDs/05-WMC/MU/MU_SM01_results/MUsbj016.csv","update","1300","3","16","239914","241216"
"MU.osexp","C:\Users\Public\Experiments\IDs\05-WMC\MU","Tr5_update5.png","7","223066","C:/Users/Public/Experiments/IDs/05-WMC/MU/MU_SM01_results/MUsbj016.csv","update","1300","3","16","241572","242874"
"MU.osexp","C:\Users\Public\Experiments\IDs\05-WMC\MU","Tr5_update6.png","7","223066","C:/Users/Public/Experiments/IDs/05-WMC/MU/MU_SM01_results/MUsbj016.csv","update","1300","3","16","243246","244548"
"MU.osexp","C:\Users\Public\Experiments\IDs\05-WMC\MU","Tr5_test1.png","2","255851","C:/Users/Public/Experiments/IDs/05-WMC/MU/MU_SM01_results/MUsbj016.csv","test","0","3","16","244913","255852"
"MU.osexp","C:\Users\Public\Experiments\IDs\05-WMC\MU","Tr5_test2.png","3","258946","C:/Users/Public/Experiments/IDs/05-WMC/MU/MU_SM01_results/MUsbj016.csv","test","0","3","16","256950","258947"
"MU.osexp","C:\Users\Public\Experiments\IDs\05-WMC\MU","Tr5_test3.png","8","260842","C:/Users/Public/Experiments/IDs/05-WMC/MU/MU_SM01_results/MUsbj016.csv","test","0","3","16","260057","260843"
"MU.osexp","C:\Users\Public\Experiments\IDs\05-WMC\MU","wait.png","8","260842","C:/Users/Public/Experiments/IDs/05-WMC/MU/MU_SM01_results/MUsbj016.csv","wait","5000","4","16","261950","260843"
"MU.osexp","C:\Users\Public\Experiments\IDs\05-WMC\MU","fixation.png","8","260842","C:/Users/Public/Experiments/IDs/05-WMC/MU/MU_SM01_results/MUsbj016.csv","fix","1500","4","16","267057","260843"
"MU.osexp","C:\Users\Public\Experiments\IDs\05-WMC\MU","Tr6_study1.png","8","260842","C:/Users/Public/Experiments/IDs/05-WMC/MU/MU_SM01_results/MUsbj016.csv","study","1000","4","16","268671","269673"
"MU.osexp","C:\Users\Public\Experiments\IDs\05-WMC\MU","Tr6_study2.png","8","260842","C:/Users/Public/Experiments/IDs/05-WMC/MU/MU_SM01_results/MUsbj016.csv","study","1000","4","16","270025","271027"
"MU.osexp","C:\Users\Public\Experiments\IDs\05-WMC\MU","Tr6_study3.png","8","260842","C:/Users/Public/Experiments/IDs/05-WMC/MU/MU_SM01_results/MUsbj016.csv","study","1000","4","16","271389","272391"
"MU.osexp","C:\Users\Public\Experiments\IDs\05-WMC\MU","Tr6_study4.png","8","260842","C:/Users/Public/Experiments/IDs/05-WMC/MU/MU_SM01_results/MUsbj016.csv","study","1000","4","16","272751","273753"
"MU.osexp","C:\Users\Public\Experiments\IDs\05-WMC\MU","Tr6_update1.png","8","260842","C:/Users/Public/Experiments/IDs/05-WMC/MU/MU_SM01_results/MUsbj016.csv","update","1300","4","16","274090","275392"
"MU.osexp","C:\Users\Public\Experiments\IDs\05-WMC\MU","Tr6_update2.png","8","260842","C:/Users/Public/Experiments/IDs/05-WMC/MU/MU_SM01_results/MUsbj016.csv","update","1300","4","16","275743","277045"
"MU.osexp","C:\Users\Public\Experiments\IDs\05-WMC\MU","Tr6_update3.png","8","260842","C:/Users/Public/Experiments/IDs/05-WMC/MU/MU_SM01_results/MUsbj016.csv","update","1300","4","16","277397","278699"
"MU.osexp","C:\Users\Public\Experiments\IDs\05-WMC\MU","Tr6_update4.png","8","260842","C:/Users/Public/Experiments/IDs/05-WMC/MU/MU_SM01_results/MUsbj016.csv","update","1300","4","16","279058","280360"
"MU.osexp","C:\Users\Public\Experiments\IDs\05-WMC\MU","Tr6_update5.png","8","260842","C:/Users/Public/Experiments/IDs/05-WMC/MU/MU_SM01_results/MUsbj016.csv","update","1300","4","16","280713","282016"
"MU.osexp","C:\Users\Public\Experiments\IDs\05-WMC\MU","Tr6_test1.png","6","287426","C:/Users/Public/Experiments/IDs/05-WMC/MU/MU_SM01_results/MUsbj016.csv","test","0","4","16","282361","287427"
"MU.osexp","C:\Users\Public\Experiments\IDs\05-WMC\MU","Tr6_test2.png","0","300434","C:/Users/Public/Experiments/IDs/05-WMC/MU/MU_SM01_results/MUsbj016.csv","test","0","4","16","288528","300435"
"MU.osexp","C:\Users\Public\Experiments\IDs\05-WMC\MU","Tr6_test3.png","6","304858","C:/Users/Public/Experiments/IDs/05-WMC/MU/MU_SM01_results/MUsbj016.csv","test","0","4","16","301547","304859"
"MU.osexp","C:\Users\Public\Experiments\IDs\05-WMC\MU","Tr6_test4.png","7","306930","C:/Users/Public/Experiments/IDs/05-WMC/MU/MU_SM01_results/MUsbj016.csv","test","0","4","16","305961","306931"
"MU.osexp","C:\Users\Public\Experiments\IDs\05-WMC\MU","wait.png","7","306930","C:/Users/Public/Experiments/IDs/05-WMC/MU/MU_SM01_results/MUsbj016.csv","wait","5000","5","16","308034","306931"
"MU.osexp","C:\Users\Public\Experiments\IDs\05-WMC\MU","fixation.png","7","306930","C:/Users/Public/Experiments/IDs/05-WMC/MU/MU_SM01_results/MUsbj016.csv","fix","1500","5","16","313133","306931"
"MU.osexp","C:\Users\Public\Experiments\IDs\05-WMC\MU","Tr7_study1.png","7","306930","C:/Users/Public/Experiments/IDs/05-WMC/MU/MU_SM01_results/MUsbj016.csv","study","1000","5","16","314762","315764"
"MU.osexp","C:\Users\Public\Experiments\IDs\05-WMC\MU","Tr7_study2.png","7","306930","C:/Users/Public/Experiments/IDs/05-WMC/MU/MU_SM01_results/MUsbj016.csv","study","1000","5","16","316110","317112"
"MU.osexp","C:\Users\Public\Experiments\IDs\05-WMC\MU","Tr7_study3.png","7","306930","C:/Users/Public/Experiments/IDs/05-WMC/MU/MU_SM01_results/MUsbj016.csv","study","1000","5","16","317592","318594"
"MU.osexp","C:\Users\Public\Experiments\IDs\05-WMC\MU","Tr7_study4.png","7","306930","C:/Users/Public/Experiments/IDs/05-WMC/MU/MU_SM01_results/MUsbj016.csv","study","1000","5","16","318948","319950"
"MU.osexp","C:\Users\Public\Experiments\IDs\05-WMC\MU","Tr7_study5.png","7","306930","C:/Users/Public/Experiments/IDs/05-WMC/MU/MU_SM01_results/MUsbj016.csv","study","1000","5","16","320342","321344"
"MU.osexp","C:\Users\Public\Experiments\IDs\05-WMC\MU","Tr7_update1.png","7","306930","C:/Users/Public/Experiments/IDs/05-WMC/MU/MU_SM01_results/MUsbj016.csv","update","1300","5","16","321691","322993"
"MU.osexp","C:\Users\Public\Experiments\IDs\05-WMC\MU","Tr7_update2.png","7","306930","C:/Users/Public/Experiments/IDs/05-WMC/MU/MU_SM01_results/MUsbj016.csv","update","1300","5","16","323361","324663"
"MU.osexp","C:\Users\Public\Experiments\IDs\05-WMC\MU","Tr7_update3.png","7","306930","C:/Users/Public/Experiments/IDs/05-WMC/MU/MU_SM01_results/MUsbj016.csv","update","1300","5","16","325014","326316"
"MU.osexp","C:\Users\Public\Experiments\IDs\05-WMC\MU","Tr7_update4.png","7","306930","C:/Users/Public/Experiments/IDs/05-WMC/MU/MU_SM01_results/MUsbj016.csv","update","1300","5","16","326663","327965"
"MU.osexp","C:\Users\Public\Experiments\IDs\05-WMC\MU","Tr7_update5.png","7","306930","C:/Users/Public/Experiments/IDs/05-WMC/MU/MU_SM01_results/MUsbj016.csv","update","1300","5","16","328314","329616"
"MU.osexp","C:\Users\Public\Experiments\IDs\05-WMC\MU","Tr7_test1.png","6","345411","C:/Users/Public/Experiments/IDs/05-WMC/MU/MU_SM01_results/MUsbj016.csv","test","0","5","16","329942","345411"
"MU.osexp","C:\Users\Public\Experiments\IDs\05-WMC\MU","Tr7_test2.png","8","349594","C:/Users/Public/Experiments/IDs/05-WMC/MU/MU_SM01_results/MUsbj016.csv","test","0","5","16","346522","349595"
"MU.osexp","C:\Users\Public\Experiments\IDs\05-WMC\MU","Tr7_test3.png","4","352378","C:/Users/Public/Experiments/IDs/05-WMC/MU/MU_SM01_results/MUsbj016.csv","test","0","5","16","350707","352379"
"MU.osexp","C:\Users\Public\Experiments\IDs\05-WMC\MU","Tr7_test4.png","7","355242","C:/Users/Public/Experiments/IDs/05-WMC/MU/MU_SM01_results/MUsbj016.csv","test","0","5","16","353482","355243"
"MU.osexp","C:\Users\Public\Experiments\IDs\05-WMC\MU","Tr7_test5.png","3","356674","C:/Users/Public/Experiments/IDs/05-WMC/MU/MU_SM01_results/MUsbj016.csv","test","0","5","16","356342","356675"
"MU.osexp","C:\Users\Public\Experiments\IDs\05-WMC\MU","wait.png","3","356674","C:/Users/Public/Experiments/IDs/05-WMC/MU/MU_SM01_results/MUsbj016.csv","wait","5000","4","16","357799","356675"
"MU.osexp","C:\Users\Public\Experiments\IDs\05-WMC\MU","fixation.png","3","356674","C:/Users/Public/Experiments/IDs/05-WMC/MU/MU_SM01_results/MUsbj016.csv","fix","1500","4","16","362905","356675"
"MU.osexp","C:\Users\Public\Experiments\IDs\05-WMC\MU","Tr8_study1.png","3","356674","C:/Users/Public/Experiments/IDs/05-WMC/MU/MU_SM01_results/MUsbj016.csv","study","1000","4","16","364555","365558"
"MU.osexp","C:\Users\Public\Experiments\IDs\05-WMC\MU","Tr8_study2.png","3","356674","C:/Users/Public/Experiments/IDs/05-WMC/MU/MU_SM01_results/MUsbj016.csv","study","1000","4","16","365897","366899"
"MU.osexp","C:\Users\Public\Experiments\IDs\05-WMC\MU","Tr8_study3.png","3","356674","C:/Users/Public/Experiments/IDs/05-WMC/MU/MU_SM01_results/MUsbj016.csv","study","1000","4","16","367280","368282"
"MU.osexp","C:\Users\Public\Experiments\IDs\05-WMC\MU","Tr8_study4.png","3","356674","C:/Users/Public/Experiments/IDs/05-WMC/MU/MU_SM01_results/MUsbj016.csv","study","1000","4","16","368614","369616"
"MU.osexp","C:\Users\Public\Experiments\IDs\05-WMC\MU","Tr8_update1.png","3","356674","C:/Users/Public/Experiments/IDs/05-WMC/MU/MU_SM01_results/MUsbj016.csv","update","1300","4","16","369971","371273"
"MU.osexp","C:\Users\Public\Experiments\IDs\05-WMC\MU","Tr8_update2.png","3","356674","C:/Users/Public/Experiments/IDs/05-WMC/MU/MU_SM01_results/MUsbj016.csv","update","1300","4","16","371628","372930"
"MU.osexp","C:\Users\Public\Experiments\IDs\05-WMC\MU","Tr8_update3.png","3","356674","C:/Users/Public/Experiments/IDs/05-WMC/MU/MU_SM01_results/MUsbj016.csv","update","1300","4","16","373309","374611"
"MU.osexp","C:\Users\Public\Experiments\IDs\05-WMC\MU","Tr8_test1.png","5","378123","C:/Users/Public/Experiments/IDs/05-WMC/MU/MU_SM01_results/MUsbj016.csv","test","0","4","16","375025","378124"
"MU.osexp","C:\Users\Public\Experiments\IDs\05-WMC\MU","Tr8_test2.png","4","380451","C:/Users/Public/Experiments/IDs/05-WMC/MU/MU_SM01_results/MUsbj016.csv","test","0","4","16","379210","380451"
"MU.osexp","C:\Users\Public\Experiments\IDs\05-WMC\MU","Tr8_test3.png","9","382674","C:/Users/Public/Experiments/IDs/05-WMC/MU/MU_SM01_results/MUsbj016.csv","test","0","4","16","381548","382675"
"MU.osexp","C:\Users\Public\Experiments\IDs\05-WMC\MU","Tr8_test4.png","6","384026","C:/Users/Public/Experiments/IDs/05-WMC/MU/MU_SM01_results/MUsbj016.csv","test","0","4","16","383770","384027"
"MU.osexp","C:\Users\Public\Experiments\IDs\05-WMC\MU","wait.png","6","384026","C:/Users/Public/Experiments/IDs/05-WMC/MU/MU_SM01_results/MUsbj016.csv","wait","5000","5","16","385147","384027"
"MU.osexp","C:\Users\Public\Experiments\IDs\05-WMC\MU","fixation.png","6","384026","C:/Users/Public/Experiments/IDs/05-WMC/MU/MU_SM01_results/MUsbj016.csv","fix","1500","5","16","390347","384027"
"MU.osexp","C:\Users\Public\Experiments\IDs\05-WMC\MU","Tr9_study1.png","6","384026","C:/Users/Public/Experiments/IDs/05-WMC/MU/MU_SM01_results/MUsbj016.csv","study","1000","5","16","391942","392944"
"MU.osexp","C:\Users\Public\Experiments\IDs\05-WMC\MU","Tr9_study2.png","6","384026","C:/Users/Public/Experiments/IDs/05-WMC/MU/MU_SM01_results/MUsbj016.csv","study","1000","5","16","393320","394322"
"MU.osexp","C:\Users\Public\Experiments\IDs\05-WMC\MU","Tr9_study3.png","6","384026","C:/Users/Public/Experiments/IDs/05-WMC/MU/MU_SM01_results/MUsbj016.csv","study","1000","5","16","394670","395673"
"MU.osexp","C:\Users\Public\Experiments\IDs\05-WMC\MU","Tr9_study4.png","6","384026","C:/Users/Public/Experiments/IDs/05-WMC/MU/MU_SM01_results/MUsbj016.csv","study","1000","5","16","396039","397041"
"MU.osexp","C:\Users\Public\Experiments\IDs\05-WMC\MU","Tr9_study5.png","6","384026","C:/Users/Public/Experiments/IDs/05-WMC/MU/MU_SM01_results/MUsbj016.csv","study","1000","5","16","397378","398380"
"MU.osexp","C:\Users\Public\Experiments\IDs\05-WMC\MU","Tr9_update1.png","6","384026","C:/Users/Public/Experiments/IDs/05-WMC/MU/MU_SM01_results/MUsbj016.csv","update","1300","5","16","398733","400035"
"MU.osexp","C:\Users\Public\Experiments\IDs\05-WMC\MU","Tr9_update2.png","6","384026","C:/Users/Public/Experiments/IDs/05-WMC/MU/MU_SM01_results/MUsbj016.csv","update","1300","5","16","400380","401682"
"MU.osexp","C:\Users\Public\Experiments\IDs\05-WMC\MU","Tr9_test1.png","4","418610","C:/Users/Public/Experiments/IDs/05-WMC/MU/MU_SM01_results/MUsbj016.csv","test","0","5","16","402026","418611"
"MU.osexp","C:\Users\Public\Experiments\IDs\05-WMC\MU","Tr9_test2.png","6","424034","C:/Users/Public/Experiments/IDs/05-WMC/MU/MU_SM01_results/MUsbj016.csv","test","0","5","16","419718","424035"
"MU.osexp","C:\Users\Public\Experiments\IDs\05-WMC\MU","Tr9_test3.png","5","428674","C:/Users/Public/Experiments/IDs/05-WMC/MU/MU_SM01_results/MUsbj016.csv","test","0","5","16","425152","428675"
"MU.osexp","C:\Users\Public\Experiments\IDs\05-WMC\MU","Tr9_test4.png","1","431891","C:/Users/Public/Experiments/IDs/05-WMC/MU/MU_SM01_results/MUsbj016.csv","test","0","5","16","429791","431891"
"MU.osexp","C:\Users\Public\Experiments\IDs\05-WMC\MU","Tr9_test5.png","9","438562","C:/Users/Public/Experiments/IDs/05-WMC/MU/MU_SM01_results/MUsbj016.csv","test","0","5","16","433010","438563"
"MU.osexp","C:\Users\Public\Experiments\IDs\05-WMC\MU","wait.png","9","438562","C:/Users/Public/Experiments/IDs/05-WMC/MU/MU_SM01_results/MUsbj016.csv","wait","5000","3","16","439677","438563"
"MU.osexp","C:\Users\Public\Experiments\IDs\05-WMC\MU","fixation.png","9","438562","C:/Users/Public/Experiments/IDs/05-WMC/MU/MU_SM01_results/MUsbj016.csv","fix","1500","3","16","444788","438563"
"MU.osexp","C:\Users\Public\Experiments\IDs\05-WMC\MU","Tr10_study1.png","9","438562","C:/Users/Public/Experiments/IDs/05-WMC/MU/MU_SM01_results/MUsbj016.csv","study","1000","3","16","446418","447420"
"MU.osexp","C:\Users\Public\Experiments\IDs\05-WMC\MU","Tr10_study2.png","9","438562","C:/Users/Public/Experiments/IDs/05-WMC/MU/MU_SM01_results/MUsbj016.csv","study","1000","3","16","447807","448809"
"MU.osexp","C:\Users\Public\Experiments\IDs\05-WMC\MU","Tr10_study3.png","9","438562","C:/Users/Public/Experiments/IDs/05-WMC/MU/MU_SM01_results/MUsbj016.csv","study","1000","3","16","449182","450184"
"MU.osexp","C:\Users\Public\Experiments\IDs\05-WMC\MU","Tr10_update1.png","9","438562","C:/Users/Public/Experiments/IDs/05-WMC/MU/MU_SM01_results/MUsbj016.csv","update","1300","3","16","450543","451845"
"MU.osexp","C:\Users\Public\Experiments\IDs\05-WMC\MU","Tr10_update2.png","9","438562","C:/Users/Public/Experiments/IDs/05-WMC/MU/MU_SM01_results/MUsbj016.csv","update","1300","3","16","452330","453632"
"MU.osexp","C:\Users\Public\Experiments\IDs\05-WMC\MU","Tr10_test1.png","5","456026","C:/Users/Public/Experiments/IDs/05-WMC/MU/MU_SM01_results/MUsbj016.csv","test","0","3","16","453959","456027"
"MU.osexp","C:\Users\Public\Experiments\IDs\05-WMC\MU","Tr10_test2.png","1","458434","C:/Users/Public/Experiments/IDs/05-WMC/MU/MU_SM01_results/MUsbj016.csv","test","0","3","16","457144","458435"
"MU.osexp","C:\Users\Public\Experiments\IDs\05-WMC\MU","Tr10_test3.png","5","463138","C:/Users/Public/Experiments/IDs/05-WMC/MU/MU_SM01_results/MUsbj016.csv","test","0","3","16","459516","463139"
"MU.osexp","C:\Users\Public\Experiments\IDs\05-WMC\MU","wait.png","5","463138","C:/Users/Public/Experiments/IDs/05-WMC/MU/MU_SM01_results/MUsbj016.csv","wait","5000","5","16","464260","463139"
"MU.osexp","C:\Users\Public\Experiments\IDs\05-WMC\MU","fixation.png","5","463138","C:/Users/Public/Experiments/IDs/05-WMC/MU/MU_SM01_results/MUsbj016.csv","fix","1500","5","16","469374","463139"
"MU.osexp","C:\Users\Public\Experiments\IDs\05-WMC\MU","Tr11_study1.png","5","463138","C:/Users/Public/Experiments/IDs/05-WMC/MU/MU_SM01_results/MUsbj016.csv","study","1000","5","16","470994","471996"
"MU.osexp","C:\Users\Public\Experiments\IDs\05-WMC\MU","Tr11_study2.png","5","463138","C:/Users/Public/Experiments/IDs/05-WMC/MU/MU_SM01_results/MUsbj016.csv","study","1000","5","16","472369","473371"
"MU.osexp","C:\Users\Public\Experiments\IDs\05-WMC\MU","Tr11_study3.png","5","463138","C:/Users/Public/Experiments/IDs/05-WMC/MU/MU_SM01_results/MUsbj016.csv","study","1000","5","16","473732","474734"
"MU.osexp","C:\Users\Public\Experiments\IDs\05-WMC\MU","Tr11_study4.png","5","463138","C:/Users/Public/Experiments/IDs/05-WMC/MU/MU_SM01_results/MUsbj016.csv","study","1000","5","16","475102","476104"
"MU.osexp","C:\Users\Public\Experiments\IDs\05-WMC\MU","Tr11_study5.png","5","463138","C:/Users/Public/Experiments/IDs/05-WMC/MU/MU_SM01_results/MUsbj016.csv","study","1000","5","16","476483","477485"
"MU.osexp","C:\Users\Public\Experiments\IDs\05-WMC\MU","Tr11_update1.png","5","463138","C:/Users/Public/Experiments/IDs/05-WMC/MU/MU_SM01_results/MUsbj016.csv","update","1300","5","16","477852","479154"
"MU.osexp","C:\Users\Public\Experiments\IDs\05-WMC\MU","Tr11_update2.png","5","463138","C:/Users/Public/Experiments/IDs/05-WMC/MU/MU_SM01_results/MUsbj016.csv","update","1300","5","16","479537","480839"
"MU.osexp","C:\Users\Public\Experiments\IDs\05-WMC\MU","Tr11_update3.png","5","463138","C:/Users/Public/Experiments/IDs/05-WMC/MU/MU_SM01_results/MUsbj016.csv","update","1300","5","16","481208","482510"
"MU.osexp","C:\Users\Public\Experiments\IDs\05-WMC\MU","Tr11_test1.png","1","484555","C:/Users/Public/Experiments/IDs/05-WMC/MU/MU_SM01_results/MUsbj016.csv","test","0","5","16","482873","484556"
"MU.osexp","C:\Users\Public\Experiments\IDs\05-WMC\MU","Tr11_test2.png","2","486051","C:/Users/Public/Experiments/IDs/05-WMC/MU/MU_SM01_results/MUsbj016.csv","test","0","5","16","485666","486051"
"MU.osexp","C:\Users\Public\Experiments\IDs\05-WMC\MU","Tr11_test3.png","5","490802","C:/Users/Public/Experiments/IDs/05-WMC/MU/MU_SM01_results/MUsbj016.csv","test","0","5","16","487166","490803"
"MU.osexp","C:\Users\Public\Experiments\IDs\05-WMC\MU","Tr11_test4.png","1","495834","C:/Users/Public/Experiments/IDs/05-WMC/MU/MU_SM01_results/MUsbj016.csv","test","0","5","16","492006","495835"
"MU.osexp","C:\Users\Public\Experiments\IDs\05-WMC\MU","Tr11_test5.png","6","499178","C:/Users/Public/Experiments/IDs/05-WMC/MU/MU_SM01_results/MUsbj016.csv","test","0","5","16","496939","499179"
"MU.osexp","C:\Users\Public\Experiments\IDs\05-WMC\MU","wait.png","6","499178","C:/Users/Public/Experiments/IDs/05-WMC/MU/MU_SM01_results/MUsbj016.csv","wait","5000","3","16","500335","499179"
"MU.osexp","C:\Users\Public\Experiments\IDs\05-WMC\MU","fixation.png","6","499178","C:/Users/Public/Experiments/IDs/05-WMC/MU/MU_SM01_results/MUsbj016.csv","fix","1500","3","16","505437","499179"
"MU.osexp","C:\Users\Public\Experiments\IDs\05-WMC\MU","Tr12_study1.png","6","499178","C:/Users/Public/Experiments/IDs/05-WMC/MU/MU_SM01_results/MUsbj016.csv","study","1000","3","16","507140","508142"
"MU.osexp","C:\Users\Public\Experiments\IDs\05-WMC\MU","Tr12_study2.png","6","499178","C:/Users/Public/Experiments/IDs/05-WMC/MU/MU_SM01_results/MUsbj016.csv","study","1000","3","16","508508","509510"
"MU.osexp","C:\Users\Public\Experiments\IDs\05-WMC\MU","Tr12_study3.png","6","499178","C:/Users/Public/Experiments/IDs/05-WMC/MU/MU_SM01_results/MUsbj016.csv","study","1000","3","16","509871","510873"
"MU.osexp","C:\Users\Public\Experiments\IDs\05-WMC\MU","Tr12_update1.png","6","499178","C:/Users/Public/Experiments/IDs/05-WMC/MU/MU_SM01_results/MUsbj016.csv","update","1300","3","16","511229","512531"
"MU.osexp","C:\Users\Public\Experiments\IDs\05-WMC\MU","Tr12_update2.png","6","499178","C:/Users/Public/Experiments/IDs/05-WMC/MU/MU_SM01_results/MUsbj016.csv","update","1300","3","16","512887","514189"
"MU.osexp","C:\Users\Public\Experiments\IDs\05-WMC\MU","Tr12_update3.png","6","499178","C:/Users/Public/Experiments/IDs/05-WMC/MU/MU_SM01_results/MUsbj016.csv","update","1300","3","16","514549","515851"
"MU.osexp","C:\Users\Public\Experiments\IDs\05-WMC\MU","Tr12_update4.png","6","499178","C:/Users/Public/Experiments/IDs/05-WMC/MU/MU_SM01_results/MUsbj016.csv","update","1300","3","16","516214","517516"
"MU.osexp","C:\Users\Public\Experiments\IDs\05-WMC\MU","Tr12_update5.png","6","499178","C:/Users/Public/Experiments/IDs/05-WMC/MU/MU_SM01_results/MUsbj016.csv","update","1300","3","16","517871","519173"
"MU.osexp","C:\Users\Public\Experiments\IDs\05-WMC\MU","Tr12_test1.png","1","522115","C:/Users/Public/Experiments/IDs/05-WMC/MU/MU_SM01_results/MUsbj016.csv","test","0","3","16","519530","522115"
"MU.osexp","C:\Users\Public\Experiments\IDs\05-WMC\MU","Tr12_test2.png","1","532482","C:/Users/Public/Experiments/IDs/05-WMC/MU/MU_SM01_results/MUsbj016.csv","test","0","3","16","523248","532483"
"MU.osexp","C:\Users\Public\Experiments\IDs\05-WMC\MU","Tr12_test3.png","4","535403","C:/Users/Public/Experiments/IDs/05-WMC/MU/MU_SM01_results/MUsbj016.csv","test","0","3","16","533601","535404"
"MU.osexp","C:\Users\Public\Experiments\IDs\05-WMC\MU","wait.png","4","535403","C:/Users/Public/Experiments/IDs/05-WMC/MU/MU_SM01_results/MUsbj016.csv","wait","5000","3","16","536537","535404"
"MU.osexp","C:\Users\Public\Experiments\IDs\05-WMC\MU","fixation.png","4","535403","C:/Users/Public/Experiments/IDs/05-WMC/MU/MU_SM01_results/MUsbj016.csv","fix","1500","3","16","541623","535404"
"MU.osexp","C:\Users\Public\Experiments\IDs\05-WMC\MU","Tr13_study1.png","4","535403","C:/Users/Public/Experiments/IDs/05-WMC/MU/MU_SM01_results/MUsbj016.csv","study","1000","3","16","543250","544252"
"MU.osexp","C:\Users\Public\Experiments\IDs\05-WMC\MU","Tr13_study2.png","4","535403","C:/Users/Public/Experiments/IDs/05-WMC/MU/MU_SM01_results/MUsbj016.csv","study","1000","3","16","544604","545606"
"MU.osexp","C:\Users\Public\Experiments\IDs\05-WMC\MU","Tr13_study3.png","4","535403","C:/Users/Public/Experiments/IDs/05-WMC/MU/MU_SM01_results/MUsbj016.csv","study","1000","3","16","545960","546962"
"MU.osexp","C:\Users\Public\Experiments\IDs\05-WMC\MU","Tr13_update1.png","4","535403","C:/Users/Public/Experiments/IDs/05-WMC/MU/MU_SM01_results/MUsbj016.csv","update","1300","3","16","547309","548611"
"MU.osexp","C:\Users\Public\Experiments\IDs\05-WMC\MU","Tr13_update2.png","4","535403","C:/Users/Public/Experiments/IDs/05-WMC/MU/MU_SM01_results/MUsbj016.csv","update","1300","3","16","548954","550256"
"MU.osexp","C:\Users\Public\Experiments\IDs\05-WMC\MU","Tr13_update3.png","4","535403","C:/Users/Public/Experiments/IDs/05-WMC/MU/MU_SM01_results/MUsbj016.csv","update","1300","3","16","550626","551928"
"MU.osexp","C:\Users\Public\Experiments\IDs\05-WMC\MU","Tr13_update4.png","4","535403","C:/Users/Public/Experiments/IDs/05-WMC/MU/MU_SM01_results/MUsbj016.csv","update","1300","3","16","552279","553581"
"MU.osexp","C:\Users\Public\Experiments\IDs\05-WMC\MU","Tr13_test1.png","2","570155","C:/Users/Public/Experiments/IDs/05-WMC/MU/MU_SM01_results/MUsbj016.csv","test","0","3","16","553934","570156"
"MU.osexp","C:\Users\Public\Experiments\IDs\05-WMC\MU","Tr13_test2.png","4","574483","C:/Users/Public/Experiments/IDs/05-WMC/MU/MU_SM01_results/MUsbj016.csv","test","0","3","16","571254","574483"
"MU.osexp","C:\Users\Public\Experiments\IDs\05-WMC\MU","Tr13_test3.png","7","576234","C:/Users/Public/Experiments/IDs/05-WMC/MU/MU_SM01_results/MUsbj016.csv","test","0","3","16","575600","576235"
"MU.osexp","C:\Users\Public\Experiments\IDs\05-WMC\MU","wait.png","7","576234","C:/Users/Public/Experiments/IDs/05-WMC/MU/MU_SM01_results/MUsbj016.csv","wait","5000","5","16","577349","576235"
"MU.osexp","C:\Users\Public\Experiments\IDs\05-WMC\MU","fixation.png","7","576234","C:/Users/Public/Experiments/IDs/05-WMC/MU/MU_SM01_results/MUsbj016.csv","fix","1500","5","16","582470","576235"
"MU.osexp","C:\Users\Public\Experiments\IDs\05-WMC\MU","Tr14_study1.png","7","576234","C:/Users/Public/Experiments/IDs/05-WMC/MU/MU_SM01_results/MUsbj016.csv","study","1000","5","16","584123","585125"
"MU.osexp","C:\Users\Public\Experiments\IDs\05-WMC\MU","Tr14_study2.png","7","576234","C:/Users/Public/Experiments/IDs/05-WMC/MU/MU_SM01_results/MUsbj016.csv","study","1000","5","16","585483","586485"
"MU.osexp","C:\Users\Public\Experiments\IDs\05-WMC\MU","Tr14_study3.png","7","576234","C:/Users/Public/Experiments/IDs/05-WMC/MU/MU_SM01_results/MUsbj016.csv","study","1000","5","16","586849","587851"
"MU.osexp","C:\Users\Public\Experiments\IDs\05-WMC\MU","Tr14_study4.png","7","576234","C:/Users/Public/Experiments/IDs/05-WMC/MU/MU_SM01_results/MUsbj016.csv","study","1000","5","16","588321","589323"
"MU.osexp","C:\Users\Public\Experiments\IDs\05-WMC\MU","Tr14_study5.png","7","576234","C:/Users/Public/Experiments/IDs/05-WMC/MU/MU_SM01_results/MUsbj016.csv","study","1000","5","16","589696","590698"
"MU.osexp","C:\Users\Public\Experiments\IDs\05-WMC\MU","Tr14_update1.png","7","576234","C:/Users/Public/Experiments/IDs/05-WMC/MU/MU_SM01_results/MUsbj016.csv","update","1300","5","16","591056","592358"
"MU.osexp","C:\Users\Public\Experiments\IDs\05-WMC\MU","Tr14_update2.png","7","576234","C:/Users/Public/Experiments/IDs/05-WMC/MU/MU_SM01_results/MUsbj016.csv","update","1300","5","16","592716","594018"
"MU.osexp","C:\Users\Public\Experiments\IDs\05-WMC\MU","Tr14_update3.png","7","576234","C:/Users/Public/Experiments/IDs/05-WMC/MU/MU_SM01_results/MUsbj016.csv","update","1300","5","16","594388","595690"
"MU.osexp","C:\Users\Public\Experiments\IDs\05-WMC\MU","Tr14_update4.png","7","576234","C:/Users/Public/Experiments/IDs/05-WMC/MU/MU_SM01_results/MUsbj016.csv","update","1300","5","16","596038","597340"
"MU.osexp","C:\Users\Public\Experiments\IDs\05-WMC\MU","Tr14_test1.png","8","600786","C:/Users/Public/Experiments/IDs/05-WMC/MU/MU_SM01_results/MUsbj016.csv","test","0","5","16","597732","600787"
"MU.osexp","C:\Users\Public\Experiments\IDs\05-WMC\MU","Tr14_test2.png","7","602506","C:/Users/Public/Experiments/IDs/05-WMC/MU/MU_SM01_results/MUsbj016.csv","test","0","5","16","601881","602507"
"MU.osexp","C:\Users\Public\Experiments\IDs\05-WMC\MU","Tr14_test3.png","8","607619","C:/Users/Public/Experiments/IDs/05-WMC/MU/MU_SM01_results/MUsbj016.csv","test","0","5","16","603620","607620"
"MU.osexp","C:\Users\Public\Experiments\IDs\05-WMC\MU","Tr14_test4.png","4","610371","C:/Users/Public/Experiments/IDs/05-WMC/MU/MU_SM01_results/MUsbj016.csv","test","0","5","16","608748","610372"
"MU.osexp","C:\Users\Public\Experiments\IDs\05-WMC\MU","Tr14_test5.png","8","612386","C:/Users/Public/Experiments/IDs/05-WMC/MU/MU_SM01_results/MUsbj016.csv","test","0","5","16","611503","612387"
"MU.osexp","C:\Users\Public\Experiments\IDs\05-WMC\MU","wait.png","8","612386","C:/Users/Public/Experiments/IDs/05-WMC/MU/MU_SM01_results/MUsbj016.csv","wait","5000","4","16","613490","612387"
"MU.osexp","C:\Users\Public\Experiments\IDs\05-WMC\MU","fixation.png","8","612386","C:/Users/Public/Experiments/IDs/05-WMC/MU/MU_SM01_results/MUsbj016.csv","fix","1500","4","16","618590","612387"
"MU.osexp","C:\Users\Public\Experiments\IDs\05-WMC\MU","Tr15_study1.png","8","612386","C:/Users/Public/Experiments/IDs/05-WMC/MU/MU_SM01_results/MUsbj016.csv","study","1000","4","16","620209","621211"
"MU.osexp","C:\Users\Public\Experiments\IDs\05-WMC\MU","Tr15_study2.png","8","612386","C:/Users/Public/Experiments/IDs/05-WMC/MU/MU_SM01_results/MUsbj016.csv","study","1000","4","16","621589","622591"
"MU.osexp","C:\Users\Public\Experiments\IDs\05-WMC\MU","Tr15_study3.png","8","612386","C:/Users/Public/Experiments/IDs/05-WMC/MU/MU_SM01_results/MUsbj016.csv","study","1000","4","16","622959","623962"
"MU.osexp","C:\Users\Public\Experiments\IDs\05-WMC\MU","Tr15_study4.png","8","612386","C:/Users/Public/Experiments/IDs/05-WMC/MU/MU_SM01_results/MUsbj016.csv","study","1000","4","16","624326","625328"
"MU.osexp","C:\Users\Public\Experiments\IDs\05-WMC\MU","Tr15_update1.png","8","612386","C:/Users/Public/Experiments/IDs/05-WMC/MU/MU_SM01_results/MUsbj016.csv","update","1300","4","16","625701","627002"
"MU.osexp","C:\Users\Public\Experiments\IDs\05-WMC\MU","Tr15_update2.png","8","612386","C:/Users/Public/Experiments/IDs/05-WMC/MU/MU_SM01_results/MUsbj016.csv","update","1300","4","16","627371","628673"
"MU.osexp","C:\Users\Public\Experiments\IDs\05-WMC\MU","Tr15_update3.png","8","612386","C:/Users/Public/Experiments/IDs/05-WMC/MU/MU_SM01_results/MUsbj016.csv","update","1300","4","16","629038","630340"
"MU.osexp","C:\Users\Public\Experiments\IDs\05-WMC\MU","Tr15_update4.png","8","612386","C:/Users/Public/Experiments/IDs/05-WMC/MU/MU_SM01_results/MUsbj016.csv","update","1300","4","16","630709","632011"
"MU.osexp","C:\Users\Public\Experiments\IDs\05-WMC\MU","Tr15_update5.png","8","612386","C:/Users/Public/Experiments/IDs/05-WMC/MU/MU_SM01_results/MUsbj016.csv","update","1300","4","16","632371","633673"
"MU.osexp","C:\Users\Public\Experiments\IDs\05-WMC\MU","Tr15_update6.png","8","612386","C:/Users/Public/Experiments/IDs/05-WMC/MU/MU_SM01_results/MUsbj016.csv","update","1300","4","16","634042","635344"
"MU.osexp","C:\Users\Public\Experiments\IDs\05-WMC\MU","Tr15_test1.png","6","644211","C:/Users/Public/Experiments/IDs/05-WMC/MU/MU_SM01_results/MUsbj016.csv","test","0","4","16","635692","644212"
"MU.osexp","C:\Users\Public\Experiments\IDs\05-WMC\MU","Tr15_test2.png","6","647427","C:/Users/Public/Experiments/IDs/05-WMC/MU/MU_SM01_results/MUsbj016.csv","test","0","4","16","645349","647427"
"MU.osexp","C:\Users\Public\Experiments\IDs\05-WMC\MU","Tr15_test3.png","8","654346","C:/Users/Public/Experiments/IDs/05-WMC/MU/MU_SM01_results/MUsbj016.csv","test","0","4","16","648529","654347"
"MU.osexp","C:\Users\Public\Experiments\IDs\05-WMC\MU","Tr15_test4.png","1","660819","C:/Users/Public/Experiments/IDs/05-WMC/MU/MU_SM01_results/MUsbj016.csv","test","0","4","16","655451","660820"
"MU.osexp","C:\Users\Public\Experiments\IDs\05-WMC\MU","wait.png","1","660819","C:/Users/Public/Experiments/IDs/05-WMC/MU/MU_SM01_results/MUsbj016.csv","wait","5000","4","16","661913","660820"
"MU.osexp","C:\Users\Public\Experiments\IDs\05-WMC\MU","fixation.png","1","660819","C:/Users/Public/Experiments/IDs/05-WMC/MU/MU_SM01_results/MUsbj016.csv","fix","1500","4","16","667037","660820"
"MU.osexp","C:\Users\Public\Experiments\IDs\05-WMC\MU","Tr16_study1.png","1","660819","C:/Users/Public/Experiments/IDs/05-WMC/MU/MU_SM01_results/MUsbj016.csv","study","1000","4","16","668685","669687"
"MU.osexp","C:\Users\Public\Experiments\IDs\05-WMC\MU","Tr16_study2.png","1","660819","C:/Users/Public/Experiments/IDs/05-WMC/MU/MU_SM01_results/MUsbj016.csv","study","1000","4","16","670039","671041"
"MU.osexp","C:\Users\Public\Experiments\IDs\05-WMC\MU","Tr16_study3.png","1","660819","C:/Users/Public/Experiments/IDs/05-WMC/MU/MU_SM01_results/MUsbj016.csv","study","1000","4","16","671397","672399"
"MU.osexp","C:\Users\Public\Experiments\IDs\05-WMC\MU","Tr16_study4.png","1","660819","C:/Users/Public/Experiments/IDs/05-WMC/MU/MU_SM01_results/MUsbj016.csv","study","1000","4","16","672748","673750"
"MU.osexp","C:\Users\Public\Experiments\IDs\05-WMC\MU","Tr16_update1.png","1","660819","C:/Users/Public/Experiments/IDs/05-WMC/MU/MU_SM01_results/MUsbj016.csv","update","1300","4","16","674114","675416"
"MU.osexp","C:\Users\Public\Experiments\IDs\05-WMC\MU","Tr16_update2.png","1","660819","C:/Users/Public/Experiments/IDs/05-WMC/MU/MU_SM01_results/MUsbj016.csv","update","1300","4","16","675796","677098"
"MU.osexp","C:\Users\Public\Experiments\IDs\05-WMC\MU","Tr16_test1.png","8","682347","C:/Users/Public/Experiments/IDs/05-WMC/MU/MU_SM01_results/MUsbj016.csv","test","0","4","16","677469","682347"
"MU.osexp","C:\Users\Public\Experiments\IDs\05-WMC\MU","Tr16_test2.png","9","688322","C:/Users/Public/Experiments/IDs/05-WMC/MU/MU_SM01_results/MUsbj016.csv","test","0","4","16","683482","688323"
"MU.osexp","C:\Users\Public\Experiments\IDs\05-WMC\MU","Tr16_test3.png","5","695563","C:/Users/Public/Experiments/IDs/05-WMC/MU/MU_SM01_results/MUsbj016.csv","test","0","4","16","689424","695564"
"MU.osexp","C:\Users\Public\Experiments\IDs\05-WMC\MU","Tr16_test4.png","6","697691","C:/Users/Public/Experiments/IDs/05-WMC/MU/MU_SM01_results/MUsbj016.csv","test","0","4","16","696656","697692"
"MU.osexp","C:\Users\Public\Experiments\IDs\05-WMC\MU","wait.png","6","697691","C:/Users/Public/Experiments/IDs/05-WMC/MU/MU_SM01_results/MUsbj016.csv","wait","5000","5","16","698810","697692"
"MU.osexp","C:\Users\Public\Experiments\IDs\05-WMC\MU","fixation.png","6","697691","C:/Users/Public/Experiments/IDs/05-WMC/MU/MU_SM01_results/MUsbj016.csv","fix","1500","5","16","703939","697692"
"MU.osexp","C:\Users\Public\Experiments\IDs\05-WMC\MU","Tr17_study1.png","6","697691","C:/Users/Public/Experiments/IDs/05-WMC/MU/MU_SM01_results/MUsbj016.csv","study","1000","5","16","705575","706577"
"MU.osexp","C:\Users\Public\Experiments\IDs\05-WMC\MU","Tr17_study2.png","6","697691","C:/Users/Public/Experiments/IDs/05-WMC/MU/MU_SM01_results/MUsbj016.csv","study","1000","5","16","706941","707943"
"MU.osexp","C:\Users\Public\Experiments\IDs\05-WMC\MU","Tr17_study3.png","6","697691","C:/Users/Public/Experiments/IDs/05-WMC/MU/MU_SM01_results/MUsbj016.csv","study","1000","5","16","708311","709313"
"MU.osexp","C:\Users\Public\Experiments\IDs\05-WMC\MU","Tr17_study4.png","6","697691","C:/Users/Public/Experiments/IDs/05-WMC/MU/MU_SM01_results/MUsbj016.csv","study","1000","5","16","709666","710668"
"MU.osexp","C:\Users\Public\Experiments\IDs\05-WMC\MU","Tr17_study5.png","6","697691","C:/Users/Public/Experiments/IDs/05-WMC/MU/MU_SM01_results/MUsbj016.csv","study","1000","5","16","711048","712050"
"MU.osexp","C:\Users\Public\Experiments\IDs\05-WMC\MU","Tr17_update1.png","6","697691","C:/Users/Public/Experiments/IDs/05-WMC/MU/MU_SM01_results/MUsbj016.csv","update","1300","5","16","712393","713695"
"MU.osexp","C:\Users\Public\Experiments\IDs\05-WMC\MU","Tr17_update2.png","6","697691","C:/Users/Public/Experiments/IDs/05-WMC/MU/MU_SM01_results/MUsbj016.csv","update","1300","5","16","714051","715353"
"MU.osexp","C:\Users\Public\Experiments\IDs\05-WMC\MU","Tr17_update3.png","6","697691","C:/Users/Public/Experiments/IDs/05-WMC/MU/MU_SM01_results/MUsbj016.csv","update","1300","5","16","715730","717031"
"MU.osexp","C:\Users\Public\Experiments\IDs\05-WMC\MU","Tr17_update4.png","6","697691","C:/Users/Public/Experiments/IDs/05-WMC/MU/MU_SM01_results/MUsbj016.csv","update","1300","5","16","717381","718683"
"MU.osexp","C:\Users\Public\Experiments\IDs\05-WMC\MU","Tr17_update5.png","6","697691","C:/Users/Public/Experiments/IDs/05-WMC/MU/MU_SM01_results/MUsbj016.csv","update","1300","5","16","719057","720359"
"MU.osexp","C:\Users\Public\Experiments\IDs\05-WMC\MU","Tr17_update6.png","6","697691","C:/Users/Public/Experiments/IDs/05-WMC/MU/MU_SM01_results/MUsbj016.csv","update","1300","5","16","720709","722011"
"MU.osexp","C:\Users\Public\Experiments\IDs\05-WMC\MU","Tr17_test1.png","0","726002","C:/Users/Public/Experiments/IDs/05-WMC/MU/MU_SM01_results/MUsbj016.csv","test","0","5","16","722450","726003"
"MU.osexp","C:\Users\Public\Experiments\IDs\05-WMC\MU","Tr17_test2.png","1","729195","C:/Users/Public/Experiments/IDs/05-WMC/MU/MU_SM01_results/MUsbj016.csv","test","0","5","16","727120","729196"
"MU.osexp","C:\Users\Public\Experiments\IDs\05-WMC\MU","Tr17_test3.png","6","736011","C:/Users/Public/Experiments/IDs/05-WMC/MU/MU_SM01_results/MUsbj016.csv","test","0","5","16","730341","736011"
"MU.osexp","C:\Users\Public\Experiments\IDs\05-WMC\MU","Tr17_test4.png","3","738594","C:/Users/Public/Experiments/IDs/05-WMC/MU/MU_SM01_results/MUsbj016.csv","test","0","5","16","737121","738595"
"MU.osexp","C:\Users\Public\Experiments\IDs\05-WMC\MU","Tr17_test5.png","9","740706","C:/Users/Public/Experiments/IDs/05-WMC/MU/MU_SM01_results/MUsbj016.csv","test","0","5","16","739704","740707"
