"experiment_file","experiment_path","image","key","key_time","logfile","phase","playtime","setSize","subject_nr","timestamp","waittime"
"MU.osexp","C:\Users\Public\Experiments\IDs\05-WMC\MU","ready1.png","NA","NA","C:/Users/Public/Experiments/IDs/05-WMC/MU/MUsbj082.csv","pre","0","3","82","71409","NA"
"MU.osexp","C:\Users\Public\Experiments\IDs\05-WMC\MU","fixation.png","NA","NA","C:/Users/Public/Experiments/IDs/05-WMC/MU/MUsbj082.csv","fix","1500","3","82","73064","NA"
"MU.osexp","C:\Users\Public\Experiments\IDs\05-WMC\MU","Tr1_study1.png","NA","NA","C:/Users/Public/Experiments/IDs/05-WMC/MU/MUsbj082.csv","study","1000","3","82","74827","75827"
"MU.osexp","C:\Users\Public\Experiments\IDs\05-WMC\MU","Tr1_study2.png","NA","NA","C:/Users/Public/Experiments/IDs/05-WMC/MU/MUsbj082.csv","study","1000","3","82","76194","77194"
"MU.osexp","C:\Users\Public\Experiments\IDs\05-WMC\MU","Tr1_study3.png","NA","NA","C:/Users/Public/Experiments/IDs/05-WMC/MU/MUsbj082.csv","study","1000","3","82","77563","78563"
"MU.osexp","C:\Users\Public\Experiments\IDs\05-WMC\MU","Tr1_update1.png","NA","NA","C:/Users/Public/Experiments/IDs/05-WMC/MU/MUsbj082.csv","update","1300","3","82","78902","80203"
"MU.osexp","C:\Users\Public\Experiments\IDs\05-WMC\MU","Tr1_update2.png","NA","NA","C:/Users/Public/Experiments/IDs/05-WMC/MU/MUsbj082.csv","update","1300","3","82","80552","81852"
"MU.osexp","C:\Users\Public\Experiments\IDs\05-WMC\MU","Tr1_update3.png","NA","NA","C:/Users/Public/Experiments/IDs/05-WMC/MU/MUsbj082.csv","update","1300","3","82","82210","83510"
"MU.osexp","C:\Users\Public\Experiments\IDs\05-WMC\MU","Tr1_test1.png","9","85173","C:/Users/Public/Experiments/IDs/05-WMC/MU/MUsbj082.csv","test","0","3","82","83827","85174"
"MU.osexp","C:\Users\Public\Experiments\IDs\05-WMC\MU","Tr1_test2.png","8","88972","C:/Users/Public/Experiments/IDs/05-WMC/MU/MUsbj082.csv","test","0","3","82","86351","88973"
"MU.osexp","C:\Users\Public\Experiments\IDs\05-WMC\MU","Tr1_test3.png","2","92164","C:/Users/Public/Experiments/IDs/05-WMC/MU/MUsbj082.csv","test","0","3","82","90039","92165"
"MU.osexp","C:\Users\Public\Experiments\IDs\05-WMC\MU","wait.png","2","92164","C:/Users/Public/Experiments/IDs/05-WMC/MU/MUsbj082.csv","wait","5000","3","82","93250","92165"
"MU.osexp","C:\Users\Public\Experiments\IDs\05-WMC\MU","fixation.png","2","92164","C:/Users/Public/Experiments/IDs/05-WMC/MU/MUsbj082.csv","fix","1500","3","82","98328","92165"
"MU.osexp","C:\Users\Public\Experiments\IDs\05-WMC\MU","Tr2_study1.png","2","92164","C:/Users/Public/Experiments/IDs/05-WMC/MU/MUsbj082.csv","study","1000","3","82","99901","100901"
"MU.osexp","C:\Users\Public\Experiments\IDs\05-WMC\MU","Tr2_study2.png","2","92164","C:/Users/Public/Experiments/IDs/05-WMC/MU/MUsbj082.csv","study","1000","3","82","101237","102239"
"MU.osexp","C:\Users\Public\Experiments\IDs\05-WMC\MU","Tr2_study3.png","2","92164","C:/Users/Public/Experiments/IDs/05-WMC/MU/MUsbj082.csv","study","1000","3","82","102587","103588"
"MU.osexp","C:\Users\Public\Experiments\IDs\05-WMC\MU","Tr2_update1.png","2","92164","C:/Users/Public/Experiments/IDs/05-WMC/MU/MUsbj082.csv","update","1300","3","82","103924","105224"
"MU.osexp","C:\Users\Public\Experiments\IDs\05-WMC\MU","Tr2_update2.png","2","92164","C:/Users/Public/Experiments/IDs/05-WMC/MU/MUsbj082.csv","update","1300","3","82","105560","106862"
"MU.osexp","C:\Users\Public\Experiments\IDs\05-WMC\MU","Tr2_update3.png","2","92164","C:/Users/Public/Experiments/IDs/05-WMC/MU/MUsbj082.csv","update","1300","3","82","107196","108496"
"MU.osexp","C:\Users\Public\Experiments\IDs\05-WMC\MU","Tr2_test1.png","4","110380","C:/Users/Public/Experiments/IDs/05-WMC/MU/MUsbj082.csv","test","0","3","82","108806","110381"
"MU.osexp","C:\Users\Public\Experiments\IDs\05-WMC\MU","Tr2_test2.png","6","112564","C:/Users/Public/Experiments/IDs/05-WMC/MU/MUsbj082.csv","test","0","3","82","111543","112565"
"MU.osexp","C:\Users\Public\Experiments\IDs\05-WMC\MU","Tr2_test3.png","1","115716","C:/Users/Public/Experiments/IDs/05-WMC/MU/MUsbj082.csv","test","0","3","82","113669","115717"
"MU.osexp","C:\Users\Public\Experiments\IDs\05-WMC\MU","ready2.png","1","115716","C:/Users/Public/Experiments/IDs/05-WMC/MU/MUsbj082.csv","pre","0","3","82","119498","115717"
"MU.osexp","C:\Users\Public\Experiments\IDs\05-WMC\MU","fixation.png","1","115716","C:/Users/Public/Experiments/IDs/05-WMC/MU/MUsbj082.csv","fix","1500","3","82","121013","115717"
"MU.osexp","C:\Users\Public\Experiments\IDs\05-WMC\MU","Tr3_study1.png","1","115716","C:/Users/Public/Experiments/IDs/05-WMC/MU/MUsbj082.csv","study","1000","3","82","122615","123616"
"MU.osexp","C:\Users\Public\Experiments\IDs\05-WMC\MU","Tr3_study2.png","1","115716","C:/Users/Public/Experiments/IDs/05-WMC/MU/MUsbj082.csv","study","1000","3","82","123936","124936"
"MU.osexp","C:\Users\Public\Experiments\IDs\05-WMC\MU","Tr3_study3.png","1","115716","C:/Users/Public/Experiments/IDs/05-WMC/MU/MUsbj082.csv","study","1000","3","82","125283","126283"
"MU.osexp","C:\Users\Public\Experiments\IDs\05-WMC\MU","Tr3_update1.png","1","115716","C:/Users/Public/Experiments/IDs/05-WMC/MU/MUsbj082.csv","update","1300","3","82","126640","127941"
"MU.osexp","C:\Users\Public\Experiments\IDs\05-WMC\MU","Tr3_update2.png","1","115716","C:/Users/Public/Experiments/IDs/05-WMC/MU/MUsbj082.csv","update","1300","3","82","128279","129580"
"MU.osexp","C:\Users\Public\Experiments\IDs\05-WMC\MU","Tr3_update3.png","1","115716","C:/Users/Public/Experiments/IDs/05-WMC/MU/MUsbj082.csv","update","1300","3","82","129934","131235"
"MU.osexp","C:\Users\Public\Experiments\IDs\05-WMC\MU","Tr3_test1.png","9","133140","C:/Users/Public/Experiments/IDs/05-WMC/MU/MUsbj082.csv","test","0","3","82","131592","133141"
"MU.osexp","C:\Users\Public\Experiments\IDs\05-WMC\MU","Tr3_test2.png","7","135300","C:/Users/Public/Experiments/IDs/05-WMC/MU/MUsbj082.csv","test","0","3","82","134220","135301"
"MU.osexp","C:\Users\Public\Experiments\IDs\05-WMC\MU","Tr3_test3.png","7","136709","C:/Users/Public/Experiments/IDs/05-WMC/MU/MUsbj082.csv","test","0","3","82","136393","136709"
"MU.osexp","C:\Users\Public\Experiments\IDs\05-WMC\MU","wait.png","7","136709","C:/Users/Public/Experiments/IDs/05-WMC/MU/MUsbj082.csv","wait","5000","4","82","137798","136709"
"MU.osexp","C:\Users\Public\Experiments\IDs\05-WMC\MU","fixation.png","7","136709","C:/Users/Public/Experiments/IDs/05-WMC/MU/MUsbj082.csv","fix","1500","4","82","142874","136709"
"MU.osexp","C:\Users\Public\Experiments\IDs\05-WMC\MU","Tr4_study1.png","7","136709","C:/Users/Public/Experiments/IDs/05-WMC/MU/MUsbj082.csv","study","1000","4","82","144461","145461"
"MU.osexp","C:\Users\Public\Experiments\IDs\05-WMC\MU","Tr4_study2.png","7","136709","C:/Users/Public/Experiments/IDs/05-WMC/MU/MUsbj082.csv","study","1000","4","82","145806","146806"
"MU.osexp","C:\Users\Public\Experiments\IDs\05-WMC\MU","Tr4_study3.png","7","136709","C:/Users/Public/Experiments/IDs/05-WMC/MU/MUsbj082.csv","study","1000","4","82","147124","148125"
"MU.osexp","C:\Users\Public\Experiments\IDs\05-WMC\MU","Tr4_study4.png","7","136709","C:/Users/Public/Experiments/IDs/05-WMC/MU/MUsbj082.csv","study","1000","4","82","148499","149499"
"MU.osexp","C:\Users\Public\Experiments\IDs\05-WMC\MU","Tr4_update1.png","7","136709","C:/Users/Public/Experiments/IDs/05-WMC/MU/MUsbj082.csv","update","1300","4","82","149828","151130"
"MU.osexp","C:\Users\Public\Experiments\IDs\05-WMC\MU","Tr4_update2.png","7","136709","C:/Users/Public/Experiments/IDs/05-WMC/MU/MUsbj082.csv","update","1300","4","82","151488","152790"
"MU.osexp","C:\Users\Public\Experiments\IDs\05-WMC\MU","Tr4_update3.png","7","136709","C:/Users/Public/Experiments/IDs/05-WMC/MU/MUsbj082.csv","update","1300","4","82","153121","154424"
"MU.osexp","C:\Users\Public\Experiments\IDs\05-WMC\MU","Tr4_update4.png","7","136709","C:/Users/Public/Experiments/IDs/05-WMC/MU/MUsbj082.csv","update","1300","4","82","154850","156152"
"MU.osexp","C:\Users\Public\Experiments\IDs\05-WMC\MU","Tr4_test1.png","3","159276","C:/Users/Public/Experiments/IDs/05-WMC/MU/MUsbj082.csv","test","0","4","82","156480","159277"
"MU.osexp","C:\Users\Public\Experiments\IDs\05-WMC\MU","Tr4_test2.png","7","161404","C:/Users/Public/Experiments/IDs/05-WMC/MU/MUsbj082.csv","test","0","4","82","160371","161405"
"MU.osexp","C:\Users\Public\Experiments\IDs\05-WMC\MU","Tr4_test3.png","1","163228","C:/Users/Public/Experiments/IDs/05-WMC/MU/MUsbj082.csv","test","0","4","82","162497","163229"
"MU.osexp","C:\Users\Public\Experiments\IDs\05-WMC\MU","Tr4_test4.png","9","164940","C:/Users/Public/Experiments/IDs/05-WMC/MU/MUsbj082.csv","test","0","4","82","164312","164941"
"MU.osexp","C:\Users\Public\Experiments\IDs\05-WMC\MU","wait.png","9","164940","C:/Users/Public/Experiments/IDs/05-WMC/MU/MUsbj082.csv","wait","5000","3","82","166022","164941"
"MU.osexp","C:\Users\Public\Experiments\IDs\05-WMC\MU","fixation.png","9","164940","C:/Users/Public/Experiments/IDs/05-WMC/MU/MUsbj082.csv","fix","1500","3","82","171104","164941"
"MU.osexp","C:\Users\Public\Experiments\IDs\05-WMC\MU","Tr5_study1.png","9","164940","C:/Users/Public/Experiments/IDs/05-WMC/MU/MUsbj082.csv","study","1000","3","82","172706","173706"
"MU.osexp","C:\Users\Public\Experiments\IDs\05-WMC\MU","Tr5_study2.png","9","164940","C:/Users/Public/Experiments/IDs/05-WMC/MU/MUsbj082.csv","study","1000","3","82","174054","175055"
"MU.osexp","C:\Users\Public\Experiments\IDs\05-WMC\MU","Tr5_study3.png","9","164940","C:/Users/Public/Experiments/IDs/05-WMC/MU/MUsbj082.csv","study","1000","3","82","175384","176385"
"MU.osexp","C:\Users\Public\Experiments\IDs\05-WMC\MU","Tr5_update1.png","9","164940","C:/Users/Public/Experiments/IDs/05-WMC/MU/MUsbj082.csv","update","1300","3","82","176721","178022"
"MU.osexp","C:\Users\Public\Experiments\IDs\05-WMC\MU","Tr5_update2.png","9","164940","C:/Users/Public/Experiments/IDs/05-WMC/MU/MUsbj082.csv","update","1300","3","82","178364","179664"
"MU.osexp","C:\Users\Public\Experiments\IDs\05-WMC\MU","Tr5_update3.png","9","164940","C:/Users/Public/Experiments/IDs/05-WMC/MU/MUsbj082.csv","update","1300","3","82","180007","181308"
"MU.osexp","C:\Users\Public\Experiments\IDs\05-WMC\MU","Tr5_update4.png","9","164940","C:/Users/Public/Experiments/IDs/05-WMC/MU/MUsbj082.csv","update","1300","3","82","181749","183049"
"MU.osexp","C:\Users\Public\Experiments\IDs\05-WMC\MU","Tr5_update5.png","9","164940","C:/Users/Public/Experiments/IDs/05-WMC/MU/MUsbj082.csv","update","1300","3","82","183386","184687"
"MU.osexp","C:\Users\Public\Experiments\IDs\05-WMC\MU","Tr5_update6.png","9","164940","C:/Users/Public/Experiments/IDs/05-WMC/MU/MUsbj082.csv","update","1300","3","82","185025","186327"
"MU.osexp","C:\Users\Public\Experiments\IDs\05-WMC\MU","Tr5_test1.png","4","187884","C:/Users/Public/Experiments/IDs/05-WMC/MU/MUsbj082.csv","test","0","3","82","186656","187885"
"MU.osexp","C:\Users\Public\Experiments\IDs\05-WMC\MU","Tr5_test2.png","5","189901","C:/Users/Public/Experiments/IDs/05-WMC/MU/MUsbj082.csv","test","0","3","82","189032","189901"
"MU.osexp","C:\Users\Public\Experiments\IDs\05-WMC\MU","Tr5_test3.png","3","191765","C:/Users/Public/Experiments/IDs/05-WMC/MU/MUsbj082.csv","test","0","3","82","190990","191765"
"MU.osexp","C:\Users\Public\Experiments\IDs\05-WMC\MU","wait.png","3","191765","C:/Users/Public/Experiments/IDs/05-WMC/MU/MUsbj082.csv","wait","5000","4","82","192848","191765"
"MU.osexp","C:\Users\Public\Experiments\IDs\05-WMC\MU","fixation.png","3","191765","C:/Users/Public/Experiments/IDs/05-WMC/MU/MUsbj082.csv","fix","1500","4","82","197940","191765"
"MU.osexp","C:\Users\Public\Experiments\IDs\05-WMC\MU","Tr6_study1.png","3","191765","C:/Users/Public/Experiments/IDs/05-WMC/MU/MUsbj082.csv","study","1000","4","82","199527","200527"
"MU.osexp","C:\Users\Public\Experiments\IDs\05-WMC\MU","Tr6_study2.png","3","191765","C:/Users/Public/Experiments/IDs/05-WMC/MU/MUsbj082.csv","study","1000","4","82","200858","201860"
"MU.osexp","C:\Users\Public\Experiments\IDs\05-WMC\MU","Tr6_study3.png","3","191765","C:/Users/Public/Experiments/IDs/05-WMC/MU/MUsbj082.csv","study","1000","4","82","202179","203179"
"MU.osexp","C:\Users\Public\Experiments\IDs\05-WMC\MU","Tr6_study4.png","3","191765","C:/Users/Public/Experiments/IDs/05-WMC/MU/MUsbj082.csv","study","1000","4","82","203540","204540"
"MU.osexp","C:\Users\Public\Experiments\IDs\05-WMC\MU","Tr6_update1.png","3","191765","C:/Users/Public/Experiments/IDs/05-WMC/MU/MUsbj082.csv","update","1300","4","82","204858","206160"
"MU.osexp","C:\Users\Public\Experiments\IDs\05-WMC\MU","Tr6_update2.png","3","191765","C:/Users/Public/Experiments/IDs/05-WMC/MU/MUsbj082.csv","update","1300","4","82","206503","207803"
"MU.osexp","C:\Users\Public\Experiments\IDs\05-WMC\MU","Tr6_update3.png","3","191765","C:/Users/Public/Experiments/IDs/05-WMC/MU/MUsbj082.csv","update","1300","4","82","208133","209434"
"MU.osexp","C:\Users\Public\Experiments\IDs\05-WMC\MU","Tr6_update4.png","3","191765","C:/Users/Public/Experiments/IDs/05-WMC/MU/MUsbj082.csv","update","1300","4","82","209791","211093"
"MU.osexp","C:\Users\Public\Experiments\IDs\05-WMC\MU","Tr6_update5.png","3","191765","C:/Users/Public/Experiments/IDs/05-WMC/MU/MUsbj082.csv","update","1300","4","82","211432","212733"
"MU.osexp","C:\Users\Public\Experiments\IDs\05-WMC\MU","Tr6_test1.png","6","215156","C:/Users/Public/Experiments/IDs/05-WMC/MU/MUsbj082.csv","test","0","4","82","213068","215157"
"MU.osexp","C:\Users\Public\Experiments\IDs\05-WMC\MU","Tr6_test2.png","1","217092","C:/Users/Public/Experiments/IDs/05-WMC/MU/MUsbj082.csv","test","0","4","82","216251","217093"
"MU.osexp","C:\Users\Public\Experiments\IDs\05-WMC\MU","Tr6_test3.png","6","219788","C:/Users/Public/Experiments/IDs/05-WMC/MU/MUsbj082.csv","test","0","4","82","218190","219789"
"MU.osexp","C:\Users\Public\Experiments\IDs\05-WMC\MU","Tr6_test4.png","1","222644","C:/Users/Public/Experiments/IDs/05-WMC/MU/MUsbj082.csv","test","0","4","82","220880","222645"
"MU.osexp","C:\Users\Public\Experiments\IDs\05-WMC\MU","wait.png","1","222644","C:/Users/Public/Experiments/IDs/05-WMC/MU/MUsbj082.csv","wait","5000","5","82","223736","222645"
"MU.osexp","C:\Users\Public\Experiments\IDs\05-WMC\MU","fixation.png","1","222644","C:/Users/Public/Experiments/IDs/05-WMC/MU/MUsbj082.csv","fix","1500","5","82","228820","222645"
"MU.osexp","C:\Users\Public\Experiments\IDs\05-WMC\MU","Tr7_study1.png","1","222644","C:/Users/Public/Experiments/IDs/05-WMC/MU/MUsbj082.csv","study","1000","5","82","230415","231415"
"MU.osexp","C:\Users\Public\Experiments\IDs\05-WMC\MU","Tr7_study2.png","1","222644","C:/Users/Public/Experiments/IDs/05-WMC/MU/MUsbj082.csv","study","1000","5","82","231819","232821"
"MU.osexp","C:\Users\Public\Experiments\IDs\05-WMC\MU","Tr7_study3.png","1","222644","C:/Users/Public/Experiments/IDs/05-WMC/MU/MUsbj082.csv","study","1000","5","82","233180","234180"
"MU.osexp","C:\Users\Public\Experiments\IDs\05-WMC\MU","Tr7_study4.png","1","222644","C:/Users/Public/Experiments/IDs/05-WMC/MU/MUsbj082.csv","study","1000","5","82","234511","235513"
"MU.osexp","C:\Users\Public\Experiments\IDs\05-WMC\MU","Tr7_study5.png","1","222644","C:/Users/Public/Experiments/IDs/05-WMC/MU/MUsbj082.csv","study","1000","5","82","235825","236826"
"MU.osexp","C:\Users\Public\Experiments\IDs\05-WMC\MU","Tr7_update1.png","1","222644","C:/Users/Public/Experiments/IDs/05-WMC/MU/MUsbj082.csv","update","1300","5","82","237251","238552"
"MU.osexp","C:\Users\Public\Experiments\IDs\05-WMC\MU","Tr7_update2.png","1","222644","C:/Users/Public/Experiments/IDs/05-WMC/MU/MUsbj082.csv","update","1300","5","82","238896","240197"
"MU.osexp","C:\Users\Public\Experiments\IDs\05-WMC\MU","Tr7_update3.png","1","222644","C:/Users/Public/Experiments/IDs/05-WMC/MU/MUsbj082.csv","update","1300","5","82","240585","241885"
"MU.osexp","C:\Users\Public\Experiments\IDs\05-WMC\MU","Tr7_update4.png","1","222644","C:/Users/Public/Experiments/IDs/05-WMC/MU/MUsbj082.csv","update","1300","5","82","242222","243522"
"MU.osexp","C:\Users\Public\Experiments\IDs\05-WMC\MU","Tr7_update5.png","1","222644","C:/Users/Public/Experiments/IDs/05-WMC/MU/MUsbj082.csv","update","1300","5","82","243863","245163"
"MU.osexp","C:\Users\Public\Experiments\IDs\05-WMC\MU","Tr7_test1.png","1","246772","C:/Users/Public/Experiments/IDs/05-WMC/MU/MUsbj082.csv","test","0","5","82","245494","246773"
"MU.osexp","C:\Users\Public\Experiments\IDs\05-WMC\MU","Tr7_test2.png","9","249044","C:/Users/Public/Experiments/IDs/05-WMC/MU/MUsbj082.csv","test","0","5","82","247864","249045"
"MU.osexp","C:\Users\Public\Experiments\IDs\05-WMC\MU","Tr7_test3.png","1","250844","C:/Users/Public/Experiments/IDs/05-WMC/MU/MUsbj082.csv","test","0","5","82","250151","250845"
"MU.osexp","C:\Users\Public\Experiments\IDs\05-WMC\MU","Tr7_test4.png","9","252724","C:/Users/Public/Experiments/IDs/05-WMC/MU/MUsbj082.csv","test","0","5","82","251938","252725"
"MU.osexp","C:\Users\Public\Experiments\IDs\05-WMC\MU","Tr7_test5.png","1","254092","C:/Users/Public/Experiments/IDs/05-WMC/MU/MUsbj082.csv","test","0","5","82","253819","254093"
"MU.osexp","C:\Users\Public\Experiments\IDs\05-WMC\MU","wait.png","1","254092","C:/Users/Public/Experiments/IDs/05-WMC/MU/MUsbj082.csv","wait","5000","4","82","255177","254093"
"MU.osexp","C:\Users\Public\Experiments\IDs\05-WMC\MU","fixation.png","1","254092","C:/Users/Public/Experiments/IDs/05-WMC/MU/MUsbj082.csv","fix","1500","4","82","260262","254093"
"MU.osexp","C:\Users\Public\Experiments\IDs\05-WMC\MU","Tr8_study1.png","1","254092","C:/Users/Public/Experiments/IDs/05-WMC/MU/MUsbj082.csv","study","1000","4","82","261848","262848"
"MU.osexp","C:\Users\Public\Experiments\IDs\05-WMC\MU","Tr8_study2.png","1","254092","C:/Users/Public/Experiments/IDs/05-WMC/MU/MUsbj082.csv","study","1000","4","82","263193","264195"
"MU.osexp","C:\Users\Public\Experiments\IDs\05-WMC\MU","Tr8_study3.png","1","254092","C:/Users/Public/Experiments/IDs/05-WMC/MU/MUsbj082.csv","study","1000","4","82","264546","265547"
"MU.osexp","C:\Users\Public\Experiments\IDs\05-WMC\MU","Tr8_study4.png","1","254092","C:/Users/Public/Experiments/IDs/05-WMC/MU/MUsbj082.csv","study","1000","4","82","265895","266895"
"MU.osexp","C:\Users\Public\Experiments\IDs\05-WMC\MU","Tr8_update1.png","1","254092","C:/Users/Public/Experiments/IDs/05-WMC/MU/MUsbj082.csv","update","1300","4","82","267266","268566"
"MU.osexp","C:\Users\Public\Experiments\IDs\05-WMC\MU","Tr8_update2.png","1","254092","C:/Users/Public/Experiments/IDs/05-WMC/MU/MUsbj082.csv","update","1300","4","82","268900","270202"
"MU.osexp","C:\Users\Public\Experiments\IDs\05-WMC\MU","Tr8_update3.png","1","254092","C:/Users/Public/Experiments/IDs/05-WMC/MU/MUsbj082.csv","update","1300","4","82","270525","271827"
"MU.osexp","C:\Users\Public\Experiments\IDs\05-WMC\MU","Tr8_test1.png","5","274628","C:/Users/Public/Experiments/IDs/05-WMC/MU/MUsbj082.csv","test","0","4","82","272200","274629"
"MU.osexp","C:\Users\Public\Experiments\IDs\05-WMC\MU","Tr8_test2.png","4","276981","C:/Users/Public/Experiments/IDs/05-WMC/MU/MUsbj082.csv","test","0","4","82","275757","276982"
"MU.osexp","C:\Users\Public\Experiments\IDs\05-WMC\MU","Tr8_test3.png","9","278933","C:/Users/Public/Experiments/IDs/05-WMC/MU/MUsbj082.csv","test","0","4","82","278079","278933"
"MU.osexp","C:\Users\Public\Experiments\IDs\05-WMC\MU","Tr8_test4.png","2","281724","C:/Users/Public/Experiments/IDs/05-WMC/MU/MUsbj082.csv","test","0","4","82","280035","281725"
"MU.osexp","C:\Users\Public\Experiments\IDs\05-WMC\MU","wait.png","2","281724","C:/Users/Public/Experiments/IDs/05-WMC/MU/MUsbj082.csv","wait","5000","5","82","282799","281725"
"MU.osexp","C:\Users\Public\Experiments\IDs\05-WMC\MU","fixation.png","2","281724","C:/Users/Public/Experiments/IDs/05-WMC/MU/MUsbj082.csv","fix","1500","5","82","287879","281725"
"MU.osexp","C:\Users\Public\Experiments\IDs\05-WMC\MU","Tr9_study1.png","2","281724","C:/Users/Public/Experiments/IDs/05-WMC/MU/MUsbj082.csv","study","1000","5","82","289475","290475"
"MU.osexp","C:\Users\Public\Experiments\IDs\05-WMC\MU","Tr9_study2.png","2","281724","C:/Users/Public/Experiments/IDs/05-WMC/MU/MUsbj082.csv","study","1000","5","82","290818","291818"
"MU.osexp","C:\Users\Public\Experiments\IDs\05-WMC\MU","Tr9_study3.png","2","281724","C:/Users/Public/Experiments/IDs/05-WMC/MU/MUsbj082.csv","study","1000","5","82","292188","293188"
"MU.osexp","C:\Users\Public\Experiments\IDs\05-WMC\MU","Tr9_study4.png","2","281724","C:/Users/Public/Experiments/IDs/05-WMC/MU/MUsbj082.csv","study","1000","5","82","293533","294533"
"MU.osexp","C:\Users\Public\Experiments\IDs\05-WMC\MU","Tr9_study5.png","2","281724","C:/Users/Public/Experiments/IDs/05-WMC/MU/MUsbj082.csv","study","1000","5","82","294861","295863"
"MU.osexp","C:\Users\Public\Experiments\IDs\05-WMC\MU","Tr9_update1.png","2","281724","C:/Users/Public/Experiments/IDs/05-WMC/MU/MUsbj082.csv","update","1300","5","82","296204","297504"
"MU.osexp","C:\Users\Public\Experiments\IDs\05-WMC\MU","Tr9_update2.png","2","281724","C:/Users/Public/Experiments/IDs/05-WMC/MU/MUsbj082.csv","update","1300","5","82","297862","299162"
"MU.osexp","C:\Users\Public\Experiments\IDs\05-WMC\MU","Tr9_test1.png","4","303452","C:/Users/Public/Experiments/IDs/05-WMC/MU/MUsbj082.csv","test","0","5","82","299505","303453"
"MU.osexp","C:\Users\Public\Experiments\IDs\05-WMC\MU","Tr9_test2.png","4","306196","C:/Users/Public/Experiments/IDs/05-WMC/MU/MUsbj082.csv","test","0","5","82","304545","306197"
"MU.osexp","C:\Users\Public\Experiments\IDs\05-WMC\MU","Tr9_test3.png","6","309516","C:/Users/Public/Experiments/IDs/05-WMC/MU/MUsbj082.csv","test","0","5","82","307381","309517"
"MU.osexp","C:\Users\Public\Experiments\IDs\05-WMC\MU","Tr9_test4.png","1","311885","C:/Users/Public/Experiments/IDs/05-WMC/MU/MUsbj082.csv","test","0","5","82","310617","311886"
"MU.osexp","C:\Users\Public\Experiments\IDs\05-WMC\MU","Tr9_test5.png","7","314749","C:/Users/Public/Experiments/IDs/05-WMC/MU/MUsbj082.csv","test","0","5","82","312979","314749"
"MU.osexp","C:\Users\Public\Experiments\IDs\05-WMC\MU","wait.png","7","314749","C:/Users/Public/Experiments/IDs/05-WMC/MU/MUsbj082.csv","wait","5000","3","82","315836","314749"
"MU.osexp","C:\Users\Public\Experiments\IDs\05-WMC\MU","fixation.png","7","314749","C:/Users/Public/Experiments/IDs/05-WMC/MU/MUsbj082.csv","fix","1500","3","82","320947","314749"
"MU.osexp","C:\Users\Public\Experiments\IDs\05-WMC\MU","Tr10_study1.png","7","314749","C:/Users/Public/Experiments/IDs/05-WMC/MU/MUsbj082.csv","study","1000","3","82","322554","323554"
"MU.osexp","C:\Users\Public\Experiments\IDs\05-WMC\MU","Tr10_study2.png","7","314749","C:/Users/Public/Experiments/IDs/05-WMC/MU/MUsbj082.csv","study","1000","3","82","323894","324894"
"MU.osexp","C:\Users\Public\Experiments\IDs\05-WMC\MU","Tr10_study3.png","7","314749","C:/Users/Public/Experiments/IDs/05-WMC/MU/MUsbj082.csv","study","1000","3","82","325220","326220"
"MU.osexp","C:\Users\Public\Experiments\IDs\05-WMC\MU","Tr10_update1.png","7","314749","C:/Users/Public/Experiments/IDs/05-WMC/MU/MUsbj082.csv","update","1300","3","82","326563","327865"
"MU.osexp","C:\Users\Public\Experiments\IDs\05-WMC\MU","Tr10_update2.png","7","314749","C:/Users/Public/Experiments/IDs/05-WMC/MU/MUsbj082.csv","update","1300","3","82","328225","329525"
"MU.osexp","C:\Users\Public\Experiments\IDs\05-WMC\MU","Tr10_test1.png","5","331061","C:/Users/Public/Experiments/IDs/05-WMC/MU/MUsbj082.csv","test","0","3","82","329855","331062"
"MU.osexp","C:\Users\Public\Experiments\IDs\05-WMC\MU","Tr10_test2.png","2","333237","C:/Users/Public/Experiments/IDs/05-WMC/MU/MUsbj082.csv","test","0","3","82","332139","333237"
"MU.osexp","C:\Users\Public\Experiments\IDs\05-WMC\MU","Tr10_test3.png","4","335012","C:/Users/Public/Experiments/IDs/05-WMC/MU/MUsbj082.csv","test","0","3","82","334329","335013"
"MU.osexp","C:\Users\Public\Experiments\IDs\05-WMC\MU","wait.png","4","335012","C:/Users/Public/Experiments/IDs/05-WMC/MU/MUsbj082.csv","wait","5000","5","82","336107","335013"
"MU.osexp","C:\Users\Public\Experiments\IDs\05-WMC\MU","fixation.png","4","335012","C:/Users/Public/Experiments/IDs/05-WMC/MU/MUsbj082.csv","fix","1500","5","82","341188","335013"
"MU.osexp","C:\Users\Public\Experiments\IDs\05-WMC\MU","Tr11_study1.png","4","335012","C:/Users/Public/Experiments/IDs/05-WMC/MU/MUsbj082.csv","study","1000","5","82","342776","343776"
"MU.osexp","C:\Users\Public\Experiments\IDs\05-WMC\MU","Tr11_study2.png","4","335012","C:/Users/Public/Experiments/IDs/05-WMC/MU/MUsbj082.csv","study","1000","5","82","344121","345123"
"MU.osexp","C:\Users\Public\Experiments\IDs\05-WMC\MU","Tr11_study3.png","4","335012","C:/Users/Public/Experiments/IDs/05-WMC/MU/MUsbj082.csv","study","1000","5","82","345467","346467"
"MU.osexp","C:\Users\Public\Experiments\IDs\05-WMC\MU","Tr11_study4.png","4","335012","C:/Users/Public/Experiments/IDs/05-WMC/MU/MUsbj082.csv","study","1000","5","82","346809","347809"
"MU.osexp","C:\Users\Public\Experiments\IDs\05-WMC\MU","Tr11_study5.png","4","335012","C:/Users/Public/Experiments/IDs/05-WMC/MU/MUsbj082.csv","study","1000","5","82","348147","349148"
"MU.osexp","C:\Users\Public\Experiments\IDs\05-WMC\MU","Tr11_update1.png","4","335012","C:/Users/Public/Experiments/IDs/05-WMC/MU/MUsbj082.csv","update","1300","5","82","349492","350794"
"MU.osexp","C:\Users\Public\Experiments\IDs\05-WMC\MU","Tr11_update2.png","4","335012","C:/Users/Public/Experiments/IDs/05-WMC/MU/MUsbj082.csv","update","1300","5","82","351135","352436"
"MU.osexp","C:\Users\Public\Experiments\IDs\05-WMC\MU","Tr11_update3.png","4","335012","C:/Users/Public/Experiments/IDs/05-WMC/MU/MUsbj082.csv","update","1300","5","82","352784","354086"
"MU.osexp","C:\Users\Public\Experiments\IDs\05-WMC\MU","Tr11_test1.png","5","357228","C:/Users/Public/Experiments/IDs/05-WMC/MU/MUsbj082.csv","test","0","5","82","354437","357229"
"MU.osexp","C:\Users\Public\Experiments\IDs\05-WMC\MU","Tr11_test2.png","1","358852","C:/Users/Public/Experiments/IDs/05-WMC/MU/MUsbj082.csv","test","0","5","82","358345","358853"
"MU.osexp","C:\Users\Public\Experiments\IDs\05-WMC\MU","Tr11_test3.png","5","361388","C:/Users/Public/Experiments/IDs/05-WMC/MU/MUsbj082.csv","test","0","5","82","359968","361389"
"MU.osexp","C:\Users\Public\Experiments\IDs\05-WMC\MU","Tr11_test4.png","7","364597","C:/Users/Public/Experiments/IDs/05-WMC/MU/MUsbj082.csv","test","0","5","82","362496","364598"
"MU.osexp","C:\Users\Public\Experiments\IDs\05-WMC\MU","Tr11_test5.png","3","366845","C:/Users/Public/Experiments/IDs/05-WMC/MU/MUsbj082.csv","test","0","5","82","365674","366846"
"MU.osexp","C:\Users\Public\Experiments\IDs\05-WMC\MU","wait.png","3","366845","C:/Users/Public/Experiments/IDs/05-WMC/MU/MUsbj082.csv","wait","5000","3","82","367934","366846"
"MU.osexp","C:\Users\Public\Experiments\IDs\05-WMC\MU","fixation.png","3","366845","C:/Users/Public/Experiments/IDs/05-WMC/MU/MUsbj082.csv","fix","1500","3","82","373014","366846"
"MU.osexp","C:\Users\Public\Experiments\IDs\05-WMC\MU","Tr12_study1.png","3","366845","C:/Users/Public/Experiments/IDs/05-WMC/MU/MUsbj082.csv","study","1000","3","82","374619","375620"
"MU.osexp","C:\Users\Public\Experiments\IDs\05-WMC\MU","Tr12_study2.png","3","366845","C:/Users/Public/Experiments/IDs/05-WMC/MU/MUsbj082.csv","study","1000","3","82","375948","376948"
"MU.osexp","C:\Users\Public\Experiments\IDs\05-WMC\MU","Tr12_study3.png","3","366845","C:/Users/Public/Experiments/IDs/05-WMC/MU/MUsbj082.csv","study","1000","3","82","377402","378404"
"MU.osexp","C:\Users\Public\Experiments\IDs\05-WMC\MU","Tr12_update1.png","3","366845","C:/Users/Public/Experiments/IDs/05-WMC/MU/MUsbj082.csv","update","1300","3","82","378800","380102"
"MU.osexp","C:\Users\Public\Experiments\IDs\05-WMC\MU","Tr12_update2.png","3","366845","C:/Users/Public/Experiments/IDs/05-WMC/MU/MUsbj082.csv","update","1300","3","82","380430","381731"
"MU.osexp","C:\Users\Public\Experiments\IDs\05-WMC\MU","Tr12_update3.png","3","366845","C:/Users/Public/Experiments/IDs/05-WMC/MU/MUsbj082.csv","update","1300","3","82","382051","383353"
"MU.osexp","C:\Users\Public\Experiments\IDs\05-WMC\MU","Tr12_update4.png","3","366845","C:/Users/Public/Experiments/IDs/05-WMC/MU/MUsbj082.csv","update","1300","3","82","383691","384993"
"MU.osexp","C:\Users\Public\Experiments\IDs\05-WMC\MU","Tr12_update5.png","3","366845","C:/Users/Public/Experiments/IDs/05-WMC/MU/MUsbj082.csv","update","1300","3","82","385406","386706"
"MU.osexp","C:\Users\Public\Experiments\IDs\05-WMC\MU","Tr12_test1.png","4","388220","C:/Users/Public/Experiments/IDs/05-WMC/MU/MUsbj082.csv","test","0","3","82","387043","388221"
"MU.osexp","C:\Users\Public\Experiments\IDs\05-WMC\MU","Tr12_test2.png","4","389804","C:/Users/Public/Experiments/IDs/05-WMC/MU/MUsbj082.csv","test","0","3","82","389379","389805"
"MU.osexp","C:\Users\Public\Experiments\IDs\05-WMC\MU","Tr12_test3.png","4","391180","C:/Users/Public/Experiments/IDs/05-WMC/MU/MUsbj082.csv","test","0","3","82","390884","391181"
"MU.osexp","C:\Users\Public\Experiments\IDs\05-WMC\MU","wait.png","4","391180","C:/Users/Public/Experiments/IDs/05-WMC/MU/MUsbj082.csv","wait","5000","3","82","392258","391181"
"MU.osexp","C:\Users\Public\Experiments\IDs\05-WMC\MU","fixation.png","4","391180","C:/Users/Public/Experiments/IDs/05-WMC/MU/MUsbj082.csv","fix","1500","3","82","397368","391181"
"MU.osexp","C:\Users\Public\Experiments\IDs\05-WMC\MU","Tr13_study1.png","4","391180","C:/Users/Public/Experiments/IDs/05-WMC/MU/MUsbj082.csv","study","1000","3","82","399003","400003"
"MU.osexp","C:\Users\Public\Experiments\IDs\05-WMC\MU","Tr13_study2.png","4","391180","C:/Users/Public/Experiments/IDs/05-WMC/MU/MUsbj082.csv","study","1000","3","82","400348","401350"
"MU.osexp","C:\Users\Public\Experiments\IDs\05-WMC\MU","Tr13_study3.png","4","391180","C:/Users/Public/Experiments/IDs/05-WMC/MU/MUsbj082.csv","study","1000","3","82","401677","402678"
"MU.osexp","C:\Users\Public\Experiments\IDs\05-WMC\MU","Tr13_update1.png","4","391180","C:/Users/Public/Experiments/IDs/05-WMC/MU/MUsbj082.csv","update","1300","3","82","403040","404342"
"MU.osexp","C:\Users\Public\Experiments\IDs\05-WMC\MU","Tr13_update2.png","4","391180","C:/Users/Public/Experiments/IDs/05-WMC/MU/MUsbj082.csv","update","1300","3","82","404696","405998"
"MU.osexp","C:\Users\Public\Experiments\IDs\05-WMC\MU","Tr13_update3.png","4","391180","C:/Users/Public/Experiments/IDs/05-WMC/MU/MUsbj082.csv","update","1300","3","82","406356","407657"
"MU.osexp","C:\Users\Public\Experiments\IDs\05-WMC\MU","Tr13_update4.png","4","391180","C:/Users/Public/Experiments/IDs/05-WMC/MU/MUsbj082.csv","update","1300","3","82","408060","409361"
"MU.osexp","C:\Users\Public\Experiments\IDs\05-WMC\MU","Tr13_test1.png","3","410988","C:/Users/Public/Experiments/IDs/05-WMC/MU/MUsbj082.csv","test","0","3","82","409790","410989"
"MU.osexp","C:\Users\Public\Experiments\IDs\05-WMC\MU","Tr13_test2.png","1","413172","C:/Users/Public/Experiments/IDs/05-WMC/MU/MUsbj082.csv","test","0","3","82","412100","413173"
"MU.osexp","C:\Users\Public\Experiments\IDs\05-WMC\MU","Tr13_test3.png","5","415124","C:/Users/Public/Experiments/IDs/05-WMC/MU/MUsbj082.csv","test","0","3","82","414260","415125"
"MU.osexp","C:\Users\Public\Experiments\IDs\05-WMC\MU","wait.png","5","415124","C:/Users/Public/Experiments/IDs/05-WMC/MU/MUsbj082.csv","wait","5000","5","82","416210","415125"
"MU.osexp","C:\Users\Public\Experiments\IDs\05-WMC\MU","fixation.png","5","415124","C:/Users/Public/Experiments/IDs/05-WMC/MU/MUsbj082.csv","fix","1500","5","82","421396","415125"
"MU.osexp","C:\Users\Public\Experiments\IDs\05-WMC\MU","Tr14_study1.png","5","415124","C:/Users/Public/Experiments/IDs/05-WMC/MU/MUsbj082.csv","study","1000","5","82","422984","423984"
"MU.osexp","C:\Users\Public\Experiments\IDs\05-WMC\MU","Tr14_study2.png","5","415124","C:/Users/Public/Experiments/IDs/05-WMC/MU/MUsbj082.csv","study","1000","5","82","424329","425329"
"MU.osexp","C:\Users\Public\Experiments\IDs\05-WMC\MU","Tr14_study3.png","5","415124","C:/Users/Public/Experiments/IDs/05-WMC/MU/MUsbj082.csv","study","1000","5","82","425680","426680"
"MU.osexp","C:\Users\Public\Experiments\IDs\05-WMC\MU","Tr14_study4.png","5","415124","C:/Users/Public/Experiments/IDs/05-WMC/MU/MUsbj082.csv","study","1000","5","82","427006","428008"
"MU.osexp","C:\Users\Public\Experiments\IDs\05-WMC\MU","Tr14_study5.png","5","415124","C:/Users/Public/Experiments/IDs/05-WMC/MU/MUsbj082.csv","study","1000","5","82","428346","429346"
"MU.osexp","C:\Users\Public\Experiments\IDs\05-WMC\MU","Tr14_update1.png","5","415124","C:/Users/Public/Experiments/IDs/05-WMC/MU/MUsbj082.csv","update","1300","5","82","429762","431062"
"MU.osexp","C:\Users\Public\Experiments\IDs\05-WMC\MU","Tr14_update2.png","5","415124","C:/Users/Public/Experiments/IDs/05-WMC/MU/MUsbj082.csv","update","1300","5","82","431427","432728"
"MU.osexp","C:\Users\Public\Experiments\IDs\05-WMC\MU","Tr14_update3.png","5","415124","C:/Users/Public/Experiments/IDs/05-WMC/MU/MUsbj082.csv","update","1300","5","82","433054","434356"
"MU.osexp","C:\Users\Public\Experiments\IDs\05-WMC\MU","Tr14_update4.png","5","415124","C:/Users/Public/Experiments/IDs/05-WMC/MU/MUsbj082.csv","update","1300","5","82","434698","436000"
"MU.osexp","C:\Users\Public\Experiments\IDs\05-WMC\MU","Tr14_test1.png","7","437669","C:/Users/Public/Experiments/IDs/05-WMC/MU/MUsbj082.csv","test","0","5","82","436341","437670"
"MU.osexp","C:\Users\Public\Experiments\IDs\05-WMC\MU","Tr14_test2.png","7","440453","C:/Users/Public/Experiments/IDs/05-WMC/MU/MUsbj082.csv","test","0","5","82","438804","440453"
"MU.osexp","C:\Users\Public\Experiments\IDs\05-WMC\MU","Tr14_test3.png","3","443156","C:/Users/Public/Experiments/IDs/05-WMC/MU/MUsbj082.csv","test","0","5","82","441530","443157"
"MU.osexp","C:\Users\Public\Experiments\IDs\05-WMC\MU","Tr14_test4.png","5","445332","C:/Users/Public/Experiments/IDs/05-WMC/MU/MUsbj082.csv","test","0","5","82","444253","445333"
"MU.osexp","C:\Users\Public\Experiments\IDs\05-WMC\MU","Tr14_test5.png","8","447188","C:/Users/Public/Experiments/IDs/05-WMC/MU/MUsbj082.csv","test","0","5","82","446439","447189"
"MU.osexp","C:\Users\Public\Experiments\IDs\05-WMC\MU","wait.png","8","447188","C:/Users/Public/Experiments/IDs/05-WMC/MU/MUsbj082.csv","wait","5000","4","82","448290","447189"
"MU.osexp","C:\Users\Public\Experiments\IDs\05-WMC\MU","fixation.png","8","447188","C:/Users/Public/Experiments/IDs/05-WMC/MU/MUsbj082.csv","fix","1500","4","82","453416","447189"
"MU.osexp","C:\Users\Public\Experiments\IDs\05-WMC\MU","Tr15_study1.png","8","447188","C:/Users/Public/Experiments/IDs/05-WMC/MU/MUsbj082.csv","study","1000","4","82","455039","456039"
"MU.osexp","C:\Users\Public\Experiments\IDs\05-WMC\MU","Tr15_study2.png","8","447188","C:/Users/Public/Experiments/IDs/05-WMC/MU/MUsbj082.csv","study","1000","4","82","456383","457385"
"MU.osexp","C:\Users\Public\Experiments\IDs\05-WMC\MU","Tr15_study3.png","8","447188","C:/Users/Public/Experiments/IDs/05-WMC/MU/MUsbj082.csv","study","1000","4","82","457723","458725"
"MU.osexp","C:\Users\Public\Experiments\IDs\05-WMC\MU","Tr15_study4.png","8","447188","C:/Users/Public/Experiments/IDs/05-WMC/MU/MUsbj082.csv","study","1000","4","82","459057","460057"
"MU.osexp","C:\Users\Public\Experiments\IDs\05-WMC\MU","Tr15_update1.png","8","447188","C:/Users/Public/Experiments/IDs/05-WMC/MU/MUsbj082.csv","update","1300","4","82","460391","461692"
"MU.osexp","C:\Users\Public\Experiments\IDs\05-WMC\MU","Tr15_update2.png","8","447188","C:/Users/Public/Experiments/IDs/05-WMC/MU/MUsbj082.csv","update","1300","4","82","462014","463316"
"MU.osexp","C:\Users\Public\Experiments\IDs\05-WMC\MU","Tr15_update3.png","8","447188","C:/Users/Public/Experiments/IDs/05-WMC/MU/MUsbj082.csv","update","1300","4","82","463671","464973"
"MU.osexp","C:\Users\Public\Experiments\IDs\05-WMC\MU","Tr15_update4.png","8","447188","C:/Users/Public/Experiments/IDs/05-WMC/MU/MUsbj082.csv","update","1300","4","82","465352","466654"
"MU.osexp","C:\Users\Public\Experiments\IDs\05-WMC\MU","Tr15_update5.png","8","447188","C:/Users/Public/Experiments/IDs/05-WMC/MU/MUsbj082.csv","update","1300","4","82","466990","468290"
"MU.osexp","C:\Users\Public\Experiments\IDs\05-WMC\MU","Tr15_update6.png","8","447188","C:/Users/Public/Experiments/IDs/05-WMC/MU/MUsbj082.csv","update","1300","4","82","468633","469935"
"MU.osexp","C:\Users\Public\Experiments\IDs\05-WMC\MU","Tr15_test1.png","9","471981","C:/Users/Public/Experiments/IDs/05-WMC/MU/MUsbj082.csv","test","0","4","82","470283","471982"
"MU.osexp","C:\Users\Public\Experiments\IDs\05-WMC\MU","Tr15_test2.png","8","473861","C:/Users/Public/Experiments/IDs/05-WMC/MU/MUsbj082.csv","test","0","4","82","473077","473862"
"MU.osexp","C:\Users\Public\Experiments\IDs\05-WMC\MU","Tr15_test3.png","8","475397","C:/Users/Public/Experiments/IDs/05-WMC/MU/MUsbj082.csv","test","0","4","82","474990","475397"
"MU.osexp","C:\Users\Public\Experiments\IDs\05-WMC\MU","Tr15_test4.png","8","476788","C:/Users/Public/Experiments/IDs/05-WMC/MU/MUsbj082.csv","test","0","4","82","476490","476789"
"MU.osexp","C:\Users\Public\Experiments\IDs\05-WMC\MU","wait.png","8","476788","C:/Users/Public/Experiments/IDs/05-WMC/MU/MUsbj082.csv","wait","5000","4","82","477888","476789"
"MU.osexp","C:\Users\Public\Experiments\IDs\05-WMC\MU","fixation.png","8","476788","C:/Users/Public/Experiments/IDs/05-WMC/MU/MUsbj082.csv","fix","1500","4","82","482973","476789"
"MU.osexp","C:\Users\Public\Experiments\IDs\05-WMC\MU","Tr16_study1.png","8","476788","C:/Users/Public/Experiments/IDs/05-WMC/MU/MUsbj082.csv","study","1000","4","82","484569","485569"
"MU.osexp","C:\Users\Public\Experiments\IDs\05-WMC\MU","Tr16_study2.png","8","476788","C:/Users/Public/Experiments/IDs/05-WMC/MU/MUsbj082.csv","study","1000","4","82","485890","486890"
"MU.osexp","C:\Users\Public\Experiments\IDs\05-WMC\MU","Tr16_study3.png","8","476788","C:/Users/Public/Experiments/IDs/05-WMC/MU/MUsbj082.csv","study","1000","4","82","487221","488223"
"MU.osexp","C:\Users\Public\Experiments\IDs\05-WMC\MU","Tr16_study4.png","8","476788","C:/Users/Public/Experiments/IDs/05-WMC/MU/MUsbj082.csv","study","1000","4","82","488573","489575"
"MU.osexp","C:\Users\Public\Experiments\IDs\05-WMC\MU","Tr16_update1.png","8","476788","C:/Users/Public/Experiments/IDs/05-WMC/MU/MUsbj082.csv","update","1300","4","82","489938","491239"
"MU.osexp","C:\Users\Public\Experiments\IDs\05-WMC\MU","Tr16_update2.png","8","476788","C:/Users/Public/Experiments/IDs/05-WMC/MU/MUsbj082.csv","update","1300","4","82","491693","492995"
"MU.osexp","C:\Users\Public\Experiments\IDs\05-WMC\MU","Tr16_test1.png","8","494796","C:/Users/Public/Experiments/IDs/05-WMC/MU/MUsbj082.csv","test","0","4","82","493328","494797"
"MU.osexp","C:\Users\Public\Experiments\IDs\05-WMC\MU","Tr16_test2.png","7","497236","C:/Users/Public/Experiments/IDs/05-WMC/MU/MUsbj082.csv","test","0","4","82","495887","497237"
"MU.osexp","C:\Users\Public\Experiments\IDs\05-WMC\MU","Tr16_test3.png","8","499284","C:/Users/Public/Experiments/IDs/05-WMC/MU/MUsbj082.csv","test","0","4","82","498319","499285"
"MU.osexp","C:\Users\Public\Experiments\IDs\05-WMC\MU","Tr16_test4.png","6","501092","C:/Users/Public/Experiments/IDs/05-WMC/MU/MUsbj082.csv","test","0","4","82","500376","501093"
"MU.osexp","C:\Users\Public\Experiments\IDs\05-WMC\MU","wait.png","6","501092","C:/Users/Public/Experiments/IDs/05-WMC/MU/MUsbj082.csv","wait","5000","5","82","502188","501093"
"MU.osexp","C:\Users\Public\Experiments\IDs\05-WMC\MU","fixation.png","6","501092","C:/Users/Public/Experiments/IDs/05-WMC/MU/MUsbj082.csv","fix","1500","5","82","507277","501093"
"MU.osexp","C:\Users\Public\Experiments\IDs\05-WMC\MU","Tr17_study1.png","6","501092","C:/Users/Public/Experiments/IDs/05-WMC/MU/MUsbj082.csv","study","1000","5","82","508893","509895"
"MU.osexp","C:\Users\Public\Experiments\IDs\05-WMC\MU","Tr17_study2.png","6","501092","C:/Users/Public/Experiments/IDs/05-WMC/MU/MUsbj082.csv","study","1000","5","82","510240","511242"
"MU.osexp","C:\Users\Public\Experiments\IDs\05-WMC\MU","Tr17_study3.png","6","501092","C:/Users/Public/Experiments/IDs/05-WMC/MU/MUsbj082.csv","study","1000","5","82","511566","512567"
"MU.osexp","C:\Users\Public\Experiments\IDs\05-WMC\MU","Tr17_study4.png","6","501092","C:/Users/Public/Experiments/IDs/05-WMC/MU/MUsbj082.csv","study","1000","5","82","512902","513904"
"MU.osexp","C:\Users\Public\Experiments\IDs\05-WMC\MU","Tr17_study5.png","6","501092","C:/Users/Public/Experiments/IDs/05-WMC/MU/MUsbj082.csv","study","1000","5","82","514231","515233"
"MU.osexp","C:\Users\Public\Experiments\IDs\05-WMC\MU","Tr17_update1.png","6","501092","C:/Users/Public/Experiments/IDs/05-WMC/MU/MUsbj082.csv","update","1300","5","82","515572","516873"
"MU.osexp","C:\Users\Public\Experiments\IDs\05-WMC\MU","Tr17_update2.png","6","501092","C:/Users/Public/Experiments/IDs/05-WMC/MU/MUsbj082.csv","update","1300","5","82","517199","518501"
"MU.osexp","C:\Users\Public\Experiments\IDs\05-WMC\MU","Tr17_update3.png","6","501092","C:/Users/Public/Experiments/IDs/05-WMC/MU/MUsbj082.csv","update","1300","5","82","518846","520147"
"MU.osexp","C:\Users\Public\Experiments\IDs\05-WMC\MU","Tr17_update4.png","6","501092","C:/Users/Public/Experiments/IDs/05-WMC/MU/MUsbj082.csv","update","1300","5","82","520545","521845"
"MU.osexp","C:\Users\Public\Experiments\IDs\05-WMC\MU","Tr17_update5.png","6","501092","C:/Users/Public/Experiments/IDs/05-WMC/MU/MUsbj082.csv","update","1300","5","82","522187","523488"
"MU.osexp","C:\Users\Public\Experiments\IDs\05-WMC\MU","Tr17_update6.png","6","501092","C:/Users/Public/Experiments/IDs/05-WMC/MU/MUsbj082.csv","update","1300","5","82","523840","525142"
"MU.osexp","C:\Users\Public\Experiments\IDs\05-WMC\MU","Tr17_test1.png","2","527637","C:/Users/Public/Experiments/IDs/05-WMC/MU/MUsbj082.csv","test","0","5","82","525472","527638"
"MU.osexp","C:\Users\Public\Experiments\IDs\05-WMC\MU","Tr17_test2.png","1","529749","C:/Users/Public/Experiments/IDs/05-WMC/MU/MUsbj082.csv","test","0","5","82","528729","529749"
"MU.osexp","C:\Users\Public\Experiments\IDs\05-WMC\MU","Tr17_test3.png","6","532148","C:/Users/Public/Experiments/IDs/05-WMC/MU/MUsbj082.csv","test","0","5","82","530831","532149"
"MU.osexp","C:\Users\Public\Experiments\IDs\05-WMC\MU","Tr17_test4.png","4","534020","C:/Users/Public/Experiments/IDs/05-WMC/MU/MUsbj082.csv","test","0","5","82","533241","534021"
"MU.osexp","C:\Users\Public\Experiments\IDs\05-WMC\MU","Tr17_test5.png","9","536044","C:/Users/Public/Experiments/IDs/05-WMC/MU/MUsbj082.csv","test","0","5","82","535197","536045"
