"experiment_file","experiment_path","image","key","key_time","logfile","phase","playtime","setSize","subject_nr","timestamp","waittime"
"MU.osexp","C:\Users\Public\Experiments\IDs\05-WMC\MU","ready1.png","NA","NA","C:/Users/Public/Experiments/IDs/05-WMC/MU/MUsbj094.csv","pre","0","3","94","32033","NA"
"MU.osexp","C:\Users\Public\Experiments\IDs\05-WMC\MU","fixation.png","NA","NA","C:/Users/Public/Experiments/IDs/05-WMC/MU/MUsbj094.csv","fix","1500","3","94","33713","NA"
"MU.osexp","C:\Users\Public\Experiments\IDs\05-WMC\MU","Tr1_study1.png","NA","NA","C:/Users/Public/Experiments/IDs/05-WMC/MU/MUsbj094.csv","study","1000","3","94","35345","36347"
"MU.osexp","C:\Users\Public\Experiments\IDs\05-WMC\MU","Tr1_study2.png","NA","NA","C:/Users/Public/Experiments/IDs/05-WMC/MU/MUsbj094.csv","study","1000","3","94","36753","37755"
"MU.osexp","C:\Users\Public\Experiments\IDs\05-WMC\MU","Tr1_study3.png","NA","NA","C:/Users/Public/Experiments/IDs/05-WMC/MU/MUsbj094.csv","study","1000","3","94","38134","39135"
"MU.osexp","C:\Users\Public\Experiments\IDs\05-WMC\MU","Tr1_update1.png","NA","NA","C:/Users/Public/Experiments/IDs/05-WMC/MU/MUsbj094.csv","update","1300","3","94","39513","40814"
"MU.osexp","C:\Users\Public\Experiments\IDs\05-WMC\MU","Tr1_update2.png","NA","NA","C:/Users/Public/Experiments/IDs/05-WMC/MU/MUsbj094.csv","update","1300","3","94","41187","42489"
"MU.osexp","C:\Users\Public\Experiments\IDs\05-WMC\MU","Tr1_update3.png","NA","NA","C:/Users/Public/Experiments/IDs/05-WMC/MU/MUsbj094.csv","update","1300","3","94","42863","44165"
"MU.osexp","C:\Users\Public\Experiments\IDs\05-WMC\MU","Tr1_test1.png","9","47513","C:/Users/Public/Experiments/IDs/05-WMC/MU/MUsbj094.csv","test","0","3","94","44530","47514"
"MU.osexp","C:\Users\Public\Experiments\IDs\05-WMC\MU","Tr1_test2.png","8","50690","C:/Users/Public/Experiments/IDs/05-WMC/MU/MUsbj094.csv","test","0","3","94","48635","50691"
"MU.osexp","C:\Users\Public\Experiments\IDs\05-WMC\MU","Tr1_test3.png","2","53122","C:/Users/Public/Experiments/IDs/05-WMC/MU/MUsbj094.csv","test","0","3","94","51808","53122"
"MU.osexp","C:\Users\Public\Experiments\IDs\05-WMC\MU","wait.png","2","53122","C:/Users/Public/Experiments/IDs/05-WMC/MU/MUsbj094.csv","wait","5000","3","94","54246","53122"
"MU.osexp","C:\Users\Public\Experiments\IDs\05-WMC\MU","fixation.png","2","53122","C:/Users/Public/Experiments/IDs/05-WMC/MU/MUsbj094.csv","fix","1500","3","94","59387","53122"
"MU.osexp","C:\Users\Public\Experiments\IDs\05-WMC\MU","Tr2_study1.png","2","53122","C:/Users/Public/Experiments/IDs/05-WMC/MU/MUsbj094.csv","study","1000","3","94","61012","62014"
"MU.osexp","C:\Users\Public\Experiments\IDs\05-WMC\MU","Tr2_study2.png","2","53122","C:/Users/Public/Experiments/IDs/05-WMC/MU/MUsbj094.csv","study","1000","3","94","62396","63398"
"MU.osexp","C:\Users\Public\Experiments\IDs\05-WMC\MU","Tr2_study3.png","2","53122","C:/Users/Public/Experiments/IDs/05-WMC/MU/MUsbj094.csv","study","1000","3","94","63783","64785"
"MU.osexp","C:\Users\Public\Experiments\IDs\05-WMC\MU","Tr2_update1.png","2","53122","C:/Users/Public/Experiments/IDs/05-WMC/MU/MUsbj094.csv","update","1300","3","94","65164","66466"
"MU.osexp","C:\Users\Public\Experiments\IDs\05-WMC\MU","Tr2_update2.png","2","53122","C:/Users/Public/Experiments/IDs/05-WMC/MU/MUsbj094.csv","update","1300","3","94","66847","68149"
"MU.osexp","C:\Users\Public\Experiments\IDs\05-WMC\MU","Tr2_update3.png","2","53122","C:/Users/Public/Experiments/IDs/05-WMC/MU/MUsbj094.csv","update","1300","3","94","68524","69826"
"MU.osexp","C:\Users\Public\Experiments\IDs\05-WMC\MU","Tr2_test1.png","4","71562","C:/Users/Public/Experiments/IDs/05-WMC/MU/MUsbj094.csv","test","0","3","94","70169","71562"
"MU.osexp","C:\Users\Public\Experiments\IDs\05-WMC\MU","Tr2_test2.png","7","77001","C:/Users/Public/Experiments/IDs/05-WMC/MU/MUsbj094.csv","test","0","3","94","72670","77002"
"MU.osexp","C:\Users\Public\Experiments\IDs\05-WMC\MU","Tr2_test3.png","7","80297","C:/Users/Public/Experiments/IDs/05-WMC/MU/MUsbj094.csv","test","0","3","94","78125","80298"
"MU.osexp","C:\Users\Public\Experiments\IDs\05-WMC\MU","ready2.png","7","80297","C:/Users/Public/Experiments/IDs/05-WMC/MU/MUsbj094.csv","pre","0","3","94","83243","80298"
"MU.osexp","C:\Users\Public\Experiments\IDs\05-WMC\MU","fixation.png","7","80297","C:/Users/Public/Experiments/IDs/05-WMC/MU/MUsbj094.csv","fix","1500","3","94","84635","80298"
"MU.osexp","C:\Users\Public\Experiments\IDs\05-WMC\MU","Tr3_study1.png","7","80297","C:/Users/Public/Experiments/IDs/05-WMC/MU/MUsbj094.csv","study","1000","3","94","86374","87376"
"MU.osexp","C:\Users\Public\Experiments\IDs\05-WMC\MU","Tr3_study2.png","7","80297","C:/Users/Public/Experiments/IDs/05-WMC/MU/MUsbj094.csv","study","1000","3","94","87753","88755"
"MU.osexp","C:\Users\Public\Experiments\IDs\05-WMC\MU","Tr3_study3.png","7","80297","C:/Users/Public/Experiments/IDs/05-WMC/MU/MUsbj094.csv","study","1000","3","94","89131","90133"
"MU.osexp","C:\Users\Public\Experiments\IDs\05-WMC\MU","Tr3_update1.png","7","80297","C:/Users/Public/Experiments/IDs/05-WMC/MU/MUsbj094.csv","update","1300","3","94","90512","91814"
"MU.osexp","C:\Users\Public\Experiments\IDs\05-WMC\MU","Tr3_update2.png","7","80297","C:/Users/Public/Experiments/IDs/05-WMC/MU/MUsbj094.csv","update","1300","3","94","92180","93482"
"MU.osexp","C:\Users\Public\Experiments\IDs\05-WMC\MU","Tr3_update3.png","7","80297","C:/Users/Public/Experiments/IDs/05-WMC/MU/MUsbj094.csv","update","1300","3","94","93921","95223"
"MU.osexp","C:\Users\Public\Experiments\IDs\05-WMC\MU","Tr3_test1.png","9","99425","C:/Users/Public/Experiments/IDs/05-WMC/MU/MUsbj094.csv","test","0","3","94","95560","99426"
"MU.osexp","C:\Users\Public\Experiments\IDs\05-WMC\MU","Tr3_test2.png","7","101377","C:/Users/Public/Experiments/IDs/05-WMC/MU/MUsbj094.csv","test","0","3","94","100537","101378"
"MU.osexp","C:\Users\Public\Experiments\IDs\05-WMC\MU","Tr3_test3.png","7","102746","C:/Users/Public/Experiments/IDs/05-WMC/MU/MUsbj094.csv","test","0","3","94","102496","102747"
"MU.osexp","C:\Users\Public\Experiments\IDs\05-WMC\MU","wait.png","7","102746","C:/Users/Public/Experiments/IDs/05-WMC/MU/MUsbj094.csv","wait","5000","4","94","103865","102747"
"MU.osexp","C:\Users\Public\Experiments\IDs\05-WMC\MU","fixation.png","7","102746","C:/Users/Public/Experiments/IDs/05-WMC/MU/MUsbj094.csv","fix","1500","4","94","108994","102747"
"MU.osexp","C:\Users\Public\Experiments\IDs\05-WMC\MU","Tr4_study1.png","7","102746","C:/Users/Public/Experiments/IDs/05-WMC/MU/MUsbj094.csv","study","1000","4","94","110633","111634"
"MU.osexp","C:\Users\Public\Experiments\IDs\05-WMC\MU","Tr4_study2.png","7","102746","C:/Users/Public/Experiments/IDs/05-WMC/MU/MUsbj094.csv","study","1000","4","94","111995","112997"
"MU.osexp","C:\Users\Public\Experiments\IDs\05-WMC\MU","Tr4_study3.png","7","102746","C:/Users/Public/Experiments/IDs/05-WMC/MU/MUsbj094.csv","study","1000","4","94","113366","114367"
"MU.osexp","C:\Users\Public\Experiments\IDs\05-WMC\MU","Tr4_study4.png","7","102746","C:/Users/Public/Experiments/IDs/05-WMC/MU/MUsbj094.csv","study","1000","4","94","114743","115745"
"MU.osexp","C:\Users\Public\Experiments\IDs\05-WMC\MU","Tr4_update1.png","7","102746","C:/Users/Public/Experiments/IDs/05-WMC/MU/MUsbj094.csv","update","1300","4","94","116124","117426"
"MU.osexp","C:\Users\Public\Experiments\IDs\05-WMC\MU","Tr4_update2.png","7","102746","C:/Users/Public/Experiments/IDs/05-WMC/MU/MUsbj094.csv","update","1300","4","94","117777","119079"
"MU.osexp","C:\Users\Public\Experiments\IDs\05-WMC\MU","Tr4_update3.png","7","102746","C:/Users/Public/Experiments/IDs/05-WMC/MU/MUsbj094.csv","update","1300","4","94","119457","120760"
"MU.osexp","C:\Users\Public\Experiments\IDs\05-WMC\MU","Tr4_update4.png","7","102746","C:/Users/Public/Experiments/IDs/05-WMC/MU/MUsbj094.csv","update","1300","4","94","121137","122439"
"MU.osexp","C:\Users\Public\Experiments\IDs\05-WMC\MU","Tr4_test1.png","3","125258","C:/Users/Public/Experiments/IDs/05-WMC/MU/MUsbj094.csv","test","0","4","94","122856","125258"
"MU.osexp","C:\Users\Public\Experiments\IDs\05-WMC\MU","Tr4_test2.png","8","129281","C:/Users/Public/Experiments/IDs/05-WMC/MU/MUsbj094.csv","test","0","4","94","126368","129282"
"MU.osexp","C:\Users\Public\Experiments\IDs\05-WMC\MU","Tr4_test3.png","1","133681","C:/Users/Public/Experiments/IDs/05-WMC/MU/MUsbj094.csv","test","0","4","94","130414","133682"
"MU.osexp","C:\Users\Public\Experiments\IDs\05-WMC\MU","Tr4_test4.png","1","135033","C:/Users/Public/Experiments/IDs/05-WMC/MU/MUsbj094.csv","test","0","4","94","134792","135034"
"MU.osexp","C:\Users\Public\Experiments\IDs\05-WMC\MU","wait.png","1","135033","C:/Users/Public/Experiments/IDs/05-WMC/MU/MUsbj094.csv","wait","5000","3","94","136136","135034"
"MU.osexp","C:\Users\Public\Experiments\IDs\05-WMC\MU","fixation.png","1","135033","C:/Users/Public/Experiments/IDs/05-WMC/MU/MUsbj094.csv","fix","1500","3","94","141253","135034"
"MU.osexp","C:\Users\Public\Experiments\IDs\05-WMC\MU","Tr5_study1.png","1","135033","C:/Users/Public/Experiments/IDs/05-WMC/MU/MUsbj094.csv","study","1000","3","94","142870","143872"
"MU.osexp","C:\Users\Public\Experiments\IDs\05-WMC\MU","Tr5_study2.png","1","135033","C:/Users/Public/Experiments/IDs/05-WMC/MU/MUsbj094.csv","study","1000","3","94","144245","145247"
"MU.osexp","C:\Users\Public\Experiments\IDs\05-WMC\MU","Tr5_study3.png","1","135033","C:/Users/Public/Experiments/IDs/05-WMC/MU/MUsbj094.csv","study","1000","3","94","145617","146618"
"MU.osexp","C:\Users\Public\Experiments\IDs\05-WMC\MU","Tr5_update1.png","1","135033","C:/Users/Public/Experiments/IDs/05-WMC/MU/MUsbj094.csv","update","1300","3","94","146975","148277"
"MU.osexp","C:\Users\Public\Experiments\IDs\05-WMC\MU","Tr5_update2.png","1","135033","C:/Users/Public/Experiments/IDs/05-WMC/MU/MUsbj094.csv","update","1300","3","94","148637","149939"
"MU.osexp","C:\Users\Public\Experiments\IDs\05-WMC\MU","Tr5_update3.png","1","135033","C:/Users/Public/Experiments/IDs/05-WMC/MU/MUsbj094.csv","update","1300","3","94","150292","151594"
"MU.osexp","C:\Users\Public\Experiments\IDs\05-WMC\MU","Tr5_update4.png","1","135033","C:/Users/Public/Experiments/IDs/05-WMC/MU/MUsbj094.csv","update","1300","3","94","152003","153305"
"MU.osexp","C:\Users\Public\Experiments\IDs\05-WMC\MU","Tr5_update5.png","1","135033","C:/Users/Public/Experiments/IDs/05-WMC/MU/MUsbj094.csv","update","1300","3","94","153679","154981"
"MU.osexp","C:\Users\Public\Experiments\IDs\05-WMC\MU","Tr5_update6.png","1","135033","C:/Users/Public/Experiments/IDs/05-WMC/MU/MUsbj094.csv","update","1300","3","94","155350","156652"
"MU.osexp","C:\Users\Public\Experiments\IDs\05-WMC\MU","Tr5_test1.png","4","160978","C:/Users/Public/Experiments/IDs/05-WMC/MU/MUsbj094.csv","test","0","3","94","157017","160978"
"MU.osexp","C:\Users\Public\Experiments\IDs\05-WMC\MU","Tr5_test2.png","8","164761","C:/Users/Public/Experiments/IDs/05-WMC/MU/MUsbj094.csv","test","0","3","94","162075","164762"
"MU.osexp","C:\Users\Public\Experiments\IDs\05-WMC\MU","Tr5_test3.png","7","166289","C:/Users/Public/Experiments/IDs/05-WMC/MU/MUsbj094.csv","test","0","3","94","165868","166290"
"MU.osexp","C:\Users\Public\Experiments\IDs\05-WMC\MU","wait.png","7","166289","C:/Users/Public/Experiments/IDs/05-WMC/MU/MUsbj094.csv","wait","5000","4","94","167403","166290"
"MU.osexp","C:\Users\Public\Experiments\IDs\05-WMC\MU","fixation.png","7","166289","C:/Users/Public/Experiments/IDs/05-WMC/MU/MUsbj094.csv","fix","1500","4","94","172532","166290"
"MU.osexp","C:\Users\Public\Experiments\IDs\05-WMC\MU","Tr6_study1.png","7","166289","C:/Users/Public/Experiments/IDs/05-WMC/MU/MUsbj094.csv","study","1000","4","94","174155","175156"
"MU.osexp","C:\Users\Public\Experiments\IDs\05-WMC\MU","Tr6_study2.png","7","166289","C:/Users/Public/Experiments/IDs/05-WMC/MU/MUsbj094.csv","study","1000","4","94","175534","176536"
"MU.osexp","C:\Users\Public\Experiments\IDs\05-WMC\MU","Tr6_study3.png","7","166289","C:/Users/Public/Experiments/IDs/05-WMC/MU/MUsbj094.csv","study","1000","4","94","176899","177901"
"MU.osexp","C:\Users\Public\Experiments\IDs\05-WMC\MU","Tr6_study4.png","7","166289","C:/Users/Public/Experiments/IDs/05-WMC/MU/MUsbj094.csv","study","1000","4","94","178268","179270"
"MU.osexp","C:\Users\Public\Experiments\IDs\05-WMC\MU","Tr6_update1.png","7","166289","C:/Users/Public/Experiments/IDs/05-WMC/MU/MUsbj094.csv","update","1300","4","94","179670","180972"
"MU.osexp","C:\Users\Public\Experiments\IDs\05-WMC\MU","Tr6_update2.png","7","166289","C:/Users/Public/Experiments/IDs/05-WMC/MU/MUsbj094.csv","update","1300","4","94","181348","182650"
"MU.osexp","C:\Users\Public\Experiments\IDs\05-WMC\MU","Tr6_update3.png","7","166289","C:/Users/Public/Experiments/IDs/05-WMC/MU/MUsbj094.csv","update","1300","4","94","183101","184403"
"MU.osexp","C:\Users\Public\Experiments\IDs\05-WMC\MU","Tr6_update4.png","7","166289","C:/Users/Public/Experiments/IDs/05-WMC/MU/MUsbj094.csv","update","1300","4","94","184773","186074"
"MU.osexp","C:\Users\Public\Experiments\IDs\05-WMC\MU","Tr6_update5.png","7","166289","C:/Users/Public/Experiments/IDs/05-WMC/MU/MUsbj094.csv","update","1300","4","94","186467","187769"
"MU.osexp","C:\Users\Public\Experiments\IDs\05-WMC\MU","Tr6_test1.png","6","189634","C:/Users/Public/Experiments/IDs/05-WMC/MU/MUsbj094.csv","test","0","4","94","188130","189635"
"MU.osexp","C:\Users\Public\Experiments\IDs\05-WMC\MU","Tr6_test2.png","1","191130","C:/Users/Public/Experiments/IDs/05-WMC/MU/MUsbj094.csv","test","0","4","94","190769","191131"
"MU.osexp","C:\Users\Public\Experiments\IDs\05-WMC\MU","Tr6_test3.png","5","193842","C:/Users/Public/Experiments/IDs/05-WMC/MU/MUsbj094.csv","test","0","4","94","192368","193843"
"MU.osexp","C:\Users\Public\Experiments\IDs\05-WMC\MU","Tr6_test4.png","7","195394","C:/Users/Public/Experiments/IDs/05-WMC/MU/MUsbj094.csv","test","0","4","94","194980","195394"
"MU.osexp","C:\Users\Public\Experiments\IDs\05-WMC\MU","wait.png","7","195394","C:/Users/Public/Experiments/IDs/05-WMC/MU/MUsbj094.csv","wait","5000","5","94","196507","195394"
"MU.osexp","C:\Users\Public\Experiments\IDs\05-WMC\MU","fixation.png","7","195394","C:/Users/Public/Experiments/IDs/05-WMC/MU/MUsbj094.csv","fix","1500","5","94","201631","195394"
"MU.osexp","C:\Users\Public\Experiments\IDs\05-WMC\MU","Tr7_study1.png","7","195394","C:/Users/Public/Experiments/IDs/05-WMC/MU/MUsbj094.csv","study","1000","5","94","203251","204252"
"MU.osexp","C:\Users\Public\Experiments\IDs\05-WMC\MU","Tr7_study2.png","7","195394","C:/Users/Public/Experiments/IDs/05-WMC/MU/MUsbj094.csv","study","1000","5","94","204640","205642"
"MU.osexp","C:\Users\Public\Experiments\IDs\05-WMC\MU","Tr7_study3.png","7","195394","C:/Users/Public/Experiments/IDs/05-WMC/MU/MUsbj094.csv","study","1000","5","94","206069","207071"
"MU.osexp","C:\Users\Public\Experiments\IDs\05-WMC\MU","Tr7_study4.png","7","195394","C:/Users/Public/Experiments/IDs/05-WMC/MU/MUsbj094.csv","study","1000","5","94","207452","208454"
"MU.osexp","C:\Users\Public\Experiments\IDs\05-WMC\MU","Tr7_study5.png","7","195394","C:/Users/Public/Experiments/IDs/05-WMC/MU/MUsbj094.csv","study","1000","5","94","208815","209817"
"MU.osexp","C:\Users\Public\Experiments\IDs\05-WMC\MU","Tr7_update1.png","7","195394","C:/Users/Public/Experiments/IDs/05-WMC/MU/MUsbj094.csv","update","1300","5","94","210176","211478"
"MU.osexp","C:\Users\Public\Experiments\IDs\05-WMC\MU","Tr7_update2.png","7","195394","C:/Users/Public/Experiments/IDs/05-WMC/MU/MUsbj094.csv","update","1300","5","94","211829","213131"
"MU.osexp","C:\Users\Public\Experiments\IDs\05-WMC\MU","Tr7_update3.png","7","195394","C:/Users/Public/Experiments/IDs/05-WMC/MU/MUsbj094.csv","update","1300","5","94","213538","214840"
"MU.osexp","C:\Users\Public\Experiments\IDs\05-WMC\MU","Tr7_update4.png","7","195394","C:/Users/Public/Experiments/IDs/05-WMC/MU/MUsbj094.csv","update","1300","5","94","215214","216516"
"MU.osexp","C:\Users\Public\Experiments\IDs\05-WMC\MU","Tr7_update5.png","7","195394","C:/Users/Public/Experiments/IDs/05-WMC/MU/MUsbj094.csv","update","1300","5","94","216885","218187"
"MU.osexp","C:\Users\Public\Experiments\IDs\05-WMC\MU","Tr7_test1.png","1","220233","C:/Users/Public/Experiments/IDs/05-WMC/MU/MUsbj094.csv","test","0","5","94","218555","220234"
"MU.osexp","C:\Users\Public\Experiments\IDs\05-WMC\MU","Tr7_test2.png","9","222993","C:/Users/Public/Experiments/IDs/05-WMC/MU/MUsbj094.csv","test","0","5","94","221345","222994"
"MU.osexp","C:\Users\Public\Experiments\IDs\05-WMC\MU","Tr7_test3.png","1","224890","C:/Users/Public/Experiments/IDs/05-WMC/MU/MUsbj094.csv","test","0","5","94","224103","224891"
"MU.osexp","C:\Users\Public\Experiments\IDs\05-WMC\MU","Tr7_test4.png","4","228250","C:/Users/Public/Experiments/IDs/05-WMC/MU/MUsbj094.csv","test","0","5","94","225995","228251"
"MU.osexp","C:\Users\Public\Experiments\IDs\05-WMC\MU","Tr7_test5.png","1","231498","C:/Users/Public/Experiments/IDs/05-WMC/MU/MUsbj094.csv","test","0","5","94","229354","231498"
"MU.osexp","C:\Users\Public\Experiments\IDs\05-WMC\MU","wait.png","1","231498","C:/Users/Public/Experiments/IDs/05-WMC/MU/MUsbj094.csv","wait","5000","4","94","232623","231498"
"MU.osexp","C:\Users\Public\Experiments\IDs\05-WMC\MU","fixation.png","1","231498","C:/Users/Public/Experiments/IDs/05-WMC/MU/MUsbj094.csv","fix","1500","4","94","237751","231498"
"MU.osexp","C:\Users\Public\Experiments\IDs\05-WMC\MU","Tr8_study1.png","1","231498","C:/Users/Public/Experiments/IDs/05-WMC/MU/MUsbj094.csv","study","1000","4","94","239367","240368"
"MU.osexp","C:\Users\Public\Experiments\IDs\05-WMC\MU","Tr8_study2.png","1","231498","C:/Users/Public/Experiments/IDs/05-WMC/MU/MUsbj094.csv","study","1000","4","94","240727","241729"
"MU.osexp","C:\Users\Public\Experiments\IDs\05-WMC\MU","Tr8_study3.png","1","231498","C:/Users/Public/Experiments/IDs/05-WMC/MU/MUsbj094.csv","study","1000","4","94","242103","243104"
"MU.osexp","C:\Users\Public\Experiments\IDs\05-WMC\MU","Tr8_study4.png","1","231498","C:/Users/Public/Experiments/IDs/05-WMC/MU/MUsbj094.csv","study","1000","4","94","243490","244492"
"MU.osexp","C:\Users\Public\Experiments\IDs\05-WMC\MU","Tr8_update1.png","1","231498","C:/Users/Public/Experiments/IDs/05-WMC/MU/MUsbj094.csv","update","1300","4","94","244841","246143"
"MU.osexp","C:\Users\Public\Experiments\IDs\05-WMC\MU","Tr8_update2.png","1","231498","C:/Users/Public/Experiments/IDs/05-WMC/MU/MUsbj094.csv","update","1300","4","94","246514","247816"
"MU.osexp","C:\Users\Public\Experiments\IDs\05-WMC\MU","Tr8_update3.png","1","231498","C:/Users/Public/Experiments/IDs/05-WMC/MU/MUsbj094.csv","update","1300","4","94","248193","249495"
"MU.osexp","C:\Users\Public\Experiments\IDs\05-WMC\MU","Tr8_test1.png","7","252729","C:/Users/Public/Experiments/IDs/05-WMC/MU/MUsbj094.csv","test","0","4","94","249848","252730"
"MU.osexp","C:\Users\Public\Experiments\IDs\05-WMC\MU","Tr8_test2.png","4","255281","C:/Users/Public/Experiments/IDs/05-WMC/MU/MUsbj094.csv","test","0","4","94","253852","255282"
"MU.osexp","C:\Users\Public\Experiments\IDs\05-WMC\MU","Tr8_test3.png","3","258049","C:/Users/Public/Experiments/IDs/05-WMC/MU/MUsbj094.csv","test","0","4","94","256388","258050"
"MU.osexp","C:\Users\Public\Experiments\IDs\05-WMC\MU","Tr8_test4.png","1","259410","C:/Users/Public/Experiments/IDs/05-WMC/MU/MUsbj094.csv","test","0","4","94","259157","259411"
"MU.osexp","C:\Users\Public\Experiments\IDs\05-WMC\MU","wait.png","1","259410","C:/Users/Public/Experiments/IDs/05-WMC/MU/MUsbj094.csv","wait","5000","5","94","260619","259411"
"MU.osexp","C:\Users\Public\Experiments\IDs\05-WMC\MU","fixation.png","1","259410","C:/Users/Public/Experiments/IDs/05-WMC/MU/MUsbj094.csv","fix","1500","5","94","265743","259411"
"MU.osexp","C:\Users\Public\Experiments\IDs\05-WMC\MU","Tr9_study1.png","1","259410","C:/Users/Public/Experiments/IDs/05-WMC/MU/MUsbj094.csv","study","1000","5","94","267370","268372"
"MU.osexp","C:\Users\Public\Experiments\IDs\05-WMC\MU","Tr9_study2.png","1","259410","C:/Users/Public/Experiments/IDs/05-WMC/MU/MUsbj094.csv","study","1000","5","94","268741","269743"
"MU.osexp","C:\Users\Public\Experiments\IDs\05-WMC\MU","Tr9_study3.png","1","259410","C:/Users/Public/Experiments/IDs/05-WMC/MU/MUsbj094.csv","study","1000","5","94","270123","271125"
"MU.osexp","C:\Users\Public\Experiments\IDs\05-WMC\MU","Tr9_study4.png","1","259410","C:/Users/Public/Experiments/IDs/05-WMC/MU/MUsbj094.csv","study","1000","5","94","271503","272504"
"MU.osexp","C:\Users\Public\Experiments\IDs\05-WMC\MU","Tr9_study5.png","1","259410","C:/Users/Public/Experiments/IDs/05-WMC/MU/MUsbj094.csv","study","1000","5","94","272877","273878"
"MU.osexp","C:\Users\Public\Experiments\IDs\05-WMC\MU","Tr9_update1.png","1","259410","C:/Users/Public/Experiments/IDs/05-WMC/MU/MUsbj094.csv","update","1300","5","94","274363","275665"
"MU.osexp","C:\Users\Public\Experiments\IDs\05-WMC\MU","Tr9_update2.png","1","259410","C:/Users/Public/Experiments/IDs/05-WMC/MU/MUsbj094.csv","update","1300","5","94","276034","277336"
"MU.osexp","C:\Users\Public\Experiments\IDs\05-WMC\MU","Tr9_test1.png","4","280410","C:/Users/Public/Experiments/IDs/05-WMC/MU/MUsbj094.csv","test","0","5","94","277715","280411"
"MU.osexp","C:\Users\Public\Experiments\IDs\05-WMC\MU","Tr9_test2.png","6","282626","C:/Users/Public/Experiments/IDs/05-WMC/MU/MUsbj094.csv","test","0","5","94","281528","282627"
"MU.osexp","C:\Users\Public\Experiments\IDs\05-WMC\MU","Tr9_test3.png","5","285250","C:/Users/Public/Experiments/IDs/05-WMC/MU/MUsbj094.csv","test","0","5","94","283760","285250"
"MU.osexp","C:\Users\Public\Experiments\IDs\05-WMC\MU","Tr9_test4.png","4","286682","C:/Users/Public/Experiments/IDs/05-WMC/MU/MUsbj094.csv","test","0","5","94","286360","286682"
"MU.osexp","C:\Users\Public\Experiments\IDs\05-WMC\MU","Tr9_test5.png","9","288425","C:/Users/Public/Experiments/IDs/05-WMC/MU/MUsbj094.csv","test","0","5","94","287796","288426"
"MU.osexp","C:\Users\Public\Experiments\IDs\05-WMC\MU","wait.png","9","288425","C:/Users/Public/Experiments/IDs/05-WMC/MU/MUsbj094.csv","wait","5000","3","94","289702","288426"
"MU.osexp","C:\Users\Public\Experiments\IDs\05-WMC\MU","fixation.png","9","288425","C:/Users/Public/Experiments/IDs/05-WMC/MU/MUsbj094.csv","fix","1500","3","94","294815","288426"
"MU.osexp","C:\Users\Public\Experiments\IDs\05-WMC\MU","Tr10_study1.png","9","288425","C:/Users/Public/Experiments/IDs/05-WMC/MU/MUsbj094.csv","study","1000","3","94","296457","297459"
"MU.osexp","C:\Users\Public\Experiments\IDs\05-WMC\MU","Tr10_study2.png","9","288425","C:/Users/Public/Experiments/IDs/05-WMC/MU/MUsbj094.csv","study","1000","3","94","297813","298815"
"MU.osexp","C:\Users\Public\Experiments\IDs\05-WMC\MU","Tr10_study3.png","9","288425","C:/Users/Public/Experiments/IDs/05-WMC/MU/MUsbj094.csv","study","1000","3","94","299225","300227"
"MU.osexp","C:\Users\Public\Experiments\IDs\05-WMC\MU","Tr10_update1.png","9","288425","C:/Users/Public/Experiments/IDs/05-WMC/MU/MUsbj094.csv","update","1300","3","94","300594","301896"
"MU.osexp","C:\Users\Public\Experiments\IDs\05-WMC\MU","Tr10_update2.png","9","288425","C:/Users/Public/Experiments/IDs/05-WMC/MU/MUsbj094.csv","update","1300","3","94","302265","303568"
"MU.osexp","C:\Users\Public\Experiments\IDs\05-WMC\MU","Tr10_test1.png","5","305497","C:/Users/Public/Experiments/IDs/05-WMC/MU/MUsbj094.csv","test","0","3","94","303929","305498"
"MU.osexp","C:\Users\Public\Experiments\IDs\05-WMC\MU","Tr10_test2.png","3","309329","C:/Users/Public/Experiments/IDs/05-WMC/MU/MUsbj094.csv","test","0","3","94","306674","309330"
"MU.osexp","C:\Users\Public\Experiments\IDs\05-WMC\MU","Tr10_test3.png","5","310657","C:/Users/Public/Experiments/IDs/05-WMC/MU/MUsbj094.csv","test","0","3","94","310447","310658"
"MU.osexp","C:\Users\Public\Experiments\IDs\05-WMC\MU","wait.png","5","310657","C:/Users/Public/Experiments/IDs/05-WMC/MU/MUsbj094.csv","wait","5000","5","94","311883","310658"
"MU.osexp","C:\Users\Public\Experiments\IDs\05-WMC\MU","fixation.png","5","310657","C:/Users/Public/Experiments/IDs/05-WMC/MU/MUsbj094.csv","fix","1500","5","94","317013","310658"
"MU.osexp","C:\Users\Public\Experiments\IDs\05-WMC\MU","Tr11_study1.png","5","310657","C:/Users/Public/Experiments/IDs/05-WMC/MU/MUsbj094.csv","study","1000","5","94","318627","319628"
"MU.osexp","C:\Users\Public\Experiments\IDs\05-WMC\MU","Tr11_study2.png","5","310657","C:/Users/Public/Experiments/IDs/05-WMC/MU/MUsbj094.csv","study","1000","5","94","319985","320987"
"MU.osexp","C:\Users\Public\Experiments\IDs\05-WMC\MU","Tr11_study3.png","5","310657","C:/Users/Public/Experiments/IDs/05-WMC/MU/MUsbj094.csv","study","1000","5","94","321356","322357"
"MU.osexp","C:\Users\Public\Experiments\IDs\05-WMC\MU","Tr11_study4.png","5","310657","C:/Users/Public/Experiments/IDs/05-WMC/MU/MUsbj094.csv","study","1000","5","94","322721","323723"
"MU.osexp","C:\Users\Public\Experiments\IDs\05-WMC\MU","Tr11_study5.png","5","310657","C:/Users/Public/Experiments/IDs/05-WMC/MU/MUsbj094.csv","study","1000","5","94","324113","325114"
"MU.osexp","C:\Users\Public\Experiments\IDs\05-WMC\MU","Tr11_update1.png","5","310657","C:/Users/Public/Experiments/IDs/05-WMC/MU/MUsbj094.csv","update","1300","5","94","325478","326780"
"MU.osexp","C:\Users\Public\Experiments\IDs\05-WMC\MU","Tr11_update2.png","5","310657","C:/Users/Public/Experiments/IDs/05-WMC/MU/MUsbj094.csv","update","1300","5","94","327197","328499"
"MU.osexp","C:\Users\Public\Experiments\IDs\05-WMC\MU","Tr11_update3.png","5","310657","C:/Users/Public/Experiments/IDs/05-WMC/MU/MUsbj094.csv","update","1300","5","94","328856","330158"
"MU.osexp","C:\Users\Public\Experiments\IDs\05-WMC\MU","Tr11_test1.png","1","336394","C:/Users/Public/Experiments/IDs/05-WMC/MU/MUsbj094.csv","test","0","5","94","330533","336395"
"MU.osexp","C:\Users\Public\Experiments\IDs\05-WMC\MU","Tr11_test2.png","2","339314","C:/Users/Public/Experiments/IDs/05-WMC/MU/MUsbj094.csv","test","0","5","94","337532","339314"
"MU.osexp","C:\Users\Public\Experiments\IDs\05-WMC\MU","Tr11_test3.png","5","341313","C:/Users/Public/Experiments/IDs/05-WMC/MU/MUsbj094.csv","test","0","5","94","340443","341314"
"MU.osexp","C:\Users\Public\Experiments\IDs\05-WMC\MU","Tr11_test4.png","3","344753","C:/Users/Public/Experiments/IDs/05-WMC/MU/MUsbj094.csv","test","0","5","94","342414","344754"
"MU.osexp","C:\Users\Public\Experiments\IDs\05-WMC\MU","Tr11_test5.png","7","346610","C:/Users/Public/Experiments/IDs/05-WMC/MU/MUsbj094.csv","test","0","5","94","345887","346611"
"MU.osexp","C:\Users\Public\Experiments\IDs\05-WMC\MU","wait.png","7","346610","C:/Users/Public/Experiments/IDs/05-WMC/MU/MUsbj094.csv","wait","5000","3","94","347727","346611"
"MU.osexp","C:\Users\Public\Experiments\IDs\05-WMC\MU","fixation.png","7","346610","C:/Users/Public/Experiments/IDs/05-WMC/MU/MUsbj094.csv","fix","1500","3","94","352883","346611"
"MU.osexp","C:\Users\Public\Experiments\IDs\05-WMC\MU","Tr12_study1.png","7","346610","C:/Users/Public/Experiments/IDs/05-WMC/MU/MUsbj094.csv","study","1000","3","94","354511","355512"
"MU.osexp","C:\Users\Public\Experiments\IDs\05-WMC\MU","Tr12_study2.png","7","346610","C:/Users/Public/Experiments/IDs/05-WMC/MU/MUsbj094.csv","study","1000","3","94","355892","356894"
"MU.osexp","C:\Users\Public\Experiments\IDs\05-WMC\MU","Tr12_study3.png","7","346610","C:/Users/Public/Experiments/IDs/05-WMC/MU/MUsbj094.csv","study","1000","3","94","357280","358282"
"MU.osexp","C:\Users\Public\Experiments\IDs\05-WMC\MU","Tr12_update1.png","7","346610","C:/Users/Public/Experiments/IDs/05-WMC/MU/MUsbj094.csv","update","1300","3","94","358666","359968"
"MU.osexp","C:\Users\Public\Experiments\IDs\05-WMC\MU","Tr12_update2.png","7","346610","C:/Users/Public/Experiments/IDs/05-WMC/MU/MUsbj094.csv","update","1300","3","94","360331","361633"
"MU.osexp","C:\Users\Public\Experiments\IDs\05-WMC\MU","Tr12_update3.png","7","346610","C:/Users/Public/Experiments/IDs/05-WMC/MU/MUsbj094.csv","update","1300","3","94","361995","363297"
"MU.osexp","C:\Users\Public\Experiments\IDs\05-WMC\MU","Tr12_update4.png","7","346610","C:/Users/Public/Experiments/IDs/05-WMC/MU/MUsbj094.csv","update","1300","3","94","363679","364981"
"MU.osexp","C:\Users\Public\Experiments\IDs\05-WMC\MU","Tr12_update5.png","7","346610","C:/Users/Public/Experiments/IDs/05-WMC/MU/MUsbj094.csv","update","1300","3","94","365347","366649"
"MU.osexp","C:\Users\Public\Experiments\IDs\05-WMC\MU","Tr12_test1.png","4","368914","C:/Users/Public/Experiments/IDs/05-WMC/MU/MUsbj094.csv","test","0","3","94","367026","368915"
"MU.osexp","C:\Users\Public\Experiments\IDs\05-WMC\MU","Tr12_test2.png","9","370362","C:/Users/Public/Experiments/IDs/05-WMC/MU/MUsbj094.csv","test","0","3","94","370037","370363"
"MU.osexp","C:\Users\Public\Experiments\IDs\05-WMC\MU","Tr12_test3.png","4","371818","C:/Users/Public/Experiments/IDs/05-WMC/MU/MUsbj094.csv","test","0","3","94","371487","371818"
"MU.osexp","C:\Users\Public\Experiments\IDs\05-WMC\MU","wait.png","4","371818","C:/Users/Public/Experiments/IDs/05-WMC/MU/MUsbj094.csv","wait","5000","3","94","372925","371818"
"MU.osexp","C:\Users\Public\Experiments\IDs\05-WMC\MU","fixation.png","4","371818","C:/Users/Public/Experiments/IDs/05-WMC/MU/MUsbj094.csv","fix","1500","3","94","378043","371818"
"MU.osexp","C:\Users\Public\Experiments\IDs\05-WMC\MU","Tr13_study1.png","4","371818","C:/Users/Public/Experiments/IDs/05-WMC/MU/MUsbj094.csv","study","1000","3","94","379680","380681"
"MU.osexp","C:\Users\Public\Experiments\IDs\05-WMC\MU","Tr13_study2.png","4","371818","C:/Users/Public/Experiments/IDs/05-WMC/MU/MUsbj094.csv","study","1000","3","94","381056","382058"
"MU.osexp","C:\Users\Public\Experiments\IDs\05-WMC\MU","Tr13_study3.png","4","371818","C:/Users/Public/Experiments/IDs/05-WMC/MU/MUsbj094.csv","study","1000","3","94","382420","383421"
"MU.osexp","C:\Users\Public\Experiments\IDs\05-WMC\MU","Tr13_update1.png","4","371818","C:/Users/Public/Experiments/IDs/05-WMC/MU/MUsbj094.csv","update","1300","3","94","383769","385071"
"MU.osexp","C:\Users\Public\Experiments\IDs\05-WMC\MU","Tr13_update2.png","4","371818","C:/Users/Public/Experiments/IDs/05-WMC/MU/MUsbj094.csv","update","1300","3","94","385444","386746"
"MU.osexp","C:\Users\Public\Experiments\IDs\05-WMC\MU","Tr13_update3.png","4","371818","C:/Users/Public/Experiments/IDs/05-WMC/MU/MUsbj094.csv","update","1300","3","94","387154","388455"
"MU.osexp","C:\Users\Public\Experiments\IDs\05-WMC\MU","Tr13_update4.png","4","371818","C:/Users/Public/Experiments/IDs/05-WMC/MU/MUsbj094.csv","update","1300","3","94","388832","390134"
"MU.osexp","C:\Users\Public\Experiments\IDs\05-WMC\MU","Tr13_test1.png","3","391746","C:/Users/Public/Experiments/IDs/05-WMC/MU/MUsbj094.csv","test","0","3","94","390491","391746"
"MU.osexp","C:\Users\Public\Experiments\IDs\05-WMC\MU","Tr13_test2.png","2","395145","C:/Users/Public/Experiments/IDs/05-WMC/MU/MUsbj094.csv","test","0","3","94","392963","395146"
"MU.osexp","C:\Users\Public\Experiments\IDs\05-WMC\MU","Tr13_test3.png","5","398930","C:/Users/Public/Experiments/IDs/05-WMC/MU/MUsbj094.csv","test","0","3","94","396273","398931"
"MU.osexp","C:\Users\Public\Experiments\IDs\05-WMC\MU","wait.png","5","398930","C:/Users/Public/Experiments/IDs/05-WMC/MU/MUsbj094.csv","wait","5000","5","94","400054","398931"
"MU.osexp","C:\Users\Public\Experiments\IDs\05-WMC\MU","fixation.png","5","398930","C:/Users/Public/Experiments/IDs/05-WMC/MU/MUsbj094.csv","fix","1500","5","94","405164","398931"
"MU.osexp","C:\Users\Public\Experiments\IDs\05-WMC\MU","Tr14_study1.png","5","398930","C:/Users/Public/Experiments/IDs/05-WMC/MU/MUsbj094.csv","study","1000","5","94","406797","407798"
"MU.osexp","C:\Users\Public\Experiments\IDs\05-WMC\MU","Tr14_study2.png","5","398930","C:/Users/Public/Experiments/IDs/05-WMC/MU/MUsbj094.csv","study","1000","5","94","408191","409193"
"MU.osexp","C:\Users\Public\Experiments\IDs\05-WMC\MU","Tr14_study3.png","5","398930","C:/Users/Public/Experiments/IDs/05-WMC/MU/MUsbj094.csv","study","1000","5","94","409578","410580"
"MU.osexp","C:\Users\Public\Experiments\IDs\05-WMC\MU","Tr14_study4.png","5","398930","C:/Users/Public/Experiments/IDs/05-WMC/MU/MUsbj094.csv","study","1000","5","94","410944","411946"
"MU.osexp","C:\Users\Public\Experiments\IDs\05-WMC\MU","Tr14_study5.png","5","398930","C:/Users/Public/Experiments/IDs/05-WMC/MU/MUsbj094.csv","study","1000","5","94","412458","413460"
"MU.osexp","C:\Users\Public\Experiments\IDs\05-WMC\MU","Tr14_update1.png","5","398930","C:/Users/Public/Experiments/IDs/05-WMC/MU/MUsbj094.csv","update","1300","5","94","413824","415126"
"MU.osexp","C:\Users\Public\Experiments\IDs\05-WMC\MU","Tr14_update2.png","5","398930","C:/Users/Public/Experiments/IDs/05-WMC/MU/MUsbj094.csv","update","1300","5","94","415516","416818"
"MU.osexp","C:\Users\Public\Experiments\IDs\05-WMC\MU","Tr14_update3.png","5","398930","C:/Users/Public/Experiments/IDs/05-WMC/MU/MUsbj094.csv","update","1300","5","94","417198","418500"
"MU.osexp","C:\Users\Public\Experiments\IDs\05-WMC\MU","Tr14_update4.png","5","398930","C:/Users/Public/Experiments/IDs/05-WMC/MU/MUsbj094.csv","update","1300","5","94","418922","420224"
"MU.osexp","C:\Users\Public\Experiments\IDs\05-WMC\MU","Tr14_test1.png","3","423498","C:/Users/Public/Experiments/IDs/05-WMC/MU/MUsbj094.csv","test","0","5","94","420597","423499"
"MU.osexp","C:\Users\Public\Experiments\IDs\05-WMC\MU","Tr14_test2.png","9","425362","C:/Users/Public/Experiments/IDs/05-WMC/MU/MUsbj094.csv","test","0","5","94","424602","425363"
"MU.osexp","C:\Users\Public\Experiments\IDs\05-WMC\MU","Tr14_test3.png","4","427130","C:/Users/Public/Experiments/IDs/05-WMC/MU/MUsbj094.csv","test","0","5","94","426488","427130"
"MU.osexp","C:\Users\Public\Experiments\IDs\05-WMC\MU","Tr14_test4.png","8","428506","C:/Users/Public/Experiments/IDs/05-WMC/MU/MUsbj094.csv","test","0","5","94","428227","428506"
"MU.osexp","C:\Users\Public\Experiments\IDs\05-WMC\MU","Tr14_test5.png","2","429857","C:/Users/Public/Experiments/IDs/05-WMC/MU/MUsbj094.csv","test","0","5","94","429626","429858"
"MU.osexp","C:\Users\Public\Experiments\IDs\05-WMC\MU","wait.png","2","429857","C:/Users/Public/Experiments/IDs/05-WMC/MU/MUsbj094.csv","wait","5000","4","94","430968","429858"
"MU.osexp","C:\Users\Public\Experiments\IDs\05-WMC\MU","fixation.png","2","429857","C:/Users/Public/Experiments/IDs/05-WMC/MU/MUsbj094.csv","fix","1500","4","94","436114","429858"
"MU.osexp","C:\Users\Public\Experiments\IDs\05-WMC\MU","Tr15_study1.png","2","429857","C:/Users/Public/Experiments/IDs/05-WMC/MU/MUsbj094.csv","study","1000","4","94","437741","438743"
"MU.osexp","C:\Users\Public\Experiments\IDs\05-WMC\MU","Tr15_study2.png","2","429857","C:/Users/Public/Experiments/IDs/05-WMC/MU/MUsbj094.csv","study","1000","4","94","439141","440143"
"MU.osexp","C:\Users\Public\Experiments\IDs\05-WMC\MU","Tr15_study3.png","2","429857","C:/Users/Public/Experiments/IDs/05-WMC/MU/MUsbj094.csv","study","1000","4","94","440534","441536"
"MU.osexp","C:\Users\Public\Experiments\IDs\05-WMC\MU","Tr15_study4.png","2","429857","C:/Users/Public/Experiments/IDs/05-WMC/MU/MUsbj094.csv","study","1000","4","94","441926","442927"
"MU.osexp","C:\Users\Public\Experiments\IDs\05-WMC\MU","Tr15_update1.png","2","429857","C:/Users/Public/Experiments/IDs/05-WMC/MU/MUsbj094.csv","update","1300","4","94","443277","444579"
"MU.osexp","C:\Users\Public\Experiments\IDs\05-WMC\MU","Tr15_update2.png","2","429857","C:/Users/Public/Experiments/IDs/05-WMC/MU/MUsbj094.csv","update","1300","4","94","444930","446232"
"MU.osexp","C:\Users\Public\Experiments\IDs\05-WMC\MU","Tr15_update3.png","2","429857","C:/Users/Public/Experiments/IDs/05-WMC/MU/MUsbj094.csv","update","1300","4","94","446602","447904"
"MU.osexp","C:\Users\Public\Experiments\IDs\05-WMC\MU","Tr15_update4.png","2","429857","C:/Users/Public/Experiments/IDs/05-WMC/MU/MUsbj094.csv","update","1300","4","94","448284","449586"
"MU.osexp","C:\Users\Public\Experiments\IDs\05-WMC\MU","Tr15_update5.png","2","429857","C:/Users/Public/Experiments/IDs/05-WMC/MU/MUsbj094.csv","update","1300","4","94","449996","451298"
"MU.osexp","C:\Users\Public\Experiments\IDs\05-WMC\MU","Tr15_update6.png","2","429857","C:/Users/Public/Experiments/IDs/05-WMC/MU/MUsbj094.csv","update","1300","4","94","451646","452948"
"MU.osexp","C:\Users\Public\Experiments\IDs\05-WMC\MU","Tr15_test1.png","9","455170","C:/Users/Public/Experiments/IDs/05-WMC/MU/MUsbj094.csv","test","0","4","94","453334","455171"
"MU.osexp","C:\Users\Public\Experiments\IDs\05-WMC\MU","Tr15_test2.png","9","456786","C:/Users/Public/Experiments/IDs/05-WMC/MU/MUsbj094.csv","test","0","4","94","456328","456787"
"MU.osexp","C:\Users\Public\Experiments\IDs\05-WMC\MU","Tr15_test3.png","5","459626","C:/Users/Public/Experiments/IDs/05-WMC/MU/MUsbj094.csv","test","0","4","94","457897","459627"
"MU.osexp","C:\Users\Public\Experiments\IDs\05-WMC\MU","Tr15_test4.png","9","460994","C:/Users/Public/Experiments/IDs/05-WMC/MU/MUsbj094.csv","test","0","4","94","460741","460995"
"MU.osexp","C:\Users\Public\Experiments\IDs\05-WMC\MU","wait.png","9","460994","C:/Users/Public/Experiments/IDs/05-WMC/MU/MUsbj094.csv","wait","5000","4","94","462116","460995"
"MU.osexp","C:\Users\Public\Experiments\IDs\05-WMC\MU","fixation.png","9","460994","C:/Users/Public/Experiments/IDs/05-WMC/MU/MUsbj094.csv","fix","1500","4","94","467233","460995"
"MU.osexp","C:\Users\Public\Experiments\IDs\05-WMC\MU","Tr16_study1.png","9","460994","C:/Users/Public/Experiments/IDs/05-WMC/MU/MUsbj094.csv","study","1000","4","94","468844","469845"
"MU.osexp","C:\Users\Public\Experiments\IDs\05-WMC\MU","Tr16_study2.png","9","460994","C:/Users/Public/Experiments/IDs/05-WMC/MU/MUsbj094.csv","study","1000","4","94","470217","471218"
"MU.osexp","C:\Users\Public\Experiments\IDs\05-WMC\MU","Tr16_study3.png","9","460994","C:/Users/Public/Experiments/IDs/05-WMC/MU/MUsbj094.csv","study","1000","4","94","471590","472591"
"MU.osexp","C:\Users\Public\Experiments\IDs\05-WMC\MU","Tr16_study4.png","9","460994","C:/Users/Public/Experiments/IDs/05-WMC/MU/MUsbj094.csv","study","1000","4","94","472948","473950"
"MU.osexp","C:\Users\Public\Experiments\IDs\05-WMC\MU","Tr16_update1.png","9","460994","C:/Users/Public/Experiments/IDs/05-WMC/MU/MUsbj094.csv","update","1300","4","94","474319","475621"
"MU.osexp","C:\Users\Public\Experiments\IDs\05-WMC\MU","Tr16_update2.png","9","460994","C:/Users/Public/Experiments/IDs/05-WMC/MU/MUsbj094.csv","update","1300","4","94","476019","477321"
"MU.osexp","C:\Users\Public\Experiments\IDs\05-WMC\MU","Tr16_test1.png","8","481546","C:/Users/Public/Experiments/IDs/05-WMC/MU/MUsbj094.csv","test","0","4","94","477700","481546"
"MU.osexp","C:\Users\Public\Experiments\IDs\05-WMC\MU","Tr16_test2.png","6","484465","C:/Users/Public/Experiments/IDs/05-WMC/MU/MUsbj094.csv","test","0","4","94","482677","484466"
"MU.osexp","C:\Users\Public\Experiments\IDs\05-WMC\MU","Tr16_test3.png","9","485825","C:/Users/Public/Experiments/IDs/05-WMC/MU/MUsbj094.csv","test","0","4","94","485596","485826"
"MU.osexp","C:\Users\Public\Experiments\IDs\05-WMC\MU","Tr16_test4.png","3","487282","C:/Users/Public/Experiments/IDs/05-WMC/MU/MUsbj094.csv","test","0","4","94","486995","487283"
"MU.osexp","C:\Users\Public\Experiments\IDs\05-WMC\MU","wait.png","3","487282","C:/Users/Public/Experiments/IDs/05-WMC/MU/MUsbj094.csv","wait","5000","5","94","488410","487283"
"MU.osexp","C:\Users\Public\Experiments\IDs\05-WMC\MU","fixation.png","3","487282","C:/Users/Public/Experiments/IDs/05-WMC/MU/MUsbj094.csv","fix","1500","5","94","493538","487283"
"MU.osexp","C:\Users\Public\Experiments\IDs\05-WMC\MU","Tr17_study1.png","3","487282","C:/Users/Public/Experiments/IDs/05-WMC/MU/MUsbj094.csv","study","1000","5","94","495170","496171"
"MU.osexp","C:\Users\Public\Experiments\IDs\05-WMC\MU","Tr17_study2.png","3","487282","C:/Users/Public/Experiments/IDs/05-WMC/MU/MUsbj094.csv","study","1000","5","94","496557","497559"
"MU.osexp","C:\Users\Public\Experiments\IDs\05-WMC\MU","Tr17_study3.png","3","487282","C:/Users/Public/Experiments/IDs/05-WMC/MU/MUsbj094.csv","study","1000","5","94","497960","498962"
"MU.osexp","C:\Users\Public\Experiments\IDs\05-WMC\MU","Tr17_study4.png","3","487282","C:/Users/Public/Experiments/IDs/05-WMC/MU/MUsbj094.csv","study","1000","5","94","499323","500324"
"MU.osexp","C:\Users\Public\Experiments\IDs\05-WMC\MU","Tr17_study5.png","3","487282","C:/Users/Public/Experiments/IDs/05-WMC/MU/MUsbj094.csv","study","1000","5","94","500675","501677"
"MU.osexp","C:\Users\Public\Experiments\IDs\05-WMC\MU","Tr17_update1.png","3","487282","C:/Users/Public/Experiments/IDs/05-WMC/MU/MUsbj094.csv","update","1300","5","94","502052","503354"
"MU.osexp","C:\Users\Public\Experiments\IDs\05-WMC\MU","Tr17_update2.png","3","487282","C:/Users/Public/Experiments/IDs/05-WMC/MU/MUsbj094.csv","update","1300","5","94","503716","505017"
"MU.osexp","C:\Users\Public\Experiments\IDs\05-WMC\MU","Tr17_update3.png","3","487282","C:/Users/Public/Experiments/IDs/05-WMC/MU/MUsbj094.csv","update","1300","5","94","505401","506702"
"MU.osexp","C:\Users\Public\Experiments\IDs\05-WMC\MU","Tr17_update4.png","3","487282","C:/Users/Public/Experiments/IDs/05-WMC/MU/MUsbj094.csv","update","1300","5","94","507070","508372"
"MU.osexp","C:\Users\Public\Experiments\IDs\05-WMC\MU","Tr17_update5.png","3","487282","C:/Users/Public/Experiments/IDs/05-WMC/MU/MUsbj094.csv","update","1300","5","94","508745","510047"
"MU.osexp","C:\Users\Public\Experiments\IDs\05-WMC\MU","Tr17_update6.png","3","487282","C:/Users/Public/Experiments/IDs/05-WMC/MU/MUsbj094.csv","update","1300","5","94","510417","511719"
"MU.osexp","C:\Users\Public\Experiments\IDs\05-WMC\MU","Tr17_test1.png","2","514626","C:/Users/Public/Experiments/IDs/05-WMC/MU/MUsbj094.csv","test","0","5","94","512077","514626"
"MU.osexp","C:\Users\Public\Experiments\IDs\05-WMC\MU","Tr17_test2.png","5","518529","C:/Users/Public/Experiments/IDs/05-WMC/MU/MUsbj094.csv","test","0","5","94","515765","518530"
"MU.osexp","C:\Users\Public\Experiments\IDs\05-WMC\MU","Tr17_test3.png","6","520505","C:/Users/Public/Experiments/IDs/05-WMC/MU/MUsbj094.csv","test","0","5","94","519637","520506"
"MU.osexp","C:\Users\Public\Experiments\IDs\05-WMC\MU","Tr17_test4.png","8","523266","C:/Users/Public/Experiments/IDs/05-WMC/MU/MUsbj094.csv","test","0","5","94","521614","523267"
"MU.osexp","C:\Users\Public\Experiments\IDs\05-WMC\MU","Tr17_test5.png","2","525130","C:/Users/Public/Experiments/IDs/05-WMC/MU/MUsbj094.csv","test","0","5","94","524385","525131"
