"experiment_file","experiment_path","image","key","key_time","logfile","phase","playtime","setSize","subject_nr","timestamp","waittime"
"MU.osexp","C:\Users\Public\Experiments\IDs\05-WMC\MU","ready1.png","NA","NA","C:/Users/Public/Experiments/IDs/05-WMC/MU/MUsbj079.csv","pre","0","3","79","120298","NA"
"MU.osexp","C:\Users\Public\Experiments\IDs\05-WMC\MU","fixation.png","NA","NA","C:/Users/Public/Experiments/IDs/05-WMC/MU/MUsbj079.csv","fix","1500","3","79","122581","NA"
"MU.osexp","C:\Users\Public\Experiments\IDs\05-WMC\MU","Tr1_study1.png","NA","NA","C:/Users/Public/Experiments/IDs/05-WMC/MU/MUsbj079.csv","study","1000","3","79","124176","125176"
"MU.osexp","C:\Users\Public\Experiments\IDs\05-WMC\MU","Tr1_study2.png","NA","NA","C:/Users/Public/Experiments/IDs/05-WMC/MU/MUsbj079.csv","study","1000","3","79","125516","126518"
"MU.osexp","C:\Users\Public\Experiments\IDs\05-WMC\MU","Tr1_study3.png","NA","NA","C:/Users/Public/Experiments/IDs/05-WMC/MU/MUsbj079.csv","study","1000","3","79","126846","127846"
"MU.osexp","C:\Users\Public\Experiments\IDs\05-WMC\MU","Tr1_update1.png","NA","NA","C:/Users/Public/Experiments/IDs/05-WMC/MU/MUsbj079.csv","update","1300","3","79","128182","129484"
"MU.osexp","C:\Users\Public\Experiments\IDs\05-WMC\MU","Tr1_update2.png","NA","NA","C:/Users/Public/Experiments/IDs/05-WMC/MU/MUsbj079.csv","update","1300","3","79","129822","131123"
"MU.osexp","C:\Users\Public\Experiments\IDs\05-WMC\MU","Tr1_update3.png","NA","NA","C:/Users/Public/Experiments/IDs/05-WMC/MU/MUsbj079.csv","update","1300","3","79","131449","132751"
"MU.osexp","C:\Users\Public\Experiments\IDs\05-WMC\MU","Tr1_test1.png","9","144275","C:/Users/Public/Experiments/IDs/05-WMC/MU/MUsbj079.csv","test","0","3","79","133095","144276"
"MU.osexp","C:\Users\Public\Experiments\IDs\05-WMC\MU","Tr1_test2.png","4","148035","C:/Users/Public/Experiments/IDs/05-WMC/MU/MUsbj079.csv","test","0","3","79","145348","148035"
"MU.osexp","C:\Users\Public\Experiments\IDs\05-WMC\MU","Tr1_test3.png","0","150955","C:/Users/Public/Experiments/IDs/05-WMC/MU/MUsbj079.csv","test","0","3","79","149120","150956"
"MU.osexp","C:\Users\Public\Experiments\IDs\05-WMC\MU","wait.png","0","150955","C:/Users/Public/Experiments/IDs/05-WMC/MU/MUsbj079.csv","wait","5000","3","79","152026","150956"
"MU.osexp","C:\Users\Public\Experiments\IDs\05-WMC\MU","fixation.png","0","150955","C:/Users/Public/Experiments/IDs/05-WMC/MU/MUsbj079.csv","fix","1500","3","79","157232","150956"
"MU.osexp","C:\Users\Public\Experiments\IDs\05-WMC\MU","Tr2_study1.png","0","150955","C:/Users/Public/Experiments/IDs/05-WMC/MU/MUsbj079.csv","study","1000","3","79","158794","159796"
"MU.osexp","C:\Users\Public\Experiments\IDs\05-WMC\MU","Tr2_study2.png","0","150955","C:/Users/Public/Experiments/IDs/05-WMC/MU/MUsbj079.csv","study","1000","3","79","160127","161129"
"MU.osexp","C:\Users\Public\Experiments\IDs\05-WMC\MU","Tr2_study3.png","0","150955","C:/Users/Public/Experiments/IDs/05-WMC/MU/MUsbj079.csv","study","1000","3","79","161453","162453"
"MU.osexp","C:\Users\Public\Experiments\IDs\05-WMC\MU","Tr2_update1.png","0","150955","C:/Users/Public/Experiments/IDs/05-WMC/MU/MUsbj079.csv","update","1300","3","79","162794","164096"
"MU.osexp","C:\Users\Public\Experiments\IDs\05-WMC\MU","Tr2_update2.png","0","150955","C:/Users/Public/Experiments/IDs/05-WMC/MU/MUsbj079.csv","update","1300","3","79","164419","165719"
"MU.osexp","C:\Users\Public\Experiments\IDs\05-WMC\MU","Tr2_update3.png","0","150955","C:/Users/Public/Experiments/IDs/05-WMC/MU/MUsbj079.csv","update","1300","3","79","166032","167333"
"MU.osexp","C:\Users\Public\Experiments\IDs\05-WMC\MU","Tr2_test1.png","4","173467","C:/Users/Public/Experiments/IDs/05-WMC/MU/MUsbj079.csv","test","0","3","79","167660","173468"
"MU.osexp","C:\Users\Public\Experiments\IDs\05-WMC\MU","Tr2_test2.png","8","175891","C:/Users/Public/Experiments/IDs/05-WMC/MU/MUsbj079.csv","test","0","3","79","174567","175892"
"MU.osexp","C:\Users\Public\Experiments\IDs\05-WMC\MU","Tr2_test3.png","0","177811","C:/Users/Public/Experiments/IDs/05-WMC/MU/MUsbj079.csv","test","0","3","79","176958","177812"
"MU.osexp","C:\Users\Public\Experiments\IDs\05-WMC\MU","ready2.png","0","177811","C:/Users/Public/Experiments/IDs/05-WMC/MU/MUsbj079.csv","pre","0","3","79","182383","177812"
"MU.osexp","C:\Users\Public\Experiments\IDs\05-WMC\MU","fixation.png","0","177811","C:/Users/Public/Experiments/IDs/05-WMC/MU/MUsbj079.csv","fix","1500","3","79","184144","177812"
"MU.osexp","C:\Users\Public\Experiments\IDs\05-WMC\MU","Tr3_study1.png","0","177811","C:/Users/Public/Experiments/IDs/05-WMC/MU/MUsbj079.csv","study","1000","3","79","185728","186728"
"MU.osexp","C:\Users\Public\Experiments\IDs\05-WMC\MU","Tr3_study2.png","0","177811","C:/Users/Public/Experiments/IDs/05-WMC/MU/MUsbj079.csv","study","1000","3","79","187051","188053"
"MU.osexp","C:\Users\Public\Experiments\IDs\05-WMC\MU","Tr3_study3.png","0","177811","C:/Users/Public/Experiments/IDs/05-WMC/MU/MUsbj079.csv","study","1000","3","79","188406","189406"
"MU.osexp","C:\Users\Public\Experiments\IDs\05-WMC\MU","Tr3_update1.png","0","177811","C:/Users/Public/Experiments/IDs/05-WMC/MU/MUsbj079.csv","update","1300","3","79","189746","191048"
"MU.osexp","C:\Users\Public\Experiments\IDs\05-WMC\MU","Tr3_update2.png","0","177811","C:/Users/Public/Experiments/IDs/05-WMC/MU/MUsbj079.csv","update","1300","3","79","191364","192665"
"MU.osexp","C:\Users\Public\Experiments\IDs\05-WMC\MU","Tr3_update3.png","0","177811","C:/Users/Public/Experiments/IDs/05-WMC/MU/MUsbj079.csv","update","1300","3","79","193094","194395"
"MU.osexp","C:\Users\Public\Experiments\IDs\05-WMC\MU","Tr3_test1.png","9","198931","C:/Users/Public/Experiments/IDs/05-WMC/MU/MUsbj079.csv","test","0","3","79","194718","198932"
"MU.osexp","C:\Users\Public\Experiments\IDs\05-WMC\MU","Tr3_test2.png","7","201315","C:/Users/Public/Experiments/IDs/05-WMC/MU/MUsbj079.csv","test","0","3","79","200017","201315"
"MU.osexp","C:\Users\Public\Experiments\IDs\05-WMC\MU","Tr3_test3.png","7","203131","C:/Users/Public/Experiments/IDs/05-WMC/MU/MUsbj079.csv","test","0","3","79","202397","203132"
"MU.osexp","C:\Users\Public\Experiments\IDs\05-WMC\MU","wait.png","7","203131","C:/Users/Public/Experiments/IDs/05-WMC/MU/MUsbj079.csv","wait","5000","4","79","204221","203132"
"MU.osexp","C:\Users\Public\Experiments\IDs\05-WMC\MU","fixation.png","7","203131","C:/Users/Public/Experiments/IDs/05-WMC/MU/MUsbj079.csv","fix","1500","4","79","209295","203132"
"MU.osexp","C:\Users\Public\Experiments\IDs\05-WMC\MU","Tr4_study1.png","7","203131","C:/Users/Public/Experiments/IDs/05-WMC/MU/MUsbj079.csv","study","1000","4","79","210904","211904"
"MU.osexp","C:\Users\Public\Experiments\IDs\05-WMC\MU","Tr4_study2.png","7","203131","C:/Users/Public/Experiments/IDs/05-WMC/MU/MUsbj079.csv","study","1000","4","79","212235","213236"
"MU.osexp","C:\Users\Public\Experiments\IDs\05-WMC\MU","Tr4_study3.png","7","203131","C:/Users/Public/Experiments/IDs/05-WMC/MU/MUsbj079.csv","study","1000","4","79","213594","214594"
"MU.osexp","C:\Users\Public\Experiments\IDs\05-WMC\MU","Tr4_study4.png","7","203131","C:/Users/Public/Experiments/IDs/05-WMC/MU/MUsbj079.csv","study","1000","4","79","214911","215911"
"MU.osexp","C:\Users\Public\Experiments\IDs\05-WMC\MU","Tr4_update1.png","7","203131","C:/Users/Public/Experiments/IDs/05-WMC/MU/MUsbj079.csv","update","1300","4","79","216244","217546"
"MU.osexp","C:\Users\Public\Experiments\IDs\05-WMC\MU","Tr4_update2.png","7","203131","C:/Users/Public/Experiments/IDs/05-WMC/MU/MUsbj079.csv","update","1300","4","79","217883","219183"
"MU.osexp","C:\Users\Public\Experiments\IDs\05-WMC\MU","Tr4_update3.png","7","203131","C:/Users/Public/Experiments/IDs/05-WMC/MU/MUsbj079.csv","update","1300","4","79","219556","220856"
"MU.osexp","C:\Users\Public\Experiments\IDs\05-WMC\MU","Tr4_update4.png","7","203131","C:/Users/Public/Experiments/IDs/05-WMC/MU/MUsbj079.csv","update","1300","4","79","221176","222476"
"MU.osexp","C:\Users\Public\Experiments\IDs\05-WMC\MU","Tr4_test1.png","5","228115","C:/Users/Public/Experiments/IDs/05-WMC/MU/MUsbj079.csv","test","0","4","79","222808","228116"
"MU.osexp","C:\Users\Public\Experiments\IDs\05-WMC\MU","Tr4_test2.png","9","230715","C:/Users/Public/Experiments/IDs/05-WMC/MU/MUsbj079.csv","test","0","4","79","229188","230716"
"MU.osexp","C:\Users\Public\Experiments\IDs\05-WMC\MU","Tr4_test3.png","1","232979","C:/Users/Public/Experiments/IDs/05-WMC/MU/MUsbj079.csv","test","0","4","79","231797","232980"
"MU.osexp","C:\Users\Public\Experiments\IDs\05-WMC\MU","Tr4_test4.png","7","236051","C:/Users/Public/Experiments/IDs/05-WMC/MU/MUsbj079.csv","test","0","4","79","234085","236051"
"MU.osexp","C:\Users\Public\Experiments\IDs\05-WMC\MU","wait.png","7","236051","C:/Users/Public/Experiments/IDs/05-WMC/MU/MUsbj079.csv","wait","5000","3","79","237120","236051"
"MU.osexp","C:\Users\Public\Experiments\IDs\05-WMC\MU","fixation.png","7","236051","C:/Users/Public/Experiments/IDs/05-WMC/MU/MUsbj079.csv","fix","1500","3","79","242189","236051"
"MU.osexp","C:\Users\Public\Experiments\IDs\05-WMC\MU","Tr5_study1.png","7","236051","C:/Users/Public/Experiments/IDs/05-WMC/MU/MUsbj079.csv","study","1000","3","79","243763","244763"
"MU.osexp","C:\Users\Public\Experiments\IDs\05-WMC\MU","Tr5_study2.png","7","236051","C:/Users/Public/Experiments/IDs/05-WMC/MU/MUsbj079.csv","study","1000","3","79","245095","246097"
"MU.osexp","C:\Users\Public\Experiments\IDs\05-WMC\MU","Tr5_study3.png","7","236051","C:/Users/Public/Experiments/IDs/05-WMC/MU/MUsbj079.csv","study","1000","3","79","246428","247429"
"MU.osexp","C:\Users\Public\Experiments\IDs\05-WMC\MU","Tr5_update1.png","7","236051","C:/Users/Public/Experiments/IDs/05-WMC/MU/MUsbj079.csv","update","1300","3","79","247751","249052"
"MU.osexp","C:\Users\Public\Experiments\IDs\05-WMC\MU","Tr5_update2.png","7","236051","C:/Users/Public/Experiments/IDs/05-WMC/MU/MUsbj079.csv","update","1300","3","79","249503","250804"
"MU.osexp","C:\Users\Public\Experiments\IDs\05-WMC\MU","Tr5_update3.png","7","236051","C:/Users/Public/Experiments/IDs/05-WMC/MU/MUsbj079.csv","update","1300","3","79","251126","252426"
"MU.osexp","C:\Users\Public\Experiments\IDs\05-WMC\MU","Tr5_update4.png","7","236051","C:/Users/Public/Experiments/IDs/05-WMC/MU/MUsbj079.csv","update","1300","3","79","252755","254057"
"MU.osexp","C:\Users\Public\Experiments\IDs\05-WMC\MU","Tr5_update5.png","7","236051","C:/Users/Public/Experiments/IDs/05-WMC/MU/MUsbj079.csv","update","1300","3","79","254387","255689"
"MU.osexp","C:\Users\Public\Experiments\IDs\05-WMC\MU","Tr5_update6.png","7","236051","C:/Users/Public/Experiments/IDs/05-WMC/MU/MUsbj079.csv","update","1300","3","79","256025","257326"
"MU.osexp","C:\Users\Public\Experiments\IDs\05-WMC\MU","Tr5_test1.png","4","262843","C:/Users/Public/Experiments/IDs/05-WMC/MU/MUsbj079.csv","test","0","3","79","257655","262844"
"MU.osexp","C:\Users\Public\Experiments\IDs\05-WMC\MU","Tr5_test2.png","5","265555","C:/Users/Public/Experiments/IDs/05-WMC/MU/MUsbj079.csv","test","0","3","79","263965","265556"
"MU.osexp","C:\Users\Public\Experiments\IDs\05-WMC\MU","Tr5_test3.png","3","267059","C:/Users/Public/Experiments/IDs/05-WMC/MU/MUsbj079.csv","test","0","3","79","266638","267060"
"MU.osexp","C:\Users\Public\Experiments\IDs\05-WMC\MU","wait.png","3","267059","C:/Users/Public/Experiments/IDs/05-WMC/MU/MUsbj079.csv","wait","5000","4","79","268151","267060"
"MU.osexp","C:\Users\Public\Experiments\IDs\05-WMC\MU","fixation.png","3","267059","C:/Users/Public/Experiments/IDs/05-WMC/MU/MUsbj079.csv","fix","1500","4","79","273224","267060"
"MU.osexp","C:\Users\Public\Experiments\IDs\05-WMC\MU","Tr6_study1.png","3","267059","C:/Users/Public/Experiments/IDs/05-WMC/MU/MUsbj079.csv","study","1000","4","79","274802","275802"
"MU.osexp","C:\Users\Public\Experiments\IDs\05-WMC\MU","Tr6_study2.png","3","267059","C:/Users/Public/Experiments/IDs/05-WMC/MU/MUsbj079.csv","study","1000","4","79","276137","277138"
"MU.osexp","C:\Users\Public\Experiments\IDs\05-WMC\MU","Tr6_study3.png","3","267059","C:/Users/Public/Experiments/IDs/05-WMC/MU/MUsbj079.csv","study","1000","4","79","277456","278456"
"MU.osexp","C:\Users\Public\Experiments\IDs\05-WMC\MU","Tr6_study4.png","3","267059","C:/Users/Public/Experiments/IDs/05-WMC/MU/MUsbj079.csv","study","1000","4","79","278788","279790"
"MU.osexp","C:\Users\Public\Experiments\IDs\05-WMC\MU","Tr6_update1.png","3","267059","C:/Users/Public/Experiments/IDs/05-WMC/MU/MUsbj079.csv","update","1300","4","79","280243","281543"
"MU.osexp","C:\Users\Public\Experiments\IDs\05-WMC\MU","Tr6_update2.png","3","267059","C:/Users/Public/Experiments/IDs/05-WMC/MU/MUsbj079.csv","update","1300","4","79","281881","283181"
"MU.osexp","C:\Users\Public\Experiments\IDs\05-WMC\MU","Tr6_update3.png","3","267059","C:/Users/Public/Experiments/IDs/05-WMC/MU/MUsbj079.csv","update","1300","4","79","283513","284813"
"MU.osexp","C:\Users\Public\Experiments\IDs\05-WMC\MU","Tr6_update4.png","3","267059","C:/Users/Public/Experiments/IDs/05-WMC/MU/MUsbj079.csv","update","1300","4","79","285137","286439"
"MU.osexp","C:\Users\Public\Experiments\IDs\05-WMC\MU","Tr6_update5.png","3","267059","C:/Users/Public/Experiments/IDs/05-WMC/MU/MUsbj079.csv","update","1300","4","79","286771","288071"
"MU.osexp","C:\Users\Public\Experiments\IDs\05-WMC\MU","Tr6_test1.png","6","292691","C:/Users/Public/Experiments/IDs/05-WMC/MU/MUsbj079.csv","test","0","4","79","288425","292692"
"MU.osexp","C:\Users\Public\Experiments\IDs\05-WMC\MU","Tr6_test2.png","6","294699","C:/Users/Public/Experiments/IDs/05-WMC/MU/MUsbj079.csv","test","0","4","79","293786","294700"
"MU.osexp","C:\Users\Public\Experiments\IDs\05-WMC\MU","Tr6_test3.png","8","296715","C:/Users/Public/Experiments/IDs/05-WMC/MU/MUsbj079.csv","test","0","4","79","295768","296716"
"MU.osexp","C:\Users\Public\Experiments\IDs\05-WMC\MU","Tr6_test4.png","3","298659","C:/Users/Public/Experiments/IDs/05-WMC/MU/MUsbj079.csv","test","0","4","79","297785","298660"
"MU.osexp","C:\Users\Public\Experiments\IDs\05-WMC\MU","wait.png","3","298659","C:/Users/Public/Experiments/IDs/05-WMC/MU/MUsbj079.csv","wait","5000","5","79","299743","298660"
"MU.osexp","C:\Users\Public\Experiments\IDs\05-WMC\MU","fixation.png","3","298659","C:/Users/Public/Experiments/IDs/05-WMC/MU/MUsbj079.csv","fix","1500","5","79","304830","298660"
"MU.osexp","C:\Users\Public\Experiments\IDs\05-WMC\MU","Tr7_study1.png","3","298659","C:/Users/Public/Experiments/IDs/05-WMC/MU/MUsbj079.csv","study","1000","5","79","306417","307418"
"MU.osexp","C:\Users\Public\Experiments\IDs\05-WMC\MU","Tr7_study2.png","3","298659","C:/Users/Public/Experiments/IDs/05-WMC/MU/MUsbj079.csv","study","1000","5","79","307752","308752"
"MU.osexp","C:\Users\Public\Experiments\IDs\05-WMC\MU","Tr7_study3.png","3","298659","C:/Users/Public/Experiments/IDs/05-WMC/MU/MUsbj079.csv","study","1000","5","79","309071","310071"
"MU.osexp","C:\Users\Public\Experiments\IDs\05-WMC\MU","Tr7_study4.png","3","298659","C:/Users/Public/Experiments/IDs/05-WMC/MU/MUsbj079.csv","study","1000","5","79","310394","311394"
"MU.osexp","C:\Users\Public\Experiments\IDs\05-WMC\MU","Tr7_study5.png","3","298659","C:/Users/Public/Experiments/IDs/05-WMC/MU/MUsbj079.csv","study","1000","5","79","311728","312728"
"MU.osexp","C:\Users\Public\Experiments\IDs\05-WMC\MU","Tr7_update1.png","3","298659","C:/Users/Public/Experiments/IDs/05-WMC/MU/MUsbj079.csv","update","1300","5","79","313068","314368"
"MU.osexp","C:\Users\Public\Experiments\IDs\05-WMC\MU","Tr7_update2.png","3","298659","C:/Users/Public/Experiments/IDs/05-WMC/MU/MUsbj079.csv","update","1300","5","79","314691","315991"
"MU.osexp","C:\Users\Public\Experiments\IDs\05-WMC\MU","Tr7_update3.png","3","298659","C:/Users/Public/Experiments/IDs/05-WMC/MU/MUsbj079.csv","update","1300","5","79","316318","317620"
"MU.osexp","C:\Users\Public\Experiments\IDs\05-WMC\MU","Tr7_update4.png","3","298659","C:/Users/Public/Experiments/IDs/05-WMC/MU/MUsbj079.csv","update","1300","5","79","317991","319292"
"MU.osexp","C:\Users\Public\Experiments\IDs\05-WMC\MU","Tr7_update5.png","3","298659","C:/Users/Public/Experiments/IDs/05-WMC/MU/MUsbj079.csv","update","1300","5","79","319637","320939"
"MU.osexp","C:\Users\Public\Experiments\IDs\05-WMC\MU","Tr7_test1.png","1","326507","C:/Users/Public/Experiments/IDs/05-WMC/MU/MUsbj079.csv","test","0","5","79","321256","326509"
"MU.osexp","C:\Users\Public\Experiments\IDs\05-WMC\MU","Tr7_test2.png","4","329115","C:/Users/Public/Experiments/IDs/05-WMC/MU/MUsbj079.csv","test","0","5","79","327593","329116"
"MU.osexp","C:\Users\Public\Experiments\IDs\05-WMC\MU","Tr7_test3.png","1","330987","C:/Users/Public/Experiments/IDs/05-WMC/MU/MUsbj079.csv","test","0","5","79","330193","330988"
"MU.osexp","C:\Users\Public\Experiments\IDs\05-WMC\MU","Tr7_test4.png","7","333227","C:/Users/Public/Experiments/IDs/05-WMC/MU/MUsbj079.csv","test","0","5","79","332060","333228"
"MU.osexp","C:\Users\Public\Experiments\IDs\05-WMC\MU","Tr7_test5.png","1","334771","C:/Users/Public/Experiments/IDs/05-WMC/MU/MUsbj079.csv","test","0","5","79","334403","334772"
"MU.osexp","C:\Users\Public\Experiments\IDs\05-WMC\MU","wait.png","1","334771","C:/Users/Public/Experiments/IDs/05-WMC/MU/MUsbj079.csv","wait","5000","4","79","335851","334772"
"MU.osexp","C:\Users\Public\Experiments\IDs\05-WMC\MU","fixation.png","1","334771","C:/Users/Public/Experiments/IDs/05-WMC/MU/MUsbj079.csv","fix","1500","4","79","340920","334772"
"MU.osexp","C:\Users\Public\Experiments\IDs\05-WMC\MU","Tr8_study1.png","1","334771","C:/Users/Public/Experiments/IDs/05-WMC/MU/MUsbj079.csv","study","1000","4","79","342515","343515"
"MU.osexp","C:\Users\Public\Experiments\IDs\05-WMC\MU","Tr8_study2.png","1","334771","C:/Users/Public/Experiments/IDs/05-WMC/MU/MUsbj079.csv","study","1000","4","79","343845","344846"
"MU.osexp","C:\Users\Public\Experiments\IDs\05-WMC\MU","Tr8_study3.png","1","334771","C:/Users/Public/Experiments/IDs/05-WMC/MU/MUsbj079.csv","study","1000","4","79","345181","346181"
"MU.osexp","C:\Users\Public\Experiments\IDs\05-WMC\MU","Tr8_study4.png","1","334771","C:/Users/Public/Experiments/IDs/05-WMC/MU/MUsbj079.csv","study","1000","4","79","346512","347512"
"MU.osexp","C:\Users\Public\Experiments\IDs\05-WMC\MU","Tr8_update1.png","1","334771","C:/Users/Public/Experiments/IDs/05-WMC/MU/MUsbj079.csv","update","1300","4","79","347847","349147"
"MU.osexp","C:\Users\Public\Experiments\IDs\05-WMC\MU","Tr8_update2.png","1","334771","C:/Users/Public/Experiments/IDs/05-WMC/MU/MUsbj079.csv","update","1300","4","79","349481","350782"
"MU.osexp","C:\Users\Public\Experiments\IDs\05-WMC\MU","Tr8_update3.png","1","334771","C:/Users/Public/Experiments/IDs/05-WMC/MU/MUsbj079.csv","update","1300","4","79","351112","352414"
"MU.osexp","C:\Users\Public\Experiments\IDs\05-WMC\MU","Tr8_test1.png","2","355139","C:/Users/Public/Experiments/IDs/05-WMC/MU/MUsbj079.csv","test","0","4","79","352745","355140"
"MU.osexp","C:\Users\Public\Experiments\IDs\05-WMC\MU","Tr8_test2.png","8","357491","C:/Users/Public/Experiments/IDs/05-WMC/MU/MUsbj079.csv","test","0","4","79","356213","357492"
"MU.osexp","C:\Users\Public\Experiments\IDs\05-WMC\MU","Tr8_test3.png","5","359475","C:/Users/Public/Experiments/IDs/05-WMC/MU/MUsbj079.csv","test","0","4","79","358566","359475"
"MU.osexp","C:\Users\Public\Experiments\IDs\05-WMC\MU","Tr8_test4.png","4","361348","C:/Users/Public/Experiments/IDs/05-WMC/MU/MUsbj079.csv","test","0","4","79","360567","361349"
"MU.osexp","C:\Users\Public\Experiments\IDs\05-WMC\MU","wait.png","4","361348","C:/Users/Public/Experiments/IDs/05-WMC/MU/MUsbj079.csv","wait","5000","5","79","362431","361349"
"MU.osexp","C:\Users\Public\Experiments\IDs\05-WMC\MU","fixation.png","4","361348","C:/Users/Public/Experiments/IDs/05-WMC/MU/MUsbj079.csv","fix","1500","5","79","367512","361349"
"MU.osexp","C:\Users\Public\Experiments\IDs\05-WMC\MU","Tr9_study1.png","4","361348","C:/Users/Public/Experiments/IDs/05-WMC/MU/MUsbj079.csv","study","1000","5","79","369096","370097"
"MU.osexp","C:\Users\Public\Experiments\IDs\05-WMC\MU","Tr9_study2.png","4","361348","C:/Users/Public/Experiments/IDs/05-WMC/MU/MUsbj079.csv","study","1000","5","79","370430","371432"
"MU.osexp","C:\Users\Public\Experiments\IDs\05-WMC\MU","Tr9_study3.png","4","361348","C:/Users/Public/Experiments/IDs/05-WMC/MU/MUsbj079.csv","study","1000","5","79","371767","372767"
"MU.osexp","C:\Users\Public\Experiments\IDs\05-WMC\MU","Tr9_study4.png","4","361348","C:/Users/Public/Experiments/IDs/05-WMC/MU/MUsbj079.csv","study","1000","5","79","373097","374100"
"MU.osexp","C:\Users\Public\Experiments\IDs\05-WMC\MU","Tr9_study5.png","4","361348","C:/Users/Public/Experiments/IDs/05-WMC/MU/MUsbj079.csv","study","1000","5","79","374432","375432"
"MU.osexp","C:\Users\Public\Experiments\IDs\05-WMC\MU","Tr9_update1.png","4","361348","C:/Users/Public/Experiments/IDs/05-WMC/MU/MUsbj079.csv","update","1300","5","79","375774","377075"
"MU.osexp","C:\Users\Public\Experiments\IDs\05-WMC\MU","Tr9_update2.png","4","361348","C:/Users/Public/Experiments/IDs/05-WMC/MU/MUsbj079.csv","update","1300","5","79","377391","378692"
"MU.osexp","C:\Users\Public\Experiments\IDs\05-WMC\MU","Tr9_test1.png","4","384491","C:/Users/Public/Experiments/IDs/05-WMC/MU/MUsbj079.csv","test","0","5","79","379025","384492"
"MU.osexp","C:\Users\Public\Experiments\IDs\05-WMC\MU","Tr9_test2.png","1","387131","C:/Users/Public/Experiments/IDs/05-WMC/MU/MUsbj079.csv","test","0","5","79","385592","387132"
"MU.osexp","C:\Users\Public\Experiments\IDs\05-WMC\MU","Tr9_test3.png","7","390563","C:/Users/Public/Experiments/IDs/05-WMC/MU/MUsbj079.csv","test","0","5","79","388264","390564"
"MU.osexp","C:\Users\Public\Experiments\IDs\05-WMC\MU","Tr9_test4.png","5","396460","C:/Users/Public/Experiments/IDs/05-WMC/MU/MUsbj079.csv","test","0","5","79","391644","396460"
"MU.osexp","C:\Users\Public\Experiments\IDs\05-WMC\MU","Tr9_test5.png","5","401699","C:/Users/Public/Experiments/IDs/05-WMC/MU/MUsbj079.csv","test","0","5","79","397541","401700"
"MU.osexp","C:\Users\Public\Experiments\IDs\05-WMC\MU","wait.png","5","401699","C:/Users/Public/Experiments/IDs/05-WMC/MU/MUsbj079.csv","wait","5000","3","79","402776","401700"
"MU.osexp","C:\Users\Public\Experiments\IDs\05-WMC\MU","fixation.png","5","401699","C:/Users/Public/Experiments/IDs/05-WMC/MU/MUsbj079.csv","fix","1500","3","79","407859","401700"
"MU.osexp","C:\Users\Public\Experiments\IDs\05-WMC\MU","Tr10_study1.png","5","401699","C:/Users/Public/Experiments/IDs/05-WMC/MU/MUsbj079.csv","study","1000","3","79","409493","410495"
"MU.osexp","C:\Users\Public\Experiments\IDs\05-WMC\MU","Tr10_study2.png","5","401699","C:/Users/Public/Experiments/IDs/05-WMC/MU/MUsbj079.csv","study","1000","3","79","410820","411820"
"MU.osexp","C:\Users\Public\Experiments\IDs\05-WMC\MU","Tr10_study3.png","5","401699","C:/Users/Public/Experiments/IDs/05-WMC/MU/MUsbj079.csv","study","1000","3","79","412133","413134"
"MU.osexp","C:\Users\Public\Experiments\IDs\05-WMC\MU","Tr10_update1.png","5","401699","C:/Users/Public/Experiments/IDs/05-WMC/MU/MUsbj079.csv","update","1300","3","79","413493","414794"
"MU.osexp","C:\Users\Public\Experiments\IDs\05-WMC\MU","Tr10_update2.png","5","401699","C:/Users/Public/Experiments/IDs/05-WMC/MU/MUsbj079.csv","update","1300","3","79","415109","416411"
"MU.osexp","C:\Users\Public\Experiments\IDs\05-WMC\MU","Tr10_test1.png","5","420675","C:/Users/Public/Experiments/IDs/05-WMC/MU/MUsbj079.csv","test","0","3","79","416756","420676"
"MU.osexp","C:\Users\Public\Experiments\IDs\05-WMC\MU","Tr10_test2.png","7","422859","C:/Users/Public/Experiments/IDs/05-WMC/MU/MUsbj079.csv","test","0","3","79","421745","422860"
"MU.osexp","C:\Users\Public\Experiments\IDs\05-WMC\MU","Tr10_test3.png","5","424363","C:/Users/Public/Experiments/IDs/05-WMC/MU/MUsbj079.csv","test","0","3","79","423934","424364"
"MU.osexp","C:\Users\Public\Experiments\IDs\05-WMC\MU","wait.png","5","424363","C:/Users/Public/Experiments/IDs/05-WMC/MU/MUsbj079.csv","wait","5000","5","79","425462","424364"
"MU.osexp","C:\Users\Public\Experiments\IDs\05-WMC\MU","fixation.png","5","424363","C:/Users/Public/Experiments/IDs/05-WMC/MU/MUsbj079.csv","fix","1500","5","79","430544","424364"
"MU.osexp","C:\Users\Public\Experiments\IDs\05-WMC\MU","Tr11_study1.png","5","424363","C:/Users/Public/Experiments/IDs/05-WMC/MU/MUsbj079.csv","study","1000","5","79","432126","433126"
"MU.osexp","C:\Users\Public\Experiments\IDs\05-WMC\MU","Tr11_study2.png","5","424363","C:/Users/Public/Experiments/IDs/05-WMC/MU/MUsbj079.csv","study","1000","5","79","433448","434448"
"MU.osexp","C:\Users\Public\Experiments\IDs\05-WMC\MU","Tr11_study3.png","5","424363","C:/Users/Public/Experiments/IDs/05-WMC/MU/MUsbj079.csv","study","1000","5","79","434790","435790"
"MU.osexp","C:\Users\Public\Experiments\IDs\05-WMC\MU","Tr11_study4.png","5","424363","C:/Users/Public/Experiments/IDs/05-WMC/MU/MUsbj079.csv","study","1000","5","79","436119","437121"
"MU.osexp","C:\Users\Public\Experiments\IDs\05-WMC\MU","Tr11_study5.png","5","424363","C:/Users/Public/Experiments/IDs/05-WMC/MU/MUsbj079.csv","study","1000","5","79","437452","438453"
"MU.osexp","C:\Users\Public\Experiments\IDs\05-WMC\MU","Tr11_update1.png","5","424363","C:/Users/Public/Experiments/IDs/05-WMC/MU/MUsbj079.csv","update","1300","5","79","438783","440083"
"MU.osexp","C:\Users\Public\Experiments\IDs\05-WMC\MU","Tr11_update2.png","5","424363","C:/Users/Public/Experiments/IDs/05-WMC/MU/MUsbj079.csv","update","1300","5","79","440414","441714"
"MU.osexp","C:\Users\Public\Experiments\IDs\05-WMC\MU","Tr11_update3.png","5","424363","C:/Users/Public/Experiments/IDs/05-WMC/MU/MUsbj079.csv","update","1300","5","79","442045","443345"
"MU.osexp","C:\Users\Public\Experiments\IDs\05-WMC\MU","Tr11_test1.png","1","445835","C:/Users/Public/Experiments/IDs/05-WMC/MU/MUsbj079.csv","test","0","5","79","443661","445836"
"MU.osexp","C:\Users\Public\Experiments\IDs\05-WMC\MU","Tr11_test2.png","2","447988","C:/Users/Public/Experiments/IDs/05-WMC/MU/MUsbj079.csv","test","0","5","79","446913","447988"
"MU.osexp","C:\Users\Public\Experiments\IDs\05-WMC\MU","Tr11_test3.png","8","450787","C:/Users/Public/Experiments/IDs/05-WMC/MU/MUsbj079.csv","test","0","5","79","449064","450788"
"MU.osexp","C:\Users\Public\Experiments\IDs\05-WMC\MU","Tr11_test4.png","6","452771","C:/Users/Public/Experiments/IDs/05-WMC/MU/MUsbj079.csv","test","0","5","79","451862","452772"
"MU.osexp","C:\Users\Public\Experiments\IDs\05-WMC\MU","Tr11_test5.png","8","455467","C:/Users/Public/Experiments/IDs/05-WMC/MU/MUsbj079.csv","test","0","5","79","453854","455468"
"MU.osexp","C:\Users\Public\Experiments\IDs\05-WMC\MU","wait.png","8","455467","C:/Users/Public/Experiments/IDs/05-WMC/MU/MUsbj079.csv","wait","5000","3","79","456547","455468"
"MU.osexp","C:\Users\Public\Experiments\IDs\05-WMC\MU","fixation.png","8","455467","C:/Users/Public/Experiments/IDs/05-WMC/MU/MUsbj079.csv","fix","1500","3","79","461628","455468"
"MU.osexp","C:\Users\Public\Experiments\IDs\05-WMC\MU","Tr12_study1.png","8","455467","C:/Users/Public/Experiments/IDs/05-WMC/MU/MUsbj079.csv","study","1000","3","79","463202","464202"
"MU.osexp","C:\Users\Public\Experiments\IDs\05-WMC\MU","Tr12_study2.png","8","455467","C:/Users/Public/Experiments/IDs/05-WMC/MU/MUsbj079.csv","study","1000","3","79","464519","465520"
"MU.osexp","C:\Users\Public\Experiments\IDs\05-WMC\MU","Tr12_study3.png","8","455467","C:/Users/Public/Experiments/IDs/05-WMC/MU/MUsbj079.csv","study","1000","3","79","465866","466867"
"MU.osexp","C:\Users\Public\Experiments\IDs\05-WMC\MU","Tr12_update1.png","8","455467","C:/Users/Public/Experiments/IDs/05-WMC/MU/MUsbj079.csv","update","1300","3","79","467217","468519"
"MU.osexp","C:\Users\Public\Experiments\IDs\05-WMC\MU","Tr12_update2.png","8","455467","C:/Users/Public/Experiments/IDs/05-WMC/MU/MUsbj079.csv","update","1300","3","79","468865","470165"
"MU.osexp","C:\Users\Public\Experiments\IDs\05-WMC\MU","Tr12_update3.png","8","455467","C:/Users/Public/Experiments/IDs/05-WMC/MU/MUsbj079.csv","update","1300","3","79","470496","471798"
"MU.osexp","C:\Users\Public\Experiments\IDs\05-WMC\MU","Tr12_update4.png","8","455467","C:/Users/Public/Experiments/IDs/05-WMC/MU/MUsbj079.csv","update","1300","3","79","472123","473425"
"MU.osexp","C:\Users\Public\Experiments\IDs\05-WMC\MU","Tr12_update5.png","8","455467","C:/Users/Public/Experiments/IDs/05-WMC/MU/MUsbj079.csv","update","1300","3","79","473738","475039"
"MU.osexp","C:\Users\Public\Experiments\IDs\05-WMC\MU","Tr12_test1.png","4","479643","C:/Users/Public/Experiments/IDs/05-WMC/MU/MUsbj079.csv","test","0","3","79","475357","479644"
"MU.osexp","C:\Users\Public\Experiments\IDs\05-WMC\MU","Tr12_test2.png","9","482323","C:/Users/Public/Experiments/IDs/05-WMC/MU/MUsbj079.csv","test","0","3","79","480749","482323"
"MU.osexp","C:\Users\Public\Experiments\IDs\05-WMC\MU","Tr12_test3.png","6","483580","C:/Users/Public/Experiments/IDs/05-WMC/MU/MUsbj079.csv","test","0","3","79","483420","483581"
"MU.osexp","C:\Users\Public\Experiments\IDs\05-WMC\MU","wait.png","6","483580","C:/Users/Public/Experiments/IDs/05-WMC/MU/MUsbj079.csv","wait","5000","3","79","484662","483581"
"MU.osexp","C:\Users\Public\Experiments\IDs\05-WMC\MU","fixation.png","6","483580","C:/Users/Public/Experiments/IDs/05-WMC/MU/MUsbj079.csv","fix","1500","3","79","489722","483581"
"MU.osexp","C:\Users\Public\Experiments\IDs\05-WMC\MU","Tr13_study1.png","6","483580","C:/Users/Public/Experiments/IDs/05-WMC/MU/MUsbj079.csv","study","1000","3","79","491313","492314"
"MU.osexp","C:\Users\Public\Experiments\IDs\05-WMC\MU","Tr13_study2.png","6","483580","C:/Users/Public/Experiments/IDs/05-WMC/MU/MUsbj079.csv","study","1000","3","79","492692","493692"
"MU.osexp","C:\Users\Public\Experiments\IDs\05-WMC\MU","Tr13_study3.png","6","483580","C:/Users/Public/Experiments/IDs/05-WMC/MU/MUsbj079.csv","study","1000","3","79","494019","495019"
"MU.osexp","C:\Users\Public\Experiments\IDs\05-WMC\MU","Tr13_update1.png","6","483580","C:/Users/Public/Experiments/IDs/05-WMC/MU/MUsbj079.csv","update","1300","3","79","495331","496633"
"MU.osexp","C:\Users\Public\Experiments\IDs\05-WMC\MU","Tr13_update2.png","6","483580","C:/Users/Public/Experiments/IDs/05-WMC/MU/MUsbj079.csv","update","1300","3","79","496948","498249"
"MU.osexp","C:\Users\Public\Experiments\IDs\05-WMC\MU","Tr13_update3.png","6","483580","C:/Users/Public/Experiments/IDs/05-WMC/MU/MUsbj079.csv","update","1300","3","79","498580","499881"
"MU.osexp","C:\Users\Public\Experiments\IDs\05-WMC\MU","Tr13_update4.png","6","483580","C:/Users/Public/Experiments/IDs/05-WMC/MU/MUsbj079.csv","update","1300","3","79","500201","501501"
"MU.osexp","C:\Users\Public\Experiments\IDs\05-WMC\MU","Tr13_test1.png","3","504579","C:/Users/Public/Experiments/IDs/05-WMC/MU/MUsbj079.csv","test","0","3","79","501931","504580"
"MU.osexp","C:\Users\Public\Experiments\IDs\05-WMC\MU","Tr13_test2.png","1","506571","C:/Users/Public/Experiments/IDs/05-WMC/MU/MUsbj079.csv","test","0","3","79","505772","506572"
"MU.osexp","C:\Users\Public\Experiments\IDs\05-WMC\MU","Tr13_test3.png","5","508107","C:/Users/Public/Experiments/IDs/05-WMC/MU/MUsbj079.csv","test","0","3","79","507651","508108"
"MU.osexp","C:\Users\Public\Experiments\IDs\05-WMC\MU","wait.png","5","508107","C:/Users/Public/Experiments/IDs/05-WMC/MU/MUsbj079.csv","wait","5000","5","79","509189","508108"
"MU.osexp","C:\Users\Public\Experiments\IDs\05-WMC\MU","fixation.png","5","508107","C:/Users/Public/Experiments/IDs/05-WMC/MU/MUsbj079.csv","fix","1500","5","79","514281","508108"
"MU.osexp","C:\Users\Public\Experiments\IDs\05-WMC\MU","Tr14_study1.png","5","508107","C:/Users/Public/Experiments/IDs/05-WMC/MU/MUsbj079.csv","study","1000","5","79","516003","517003"
"MU.osexp","C:\Users\Public\Experiments\IDs\05-WMC\MU","Tr14_study2.png","5","508107","C:/Users/Public/Experiments/IDs/05-WMC/MU/MUsbj079.csv","study","1000","5","79","517340","518342"
"MU.osexp","C:\Users\Public\Experiments\IDs\05-WMC\MU","Tr14_study3.png","5","508107","C:/Users/Public/Experiments/IDs/05-WMC/MU/MUsbj079.csv","study","1000","5","79","518676","519676"
"MU.osexp","C:\Users\Public\Experiments\IDs\05-WMC\MU","Tr14_study4.png","5","508107","C:/Users/Public/Experiments/IDs/05-WMC/MU/MUsbj079.csv","study","1000","5","79","520003","521004"
"MU.osexp","C:\Users\Public\Experiments\IDs\05-WMC\MU","Tr14_study5.png","5","508107","C:/Users/Public/Experiments/IDs/05-WMC/MU/MUsbj079.csv","study","1000","5","79","521335","522335"
"MU.osexp","C:\Users\Public\Experiments\IDs\05-WMC\MU","Tr14_update1.png","5","508107","C:/Users/Public/Experiments/IDs/05-WMC/MU/MUsbj079.csv","update","1300","5","79","522660","523961"
"MU.osexp","C:\Users\Public\Experiments\IDs\05-WMC\MU","Tr14_update2.png","5","508107","C:/Users/Public/Experiments/IDs/05-WMC/MU/MUsbj079.csv","update","1300","5","79","524421","525722"
"MU.osexp","C:\Users\Public\Experiments\IDs\05-WMC\MU","Tr14_update3.png","5","508107","C:/Users/Public/Experiments/IDs/05-WMC/MU/MUsbj079.csv","update","1300","5","79","526085","527385"
"MU.osexp","C:\Users\Public\Experiments\IDs\05-WMC\MU","Tr14_update4.png","5","508107","C:/Users/Public/Experiments/IDs/05-WMC/MU/MUsbj079.csv","update","1300","5","79","527712","529012"
"MU.osexp","C:\Users\Public\Experiments\IDs\05-WMC\MU","Tr14_test1.png","1","535924","C:/Users/Public/Experiments/IDs/05-WMC/MU/MUsbj079.csv","test","0","5","79","529339","535925"
"MU.osexp","C:\Users\Public\Experiments\IDs\05-WMC\MU","Tr14_test2.png","7","538020","C:/Users/Public/Experiments/IDs/05-WMC/MU/MUsbj079.csv","test","0","5","79","536987","538020"
"MU.osexp","C:\Users\Public\Experiments\IDs\05-WMC\MU","Tr14_test3.png","1","540059","C:/Users/Public/Experiments/IDs/05-WMC/MU/MUsbj079.csv","test","0","5","79","539107","540060"
"MU.osexp","C:\Users\Public\Experiments\IDs\05-WMC\MU","Tr14_test4.png","5","542059","C:/Users/Public/Experiments/IDs/05-WMC/MU/MUsbj079.csv","test","0","5","79","541121","542060"
"MU.osexp","C:\Users\Public\Experiments\IDs\05-WMC\MU","Tr14_test5.png","8","543499","C:/Users/Public/Experiments/IDs/05-WMC/MU/MUsbj079.csv","test","0","5","79","543145","543500"
"MU.osexp","C:\Users\Public\Experiments\IDs\05-WMC\MU","wait.png","8","543499","C:/Users/Public/Experiments/IDs/05-WMC/MU/MUsbj079.csv","wait","5000","4","79","544610","543500"
"MU.osexp","C:\Users\Public\Experiments\IDs\05-WMC\MU","fixation.png","8","543499","C:/Users/Public/Experiments/IDs/05-WMC/MU/MUsbj079.csv","fix","1500","4","79","549691","543500"
"MU.osexp","C:\Users\Public\Experiments\IDs\05-WMC\MU","Tr15_study1.png","8","543499","C:/Users/Public/Experiments/IDs/05-WMC/MU/MUsbj079.csv","study","1000","4","79","551268","552269"
"MU.osexp","C:\Users\Public\Experiments\IDs\05-WMC\MU","Tr15_study2.png","8","543499","C:/Users/Public/Experiments/IDs/05-WMC/MU/MUsbj079.csv","study","1000","4","79","552682","553684"
"MU.osexp","C:\Users\Public\Experiments\IDs\05-WMC\MU","Tr15_study3.png","8","543499","C:/Users/Public/Experiments/IDs/05-WMC/MU/MUsbj079.csv","study","1000","4","79","553998","554998"
"MU.osexp","C:\Users\Public\Experiments\IDs\05-WMC\MU","Tr15_study4.png","8","543499","C:/Users/Public/Experiments/IDs/05-WMC/MU/MUsbj079.csv","study","1000","4","79","555346","556346"
"MU.osexp","C:\Users\Public\Experiments\IDs\05-WMC\MU","Tr15_update1.png","8","543499","C:/Users/Public/Experiments/IDs/05-WMC/MU/MUsbj079.csv","update","1300","4","79","556676","557978"
"MU.osexp","C:\Users\Public\Experiments\IDs\05-WMC\MU","Tr15_update2.png","8","543499","C:/Users/Public/Experiments/IDs/05-WMC/MU/MUsbj079.csv","update","1300","4","79","558315","559616"
"MU.osexp","C:\Users\Public\Experiments\IDs\05-WMC\MU","Tr15_update3.png","8","543499","C:/Users/Public/Experiments/IDs/05-WMC/MU/MUsbj079.csv","update","1300","4","79","559939","561241"
"MU.osexp","C:\Users\Public\Experiments\IDs\05-WMC\MU","Tr15_update4.png","8","543499","C:/Users/Public/Experiments/IDs/05-WMC/MU/MUsbj079.csv","update","1300","4","79","561564","562864"
"MU.osexp","C:\Users\Public\Experiments\IDs\05-WMC\MU","Tr15_update5.png","8","543499","C:/Users/Public/Experiments/IDs/05-WMC/MU/MUsbj079.csv","update","1300","4","79","563181","564483"
"MU.osexp","C:\Users\Public\Experiments\IDs\05-WMC\MU","Tr15_update6.png","8","543499","C:/Users/Public/Experiments/IDs/05-WMC/MU/MUsbj079.csv","update","1300","4","79","564823","566123"
"MU.osexp","C:\Users\Public\Experiments\IDs\05-WMC\MU","Tr15_test1.png","9","573980","C:/Users/Public/Experiments/IDs/05-WMC/MU/MUsbj079.csv","test","0","4","79","566447","573980"
"MU.osexp","C:\Users\Public\Experiments\IDs\05-WMC\MU","Tr15_test2.png","7","577475","C:/Users/Public/Experiments/IDs/05-WMC/MU/MUsbj079.csv","test","0","4","79","575050","577476"
"MU.osexp","C:\Users\Public\Experiments\IDs\05-WMC\MU","Tr15_test3.png","8","580155","C:/Users/Public/Experiments/IDs/05-WMC/MU/MUsbj079.csv","test","0","4","79","578559","580156"
"MU.osexp","C:\Users\Public\Experiments\IDs\05-WMC\MU","Tr15_test4.png","1","581755","C:/Users/Public/Experiments/IDs/05-WMC/MU/MUsbj079.csv","test","0","4","79","581243","581756"
"MU.osexp","C:\Users\Public\Experiments\IDs\05-WMC\MU","wait.png","1","581755","C:/Users/Public/Experiments/IDs/05-WMC/MU/MUsbj079.csv","wait","5000","4","79","582833","581756"
"MU.osexp","C:\Users\Public\Experiments\IDs\05-WMC\MU","fixation.png","1","581755","C:/Users/Public/Experiments/IDs/05-WMC/MU/MUsbj079.csv","fix","1500","4","79","587909","581756"
"MU.osexp","C:\Users\Public\Experiments\IDs\05-WMC\MU","Tr16_study1.png","1","581755","C:/Users/Public/Experiments/IDs/05-WMC/MU/MUsbj079.csv","study","1000","4","79","589478","590479"
"MU.osexp","C:\Users\Public\Experiments\IDs\05-WMC\MU","Tr16_study2.png","1","581755","C:/Users/Public/Experiments/IDs/05-WMC/MU/MUsbj079.csv","study","1000","4","79","590810","591812"
"MU.osexp","C:\Users\Public\Experiments\IDs\05-WMC\MU","Tr16_study3.png","1","581755","C:/Users/Public/Experiments/IDs/05-WMC/MU/MUsbj079.csv","study","1000","4","79","592147","593147"
"MU.osexp","C:\Users\Public\Experiments\IDs\05-WMC\MU","Tr16_study4.png","1","581755","C:/Users/Public/Experiments/IDs/05-WMC/MU/MUsbj079.csv","study","1000","4","79","593488","594488"
"MU.osexp","C:\Users\Public\Experiments\IDs\05-WMC\MU","Tr16_update1.png","1","581755","C:/Users/Public/Experiments/IDs/05-WMC/MU/MUsbj079.csv","update","1300","4","79","594804","596104"
"MU.osexp","C:\Users\Public\Experiments\IDs\05-WMC\MU","Tr16_update2.png","1","581755","C:/Users/Public/Experiments/IDs/05-WMC/MU/MUsbj079.csv","update","1300","4","79","596437","597737"
"MU.osexp","C:\Users\Public\Experiments\IDs\05-WMC\MU","Tr16_test1.png","9","602235","C:/Users/Public/Experiments/IDs/05-WMC/MU/MUsbj079.csv","test","0","4","79","598069","602236"
"MU.osexp","C:\Users\Public\Experiments\IDs\05-WMC\MU","Tr16_test2.png","7","608700","C:/Users/Public/Experiments/IDs/05-WMC/MU/MUsbj079.csv","test","0","4","79","603316","608700"
"MU.osexp","C:\Users\Public\Experiments\IDs\05-WMC\MU","Tr16_test3.png","9","617027","C:/Users/Public/Experiments/IDs/05-WMC/MU/MUsbj079.csv","test","0","4","79","609771","617028"
"MU.osexp","C:\Users\Public\Experiments\IDs\05-WMC\MU","Tr16_test4.png","7","619195","C:/Users/Public/Experiments/IDs/05-WMC/MU/MUsbj079.csv","test","0","4","79","618100","619196"
"MU.osexp","C:\Users\Public\Experiments\IDs\05-WMC\MU","wait.png","7","619195","C:/Users/Public/Experiments/IDs/05-WMC/MU/MUsbj079.csv","wait","5000","5","79","620277","619196"
"MU.osexp","C:\Users\Public\Experiments\IDs\05-WMC\MU","fixation.png","7","619195","C:/Users/Public/Experiments/IDs/05-WMC/MU/MUsbj079.csv","fix","1500","5","79","625344","619196"
"MU.osexp","C:\Users\Public\Experiments\IDs\05-WMC\MU","Tr17_study1.png","7","619195","C:/Users/Public/Experiments/IDs/05-WMC/MU/MUsbj079.csv","study","1000","5","79","626939","627939"
"MU.osexp","C:\Users\Public\Experiments\IDs\05-WMC\MU","Tr17_study2.png","7","619195","C:/Users/Public/Experiments/IDs/05-WMC/MU/MUsbj079.csv","study","1000","5","79","628277","629277"
"MU.osexp","C:\Users\Public\Experiments\IDs\05-WMC\MU","Tr17_study3.png","7","619195","C:/Users/Public/Experiments/IDs/05-WMC/MU/MUsbj079.csv","study","1000","5","79","629610","630610"
"MU.osexp","C:\Users\Public\Experiments\IDs\05-WMC\MU","Tr17_study4.png","7","619195","C:/Users/Public/Experiments/IDs/05-WMC/MU/MUsbj079.csv","study","1000","5","79","630941","631941"
"MU.osexp","C:\Users\Public\Experiments\IDs\05-WMC\MU","Tr17_study5.png","7","619195","C:/Users/Public/Experiments/IDs/05-WMC/MU/MUsbj079.csv","study","1000","5","79","632268","633269"
"MU.osexp","C:\Users\Public\Experiments\IDs\05-WMC\MU","Tr17_update1.png","7","619195","C:/Users/Public/Experiments/IDs/05-WMC/MU/MUsbj079.csv","update","1300","5","79","633596","634896"
"MU.osexp","C:\Users\Public\Experiments\IDs\05-WMC\MU","Tr17_update2.png","7","619195","C:/Users/Public/Experiments/IDs/05-WMC/MU/MUsbj079.csv","update","1300","5","79","635212","636512"
"MU.osexp","C:\Users\Public\Experiments\IDs\05-WMC\MU","Tr17_update3.png","7","619195","C:/Users/Public/Experiments/IDs/05-WMC/MU/MUsbj079.csv","update","1300","5","79","636850","638152"
"MU.osexp","C:\Users\Public\Experiments\IDs\05-WMC\MU","Tr17_update4.png","7","619195","C:/Users/Public/Experiments/IDs/05-WMC/MU/MUsbj079.csv","update","1300","5","79","638504","639804"
"MU.osexp","C:\Users\Public\Experiments\IDs\05-WMC\MU","Tr17_update5.png","7","619195","C:/Users/Public/Experiments/IDs/05-WMC/MU/MUsbj079.csv","update","1300","5","79","640130","641430"
"MU.osexp","C:\Users\Public\Experiments\IDs\05-WMC\MU","Tr17_update6.png","7","619195","C:/Users/Public/Experiments/IDs/05-WMC/MU/MUsbj079.csv","update","1300","5","79","641763","643065"
"MU.osexp","C:\Users\Public\Experiments\IDs\05-WMC\MU","Tr17_test1.png","2","661196","C:/Users/Public/Experiments/IDs/05-WMC/MU/MUsbj079.csv","test","0","5","79","643381","661197"
"MU.osexp","C:\Users\Public\Experiments\IDs\05-WMC\MU","Tr17_test2.png","1","664499","C:/Users/Public/Experiments/IDs/05-WMC/MU/MUsbj079.csv","test","0","5","79","662281","664500"
"MU.osexp","C:\Users\Public\Experiments\IDs\05-WMC\MU","Tr17_test3.png","4","666915","C:/Users/Public/Experiments/IDs/05-WMC/MU/MUsbj079.csv","test","0","5","79","665589","666916"
"MU.osexp","C:\Users\Public\Experiments\IDs\05-WMC\MU","Tr17_test4.png","9","669171","C:/Users/Public/Experiments/IDs/05-WMC/MU/MUsbj079.csv","test","0","5","79","667997","669172"
"MU.osexp","C:\Users\Public\Experiments\IDs\05-WMC\MU","Tr17_test5.png","9","671027","C:/Users/Public/Experiments/IDs/05-WMC/MU/MUsbj079.csv","test","0","5","79","670266","671028"
